Orbital,Index,r,Vnuc_r,Veff_r,P,Q,P_ref1,Q_ref1,P_ref2,Q_ref2
Lu_1s12,0,1.40845070E-08,-1.178053E-02,8.875546E+06,3.407529E-05,-9.754895E-10,0,0,0,0
Lu_1s12,1,1.54458033E-08,-1.291915E-02,8.093335E+06,3.736809E-05,-1.173028E-09,0,0,0,0
Lu_1s12,2,1.69386420E-08,-1.416778E-02,7.380075E+06,4.097909E-05,-1.410599E-09,0,0,0,0
Lu_1s12,3,1.85757639E-08,-1.553710E-02,6.729675E+06,4.493909E-05,-1.696318E-09,0,0,0,0
Lu_1s12,4,2.03710783E-08,-1.703873E-02,6.136605E+06,4.928176E-05,-2.039933E-09,0,0,0,0
Lu_1s12,5,2.23399067E-08,-1.868550E-02,5.595802E+06,5.404414E-05,-2.453181E-09,0,0,0,0
Lu_1s12,6,2.44990189E-08,-2.049142E-02,5.102660E+06,5.926676E-05,-2.950171E-09,0,0,0,0
Lu_1s12,7,2.68667586E-08,-2.247184E-02,4.652986E+06,6.499406E-05,-3.547859E-09,0,0,0,0
Lu_1s12,8,2.94633317E-08,-2.464366E-02,4.242940E+06,7.127487E-05,-4.266659E-09,0,0,0,0
Lu_1s12,9,3.23108539E-08,-2.702537E-02,3.869030E+06,7.816266E-05,-5.131112E-09,0,0,0,0
Lu_1s12,10,3.54335170E-08,-2.963723E-02,3.528078E+06,8.571601E-05,-6.170707E-09,0,0,0,0
Lu_1s12,11,3.88579005E-08,-3.250144E-02,3.217179E+06,9.399924E-05,-7.420928E-09,0,0,0,0
Lu_1s12,12,4.26132991E-08,-3.564252E-02,2.933671E+06,1.030830E-04,-8.924502E-09,0,0,0,0
Lu_1s12,13,4.67314733E-08,-3.908704E-02,2.675157E+06,1.130445E-04,-1.073266E-08,0,0,0,0
Lu_1s12,14,5.12476303E-08,-4.286443E-02,2.439424E+06,1.239685E-04,-1.290719E-08,0,0,0,0
Lu_1s12,15,5.62002313E-08,-4.700687E-02,2.224464E+06,1.359482E-04,-1.552231E-08,0,0,0,0
Lu_1s12,16,6.16312403E-08,-5.154947E-02,2.028454E+06,1.490853E-04,-1.866718E-08,0,0,0,0
Lu_1s12,17,6.75872020E-08,-5.653114E-02,1.849713E+06,1.634919E-04,-2.244930E-08,0,0,0,0
Lu_1s12,18,7.41184821E-08,-6.199401E-02,1.686728E+06,1.792904E-04,-2.699754E-08,0,0,0,0
Lu_1s12,19,8.12809116E-08,-6.798480E-02,1.538105E+06,1.966154E-04,-3.246729E-08,0,0,0,0
Lu_1s12,20,8.91353265E-08,-7.455437E-02,1.402580E+06,2.156144E-04,-3.904509E-08,0,0,0,0
Lu_1s12,21,9.77487367E-08,-8.175877E-02,1.278998E+06,2.364491E-04,-4.695557E-08,0,0,0,0
Lu_1s12,22,1.07194113E-07,-8.965905E-02,1.166308E+06,2.592964E-04,-5.646833E-08,0,0,0,0
Lu_1s12,23,1.17552189E-07,-9.832272E-02,1.063548E+06,2.843513E-04,-6.790832E-08,0,0,0,0
Lu_1s12,24,1.28910932E-07,-1.078234E-01,9.698439E+05,3.118267E-04,-8.166569E-08,0,0,0,0
Lu_1s12,25,1.41366993E-07,-1.182418E-01,8.843975E+05,3.419564E-04,-9.820981E-08,0,0,0,0
Lu_1s12,26,1.55026355E-07,-1.296667E-01,8.064811E+05,3.749968E-04,-1.181051E-07,0,0,0,0
Lu_1s12,27,1.70005236E-07,-1.421953E-01,7.354308E+05,4.112289E-04,-1.420304E-07,0,0,0,0
Lu_1s12,28,1.86431075E-07,-1.559342E-01,6.706415E+05,4.509610E-04,-1.708017E-07,0,0,0,0
Lu_1s12,29,2.04443616E-07,-1.710001E-01,6.115614E+05,4.945311E-04,-2.054006E-07,0,0,0,0
Lu_1s12,30,2.24195708E-07,-1.875211E-01,5.576882E+05,5.423094E-04,-2.470065E-07,0,0,0,0
Lu_1s12,31,2.45856126E-07,-2.056382E-01,5.085611E+05,5.947031E-04,-2.970402E-07,0,0,0,0
Lu_1s12,32,2.69608304E-07,-2.255048E-01,4.637636E+05,6.521568E-04,-3.572061E-07,0,0,0,0
Lu_1s12,33,2.95654667E-07,-2.472904E-01,4.229133E+05,7.151598E-04,-4.295574E-07,0,0,0,0
Lu_1s12,34,3.24216193E-07,-2.711796E-01,3.856629E+05,7.842470E-04,-5.165596E-07,0,0,0,0
Lu_1s12,35,3.55536886E-07,-2.973766E-01,3.516939E+05,8.600072E-04,-6.211833E-07,0,0,0,0
Lu_1s12,36,3.89881261E-07,-3.261026E-01,3.207189E+05,9.430824E-04,-7.469896E-07,0,0,0,0
Lu_1s12,37,4.27542511E-07,-3.576028E-01,2.924728E+05,1.034180E-03,-8.982719E-07,0,0,0,0
Lu_1s12,38,4.68840899E-07,-3.921450E-01,2.667152E+05,1.134075E-03,-1.080188E-06,0,0,0,0
Lu_1s12,39,5.14125814E-07,-4.300215E-01,2.432277E+05,1.243614E-03,-1.298933E-06,0,0,0,0
Lu_1s12,40,5.63783777E-07,-4.715555E-01,2.218092E+05,1.363730E-03,-1.561969E-06,0,0,0,0
Lu_1s12,41,6.18235912E-07,-5.170992E-01,2.022780E+05,1.495442E-03,-1.878256E-06,0,0,0,0
Lu_1s12,42,6.77944859E-07,-5.670395E-01,1.844676E+05,1.639870E-03,-2.258574E-06,0,0,0,0
Lu_1s12,43,7.43417883E-07,-6.218005E-01,1.682263E+05,1.798239E-03,-2.715881E-06,0,0,0,0
Lu_1s12,44,8.15209759E-07,-6.818461E-01,1.534163E+05,1.971895E-03,-3.265746E-06,0,0,0,0
Lu_1s12,45,8.93933023E-07,-7.476885E-01,1.399107E+05,2.162313E-03,-3.926923E-06,0,0,0,0
Lu_1s12,46,9.80253329E-07,-8.198841E-01,1.275952E+05,2.371108E-03,-4.721910E-06,0,0,0,0
Lu_1s12,47,1.07490332E-06,-8.990456E-01,1.163648E+05,2.600051E-03,-5.677776E-06,0,0,0,0
Lu_1s12,48,1.17868778E-06,-9.858455E-01,1.061239E+05,2.851087E-03,-6.827082E-06,0,0,0,0
Lu_1s12,49,1.29248727E-06,-1.081020E+00,9.678516E+04,3.126346E-03,-8.208956E-06,0,0,0,0
Lu_1s12,50,1.41726642E-06,-1.185375E+00,8.826928E+04,3.428161E-03,-9.870422E-06,0,0,0,0
Lu_1s12,51,1.55408252E-06,-1.299794E+00,8.050382E+04,3.759091E-03,-1.186801E-05,0,0,0,0
Lu_1s12,52,1.70409879E-06,-1.425248E+00,7.342252E+04,4.121943E-03,-1.426972E-05,0,0,0,0
Lu_1s12,53,1.86858481E-06,-1.562798E+00,6.696524E+04,4.519790E-03,-1.715723E-05,0,0,0,0
Lu_1s12,54,2.04893518E-06,-1.713608E+00,6.107702E+04,4.956004E-03,-2.062873E-05,0,0,0,0
Lu_1s12,55,2.24667680E-06,-1.878953E+00,5.570778E+04,5.434276E-03,-2.480225E-05,0,0,0,0
Lu_1s12,56,2.46348896E-06,-2.060232E+00,5.081174E+04,5.958662E-03,-2.981971E-05,0,0,0,0
Lu_1s12,57,2.70120429E-06,-2.258975E+00,4.634735E+04,6.533593E-03,-3.585155E-05,0,0,0,0
Lu_1s12,58,2.96183615E-06,-2.476857E+00,4.227659E+04,7.163933E-03,-4.310266E-05,0,0,0,0
Lu_1s12,59,3.24759167E-06,-2.715716E+00,3.856484E+04,7.855013E-03,-5.181931E-05,0,0,0,0
Lu_1s12,60,3.56088877E-06,-2.977564E+00,3.518053E+04,8.612671E-03,-6.229738E-05,0,0,0,0
Lu_1s12,61,3.90437587E-06,-3.264600E+00,3.209488E+04,9.443302E-03,-7.489230E-05,0,0,0,0
Lu_1s12,62,4.28096072E-06,-3.579235E+00,2.928164E+04,1.035392E-02,-9.003130E-05,0,0,0,0
Lu_1s12,63,4.69382455E-06,-3.924105E+00,2.671690E+04,1.135220E-02,-1.082274E-04,0,0,0,0
Lu_1s12,64,5.14645651E-06,-4.302092E+00,2.437886E+04,1.244655E-02,-1.300969E-04,0,0,0,0
Lu_1s12,65,5.64267994E-06,-4.716348E+00,2.224764E+04,1.364618E-02,-1.563802E-04,0,0,0,0
Lu_1s12,66,6.18668621E-06,-5.170318E+00,2.030512E+04,1.496118E-02,-1.879660E-04,0,0,0,0
Lu_1s12,67,6.78306446E-06,-5.667761E+00,1.853481E+04,1.640257E-02,-2.259215E-04,0,0,0,0
Lu_1s12,68,7.43684772E-06,-6.212780E+00,1.692167E+04,1.798245E-02,-2.715280E-04,0,0,0,0
Lu_1s12,69,8.15354812E-06,-6.809847E+00,1.545200E+04,1.971403E-02,-3.263226E-04,0,0,0,0
Lu_1s12,70,8.93920529E-06,-7.463830E+00,1.411334E+04,2.161175E-02,-3.921500E-04,0,0,0,0
Lu_1s12,71,9.80043817E-06,-8.180023E+00,1.289434E+04,2.369144E-02,-4.712221E-04,0,0,0,0
Lu_1s12,72,1.07444991E-05,-8.964176E+00,1.178467E+04,2.597036E-02,-5.661914E-04,0,0,0,0
Lu_1s12,73,1.17793295E-05,-9.822511E+00,1.077495E+04,2.846737E-02,-6.802353E-04,0,0,0,0
Lu_1s12,74,1.29136348E-05,-1.076176E+01,9.856670E+03,3.120305E-02,-8.171604E-04,0,0,0,0
Lu_1s12,75,1.41569462E-05,-1.178916E+01,9.022100E+03,3.419986E-02,-9.815216E-04,0,0,0,0
Lu_1s12,76,1.55197075E-05,-1.291250E+01,8.264256E+03,3.748225E-02,-1.178767E-03,0,0,0,0
Lu_1s12,77,1.70133553E-05,-1.414009E+01,7.576839E+03,4.107684E-02,-1.415403E-03,0,0,0,0
Lu_1s12,78,1.86504207E-05,-1.548074E+01,6.954218E+03,4.501256E-02,-1.699199E-03,0,0,0,0
Lu_1s12,79,2.04446227E-05,-1.694375E+01,6.391260E+03,4.932077E-02,-2.039410E-03,0,0,0,0
Lu_1s12,80,2.24109875E-05,-1.853882E+01,5.883520E+03,5.403547E-02,-2.447049E-03,0,0,0,0
Lu_1s12,81,2.45659712E-05,-2.027593E+01,5.427284E+03,5.919337E-02,-2.935194E-03,0,0,0,0
Lu_1s12,82,2.69275913E-05,-2.216516E+01,5.018870E+03,6.483400E-02,-3.519333E-03,0,0,0,0
Lu_1s12,83,2.95155769E-05,-2.421648E+01,4.655748E+03,7.099984E-02,-4.217761E-03,0,0,0,0
Lu_1s12,84,3.23515278E-05,-2.643933E+01,4.335897E+03,7.773630E-02,-5.052006E-03,0,0,0,0
Lu_1s12,85,3.54590885E-05,-2.884216E+01,4.057607E+03,8.509171E-02,-6.047289E-03,0,0,0,0
Lu_1s12,86,3.88641460E-05,-3.143171E+01,3.820346E+03,9.311726E-02,-7.232993E-03,0,0,0,0
Lu_1s12,87,4.25950311E-05,-3.421206E+01,3.624447E+03,1.018667E-01,-8.643119E-03,0,0,0,0
Lu_1s12,88,4.66827539E-05,-3.718335E+01,3.471129E+03,1.113963E-01,-1.031666E-02,0,0,0,0
Lu_1s12,89,5.11612515E-05,-4.034008E+01,3.363171E+03,1.217640E-01,-1.229785E-02,0,0,0,0
Lu_1s12,90,5.60676589E-05,-4.366875E+01,3.305270E+03,1.330294E-01,-1.463613E-02,0,0,0,0
Lu_1s12,91,6.14426048E-05,-4.714482E+01,3.304220E+03,1.452528E-01,-1.738565E-02,0,0,0,0
Lu_1s12,92,6.73305476E-05,-5.072868E+01,3.369675E+03,1.584947E-01,-2.060419E-02,0,0,0,0
Lu_1s12,93,7.37801101E-05,-5.436047E+01,3.514640E+03,1.728156E-01,-2.435089E-02,0,0,0,0
Lu_1s12,94,8.08444839E-05,-5.795353E+01,3.754473E+03,1.882759E-01,-2.868268E-02,0,0,0,0
Lu_1s12,95,8.85818410E-05,-6.138718E+01,4.100158E+03,2.049373E-01,-3.364847E-02,0,0,0,0
Lu_1s12,96,9.70557919E-05,-6.450115E+01,4.524009E+03,2.228662E-01,-3.928102E-02,0,0,0,0
Lu_1s12,97,1.06335888E-04,-6.710130E+01,4.857000E+03,2.421370E-01,-4.558655E-02,0,0,0,0
Lu_1s12,98,1.16498167E-04,-6.900239E+01,4.750119E+03,2.628265E-01,-5.253546E-02,0,0,0,0
Lu_1s12,99,1.27625740E-04,-7.013925E+01,4.025015E+03,2.850205E-01,-6.006454E-02,0,0,0,0
Lu_1s12,100,1.39809443E-04,-7.066706E+01,3.032300E+03,3.088615E-01,-6.810277E-02,0,0,0,0
Lu_1s12,101,1.53148538E-04,-7.085775E+01,2.271314E+03,3.345171E-01,-7.660764E-02,0,0,0,0
Lu_1s12,102,1.67751469E-04,-7.091153E+01,1.846331E+03,3.621203E-01,-8.557852E-02,0,0,0,0
Lu_1s12,103,1.83736702E-04,-7.092048E+01,1.599612E+03,3.918073E-01,-9.504462E-02,0,0,0,0
Lu_1s12,104,2.01233621E-04,-7.091667E+01,1.417322E+03,4.237355E-01,-1.050503E-01,0,0,0,0
Lu_1s12,105,2.20383511E-04,-7.090932E+01,1.261348E+03,4.580745E-01,-1.156470E-01,0,0,0,0
Lu_1s12,106,2.41340621E-04,-7.090062E+01,1.121533E+03,4.950026E-01,-1.268901E-01,0,0,0,0
Lu_1s12,107,2.64273321E-04,-7.089098E+01,9.949151E+02,5.347075E-01,-1.388376E-01,0,0,0,0
Lu_1s12,108,2.89365355E-04,-7.088039E+01,8.801391E+02,5.773868E-01,-1.515502E-01,0,0,0,0
Lu_1s12,109,3.16817200E-04,-7.086877E+01,7.761826E+02,6.232487E-01,-1.650912E-01,0,0,0,0
Lu_1s12,110,3.46847541E-04,-7.085603E+01,6.821310E+02,6.725118E-01,-1.795262E-01,0,0,0,0
Lu_1s12,111,3.79694864E-04,-7.084207E+01,5.971467E+02,7.254055E-01,-1.949235E-01,0,0,0,0
Lu_1s12,112,4.15619192E-04,-7.082677E+01,5.204620E+02,7.821691E-01,-2.113540E-01,0,0,0,0
Lu_1s12,113,4.54903944E-04,-7.080999E+01,4.513737E+02,8.430521E-01,-2.288908E-01,0,0,0,0
Lu_1s12,114,4.97857967E-04,-7.079161E+01,3.892361E+02,9.083130E-01,-2.476095E-01,0,0,0,0
Lu_1s12,115,5.44817717E-04,-7.077148E+01,3.334560E+02,9.782187E-01,-2.675876E-01,0,0,0,0
Lu_1s12,116,5.96149619E-04,-7.074942E+01,2.834875E+02,1.053043E+00,-2.889043E-01,0,0,0,0
Lu_1s12,117,6.52252617E-04,-7.072526E+01,2.388273E+02,1.133065E+00,-3.116399E-01,0,0,0,0
Lu_1s12,118,7.13560914E-04,-7.069881E+01,1.990107E+02,1.218568E+00,-3.358755E-01,0,0,0,0
Lu_1s12,119,7.80546942E-04,-7.066985E+01,1.636079E+02,1.309834E+00,-3.616923E-01,0,0,0,0
Lu_1s12,120,8.53724541E-04,-7.063816E+01,1.322209E+02,1.407146E+00,-3.891705E-01,0,0,0,0
Lu_1s12,121,9.33652389E-04,-7.060348E+01,1.044807E+02,1.510778E+00,-4.183882E-01,0,0,0,0
Lu_1s12,122,1.02093769E-03,-7.056555E+01,8.004505E+01,1.620995E+00,-4.494204E-01,0,0,0,0
Lu_1s12,123,1.11624013E-03,-7.052407E+01,5.859603E+01,1.738045E+00,-4.823375E-01,0,0,0,0
Lu_1s12,124,1.22027613E-03,-7.047871E+01,3.983878E+01,1.862155E+00,-5.172034E-01,0,0,0,0
Lu_1s12,125,1.33382338E-03,-7.042915E+01,2.349988E+01,1.993523E+00,-5.540733E-01,0,0,0,0
Lu_1s12,126,1.45772573E-03,-7.037500E+01,9.326127E+00,2.132306E+00,-5.929918E-01,0,0,0,0
Lu_1s12,127,1.59289840E-03,-7.031586E+01,-2.916405E+00,2.278618E+00,-6.339896E-01,0,0,0,0
Lu_1s12,128,1.74033353E-03,-7.025132E+01,-1.344328E+01,2.432510E+00,-6.770812E-01,0,0,0,0
Lu_1s12,129,1.90110615E-03,-7.018089E+01,-2.245243E+01,2.593967E+00,-7.222606E-01,0,0,0,0
Lu_1s12,130,2.07638050E-03,-7.010410E+01,-3.012491E+01,2.762888E+00,-7.694985E-01,0,0,0,0
Lu_1s12,131,2.26741677E-03,-7.002042E+01,-3.662553E+01,2.939072E+00,-8.187372E-01,0,0,0,0
Lu_1s12,132,2.47557828E-03,-6.992927E+01,-4.210360E+01,3.122206E+00,-8.698866E-01,0,0,0,0
Lu_1s12,133,2.70233906E-03,-6.983007E+01,-4.669358E+01,3.311842E+00,-9.228195E-01,0,0,0,0
Lu_1s12,134,2.94929195E-03,-6.972219E+01,-5.051592E+01,3.507385E+00,-9.773663E-01,0,0,0,0
Lu_1s12,135,3.21815711E-03,-6.960495E+01,-5.367778E+01,3.708068E+00,-1.033310E+00,0,0,0,0
Lu_1s12,136,3.51079106E-03,-6.947767E+01,-5.627394E+01,3.912941E+00,-1.090380E+00,0,0,0,0
Lu_1s12,137,3.82919619E-03,-6.933960E+01,-5.838764E+01,4.120844E+00,-1.148250E+00,0,0,0,0
Lu_1s12,138,4.17553074E-03,-6.918999E+01,-6.009153E+01,4.330396E+00,-1.206529E+00,0,0,0,0
Lu_1s12,139,4.55211944E-03,-6.902805E+01,-6.144855E+01,4.539980E+00,-1.264761E+00,0,0,0,0
Lu_1s12,140,4.96146447E-03,-6.885296E+01,-6.251288E+01,4.747729E+00,-1.322420E+00,0,0,0,0
Lu_1s12,141,5.40625706E-03,-6.866388E+01,-6.333086E+01,4.951518E+00,-1.378910E+00,0,0,0,0
Lu_1s12,142,5.88938963E-03,-6.845996E+01,-6.394180E+01,5.148970E+00,-1.433561E+00,0,0,0,0
Lu_1s12,143,6.41396839E-03,-6.824032E+01,-6.437887E+01,5.337453E+00,-1.485637E+00,0,0,0,0
Lu_1s12,144,6.98332646E-03,-6.800407E+01,-6.466984E+01,5.514106E+00,-1.534336E+00,0,0,0,0
Lu_1s12,145,7.60103751E-03,-6.775030E+01,-6.483782E+01,5.675859E+00,-1.578802E+00,0,0,0,0
Lu_1s12,146,8.27092988E-03,-6.747811E+01,-6.490189E+01,5.819480E+00,-1.618132E+00,0,0,0,0
Lu_1s12,147,8.99710118E-03,-6.718657E+01,-6.487768E+01,5.941624E+00,-1.651397E+00,0,0,0,0
Lu_1s12,148,9.78393329E-03,-6.687474E+01,-6.477793E+01,6.038910E+00,-1.677659E+00,0,0,0,0
Lu_1s12,149,1.06361078E-02,-6.654167E+01,-6.461289E+01,6.108005E+00,-1.695996E+00,0,0,0,0
Lu_1s12,150,1.15586218E-02,-6.618641E+01,-6.439076E+01,6.145726E+00,-1.705530E+00,0,0,0,0
Lu_1s12,151,1.25568040E-02,-6.580796E+01,-6.411802E+01,6.149157E+00,-1.705464E+00,0,0,0,0
Lu_1s12,152,1.36363313E-02,-6.540535E+01,-6.379971E+01,6.115784E+00,-1.695296E+00,0,0,0,0
Lu_1s12,153,1.48032451E-02,-6.497756E+01,-6.343968E+01,6.043623E+00,-1.674337E+00,0,0,0,0
Lu_1s12,154,1.60639684E-02,-6.452362E+01,-6.304086E+01,5.931368E+00,-1.642245E+00,0,0,0,0
Lu_1s12,155,1.74253227E-02,-6.404254E+01,-6.260539E+01,5.778515E+00,-1.598903E+00,0,0,0,0
Lu_1s12,156,1.88945447E-02,-6.353341E+01,-6.213477E+01,5.585488E+00,-1.544455E+00,0,0,0,0
Lu_1s12,157,2.04793037E-02,-6.299539E+01,-6.163009E+01,5.353733E+00,-1.479328E+00,0,0,0,0
Lu_1s12,158,2.21877176E-02,-6.242773E+01,-6.109207E+01,5.085773E+00,-1.404248E+00,0,0,0,0
Lu_1s12,159,2.40283703E-02,-6.182981E+01,-6.052116E+01,4.785226E+00,-1.320243E+00,0,0,0,0
Lu_1s12,160,2.60103273E-02,-6.120111E+01,-5.991767E+01,4.456767E+00,-1.228632E+00,0,0,0,0
Lu_1s12,161,2.81431521E-02,-6.054115E+01,-5.928175E+01,4.106028E+00,-1.130995E+00,0,0,0,0
Lu_1s12,162,3.04369210E-02,-5.984944E+01,-5.861345E+01,3.739435E+00,-1.029127E+00,0,0,0,0
Lu_1s12,163,3.29022384E-02,-5.912547E+01,-5.791265E+01,3.363991E+00,-9.249742E-01,0,0,0,0
Lu_1s12,164,3.55502504E-02,-5.836870E+01,-5.717917E+01,2.987002E+00,-8.205608E-01,0,0,0,0
Lu_1s12,165,3.83926583E-02,-5.757864E+01,-5.641276E+01,2.615770E+00,-7.179007E-01,0,0,0,0
Lu_1s12,166,4.14417311E-02,-5.675496E+01,-5.561322E+01,2.257265E+00,-6.189085E-01,0,0,0,0
Lu_1s12,167,4.47103165E-02,-5.589759E+01,-5.478053E+01,1.917801E+00,-5.253110E-01,0,0,0,0
Lu_1s12,168,4.82118514E-02,-5.500674E+01,-5.391492E+01,1.602748E+00,-4.385686E-01,0,0,0,0
Lu_1s12,169,5.19603709E-02,-5.408297E+01,-5.301688E+01,1.316298E+00,-3.598124E-01,0,0,0,0
Lu_1s12,170,5.59705163E-02,-5.312708E+01,-5.208717E+01,1.061304E+00,-2.898026E-01,0,0,0,0
Lu_1s12,171,6.02575411E-02,-5.214002E+01,-5.112669E+01,8.392177E-01,-2.289122E-01,0,0,0,0
Lu_1s12,172,6.48373163E-02,-5.112282E+01,-5.013644E+01,6.501214E-01,-1.771383E-01,0,0,0,0
Lu_1s12,173,6.97263340E-02,-5.007654E+01,-4.911743E+01,4.928536E-01,-1.341381E-01,0,0,0,0
Lu_1s12,174,7.49417091E-02,-4.900230E+01,-4.807073E+01,3.652133E-01,-9.928640E-02,0,0,0,0
Lu_1s12,175,8.05011798E-02,-4.790126E+01,-4.699747E+01,2.642197E-01,-7.174804E-02,0,0,0,0
Lu_1s12,176,8.64231061E-02,-4.677502E+01,-4.589918E+01,1.863981E-01,-5.055689E-02,0,0,0,0
Lu_1s12,177,9.27264671E-02,-4.562538E+01,-4.477757E+01,1.280639E-01,-3.469369E-02,0,0,0,0
Lu_1s12,178,9.94308562E-02,-4.445469E+01,-4.363489E+01,8.557668E-02,-2.315547E-02,0,0,0,0
Lu_1s12,179,1.06556475E-01,-4.326541E+01,-4.247351E+01,5.554512E-02,-1.501085E-02,0,0,0,0
Lu_1s12,180,1.14124124E-01,-4.205996E+01,-4.129577E+01,3.497038E-02,-9.438539E-03,0,0,0,0
Lu_1s12,181,1.22155196E-01,-4.084052E+01,-4.010381E+01,2.132577E-02,-5.748218E-03,0,0,0,0
Lu_1s12,182,1.30671661E-01,-3.960930E+01,-3.889979E+01,1.257852E-02,-3.385749E-03,0,0,0,0
Lu_1s12,183,1.39696055E-01,-3.836869E+01,-3.768605E+01,7.165217E-03,-1.925819E-03,0,0,0,0
Lu_1s12,184,1.49251467E-01,-3.712155E+01,-3.646541E+01,3.935897E-03,-1.056194E-03,0,0,0,0
Lu_1s12,185,1.59361522E-01,-3.587132E+01,-3.524120E+01,2.081601E-03,-5.576331E-04,0,0,0,0
Lu_1s12,186,1.70050362E-01,-3.462150E+01,-3.401689E+01,1.058280E-03,-2.829579E-04,0,0,0,0
Lu_1s12,187,1.81342630E-01,-3.337542E+01,-3.279572E+01,5.163546E-04,-1.377638E-04,0,0,0,0
Lu_1s12,188,1.93263449E-01,-3.213569E+01,-3.158030E+01,2.413907E-04,-6.424496E-05,0,0,0,0
Lu_1s12,189,2.05838402E-01,-3.090408E+01,-3.037233E+01,1.079402E-04,-2.864585E-05,0,0,0,0
Lu_1s12,190,2.19093507E-01,-2.968140E+01,-2.917261E+01,4.608769E-05,-1.219006E-05,0,0,0,0
Lu_1s12,191,2.33055201E-01,-2.846816E+01,-2.798166E+01,1.875683E-05,-4.941346E-06,0,0,0,0
Lu_1s12,192,2.47750307E-01,-2.726489E+01,-2.679996E+01,7.263113E-06,-1.904242E-06,0,0,0,0
Lu_1s12,193,2.63206019E-01,-2.607291E+01,-2.562885E+01,2.671005E-06,-6.962115E-07,0,0,0,0
Lu_1s12,194,2.79449870E-01,-2.489435E+01,-2.447042E+01,9.310991E-07,-2.409704E-07,0,0,0,0
Lu_1s12,195,2.96509710E-01,-2.373169E+01,-2.332713E+01,3.070776E-07,-7.877697E-08,0,0,0,0
Lu_1s12,196,3.14413681E-01,-2.258696E+01,-2.220100E+01,9.562492E-08,-2.426578E-08,0,0,0,0
Lu_1s12,197,3.33190188E-01,-2.146130E+01,-2.109320E+01,2.805953E-08,-7.024481E-09,0,0,0,0
Lu_1s12,198,3.52867877E-01,-2.035548E+01,-2.000453E+01,7.742186E-09,-1.905555E-09,0,0,0,0
Lu_1s12,199,3.73475605E-01,-1.927067E+01,-1.893617E+01,2.004368E-09,-4.828811E-10,0,0,0,0
Lu_1s12,200,3.95042416E-01,-1.820943E+01,-1.789069E+01,4.857832E-10,-1.881620E-10,0,0,0,0
Lu_1s12,201,4.17597515E-01,-1.717551E+01,-1.687185E+01,1.099608E-10,1.659181E-10,0,0,0,0
Lu_2p12,0,1.40845070E-08,-1.178053E-02,8.875546E+06,8.974587E-11,2.992263E-06,0,0,0,0
Lu_2p12,1,1.54458033E-08,-1.291915E-02,8.093335E+06,1.078777E-10,3.281518E-06,0,0,0,0
Lu_2p12,2,1.69386420E-08,-1.416778E-02,7.380075E+06,1.296883E-10,3.598676E-06,0,0,0,0
Lu_2p12,3,1.85757639E-08,-1.553710E-02,6.729675E+06,1.559231E-10,3.946493E-06,0,0,0,0
Lu_2p12,4,2.03710783E-08,-1.703873E-02,6.136605E+06,1.874777E-10,4.327929E-06,0,0,0,0
Lu_2p12,5,2.23399067E-08,-1.868550E-02,5.595802E+06,2.254299E-10,4.746193E-06,0,0,0,0
Lu_2p12,6,2.44990189E-08,-2.049142E-02,5.102660E+06,2.710758E-10,5.204911E-06,0,0,0,0
Lu_2p12,7,2.68667586E-08,-2.247184E-02,4.652986E+06,3.259736E-10,5.707961E-06,0,0,0,0
Lu_2p12,8,2.94633317E-08,-2.464366E-02,4.242940E+06,3.919980E-10,6.259578E-06,0,0,0,0
Lu_2p12,9,3.23108539E-08,-2.702537E-02,3.869030E+06,4.714030E-10,6.864538E-06,0,0,0,0
Lu_2p12,10,3.54335170E-08,-2.963723E-02,3.528078E+06,5.668991E-10,7.528014E-06,0,0,0,0
Lu_2p12,11,3.88579005E-08,-3.250144E-02,3.217179E+06,6.817462E-10,8.255495E-06,0,0,0,0
Lu_2p12,12,4.26132991E-08,-3.564252E-02,2.933671E+06,8.198660E-10,9.053319E-06,0,0,0,0
Lu_2p12,13,4.67314733E-08,-3.908704E-02,2.675157E+06,9.859710E-10,9.928318E-06,0,0,0,0
Lu_2p12,14,5.12476303E-08,-4.286443E-02,2.439424E+06,1.185733E-09,1.088771E-05,0,0,0,0
Lu_2p12,15,5.62002313E-08,-4.700687E-02,2.224464E+06,1.425969E-09,1.193996E-05,0,0,0,0
Lu_2p12,16,6.16312403E-08,-5.154947E-02,2.028454E+06,1.714878E-09,1.309380E-05,0,0,0,0
Lu_2p12,17,6.75872020E-08,-5.653114E-02,1.849713E+06,2.062324E-09,1.435910E-05,0,0,0,0
Lu_2p12,18,7.41184821E-08,-6.199401E-02,1.686728E+06,2.480159E-09,1.574679E-05,0,0,0,0
Lu_2p12,19,8.12809116E-08,-6.798480E-02,1.538105E+06,2.982647E-09,1.726842E-05,0,0,0,0
Lu_2p12,20,8.91353265E-08,-7.455437E-02,1.402580E+06,3.586935E-09,1.893707E-05,0,0,0,0
Lu_2p12,21,9.77487367E-08,-8.175877E-02,1.278998E+06,4.313646E-09,2.076704E-05,0,0,0,0
Lu_2p12,22,1.07194113E-07,-8.965905E-02,1.166308E+06,5.187570E-09,2.277383E-05,0,0,0,0
Lu_2p12,23,1.17552189E-07,-9.832272E-02,1.063548E+06,6.238537E-09,2.497431E-05,0,0,0,0
Lu_2p12,24,1.28910932E-07,-1.078234E-01,9.698439E+05,7.502401E-09,2.738755E-05,0,0,0,0
Lu_2p12,25,1.41366993E-07,-1.182418E-01,8.843975E+05,9.022283E-09,3.003390E-05,0,0,0,0
Lu_2p12,26,1.55026355E-07,-1.296667E-01,8.064811E+05,1.085004E-08,3.293588E-05,0,0,0,0
Lu_2p12,27,1.70005236E-07,-1.421953E-01,7.354308E+05,1.304802E-08,3.611819E-05,0,0,0,0
Lu_2p12,28,1.86431075E-07,-1.559342E-01,6.706415E+05,1.569121E-08,3.960785E-05,0,0,0,0
Lu_2p12,29,2.04443616E-07,-1.710001E-01,6.115614E+05,1.886977E-08,4.343487E-05,0,0,0,0
Lu_2p12,30,2.24195708E-07,-1.875211E-01,5.576882E+05,2.269210E-08,4.763125E-05,0,0,0,0
Lu_2p12,31,2.45856126E-07,-2.056382E-01,5.085611E+05,2.728861E-08,5.223287E-05,0,0,0,0
Lu_2p12,32,2.69608304E-07,-2.255048E-01,4.637636E+05,3.281603E-08,5.727928E-05,0,0,0,0
Lu_2p12,33,2.95654667E-07,-2.472904E-01,4.229133E+05,3.946288E-08,6.281305E-05,0,0,0,0
Lu_2p12,34,3.24216193E-07,-2.711796E-01,3.856629E+05,4.745579E-08,6.888078E-05,0,0,0,0
Lu_2p12,35,3.55536886E-07,-2.973766E-01,3.516939E+05,5.706739E-08,7.553479E-05,0,0,0,0
Lu_2p12,36,3.89881261E-07,-3.261026E-01,3.207189E+05,6.862523E-08,8.283201E-05,0,0,0,0
Lu_2p12,37,4.27542511E-07,-3.576028E-01,2.924728E+05,8.252347E-08,9.083248E-05,0,0,0,0
Lu_2p12,38,4.68840899E-07,-3.921450E-01,2.667152E+05,9.923591E-08,9.960667E-05,0,0,0,0
Lu_2p12,39,5.14125814E-07,-4.300215E-01,2.432277E+05,1.193320E-07,1.092280E-04,0,0,0,0
Lu_2p12,40,5.63783777E-07,-4.715555E-01,2.218092E+05,1.434970E-07,1.197774E-04,0,0,0,0
Lu_2p12,41,6.18235912E-07,-5.170992E-01,2.022780E+05,1.725542E-07,1.313459E-04,0,0,0,0
Lu_2p12,42,6.77944859E-07,-5.670395E-01,1.844676E+05,2.074938E-07,1.440310E-04,0,0,0,0
Lu_2p12,43,7.43417883E-07,-6.218005E-01,1.682263E+05,2.495063E-07,1.579415E-04,0,0,0,0
Lu_2p12,44,8.15209759E-07,-6.818461E-01,1.534163E+05,3.000227E-07,1.731936E-04,0,0,0,0
Lu_2p12,45,8.93933023E-07,-7.476885E-01,1.399107E+05,3.607644E-07,1.899171E-04,0,0,0,0
Lu_2p12,46,9.80253329E-07,-8.198841E-01,1.275952E+05,4.337996E-07,2.082573E-04,0,0,0,0
Lu_2p12,47,1.07490332E-06,-8.990456E-01,1.163648E+05,5.216153E-07,2.283659E-04,0,0,0,0
Lu_2p12,48,1.17868778E-06,-9.858455E-01,1.061239E+05,6.272021E-07,2.504139E-04,0,0,0,0
Lu_2p12,49,1.29248727E-06,-1.081020E+00,9.678516E+04,7.541543E-07,2.745899E-04,0,0,0,0
Lu_2p12,50,1.41726642E-06,-1.185375E+00,8.826928E+04,9.067930E-07,3.010998E-04,0,0,0,0
Lu_2p12,51,1.55408252E-06,-1.299794E+00,8.050382E+04,1.090312E-06,3.301656E-04,0,0,0,0
Lu_2p12,52,1.70409879E-06,-1.425248E+00,7.342252E+04,1.310957E-06,3.620342E-04,0,0,0,0
Lu_2p12,53,1.86858481E-06,-1.562798E+00,6.696524E+04,1.576233E-06,3.969781E-04,0,0,0,0
Lu_2p12,54,2.04893518E-06,-1.713608E+00,6.107702E+04,1.895161E-06,4.352924E-04,0,0,0,0
Lu_2p12,55,2.24667680E-06,-1.878953E+00,5.570778E+04,2.278585E-06,4.772992E-04,0,0,0,0
Lu_2p12,56,2.46348896E-06,-2.060232E+00,5.081174E+04,2.739539E-06,5.233551E-04,0,0,0,0
Lu_2p12,57,2.70120429E-06,-2.258975E+00,4.634735E+04,3.293687E-06,5.738533E-04,0,0,0,0
Lu_2p12,58,2.96183615E-06,-2.476857E+00,4.227659E+04,3.959853E-06,6.292168E-04,0,0,0,0
Lu_2p12,59,3.24759167E-06,-2.715716E+00,3.856484E+04,4.760660E-06,6.899144E-04,0,0,0,0
Lu_2p12,60,3.56088877E-06,-2.977564E+00,3.518053E+04,5.723290E-06,7.564611E-04,0,0,0,0
Lu_2p12,61,3.90437587E-06,-3.264600E+00,3.209488E+04,6.880405E-06,8.294166E-04,0,0,0,0
Lu_2p12,62,4.28096072E-06,-3.579235E+00,2.928164E+04,8.271249E-06,9.093962E-04,0,0,0,0
Lu_2p12,63,4.69382455E-06,-3.924105E+00,2.671690E+04,9.942962E-06,9.970769E-04,0,0,0,0
Lu_2p12,64,5.14645651E-06,-4.302092E+00,2.437886E+04,1.195217E-05,1.093195E-03,0,0,0,0
Lu_2p12,65,5.64267994E-06,-4.716348E+00,2.224764E+04,1.436689E-05,1.198559E-03,0,0,0,0
Lu_2p12,66,6.18668621E-06,-5.170318E+00,2.030512E+04,1.726880E-05,1.314056E-03,0,0,0,0
Lu_2p12,67,6.78306446E-06,-5.667761E+00,1.853481E+04,2.075594E-05,1.440656E-03,0,0,0,0
Lu_2p12,68,7.43684772E-06,-6.212780E+00,1.692167E+04,2.494605E-05,1.579417E-03,0,0,0,0
Lu_2p12,69,8.15354812E-06,-6.809847E+00,1.545200E+04,2.998040E-05,1.731503E-03,0,0,0,0
Lu_2p12,70,8.93920529E-06,-7.463830E+00,1.411334E+04,3.602847E-05,1.898183E-03,0,0,0,0
Lu_2p12,71,9.80043817E-06,-8.180023E+00,1.289434E+04,4.329359E-05,2.080842E-03,0,0,0,0
Lu_2p12,72,1.07444991E-05,-8.964176E+00,1.178467E+04,5.201950E-05,2.281001E-03,0,0,0,0
Lu_2p12,73,1.17793295E-05,-9.822511E+00,1.077495E+04,6.249830E-05,2.500314E-03,0,0,0,0
Lu_2p12,74,1.29136348E-05,-1.076176E+01,9.856670E+03,7.507989E-05,2.740589E-03,0,0,0,0
Lu_2p12,75,1.41569462E-05,-1.178916E+01,9.022100E+03,9.018306E-05,3.003798E-03,0,0,0,0
Lu_2p12,76,1.55197075E-05,-1.291250E+01,8.264256E+03,1.083087E-04,3.292091E-03,0,0,0,0
Lu_2p12,77,1.70133553E-05,-1.414009E+01,7.576839E+03,1.300555E-04,3.607801E-03,0,0,0,0
Lu_2p12,78,1.86504207E-05,-1.548074E+01,6.954218E+03,1.561378E-04,3.953470E-03,0,0,0,0
Lu_2p12,79,2.04446227E-05,-1.694375E+01,6.391260E+03,1.874074E-04,4.331856E-03,0,0,0,0
Lu_2p12,80,2.24109875E-05,-1.853882E+01,5.883520E+03,2.248780E-04,4.745940E-03,0,0,0,0
Lu_2p12,81,2.45659712E-05,-2.027593E+01,5.427284E+03,2.697539E-04,5.198945E-03,0,0,0,0
Lu_2p12,82,2.69275913E-05,-2.216516E+01,5.018870E+03,3.234622E-04,5.694344E-03,0,0,0,0
Lu_2p12,83,2.95155769E-05,-2.421648E+01,4.655748E+03,3.876894E-04,6.235866E-03,0,0,0,0
Lu_2p12,84,3.23515278E-05,-2.643933E+01,4.335897E+03,4.644217E-04,6.827497E-03,0,0,0,0
Lu_2p12,85,3.54590885E-05,-2.884216E+01,4.057607E+03,5.559885E-04,7.473479E-03,0,0,0,0
Lu_2p12,86,3.88641460E-05,-3.143171E+01,3.820346E+03,6.651067E-04,8.178305E-03,0,0,0,0
Lu_2p12,87,4.25950311E-05,-3.421206E+01,3.624447E+03,7.949250E-04,8.946699E-03,0,0,0,0
Lu_2p12,88,4.66827539E-05,-3.718335E+01,3.471129E+03,9.490624E-04,9.783583E-03,0,0,0,0
Lu_2p12,89,5.11612515E-05,-4.034008E+01,3.363171E+03,1.131634E-03,1.069406E-02,0,0,0,0
Lu_2p12,90,5.60676589E-05,-4.366875E+01,3.305270E+03,1.347256E-03,1.168335E-02,0,0,0,0
Lu_2p12,91,6.14426048E-05,-4.714482E+01,3.304220E+03,1.601012E-03,1.275675E-02,0,0,0,0
Lu_2p12,92,6.73305476E-05,-5.072868E+01,3.369675E+03,1.898360E-03,1.391957E-02,0,0,0,0
Lu_2p12,93,7.37801101E-05,-5.436047E+01,3.514640E+03,2.244954E-03,1.517715E-02,0,0,0,0
Lu_2p12,94,8.08444839E-05,-5.795353E+01,3.754473E+03,2.646333E-03,1.653486E-02,0,0,0,0
Lu_2p12,95,8.85818410E-05,-6.138718E+01,4.100158E+03,3.107440E-03,1.799839E-02,0,0,0,0
Lu_2p12,96,9.70557919E-05,-6.450115E+01,4.524009E+03,3.631916E-03,1.957376E-02,0,0,0,0
Lu_2p12,97,1.06335888E-04,-6.710130E+01,4.857000E+03,4.221175E-03,2.126519E-02,0,0,0,0
Lu_2p12,98,1.16498167E-04,-6.900239E+01,4.750119E+03,4.873381E-03,2.307578E-02,0,0,0,0
Lu_2p12,99,1.27625740E-04,-7.013925E+01,4.025015E+03,5.583726E-03,2.502193E-02,0,0,0,0
Lu_2p12,100,1.39809443E-04,-7.066706E+01,3.032300E+03,6.347751E-03,2.712604E-02,0,0,0,0
Lu_2p12,101,1.53148538E-04,-7.085775E+01,2.271314E+03,7.164174E-03,2.939077E-02,0,0,0,0
Lu_2p12,102,1.67751469E-04,-7.091153E+01,1.846331E+03,8.034938E-03,3.181830E-02,0,0,0,0
Lu_2p12,103,1.83736702E-04,-7.092048E+01,1.599612E+03,8.964886E-03,3.442799E-02,0,0,0,0
Lu_2p12,104,2.01233621E-04,-7.091667E+01,1.417322E+03,9.960851E-03,3.723909E-02,0,0,0,0
Lu_2p12,105,2.20383511E-04,-7.090932E+01,1.261348E+03,1.103082E-02,4.026662E-02,0,0,0,0
Lu_2p12,106,2.41340621E-04,-7.090062E+01,1.121533E+03,1.218365E-02,4.352603E-02,0,0,0,0
Lu_2p12,107,2.64273321E-04,-7.089098E+01,9.949151E+02,1.342915E-02,4.703421E-02,0,0,0,0
Lu_2p12,108,2.89365355E-04,-7.088039E+01,8.801391E+02,1.477815E-02,5.080939E-02,0,0,0,0
Lu_2p12,109,3.16817200E-04,-7.086877E+01,7.761826E+02,1.624270E-02,5.487098E-02,0,0,0,0
Lu_2p12,110,3.46847541E-04,-7.085603E+01,6.821310E+02,1.783621E-02,5.923961E-02,0,0,0,0
Lu_2p12,111,3.79694864E-04,-7.084207E+01,5.971467E+02,1.957365E-02,6.393705E-02,0,0,0,0
Lu_2p12,112,4.15619192E-04,-7.082677E+01,5.204620E+02,2.147179E-02,6.898629E-02,0,0,0,0
Lu_2p12,113,4.54903944E-04,-7.080999E+01,4.513737E+02,2.354945E-02,7.441153E-02,0,0,0,0
Lu_2p12,114,4.97857967E-04,-7.079161E+01,3.892361E+02,2.582777E-02,8.023819E-02,0,0,0,0
Lu_2p12,115,5.44817717E-04,-7.077148E+01,3.334560E+02,2.833057E-02,8.649286E-02,0,0,0,0
Lu_2p12,116,5.96149619E-04,-7.074942E+01,2.834875E+02,3.108472E-02,9.320332E-02,0,0,0,0
Lu_2p12,117,6.52252617E-04,-7.072526E+01,2.388273E+02,3.412055E-02,1.003984E-01,0,0,0,0
Lu_2p12,118,7.13560914E-04,-7.069881E+01,1.990107E+02,3.747236E-02,1.081081E-01,0,0,0,0
Lu_2p12,119,7.80546942E-04,-7.066985E+01,1.636079E+02,4.117901E-02,1.163631E-01,0,0,0,0
Lu_2p12,120,8.53724541E-04,-7.063816E+01,1.322209E+02,4.528448E-02,1.251949E-01,0,0,0,0
Lu_2p12,121,9.33652389E-04,-7.060348E+01,1.044807E+02,4.983862E-02,1.346358E-01,0,0,0,0
Lu_2p12,122,1.02093769E-03,-7.056555E+01,8.004505E+01,5.489800E-02,1.447180E-01,0,0,0,0
Lu_2p12,123,1.11624013E-03,-7.052407E+01,5.859603E+01,6.052672E-02,1.554741E-01,0,0,0,0
Lu_2p12,124,1.22027613E-03,-7.047871E+01,3.983878E+01,6.679751E-02,1.669361E-01,0,0,0,0
Lu_2p12,125,1.33382338E-03,-7.042915E+01,2.349988E+01,7.379282E-02,1.791352E-01,0,0,0,0
Lu_2p12,126,1.45772573E-03,-7.037500E+01,9.326127E+00,8.160606E-02,1.921013E-01,0,0,0,0
Lu_2p12,127,1.59289840E-03,-7.031586E+01,-2.916405E+00,9.034301E-02,2.058625E-01,0,0,0,0
Lu_2p12,128,1.74033353E-03,-7.025132E+01,-1.344328E+01,1.001233E-01,2.204441E-01,0,0,0,0
Lu_2p12,129,1.90110615E-03,-7.018089E+01,-2.245243E+01,1.110821E-01,2.358677E-01,0,0,0,0
Lu_2p12,130,2.07638050E-03,-7.010410E+01,-3.012491E+01,1.233718E-01,2.521506E-01,0,0,0,0
Lu_2p12,131,2.26741677E-03,-7.002042E+01,-3.662553E+01,1.371639E-01,2.693044E-01,0,0,0,0
Lu_2p12,132,2.47557828E-03,-6.992927E+01,-4.210360E+01,1.526510E-01,2.873340E-01,0,0,0,0
Lu_2p12,133,2.70233906E-03,-6.983007E+01,-4.669358E+01,1.700489E-01,3.062359E-01,0,0,0,0
Lu_2p12,134,2.94929195E-03,-6.972219E+01,-5.051592E+01,1.895984E-01,3.259969E-01,0,0,0,0
Lu_2p12,135,3.21815711E-03,-6.960495E+01,-5.367778E+01,2.115675E-01,3.465922E-01,0,0,0,0
Lu_2p12,136,3.51079106E-03,-6.947767E+01,-5.627394E+01,2.362528E-01,3.679838E-01,0,0,0,0
Lu_2p12,137,3.82919619E-03,-6.933960E+01,-5.838764E+01,2.639818E-01,3.901183E-01,0,0,0,0
Lu_2p12,138,4.17553074E-03,-6.918999E+01,-6.009153E+01,2.951133E-01,4.129251E-01,0,0,0,0
Lu_2p12,139,4.55211944E-03,-6.902805E+01,-6.144855E+01,3.300386E-01,4.363141E-01,0,0,0,0
Lu_2p12,140,4.96146447E-03,-6.885296E+01,-6.251288E+01,3.691811E-01,4.601735E-01,0,0,0,0
Lu_2p12,141,5.40625706E-03,-6.866388E+01,-6.333086E+01,4.129951E-01,4.843678E-01,0,0,0,0
Lu_2p12,142,5.88938963E-03,-6.845996E+01,-6.394180E+01,4.619635E-01,5.087358E-01,0,0,0,0
Lu_2p12,143,6.41396839E-03,-6.824032E+01,-6.437887E+01,5.165938E-01,5.330886E-01,0,0,0,0
Lu_2p12,144,6.98332646E-03,-6.800407E+01,-6.466984E+01,5.774120E-01,5.572085E-01,0,0,0,0
Lu_2p12,145,7.60103751E-03,-6.775030E+01,-6.483782E+01,6.449540E-01,5.808479E-01,0,0,0,0
Lu_2p12,146,8.27092988E-03,-6.747811E+01,-6.490189E+01,7.197547E-01,6.037287E-01,0,0,0,0
Lu_2p12,147,8.99710118E-03,-6.718657E+01,-6.487768E+01,8.023334E-01,6.255432E-01,0,0,0,0
Lu_2p12,148,9.78393329E-03,-6.687474E+01,-6.477793E+01,8.931759E-01,6.459550E-01,0,0,0,0
Lu_2p12,149,1.06361078E-02,-6.654167E+01,-6.461289E+01,9.927125E-01,6.646022E-01,0,0,0,0
Lu_2p12,150,1.15586218E-02,-6.618641E+01,-6.439076E+01,1.101292E+00,6.811012E-01,0,0,0,0
Lu_2p12,151,1.25568040E-02,-6.580796E+01,-6.411802E+01,1.219152E+00,6.950523E-01,0,0,0,0
Lu_2p12,152,1.36363313E-02,-6.540535E+01,-6.379971E+01,1.346382E+00,7.060469E-01,0,0,0,0
Lu_2p12,153,1.48032451E-02,-6.497756E+01,-6.343968E+01,1.482892E+00,7.136771E-01,0,0,0,0
Lu_2p12,154,1.60639684E-02,-6.452362E+01,-6.304086E+01,1.628363E+00,7.175466E-01,0,0,0,0
Lu_2p12,155,1.74253227E-02,-6.404254E+01,-6.260539E+01,1.782212E+00,7.172835E-01,0,0,0,0
Lu_2p12,156,1.88945447E-02,-6.353341E+01,-6.213477E+01,1.943549E+00,7.125547E-01,0,0,0,0
Lu_2p12,157,2.04793037E-02,-6.299539E+01,-6.163009E+01,2.111135E+00,7.030821E-01,0,0,0,0
Lu_2p12,158,2.21877176E-02,-6.242773E+01,-6.109207E+01,2.283352E+00,6.886586E-01,0,0,0,0
Lu_2p12,159,2.40283703E-02,-6.182981E+01,-6.052116E+01,2.458179E+00,6.691650E-01,0,0,0,0
Lu_2p12,160,2.60103273E-02,-6.120111E+01,-5.991767E+01,2.633175E+00,6.445859E-01,0,0,0,0
Lu_2p12,161,2.81431521E-02,-6.054115E+01,-5.928175E+01,2.805492E+00,6.150238E-01,0,0,0,0
Lu_2p12,162,3.04369210E-02,-5.984944E+01,-5.861345E+01,2.971894E+00,5.807105E-01,0,0,0,0
Lu_2p12,163,3.29022384E-02,-5.912547E+01,-5.791265E+01,3.128811E+00,5.420149E-01,0,0,0,0
Lu_2p12,164,3.55502504E-02,-5.836870E+01,-5.717917E+01,3.272418E+00,4.994453E-01,0,0,0,0
Lu_2p12,165,3.83926583E-02,-5.757864E+01,-5.641276E+01,3.398737E+00,4.536462E-01,0,0,0,0
Lu_2p12,166,4.14417311E-02,-5.675496E+01,-5.561322E+01,3.503779E+00,4.053863E-01,0,0,0,0
Lu_2p12,167,4.47103165E-02,-5.589759E+01,-5.478053E+01,3.583698E+00,3.555400E-01,0,0,0,0
Lu_2p12,168,4.82118514E-02,-5.500674E+01,-5.391492E+01,3.634979E+00,3.050620E-01,0,0,0,0
Lu_2p12,169,5.19603709E-02,-5.408297E+01,-5.301688E+01,3.654628E+00,2.549524E-01,0,0,0,0
Lu_2p12,170,5.59705163E-02,-5.312708E+01,-5.208717E+01,3.640364E+00,2.062183E-01,0,0,0,0
Lu_2p12,171,6.02575411E-02,-5.214002E+01,-5.112669E+01,3.590800E+00,1.598308E-01,0,0,0,0
Lu_2p12,172,6.48373163E-02,-5.112282E+01,-5.013644E+01,3.505593E+00,1.166820E-01,0,0,0,0
Lu_2p12,173,6.97263340E-02,-5.007654E+01,-4.911743E+01,3.385552E+00,7.754298E-02,0,0,0,0
Lu_2p12,174,7.49417091E-02,-4.900230E+01,-4.807073E+01,3.232689E+00,4.302738E-02,0,0,0,0
Lu_2p12,175,8.05011798E-02,-4.790126E+01,-4.699747E+01,3.050203E+00,1.356286E-02,0,0,0,0
Lu_2p12,176,8.64231061E-02,-4.677502E+01,-4.589918E+01,2.842385E+00,-1.062744E-02,0,0,0,0
Lu_2p12,177,9.27264671E-02,-4.562538E+01,-4.477757E+01,2.614453E+00,-2.953087E-02,0,0,0,0
Lu_2p12,178,9.94308562E-02,-4.445469E+01,-4.363489E+01,2.372315E+00,-4.333796E-02,0,0,0,0
Lu_2p12,179,1.06556475E-01,-4.326541E+01,-4.247351E+01,2.122284E+00,-5.242194E-02,0,0,0,0
Lu_2p12,180,1.14124124E-01,-4.205996E+01,-4.129577E+01,1.870749E+00,-5.730637E-02,0,0,0,0
Lu_2p12,181,1.22155196E-01,-4.084052E+01,-4.010381E+01,1.623850E+00,-5.862414E-02,0,0,0,0
Lu_2p12,182,1.30671661E-01,-3.960930E+01,-3.889979E+01,1.387164E+00,-5.707162E-02,0,0,0,0
Lu_2p12,183,1.39696055E-01,-3.836869E+01,-3.768605E+01,1.165442E+00,-5.336218E-02,0,0,0,0
Lu_2p12,184,1.49251467E-01,-3.712155E+01,-3.646541E+01,9.624123E-01,-4.818299E-02,0,0,0,0
Lu_2p12,185,1.59361522E-01,-3.587132E+01,-3.524120E+01,7.806612E-01,-4.215841E-02,0,0,0,0
Lu_2p12,186,1.70050362E-01,-3.462150E+01,-3.401689E+01,6.216063E-01,-3.582245E-02,0,0,0,0
Lu_2p12,187,1.81342630E-01,-3.337542E+01,-3.279572E+01,4.855530E-01,-2.960185E-02,0,0,0,0
Lu_2p12,188,1.93263449E-01,-3.213569E+01,-3.158030E+01,3.718261E-01,-2.381005E-02,0,0,0,0
Lu_2p12,189,2.05838402E-01,-3.090408E+01,-3.037233E+01,2.789555E-01,-1.865118E-02,0,0,0,0
Lu_2p12,190,2.19093507E-01,-2.968140E+01,-2.917261E+01,2.048930E-01,-1.423207E-02,0,0,0,0
Lu_2p12,191,2.33055201E-01,-2.846816E+01,-2.798166E+01,1.472375E-01,-1.057960E-02,0,0,0,0
Lu_2p12,192,2.47750307E-01,-2.726489E+01,-2.679996E+01,1.034444E-01,-7.660670E-03,0,0,0,0
Lu_2p12,193,2.63206019E-01,-2.607291E+01,-2.562885E+01,7.100489E-02,-5.402149E-03,0,0,0,0
Lu_2p12,194,2.79449870E-01,-2.489435E+01,-2.447042E+01,4.758343E-02,-3.708816E-03,0,0,0,0
Lu_2p12,195,2.96509710E-01,-2.373169E+01,-2.332713E+01,3.111009E-02,-2.478047E-03,0,0,0,0
Lu_2p12,196,3.14413681E-01,-2.258696E+01,-2.220100E+01,1.982961E-02,-1.610654E-03,0,0,0,0
Lu_2p12,197,3.33190188E-01,-2.146130E+01,-2.109320E+01,1.231352E-02,-1.017902E-03,0,0,0,0
Lu_2p12,198,3.52867877E-01,-2.035548E+01,-2.000453E+01,7.443732E-03,-6.251636E-04,0,0,0,0
Lu_2p12,199,3.73475605E-01,-1.927067E+01,-1.893617E+01,4.377474E-03,-3.729265E-04,0,0,0,0
Lu_2p12,200,3.95042416E-01,-1.820943E+01,-1.789069E+01,2.502445E-03,-2.159427E-04,0,0,0,0
Lu_2p12,201,4.17597515E-01,-1.717551E+01,-1.687185E+01,1.389625E-03,-1.213036E-04,0,0,0,0
Lu_2p12,202,4.41170244E-01,-1.617347E+01,-1.588422E+01,7.490456E-04,-6.606265E-05,0,0,0,0
Lu_2p12,203,4.65790054E-01,-1.520802E+01,-1.493253E+01,3.916363E-04,-3.485838E-05,0,0,0,0
Lu_2p12,204,4.91486481E-01,-1.428334E+01,-1.402097E+01,1.984764E-04,-1.780920E-05,0,0,0,0
Lu_2p12,205,5.18289124E-01,-1.340261E+01,-1.315275E+01,9.742570E-05,-8.804006E-06,0,0,0,0
Lu_2p12,206,5.46227617E-01,-1.256783E+01,-1.232987E+01,4.628744E-05,-4.208443E-06,0,0,0,0
Lu_2p12,207,5.75331612E-01,-1.177967E+01,-1.155305E+01,2.126977E-05,-1.943873E-06,0,0,0,0
Lu_2p12,208,6.05630751E-01,-1.103791E+01,-1.082206E+01,9.446147E-06,-8.669859E-07,0,0,0,0
Lu_2p12,209,6.37154647E-01,-1.034137E+01,-1.013575E+01,4.051527E-06,-3.731103E-07,0,0,0,0
Lu_2p12,210,6.69932864E-01,-9.688292E+00,-9.492398E+00,1.676993E-06,-1.548165E-07,0,0,0,0
Lu_2p12,211,7.03994894E-01,-9.076812E+00,-8.890143E+00,6.693679E-07,-6.188928E-08,0,0,0,0
Lu_2p12,212,7.39370141E-01,-8.504780E+00,-8.326863E+00,2.574475E-07,-2.381683E-08,0,0,0,0
Lu_2p12,213,7.76087899E-01,-7.970104E+00,-7.800486E+00,9.533844E-08,-8.815830E-09,0,0,0,0
Lu_2p12,214,8.14177341E-01,-7.470733E+00,-7.308980E+00,3.396753E-08,-3.136029E-09,0,0,0,0
Lu_2p12,215,8.53667493E-01,-7.004632E+00,-6.850333E+00,1.163412E-08,-1.071143E-09,0,0,0,0
Lu_2p12,216,8.94587226E-01,-6.569778E+00,-6.422541E+00,3.827618E-09,-3.509634E-10,0,0,0,0
Lu_2p12,217,9.36965239E-01,-6.164163E+00,-6.023616E+00,1.208639E-09,-1.102048E-10,0,0,0,0
Lu_2p12,218,9.80830042E-01,-5.785828E+00,-5.651619E+00,3.659986E-10,-4.323119E-11,0,0,0,0
Lu_2p12,219,1.02620995E+00,-5.432904E+00,-5.304700E+00,1.061971E-10,1.633441E-11,0,0,0,0
Lu_2p32,0,1.40845070E-08,-1.178053E-02,8.875546E+06,2.376979E-12,-4.094645E-17,0,0,0,0
Lu_2p32,1,1.54458033E-08,-1.291915E-02,8.093335E+06,2.857211E-12,-5.398873E-17,0,0,0,0
Lu_2p32,2,1.69386420E-08,-1.416778E-02,7.380075E+06,3.434882E-12,-7.118032E-17,0,0,0,0
Lu_2p32,3,1.85757639E-08,-1.553710E-02,6.729675E+06,4.129726E-12,-9.384628E-17,0,0,0,0
Lu_2p32,4,2.03710783E-08,-1.703873E-02,6.136605E+06,4.965471E-12,-1.237330E-16,0,0,0,0
Lu_2p32,5,2.23399067E-08,-1.868550E-02,5.595802E+06,5.970663E-12,-1.631445E-16,0,0,0,0
Lu_2p32,6,2.44990189E-08,-2.049142E-02,5.102660E+06,7.179625E-12,-2.151188E-16,0,0,0,0
Lu_2p32,7,2.68667586E-08,-2.247184E-02,4.652986E+06,8.633632E-12,-2.836613E-16,0,0,0,0
Lu_2p32,8,2.94633317E-08,-2.464366E-02,4.242940E+06,1.038233E-11,-3.740565E-16,0,0,0,0
Lu_2p32,9,3.23108539E-08,-2.702537E-02,3.869030E+06,1.248543E-11,-4.932730E-16,0,0,0,0
Lu_2p32,10,3.54335170E-08,-2.963723E-02,3.528078E+06,1.501471E-11,-6.504977E-16,0,0,0,0
Lu_2p32,11,3.88579005E-08,-3.250144E-02,3.217179E+06,1.805652E-11,-8.578487E-16,0,0,0,0
Lu_2p32,12,4.26132991E-08,-3.564252E-02,2.933671E+06,2.171472E-11,-1.131318E-15,0,0,0,0
Lu_2p32,13,4.67314733E-08,-3.908704E-02,2.675157E+06,2.611414E-11,-1.491967E-15,0,0,0,0
Lu_2p32,14,5.12476303E-08,-4.286443E-02,2.439424E+06,3.140497E-11,-1.967607E-15,0,0,0,0
Lu_2p32,15,5.62002313E-08,-4.700687E-02,2.224464E+06,3.776781E-11,-2.594900E-15,0,0,0,0
Lu_2p32,16,6.16312403E-08,-5.154947E-02,2.028454E+06,4.541978E-11,-3.422164E-15,0,0,0,0
Lu_2p32,17,6.75872020E-08,-5.653114E-02,1.849713E+06,5.462213E-11,-4.513208E-15,0,0,0,0
Lu_2p32,18,7.41184821E-08,-6.199401E-02,1.686728E+06,6.568882E-11,-5.952052E-15,0,0,0,0
Lu_2p32,19,8.12809116E-08,-6.798480E-02,1.538105E+06,7.899760E-11,-7.849633E-15,0,0,0,0
Lu_2p32,20,8.91353265E-08,-7.455437E-02,1.402580E+06,9.500262E-11,-1.035215E-14,0,0,0,0
Lu_2p32,21,9.77487367E-08,-8.175877E-02,1.278998E+06,1.142501E-10,-1.365250E-14,0,0,0,0
Lu_2p32,22,1.07194113E-07,-8.965905E-02,1.166308E+06,1.373967E-10,-1.800487E-14,0,0,0,0
Lu_2p32,23,1.17552189E-07,-9.832272E-02,1.063548E+06,1.652324E-10,-2.374478E-14,0,0,0,0
Lu_2p32,24,1.28910932E-07,-1.078234E-01,9.698439E+05,1.987068E-10,-3.131442E-14,0,0,0,0
Lu_2p32,25,1.41366993E-07,-1.182418E-01,8.843975E+05,2.389621E-10,-4.129699E-14,0,0,0,0
Lu_2p32,26,1.55026355E-07,-1.296667E-01,8.064811E+05,2.873716E-10,-5.446160E-14,0,0,0,0
Lu_2p32,27,1.70005236E-07,-1.421953E-01,7.354308E+05,3.455869E-10,-7.182246E-14,0,0,0,0
Lu_2p32,28,1.86431075E-07,-1.559342E-01,6.706415E+05,4.155940E-10,-9.471701E-14,0,0,0,0
Lu_2p32,29,2.04443616E-07,-1.710001E-01,6.115614E+05,4.997808E-10,-1.249089E-13,0,0,0,0
Lu_2p32,30,2.24195708E-07,-1.875211E-01,5.576882E+05,6.010185E-10,-1.647231E-13,0,0,0,0
Lu_2p32,31,2.45856126E-07,-2.056382E-01,5.085611E+05,7.227610E-10,-2.172280E-13,0,0,0,0
Lu_2p32,32,2.69608304E-07,-2.255048E-01,4.637636E+05,8.691595E-10,-2.864655E-13,0,0,0,0
Lu_2p32,33,2.95654667E-07,-2.472904E-01,4.229133E+05,1.045207E-09,-3.777693E-13,0,0,0,0
Lu_2p32,34,3.24216193E-07,-2.711796E-01,3.856629E+05,1.256906E-09,-4.981689E-13,0,0,0,0
Lu_2p32,35,3.55536886E-07,-2.973766E-01,3.516939E+05,1.511478E-09,-6.569410E-13,0,0,0,0
Lu_2p32,36,3.89881261E-07,-3.261026E-01,3.207189E+05,1.817599E-09,-8.663018E-13,0,0,0,0
Lu_2p32,37,4.27542511E-07,-3.576028E-01,2.924728E+05,2.185707E-09,-1.142378E-12,0,0,0,0
Lu_2p32,38,4.68840899E-07,-3.921450E-01,2.667152E+05,2.628352E-09,-1.506427E-12,0,0,0,0
Lu_2p32,39,5.14125814E-07,-4.300215E-01,2.432277E+05,3.160619E-09,-1.986459E-12,0,0,0,0
Lu_2p32,40,5.63783777E-07,-4.715555E-01,2.218092E+05,3.800653E-09,-2.619442E-12,0,0,0,0
Lu_2p32,41,6.18235912E-07,-5.170992E-01,2.022780E+05,4.570264E-09,-3.454087E-12,0,0,0,0
Lu_2p32,42,6.77944859E-07,-5.670395E-01,1.844676E+05,5.495680E-09,-4.554630E-12,0,0,0,0
Lu_2p32,43,7.43417883E-07,-6.218005E-01,1.682263E+05,6.608432E-09,-6.005764E-12,0,0,0,0
Lu_2p32,44,8.15209759E-07,-6.818461E-01,1.534163E+05,7.946424E-09,-7.919113E-12,0,0,0,0
Lu_2p32,45,8.93933023E-07,-7.476885E-01,1.399107E+05,9.555250E-09,-1.044197E-11,0,0,0,0
Lu_2p32,46,9.80253329E-07,-8.198841E-01,1.275952E+05,1.148969E-08,-1.376832E-11,0,0,0,0
Lu_2p32,47,1.07490332E-06,-8.990456E-01,1.163648E+05,1.381564E-08,-1.815402E-11,0,0,0,0
Lu_2p32,48,1.17868778E-06,-9.858455E-01,1.061239E+05,1.661229E-08,-2.393642E-11,0,0,0,0
Lu_2p32,49,1.29248727E-06,-1.081020E+00,9.678516E+04,1.997486E-08,-3.156019E-11,0,0,0,0
Lu_2p32,50,1.41726642E-06,-1.185375E+00,8.826928E+04,2.401782E-08,-4.161142E-11,0,0,0,0
Lu_2p32,51,1.55408252E-06,-1.299794E+00,8.050382E+04,2.887877E-08,-5.486270E-11,0,0,0,0
Lu_2p32,52,1.70409879E-06,-1.425248E+00,7.342252E+04,3.472314E-08,-7.233283E-11,0,0,0,0
Lu_2p32,53,1.86858481E-06,-1.562798E+00,6.696524E+04,4.174977E-08,-9.536411E-11,0,0,0,0
Lu_2p32,54,2.04893518E-06,-1.713608E+00,6.107702E+04,5.019770E-08,-1.257261E-10,0,0,0,0
Lu_2p32,55,2.24667680E-06,-1.878953E+00,5.570778E+04,6.035421E-08,-1.657510E-10,0,0,0,0
Lu_2p32,56,2.46348896E-06,-2.060232E+00,5.081174E+04,7.256474E-08,-2.185134E-10,0,0,0,0
Lu_2p32,57,2.70120429E-06,-2.258975E+00,4.634735E+04,8.724434E-08,-2.880638E-10,0,0,0,0
Lu_2p32,58,2.96183615E-06,-2.476857E+00,4.227659E+04,1.048919E-07,-3.797412E-10,0,0,0,0
Lu_2p32,59,3.24759167E-06,-2.715716E+00,3.856484E+04,1.261072E-07,-5.005815E-10,0,0,0,0
Lu_2p32,60,3.56088877E-06,-2.977564E+00,3.518053E+04,1.516109E-07,-6.598553E-10,0,0,0,0
Lu_2p32,61,3.90437587E-06,-3.264600E+00,3.209488E+04,1.822689E-07,-8.697769E-10,0,0,0,0
Lu_2p32,62,4.28096072E-06,-3.579235E+00,2.928164E+04,2.191223E-07,-1.146442E-09,0,0,0,0
Lu_2p32,63,4.69382455E-06,-3.924105E+00,2.671690E+04,2.634218E-07,-1.511052E-09,0,0,0,0
Lu_2p32,64,5.14645651E-06,-4.302092E+00,2.437886E+04,3.166702E-07,-1.991536E-09,0,0,0,0
Lu_2p32,65,5.64267994E-06,-4.716348E+00,2.224764E+04,3.806734E-07,-2.624682E-09,0,0,0,0
Lu_2p32,66,6.18668621E-06,-5.170318E+00,2.030512E+04,4.576010E-07,-3.458941E-09,0,0,0,0
Lu_2p32,67,6.78306446E-06,-5.667761E+00,1.853481E+04,5.500596E-07,-4.558111E-09,0,0,0,0
Lu_2p32,68,7.43684772E-06,-6.212780E+00,1.692167E+04,6.611805E-07,-6.006193E-09,0,0,0,0
Lu_2p32,69,8.15354812E-06,-6.809847E+00,1.545200E+04,7.947247E-07,-7.913764E-09,0,0,0,0
Lu_2p32,70,8.93920529E-06,-7.463830E+00,1.411334E+04,9.552098E-07,-1.042635E-08,0,0,0,0
Lu_2p32,71,9.80043817E-06,-8.180023E+00,1.289434E+04,1.148061E-06,-1.373545E-08,0,0,0,0
Lu_2p32,72,1.07444991E-05,-8.964176E+00,1.178467E+04,1.379792E-06,-1.809296E-08,0,0,0,0
Lu_2p32,73,1.17793295E-05,-9.822511E+00,1.077495E+04,1.658224E-06,-2.383010E-08,0,0,0,0
Lu_2p32,74,1.29136348E-05,-1.076176E+01,9.856670E+03,1.992747E-06,-3.138233E-08,0,0,0,0
Lu_2p32,75,1.41569462E-05,-1.178916E+01,9.022100E+03,2.394627E-06,-4.132173E-08,0,0,0,0
Lu_2p32,76,1.55197075E-05,-1.291250E+01,8.264256E+03,2.877385E-06,-5.439963E-08,0,0,0,0
Lu_2p32,77,1.70133553E-05,-1.414009E+01,7.576839E+03,3.457240E-06,-7.160203E-08,0,0,0,0
Lu_2p32,78,1.86504207E-05,-1.548074E+01,6.954218E+03,4.153645E-06,-9.422204E-08,0,0,0,0
Lu_2p32,79,2.04446227E-05,-1.694375E+01,6.391260E+03,4.989918E-06,-1.239539E-07,0,0,0,0
Lu_2p32,80,2.24109875E-05,-1.853882E+01,5.883520E+03,5.994006E-06,-1.630154E-07,0,0,0,0
Lu_2p32,81,2.45659712E-05,-2.027593E+01,5.427284E+03,7.199385E-06,-2.143052E-07,0,0,0,0
Lu_2p32,82,2.69275913E-05,-2.216516E+01,5.018870E+03,8.646132E-06,-2.816074E-07,0,0,0,0
Lu_2p32,83,2.95155769E-05,-2.421648E+01,4.655748E+03,1.038220E-05,-3.698515E-07,0,0,0,0
Lu_2p32,84,3.23515278E-05,-2.643933E+01,4.335897E+03,1.246494E-05,-4.854461E-07,0,0,0,0
Lu_2p32,85,3.54590885E-05,-2.884216E+01,4.057607E+03,1.496284E-05,-6.366995E-07,0,0,0,0
Lu_2p32,86,3.88641460E-05,-3.143171E+01,3.820346E+03,1.795768E-05,-8.343485E-07,0,0,0,0
Lu_2p32,87,4.25950311E-05,-3.421206E+01,3.624447E+03,2.154697E-05,-1.092211E-06,0,0,0,0
Lu_2p32,88,4.66827539E-05,-3.718335E+01,3.471129E+03,2.584684E-05,-1.427985E-06,0,0,0,0
Lu_2p32,89,5.11612515E-05,-4.034008E+01,3.363171E+03,3.099547E-05,-1.864196E-06,0,0,0,0
Lu_2p32,90,5.60676589E-05,-4.366875E+01,3.305270E+03,3.715698E-05,-2.429290E-06,0,0,0,0
Lu_2p32,91,6.14426048E-05,-4.714482E+01,3.304220E+03,4.452614E-05,-3.158843E-06,0,0,0,0
Lu_2p32,92,6.73305476E-05,-5.072868E+01,3.369675E+03,5.333370E-05,-4.096777E-06,0,0,0,0
Lu_2p32,93,7.37801101E-05,-5.436047E+01,3.514640E+03,6.385283E-05,-5.296405E-06,0,0,0,0
Lu_2p32,94,8.08444839E-05,-5.795353E+01,3.754473E+03,7.640673E-05,-6.820976E-06,0,0,0,0
Lu_2p32,95,8.85818410E-05,-6.138718E+01,4.100158E+03,9.137803E-05,-8.743156E-06,0,0,0,0
Lu_2p32,96,9.70557919E-05,-6.450115E+01,4.524009E+03,1.092207E-04,-1.114269E-05,0,0,0,0
Lu_2p32,97,1.06335888E-04,-6.710130E+01,4.857000E+03,1.304739E-04,-1.410149E-05,0,0,0,0
Lu_2p32,98,1.16498167E-04,-6.900239E+01,4.750119E+03,1.557742E-04,-1.769690E-05,0,0,0,0
Lu_2p32,99,1.27625740E-04,-7.013925E+01,4.025015E+03,1.858753E-04,-2.199881E-05,0,0,0,0
Lu_2p32,100,1.39809443E-04,-7.066706E+01,3.032300E+03,2.217030E-04,-2.708139E-05,0,0,0,0
Lu_2p32,101,1.53148538E-04,-7.085775E+01,2.271314E+03,2.643707E-04,-3.304799E-05,0,0,0,0
Lu_2p32,102,1.67751469E-04,-7.091153E+01,1.846331E+03,3.151703E-04,-4.004848E-05,0,0,0,0
Lu_2p32,103,1.83736702E-04,-7.092048E+01,1.599612E+03,3.756320E-04,-4.828077E-05,0,0,0,0
Lu_2p32,104,2.01233621E-04,-7.091667E+01,1.417322E+03,4.475843E-04,-5.798869E-05,0,0,0,0
Lu_2p32,105,2.20383511E-04,-7.090932E+01,1.261348E+03,5.331996E-04,-6.946371E-05,0,0,0,0
Lu_2p32,106,2.41340621E-04,-7.090062E+01,1.121533E+03,6.350536E-04,-8.305080E-05,0,0,0,0
Lu_2p32,107,2.64273321E-04,-7.089098E+01,9.949151E+02,7.561991E-04,-9.915733E-05,0,0,0,0
Lu_2p32,108,2.89365355E-04,-7.088039E+01,8.801391E+02,9.002536E-04,-1.182644E-04,0,0,0,0
Lu_2p32,109,3.16817200E-04,-7.086877E+01,7.761826E+02,1.071502E-03,-1.409402E-04,0,0,0,0
Lu_2p32,110,3.46847541E-04,-7.085603E+01,6.821310E+02,1.275015E-03,-1.678561E-04,0,0,0,0
Lu_2p32,111,3.79694864E-04,-7.084207E+01,5.971467E+02,1.516796E-03,-1.998056E-04,0,0,0,0
Lu_2p32,112,4.15619192E-04,-7.082677E+01,5.204620E+02,1.803941E-03,-2.377254E-04,0,0,0,0
Lu_2p32,113,4.54903944E-04,-7.080999E+01,4.513737E+02,2.144833E-03,-2.827218E-04,0,0,0,0
Lu_2p32,114,4.97857967E-04,-7.079161E+01,3.892361E+02,2.549375E-03,-3.361001E-04,0,0,0,0
Lu_2p32,115,5.44817717E-04,-7.077148E+01,3.334560E+02,3.029248E-03,-3.993996E-04,0,0,0,0
Lu_2p32,116,5.96149619E-04,-7.074942E+01,2.834875E+02,3.598222E-03,-4.744337E-04,0,0,0,0
Lu_2p32,117,6.52252617E-04,-7.072526E+01,2.388273E+02,4.272516E-03,-5.633378E-04,0,0,0,0
Lu_2p32,118,7.13560914E-04,-7.069881E+01,1.990107E+02,5.071216E-03,-6.686231E-04,0,0,0,0
Lu_2p32,119,7.80546942E-04,-7.066985E+01,1.636079E+02,6.016753E-03,-7.932401E-04,0,0,0,0
Lu_2p32,120,8.53724541E-04,-7.063816E+01,1.322209E+02,7.135468E-03,-9.406518E-04,0,0,0,0
Lu_2p32,121,9.33652389E-04,-7.060348E+01,1.044807E+02,8.458247E-03,-1.114917E-03,0,0,0,0
Lu_2p32,122,1.02093769E-03,-7.056555E+01,8.004505E+01,1.002127E-02,-1.320787E-03,0,0,0,0
Lu_2p32,123,1.11624013E-03,-7.052407E+01,5.859603E+01,1.186684E-02,-1.563816E-03,0,0,0,0
Lu_2p32,124,1.22027613E-03,-7.047871E+01,3.983878E+01,1.404436E-02,-1.850485E-03,0,0,0,0
Lu_2p32,125,1.33382338E-03,-7.042915E+01,2.349988E+01,1.661145E-02,-2.188347E-03,0,0,0,0
Lu_2p32,126,1.45772573E-03,-7.037500E+01,9.326127E+00,1.963513E-02,-2.586184E-03,0,0,0,0
Lu_2p32,127,1.59289840E-03,-7.031586E+01,-2.916405E+00,2.319329E-02,-3.054188E-03,0,0,0,0
Lu_2p32,128,1.74033353E-03,-7.025132E+01,-1.344328E+01,2.737618E-02,-3.604166E-03,0,0,0,0
Lu_2p32,129,1.90110615E-03,-7.018089E+01,-2.245243E+01,3.228821E-02,-4.249758E-03,0,0,0,0
Lu_2p32,130,2.07638050E-03,-7.010410E+01,-3.012491E+01,3.804983E-02,-5.006682E-03,0,0,0,0
Lu_2p32,131,2.26741677E-03,-7.002042E+01,-3.662553E+01,4.479964E-02,-5.893006E-03,0,0,0,0
Lu_2p32,132,2.47557828E-03,-6.992927E+01,-4.210360E+01,5.269667E-02,-6.929430E-03,0,0,0,0
Lu_2p32,133,2.70233906E-03,-6.983007E+01,-4.669358E+01,6.192280E-02,-8.139593E-03,0,0,0,0
Lu_2p32,134,2.94929195E-03,-6.972219E+01,-5.051592E+01,7.268533E-02,-9.550396E-03,0,0,0,0
Lu_2p32,135,3.21815711E-03,-6.960495E+01,-5.367778E+01,8.521965E-02,-1.119232E-02,0,0,0,0
Lu_2p32,136,3.51079106E-03,-6.947767E+01,-5.627394E+01,9.979192E-02,-1.309977E-02,0,0,0,0
Lu_2p32,137,3.82919619E-03,-6.933960E+01,-5.838764E+01,1.167017E-01,-1.531138E-02,0,0,0,0
Lu_2p32,138,4.17553074E-03,-6.918999E+01,-6.009153E+01,1.362844E-01,-1.787028E-02,0,0,0,0
Lu_2p32,139,4.55211944E-03,-6.902805E+01,-6.144855E+01,1.589135E-01,-2.082438E-02,0,0,0,0
Lu_2p32,140,4.96146447E-03,-6.885296E+01,-6.251288E+01,1.850023E-01,-2.422651E-02,0,0,0,0
Lu_2p32,141,5.40625706E-03,-6.866388E+01,-6.333086E+01,2.150047E-01,-2.813449E-02,0,0,0,0
Lu_2p32,142,5.88938963E-03,-6.845996E+01,-6.394180E+01,2.494154E-01,-3.261109E-02,0,0,0,0
Lu_2p32,143,6.41396839E-03,-6.824032E+01,-6.437887E+01,2.887686E-01,-3.772373E-02,0,0,0,0
Lu_2p32,144,6.98332646E-03,-6.800407E+01,-6.466984E+01,3.336346E-01,-4.354409E-02,0,0,0,0
Lu_2p32,145,7.60103751E-03,-6.775030E+01,-6.483782E+01,3.846156E-01,-5.014730E-02,0,0,0,0
Lu_2p32,146,8.27092988E-03,-6.747811E+01,-6.490189E+01,4.423371E-01,-5.761086E-02,0,0,0,0
Lu_2p32,147,8.99710118E-03,-6.718657E+01,-6.487768E+01,5.074382E-01,-6.601322E-02,0,0,0,0
Lu_2p32,148,9.78393329E-03,-6.687474E+01,-6.477793E+01,5.805564E-01,-7.543176E-02,0,0,0,0
Lu_2p32,149,1.06361078E-02,-6.654167E+01,-6.461289E+01,6.623102E-01,-8.594041E-02,0,0,0,0
Lu_2p32,150,1.15586218E-02,-6.618641E+01,-6.439076E+01,7.532759E-01,-9.760657E-02,0,0,0,0
Lu_2p32,151,1.25568040E-02,-6.580796E+01,-6.411802E+01,8.539602E-01,-1.104876E-01,0,0,0,0
Lu_2p32,152,1.36363313E-02,-6.540535E+01,-6.379971E+01,9.647676E-01,-1.246264E-01,0,0,0,0
Lu_2p32,153,1.48032451E-02,-6.497756E+01,-6.343968E+01,1.085963E+00,-1.400468E-01,0,0,0,0
Lu_2p32,154,1.60639684E-02,-6.452362E+01,-6.304086E+01,1.217631E+00,-1.567483E-01,0,0,0,0
Lu_2p32,155,1.74253227E-02,-6.404254E+01,-6.260539E+01,1.359628E+00,-1.747002E-01,0,0,0,0
Lu_2p32,156,1.88945447E-02,-6.353341E+01,-6.213477E+01,1.511537E+00,-1.938358E-01,0,0,0,0
Lu_2p32,157,2.04793037E-02,-6.299539E+01,-6.163009E+01,1.672618E+00,-2.140465E-01,0,0,0,0
Lu_2p32,158,2.21877176E-02,-6.242773E+01,-6.109207E+01,1.841761E+00,-2.351769E-01,0,0,0,0
Lu_2p32,159,2.40283703E-02,-6.182981E+01,-6.052116E+01,2.017448E+00,-2.570197E-01,0,0,0,0
Lu_2p32,160,2.60103273E-02,-6.120111E+01,-5.991767E+01,2.197719E+00,-2.793128E-01,0,0,0,0
Lu_2p32,161,2.81431521E-02,-6.054115E+01,-5.928175E+01,2.380153E+00,-3.017378E-01,0,0,0,0
Lu_2p32,162,3.04369210E-02,-5.984944E+01,-5.861345E+01,2.561869E+00,-3.239212E-01,0,0,0,0
Lu_2p32,163,3.29022384E-02,-5.912547E+01,-5.791265E+01,2.739545E+00,-3.454375E-01,0,0,0,0
Lu_2p32,164,3.55502504E-02,-5.836870E+01,-5.717917E+01,2.909470E+00,-3.658170E-01,0,0,0,0
Lu_2p32,165,3.83926583E-02,-5.757864E+01,-5.641276E+01,3.067619E+00,-3.845558E-01,0,0,0,0
Lu_2p32,166,4.14417311E-02,-5.675496E+01,-5.561322E+01,3.209768E+00,-4.011316E-01,0,0,0,0
Lu_2p32,167,4.47103165E-02,-5.589759E+01,-5.478053E+01,3.331630E+00,-4.150216E-01,0,0,0,0
Lu_2p32,168,4.82118514E-02,-5.500674E+01,-5.391492E+01,3.429033E+00,-4.257248E-01,0,0,0,0
Lu_2p32,169,5.19603709E-02,-5.408297E+01,-5.301688E+01,3.498108E+00,-4.327871E-01,0,0,0,0
Lu_2p32,170,5.59705163E-02,-5.312708E+01,-5.208717E+01,3.535499E+00,-4.358264E-01,0,0,0,0
Lu_2p32,171,6.02575411E-02,-5.214002E+01,-5.112669E+01,3.538568E+00,-4.345581E-01,0,0,0,0
Lu_2p32,172,6.48373163E-02,-5.112282E+01,-5.013644E+01,3.505598E+00,-4.289463E-01,0,0,0,0
Lu_2p32,173,6.97263340E-02,-5.007654E+01,-4.911743E+01,3.435949E+00,-4.188565E-01,0,0,0,0
Lu_2p32,174,7.49417091E-02,-4.900230E+01,-4.807073E+01,3.330189E+00,-4.044118E-01,0,0,0,0
Lu_2p32,175,8.05011798E-02,-4.790126E+01,-4.699747E+01,3.190146E+00,-3.858890E-01,0,0,0,0
Lu_2p32,176,8.64231061E-02,-4.677502E+01,-4.589918E+01,3.018904E+00,-3.637135E-01,0,0,0,0
Lu_2p32,177,9.27264671E-02,-4.562538E+01,-4.477757E+01,2.820705E+00,-3.384458E-01,0,0,0,0
Lu_2p32,178,9.94308562E-02,-4.445469E+01,-4.363489E+01,2.600781E+00,-3.107574E-01,0,0,0,0
Lu_2p32,179,1.06556475E-01,-4.326541E+01,-4.247351E+01,2.365113E+00,-2.813993E-01,0,0,0,0
Lu_2p32,180,1.14124124E-01,-4.205996E+01,-4.129577E+01,2.120126E+00,-2.511634E-01,0,0,0,0
Lu_2p32,181,1.22155196E-01,-4.084052E+01,-4.010381E+01,1.872357E+00,-2.208415E-01,0,0,0,0
Lu_2p32,182,1.30671661E-01,-3.960930E+01,-3.889979E+01,1.628114E+00,-1.911835E-01,0,0,0,0
Lu_2p32,183,1.39696055E-01,-3.836869E+01,-3.768605E+01,1.393152E+00,-1.628607E-01,0,0,0,0
Lu_2p32,184,1.49251467E-01,-3.712155E+01,-3.646541E+01,1.172397E+00,-1.364349E-01,0,0,0,0
Lu_2p32,185,1.59361522E-01,-3.587132E+01,-3.524120E+01,9.697412E-01,-1.123369E-01,0,0,0,0
Lu_2p32,186,1.70050362E-01,-3.462150E+01,-3.401689E+01,7.879190E-01,-9.085536E-02,0,0,0,0
Lu_2p32,187,1.81342630E-01,-3.337542E+01,-3.279572E+01,6.284754E-01,-7.213573E-02,0,0,0,0
Lu_2p32,188,1.93263449E-01,-3.213569E+01,-3.158030E+01,4.918231E-01,-5.619025E-02,0,0,0,0
Lu_2p32,189,2.05838402E-01,-3.090408E+01,-3.037233E+01,3.773747E-01,-4.291583E-02,0,0,0,0
Lu_2p32,190,2.19093507E-01,-2.968140E+01,-2.917261E+01,2.837300E-01,-3.211822E-02,0,0,0,0
Lu_2p32,191,2.33055201E-01,-2.846816E+01,-2.798166E+01,2.088948E-01,-2.353904E-02,0,0,0,0
Lu_2p32,192,2.47750307E-01,-2.726489E+01,-2.679996E+01,1.505076E-01,-1.688304E-02,0,0,0,0
Lu_2p32,193,2.63206019E-01,-2.607291E+01,-2.562885E+01,1.060507E-01,-1.184278E-02,0,0,0,0
Lu_2p32,194,2.79449870E-01,-2.489435E+01,-2.447042E+01,7.303087E-02,-8.119168E-03,0,0,0,0
Lu_2p32,195,2.96509710E-01,-2.373169E+01,-2.332713E+01,4.911907E-02,-5.436717E-03,0,0,0,0
Lu_2p32,196,3.14413681E-01,-2.258696E+01,-2.220100E+01,3.224444E-02,-3.553366E-03,0,0,0,0
Lu_2p32,197,3.33190188E-01,-2.146130E+01,-2.109320E+01,2.064568E-02,-2.265320E-03,0,0,0,0
Lu_2p32,198,3.52867877E-01,-2.035548E+01,-2.000453E+01,1.288486E-02,-1.407704E-03,0,0,0,0
Lu_2p32,199,3.73475605E-01,-1.927067E+01,-1.893617E+01,7.832713E-03,-8.520936E-04,0,0,0,0
Lu_2p32,200,3.95042416E-01,-1.820943E+01,-1.789069E+01,4.634808E-03,-5.020621E-04,0,0,0,0
Lu_2p32,201,4.17597515E-01,-1.717551E+01,-1.687185E+01,2.667748E-03,-2.877537E-04,0,0,0,0
Lu_2p32,202,4.41170244E-01,-1.617347E+01,-1.588422E+01,1.492654E-03,-1.603163E-04,0,0,0,0
Lu_2p32,203,4.65790054E-01,-1.520802E+01,-1.493253E+01,8.113049E-04,-8.676191E-05,0,0,0,0
Lu_2p32,204,4.91486481E-01,-1.428334E+01,-1.402097E+01,4.280849E-04,-4.558031E-05,0,0,0,0
Lu_2p32,205,5.18289124E-01,-1.340261E+01,-1.315275E+01,2.191327E-04,-2.322870E-05,0,0,0,0
Lu_2p32,206,5.46227617E-01,-1.256783E+01,-1.232987E+01,1.087492E-04,-1.147556E-05,0,0,0,0
Lu_2p32,207,5.75331612E-01,-1.177967E+01,-1.155305E+01,5.228720E-05,-5.491911E-06,0,0,0,0
Lu_2p32,208,6.05630751E-01,-1.103791E+01,-1.082206E+01,2.434005E-05,-2.544307E-06,0,0,0,0
Lu_2p32,209,6.37154647E-01,-1.034137E+01,-1.013575E+01,1.096247E-05,-1.140257E-06,0,0,0,0
Lu_2p32,210,6.69932864E-01,-9.688292E+00,-9.492398E+00,4.773726E-06,-4.939793E-07,0,0,0,0
Lu_2p32,211,7.03994894E-01,-9.076812E+00,-8.890143E+00,2.008474E-06,-2.067119E-07,0,0,0,0
Lu_2p32,212,7.39370141E-01,-8.504780E+00,-8.326863E+00,8.158857E-07,-8.349196E-08,0,0,0,0
Lu_2p32,213,7.76087899E-01,-7.970104E+00,-7.800486E+00,3.197703E-07,-3.252443E-08,0,0,0,0
Lu_2p32,214,8.14177341E-01,-7.470733E+00,-7.308980E+00,1.208316E-07,-1.221000E-08,0,0,0,0
Lu_2p32,215,8.53667493E-01,-7.004632E+00,-6.850333E+00,4.398865E-08,-4.413758E-09,0,0,0,0
Lu_2p32,216,8.94587226E-01,-6.569778E+00,-6.422541E+00,1.541699E-08,-1.535053E-09,0,0,0,0
Lu_2p32,217,9.36965239E-01,-6.164163E+00,-6.023616E+00,5.197972E-09,-5.131959E-10,0,0,0,0
Lu_2p32,218,9.80830042E-01,-5.785828E+00,-5.651619E+00,1.684675E-09,-1.647774E-10,0,0,0,0
Lu_2p32,219,1.02620995E+00,-5.432904E+00,-5.304700E+00,5.244622E-10,-5.076452E-11,0,0,0,0
Lu_2p32,220,1.07313306E+00,-5.103643E+00,-4.981127E+00,1.567079E-10,-1.926357E-11,0,0,0,0
Lu_2p32,221,1.12162725E+00,-4.796473E+00,-4.679348E+00,4.490595E-11,6.678572E-12,0,0,0,0
Lu_2s12,0,1.40845070E-08,-1.178053E-02,8.875546E+06,1.272285E-05,-3.649147E-10,0,0,0,0
Lu_2s12,1,1.54458033E-08,-1.291915E-02,8.093335E+06,1.395229E-05,-4.388108E-10,0,0,0,0
Lu_2s12,2,1.69386420E-08,-1.416778E-02,7.380075E+06,1.530055E-05,-5.276824E-10,0,0,0,0
Lu_2s12,3,1.85757639E-08,-1.553710E-02,6.729675E+06,1.677911E-05,-6.345652E-10,0,0,0,0
Lu_2s12,4,2.03710783E-08,-1.703873E-02,6.136605E+06,1.840056E-05,-7.631061E-10,0,0,0,0
Lu_2s12,5,2.23399067E-08,-1.868550E-02,5.595802E+06,2.017871E-05,-9.176956E-10,0,0,0,0
Lu_2s12,6,2.44990189E-08,-2.049142E-02,5.102660E+06,2.212870E-05,-1.103612E-09,0,0,0,0
Lu_2s12,7,2.68667586E-08,-2.247184E-02,4.652986E+06,2.426713E-05,-1.327197E-09,0,0,0,0
Lu_2s12,8,2.94633317E-08,-2.464366E-02,4.242940E+06,2.661222E-05,-1.596089E-09,0,0,0,0
Lu_2s12,9,3.23108539E-08,-2.702537E-02,3.869030E+06,2.918395E-05,-1.919467E-09,0,0,0,0
Lu_2s12,10,3.54335170E-08,-2.963723E-02,3.528078E+06,3.200418E-05,-2.308363E-09,0,0,0,0
Lu_2s12,11,3.88579005E-08,-3.250144E-02,3.217179E+06,3.509693E-05,-2.776051E-09,0,0,0,0
Lu_2s12,12,4.26132991E-08,-3.564252E-02,2.933671E+06,3.848858E-05,-3.338514E-09,0,0,0,0
Lu_2s12,13,4.67314733E-08,-3.908704E-02,2.675157E+06,4.220793E-05,-4.014918E-09,0,0,0,0
Lu_2s12,14,5.12476303E-08,-4.286443E-02,2.439424E+06,4.628669E-05,-4.828374E-09,0,0,0,0
Lu_2s12,15,5.62002313E-08,-4.700687E-02,2.224464E+06,5.075960E-05,-5.806651E-09,0,0,0,0
Lu_2s12,16,6.16312403E-08,-5.154947E-02,2.028454E+06,5.566465E-05,-6.983094E-09,0,0,0,0
Lu_2s12,17,6.75872020E-08,-5.653114E-02,1.849713E+06,6.104373E-05,-8.397926E-09,0,0,0,0
Lu_2s12,18,7.41184821E-08,-6.199401E-02,1.686728E+06,6.694248E-05,-1.009935E-08,0,0,0,0
Lu_2s12,19,8.12809116E-08,-6.798480E-02,1.538105E+06,7.341121E-05,-1.214549E-08,0,0,0,0
Lu_2s12,20,8.91353265E-08,-7.455437E-02,1.402580E+06,8.050492E-05,-1.460615E-08,0,0,0,0
Lu_2s12,21,9.77487367E-08,-8.175877E-02,1.278998E+06,8.828407E-05,-1.756533E-08,0,0,0,0
Lu_2s12,22,1.07194113E-07,-8.965905E-02,1.166308E+06,9.681469E-05,-2.112390E-08,0,0,0,0
Lu_2s12,23,1.17552189E-07,-9.832272E-02,1.063548E+06,1.061696E-04,-2.540342E-08,0,0,0,0
Lu_2s12,24,1.28910932E-07,-1.078234E-01,9.698439E+05,1.164282E-04,-3.054983E-08,0,0,0,0
Lu_2s12,25,1.41366993E-07,-1.182418E-01,8.843975E+05,1.276778E-04,-3.673873E-08,0,0,0,0
Lu_2s12,26,1.55026355E-07,-1.296667E-01,8.064811E+05,1.400143E-04,-4.418124E-08,0,0,0,0
Lu_2s12,27,1.70005236E-07,-1.421953E-01,7.354308E+05,1.535424E-04,-5.313129E-08,0,0,0,0
Lu_2s12,28,1.86431075E-07,-1.559342E-01,6.706415E+05,1.683774E-04,-6.389420E-08,0,0,0,0
Lu_2s12,29,2.04443616E-07,-1.710001E-01,6.115614E+05,1.846454E-04,-7.683710E-08,0,0,0,0
Lu_2s12,30,2.24195708E-07,-1.875211E-01,5.576882E+05,2.024845E-04,-9.240121E-08,0,0,0,0
Lu_2s12,31,2.45856126E-07,-2.056382E-01,5.085611E+05,2.220470E-04,-1.111180E-07,0,0,0,0
Lu_2s12,32,2.69608304E-07,-2.255048E-01,4.637636E+05,2.434988E-04,-1.336251E-07,0,0,0,0
Lu_2s12,33,2.95654667E-07,-2.472904E-01,4.229133E+05,2.670225E-04,-1.606906E-07,0,0,0,0
Lu_2s12,34,3.24216193E-07,-2.711796E-01,3.856629E+05,2.928179E-04,-1.932367E-07,0,0,0,0
Lu_2s12,35,3.55536886E-07,-2.973766E-01,3.516939E+05,3.211048E-04,-2.323748E-07,0,0,0,0
Lu_2s12,36,3.89881261E-07,-3.261026E-01,3.207189E+05,3.521230E-04,-2.794369E-07,0,0,0,0
Lu_2s12,37,4.27542511E-07,-3.576028E-01,2.924728E+05,3.861366E-04,-3.360292E-07,0,0,0,0
Lu_2s12,38,4.68840899E-07,-3.921450E-01,2.667152E+05,4.234349E-04,-4.040813E-07,0,0,0,0
Lu_2s12,39,5.14125814E-07,-4.300215E-01,2.432277E+05,4.643339E-04,-4.859101E-07,0,0,0,0
Lu_2s12,40,5.63783777E-07,-4.715555E-01,2.218092E+05,5.091821E-04,-5.843076E-07,0,0,0,0
Lu_2s12,41,6.18235912E-07,-5.170992E-01,2.022780E+05,5.583601E-04,-7.026258E-07,0,0,0,0
Lu_2s12,42,6.77944859E-07,-5.670395E-01,1.844676E+05,6.122857E-04,-8.448966E-07,0,0,0,0
Lu_2s12,43,7.43417883E-07,-6.218005E-01,1.682263E+05,6.714169E-04,-1.015968E-06,0,0,0,0
Lu_2s12,44,8.15209759E-07,-6.818461E-01,1.534163E+05,7.362553E-04,-1.221663E-06,0,0,0,0
Lu_2s12,45,8.93933023E-07,-7.476885E-01,1.399107E+05,8.073527E-04,-1.468999E-06,0,0,0,0
Lu_2s12,46,9.80253329E-07,-8.198841E-01,1.275952E+05,8.853114E-04,-1.766391E-06,0,0,0,0
Lu_2s12,47,1.07490332E-06,-8.990456E-01,1.163648E+05,9.707930E-04,-2.123966E-06,0,0,0,0
Lu_2s12,48,1.17868778E-06,-9.858455E-01,1.061239E+05,1.064524E-03,-2.553903E-06,0,0,0,0
Lu_2s12,49,1.29248727E-06,-1.081020E+00,9.678516E+04,1.167298E-03,-3.070840E-06,0,0,0,0
Lu_2s12,50,1.41726642E-06,-1.185375E+00,8.826928E+04,1.279988E-03,-3.692368E-06,0,0,0,0
Lu_2s12,51,1.55408252E-06,-1.299794E+00,8.050382E+04,1.403549E-03,-4.439632E-06,0,0,0,0
Lu_2s12,52,1.70409879E-06,-1.425248E+00,7.342252E+04,1.539029E-03,-5.338075E-06,0,0,0,0
Lu_2s12,53,1.86858481E-06,-1.562798E+00,6.696524E+04,1.687575E-03,-6.418246E-06,0,0,0,0
Lu_2s12,54,2.04893518E-06,-1.713608E+00,6.107702E+04,1.850446E-03,-7.716882E-06,0,0,0,0
Lu_2s12,55,2.24667680E-06,-1.878953E+00,5.570778E+04,2.029020E-03,-9.278126E-06,0,0,0,0
Lu_2s12,56,2.46348896E-06,-2.060232E+00,5.081174E+04,2.224812E-03,-1.115508E-05,0,0,0,0
Lu_2s12,57,2.70120429E-06,-2.258975E+00,4.634735E+04,2.439477E-03,-1.341149E-05,0,0,0,0
Lu_2s12,58,2.96183615E-06,-2.476857E+00,4.227659E+04,2.674830E-03,-1.612402E-05,0,0,0,0
Lu_2s12,59,3.24759167E-06,-2.715716E+00,3.856484E+04,2.932861E-03,-1.938478E-05,0,0,0,0
Lu_2s12,60,3.56088877E-06,-2.977564E+00,3.518053E+04,3.215751E-03,-2.330446E-05,0,0,0,0
Lu_2s12,61,3.90437587E-06,-3.264600E+00,3.209488E+04,3.525888E-03,-2.801602E-05,0,0,0,0
Lu_2s12,62,4.28096072E-06,-3.579235E+00,2.928164E+04,3.865889E-03,-3.367928E-05,0,0,0,0
Lu_2s12,63,4.69382455E-06,-3.924105E+00,2.671690E+04,4.238620E-03,-4.048616E-05,0,0,0,0
Lu_2s12,64,5.14645651E-06,-4.302092E+00,2.437886E+04,4.647222E-03,-4.866721E-05,0,0,0,0
Lu_2s12,65,5.64267994E-06,-4.716348E+00,2.224764E+04,5.095133E-03,-5.849935E-05,0,0,0,0
Lu_2s12,66,6.18668621E-06,-5.170318E+00,2.030512E+04,5.586117E-03,-7.031511E-05,0,0,0,0
Lu_2s12,67,6.78306446E-06,-5.667761E+00,1.853481E+04,6.124295E-03,-8.451369E-05,0,0,0,0
Lu_2s12,68,7.43684772E-06,-6.212780E+00,1.692167E+04,6.714179E-03,-1.015744E-04,0,0,0,0
Lu_2s12,69,8.15354812E-06,-6.809847E+00,1.545200E+04,7.360702E-03,-1.220722E-04,0,0,0,0
Lu_2s12,70,8.93920529E-06,-7.463830E+00,1.411334E+04,8.069261E-03,-1.466972E-04,0,0,0,0
Lu_2s12,71,9.80043817E-06,-8.180023E+00,1.289434E+04,8.845758E-03,-1.762769E-04,0,0,0,0
Lu_2s12,72,1.07444991E-05,-8.964176E+00,1.178467E+04,9.696640E-03,-2.118035E-04,0,0,0,0
Lu_2s12,73,1.17793295E-05,-9.822511E+00,1.077495E+04,1.062895E-02,-2.544657E-04,0,0,0,0
Lu_2s12,74,1.29136348E-05,-1.076176E+01,9.856670E+03,1.165037E-02,-3.056874E-04,0,0,0,0
Lu_2s12,75,1.41569462E-05,-1.178916E+01,9.022100E+03,1.276928E-02,-3.671726E-04,0,0,0,0
Lu_2s12,76,1.55197075E-05,-1.291250E+01,8.264256E+03,1.399482E-02,-4.409592E-04,0,0,0,0
Lu_2s12,77,1.70133553E-05,-1.414009E+01,7.576839E+03,1.533692E-02,-5.294818E-04,0,0,0,0
Lu_2s12,78,1.86504207E-05,-1.548074E+01,6.954218E+03,1.680637E-02,-6.356462E-04,0,0,0,0
Lu_2s12,79,2.04446227E-05,-1.694375E+01,6.391260E+03,1.841490E-02,-7.629150E-04,0,0,0,0
Lu_2s12,80,2.24109875E-05,-1.853882E+01,5.883520E+03,2.017518E-02,-9.154082E-04,0,0,0,0
Lu_2s12,81,2.45659712E-05,-2.027593E+01,5.427284E+03,2.210091E-02,-1.098018E-03,0,0,0,0
Lu_2s12,82,2.69275913E-05,-2.216516E+01,5.018870E+03,2.420686E-02,-1.316539E-03,0,0,0,0
Lu_2s12,83,2.95155769E-05,-2.421648E+01,4.655748E+03,2.650887E-02,-1.577816E-03,0,0,0,0
Lu_2s12,84,3.23515278E-05,-2.643933E+01,4.335897E+03,2.902388E-02,-1.889902E-03,0,0,0,0
Lu_2s12,85,3.54590885E-05,-2.884216E+01,4.057607E+03,3.176993E-02,-2.262233E-03,0,0,0,0
Lu_2s12,86,3.88641460E-05,-3.143171E+01,3.820346E+03,3.476610E-02,-2.705803E-03,0,0,0,0
Lu_2s12,87,4.25950311E-05,-3.421206E+01,3.624447E+03,3.803246E-02,-3.233334E-03,0,0,0,0
Lu_2s12,88,4.66827539E-05,-3.718335E+01,3.471129E+03,4.158994E-02,-3.859417E-03,0,0,0,0
Lu_2s12,89,5.11612515E-05,-4.034008E+01,3.363171E+03,4.546018E-02,-4.600602E-03,0,0,0,0
Lu_2s12,90,5.60676589E-05,-4.366875E+01,3.305270E+03,4.966534E-02,-5.475391E-03,0,0,0,0
Lu_2s12,91,6.14426048E-05,-4.714482E+01,3.304220E+03,5.422788E-02,-6.504060E-03,0,0,0,0
Lu_2s12,92,6.73305476E-05,-5.072868E+01,3.369675E+03,5.917031E-02,-7.708232E-03,0,0,0,0
Lu_2s12,93,7.37801101E-05,-5.436047E+01,3.514640E+03,6.451507E-02,-9.110065E-03,0,0,0,0
Lu_2s12,94,8.08444839E-05,-5.795353E+01,3.754473E+03,7.028459E-02,-1.073089E-02,0,0,0,0
Lu_2s12,95,8.85818410E-05,-6.138718E+01,4.100158E+03,7.650175E-02,-1.258906E-02,0,0,0,0
Lu_2s12,96,9.70557919E-05,-6.450115E+01,4.524009E+03,8.319112E-02,-1.469692E-02,0,0,0,0
Lu_2s12,97,1.06335888E-04,-6.710130E+01,4.857000E+03,9.038021E-02,-1.705693E-02,0,0,0,0
Lu_2s12,98,1.16498167E-04,-6.900239E+01,4.750119E+03,9.809742E-02,-1.965820E-02,0,0,0,0
Lu_2s12,99,1.27625740E-04,-7.013925E+01,4.025015E+03,1.063745E-01,-2.247734E-02,0,0,0,0
Lu_2s12,100,1.39809443E-04,-7.066706E+01,3.032300E+03,1.152641E-01,-2.548807E-02,0,0,0,0
Lu_2s12,101,1.53148538E-04,-7.085775E+01,2.271314E+03,1.248285E-01,-2.867481E-02,0,0,0,0
Lu_2s12,102,1.67751469E-04,-7.091153E+01,1.846331E+03,1.351167E-01,-3.203764E-02,0,0,0,0
Lu_2s12,103,1.83736702E-04,-7.092048E+01,1.599612E+03,1.461789E-01,-3.558784E-02,0,0,0,0
Lu_2s12,104,2.01233621E-04,-7.091667E+01,1.417322E+03,1.580730E-01,-3.934240E-02,0,0,0,0
Lu_2s12,105,2.20383511E-04,-7.090932E+01,1.261348E+03,1.708615E-01,-4.332103E-02,0,0,0,0
Lu_2s12,106,2.41340621E-04,-7.090062E+01,1.121533E+03,1.846098E-01,-4.754499E-02,0,0,0,0
Lu_2s12,107,2.64273321E-04,-7.089098E+01,9.949151E+02,1.993865E-01,-5.203666E-02,0,0,0,0
Lu_2s12,108,2.89365355E-04,-7.088039E+01,8.801391E+02,2.152640E-01,-5.681949E-02,0,0,0,0
Lu_2s12,109,3.16817200E-04,-7.086877E+01,7.761826E+02,2.323179E-01,-6.191803E-02,0,0,0,0
Lu_2s12,110,3.46847541E-04,-7.085603E+01,6.821310E+02,2.506276E-01,-6.735794E-02,0,0,0,0
Lu_2s12,111,3.79694864E-04,-7.084207E+01,5.971467E+02,2.702761E-01,-7.316601E-02,0,0,0,0
Lu_2s12,112,4.15619192E-04,-7.082677E+01,5.204620E+02,2.913495E-01,-7.937021E-02,0,0,0,0
Lu_2s12,113,4.54903944E-04,-7.080999E+01,4.513737E+02,3.139372E-01,-8.599964E-02,0,0,0,0
Lu_2s12,114,4.97857967E-04,-7.079161E+01,3.892361E+02,3.381311E-01,-9.308455E-02,0,0,0,0
Lu_2s12,115,5.44817717E-04,-7.077148E+01,3.334560E+02,3.640256E-01,-1.006563E-01,0,0,0,0
Lu_2s12,116,5.96149619E-04,-7.074942E+01,2.834875E+02,3.917164E-01,-1.087471E-01,0,0,0,0
Lu_2s12,117,6.52252617E-04,-7.072526E+01,2.388273E+02,4.213005E-01,-1.173904E-01,0,0,0,0
Lu_2s12,118,7.13560914E-04,-7.069881E+01,1.990107E+02,4.528742E-01,-1.266201E-01,0,0,0,0
Lu_2s12,119,7.80546942E-04,-7.066985E+01,1.636079E+02,4.865329E-01,-1.364707E-01,0,0,0,0
Lu_2s12,120,8.53724541E-04,-7.063816E+01,1.322209E+02,5.223689E-01,-1.469773E-01,0,0,0,0
Lu_2s12,121,9.33652389E-04,-7.060348E+01,1.044807E+02,5.604701E-01,-1.581746E-01,0,0,0,0
Lu_2s12,122,1.02093769E-03,-7.056555E+01,8.004505E+01,6.009176E-01,-1.700972E-01,0,0,0,0
Lu_2s12,123,1.11624013E-03,-7.052407E+01,5.859603E+01,6.437832E-01,-1.827788E-01,0,0,0,0
Lu_2s12,124,1.22027613E-03,-7.047871E+01,3.983878E+01,6.891267E-01,-1.962518E-01,0,0,0,0
Lu_2s12,125,1.33382338E-03,-7.042915E+01,2.349988E+01,7.369921E-01,-2.105463E-01,0,0,0,0
Lu_2s12,126,1.45772573E-03,-7.037500E+01,9.326127E+00,7.874042E-01,-2.256899E-01,0,0,0,0
Lu_2s12,127,1.59289840E-03,-7.031586E+01,-2.916405E+00,8.403633E-01,-2.417063E-01,0,0,0,0
Lu_2s12,128,1.74033353E-03,-7.025132E+01,-1.344328E+01,8.958406E-01,-2.586145E-01,0,0,0,0
Lu_2s12,129,1.90110615E-03,-7.018089E+01,-2.245243E+01,9.537720E-01,-2.764275E-01,0,0,0,0
Lu_2s12,130,2.07638050E-03,-7.010410E+01,-3.012491E+01,1.014052E+00,-2.951510E-01,0,0,0,0
Lu_2s12,131,2.26741677E-03,-7.002042E+01,-3.662553E+01,1.076525E+00,-3.147818E-01,0,0,0,0
Lu_2s12,132,2.47557828E-03,-6.992927E+01,-4.210360E+01,1.140978E+00,-3.353062E-01,0,0,0,0
Lu_2s12,133,2.70233906E-03,-6.983007E+01,-4.669358E+01,1.207134E+00,-3.566981E-01,0,0,0,0
Lu_2s12,134,2.94929195E-03,-6.972219E+01,-5.051592E+01,1.274637E+00,-3.789166E-01,0,0,0,0
Lu_2s12,135,3.21815711E-03,-6.960495E+01,-5.367778E+01,1.343047E+00,-4.019042E-01,0,0,0,0
Lu_2s12,136,3.51079106E-03,-6.947767E+01,-5.627394E+01,1.411828E+00,-4.255843E-01,0,0,0,0
Lu_2s12,137,3.82919619E-03,-6.933960E+01,-5.838764E+01,1.480334E+00,-4.498585E-01,0,0,0,0
Lu_2s12,138,4.17553074E-03,-6.918999E+01,-6.009153E+01,1.547802E+00,-4.746043E-01,0,0,0,0
Lu_2s12,139,4.55211944E-03,-6.902805E+01,-6.144855E+01,1.613341E+00,-4.996720E-01,0,0,0,0
Lu_2s12,140,4.96146447E-03,-6.885296E+01,-6.251288E+01,1.675920E+00,-5.248832E-01,0,0,0,0
Lu_2s12,141,5.40625706E-03,-6.866388E+01,-6.333086E+01,1.734362E+00,-5.500272E-01,0,0,0,0
Lu_2s12,142,5.88938963E-03,-6.845996E+01,-6.394180E+01,1.787335E+00,-5.748600E-01,0,0,0,0
Lu_2s12,143,6.41396839E-03,-6.824032E+01,-6.437887E+01,1.833355E+00,-5.991023E-01,0,0,0,0
Lu_2s12,144,6.98332646E-03,-6.800407E+01,-6.466984E+01,1.870780E+00,-6.224384E-01,0,0,0,0
Lu_2s12,145,7.60103751E-03,-6.775030E+01,-6.483782E+01,1.897821E+00,-6.445167E-01,0,0,0,0
Lu_2s12,146,8.27092988E-03,-6.747811E+01,-6.490189E+01,1.912551E+00,-6.649499E-01,0,0,0,0
Lu_2s12,147,8.99710118E-03,-6.718657E+01,-6.487768E+01,1.912929E+00,-6.833179E-01,0,0,0,0
Lu_2s12,148,9.78393329E-03,-6.687474E+01,-6.477793E+01,1.896825E+00,-6.992041E-01,0,0,0,0
Lu_2s12,149,1.06361078E-02,-6.654167E+01,-6.461289E+01,1.862066E+00,-7.121089E-01,0,0,0,0
Lu_2s12,150,1.15586218E-02,-6.618641E+01,-6.439076E+01,1.806477E+00,-7.215446E-01,0,0,0,0
Lu_2s12,151,1.25568040E-02,-6.580796E+01,-6.411802E+01,1.727955E+00,-7.270177E-01,0,0,0,0
Lu_2s12,152,1.36363313E-02,-6.540535E+01,-6.379971E+01,1.624539E+00,-7.280416E-01,0,0,0,0
Lu_2s12,153,1.48032451E-02,-6.497756E+01,-6.343968E+01,1.494499E+00,-7.241513E-01,0,0,0,0
Lu_2s12,154,1.60639684E-02,-6.452362E+01,-6.304086E+01,1.336442E+00,-7.149206E-01,0,0,0,0
Lu_2s12,155,1.74253227E-02,-6.404254E+01,-6.260539E+01,1.149416E+00,-6.999818E-01,0,0,0,0
Lu_2s12,156,1.88945447E-02,-6.353341E+01,-6.213477E+01,9.330296E-01,-6.790468E-01,0,0,0,0
Lu_2s12,157,2.04793037E-02,-6.299539E+01,-6.163009E+01,6.875735E-01,-6.519287E-01,0,0,0,0
Lu_2s12,158,2.21877176E-02,-6.242773E+01,-6.109207E+01,4.141329E-01,-6.185649E-01,0,0,0,0
Lu_2s12,159,2.40283703E-02,-6.182981E+01,-6.052116E+01,1.146933E-01,-5.790375E-01,0,0,0,0
Lu_2s12,160,2.60103273E-02,-6.120111E+01,-5.991767E+01,-2.077749E-01,-5.335920E-01,0,0,0,0
Lu_2s12,161,2.81431521E-02,-6.054115E+01,-5.928175E+01,-5.492618E-01,-4.826524E-01,0,0,0,0
Lu_2s12,162,3.04369210E-02,-5.984944E+01,-5.861345E+01,-9.047016E-01,-4.268293E-01,0,0,0,0
Lu_2s12,163,3.29022384E-02,-5.912547E+01,-5.791265E+01,-1.268006E+00,-3.669221E-01,0,0,0,0
Lu_2s12,164,3.55502504E-02,-5.836870E+01,-5.717917E+01,-1.632157E+00,-3.039111E-01,0,0,0,0
Lu_2s12,165,3.83926583E-02,-5.757864E+01,-5.641276E+01,-1.989361E+00,-2.389408E-01,0,0,0,0
Lu_2s12,166,4.14417311E-02,-5.675496E+01,-5.561322E+01,-2.331271E+00,-1.732913E-01,0,0,0,0
Lu_2s12,167,4.47103165E-02,-5.589759E+01,-5.478053E+01,-2.649278E+00,-1.083392E-01,0,0,0,0
Lu_2s12,168,4.82118514E-02,-5.500674E+01,-5.391492E+01,-2.934856E+00,-4.550784E-02,0,0,0,0
Lu_2s12,169,5.19603709E-02,-5.408297E+01,-5.301688E+01,-3.179952E+00,1.379048E-02,0,0,0,0
Lu_2s12,170,5.59705163E-02,-5.312708E+01,-5.208717E+01,-3.377395E+00,6.821819E-02,0,0,0,0
Lu_2s12,171,6.02575411E-02,-5.214002E+01,-5.112669E+01,-3.521309E+00,1.165775E-01,0,0,0,0
Lu_2s12,172,6.48373163E-02,-5.112282E+01,-5.013644E+01,-3.607489E+00,1.578724E-01,0,0,0,0
Lu_2s12,173,6.97263340E-02,-5.007654E+01,-4.911743E+01,-3.633709E+00,1.913633E-01,0,0,0,0
Lu_2s12,174,7.49417091E-02,-4.900230E+01,-4.807073E+01,-3.599933E+00,2.166090E-01,0,0,0,0
Lu_2s12,175,8.05011798E-02,-4.790126E+01,-4.699747E+01,-3.508412E+00,2.334919E-01,0,0,0,0
Lu_2s12,176,8.64231061E-02,-4.677502E+01,-4.589918E+01,-3.363629E+00,2.422247E-01,0,0,0,0
Lu_2s12,177,9.27264671E-02,-4.562538E+01,-4.477757E+01,-3.172097E+00,2.433350E-01,0,0,0,0
Lu_2s12,178,9.94308562E-02,-4.445469E+01,-4.363489E+01,-2.942024E+00,2.376301E-01,0,0,0,0
Lu_2s12,179,1.06556475E-01,-4.326541E+01,-4.247351E+01,-2.682842E+00,2.261421E-01,0,0,0,0
Lu_2s12,180,1.14124124E-01,-4.205996E+01,-4.129577E+01,-2.404665E+00,2.100585E-01,0,0,0,0
Lu_2s12,181,1.22155196E-01,-4.084052E+01,-4.010381E+01,-2.117694E+00,1.906444E-01,0,0,0,0
Lu_2s12,182,1.30671661E-01,-3.960930E+01,-3.889979E+01,-1.831645E+00,1.691632E-01,0,0,0,0
Lu_2s12,183,1.39696055E-01,-3.836869E+01,-3.768605E+01,-1.555221E+00,1.468030E-01,0,0,0,0
Lu_2s12,184,1.49251467E-01,-3.712155E+01,-3.646541E+01,-1.295704E+00,1.246151E-01,0,0,0,0
Lu_2s12,185,1.59361522E-01,-3.587132E+01,-3.524120E+01,-1.058669E+00,1.034674E-01,0,0,0,0
Lu_2s12,186,1.70050362E-01,-3.462150E+01,-3.401689E+01,-8.478577E-01,8.401831E-02,0,0,0,0
Lu_2s12,187,1.81342630E-01,-3.337542E+01,-3.279572E+01,-6.651998E-01,6.670848E-02,0,0,0,0
Lu_2s12,188,1.93263449E-01,-3.213569E+01,-3.158030E+01,-5.109709E-01,5.177162E-02,0,0,0,0
Lu_2s12,189,2.05838402E-01,-3.090408E+01,-3.037233E+01,-3.840566E-01,3.925953E-02,0,0,0,0
Lu_2s12,190,2.19093507E-01,-2.968140E+01,-2.917261E+01,-2.822806E-01,2.907743E-02,0,0,0,0
Lu_2s12,191,2.33055201E-01,-2.846816E+01,-2.798166E+01,-2.027578E-01,2.102413E-02,0,0,0,0
Lu_2s12,192,2.47750307E-01,-2.726489E+01,-2.679996E+01,-1.422338E-01,1.483221E-02,0,0,0,0
Lu_2s12,193,2.63206019E-01,-2.607291E+01,-2.562885E+01,-9.737970E-02,1.020421E-02,0,0,0,0
Lu_2s12,194,2.79449870E-01,-2.489435E+01,-2.447042E+01,-6.502527E-02,6.842035E-03,0,0,0,0
Lu_2s12,195,2.96509710E-01,-2.373169E+01,-2.332713E+01,-4.232016E-02,4.468490E-03,0,0,0,0
Lu_2s12,196,3.14413681E-01,-2.258696E+01,-2.220100E+01,-2.682646E-02,2.840761E-03,0,0,0,0
Lu_2s12,197,3.33190188E-01,-2.146130E+01,-2.109320E+01,-1.655107E-02,1.756823E-03,0,0,0,0
Lu_2s12,198,3.52867877E-01,-2.035548E+01,-2.000453E+01,-9.931772E-03,1.056216E-03,0,0,0,0
Lu_2s12,199,3.73475605E-01,-1.927067E+01,-1.893617E+01,-5.792348E-03,6.168983E-04,0,0,0,0
Lu_2s12,200,3.95042416E-01,-1.820943E+01,-1.789069E+01,-3.280931E-03,3.497907E-04,0,0,0,0
Lu_2s12,201,4.17597515E-01,-1.717551E+01,-1.687185E+01,-1.803602E-03,1.924111E-04,0,0,0,0
Lu_2s12,202,4.41170244E-01,-1.617347E+01,-1.588422E+01,-9.615504E-04,1.026053E-04,0,0,0,0
Lu_2s12,203,4.65790054E-01,-1.520802E+01,-1.493253E+01,-4.967959E-04,5.300477E-05,0,0,0,0
Lu_2s12,204,4.91486481E-01,-1.428334E+01,-1.402097E+01,-2.485679E-04,2.650650E-05,0,0,0,0
Lu_2s12,205,5.18289124E-01,-1.340261E+01,-1.315275E+01,-1.203536E-04,1.282229E-05,0,0,0,0
Lu_2s12,206,5.46227617E-01,-1.256783E+01,-1.232987E+01,-5.635131E-05,5.995621E-06,0,0,0,0
Lu_2s12,207,5.75331612E-01,-1.177967E+01,-1.155305E+01,-2.549541E-05,2.707902E-06,0,0,0,0
Lu_2s12,208,6.05630751E-01,-1.103791E+01,-1.082206E+01,-1.113811E-05,1.180402E-06,0,0,0,0
Lu_2s12,209,6.37154647E-01,-1.034137E+01,-1.013575E+01,-4.694920E-06,4.962329E-07,0,0,0,0
Lu_2s12,210,6.69932864E-01,-9.688292E+00,-9.492398E+00,-1.908020E-06,2.010257E-07,0,0,0,0
Lu_2s12,211,7.03994894E-01,-9.076812E+00,-8.890143E+00,-7.470391E-07,7.840967E-08,0,0,0,0
Lu_2s12,212,7.39370141E-01,-8.504780E+00,-8.326863E+00,-2.815606E-07,2.942189E-08,0,0,0,0
Lu_2s12,213,7.76087899E-01,-7.970104E+00,-7.800486E+00,-1.020768E-07,1.061142E-08,0,0,0,0
Lu_2s12,214,8.14177341E-01,-7.470733E+00,-7.308980E+00,-3.556827E-08,3.675224E-09,0,0,0,0
Lu_2s12,215,8.53667493E-01,-7.004632E+00,-6.850333E+00,-1.190220E-08,1.221215E-09,0,0,0,0
Lu_2s12,216,8.94587226E-01,-6.569778E+00,-6.422541E+00,-3.821767E-09,3.889301E-10,0,0,0,0
Lu_2s12,217,9.36965239E-01,-6.164163E+00,-6.023616E+00,-1.176551E-09,1.185973E-10,0,0,0,0
Lu_2s12,218,9.80830042E-01,-5.785828E+00,-5.651619E+00,-3.469753E-10,4.527823E-11,0,0,0,0
Lu_2s12,219,1.02620995E+00,-5.432904E+00,-5.304700E+00,-9.793806E-11,-1.767671E-11,0,0,0,0
Lu_3d32,0,1.40845070E-08,-1.178053E-02,8.875546E+06,1.684273E-18,9.310550E-14,0,0,0,0
Lu_3d32,1,1.54458033E-08,-1.291915E-02,8.093335E+06,2.215637E-18,1.119707E-13,0,0,0,0
Lu_3d32,2,1.69386420E-08,-1.416778E-02,7.380075E+06,2.917401E-18,1.346622E-13,0,0,0,0
Lu_3d32,3,1.85757639E-08,-1.553710E-02,6.729675E+06,3.843739E-18,1.619504E-13,0,0,0,0
Lu_3d32,4,2.03710783E-08,-1.703873E-02,6.136605E+06,5.066121E-18,1.947685E-13,0,0,0,0
Lu_3d32,5,2.23399067E-08,-1.868550E-02,5.595802E+06,6.678833E-18,2.342350E-13,0,0,0,0
Lu_3d32,6,2.44990189E-08,-2.049142E-02,5.102660E+06,8.806241E-18,2.817002E-13,0,0,0,0
Lu_3d32,7,2.68667586E-08,-2.247184E-02,4.652986E+06,1.161237E-17,3.387834E-13,0,0,0,0
Lu_3d32,8,2.94633317E-08,-2.464366E-02,4.242940E+06,1.531357E-17,4.074303E-13,0,0,0,0
Lu_3d32,9,3.23108539E-08,-2.702537E-02,3.869030E+06,2.019518E-17,4.899890E-13,0,0,0,0
Lu_3d32,10,3.54335170E-08,-2.963723E-02,3.528078E+06,2.663349E-17,5.892801E-13,0,0,0,0
Lu_3d32,11,3.88579005E-08,-3.250144E-02,3.217179E+06,3.512480E-17,7.086806E-13,0,0,0,0
Lu_3d32,12,4.26132991E-08,-3.564252E-02,2.933671E+06,4.632368E-17,8.522774E-13,0,0,0,0
Lu_3d32,13,4.67314733E-08,-3.908704E-02,2.675157E+06,6.109324E-17,1.024977E-12,0,0,0,0
Lu_3d32,14,5.12476303E-08,-4.286443E-02,2.439424E+06,8.057195E-17,1.232650E-12,0,0,0,0
Lu_3d32,15,5.62002313E-08,-4.700687E-02,2.224464E+06,1.062611E-16,1.482417E-12,0,0,0,0
Lu_3d32,16,6.16312403E-08,-5.154947E-02,2.028454E+06,1.401406E-16,1.782778E-12,0,0,0,0
Lu_3d32,17,6.75872020E-08,-5.653114E-02,1.849713E+06,1.848217E-16,2.143989E-12,0,0,0,0
Lu_3d32,18,7.41184821E-08,-6.199401E-02,1.686728E+06,2.437475E-16,2.578399E-12,0,0,0,0
Lu_3d32,19,8.12809116E-08,-6.798480E-02,1.538105E+06,3.214595E-16,3.100797E-12,0,0,0,0
Lu_3d32,20,8.91353265E-08,-7.455437E-02,1.402580E+06,4.239462E-16,3.729026E-12,0,0,0,0
Lu_3d32,21,9.77487367E-08,-8.175877E-02,1.278998E+06,5.591057E-16,4.484547E-12,0,0,0,0
Lu_3d32,22,1.07194113E-07,-8.965905E-02,1.166308E+06,7.373519E-16,5.393130E-12,0,0,0,0
Lu_3d32,23,1.17552189E-07,-9.832272E-02,1.063548E+06,9.724206E-16,6.485723E-12,0,0,0,0
Lu_3d32,24,1.28910932E-07,-1.078234E-01,9.698439E+05,1.282423E-15,7.799694E-12,0,0,0,0
Lu_3d32,25,1.41366993E-07,-1.182418E-01,8.843975E+05,1.691246E-15,9.379827E-12,0,0,0,0
Lu_3d32,26,1.55026355E-07,-1.296667E-01,8.064811E+05,2.230385E-15,1.128004E-11,0,0,0,0
Lu_3d32,27,1.70005236E-07,-1.421953E-01,7.354308E+05,2.941376E-15,1.356515E-11,0,0,0,0
Lu_3d32,28,1.86431075E-07,-1.559342E-01,6.706415E+05,3.878993E-15,1.631309E-11,0,0,0,0
Lu_3d32,29,2.04443616E-07,-1.710001E-01,6.115614E+05,5.115463E-15,1.961775E-11,0,0,0,0
Lu_3d32,30,2.24195708E-07,-1.875211E-01,5.576882E+05,6.746026E-15,2.359161E-11,0,0,0,0
Lu_3d32,31,2.45856126E-07,-2.056382E-01,5.085611E+05,8.896287E-15,2.837027E-11,0,0,0,0
Lu_3d32,32,2.69608304E-07,-2.255048E-01,4.637636E+05,1.173185E-14,3.411694E-11,0,0,0,0
Lu_3d32,33,2.95654667E-07,-2.472904E-01,4.229133E+05,1.547110E-14,4.102744E-11,0,0,0,0
Lu_3d32,34,3.24216193E-07,-2.711796E-01,3.856629E+05,2.040199E-14,4.933709E-11,0,0,0,0
Lu_3d32,35,3.55536886E-07,-2.973766E-01,3.516939E+05,2.690426E-14,5.932973E-11,0,0,0,0
Lu_3d32,36,3.89881261E-07,-3.261026E-01,3.207189E+05,3.547853E-14,7.134643E-11,0,0,0,0
Lu_3d32,37,4.27542511E-07,-3.576028E-01,2.924728E+05,4.678502E-14,8.579515E-11,0,0,0,0
Lu_3d32,38,4.68840899E-07,-3.921450E-01,2.667152E+05,6.169421E-14,1.031707E-10,0,0,0,0
Lu_3d32,39,5.14125814E-07,-4.300215E-01,2.432277E+05,8.135374E-14,1.240644E-10,0,0,0,0
Lu_3d32,40,5.63783777E-07,-4.715555E-01,2.218092E+05,1.072770E-13,1.491871E-10,0,0,0,0
Lu_3d32,41,6.18235912E-07,-5.170992E-01,2.022780E+05,1.414593E-13,1.793971E-10,0,0,0,0
Lu_3d32,42,6.77944859E-07,-5.670395E-01,1.844676E+05,1.865313E-13,2.157225E-10,0,0,0,0
Lu_3d32,43,7.43417883E-07,-6.218005E-01,1.682263E+05,2.459615E-13,2.594029E-10,0,0,0,0
Lu_3d32,44,8.15209759E-07,-6.818461E-01,1.534163E+05,3.243225E-13,3.119233E-10,0,0,0,0
Lu_3d32,45,8.93933023E-07,-7.476885E-01,1.399107E+05,4.276438E-13,3.750732E-10,0,0,0,0
Lu_3d32,46,9.80253329E-07,-8.198841E-01,1.275952E+05,5.638731E-13,4.510098E-10,0,0,0,0
Lu_3d32,47,1.07490332E-06,-8.990456E-01,1.163648E+05,7.434889E-13,5.423122E-10,0,0,0,0
Lu_3d32,48,1.17868778E-06,-9.858455E-01,1.061239E+05,9.803056E-13,6.520887E-10,0,0,0,0
Lu_3d32,49,1.29248727E-06,-1.081020E+00,9.678516E+04,1.292534E-12,7.840811E-10,0,0,0,0
Lu_3d32,50,1.41726642E-06,-1.185375E+00,8.826928E+04,1.704180E-12,9.427858E-10,0,0,0,0
Lu_3d32,51,1.55408252E-06,-1.299794E+00,8.050382E+04,2.246888E-12,1.133596E-09,0,0,0,0
Lu_3d32,52,1.70409879E-06,-1.425248E+00,7.342252E+04,2.962373E-12,1.363006E-09,0,0,0,0
Lu_3d32,53,1.86858481E-06,-1.562798E+00,6.696524E+04,3.905618E-12,1.638830E-09,0,0,0,0
Lu_3d32,54,2.04893518E-06,-1.713608E+00,6.107702E+04,5.149097E-12,1.970449E-09,0,0,0,0
Lu_3d32,55,2.24667680E-06,-1.878953E+00,5.570778E+04,6.788329E-12,2.369130E-09,0,0,0,0
Lu_3d32,56,2.46348896E-06,-2.060232E+00,5.081174E+04,8.949217E-12,2.848434E-09,0,0,0,0
Lu_3d32,57,2.70120429E-06,-2.258975E+00,4.634735E+04,1.179768E-11,3.424674E-09,0,0,0,0
Lu_3d32,58,2.96183615E-06,-2.476857E+00,4.227659E+04,1.555237E-11,4.117414E-09,0,0,0,0
Lu_3d32,59,3.24759167E-06,-2.715716E+00,3.856484E+04,2.050145E-11,4.950196E-09,0,0,0,0
Lu_3d32,60,3.56088877E-06,-2.977564E+00,3.518053E+04,2.702461E-11,5.951325E-09,0,0,0,0
Lu_3d32,61,3.90437587E-06,-3.264600E+00,3.209488E+04,3.562215E-11,7.154784E-09,0,0,0,0
Lu_3d32,62,4.28096072E-06,-3.579235E+00,2.928164E+04,4.695325E-11,8.601426E-09,0,0,0,0
Lu_3d32,63,4.69382455E-06,-3.924105E+00,2.671690E+04,6.188629E-11,1.034038E-08,0,0,0,0
Lu_3d32,64,5.14645651E-06,-4.302092E+00,2.437886E+04,8.156522E-11,1.243061E-08,0,0,0,0
Lu_3d32,65,5.64267994E-06,-4.716348E+00,2.224764E+04,1.074968E-10,1.494301E-08,0,0,0,0
Lu_3d32,66,6.18668621E-06,-5.170318E+00,2.030512E+04,1.416656E-10,1.796275E-08,0,0,0,0
Lu_3d32,67,6.78306446E-06,-5.667761E+00,1.853481E+04,1.866848E-10,2.159216E-08,0,0,0,0
Lu_3d32,68,7.43684772E-06,-6.212780E+00,1.692167E+04,2.459952E-10,2.595414E-08,0,0,0,0
Lu_3d32,69,8.15354812E-06,-6.809847E+00,1.545200E+04,3.241262E-10,3.119636E-08,0,0,0,0
Lu_3d32,70,8.93920529E-06,-7.463830E+00,1.411334E+04,4.270395E-10,3.749614E-08,0,0,0,0
Lu_3d32,71,9.80043817E-06,-8.180023E+00,1.289434E+04,5.625795E-10,4.506641E-08,0,0,0,0
Lu_3d32,72,1.07444991E-05,-8.964176E+00,1.178467E+04,7.410658E-10,5.416293E-08,0,0,0,0
Lu_3d32,73,1.17793295E-05,-9.822511E+00,1.077495E+04,9.760694E-10,6.509270E-08,0,0,0,0
Lu_3d32,74,1.29136348E-05,-1.076176E+01,9.856670E+03,1.285431E-09,7.822425E-08,0,0,0,0
Lu_3d32,75,1.41569462E-05,-1.178916E+01,9.022100E+03,1.692594E-09,9.399996E-08,0,0,0,0
Lu_3d32,76,1.55197075E-05,-1.291250E+01,8.264256E+03,2.228347E-09,1.129505E-07,0,0,0,0
Lu_3d32,77,1.70133553E-05,-1.414009E+01,7.576839E+03,2.933104E-09,1.357127E-07,0,0,0,0
Lu_3d32,78,1.86504207E-05,-1.548074E+01,6.954218E+03,3.859871E-09,1.630499E-07,0,0,0,0
Lu_3d32,79,2.04446227E-05,-1.694375E+01,6.391260E+03,5.078113E-09,1.958778E-07,0,0,0,0
Lu_3d32,80,2.24109875E-05,-1.853882E+01,5.883520E+03,6.678773E-09,2.352932E-07,0,0,0,0
Lu_3d32,81,2.45659712E-05,-2.027593E+01,5.427284E+03,8.780765E-09,2.826104E-07,0,0,0,0
Lu_3d32,82,2.69275913E-05,-2.216516E+01,5.018870E+03,1.153935E-08,3.394026E-07,0,0,0,0
Lu_3d32,83,2.95155769E-05,-2.421648E+01,4.655748E+03,1.515689E-08,4.075522E-07,0,0,0,0
Lu_3d32,84,3.23515278E-05,-2.643933E+01,4.335897E+03,1.989658E-08,4.893104E-07,0,0,0,0
Lu_3d32,85,3.54590885E-05,-2.884216E+01,4.057607E+03,2.609985E-08,5.873662E-07,0,0,0,0
Lu_3d32,86,3.88641460E-05,-3.143171E+01,3.820346E+03,3.420824E-08,7.049297E-07,0,0,0,0
Lu_3d32,87,4.25950311E-05,-3.421206E+01,3.624447E+03,4.479056E-08,8.458289E-07,0,0,0,0
Lu_3d32,88,4.66827539E-05,-3.718335E+01,3.471129E+03,5.857612E-08,1.014623E-06,0,0,0,0
Lu_3d32,89,5.11612515E-05,-4.034008E+01,3.363171E+03,7.649454E-08,1.216736E-06,0,0,0,0
Lu_3d32,90,5.60676589E-05,-4.366875E+01,3.305270E+03,9.972211E-08,1.458613E-06,0,0,0,0
Lu_3d32,91,6.14426048E-05,-4.714482E+01,3.304220E+03,1.297334E-07,1.747899E-06,0,0,0,0
Lu_3d32,92,6.73305476E-05,-5.072868E+01,3.369675E+03,1.683548E-07,2.093654E-06,0,0,0,0
Lu_3d32,93,7.37801101E-05,-5.436047E+01,3.514640E+03,2.178132E-07,2.506608E-06,0,0,0,0
Lu_3d32,94,8.08444839E-05,-5.795353E+01,3.754473E+03,2.807669E-07,2.999454E-06,0,0,0,0
Lu_3d32,95,8.85818410E-05,-6.138718E+01,4.100158E+03,3.602980E-07,3.587235E-06,0,0,0,0
Lu_3d32,96,9.70557919E-05,-6.450115E+01,4.524009E+03,4.598371E-07,4.287768E-06,0,0,0,0
Lu_3d32,97,1.06335888E-04,-6.710130E+01,4.857000E+03,5.829844E-07,5.121875E-06,0,0,0,0
Lu_3d32,98,1.16498167E-04,-6.900239E+01,4.750119E+03,7.332386E-07,6.114137E-06,0,0,0,0
Lu_3d32,99,1.27625740E-04,-7.013925E+01,4.025015E+03,9.139242E-07,7.295839E-06,0,0,0,0
Lu_3d32,100,1.39809443E-04,-7.066706E+01,3.032300E+03,1.128872E-06,8.704778E-06,0,0,0,0
Lu_3d32,101,1.53148538E-04,-7.085775E+01,2.271314E+03,1.383417E-06,1.038212E-05,0,0,0,0
Lu_3d32,102,1.67751469E-04,-7.091153E+01,1.846331E+03,1.684938E-06,1.237703E-05,0,0,0,0
Lu_3d32,103,1.83736702E-04,-7.092048E+01,1.599612E+03,2.043124E-06,1.475141E-05,0,0,0,0
Lu_3d32,104,2.01233621E-04,-7.091667E+01,1.417322E+03,2.470084E-06,1.757833E-05,0,0,0,0
Lu_3d32,105,2.20383511E-04,-7.090932E+01,1.261348E+03,2.980556E-06,2.094325E-05,0,0,0,0
Lu_3d32,106,2.41340621E-04,-7.090062E+01,1.121533E+03,3.592357E-06,2.494747E-05,0,0,0,0
Lu_3d32,107,2.64273321E-04,-7.089098E+01,9.949151E+02,4.327037E-06,2.971126E-05,0,0,0,0
Lu_3d32,108,2.89365355E-04,-7.088039E+01,8.801391E+02,5.210718E-06,3.537734E-05,0,0,0,0
Lu_3d32,109,3.16817200E-04,-7.086877E+01,7.761826E+02,6.275119E-06,4.211489E-05,0,0,0,0
Lu_3d32,110,3.46847541E-04,-7.085603E+01,6.821310E+02,7.558836E-06,5.012433E-05,0,0,0,0
Lu_3d32,111,3.79694864E-04,-7.084207E+01,5.971467E+02,9.108909E-06,5.964297E-05,0,0,0,0
Lu_3d32,112,4.15619192E-04,-7.082677E+01,5.204620E+02,1.098276E-05,7.095164E-05,0,0,0,0
Lu_3d32,113,4.54903944E-04,-7.080999E+01,4.513737E+02,1.325061E-05,8.438245E-05,0,0,0,0
Lu_3d32,114,4.97857967E-04,-7.079161E+01,3.892361E+02,1.599842E-05,1.003279E-04,0,0,0,0
Lu_3d32,115,5.44817717E-04,-7.077148E+01,3.334560E+02,1.933163E-05,1.192517E-04,0,0,0,0
Lu_3d32,116,5.96149619E-04,-7.074942E+01,2.834875E+02,2.337973E-05,1.417008E-04,0,0,0,0
Lu_3d32,117,6.52252617E-04,-7.072526E+01,2.388273E+02,2.830194E-05,1.683207E-04,0,0,0,0
Lu_3d32,118,7.13560914E-04,-7.069881E+01,1.990107E+02,3.429439E-05,1.998715E-04,0,0,0,0
Lu_3d32,119,7.80546942E-04,-7.066985E+01,1.636079E+02,4.159891E-05,2.372484E-04,0,0,0,0
Lu_3d32,120,8.53724541E-04,-7.063816E+01,1.322209E+02,5.051410E-05,2.815039E-04,0,0,0,0
Lu_3d32,121,9.33652389E-04,-7.060348E+01,1.044807E+02,6.140914E-05,3.338749E-04,0,0,0,0
Lu_3d32,122,1.02093769E-03,-7.056555E+01,8.004505E+01,7.474092E-05,3.958126E-04,0,0,0,0
Lu_3d32,123,1.11624013E-03,-7.052407E+01,5.859603E+01,9.107557E-05,4.690183E-04,0,0,0,0
Lu_3d32,124,1.22027613E-03,-7.047871E+01,3.983878E+01,1.111152E-04,5.554836E-04,0,0,0,0
Lu_3d32,125,1.33382338E-03,-7.042915E+01,2.349988E+01,1.357313E-04,6.575363E-04,0,0,0,0
Lu_3d32,126,1.45772573E-03,-7.037500E+01,9.326127E+00,1.660065E-04,7.778942E-04,0,0,0,0
Lu_3d32,127,1.59289840E-03,-7.031586E+01,-2.916405E+00,2.032866E-04,9.197240E-04,0,0,0,0
Lu_3d32,128,1.74033353E-03,-7.025132E+01,-1.344328E+01,2.492453E-04,1.086710E-03,0,0,0,0
Lu_3d32,129,1.90110615E-03,-7.018089E+01,-2.245243E+01,3.059646E-04,1.283131E-03,0,0,0,0
Lu_3d32,130,2.07638050E-03,-7.010410E+01,-3.012491E+01,3.760354E-04,1.513944E-03,0,0,0,0
Lu_3d32,131,2.26741677E-03,-7.002042E+01,-3.662553E+01,4.626819E-04,1.784881E-03,0,0,0,0
Lu_3d32,132,2.47557828E-03,-6.992927E+01,-4.210360E+01,5.699153E-04,2.102557E-03,0,0,0,0
Lu_3d32,133,2.70233906E-03,-6.983007E+01,-4.669358E+01,7.027249E-04,2.474579E-03,0,0,0,0
Lu_3d32,134,2.94929195E-03,-6.972219E+01,-5.051592E+01,8.673134E-04,2.909679E-03,0,0,0,0
Lu_3d32,135,3.21815711E-03,-6.960495E+01,-5.367778E+01,1.071386E-03,3.417844E-03,0,0,0,0
Lu_3d32,136,3.51079106E-03,-6.947767E+01,-5.627394E+01,1.324508E-03,4.010460E-03,0,0,0,0
Lu_3d32,137,3.82919619E-03,-6.933960E+01,-5.838764E+01,1.638535E-03,4.700464E-03,0,0,0,0
Lu_3d32,138,4.17553074E-03,-6.918999E+01,-6.009153E+01,2.028148E-03,5.502493E-03,0,0,0,0
Lu_3d32,139,4.55211944E-03,-6.902805E+01,-6.144855E+01,2.511495E-03,6.433039E-03,0,0,0,0
Lu_3d32,140,4.96146447E-03,-6.885296E+01,-6.251288E+01,3.110965E-03,7.510593E-03,0,0,0,0
Lu_3d32,141,5.40625706E-03,-6.866388E+01,-6.333086E+01,3.854131E-03,8.755783E-03,0,0,0,0
Lu_3d32,142,5.88938963E-03,-6.845996E+01,-6.394180E+01,4.774860E-03,1.019148E-02,0,0,0,0
Lu_3d32,143,6.41396839E-03,-6.824032E+01,-6.437887E+01,5.914644E-03,1.184288E-02,0,0,0,0
Lu_3d32,144,6.98332646E-03,-6.800407E+01,-6.466984E+01,7.324171E-03,1.373753E-02,0,0,0,0
Lu_3d32,145,7.60103751E-03,-6.775030E+01,-6.483782E+01,9.065154E-03,1.590532E-02,0,0,0,0
Lu_3d32,146,8.27092988E-03,-6.747811E+01,-6.490189E+01,1.121246E-02,1.837836E-02,0,0,0,0
Lu_3d32,147,8.99710118E-03,-6.718657E+01,-6.487768E+01,1.385657E-02,2.119075E-02,0,0,0,0
Lu_3d32,148,9.78393329E-03,-6.687474E+01,-6.477793E+01,1.710632E-02,2.437829E-02,0,0,0,0
Lu_3d32,149,1.06361078E-02,-6.654167E+01,-6.461289E+01,2.109204E-02,2.797795E-02,0,0,0,0
Lu_3d32,150,1.15586218E-02,-6.618641E+01,-6.439076E+01,2.596894E-02,3.202725E-02,0,0,0,0
Lu_3d32,151,1.25568040E-02,-6.580796E+01,-6.411802E+01,3.192084E-02,3.656335E-02,0,0,0,0
Lu_3d32,152,1.36363313E-02,-6.540535E+01,-6.379971E+01,3.916405E-02,4.162200E-02,0,0,0,0
Lu_3d32,153,1.48032451E-02,-6.497756E+01,-6.343968E+01,4.795130E-02,4.723620E-02,0,0,0,0
Lu_3d32,154,1.60639684E-02,-6.452362E+01,-6.304086E+01,5.857569E-02,5.343455E-02,0,0,0,0
Lu_3d32,155,1.74253227E-02,-6.404254E+01,-6.260539E+01,7.137423E-02,6.023946E-02,0,0,0,0
Lu_3d32,156,1.88945447E-02,-6.353341E+01,-6.213477E+01,8.673077E-02,6.766498E-02,0,0,0,0
Lu_3d32,157,2.04793037E-02,-6.299539E+01,-6.163009E+01,1.050780E-01,7.571448E-02,0,0,0,0
Lu_3d32,158,2.21877176E-02,-6.242773E+01,-6.109207E+01,1.268978E-01,8.437809E-02,0,0,0,0
Lu_3d32,159,2.40283703E-02,-6.182981E+01,-6.052116E+01,1.527198E-01,9.363010E-02,0,0,0,0
Lu_3d32,160,2.60103273E-02,-6.120111E+01,-5.991767E+01,1.831173E-01,1.034263E-01,0,0,0,0
Lu_3d32,161,2.81431521E-02,-6.054115E+01,-5.928175E+01,2.186993E-01,1.137014E-01,0,0,0,0
Lu_3d32,162,3.04369210E-02,-5.984944E+01,-5.861345E+01,2.600993E-01,1.243670E-01,0,0,0,0
Lu_3d32,163,3.29022384E-02,-5.912547E+01,-5.791265E+01,3.079589E-01,1.353096E-01,0,0,0,0
Lu_3d32,164,3.55502504E-02,-5.836870E+01,-5.717917E+01,3.629063E-01,1.463899E-01,0,0,0,0
Lu_3d32,165,3.83926583E-02,-5.757864E+01,-5.641276E+01,4.255286E-01,1.574427E-01,0,0,0,0
Lu_3d32,166,4.14417311E-02,-5.675496E+01,-5.561322E+01,4.963394E-01,1.682778E-01,0,0,0,0
Lu_3d32,167,4.47103165E-02,-5.589759E+01,-5.478053E+01,5.757400E-01,1.786828E-01,0,0,0,0
Lu_3d32,168,4.82118514E-02,-5.500674E+01,-5.391492E+01,6.639760E-01,1.884272E-01,0,0,0,0
Lu_3d32,169,5.19603709E-02,-5.408297E+01,-5.301688E+01,7.610907E-01,1.972673E-01,0,0,0,0
Lu_3d32,170,5.59705163E-02,-5.312708E+01,-5.208717E+01,8.668765E-01,2.049544E-01,0,0,0,0
Lu_3d32,171,6.02575411E-02,-5.214002E+01,-5.112669E+01,9.808282E-01,2.112425E-01,0,0,0,0
Lu_3d32,172,6.48373163E-02,-5.112282E+01,-5.013644E+01,1.102100E+00,2.158989E-01,0,0,0,0
Lu_3d32,173,6.97263340E-02,-5.007654E+01,-4.911743E+01,1.229471E+00,2.187147E-01,0,0,0,0
Lu_3d32,174,7.49417091E-02,-4.900230E+01,-4.807073E+01,1.361324E+00,2.195163E-01,0,0,0,0
Lu_3d32,175,8.05011798E-02,-4.790126E+01,-4.699747E+01,1.495641E+00,2.181760E-01,0,0,0,0
Lu_3d32,176,8.64231061E-02,-4.677502E+01,-4.589918E+01,1.630019E+00,2.146224E-01,0,0,0,0
Lu_3d32,177,9.27264671E-02,-4.562538E+01,-4.477757E+01,1.761714E+00,2.088476E-01,0,0,0,0
Lu_3d32,178,9.94308562E-02,-4.445469E+01,-4.363489E+01,1.887703E+00,2.009125E-01,0,0,0,0
Lu_3d32,179,1.06556475E-01,-4.326541E+01,-4.247351E+01,2.004780E+00,1.909489E-01,0,0,0,0
Lu_3d32,180,1.14124124E-01,-4.205996E+01,-4.129577E+01,2.109670E+00,1.791573E-01,0,0,0,0
Lu_3d32,181,1.22155196E-01,-4.084052E+01,-4.010381E+01,2.199170E+00,1.658021E-01,0,0,0,0
Lu_3d32,182,1.30671661E-01,-3.960930E+01,-3.889979E+01,2.270292E+00,1.512023E-01,0,0,0,0
Lu_3d32,183,1.39696055E-01,-3.836869E+01,-3.768605E+01,2.320427E+00,1.357182E-01,0,0,0,0
Lu_3d32,184,1.49251467E-01,-3.712155E+01,-3.646541E+01,2.347487E+00,1.197354E-01,0,0,0,0
Lu_3d32,185,1.59361522E-01,-3.587132E+01,-3.524120E+01,2.350040E+00,1.036477E-01,0,0,0,0
Lu_3d32,186,1.70050362E-01,-3.462150E+01,-3.401689E+01,2.327415E+00,8.783744E-02,0,0,0,0
Lu_3d32,187,1.81342630E-01,-3.337542E+01,-3.279572E+01,2.279760E+00,7.265838E-02,0,0,0,0
Lu_3d32,188,1.93263449E-01,-3.213569E+01,-3.158030E+01,2.208066E+00,5.842058E-02,0,0,0,0
Lu_3d32,189,2.05838402E-01,-3.090408E+01,-3.037233E+01,2.114140E+00,4.537869E-02,0,0,0,0
Lu_3d32,190,2.19093507E-01,-2.968140E+01,-2.917261E+01,2.000528E+00,3.372402E-02,0,0,0,0
Lu_3d32,191,2.33055201E-01,-2.846816E+01,-2.798166E+01,1.870407E+00,2.358039E-02,0,0,0,0
Lu_3d32,192,2.47750307E-01,-2.726489E+01,-2.679996E+01,1.727428E+00,1.500364E-02,0,0,0,0
Lu_3d32,193,2.63206019E-01,-2.607291E+01,-2.562885E+01,1.575544E+00,7.984744E-03,0,0,0,0
Lu_3d32,194,2.79449870E-01,-2.489435E+01,-2.447042E+01,1.418808E+00,2.456399E-03,0,0,0,0
Lu_3d32,195,2.96509710E-01,-2.373169E+01,-2.332713E+01,1.261185E+00,-1.697171E-03,0,0,0,0
Lu_3d32,196,3.14413681E-01,-2.258696E+01,-2.220100E+01,1.106359E+00,-4.627944E-03,0,0,0,0
Lu_3d32,197,3.33190188E-01,-2.146130E+01,-2.109320E+01,9.575872E-01,-6.510730E-03,0,0,0,0
Lu_3d32,198,3.52867877E-01,-2.035548E+01,-2.000453E+01,8.175803E-01,-7.530294E-03,0,0,0,0
Lu_3d32,199,3.73475605E-01,-1.927067E+01,-1.893617E+01,6.884312E-01,-7.870078E-03,0,0,0,0
Lu_3d32,200,3.95042416E-01,-1.820943E+01,-1.789069E+01,5.715869E-01,-7.703043E-03,0,0,0,0
Lu_3d32,201,4.17597515E-01,-1.717551E+01,-1.687185E+01,4.678588E-01,-7.184720E-03,0,0,0,0
Lu_3d32,202,4.41170244E-01,-1.617347E+01,-1.588422E+01,3.774713E-01,-6.448439E-03,0,0,0,0
Lu_3d32,203,4.65790054E-01,-1.520802E+01,-1.493253E+01,3.001379E-01,-5.602817E-03,0,0,0,0
Lu_3d32,204,4.91486481E-01,-1.428334E+01,-1.402097E+01,2.351586E-01,-4.731369E-03,0,0,0,0
Lu_3d32,205,5.18289124E-01,-1.340261E+01,-1.315275E+01,1.815273E-01,-3.893931E-03,0,0,0,0
Lu_3d32,206,5.46227617E-01,-1.256783E+01,-1.232987E+01,1.380393E-01,-3.129438E-03,0,0,0,0
Lu_3d32,207,5.75331612E-01,-1.177967E+01,-1.155305E+01,1.033905E-01,-2.459517E-03,0,0,0,0
Lu_3d32,208,6.05630751E-01,-1.103791E+01,-1.082206E+01,7.626242E-02,-1.892374E-03,0,0,0,0
Lu_3d32,209,6.37154647E-01,-1.034137E+01,-1.013575E+01,5.538923E-02,-1.426555E-03,0,0,0,0
Lu_3d32,210,6.69932864E-01,-9.688292E+00,-9.492398E+00,3.960531E-02,-1.054281E-03,0,0,0,0
Lu_3d32,211,7.03994894E-01,-9.076812E+00,-8.890143E+00,2.787533E-02,-7.641957E-04,0,0,0,0
Lu_3d32,212,7.39370141E-01,-8.504780E+00,-8.326863E+00,1.930841E-02,-5.434674E-04,0,0,0,0
Lu_3d32,213,7.76087899E-01,-7.970104E+00,-7.800486E+00,1.315985E-02,-3.792811E-04,0,0,0,0
Lu_3d32,214,8.14177341E-01,-7.470733E+00,-7.308980E+00,8.823657E-03,-2.597961E-04,0,0,0,0
Lu_3d32,215,8.53667493E-01,-7.004632E+00,-6.850333E+00,5.819036E-03,-1.746727E-04,0,0,0,0
Lu_3d32,216,8.94587226E-01,-6.569778E+00,-6.422541E+00,3.773701E-03,-1.152799E-04,0,0,0,0
Lu_3d32,217,9.36965239E-01,-6.164163E+00,-6.023616E+00,2.406049E-03,-7.468190E-05,0,0,0,0
Lu_3d32,218,9.80830042E-01,-5.785828E+00,-5.651619E+00,1.507877E-03,-4.748876E-05,0,0,0,0
Lu_3d32,219,1.02620995E+00,-5.432904E+00,-5.304700E+00,9.286532E-04,-2.963792E-05,0,0,0,0
Lu_3d32,220,1.07313306E+00,-5.103643E+00,-4.981127E+00,5.619109E-04,-1.815274E-05,0,0,0,0
Lu_3d32,221,1.12162725E+00,-4.796473E+00,-4.679348E+00,3.339688E-04,-1.090991E-05,0,0,0,0
Lu_3d32,222,1.17172015E+00,-4.509912E+00,-4.397896E+00,1.949243E-04,-6.433150E-06,0,0,0,0
Lu_3d32,223,1.22343919E+00,-4.242643E+00,-4.135470E+00,1.116975E-04,-3.721187E-06,0,0,0,0
Lu_3d32,224,1.27681148E+00,-3.993417E+00,-3.890836E+00,6.282519E-05,-2.111161E-06,0,0,0,0
Lu_3d32,225,1.33186393E+00,-3.761051E+00,-3.662824E+00,3.467615E-05,-1.174532E-06,0,0,0,0
Lu_3d32,226,1.38862315E+00,-3.544410E+00,-3.450314E+00,1.877709E-05,-6.406627E-07,0,0,0,0
Lu_3d32,227,1.44711548E+00,-3.342396E+00,-3.252220E+00,9.972846E-06,-3.425541E-07,0,0,0,0
Lu_3d32,228,1.50736699E+00,-3.153955E+00,-3.067500E+00,5.193929E-06,-1.795041E-07,0,0,0,0
Lu_3d32,229,1.56940344E+00,-2.978073E+00,-2.895151E+00,2.651863E-06,-9.216648E-08,0,0,0,0
Lu_3d32,230,1.63325033E+00,-2.813800E+00,-2.734234E+00,1.327016E-06,-4.635857E-08,0,0,0,0
Lu_3d32,231,1.69893283E+00,-2.660255E+00,-2.583878E+00,6.506734E-07,-2.283750E-08,0,0,0,0
Lu_3d32,232,1.76647584E+00,-2.516639E+00,-2.443293E+00,3.125386E-07,-1.101614E-08,0,0,0,0
Lu_3d32,233,1.83590395E+00,-2.382246E+00,-2.311782E+00,1.470245E-07,-5.202020E-09,0,0,0,0
Lu_3d32,234,1.90724144E+00,-2.256463E+00,-2.188742E+00,6.771941E-08,-2.404221E-09,0,0,0,0
Lu_3d32,235,1.98051228E+00,-2.138770E+00,-2.073658E+00,3.053281E-08,-1.087260E-09,0,0,0,0
Lu_3d32,236,2.05574015E+00,-2.028725E+00,-1.966097E+00,1.347234E-08,-4.809994E-10,0,0,0,0
Lu_3d32,237,2.13294840E+00,-1.925951E+00,-1.865688E+00,5.816153E-09,-2.081150E-10,0,0,0,0
Lu_3d32,238,2.21216008E+00,-1.830112E+00,-1.772103E+00,2.456058E-09,-8.804485E-11,0,0,0,0
Lu_3d32,239,2.29339794E+00,-1.740893E+00,-1.685031E+00,1.014252E-09,-3.641163E-11,0,0,0,0
Lu_3d32,240,2.37668441E+00,-1.657974E+00,-1.604160E+00,4.094990E-10,-1.597069E-11,0,0,0,0
Lu_3d32,241,2.46204160E+00,-1.581013E+00,-1.529153E+00,1.616049E-10,-2.678461E-12,0,0,0,0
Lu_3d52,0,1.40845070E-08,-1.178053E-02,8.875546E+06,6.040170E-20,-7.445195E-25,0,0,0,0
Lu_3d52,1,1.54458033E-08,-1.291915E-02,8.093335E+06,7.945756E-20,-1.075910E-24,0,0,0,0
Lu_3d52,2,1.69386420E-08,-1.416778E-02,7.380075E+06,1.046243E-19,-1.553855E-24,0,0,0,0
Lu_3d52,3,1.85757639E-08,-1.553710E-02,6.729675E+06,1.378449E-19,-2.244270E-24,0,0,0,0
Lu_3d52,4,2.03710783E-08,-1.703873E-02,6.136605E+06,1.816822E-19,-3.242319E-24,0,0,0,0
Lu_3d52,5,2.23399067E-08,-1.868550E-02,5.595802E+06,2.395176E-19,-4.685579E-24,0,0,0,0
Lu_3d52,6,2.44990189E-08,-2.049142E-02,5.102660E+06,3.158111E-19,-6.772933E-24,0,0,0,0
Lu_3d52,7,2.68667586E-08,-2.247184E-02,4.652986E+06,4.164451E-19,-9.791919E-24,0,0,0,0
Lu_3d52,8,2.94633317E-08,-2.464366E-02,4.242940E+06,5.491784E-19,-1.415848E-23,0,0,0,0
Lu_3d52,9,3.23108539E-08,-2.702537E-02,3.869030E+06,7.242439E-19,-2.047412E-23,0,0,0,0
Lu_3d52,10,3.54335170E-08,-2.963723E-02,3.528078E+06,9.551362E-19,-2.960858E-23,0,0,0,0
Lu_3d52,11,3.88579005E-08,-3.250144E-02,3.217179E+06,1.259653E-18,-4.281988E-23,0,0,0,0
Lu_3d52,12,4.26132991E-08,-3.564252E-02,2.933671E+06,1.661271E-18,-6.192810E-23,0,0,0,0
Lu_3d52,13,4.67314733E-08,-3.908704E-02,2.675157E+06,2.190940E-18,-8.956362E-23,0,0,0,0
Lu_3d52,14,5.12476303E-08,-4.286443E-02,2.439424E+06,2.889491E-18,-1.295331E-22,0,0,0,0
Lu_3d52,15,5.62002313E-08,-4.700687E-02,2.224464E+06,3.810764E-18,-1.873410E-22,0,0,0,0
Lu_3d52,16,6.16312403E-08,-5.154947E-02,2.028454E+06,5.025758E-18,-2.709450E-22,0,0,0,0
Lu_3d52,17,6.75872020E-08,-5.653114E-02,1.849713E+06,6.628125E-18,-3.918626E-22,0,0,0,0
Lu_3d52,18,7.41184821E-08,-6.199401E-02,1.686728E+06,8.741340E-18,-5.667363E-22,0,0,0,0
Lu_3d52,19,8.12809116E-08,-6.798480E-02,1.538105E+06,1.152827E-17,-8.196512E-22,0,0,0,0
Lu_3d52,20,8.91353265E-08,-7.455437E-02,1.402580E+06,1.520368E-17,-1.185426E-21,0,0,0,0
Lu_3d52,21,9.77487367E-08,-8.175877E-02,1.278998E+06,2.005081E-17,-1.714429E-21,0,0,0,0
Lu_3d52,22,1.07194113E-07,-8.965905E-02,1.166308E+06,2.644314E-17,-2.479470E-21,0,0,0,0
Lu_3d52,23,1.17552189E-07,-9.832272E-02,1.063548E+06,3.487325E-17,-3.585903E-21,0,0,0,0
Lu_3d52,24,1.28910932E-07,-1.078234E-01,9.698439E+05,4.599068E-17,-5.186030E-21,0,0,0,0
Lu_3d52,25,1.41366993E-07,-1.182418E-01,8.843975E+05,6.065201E-17,-7.500126E-21,0,0,0,0
Lu_3d52,26,1.55026355E-07,-1.296667E-01,8.064811E+05,7.998681E-17,-1.084674E-20,0,0,0,0
Lu_3d52,27,1.70005236E-07,-1.421953E-01,7.354308E+05,1.054846E-16,-1.568652E-20,0,0,0,0
Lu_3d52,28,1.86431075E-07,-1.559342E-01,6.706415E+05,1.391098E-16,-2.268565E-20,0,0,0,0
Lu_3d52,29,2.04443616E-07,-1.710001E-01,6.115614E+05,1.834526E-16,-3.280746E-20,0,0,0,0
Lu_3d52,30,2.24195708E-07,-1.875211E-01,5.576882E+05,2.419285E-16,-4.744477E-20,0,0,0,0
Lu_3d52,31,2.45856126E-07,-2.056382E-01,5.085611E+05,3.190421E-16,-6.861263E-20,0,0,0,0
Lu_3d52,32,2.69608304E-07,-2.255048E-01,4.637636E+05,4.207322E-16,-9.922326E-20,0,0,0,0
Lu_3d52,33,2.95654667E-07,-2.472904E-01,4.229133E+05,5.548310E-16,-1.434895E-19,0,0,0,0
Lu_3d52,34,3.24216193E-07,-2.711796E-01,3.856629E+05,7.316649E-16,-2.075012E-19,0,0,0,0
Lu_3d52,35,3.55536886E-07,-2.973766E-01,3.516939E+05,9.648527E-16,-3.000688E-19,0,0,0,0
Lu_3d52,36,3.89881261E-07,-3.261026E-01,3.207189E+05,1.272348E-15,-4.339223E-19,0,0,0,0
Lu_3d52,37,4.27542511E-07,-3.576028E-01,2.924728E+05,1.677827E-15,-6.274805E-19,0,0,0,0
Lu_3d52,38,4.68840899E-07,-3.921450E-01,2.667152E+05,2.212510E-15,-9.073715E-19,0,0,0,0
Lu_3d52,39,5.14125814E-07,-4.300215E-01,2.432277E+05,2.917553E-15,-1.312082E-18,0,0,0,0
Lu_3d52,40,5.63783777E-07,-4.715555E-01,2.218092E+05,3.847232E-15,-1.897291E-18,0,0,0,0
Lu_3d52,41,6.18235912E-07,-5.170992E-01,2.022780E+05,5.073103E-15,-2.743472E-18,0,0,0,0
Lu_3d52,42,6.77944859E-07,-5.670395E-01,1.844676E+05,6.689512E-15,-3.966989E-18,0,0,0,0
Lu_3d52,43,7.43417883E-07,-6.218005E-01,1.682263E+05,8.820852E-15,-5.736080E-18,0,0,0,0
Lu_3d52,44,8.15209759E-07,-6.818461E-01,1.534163E+05,1.163111E-14,-8.293931E-18,0,0,0,0
Lu_3d52,45,8.93933023E-07,-7.476885E-01,1.399107E+05,1.533654E-14,-1.199230E-17,0,0,0,0
Lu_3d52,46,9.80253329E-07,-8.198841E-01,1.275952E+05,2.022217E-14,-1.733943E-17,0,0,0,0
Lu_3d52,47,1.07490332E-06,-8.990456E-01,1.163648E+05,2.666381E-14,-2.507022E-17,0,0,0,0
Lu_3d52,48,1.17868778E-06,-9.858455E-01,1.061239E+05,3.515691E-14,-3.624720E-17,0,0,0,0
Lu_3d52,49,1.29248727E-06,-1.081020E+00,9.678516E+04,4.635463E-14,-5.240621E-17,0,0,0,0
Lu_3d52,50,1.41726642E-06,-1.185375E+00,8.826928E+04,6.111796E-14,-7.576723E-17,0,0,0,0
Lu_3d52,51,1.55408252E-06,-1.299794E+00,8.050382E+04,8.058190E-14,-1.095391E-16,0,0,0,0
Lu_3d52,52,1.70409879E-06,-1.425248E+00,7.342252E+04,1.062427E-13,-1.583611E-16,0,0,0,0
Lu_3d52,53,1.86858481E-06,-1.562798E+00,6.696524E+04,1.400726E-13,-2.289372E-16,0,0,0,0
Lu_3d52,54,2.04893518E-06,-1.713608E+00,6.107702E+04,1.846712E-13,-3.309578E-16,0,0,0,0
Lu_3d52,55,2.24667680E-06,-1.878953E+00,5.570778E+04,2.434650E-13,-4.784271E-16,0,0,0,0
Lu_3d52,56,2.46348896E-06,-2.060232E+00,5.081174E+04,3.209707E-13,-6.915890E-16,0,0,0,0
Lu_3d52,57,2.70120429E-06,-2.258975E+00,4.634735E+04,4.231408E-13,-9.996906E-16,0,0,0,0
Lu_3d52,58,2.96183615E-06,-2.476857E+00,4.227659E+04,5.578208E-13,-1.445002E-15,0,0,0,0
Lu_3d52,59,3.24759167E-06,-2.715716E+00,3.856484E+04,7.353503E-13,-2.088602E-15,0,0,0,0
Lu_3d52,60,3.56088877E-06,-2.977564E+00,3.518053E+04,9.693556E-13,-3.018745E-15,0,0,0,0
Lu_3d52,61,3.90437587E-06,-3.264600E+00,3.209488E+04,1.277793E-12,-4.362933E-15,0,0,0,0
Lu_3d52,62,4.28096072E-06,-3.579235E+00,2.928164E+04,1.684326E-12,-6.305390E-15,0,0,0,0
Lu_3d52,63,4.69382455E-06,-3.924105E+00,2.671690E+04,2.220134E-12,-9.112217E-15,0,0,0,0
Lu_3d52,64,5.14645651E-06,-4.302092E+00,2.437886E+04,2.926300E-12,-1.316780E-14,0,0,0,0
Lu_3d52,65,5.64267994E-06,-4.716348E+00,2.224764E+04,3.856954E-12,-1.902733E-14,0,0,0,0
Lu_3d52,66,6.18668621E-06,-5.170318E+00,2.030512E+04,5.083410E-12,-2.749257E-14,0,0,0,0
Lu_3d52,67,6.78306446E-06,-5.667761E+00,1.853481E+04,6.699619E-12,-3.972125E-14,0,0,0,0
Lu_3d52,68,7.43684772E-06,-6.212780E+00,1.692167E+04,8.829340E-12,-5.738491E-14,0,0,0,0
Lu_3d52,69,8.15354812E-06,-6.809847E+00,1.545200E+04,1.163560E-11,-8.289646E-14,0,0,0,0
Lu_3d52,70,8.93920529E-06,-7.463830E+00,1.411334E+04,1.533310E-11,-1.197384E-13,0,0,0,0
Lu_3d52,71,9.80043817E-06,-8.180023E+00,1.289434E+04,2.020463E-11,-1.729362E-13,0,0,0,0
Lu_3d52,72,1.07444991E-05,-8.964176E+00,1.178467E+04,2.662258E-11,-2.497395E-13,0,0,0,0
Lu_3d52,73,1.17793295E-05,-9.822511E+00,1.077495E+04,3.507729E-11,-3.606041E-13,0,0,0,0
Lu_3d52,74,1.29136348E-05,-1.076176E+01,9.856670E+03,4.621434E-11,-5.206058E-13,0,0,0,0
Lu_3d52,75,1.41569462E-05,-1.178916E+01,9.022100E+03,6.088358E-11,-7.514716E-13,0,0,0,0
Lu_3d52,76,1.55197075E-05,-1.291250E+01,8.264256E+03,8.020366E-11,-1.084503E-12,0,0,0,0
Lu_3d52,77,1.70133553E-05,-1.414009E+01,7.576839E+03,1.056467E-10,-1.564770E-12,0,0,0,0
Lu_3d52,78,1.86504207E-05,-1.548074E+01,6.954218E+03,1.391499E-10,-2.257133E-12,0,0,0,0
Lu_3d52,79,2.04446227E-05,-1.694375E+01,6.391260E+03,1.832616E-10,-3.254857E-12,0,0,0,0
Lu_3d52,80,2.24109875E-05,-1.853882E+01,5.883520E+03,2.413335E-10,-4.691950E-12,0,0,0,0
Lu_3d52,81,2.45659712E-05,-2.027593E+01,5.427284E+03,3.177732E-10,-6.760767E-12,0,0,0,0
Lu_3d52,82,2.69275913E-05,-2.216516E+01,5.018870E+03,4.183746E-10,-9.737079E-12,0,0,0,0
Lu_3d52,83,2.95155769E-05,-2.421648E+01,4.655748E+03,5.507519E-10,-1.401570E-11,0,0,0,0
Lu_3d52,84,3.23515278E-05,-2.643933E+01,4.335897E+03,7.249077E-10,-2.016088E-11,0,0,0,0
Lu_3d52,85,3.54590885E-05,-2.884216E+01,4.057607E+03,9.539771E-10,-2.897742E-11,0,0,0,0
Lu_3d52,86,3.88641460E-05,-3.143171E+01,3.820346E+03,1.255201E-09,-4.161033E-11,0,0,0,0
Lu_3d52,87,4.25950311E-05,-3.421206E+01,3.624447E+03,1.651196E-09,-5.968373E-11,0,0,0,0
Lu_3d52,88,4.66827539E-05,-3.718335E+01,3.471129E+03,2.171617E-09,-8.549288E-11,0,0,0,0
Lu_3d52,89,5.11612515E-05,-4.034008E+01,3.363171E+03,2.855322E-09,-1.222668E-10,0,0,0,0
Lu_3d52,90,5.60676589E-05,-4.366875E+01,3.305270E+03,3.753191E-09,-1.745224E-10,0,0,0,0
Lu_3d52,91,6.14426048E-05,-4.714482E+01,3.304220E+03,4.931803E-09,-2.485346E-10,0,0,0,0
Lu_3d52,92,6.73305476E-05,-5.072868E+01,3.369675E+03,6.478215E-09,-3.529420E-10,0,0,0,0
Lu_3d52,93,7.37801101E-05,-5.436047E+01,3.514640E+03,8.506182E-09,-4.995027E-10,0,0,0,0
Lu_3d52,94,8.08444839E-05,-5.795353E+01,3.754473E+03,1.116427E-08,-7.039834E-10,0,0,0,0
Lu_3d52,95,8.85818410E-05,-6.138718E+01,4.100158E+03,1.464646E-08,-9.871127E-10,0,0,0,0
Lu_3d52,96,9.70557919E-05,-6.450115E+01,4.524009E+03,1.920608E-08,-1.375438E-09,0,0,0,0
Lu_3d52,97,1.06335888E-04,-6.710130E+01,4.857000E+03,2.517395E-08,-1.901829E-09,0,0,0,0
Lu_3d52,98,1.16498167E-04,-6.900239E+01,4.750119E+03,3.298104E-08,-2.605530E-09,0,0,0,0
Lu_3d52,99,1.27625740E-04,-7.013925E+01,4.025015E+03,4.318913E-08,-3.532716E-09,0,0,0,0
Lu_3d52,100,1.39809443E-04,-7.066706E+01,3.032300E+03,5.653823E-08,-4.740401E-09,0,0,0,0
Lu_3d52,101,1.53148538E-04,-7.085775E+01,2.271314E+03,7.399861E-08,-6.305020E-09,0,0,0,0
Lu_3d52,102,1.67751469E-04,-7.091153E+01,1.846331E+03,9.682917E-08,-8.331974E-09,0,0,0,0
Lu_3d52,103,1.83736702E-04,-7.092048E+01,1.599612E+03,1.266718E-07,-1.096348E-08,0,0,0,0
Lu_3d52,104,2.01233621E-04,-7.091667E+01,1.417322E+03,1.656720E-07,-1.438721E-08,0,0,0,0
Lu_3d52,105,2.20383511E-04,-7.090932E+01,1.261348E+03,2.166296E-07,-1.884839E-08,0,0,0,0
Lu_3d52,106,2.41340621E-04,-7.090062E+01,1.121533E+03,2.831942E-07,-2.466635E-08,0,0,0,0
Lu_3d52,107,2.64273321E-04,-7.089098E+01,9.949151E+02,3.701223E-07,-3.225666E-08,0,0,0,0
Lu_3d52,108,2.89365355E-04,-7.088039E+01,8.801391E+02,4.836106E-07,-4.216017E-08,0,0,0,0
Lu_3d52,109,3.16817200E-04,-7.086877E+01,7.761826E+02,6.317282E-07,-5.508060E-08,0,0,0,0
Lu_3d52,110,3.46847541E-04,-7.085603E+01,6.821310E+02,8.249787E-07,-7.193351E-08,0,0,0,0
Lu_3d52,111,3.79694864E-04,-7.084207E+01,5.971467E+02,1.077027E-06,-9.390960E-08,0,0,0,0
Lu_3d52,112,4.15619192E-04,-7.082677E+01,5.204620E+02,1.405643E-06,-1.225567E-07,0,0,0,0
Lu_3d52,113,4.54903944E-04,-7.080999E+01,4.513737E+02,1.833921E-06,-1.598859E-07,0,0,0,0
Lu_3d52,114,4.97857967E-04,-7.079161E+01,3.892361E+02,2.391859E-06,-2.085088E-07,0,0,0,0
Lu_3d52,115,5.44817717E-04,-7.077148E+01,3.334560E+02,3.118398E-06,-2.718146E-07,0,0,0,0
Lu_3d52,116,5.96149619E-04,-7.074942E+01,2.834875E+02,4.064059E-06,-3.541989E-07,0,0,0,0
Lu_3d52,117,6.52252617E-04,-7.072526E+01,2.388273E+02,5.294335E-06,-4.613582E-07,0,0,0,0
Lu_3d52,118,7.13560914E-04,-7.069881E+01,1.990107E+02,6.894077E-06,-6.006702E-07,0,0,0,0
Lu_3d52,119,7.80546942E-04,-7.066985E+01,1.636079E+02,8.973123E-06,-7.816814E-07,0,0,0,0
Lu_3d52,120,8.53724541E-04,-7.063816E+01,1.322209E+02,1.167355E-05,-1.016735E-06,0,0,0,0
Lu_3d52,121,9.33652389E-04,-7.060348E+01,1.044807E+02,1.517897E-05,-1.321776E-06,0,0,0,0
Lu_3d52,122,1.02093769E-03,-7.056555E+01,8.004505E+01,1.972646E-05,-1.717382E-06,0,0,0,0
Lu_3d52,123,1.11624013E-03,-7.052407E+01,5.859603E+01,2.562186E-05,-2.230081E-06,0,0,0,0
Lu_3d52,124,1.22027613E-03,-7.047871E+01,3.983878E+01,3.325927E-05,-2.894041E-06,0,0,0,0
Lu_3d52,125,1.33382338E-03,-7.042915E+01,2.349988E+01,4.314599E-05,-3.753211E-06,0,0,0,0
Lu_3d52,126,1.45772573E-03,-7.037500E+01,9.326127E+00,5.593431E-05,-4.864059E-06,0,0,0,0
Lu_3d52,127,1.59289840E-03,-7.031586E+01,-2.916405E+00,7.246189E-05,-6.299043E-06,0,0,0,0
Lu_3d52,128,1.74033353E-03,-7.025132E+01,-1.344328E+01,9.380302E-05,-8.151010E-06,0,0,0,0
Lu_3d52,129,1.90110615E-03,-7.018089E+01,-2.245243E+01,1.213336E-04,-1.053875E-05,0,0,0,0
Lu_3d52,130,2.07638050E-03,-7.010410E+01,-3.012491E+01,1.568134E-04,-1.361403E-05,0,0,0,0
Lu_3d52,131,2.26741677E-03,-7.002042E+01,-3.662553E+01,2.024889E-04,-1.757041E-05,0,0,0,0
Lu_3d52,132,2.47557828E-03,-6.992927E+01,-4.210360E+01,2.612244E-04,-2.265428E-05,0,0,0,0
Lu_3d52,133,2.70233906E-03,-6.983007E+01,-4.669358E+01,3.366642E-04,-2.917876E-05,0,0,0,0
Lu_3d52,134,2.94929195E-03,-6.972219E+01,-5.051592E+01,4.334369E-04,-3.754091E-05,0,0,0,0
Lu_3d52,135,3.21815711E-03,-6.960495E+01,-5.367778E+01,5.574092E-04,-4.824318E-05,0,0,0,0
Lu_3d52,136,3.51079106E-03,-6.947767E+01,-5.627394E+01,7.160015E-04,-6.191988E-05,0,0,0,0
Lu_3d52,137,3.82919619E-03,-6.933960E+01,-5.838764E+01,9.185770E-04,-7.936987E-05,0,0,0,0
Lu_3d52,138,4.17553074E-03,-6.918999E+01,-6.009153E+01,1.176922E-03,-1.015966E-04,0,0,0,0
Lu_3d52,139,4.55211944E-03,-6.902805E+01,-6.144855E+01,1.505836E-03,-1.298569E-04,0,0,0,0
Lu_3d52,140,4.96146447E-03,-6.885296E+01,-6.251288E+01,1.923846E-03,-1.657205E-04,0,0,0,0
Lu_3d52,141,5.40625706E-03,-6.866388E+01,-6.333086E+01,2.454079E-03,-2.111414E-04,0,0,0,0
Lu_3d52,142,5.88938963E-03,-6.845996E+01,-6.394180E+01,3.125315E-03,-2.685438E-04,0,0,0,0
Lu_3d52,143,6.41396839E-03,-6.824032E+01,-6.437887E+01,3.973241E-03,-3.409241E-04,0,0,0,0
Lu_3d52,144,6.98332646E-03,-6.800407E+01,-6.466984E+01,5.041950E-03,-4.319720E-04,0,0,0,0
Lu_3d52,145,7.60103751E-03,-6.775030E+01,-6.483782E+01,6.385710E-03,-5.462112E-04,0,0,0,0
Lu_3d52,146,8.27092988E-03,-6.747811E+01,-6.490189E+01,8.071028E-03,-6.891636E-04,0,0,0,0
Lu_3d52,147,8.99710118E-03,-6.718657E+01,-6.487768E+01,1.017905E-02,-8.675364E-04,0,0,0,0
Lu_3d52,148,9.78393329E-03,-6.687474E+01,-6.477793E+01,1.280828E-02,-1.089435E-03,0,0,0,0
Lu_3d52,149,1.06361078E-02,-6.654167E+01,-6.461289E+01,1.607773E-02,-1.364600E-03,0,0,0,0
Lu_3d52,150,1.15586218E-02,-6.618641E+01,-6.439076E+01,2.013030E-02,-1.704662E-03,0,0,0,0
Lu_3d52,151,1.25568040E-02,-6.580796E+01,-6.411802E+01,2.513658E-02,-2.123426E-03,0,0,0,0
Lu_3d52,152,1.36363313E-02,-6.540535E+01,-6.379971E+01,3.129887E-02,-2.637150E-03,0,0,0,0
Lu_3d52,153,1.48032451E-02,-6.497756E+01,-6.343968E+01,3.885536E-02,-3.264842E-03,0,0,0,0
Lu_3d52,154,1.60639684E-02,-6.452362E+01,-6.304086E+01,4.808428E-02,-4.028529E-03,0,0,0,0
Lu_3d52,155,1.74253227E-02,-6.404254E+01,-6.260539E+01,5.930792E-02,-4.953502E-03,0,0,0,0
Lu_3d52,156,1.88945447E-02,-6.353341E+01,-6.213477E+01,7.289604E-02,-6.068497E-03,0,0,0,0
Lu_3d52,157,2.04793037E-02,-6.299539E+01,-6.163009E+01,8.926849E-02,-7.405792E-03,0,0,0,0
Lu_3d52,158,2.21877176E-02,-6.242773E+01,-6.109207E+01,1.088965E-01,-9.001177E-03,0,0,0,0
Lu_3d52,159,2.40283703E-02,-6.182981E+01,-6.052116E+01,1.323020E-01,-1.089375E-02,0,0,0,0
Lu_3d52,160,2.60103273E-02,-6.120111E+01,-5.991767E+01,1.600546E-01,-1.312553E-02,0,0,0,0
Lu_3d52,161,2.81431521E-02,-6.054115E+01,-5.928175E+01,1.927653E-01,-1.574074E-02,0,0,0,0
Lu_3d52,162,3.04369210E-02,-5.984944E+01,-5.861345E+01,2.310763E-01,-1.878485E-02,0,0,0,0
Lu_3d52,163,3.29022384E-02,-5.912547E+01,-5.791265E+01,2.756457E-01,-2.230316E-02,0,0,0,0
Lu_3d52,164,3.55502504E-02,-5.836870E+01,-5.717917E+01,3.271283E-01,-2.633908E-02,0,0,0,0
Lu_3d52,165,3.83926583E-02,-5.757864E+01,-5.641276E+01,3.861486E-01,-3.093189E-02,0,0,0,0
Lu_3d52,166,4.14417311E-02,-5.675496E+01,-5.561322E+01,4.532698E-01,-3.611414E-02,0,0,0,0
Lu_3d52,167,4.47103165E-02,-5.589759E+01,-5.478053E+01,5.289560E-01,-4.190870E-02,0,0,0,0
Lu_3d52,168,4.82118514E-02,-5.500674E+01,-5.391492E+01,6.135288E-01,-4.832557E-02,0,0,0,0
Lu_3d52,169,5.19603709E-02,-5.408297E+01,-5.301688E+01,7.071209E-01,-5.535847E-02,0,0,0,0
Lu_3d52,170,5.59705163E-02,-5.312708E+01,-5.208717E+01,8.096265E-01,-6.298151E-02,0,0,0,0
Lu_3d52,171,6.02575411E-02,-5.214002E+01,-5.112669E+01,9.206524E-01,-7.114611E-02,0,0,0,0
Lu_3d52,172,6.48373163E-02,-5.112282E+01,-5.013644E+01,1.039472E+00,-7.977829E-02,0,0,0,0
Lu_3d52,173,6.97263340E-02,-5.007654E+01,-4.911743E+01,1.164989E+00,-8.877675E-02,0,0,0,0
Lu_3d52,174,7.49417091E-02,-4.900230E+01,-4.807073E+01,1.295707E+00,-9.801202E-02,0,0,0,0
Lu_3d52,175,8.05011798E-02,-4.790126E+01,-4.699747E+01,1.429725E+00,-1.073269E-01,0,0,0,0
Lu_3d52,176,8.64231061E-02,-4.677502E+01,-4.589918E+01,1.564741E+00,-1.165388E-01,0,0,0,0
Lu_3d52,177,9.27264671E-02,-4.562538E+01,-4.477757E+01,1.698091E+00,-1.254437E-01,0,0,0,0
Lu_3d52,178,9.94308562E-02,-4.445469E+01,-4.363489E+01,1.826808E+00,-1.338222E-01,0,0,0,0
Lu_3d52,179,1.06556475E-01,-4.326541E+01,-4.247351E+01,1.947705E+00,-1.414475E-01,0,0,0,0
Lu_3d52,180,1.14124124E-01,-4.205996E+01,-4.129577E+01,2.057490E+00,-1.480942E-01,0,0,0,0
Lu_3d52,181,1.22155196E-01,-4.084052E+01,-4.010381E+01,2.152896E+00,-1.535485E-01,0,0,0,0
Lu_3d52,182,1.30671661E-01,-3.960930E+01,-3.889979E+01,2.230833E+00,-1.576181E-01,0,0,0,0
Lu_3d52,183,1.39696055E-01,-3.836869E+01,-3.768605E+01,2.288541E+00,-1.601438E-01,0,0,0,0
Lu_3d52,184,1.49251467E-01,-3.712155E+01,-3.646541E+01,2.323747E+00,-1.610082E-01,0,0,0,0
Lu_3d52,185,1.59361522E-01,-3.587132E+01,-3.524120E+01,2.334800E+00,-1.601452E-01,0,0,0,0
Lu_3d52,186,1.70050362E-01,-3.462150E+01,-3.401689E+01,2.320786E+00,-1.576260E-01,0,0,0,0
Lu_3d52,187,1.81342630E-01,-3.337542E+01,-3.279572E+01,2.281600E+00,-1.534281E-01,0,0,0,0
Lu_3d52,188,1.93263449E-01,-3.213569E+01,-3.158030E+01,2.217982E+00,-1.476567E-01,0,0,0,0
Lu_3d52,189,2.05838402E-01,-3.090408E+01,-3.037233E+01,2.131499E+00,-1.404691E-01,0,0,0,0
Lu_3d52,190,2.19093507E-01,-2.968140E+01,-2.917261E+01,2.024490E+00,-1.320668E-01,0,0,0,0
Lu_3d52,191,2.33055201E-01,-2.846816E+01,-2.798166E+01,1.899960E+00,-1.226860E-01,0,0,0,0
Lu_3d52,192,2.47750307E-01,-2.726489E+01,-2.679996E+01,1.761437E+00,-1.125862E-01,0,0,0,0
Lu_3d52,193,2.63206019E-01,-2.607291E+01,-2.562885E+01,1.612802E+00,-1.020385E-01,0,0,0,0
Lu_3d52,194,2.79449870E-01,-2.489435E+01,-2.447042E+01,1.458099E+00,-9.131299E-02,0,0,0,0
Lu_3d52,195,2.96509710E-01,-2.373169E+01,-2.332713E+01,1.301327E+00,-8.066694E-02,0,0,0,0
Lu_3d52,196,3.14413681E-01,-2.258696E+01,-2.220100E+01,1.146263E+00,-7.033337E-02,0,0,0,0
Lu_3d52,197,3.33190188E-01,-2.146130E+01,-2.109320E+01,9.962913E-01,-6.051174E-02,0,0,0,0
Lu_3d52,198,3.52867877E-01,-2.035548E+01,-2.000453E+01,8.542814E-01,-5.136169E-02,0,0,0,0
Lu_3d52,199,3.73475605E-01,-1.927067E+01,-1.893617E+01,7.225037E-01,-4.300003E-02,0,0,0,0
Lu_3d52,200,3.95042416E-01,-1.820943E+01,-1.789069E+01,6.025882E-01,-3.550082E-02,0,0,0,0
Lu_3d52,201,4.17597515E-01,-1.717551E+01,-1.687185E+01,4.955251E-01,-2.889777E-02,0,0,0,0
Lu_3d52,202,4.41170244E-01,-1.617347E+01,-1.588422E+01,4.017024E-01,-2.318837E-02,0,0,0,0
Lu_3d52,203,4.65790054E-01,-1.520802E+01,-1.493253E+01,3.209754E-01,-1.833957E-02,0,0,0,0
Lu_3d52,204,4.91486481E-01,-1.428334E+01,-1.402097E+01,2.527590E-01,-1.429430E-02,0,0,0,0
Lu_3d52,205,5.18289124E-01,-1.340261E+01,-1.315275E+01,1.961328E-01,-1.097842E-02,0,0,0,0
Lu_3d52,206,5.46227617E-01,-1.256783E+01,-1.232987E+01,1.499495E-01,-8.307530E-03,0,0,0,0
Lu_3d52,207,5.75331612E-01,-1.177967E+01,-1.155305E+01,1.129357E-01,-6.193164E-03,0,0,0,0
Lu_3d52,208,6.05630751E-01,-1.103791E+01,-1.082206E+01,8.378156E-02,-4.547930E-03,0,0,0,0
Lu_3d52,209,6.37154647E-01,-1.034137E+01,-1.013575E+01,6.121128E-02,-3.289456E-03,0,0,0,0
Lu_3d52,210,6.69932864E-01,-9.688292E+00,-9.492398E+00,4.403647E-02,-2.343082E-03,0,0,0,0
Lu_3d52,211,7.03994894E-01,-9.076812E+00,-8.890143E+00,3.119031E-02,-1.643398E-03,0,0,0,0
Lu_3d52,212,7.39370141E-01,-8.504780E+00,-8.326863E+00,2.174591E-02,-1.134811E-03,0,0,0,0
Lu_3d52,213,7.76087899E-01,-7.970104E+00,-7.800486E+00,1.492133E-02,-7.713620E-04,0,0,0,0
Lu_3d52,214,8.14177341E-01,-7.470733E+00,-7.308980E+00,1.007459E-02,-5.160247E-04,0,0,0,0
Lu_3d52,215,8.53667493E-01,-7.004632E+00,-6.850333E+00,6.691934E-03,-3.396878E-04,0,0,0,0
Lu_3d52,216,8.94587226E-01,-6.569778E+00,-6.422541E+00,4.372126E-03,-2.199895E-04,0,0,0,0
Lu_3d52,217,9.36965239E-01,-6.164163E+00,-6.023616E+00,2.809050E-03,-1.401355E-04,0,0,0,0
Lu_3d52,218,9.80830042E-01,-5.785828E+00,-5.651619E+00,1.774430E-03,-8.778639E-05,0,0,0,0
Lu_3d52,219,1.02620995E+00,-5.432904E+00,-5.304700E+00,1.101782E-03,-5.406839E-05,0,0,0,0
Lu_3d52,220,1.07313306E+00,-5.103643E+00,-4.981127E+00,6.723134E-04,-3.273401E-05,0,0,0,0
Lu_3d52,221,1.12162725E+00,-4.796473E+00,-4.679348E+00,4.030776E-04,-1.947574E-05,0,0,0,0
Lu_3d52,222,1.17172015E+00,-4.509912E+00,-4.397896E+00,2.373810E-04,-1.138479E-05,0,0,0,0
Lu_3d52,223,1.22343919E+00,-4.242643E+00,-4.135470E+00,1.372909E-04,-6.537150E-06,0,0,0,0
Lu_3d52,224,1.27681148E+00,-3.993417E+00,-3.890836E+00,7.796040E-05,-3.686195E-06,0,0,0,0
Lu_3d52,225,1.33186393E+00,-3.761051E+00,-3.662824E+00,4.345495E-05,-2.040740E-06,0,0,0,0
Lu_3d52,226,1.38862315E+00,-3.544410E+00,-3.450314E+00,2.377023E-05,-1.108941E-06,0,0,0,0
Lu_3d52,227,1.44711548E+00,-3.342396E+00,-3.252220E+00,1.275710E-05,-5.913331E-07,0,0,0,0
Lu_3d52,228,1.50736699E+00,-3.153955E+00,-3.067500E+00,6.715679E-06,-3.093490E-07,0,0,0,0
Lu_3d52,229,1.56940344E+00,-2.978073E+00,-2.895151E+00,3.466903E-06,-1.587258E-07,0,0,0,0
Lu_3d52,230,1.63325033E+00,-2.813800E+00,-2.734234E+00,1.754695E-06,-7.985784E-08,0,0,0,0
Lu_3d52,231,1.69893283E+00,-2.660255E+00,-2.583878E+00,8.704895E-07,-3.938647E-08,0,0,0,0
Lu_3d52,232,1.76647584E+00,-2.516639E+00,-2.443293E+00,4.231766E-07,-1.903811E-08,0,0,0,0
Lu_3d52,233,1.83590395E+00,-2.382246E+00,-2.311782E+00,2.015441E-07,-9.016447E-09,0,0,0,0
Lu_3d52,234,1.90724144E+00,-2.256463E+00,-2.188742E+00,9.401633E-08,-4.182820E-09,0,0,0,0
Lu_3d52,235,1.98051228E+00,-2.138770E+00,-2.073658E+00,4.294531E-08,-1.900257E-09,0,0,0,0
Lu_3d52,236,2.05574015E+00,-2.028725E+00,-1.966097E+00,1.920449E-08,-8.451866E-10,0,0,0,0
Lu_3d52,237,2.13294840E+00,-1.925951E+00,-1.865688E+00,8.405429E-09,-3.679401E-10,0,0,0,0
Lu_3d52,238,2.21216008E+00,-1.830112E+00,-1.772103E+00,3.599841E-09,-1.567378E-10,0,0,0,0
Lu_3d52,239,2.29339794E+00,-1.740893E+00,-1.685031E+00,1.508237E-09,-6.531756E-11,0,0,0,0
Lu_3d52,240,2.37668441E+00,-1.657974E+00,-1.604160E+00,6.180393E-10,-2.824460E-11,0,0,0,0
Lu_3d52,241,2.46204160E+00,-1.581013E+00,-1.529153E+00,2.476398E-10,-6.599201E-12,0,0,0,0
Lu_3p12,0,1.40845070E-08,-1.178053E-02,8.875546E+06,4.467253E-11,1.488946E-06,0,0,0,0
Lu_3p12,1,1.54458033E-08,-1.291915E-02,8.093335E+06,5.369794E-11,1.632879E-06,0,0,0,0
Lu_3p12,2,1.69386420E-08,-1.416778E-02,7.380075E+06,6.455458E-11,1.790696E-06,0,0,0,0
Lu_3p12,3,1.85757639E-08,-1.553710E-02,6.729675E+06,7.761336E-11,1.963769E-06,0,0,0,0
Lu_3p12,4,2.03710783E-08,-1.703873E-02,6.136605E+06,9.332021E-11,2.153572E-06,0,0,0,0
Lu_3p12,5,2.23399067E-08,-1.868550E-02,5.595802E+06,1.122116E-10,2.361699E-06,0,0,0,0
Lu_3p12,6,2.44990189E-08,-2.049142E-02,5.102660E+06,1.349326E-10,2.589957E-06,0,0,0,0
Lu_3p12,7,2.68667586E-08,-2.247184E-02,4.652986E+06,1.622589E-10,2.840274E-06,0,0,0,0
Lu_3p12,8,2.94633317E-08,-2.464366E-02,4.242940E+06,1.951237E-10,3.114758E-06,0,0,0,0
Lu_3p12,9,3.23108539E-08,-2.702537E-02,3.869030E+06,2.346489E-10,3.415785E-06,0,0,0,0
Lu_3p12,10,3.54335170E-08,-2.963723E-02,3.528078E+06,2.821837E-10,3.745930E-06,0,0,0,0
Lu_3p12,11,3.88579005E-08,-3.250144E-02,3.217179E+06,3.393508E-10,4.107923E-06,0,0,0,0
Lu_3p12,12,4.26132991E-08,-3.564252E-02,2.933671E+06,4.081022E-10,4.504920E-06,0,0,0,0
Lu_3p12,13,4.67314733E-08,-3.908704E-02,2.675157E+06,4.907839E-10,4.940318E-06,0,0,0,0
Lu_3p12,14,5.12476303E-08,-4.286443E-02,2.439424E+06,5.902186E-10,5.417708E-06,0,0,0,0
Lu_3p12,15,5.62002313E-08,-4.700687E-02,2.224464E+06,7.098005E-10,5.941306E-06,0,0,0,0
Lu_3p12,16,6.16312403E-08,-5.154947E-02,2.028454E+06,8.536097E-10,6.515457E-06,0,0,0,0
Lu_3p12,17,6.75872020E-08,-5.653114E-02,1.849713E+06,1.026557E-09,7.145071E-06,0,0,0,0
Lu_3p12,18,7.41184821E-08,-6.199401E-02,1.686728E+06,1.234541E-09,7.835581E-06,0,0,0,0
Lu_3p12,19,8.12809116E-08,-6.798480E-02,1.538105E+06,1.484663E-09,8.592745E-06,0,0,0,0
Lu_3p12,20,8.91353265E-08,-7.455437E-02,1.402580E+06,1.785458E-09,9.423061E-06,0,0,0,0
Lu_3p12,21,9.77487367E-08,-8.175877E-02,1.278998E+06,2.147191E-09,1.033365E-05,0,0,0,0
Lu_3p12,22,1.07194113E-07,-8.965905E-02,1.166308E+06,2.582201E-09,1.133223E-05,0,0,0,0
Lu_3p12,23,1.17552189E-07,-9.832272E-02,1.063548E+06,3.105338E-09,1.242718E-05,0,0,0,0
Lu_3p12,24,1.28910932E-07,-1.078234E-01,9.698439E+05,3.734448E-09,1.362801E-05,0,0,0,0
Lu_3p12,25,1.41366993E-07,-1.182418E-01,8.843975E+05,4.490995E-09,1.494483E-05,0,0,0,0
Lu_3p12,26,1.55026355E-07,-1.296667E-01,8.064811E+05,5.400791E-09,1.638885E-05,0,0,0,0
Lu_3p12,27,1.70005236E-07,-1.421953E-01,7.354308E+05,6.494873E-09,1.797236E-05,0,0,0,0
Lu_3p12,28,1.86431075E-07,-1.559342E-01,6.706415E+05,7.810565E-09,1.970881E-05,0,0,0,0
Lu_3p12,29,2.04443616E-07,-1.710001E-01,6.115614E+05,9.392748E-09,2.161313E-05,0,0,0,0
Lu_3p12,30,2.24195708E-07,-1.875211E-01,5.576882E+05,1.129538E-08,2.370125E-05,0,0,0,0
Lu_3p12,31,2.45856126E-07,-2.056382E-01,5.085611E+05,1.358337E-08,2.599100E-05,0,0,0,0
Lu_3p12,32,2.69608304E-07,-2.255048E-01,4.637636E+05,1.633474E-08,2.850209E-05,0,0,0,0
Lu_3p12,33,2.95654667E-07,-2.472904E-01,4.229133E+05,1.964332E-08,3.125569E-05,0,0,0,0
Lu_3p12,34,3.24216193E-07,-2.711796E-01,3.856629E+05,2.362193E-08,3.427498E-05,0,0,0,0
Lu_3p12,35,3.55536886E-07,-2.973766E-01,3.516939E+05,2.840626E-08,3.758601E-05,0,0,0,0
Lu_3p12,36,3.89881261E-07,-3.261026E-01,3.207189E+05,3.415938E-08,4.121710E-05,0,0,0,0
Lu_3p12,37,4.27542511E-07,-3.576028E-01,2.924728E+05,4.107746E-08,4.519812E-05,0,0,0,0
Lu_3p12,38,4.68840899E-07,-3.921450E-01,2.667152E+05,4.939637E-08,4.956414E-05,0,0,0,0
Lu_3p12,39,5.14125814E-07,-4.300215E-01,2.432277E+05,5.939956E-08,5.435173E-05,0,0,0,0
Lu_3p12,40,5.63783777E-07,-4.715555E-01,2.218092E+05,7.142807E-08,5.960106E-05,0,0,0,0
Lu_3p12,41,6.18235912E-07,-5.170992E-01,2.022780E+05,8.589179E-08,6.535757E-05,0,0,0,0
Lu_3p12,42,6.77944859E-07,-5.670395E-01,1.844676E+05,1.032836E-07,7.166963E-05,0,0,0,0
Lu_3p12,43,7.43417883E-07,-6.218005E-01,1.682263E+05,1.241960E-07,7.859149E-05,0,0,0,0
Lu_3p12,44,8.15209759E-07,-6.818461E-01,1.534163E+05,1.493414E-07,8.618089E-05,0,0,0,0
Lu_3p12,45,8.93933023E-07,-7.476885E-01,1.399107E+05,1.795766E-07,9.450251E-05,0,0,0,0
Lu_3p12,46,9.80253329E-07,-8.198841E-01,1.275952E+05,2.159311E-07,1.036285E-04,0,0,0,0
Lu_3p12,47,1.07490332E-06,-8.990456E-01,1.163648E+05,2.596429E-07,1.136346E-04,0,0,0,0
Lu_3p12,48,1.17868778E-06,-9.858455E-01,1.061239E+05,3.122005E-07,1.246056E-04,0,0,0,0
Lu_3p12,49,1.29248727E-06,-1.081020E+00,9.678516E+04,3.753932E-07,1.366356E-04,0,0,0,0
Lu_3p12,50,1.41726642E-06,-1.185375E+00,8.826928E+04,4.513717E-07,1.498268E-04,0,0,0,0
Lu_3p12,51,1.55408252E-06,-1.299794E+00,8.050382E+04,5.427215E-07,1.642900E-04,0,0,0,0
Lu_3p12,52,1.70409879E-06,-1.425248E+00,7.342252E+04,6.525512E-07,1.801477E-04,0,0,0,0
Lu_3p12,53,1.86858481E-06,-1.562798E+00,6.696524E+04,7.845966E-07,1.975358E-04,0,0,0,0
Lu_3p12,54,2.04893518E-06,-1.713608E+00,6.107702E+04,9.433485E-07,2.166009E-04,0,0,0,0
Lu_3p12,55,2.24667680E-06,-1.878953E+00,5.570778E+04,1.134204E-06,2.375034E-04,0,0,0,0
Lu_3p12,56,2.46348896E-06,-2.060232E+00,5.081174E+04,1.363652E-06,2.604208E-04,0,0,0,0
Lu_3p12,57,2.70120429E-06,-2.258975E+00,4.634735E+04,1.639489E-06,2.855486E-04,0,0,0,0
Lu_3p12,58,2.96183615E-06,-2.476857E+00,4.227659E+04,1.971084E-06,3.130974E-04,0,0,0,0
Lu_3p12,59,3.24759167E-06,-2.715716E+00,3.856484E+04,2.369699E-06,3.433005E-04,0,0,0,0
Lu_3p12,60,3.56088877E-06,-2.977564E+00,3.518053E+04,2.848865E-06,3.764140E-04,0,0,0,0
Lu_3p12,61,3.90437587E-06,-3.264600E+00,3.209488E+04,3.424839E-06,4.127166E-04,0,0,0,0
Lu_3p12,62,4.28096072E-06,-3.579235E+00,2.928164E+04,4.117155E-06,4.525143E-04,0,0,0,0
Lu_3p12,63,4.69382455E-06,-3.924105E+00,2.671690E+04,4.949279E-06,4.961441E-04,0,0,0,0
Lu_3p12,64,5.14645651E-06,-4.302092E+00,2.437886E+04,5.949398E-06,5.439724E-04,0,0,0,0
Lu_3p12,65,5.64267994E-06,-4.716348E+00,2.224764E+04,7.151365E-06,5.964015E-04,0,0,0,0
Lu_3p12,66,6.18668621E-06,-5.170318E+00,2.030512E+04,8.595838E-06,6.538726E-04,0,0,0,0
Lu_3p12,67,6.78306446E-06,-5.667761E+00,1.853481E+04,1.033162E-05,7.168684E-04,0,0,0,0
Lu_3p12,68,7.43684772E-06,-6.212780E+00,1.692167E+04,1.241732E-05,7.859157E-04,0,0,0,0
Lu_3p12,69,8.15354812E-06,-6.809847E+00,1.545200E+04,1.492325E-05,8.615935E-04,0,0,0,0
Lu_3p12,70,8.93920529E-06,-7.463830E+00,1.411334E+04,1.793379E-05,9.445330E-04,0,0,0,0
Lu_3p12,71,9.80043817E-06,-8.180023E+00,1.289434E+04,2.155013E-05,1.035424E-03,0,0,0,0
Lu_3p12,72,1.07444991E-05,-8.964176E+00,1.178467E+04,2.589360E-05,1.135022E-03,0,0,0,0
Lu_3p12,73,1.17793295E-05,-9.822511E+00,1.077495E+04,3.110960E-05,1.244152E-03,0,0,0,0
Lu_3p12,74,1.29136348E-05,-1.076176E+01,9.856670E+03,3.737231E-05,1.363712E-03,0,0,0,0
Lu_3p12,75,1.41569462E-05,-1.178916E+01,9.022100E+03,4.489017E-05,1.494685E-03,0,0,0,0
Lu_3p12,76,1.55197075E-05,-1.291250E+01,8.264256E+03,5.391253E-05,1.638138E-03,0,0,0,0
Lu_3p12,77,1.70133553E-05,-1.414009E+01,7.576839E+03,6.473735E-05,1.795235E-03,0,0,0,0
Lu_3p12,78,1.86504207E-05,-1.548074E+01,6.954218E+03,7.772027E-05,1.967239E-03,0,0,0,0
Lu_3p12,79,2.04446227E-05,-1.694375E+01,6.391260E+03,9.328527E-05,2.155522E-03,0,0,0,0
Lu_3p12,80,2.24109875E-05,-1.853882E+01,5.883520E+03,1.119370E-04,2.361568E-03,0,0,0,0
Lu_3p12,81,2.45659712E-05,-2.027593E+01,5.427284E+03,1.342747E-04,2.586981E-03,0,0,0,0
Lu_3p12,82,2.69275913E-05,-2.216516E+01,5.018870E+03,1.610090E-04,2.833489E-03,0,0,0,0
Lu_3p12,83,2.95155769E-05,-2.421648E+01,4.655748E+03,1.929792E-04,3.102946E-03,0,0,0,0
Lu_3p12,84,3.23515278E-05,-2.643933E+01,4.335897E+03,2.311742E-04,3.397337E-03,0,0,0,0
Lu_3p12,85,3.54590885E-05,-2.884216E+01,4.057607E+03,2.767533E-04,3.718772E-03,0,0,0,0
Lu_3p12,86,3.88641460E-05,-3.143171E+01,3.820346E+03,3.310690E-04,4.069487E-03,0,0,0,0
Lu_3p12,87,4.25950311E-05,-3.421206E+01,3.624447E+03,3.956887E-04,4.451829E-03,0,0,0,0
Lu_3p12,88,4.66827539E-05,-3.718335E+01,3.471129E+03,4.724137E-04,4.868251E-03,0,0,0,0
Lu_3p12,89,5.11612515E-05,-4.034008E+01,3.363171E+03,5.632927E-04,5.321288E-03,0,0,0,0
Lu_3p12,90,5.60676589E-05,-4.366875E+01,3.305270E+03,6.706234E-04,5.813539E-03,0,0,0,0
Lu_3p12,91,6.14426048E-05,-4.714482E+01,3.304220E+03,7.969363E-04,6.347634E-03,0,0,0,0
Lu_3p12,92,6.73305476E-05,-5.072868E+01,3.369675E+03,9.449489E-04,6.926223E-03,0,0,0,0
Lu_3p12,93,7.37801101E-05,-5.436047E+01,3.514640E+03,1.117476E-03,7.551953E-03,0,0,0,0
Lu_3p12,94,8.08444839E-05,-5.795353E+01,3.754473E+03,1.317275E-03,8.227495E-03,0,0,0,0
Lu_3p12,95,8.85818410E-05,-6.138718E+01,4.100158E+03,1.546807E-03,8.955675E-03,0,0,0,0
Lu_3p12,96,9.70557919E-05,-6.450115E+01,4.524009E+03,1.807887E-03,9.739492E-03,0,0,0,0
Lu_3p12,97,1.06335888E-04,-6.710130E+01,4.857000E+03,2.101220E-03,1.058103E-02,0,0,0,0
Lu_3p12,98,1.16498167E-04,-6.900239E+01,4.750119E+03,2.425895E-03,1.148184E-02,0,0,0,0
Lu_3p12,99,1.27625740E-04,-7.013925E+01,4.025015E+03,2.779524E-03,1.245007E-02,0,0,0,0
Lu_3p12,100,1.39809443E-04,-7.066706E+01,3.032300E+03,3.159891E-03,1.349686E-02,0,0,0,0
Lu_3p12,101,1.53148538E-04,-7.085775E+01,2.271314E+03,3.566364E-03,1.462351E-02,0,0,0,0
Lu_3p12,102,1.67751469E-04,-7.091153E+01,1.846331E+03,3.999914E-03,1.583112E-02,0,0,0,0
Lu_3p12,103,1.83736702E-04,-7.092048E+01,1.599612E+03,4.462958E-03,1.712930E-02,0,0,0,0
Lu_3p12,104,2.01233621E-04,-7.091667E+01,1.417322E+03,4.958903E-03,1.852762E-02,0,0,0,0
Lu_3p12,105,2.20383511E-04,-7.090932E+01,1.261348E+03,5.491730E-03,2.003352E-02,0,0,0,0
Lu_3p12,106,2.41340621E-04,-7.090062E+01,1.121533E+03,6.065863E-03,2.165468E-02,0,0,0,0
Lu_3p12,107,2.64273321E-04,-7.089098E+01,9.949151E+02,6.686187E-03,2.339948E-02,0,0,0,0
Lu_3p12,108,2.89365355E-04,-7.088039E+01,8.801391E+02,7.358109E-03,2.527696E-02,0,0,0,0
Lu_3p12,109,3.16817200E-04,-7.086877E+01,7.761826E+02,8.087636E-03,2.729674E-02,0,0,0,0
Lu_3p12,110,3.46847541E-04,-7.085603E+01,6.821310E+02,8.881459E-03,2.946905E-02,0,0,0,0
Lu_3p12,111,3.79694864E-04,-7.084207E+01,5.971467E+02,9.747049E-03,3.180467E-02,0,0,0,0
Lu_3p12,112,4.15619192E-04,-7.082677E+01,5.204620E+02,1.069277E-02,3.431497E-02,0,0,0,0
Lu_3p12,113,4.54903944E-04,-7.080999E+01,4.513737E+02,1.172802E-02,3.701195E-02,0,0,0,0
Lu_3p12,114,4.97857967E-04,-7.079161E+01,3.892361E+02,1.286334E-02,3.990815E-02,0,0,0,0
Lu_3p12,115,5.44817717E-04,-7.077148E+01,3.334560E+02,1.411063E-02,4.301671E-02,0,0,0,0
Lu_3p12,116,5.96149619E-04,-7.074942E+01,2.834875E+02,1.548327E-02,4.635134E-02,0,0,0,0
Lu_3p12,117,6.52252617E-04,-7.072526E+01,2.388273E+02,1.699642E-02,4.992626E-02,0,0,0,0
Lu_3p12,118,7.13560914E-04,-7.069881E+01,1.990107E+02,1.866718E-02,5.375617E-02,0,0,0,0
Lu_3p12,119,7.80546942E-04,-7.066985E+01,1.636079E+02,2.051493E-02,5.785620E-02,0,0,0,0
Lu_3p12,120,8.53724541E-04,-7.063816E+01,1.322209E+02,2.256161E-02,6.224181E-02,0,0,0,0
Lu_3p12,121,9.33652389E-04,-7.060348E+01,1.044807E+02,2.483209E-02,6.692870E-02,0,0,0,0
Lu_3p12,122,1.02093769E-03,-7.056555E+01,8.004505E+01,2.735455E-02,7.193265E-02,0,0,0,0
Lu_3p12,123,1.11624013E-03,-7.052407E+01,5.859603E+01,3.016095E-02,7.726941E-02,0,0,0,0
Lu_3p12,124,1.22027613E-03,-7.047871E+01,3.983878E+01,3.328752E-02,8.295445E-02,0,0,0,0
Lu_3p12,125,1.33382338E-03,-7.042915E+01,2.349988E+01,3.677531E-02,8.900277E-02,0,0,0,0
Lu_3p12,126,1.45772573E-03,-7.037500E+01,9.326127E+00,4.067082E-02,9.542857E-02,0,0,0,0
Lu_3p12,127,1.59289840E-03,-7.031586E+01,-2.916405E+00,4.502665E-02,1.022450E-01,0,0,0,0
Lu_3p12,128,1.74033353E-03,-7.025132E+01,-1.344328E+01,4.990227E-02,1.094636E-01,0,0,0,0
Lu_3p12,129,1.90110615E-03,-7.018089E+01,-2.245243E+01,5.536477E-02,1.170941E-01,0,0,0,0
Lu_3p12,130,2.07638050E-03,-7.010410E+01,-3.012491E+01,6.148977E-02,1.251438E-01,0,0,0,0
Lu_3p12,131,2.26741677E-03,-7.002042E+01,-3.662553E+01,6.836225E-02,1.336167E-01,0,0,0,0
Lu_3p12,132,2.47557828E-03,-6.992927E+01,-4.210360E+01,7.607750E-02,1.425134E-01,0,0,0,0
Lu_3p12,133,2.70233906E-03,-6.983007E+01,-4.669358E+01,8.474207E-02,1.518299E-01,0,0,0,0
Lu_3p12,134,2.94929195E-03,-6.972219E+01,-5.051592E+01,9.447468E-02,1.615567E-01,0,0,0,0
Lu_3p12,135,3.21815711E-03,-6.960495E+01,-5.367778E+01,1.054071E-01,1.716784E-01,0,0,0,0
Lu_3p12,136,3.51079106E-03,-6.947767E+01,-5.627394E+01,1.176847E-01,1.821721E-01,0,0,0,0
Lu_3p12,137,3.82919619E-03,-6.933960E+01,-5.838764E+01,1.314677E-01,1.930067E-01,0,0,0,0
Lu_3p12,138,4.17553074E-03,-6.918999E+01,-6.009153E+01,1.469305E-01,2.041416E-01,0,0,0,0
Lu_3p12,139,4.55211944E-03,-6.902805E+01,-6.144855E+01,1.642626E-01,2.155255E-01,0,0,0,0
Lu_3p12,140,4.96146447E-03,-6.885296E+01,-6.251288E+01,1.836677E-01,2.270952E-01,0,0,0,0
Lu_3p12,141,5.40625706E-03,-6.866388E+01,-6.333086E+01,2.053626E-01,2.387744E-01,0,0,0,0
Lu_3p12,142,5.88938963E-03,-6.845996E+01,-6.394180E+01,2.295755E-01,2.504721E-01,0,0,0,0
Lu_3p12,143,6.41396839E-03,-6.824032E+01,-6.437887E+01,2.565431E-01,2.620823E-01,0,0,0,0
Lu_3p12,144,6.98332646E-03,-6.800407E+01,-6.466984E+01,2.865066E-01,2.734821E-01,0,0,0,0
Lu_3p12,145,7.60103751E-03,-6.775030E+01,-6.483782E+01,3.197061E-01,2.845317E-01,0,0,0,0
Lu_3p12,146,8.27092988E-03,-6.747811E+01,-6.490189E+01,3.563737E-01,2.950735E-01,0,0,0,0
Lu_3p12,147,8.99710118E-03,-6.718657E+01,-6.487768E+01,3.967240E-01,3.049320E-01,0,0,0,0
Lu_3p12,148,9.78393329E-03,-6.687474E+01,-6.477793E+01,4.409429E-01,3.139149E-01,0,0,0,0
Lu_3p12,149,1.06361078E-02,-6.654167E+01,-6.461289E+01,4.891740E-01,3.218133E-01,0,0,0,0
Lu_3p12,150,1.15586218E-02,-6.618641E+01,-6.439076E+01,5.415015E-01,3.284044E-01,0,0,0,0
Lu_3p12,151,1.25568040E-02,-6.580796E+01,-6.411802E+01,5.979316E-01,3.334534E-01,0,0,0,0
Lu_3p12,152,1.36363313E-02,-6.540535E+01,-6.379971E+01,6.583701E-01,3.367182E-01,0,0,0,0
Lu_3p12,153,1.48032451E-02,-6.497756E+01,-6.343968E+01,7.225977E-01,3.379534E-01,0,0,0,0
Lu_3p12,154,1.60639684E-02,-6.452362E+01,-6.304086E+01,7.902436E-01,3.369169E-01,0,0,0,0
Lu_3p12,155,1.74253227E-02,-6.404254E+01,-6.260539E+01,8.607570E-01,3.333767E-01,0,0,0,0
Lu_3p12,156,1.88945447E-02,-6.353341E+01,-6.213477E+01,9.333787E-01,3.271197E-01,0,0,0,0
Lu_3p12,157,2.04793037E-02,-6.299539E+01,-6.163009E+01,1.007113E+00,3.179612E-01,0,0,0,0
Lu_3p12,158,2.21877176E-02,-6.242773E+01,-6.109207E+01,1.080702E+00,3.057550E-01,0,0,0,0
Lu_3p12,159,2.40283703E-02,-6.182981E+01,-6.052116E+01,1.152607E+00,2.904044E-01,0,0,0,0
Lu_3p12,160,2.60103273E-02,-6.120111E+01,-5.991767E+01,1.220993E+00,2.718739E-01,0,0,0,0
Lu_3p12,161,2.81431521E-02,-6.054115E+01,-5.928175E+01,1.283731E+00,2.501996E-01,0,0,0,0
Lu_3p12,162,3.04369210E-02,-5.984944E+01,-5.861345E+01,1.338405E+00,2.254991E-01,0,0,0,0
Lu_3p12,163,3.29022384E-02,-5.912547E+01,-5.791265E+01,1.382341E+00,1.979810E-01,0,0,0,0
Lu_3p12,164,3.55502504E-02,-5.836870E+01,-5.717917E+01,1.412659E+00,1.679502E-01,0,0,0,0
Lu_3p12,165,3.83926583E-02,-5.757864E+01,-5.641276E+01,1.426343E+00,1.358103E-01,0,0,0,0
Lu_3p12,166,4.14417311E-02,-5.675496E+01,-5.561322E+01,1.420335E+00,1.020628E-01,0,0,0,0
Lu_3p12,167,4.47103165E-02,-5.589759E+01,-5.478053E+01,1.391659E+00,6.730025E-02,0,0,0,0
Lu_3p12,168,4.82118514E-02,-5.500674E+01,-5.391492E+01,1.337562E+00,3.219510E-02,0,0,0,0
Lu_3p12,169,5.19603709E-02,-5.408297E+01,-5.301688E+01,1.255679E+00,-2.518374E-03,0,0,0,0
Lu_3p12,170,5.59705163E-02,-5.312708E+01,-5.208717E+01,1.144210E+00,-3.606660E-02,0,0,0,0
Lu_3p12,171,6.02575411E-02,-5.214002E+01,-5.112669E+01,1.002098E+00,-6.766453E-02,0,0,0,0
Lu_3p12,172,6.48373163E-02,-5.112282E+01,-5.013644E+01,8.292026E-01,-9.654721E-02,0,0,0,0
Lu_3p12,173,6.97263340E-02,-5.007654E+01,-4.911743E+01,6.264572E-01,-1.220039E-01,0,0,0,0
Lu_3p12,174,7.49417091E-02,-4.900230E+01,-4.807073E+01,3.959849E-01,-1.434127E-01,0,0,0,0
Lu_3p12,175,8.05011798E-02,-4.790126E+01,-4.699747E+01,1.411680E-01,-1.602738E-01,0,0,0,0
Lu_3p12,176,8.64231061E-02,-4.677502E+01,-4.589918E+01,-1.333462E-01,-1.722389E-01,0,0,0,0
Lu_3p12,177,9.27264671E-02,-4.562538E+01,-4.477757E+01,-4.217156E-01,-1.791339E-01,0,0,0,0
Lu_3p12,178,9.94308562E-02,-4.445469E+01,-4.363489E+01,-7.170543E-01,-1.809730E-01,0,0,0,0
Lu_3p12,179,1.06556475E-01,-4.326541E+01,-4.247351E+01,-1.011667E+00,-1.779623E-01,0,0,0,0
Lu_3p12,180,1.14124124E-01,-4.205996E+01,-4.129577E+01,-1.297356E+00,-1.704927E-01,0,0,0,0
Lu_3p12,181,1.22155196E-01,-4.084052E+01,-4.010381E+01,-1.565795E+00,-1.591203E-01,0,0,0,0
Lu_3p12,182,1.30671661E-01,-3.960930E+01,-3.889979E+01,-1.808939E+00,-1.445378E-01,0,0,0,0
Lu_3p12,183,1.39696055E-01,-3.836869E+01,-3.768605E+01,-2.019454E+00,-1.275362E-01,0,0,0,0
Lu_3p12,184,1.49251467E-01,-3.712155E+01,-3.646541E+01,-2.191124E+00,-1.089606E-01,0,0,0,0
Lu_3p12,185,1.59361522E-01,-3.587132E+01,-3.524120E+01,-2.319210E+00,-8.966203E-02,0,0,0,0
Lu_3p12,186,1.70050362E-01,-3.462150E+01,-3.401689E+01,-2.400727E+00,-7.045106E-02,0,0,0,0
Lu_3p12,187,1.81342630E-01,-3.337542E+01,-3.279572E+01,-2.434611E+00,-5.205557E-02,0,0,0,0
Lu_3p12,188,1.93263449E-01,-3.213569E+01,-3.158030E+01,-2.421765E+00,-3.508706E-02,0,0,0,0
Lu_3p12,189,2.05838402E-01,-3.090408E+01,-3.037233E+01,-2.364980E+00,-2.001714E-02,0,0,0,0
Lu_3p12,190,2.19093507E-01,-2.968140E+01,-2.917261E+01,-2.268730E+00,-7.165584E-03,0,0,0,0
Lu_3p12,191,2.33055201E-01,-2.846816E+01,-2.798166E+01,-2.138871E+00,3.300796E-03,0,0,0,0
Lu_3p12,192,2.47750307E-01,-2.726489E+01,-2.679996E+01,-1.982253E+00,1.135919E-02,0,0,0,0
Lu_3p12,193,2.63206019E-01,-2.607291E+01,-2.562885E+01,-1.806296E+00,1.711340E-02,0,0,0,0
Lu_3p12,194,2.79449870E-01,-2.489435E+01,-2.447042E+01,-1.618535E+00,2.076995E-02,0,0,0,0
Lu_3p12,195,2.96509710E-01,-2.373169E+01,-2.332713E+01,-1.426201E+00,2.260954E-02,0,0,0,0
Lu_3p12,196,3.14413681E-01,-2.258696E+01,-2.220100E+01,-1.235849E+00,2.295683E-02,0,0,0,0
Lu_3p12,197,3.33190188E-01,-2.146130E+01,-2.109320E+01,-1.053076E+00,2.215129E-02,0,0,0,0
Lu_3p12,198,3.52867877E-01,-2.035548E+01,-2.000453E+01,-8.823358E-01,2.052219E-02,0,0,0,0
Lu_3p12,199,3.73475605E-01,-1.927067E+01,-1.893617E+01,-7.268571E-01,1.836927E-02,0,0,0,0
Lu_3p12,200,3.95042416E-01,-1.820943E+01,-1.789069E+01,-5.886535E-01,1.594964E-02,0,0,0,0
Lu_3p12,201,4.17597515E-01,-1.717551E+01,-1.687185E+01,-4.686163E-01,1.347060E-02,0,0,0,0
Lu_3p12,202,4.41170244E-01,-1.617347E+01,-1.588422E+01,-3.666666E-01,1.108762E-02,0,0,0,0
Lu_3p12,203,4.65790054E-01,-1.520802E+01,-1.493253E+01,-2.819487E-01,8.906702E-03,0,0,0,0
Lu_3p12,204,4.91486481E-01,-1.428334E+01,-1.402097E+01,-2.130395E-01,6.990060E-03,0,0,0,0
Lu_3p12,205,5.18289124E-01,-1.340261E+01,-1.315275E+01,-1.581560E-01,5.363874E-03,0,0,0,0
Lu_3p12,206,5.46227617E-01,-1.256783E+01,-1.232987E+01,-1.153420E-01,4.026947E-03,0,0,0,0
Lu_3p12,207,5.75331612E-01,-1.177967E+01,-1.155305E+01,-8.262321E-02,2.959204E-03,0,0,0,0
Lu_3p12,208,6.05630751E-01,-1.103791E+01,-1.082206E+01,-5.812473E-02,2.129246E-03,0,0,0,0
Lu_3p12,209,6.37154647E-01,-1.034137E+01,-1.013575E+01,-4.015043E-02,1.500501E-03,0,0,0,0
Lu_3p12,210,6.69932864E-01,-9.688292E+00,-9.492398E+00,-2.722765E-02,1.035804E-03,0,0,0,0
Lu_3p12,211,7.03994894E-01,-9.076812E+00,-8.890143E+00,-1.812326E-02,7.004734E-04,0,0,0,0
Lu_3p12,212,7.39370141E-01,-8.504780E+00,-8.326863E+00,-1.183801E-02,4.640820E-04,0,0,0,0
Lu_3p12,213,7.76087899E-01,-7.970104E+00,-7.800486E+00,-7.586532E-03,3.012188E-04,0,0,0,0
Lu_3p12,214,8.14177341E-01,-7.470733E+00,-7.308980E+00,-4.769044E-03,1.915274E-04,0,0,0,0
Lu_3p12,215,8.53667493E-01,-7.004632E+00,-6.850333E+00,-2.939953E-03,1.192899E-04,0,0,0,0
Lu_3p12,216,8.94587226E-01,-6.569778E+00,-6.422541E+00,-1.776906E-03,7.276958E-05,0,0,0,0
Lu_3p12,217,9.36965239E-01,-6.164163E+00,-6.023616E+00,-1.052675E-03,4.347179E-05,0,0,0,0
Lu_3p12,218,9.80830042E-01,-5.785828E+00,-5.651619E+00,-6.111073E-04,2.542758E-05,0,0,0,0
Lu_3p12,219,1.02620995E+00,-5.432904E+00,-5.304700E+00,-3.475516E-04,1.456003E-05,0,0,0,0
Lu_3p12,220,1.07313306E+00,-5.103643E+00,-4.981127E+00,-1.935897E-04,8.160031E-06,0,0,0,0
Lu_3p12,221,1.12162725E+00,-4.796473E+00,-4.679348E+00,-1.055814E-04,4.475065E-06,0,0,0,0
Lu_3p12,222,1.17172015E+00,-4.509912E+00,-4.397896E+00,-5.636552E-05,2.400963E-06,0,0,0,0
Lu_3p12,223,1.22343919E+00,-4.242643E+00,-4.135470E+00,-2.944683E-05,1.259928E-06,0,0,0,0
Lu_3p12,224,1.27681148E+00,-3.993417E+00,-3.890836E+00,-1.505008E-05,6.465056E-07,0,0,0,0
Lu_3p12,225,1.33186393E+00,-3.761051E+00,-3.662824E+00,-7.522981E-06,3.243044E-07,0,0,0,0
Lu_3p12,226,1.38862315E+00,-3.544410E+00,-3.450314E+00,-3.676771E-06,1.589910E-07,0,0,0,0
Lu_3p12,227,1.44711548E+00,-3.342396E+00,-3.252220E+00,-1.756476E-06,7.615758E-08,0,0,0,0
Lu_3p12,228,1.50736699E+00,-3.153955E+00,-3.067500E+00,-8.199554E-07,3.563315E-08,0,0,0,0
Lu_3p12,229,1.56940344E+00,-2.978073E+00,-2.895151E+00,-3.739237E-07,1.628068E-08,0,0,0,0
Lu_3p12,230,1.63325033E+00,-2.813800E+00,-2.734234E+00,-1.665300E-07,7.261778E-09,0,0,0,0
Lu_3p12,231,1.69893283E+00,-2.660255E+00,-2.583878E+00,-7.240866E-08,3.161097E-09,0,0,0,0
Lu_3p12,232,1.76647584E+00,-2.516639E+00,-2.443293E+00,-3.072899E-08,1.342542E-09,0,0,0,0
Lu_3p12,233,1.83590395E+00,-2.382246E+00,-2.311782E+00,-1.272440E-08,5.561367E-10,0,0,0,0
Lu_3p12,234,1.90724144E+00,-2.256463E+00,-2.188742E+00,-5.139586E-09,2.246291E-10,0,0,0,0
Lu_3p12,235,1.98051228E+00,-2.138770E+00,-2.073658E+00,-2.024381E-09,8.843956E-11,0,0,0,0
Lu_3p12,236,2.05574015E+00,-2.028725E+00,-1.966097E+00,-7.773218E-10,3.393023E-11,0,0,0,0
Lu_3p12,237,2.13294840E+00,-1.925951E+00,-1.865688E+00,-2.908875E-10,1.268086E-11,0,0,0,0
Lu_3p12,238,2.21216008E+00,-1.830112E+00,-1.772103E+00,-1.060562E-10,5.233792E-12,0,0,0,0
Lu_3p12,239,2.29339794E+00,-1.740893E+00,-1.685031E+00,-3.766219E-11,7.566844E-14,0,0,0,0
Lu_3p32,0,1.40845070E-08,-1.178053E-02,8.875546E+06,1.208953E-12,-2.081474E-17,0,0,0,0
Lu_3p32,1,1.54458033E-08,-1.291915E-02,8.093335E+06,1.453204E-12,-2.744466E-17,0,0,0,0
Lu_3p32,2,1.69386420E-08,-1.416778E-02,7.380075E+06,1.747012E-12,-3.618384E-17,0,0,0,0
Lu_3p32,3,1.85757639E-08,-1.553710E-02,6.729675E+06,2.100416E-12,-4.770587E-17,0,0,0,0
Lu_3p32,4,2.03710783E-08,-1.703873E-02,6.136605E+06,2.525484E-12,-6.289848E-17,0,0,0,0
Lu_3p32,5,2.23399067E-08,-1.868550E-02,5.595802E+06,3.036734E-12,-8.293295E-17,0,0,0,0
Lu_3p32,6,2.44990189E-08,-2.049142E-02,5.102660E+06,3.651623E-12,-1.093536E-16,0,0,0,0
Lu_3p32,7,2.68667586E-08,-2.247184E-02,4.652986E+06,4.391144E-12,-1.441965E-16,0,0,0,0
Lu_3p32,8,2.94633317E-08,-2.464366E-02,4.242940E+06,5.280549E-12,-1.901481E-16,0,0,0,0
Lu_3p32,9,3.23108539E-08,-2.702537E-02,3.869030E+06,6.350205E-12,-2.507507E-16,0,0,0,0
Lu_3p32,10,3.54335170E-08,-2.963723E-02,3.528078E+06,7.636621E-12,-3.306743E-16,0,0,0,0
Lu_3p32,11,3.88579005E-08,-3.250144E-02,3.217179E+06,9.183712E-12,-4.360793E-16,0,0,0,0
Lu_3p32,12,4.26132991E-08,-3.564252E-02,2.933671E+06,1.104431E-11,-5.750947E-16,0,0,0,0
Lu_3p32,13,4.67314733E-08,-3.908704E-02,2.675157E+06,1.328189E-11,-7.584276E-16,0,0,0,0
Lu_3p32,14,5.12476303E-08,-4.286443E-02,2.439424E+06,1.597285E-11,-1.000215E-15,0,0,0,0
Lu_3p32,15,5.62002313E-08,-4.700687E-02,2.224464E+06,1.920905E-11,-1.319093E-15,0,0,0,0
Lu_3p32,16,6.16312403E-08,-5.154947E-02,2.028454E+06,2.310091E-11,-1.739625E-15,0,0,0,0
Lu_3p32,17,6.75872020E-08,-5.653114E-02,1.849713E+06,2.778132E-11,-2.294247E-15,0,0,0,0
Lu_3p32,18,7.41184821E-08,-6.199401E-02,1.686728E+06,3.340993E-11,-3.025669E-15,0,0,0,0
Lu_3p32,19,8.12809116E-08,-6.798480E-02,1.538105E+06,4.017890E-11,-3.990287E-15,0,0,0,0
Lu_3p32,20,8.91353265E-08,-7.455437E-02,1.402580E+06,4.831920E-11,-5.262417E-15,0,0,0,0
Lu_3p32,21,9.77487367E-08,-8.175877E-02,1.278998E+06,5.810865E-11,-6.940120E-15,0,0,0,0
Lu_3p32,22,1.07194113E-07,-8.965905E-02,1.166308E+06,6.988121E-11,-9.152605E-15,0,0,0,0
Lu_3p32,23,1.17552189E-07,-9.832272E-02,1.063548E+06,8.403869E-11,-1.207044E-14,0,0,0,0
Lu_3p32,24,1.28910932E-07,-1.078234E-01,9.698439E+05,1.010641E-10,-1.591839E-14,0,0,0,0
Lu_3p32,25,1.41366993E-07,-1.182418E-01,8.843975E+05,1.215383E-10,-2.099293E-14,0,0,0,0
Lu_3p32,26,1.55026355E-07,-1.296667E-01,8.064811E+05,1.461598E-10,-2.768504E-14,0,0,0,0
Lu_3p32,27,1.70005236E-07,-1.421953E-01,7.354308E+05,1.757687E-10,-3.651027E-14,0,0,0,0
Lu_3p32,28,1.86431075E-07,-1.559342E-01,6.706415E+05,2.113749E-10,-4.814850E-14,0,0,0,0
Lu_3p32,29,2.04443616E-07,-1.710001E-01,6.115614E+05,2.541931E-10,-6.349627E-14,0,0,0,0
Lu_3p32,30,2.24195708E-07,-1.875211E-01,5.576882E+05,3.056835E-10,-8.373545E-14,0,0,0,0
Lu_3p32,31,2.45856126E-07,-2.056382E-01,5.085611E+05,3.676029E-10,-1.104258E-13,0,0,0,0
Lu_3p32,32,2.69608304E-07,-2.255048E-01,4.637636E+05,4.420625E-10,-1.456220E-13,0,0,0,0
Lu_3p32,33,2.95654667E-07,-2.472904E-01,4.229133E+05,5.316019E-10,-1.920355E-13,0,0,0,0
Lu_3p32,34,3.24216193E-07,-2.711796E-01,3.856629E+05,6.392741E-10,-2.532395E-13,0,0,0,0
Lu_3p32,35,3.55536886E-07,-2.973766E-01,3.516939E+05,7.687517E-10,-3.339498E-13,0,0,0,0
Lu_3p32,36,3.89881261E-07,-3.261026E-01,3.207189E+05,9.244473E-10,-4.403764E-13,0,0,0,0
Lu_3p32,37,4.27542511E-07,-3.576028E-01,2.924728E+05,1.111670E-09,-5.807173E-13,0,0,0,0
Lu_3p32,38,4.68840899E-07,-3.921450E-01,2.667152E+05,1.336804E-09,-7.657782E-13,0,0,0,0
Lu_3p32,39,5.14125814E-07,-4.300215E-01,2.432277E+05,1.607519E-09,-1.009798E-12,0,0,0,0
Lu_3p32,40,5.63783777E-07,-4.715555E-01,2.218092E+05,1.933047E-09,-1.331569E-12,0,0,0,0
Lu_3p32,41,6.18235912E-07,-5.170992E-01,2.022780E+05,2.324478E-09,-1.755853E-12,0,0,0,0
Lu_3p32,42,6.77944859E-07,-5.670395E-01,1.844676E+05,2.795153E-09,-2.315303E-12,0,0,0,0
Lu_3p32,43,7.43417883E-07,-6.218005E-01,1.682263E+05,3.361109E-09,-3.052973E-12,0,0,0,0
Lu_3p32,44,8.15209759E-07,-6.818461E-01,1.534163E+05,4.041624E-09,-4.025606E-12,0,0,0,0
Lu_3p32,45,8.93933023E-07,-7.476885E-01,1.399107E+05,4.859887E-09,-5.308076E-12,0,0,0,0
Lu_3p32,46,9.80253329E-07,-8.198841E-01,1.275952E+05,5.843764E-09,-6.998997E-12,0,0,0,0
Lu_3p32,47,1.07490332E-06,-8.990456E-01,1.163648E+05,7.026759E-09,-9.228424E-12,0,0,0,0
Lu_3p32,48,1.17868778E-06,-9.858455E-01,1.061239E+05,8.449160E-09,-1.216785E-11,0,0,0,0
Lu_3p32,49,1.29248727E-06,-1.081020E+00,9.678516E+04,1.015940E-08,-1.604332E-11,0,0,0,0
Lu_3p32,50,1.41726642E-06,-1.185375E+00,8.826928E+04,1.221568E-08,-2.115277E-11,0,0,0,0
Lu_3p32,51,1.55408252E-06,-1.299794E+00,8.050382E+04,1.468800E-08,-2.788893E-11,0,0,0,0
Lu_3p32,52,1.70409879E-06,-1.425248E+00,7.342252E+04,1.766051E-08,-3.676971E-11,0,0,0,0
Lu_3p32,53,1.86858481E-06,-1.562798E+00,6.696524E+04,2.123431E-08,-4.847744E-11,0,0,0,0
Lu_3p32,54,2.04893518E-06,-1.713608E+00,6.107702E+04,2.553101E-08,-6.391169E-11,0,0,0,0
Lu_3p32,55,2.24667680E-06,-1.878953E+00,5.570778E+04,3.069670E-08,-8.425793E-11,0,0,0,0
Lu_3p32,56,2.46348896E-06,-2.060232E+00,5.081174E+04,3.690709E-08,-1.110792E-10,0,0,0,0
Lu_3p32,57,2.70120429E-06,-2.258975E+00,4.634735E+04,4.437327E-08,-1.464345E-10,0,0,0,0
Lu_3p32,58,2.96183615E-06,-2.476857E+00,4.227659E+04,5.334900E-08,-1.930379E-10,0,0,0,0
Lu_3p32,59,3.24759167E-06,-2.715716E+00,3.856484E+04,6.413928E-08,-2.544659E-10,0,0,0,0
Lu_3p32,60,3.56088877E-06,-2.977564E+00,3.518053E+04,7.711067E-08,-3.354312E-10,0,0,0,0
Lu_3p32,61,3.90437587E-06,-3.264600E+00,3.209488E+04,9.270364E-08,-4.421429E-10,0,0,0,0
Lu_3p32,62,4.28096072E-06,-3.579235E+00,2.928164E+04,1.114476E-07,-5.827831E-10,0,0,0,0
Lu_3p32,63,4.69382455E-06,-3.924105E+00,2.671690E+04,1.339787E-07,-7.681290E-10,0,0,0,0
Lu_3p32,64,5.14645651E-06,-4.302092E+00,2.437886E+04,1.610613E-07,-1.012379E-09,0,0,0,0
Lu_3p32,65,5.64267994E-06,-4.716348E+00,2.224764E+04,1.936139E-07,-1.334232E-09,0,0,0,0
Lu_3p32,66,6.18668621E-06,-5.170318E+00,2.030512E+04,2.327400E-07,-1.758320E-09,0,0,0,0
Lu_3p32,67,6.78306446E-06,-5.667761E+00,1.853481E+04,2.797653E-07,-2.317073E-09,0,0,0,0
Lu_3p32,68,7.43684772E-06,-6.212780E+00,1.692167E+04,3.362824E-07,-3.053192E-09,0,0,0,0
Lu_3p32,69,8.15354812E-06,-6.809847E+00,1.545200E+04,4.042042E-07,-4.022888E-09,0,0,0,0
Lu_3p32,70,8.93920529E-06,-7.463830E+00,1.411334E+04,4.858283E-07,-5.300139E-09,0,0,0,0
Lu_3p32,71,9.80043817E-06,-8.180023E+00,1.289434E+04,5.839140E-07,-6.982288E-09,0,0,0,0
Lu_3p32,72,1.07444991E-05,-8.964176E+00,1.178467E+04,7.017745E-07,-9.197387E-09,0,0,0,0
Lu_3p32,73,1.17793295E-05,-9.822511E+00,1.077495E+04,8.433877E-07,-1.211381E-08,0,0,0,0
Lu_3p32,74,1.29136348E-05,-1.076176E+01,9.856670E+03,1.013529E-06,-1.595292E-08,0,0,0,0
Lu_3p32,75,1.41569462E-05,-1.178916E+01,9.022100E+03,1.217928E-06,-2.100553E-08,0,0,0,0
Lu_3p32,76,1.55197075E-05,-1.291250E+01,8.264256E+03,1.463463E-06,-2.765356E-08,0,0,0,0
Lu_3p32,77,1.70133553E-05,-1.414009E+01,7.576839E+03,1.758383E-06,-3.639825E-08,0,0,0,0
Lu_3p32,78,1.86504207E-05,-1.548074E+01,6.954218E+03,2.112580E-06,-4.789694E-08,0,0,0,0
Lu_3p32,79,2.04446227E-05,-1.694375E+01,6.391260E+03,2.537915E-06,-6.301090E-08,0,0,0,0
Lu_3p32,80,2.24109875E-05,-1.853882E+01,5.883520E+03,3.048602E-06,-8.286746E-08,0,0,0,0
Lu_3p32,81,2.45659712E-05,-2.027593E+01,5.427284E+03,3.661667E-06,-1.089403E-07,0,0,0,0
Lu_3p32,82,2.69275913E-05,-2.216516E+01,5.018870E+03,4.397494E-06,-1.431528E-07,0,0,0,0
Lu_3p32,83,2.95155769E-05,-2.421648E+01,4.655748E+03,5.280472E-06,-1.880110E-07,0,0,0,0
Lu_3p32,84,3.23515278E-05,-2.643933E+01,4.335897E+03,6.339765E-06,-2.467728E-07,0,0,0,0
Lu_3p32,85,3.54590885E-05,-2.884216E+01,4.057607E+03,7.610213E-06,-3.236615E-07,0,0,0,0
Lu_3p32,86,3.88641460E-05,-3.143171E+01,3.820346E+03,9.133406E-06,-4.241353E-07,0,0,0,0
Lu_3p32,87,4.25950311E-05,-3.421206E+01,3.624447E+03,1.095894E-05,-5.552187E-07,0,0,0,0
Lu_3p32,88,4.66827539E-05,-3.718335E+01,3.471129E+03,1.314587E-05,-7.259083E-07,0,0,0,0
Lu_3p32,89,5.11612515E-05,-4.034008E+01,3.363171E+03,1.576448E-05,-9.476548E-07,0,0,0,0
Lu_3p32,90,5.60676589E-05,-4.366875E+01,3.305270E+03,1.889824E-05,-1.234920E-06,0,0,0,0
Lu_3p32,91,6.14426048E-05,-4.714482E+01,3.304220E+03,2.264620E-05,-1.605790E-06,0,0,0,0
Lu_3p32,92,6.73305476E-05,-5.072868E+01,3.369675E+03,2.712572E-05,-2.082592E-06,0,0,0,0
Lu_3p32,93,7.37801101E-05,-5.436047E+01,3.514640E+03,3.247573E-05,-2.692432E-06,0,0,0,0
Lu_3p32,94,8.08444839E-05,-5.795353E+01,3.754473E+03,3.886059E-05,-3.467466E-06,0,0,0,0
Lu_3p32,95,8.85818410E-05,-6.138718E+01,4.100158E+03,4.647488E-05,-4.444640E-06,0,0,0,0
Lu_3p32,96,9.70557919E-05,-6.450115E+01,4.524009E+03,5.554947E-05,-5.664502E-06,0,0,0,0
Lu_3p32,97,1.06335888E-04,-6.710130E+01,4.857000E+03,6.635860E-05,-7.168714E-06,0,0,0,0
Lu_3p32,98,1.16498167E-04,-6.900239E+01,4.750119E+03,7.922587E-05,-8.996622E-06,0,0,0,0
Lu_3p32,99,1.27625740E-04,-7.013925E+01,4.025015E+03,9.453467E-05,-1.118379E-05,0,0,0,0
Lu_3p32,100,1.39809443E-04,-7.066706E+01,3.032300E+03,1.127557E-04,-1.376798E-05,0,0,0,0
Lu_3p32,101,1.53148538E-04,-7.085775E+01,2.271314E+03,1.344553E-04,-1.680182E-05,0,0,0,0
Lu_3p32,102,1.67751469E-04,-7.091153E+01,1.846331E+03,1.602901E-04,-2.036157E-05,0,0,0,0
Lu_3p32,103,1.83736702E-04,-7.092048E+01,1.599612E+03,1.910385E-04,-2.454797E-05,0,0,0,0
Lu_3p32,104,2.01233621E-04,-7.091667E+01,1.417322E+03,2.276300E-04,-2.948513E-05,0,0,0,0
Lu_3p32,105,2.20383511E-04,-7.090932E+01,1.261348E+03,2.711693E-04,-3.532142E-05,0,0,0,0
Lu_3p32,106,2.41340621E-04,-7.090062E+01,1.121533E+03,3.229659E-04,-4.223250E-05,0,0,0,0
Lu_3p32,107,2.64273321E-04,-7.089098E+01,9.949151E+02,3.845719E-04,-5.042582E-05,0,0,0,0
Lu_3p32,108,2.89365355E-04,-7.088039E+01,8.801391E+02,4.578265E-04,-6.014641E-05,0,0,0,0
Lu_3p32,109,3.16817200E-04,-7.086877E+01,7.761826E+02,5.449077E-04,-7.168380E-05,0,0,0,0
Lu_3p32,110,3.46847541E-04,-7.085603E+01,6.821310E+02,6.483941E-04,-8.538015E-05,0,0,0,0
Lu_3p32,111,3.79694864E-04,-7.084207E+01,5.971467E+02,7.713363E-04,-1.016398E-04,0,0,0,0
Lu_3p32,112,4.15619192E-04,-7.082677E+01,5.204620E+02,9.173412E-04,-1.209405E-04,0,0,0,0
Lu_3p32,113,4.54903944E-04,-7.080999E+01,4.513737E+02,1.090670E-03,-1.438465E-04,0,0,0,0
Lu_3p32,114,4.97857967E-04,-7.079161E+01,3.892361E+02,1.296356E-03,-1.710238E-04,0,0,0,0
Lu_3p32,115,5.44817717E-04,-7.077148E+01,3.334560E+02,1.540333E-03,-2.032581E-04,0,0,0,0
Lu_3p32,116,5.96149619E-04,-7.074942E+01,2.834875E+02,1.829599E-03,-2.414755E-04,0,0,0,0
Lu_3p32,117,6.52252617E-04,-7.072526E+01,2.388273E+02,2.172395E-03,-2.867668E-04,0,0,0,0
Lu_3p32,118,7.13560914E-04,-7.069881E+01,1.990107E+02,2.578415E-03,-3.404156E-04,0,0,0,0
Lu_3p32,119,7.80546942E-04,-7.066985E+01,1.636079E+02,3.059054E-03,-4.039311E-04,0,0,0,0
Lu_3p32,120,8.53724541E-04,-7.063816E+01,1.322209E+02,3.627687E-03,-4.790852E-04,0,0,0,0
Lu_3p32,121,9.33652389E-04,-7.060348E+01,1.044807E+02,4.299998E-03,-5.679565E-04,0,0,0,0
Lu_3p32,122,1.02093769E-03,-7.056555E+01,8.004505E+01,5.094351E-03,-6.729799E-04,0,0,0,0
Lu_3p32,123,1.11624013E-03,-7.052407E+01,5.859603E+01,6.032219E-03,-7.970038E-04,0,0,0,0
Lu_3p32,124,1.22027613E-03,-7.047871E+01,3.983878E+01,7.138672E-03,-9.433555E-04,0,0,0,0
Lu_3p32,125,1.33382338E-03,-7.042915E+01,2.349988E+01,8.442927E-03,-1.115915E-03,0,0,0,0
Lu_3p32,126,1.45772573E-03,-7.037500E+01,9.326127E+00,9.978979E-03,-1.319201E-03,0,0,0,0
Lu_3p32,127,1.59289840E-03,-7.031586E+01,-2.916405E+00,1.178630E-02,-1.558461E-03,0,0,0,0
Lu_3p32,128,1.74033353E-03,-7.025132E+01,-1.344328E+01,1.391061E-02,-1.839783E-03,0,0,0,0
Lu_3p32,129,1.90110615E-03,-7.018089E+01,-2.245243E+01,1.640479E-02,-2.170211E-03,0,0,0,0
Lu_3p32,130,2.07638050E-03,-7.010410E+01,-3.012491E+01,1.932979E-02,-2.557875E-03,0,0,0,0
Lu_3p32,131,2.26741677E-03,-7.002042E+01,-3.662553E+01,2.275570E-02,-3.012133E-03,0,0,0,0
Lu_3p32,132,2.47557828E-03,-6.992927E+01,-4.210360E+01,2.676287E-02,-3.543731E-03,0,0,0,0
Lu_3p32,133,2.70233906E-03,-6.983007E+01,-4.669358E+01,3.144311E-02,-4.164965E-03,0,0,0,0
Lu_3p32,134,2.94929195E-03,-6.972219E+01,-5.051592E+01,3.690094E-02,-4.889858E-03,0,0,0,0
Lu_3p32,135,3.21815711E-03,-6.960495E+01,-5.367778E+01,4.325488E-02,-5.734345E-03,0,0,0,0
Lu_3p32,136,3.51079106E-03,-6.947767E+01,-5.627394E+01,5.063872E-02,-6.716458E-03,0,0,0,0
Lu_3p32,137,3.82919619E-03,-6.933960E+01,-5.838764E+01,5.920274E-02,-7.856509E-03,0,0,0,0
Lu_3p32,138,4.17553074E-03,-6.918999E+01,-6.009153E+01,6.911485E-02,-9.177266E-03,0,0,0,0
Lu_3p32,139,4.55211944E-03,-6.902805E+01,-6.144855E+01,8.056143E-02,-1.070410E-02,0,0,0,0
Lu_3p32,140,4.96146447E-03,-6.885296E+01,-6.251288E+01,9.374802E-02,-1.246514E-02,0,0,0,0
Lu_3p32,141,5.40625706E-03,-6.866388E+01,-6.333086E+01,1.088994E-01,-1.449129E-02,0,0,0,0
Lu_3p32,142,5.88938963E-03,-6.845996E+01,-6.394180E+01,1.262593E-01,-1.681632E-02,0,0,0,0
Lu_3p32,143,6.41396839E-03,-6.824032E+01,-6.437887E+01,1.460888E-01,-1.947673E-02,0,0,0,0
Lu_3p32,144,6.98332646E-03,-6.800407E+01,-6.466984E+01,1.686649E-01,-2.251160E-02,0,0,0,0
Lu_3p32,145,7.60103751E-03,-6.775030E+01,-6.483782E+01,1.942760E-01,-2.596227E-02,0,0,0,0
Lu_3p32,146,8.27092988E-03,-6.747811E+01,-6.490189E+01,2.232178E-01,-2.987181E-02,0,0,0,0
Lu_3p32,147,8.99710118E-03,-6.718657E+01,-6.487768E+01,2.557860E-01,-3.428437E-02,0,0,0,0
Lu_3p32,148,9.78393329E-03,-6.687474E+01,-6.477793E+01,2.922671E-01,-3.924417E-02,0,0,0,0
Lu_3p32,149,1.06361078E-02,-6.654167E+01,-6.461289E+01,3.329273E-01,-4.479433E-02,0,0,0,0
Lu_3p32,150,1.15586218E-02,-6.618641E+01,-6.439076E+01,3.779981E-01,-5.097523E-02,0,0,0,0
Lu_3p32,151,1.25568040E-02,-6.580796E+01,-6.411802E+01,4.276583E-01,-5.782269E-02,0,0,0,0
Lu_3p32,152,1.36363313E-02,-6.540535E+01,-6.379971E+01,4.820144E-01,-6.536564E-02,0,0,0,0
Lu_3p32,153,1.48032451E-02,-6.497756E+01,-6.343968E+01,5.410757E-01,-7.362346E-02,0,0,0,0
Lu_3p32,154,1.60639684E-02,-6.452362E+01,-6.304086E+01,6.047281E-01,-8.260298E-02,0,0,0,0
Lu_3p32,155,1.74253227E-02,-6.404254E+01,-6.260539E+01,6.727038E-01,-9.229511E-02,0,0,0,0
Lu_3p32,156,1.88945447E-02,-6.353341E+01,-6.213477E+01,7.445497E-01,-1.026712E-01,0,0,0,0
Lu_3p32,157,2.04793037E-02,-6.299539E+01,-6.163009E+01,8.195946E-01,-1.136794E-01,0,0,0,0
Lu_3p32,158,2.21877176E-02,-6.242773E+01,-6.109207E+01,8.969165E-01,-1.252407E-01,0,0,0,0
Lu_3p32,159,2.40283703E-02,-6.182981E+01,-6.052116E+01,9.753129E-01,-1.372458E-01,0,0,0,0
Lu_3p32,160,2.60103273E-02,-6.120111E+01,-5.991767E+01,1.053276E+00,-1.495516E-01,0,0,0,0
Lu_3p32,161,2.81431521E-02,-6.054115E+01,-5.928175E+01,1.128973E+00,-1.619793E-01,0,0,0,0
Lu_3p32,162,3.04369210E-02,-5.984944E+01,-5.861345E+01,1.200243E+00,-1.743131E-01,0,0,0,0
Lu_3p32,163,3.29022384E-02,-5.912547E+01,-5.791265E+01,1.264604E+00,-1.863000E-01,0,0,0,0
Lu_3p32,164,3.55502504E-02,-5.836870E+01,-5.717917E+01,1.319278E+00,-1.976523E-01,0,0,0,0
Lu_3p32,165,3.83926583E-02,-5.757864E+01,-5.641276E+01,1.361241E+00,-2.080514E-01,0,0,0,0
Lu_3p32,166,4.14417311E-02,-5.675496E+01,-5.561322E+01,1.387296E+00,-2.171549E-01,0,0,0,0
Lu_3p32,167,4.47103165E-02,-5.589759E+01,-5.478053E+01,1.394175E+00,-2.246059E-01,0,0,0,0
Lu_3p32,168,4.82118514E-02,-5.500674E+01,-5.391492E+01,1.378660E+00,-2.300763E-01,0,0,0,0
Lu_3p32,169,5.19603709E-02,-5.408297E+01,-5.301688E+01,1.337744E+00,-2.331958E-01,0,0,0,0
Lu_3p32,170,5.59705163E-02,-5.312708E+01,-5.208717E+01,1.268794E+00,-2.336481E-01,0,0,0,0
Lu_3p32,171,6.02575411E-02,-5.214002E+01,-5.112669E+01,1.169746E+00,-2.311641E-01,0,0,0,0
Lu_3p32,172,6.48373163E-02,-5.112282E+01,-5.013644E+01,1.039294E+00,-2.255409E-01,0,0,0,0
Lu_3p32,173,6.97263340E-02,-5.007654E+01,-4.911743E+01,8.770791E-01,-2.166594E-01,0,0,0,0
Lu_3p32,174,7.49417091E-02,-4.900230E+01,-4.807073E+01,6.838481E-01,-2.045003E-01,0,0,0,0
Lu_3p32,175,8.05011798E-02,-4.790126E+01,-4.699747E+01,4.615857E-01,-1.891571E-01,0,0,0,0
Lu_3p32,176,8.64231061E-02,-4.677502E+01,-4.589918E+01,2.135868E-01,-1.708435E-01,0,0,0,0
Lu_3p32,177,9.27264671E-02,-4.562538E+01,-4.477757E+01,-5.553704E-02,-1.498958E-01,0,0,0,0
Lu_3p32,178,9.94308562E-02,-4.445469E+01,-4.363489E+01,-3.399294E-01,-1.267674E-01,0,0,0,0
Lu_3p32,179,1.06556475E-01,-4.326541E+01,-4.247351E+01,-6.326466E-01,-1.020157E-01,0,0,0,0
Lu_3p32,180,1.14124124E-01,-4.205996E+01,-4.129577E+01,-9.259000E-01,-7.628198E-02,0,0,0,0
Lu_3p32,181,1.22155196E-01,-4.084052E+01,-4.010381E+01,-1.211376E+00,-5.026427E-02,0,0,0,0
Lu_3p32,182,1.30671661E-01,-3.960930E+01,-3.889979E+01,-1.480618E+00,-2.468552E-02,0,0,0,0
Lu_3p32,183,1.39696055E-01,-3.836869E+01,-3.768605E+01,-1.725454E+00,-2.580911E-04,0,0,0,0
Lu_3p32,184,1.49251467E-01,-3.712155E+01,-3.646541E+01,-1.938427E+00,2.235278E-02,0,0,0,0
Lu_3p32,185,1.59361522E-01,-3.587132E+01,-3.524120E+01,-2.113213E+00,4.256394E-02,0,0,0,0
Lu_3p32,186,1.70050362E-01,-3.462150E+01,-3.401689E+01,-2.244983E+00,5.990469E-02,0,0,0,0
Lu_3p32,187,1.81342630E-01,-3.337542E+01,-3.279572E+01,-2.330668E+00,7.403964E-02,0,0,0,0
Lu_3p32,188,1.93263449E-01,-3.213569E+01,-3.158030E+01,-2.369131E+00,8.478225E-02,0,0,0,0
Lu_3p32,189,2.05838402E-01,-3.090408E+01,-3.037233E+01,-2.361205E+00,9.209809E-02,0,0,0,0
Lu_3p32,190,2.19093507E-01,-2.968140E+01,-2.917261E+01,-2.309609E+00,9.609801E-02,0,0,0,0
Lu_3p32,191,2.33055201E-01,-2.846816E+01,-2.798166E+01,-2.218745E+00,9.702274E-02,0,0,0,0
Lu_3p32,192,2.47750307E-01,-2.726489E+01,-2.679996E+01,-2.094390E+00,9.522056E-02,0,0,0,0
Lu_3p32,193,2.63206019E-01,-2.607291E+01,-2.562885E+01,-1.943313E+00,9.111995E-02,0,0,0,0
Lu_3p32,194,2.79449870E-01,-2.489435E+01,-2.447042E+01,-1.772837E+00,8.519921E-02,0,0,0,0
Lu_3p32,195,2.96509710E-01,-2.373169E+01,-2.332713E+01,-1.590398E+00,7.795509E-02,0,0,0,0
Lu_3p32,196,3.14413681E-01,-2.258696E+01,-2.220100E+01,-1.403119E+00,6.987269E-02,0,0,0,0
Lu_3p32,197,3.33190188E-01,-2.146130E+01,-2.109320E+01,-1.217458E+00,6.139931E-02,0,0,0,0
Lu_3p32,198,3.52867877E-01,-2.035548E+01,-2.000453E+01,-1.038926E+00,5.292448E-02,0,0,0,0
Lu_3p32,199,3.73475605E-01,-1.927067E+01,-1.893617E+01,-8.719162E-01,4.476726E-02,0,0,0,0
Lu_3p32,200,3.95042416E-01,-1.820943E+01,-1.789069E+01,-7.196218E-01,3.717045E-02,0,0,0,0
Lu_3p32,201,4.17597515E-01,-1.717551E+01,-1.687185E+01,-5.840468E-01,3.030093E-02,0,0,0,0
Lu_3p32,202,4.41170244E-01,-1.617347E+01,-1.588422E+01,-4.660962E-01,2.425484E-02,0,0,0,0
Lu_3p32,203,4.65790054E-01,-1.520802E+01,-1.493253E+01,-3.657266E-01,1.906658E-02,0,0,0,0
Lu_3p32,204,4.91486481E-01,-1.428334E+01,-1.402097E+01,-2.821346E-01,1.472021E-02,0,0,0,0
Lu_3p32,205,5.18289124E-01,-1.340261E+01,-1.315275E+01,-2.139622E-01,1.116214E-02,0,0,0,0
Lu_3p32,206,5.46227617E-01,-1.256783E+01,-1.232987E+01,-1.594985E-01,8.313574E-03,0,0,0,0
Lu_3p32,207,5.75331612E-01,-1.177967E+01,-1.155305E+01,-1.168607E-01,6.081904E-03,0,0,0,0
Lu_3p32,208,6.05630751E-01,-1.103791E+01,-1.082206E+01,-8.414318E-02,4.370147E-03,0,0,0,0
Lu_3p32,209,6.37154647E-01,-1.034137E+01,-1.013575E+01,-5.953188E-02,3.084178E-03,0,0,0,0
Lu_3p32,210,6.69932864E-01,-9.688292E+00,-9.492398E+00,-4.138046E-02,2.137667E-03,0,0,0,0
Lu_3p32,211,7.03994894E-01,-9.076812E+00,-8.890143E+00,-2.825434E-02,1.454983E-03,0,0,0,0
Lu_3p32,212,7.39370141E-01,-8.504780E+00,-8.326863E+00,-1.894712E-02,9.723955E-04,0,0,0,0
Lu_3p32,213,7.76087899E-01,-7.970104E+00,-7.800486E+00,-1.247636E-02,6.380222E-04,0,0,0,0
Lu_3p32,214,8.14177341E-01,-7.470733E+00,-7.308980E+00,-8.065537E-03,4.109313E-04,0,0,0,0
Lu_3p32,215,8.53667493E-01,-7.004632E+00,-6.850333E+00,-5.117873E-03,2.597581E-04,0,0,0,0
Lu_3p32,216,8.94587226E-01,-6.569778E+00,-6.422541E+00,-3.186857E-03,1.611218E-04,0,0,0,0
Lu_3p32,217,9.36965239E-01,-6.164163E+00,-6.023616E+00,-1.946950E-03,9.804793E-05,0,0,0,0
Lu_3p32,218,9.80830042E-01,-5.785828E+00,-5.651619E+00,-1.166717E-03,5.852338E-05,0,0,0,0
Lu_3p32,219,1.02620995E+00,-5.432904E+00,-5.304700E+00,-6.856318E-04,3.425550E-05,0,0,0,0
Lu_3p32,220,1.07313306E+00,-5.103643E+00,-4.981127E+00,-3.950252E-04,1.965804E-05,0,0,0,0
Lu_3p32,221,1.12162725E+00,-4.796473E+00,-4.679348E+00,-2.230791E-04,1.105743E-05,0,0,0,0
Lu_3p32,222,1.17172015E+00,-4.509912E+00,-4.397896E+00,-1.234476E-04,6.094868E-06,0,0,0,0
Lu_3p32,223,1.22343919E+00,-4.242643E+00,-4.135470E+00,-6.692438E-05,3.291242E-06,0,0,0,0
Lu_3p32,224,1.27681148E+00,-3.993417E+00,-3.890836E+00,-3.553457E-05,1.740715E-06,0,0,0,0
Lu_3p32,225,1.33186393E+00,-3.761051E+00,-3.662824E+00,-1.847432E-05,9.014732E-07,0,0,0,0
Lu_3p32,226,1.38862315E+00,-3.544410E+00,-3.450314E+00,-9.402015E-06,4.570021E-07,0,0,0,0
Lu_3p32,227,1.44711548E+00,-3.342396E+00,-3.252220E+00,-4.682659E-06,2.267280E-07,0,0,0,0
Lu_3p32,228,1.50736699E+00,-3.153955E+00,-3.067500E+00,-2.281741E-06,1.100509E-07,0,0,0,0
Lu_3p32,229,1.56940344E+00,-2.978073E+00,-2.895151E+00,-1.087488E-06,5.224709E-08,0,0,0,0
Lu_3p32,230,1.63325033E+00,-2.813800E+00,-2.734234E+00,-5.068146E-07,2.425423E-08,0,0,0,0
Lu_3p32,231,1.69893283E+00,-2.660255E+00,-2.583878E+00,-2.308987E-07,1.100641E-08,0,0,0,0
Lu_3p32,232,1.76647584E+00,-2.516639E+00,-2.443293E+00,-1.028070E-07,4.881034E-09,0,0,0,0
Lu_3p32,233,1.83590395E+00,-2.382246E+00,-2.311782E+00,-4.472328E-08,2.114752E-09,0,0,0,0
Lu_3p32,234,1.90724144E+00,-2.256463E+00,-2.188742E+00,-1.900358E-08,8.948733E-10,0,0,0,0
Lu_3p32,235,1.98051228E+00,-2.138770E+00,-2.073658E+00,-7.885134E-09,3.697348E-10,0,0,0,0
Lu_3p32,236,2.05574015E+00,-2.028725E+00,-1.966097E+00,-3.194006E-09,1.491136E-10,0,0,0,0
Lu_3p32,237,2.13294840E+00,-1.925951E+00,-1.865688E+00,-1.262689E-09,5.868308E-11,0,0,0,0
Lu_3p32,238,2.21216008E+00,-1.830112E+00,-1.772103E+00,-4.870494E-10,2.450598E-11,0,0,0,0
Lu_3p32,239,2.29339794E+00,-1.740893E+00,-1.685031E+00,-1.832513E-10,3.506111E-12,0,0,0,0
Lu_3s12,0,1.40845070E-08,-1.178053E-02,8.875546E+06,5.995377E-06,-1.720124E-10,0,0,0,0
Lu_3s12,1,1.54458033E-08,-1.291915E-02,8.093335E+06,6.574728E-06,-2.068453E-10,0,0,0,0
Lu_3s12,2,1.69386420E-08,-1.416778E-02,7.380075E+06,7.210066E-06,-2.487373E-10,0,0,0,0
Lu_3s12,3,1.85757639E-08,-1.553710E-02,6.729675E+06,7.906808E-06,-2.991194E-10,0,0,0,0
Lu_3s12,4,2.03710783E-08,-1.703873E-02,6.136605E+06,8.670880E-06,-3.597107E-10,0,0,0,0
Lu_3s12,5,2.23399067E-08,-1.868550E-02,5.595802E+06,9.508795E-06,-4.325806E-10,0,0,0,0
Lu_3s12,6,2.44990189E-08,-2.049142E-02,5.102660E+06,1.042769E-05,-5.202172E-10,0,0,0,0
Lu_3s12,7,2.68667586E-08,-2.247184E-02,4.652986E+06,1.143538E-05,-6.256103E-10,0,0,0,0
Lu_3s12,8,2.94633317E-08,-2.464366E-02,4.242940E+06,1.254046E-05,-7.523597E-10,0,0,0,0
Lu_3s12,9,3.23108539E-08,-2.702537E-02,3.869030E+06,1.375233E-05,-9.047926E-10,0,0,0,0
Lu_3s12,10,3.54335170E-08,-2.963723E-02,3.528078E+06,1.508130E-05,-1.088109E-09,0,0,0,0
Lu_3s12,11,3.88579005E-08,-3.250144E-02,3.217179E+06,1.653870E-05,-1.308567E-09,0,0,0,0
Lu_3s12,12,4.26132991E-08,-3.564252E-02,2.933671E+06,1.813694E-05,-1.573699E-09,0,0,0,0
Lu_3s12,13,4.67314733E-08,-3.908704E-02,2.675157E+06,1.988961E-05,-1.892540E-09,0,0,0,0
Lu_3s12,14,5.12476303E-08,-4.286443E-02,2.439424E+06,2.181164E-05,-2.275985E-09,0,0,0,0
Lu_3s12,15,5.62002313E-08,-4.700687E-02,2.224464E+06,2.391940E-05,-2.737122E-09,0,0,0,0
Lu_3s12,16,6.16312403E-08,-5.154947E-02,2.028454E+06,2.623081E-05,-3.291670E-09,0,0,0,0
Lu_3s12,17,6.75872020E-08,-5.653114E-02,1.849713E+06,2.876559E-05,-3.958589E-09,0,0,0,0
Lu_3s12,18,7.41184821E-08,-6.199401E-02,1.686728E+06,3.154525E-05,-4.760602E-09,0,0,0,0
Lu_3s12,19,8.12809116E-08,-6.798480E-02,1.538105E+06,3.459350E-05,-5.725107E-09,0,0,0,0
Lu_3s12,20,8.91353265E-08,-7.455437E-02,1.402580E+06,3.793627E-05,-6.885002E-09,0,0,0,0
Lu_3s12,21,9.77487367E-08,-8.175877E-02,1.278998E+06,4.160203E-05,-8.279894E-09,0,0,0,0
Lu_3s12,22,1.07194113E-07,-8.965905E-02,1.166308E+06,4.562191E-05,-9.957323E-09,0,0,0,0
Lu_3s12,23,1.17552189E-07,-9.832272E-02,1.063548E+06,5.003019E-05,-1.197459E-08,0,0,0,0
Lu_3s12,24,1.28910932E-07,-1.078234E-01,9.698439E+05,5.486435E-05,-1.440049E-08,0,0,0,0
Lu_3s12,25,1.41366993E-07,-1.182418E-01,8.843975E+05,6.016552E-05,-1.731779E-08,0,0,0,0
Lu_3s12,26,1.55026355E-07,-1.296667E-01,8.064811E+05,6.597881E-05,-2.082602E-08,0,0,0,0
Lu_3s12,27,1.70005236E-07,-1.421953E-01,7.354308E+05,7.235367E-05,-2.504487E-08,0,0,0,0
Lu_3s12,28,1.86431075E-07,-1.559342E-01,6.706415E+05,7.934433E-05,-3.011826E-08,0,0,0,0
Lu_3s12,29,2.04443616E-07,-1.710001E-01,6.115614E+05,8.701027E-05,-3.621925E-08,0,0,0,0
Lu_3s12,30,2.24195708E-07,-1.875211E-01,5.576882E+05,9.541662E-05,-4.355581E-08,0,0,0,0
Lu_3s12,31,2.45856126E-07,-2.056382E-01,5.085611E+05,1.046350E-04,-5.237847E-08,0,0,0,0
Lu_3s12,32,2.69608304E-07,-2.255048E-01,4.637636E+05,1.147437E-04,-6.298781E-08,0,0,0,0
Lu_3s12,33,2.95654667E-07,-2.472904E-01,4.229133E+05,1.258288E-04,-7.574584E-08,0,0,0,0
Lu_3s12,34,3.24216193E-07,-2.711796E-01,3.856629E+05,1.379843E-04,-9.108735E-08,0,0,0,0
Lu_3s12,35,3.55536886E-07,-2.973766E-01,3.516939E+05,1.513140E-04,-1.095361E-07,0,0,0,0
Lu_3s12,36,3.89881261E-07,-3.261026E-01,3.207189E+05,1.659306E-04,-1.317201E-07,0,0,0,0
Lu_3s12,37,4.27542511E-07,-3.576028E-01,2.924728E+05,1.819588E-04,-1.583964E-07,0,0,0,0
Lu_3s12,38,4.68840899E-07,-3.921450E-01,2.667152E+05,1.995349E-04,-1.904746E-07,0,0,0,0
Lu_3s12,39,5.14125814E-07,-4.300215E-01,2.432277E+05,2.188077E-04,-2.290469E-07,0,0,0,0
Lu_3s12,40,5.63783777E-07,-4.715555E-01,2.218092E+05,2.399415E-04,-2.754292E-07,0,0,0,0
Lu_3s12,41,6.18235912E-07,-5.170992E-01,2.022780E+05,2.631156E-04,-3.312017E-07,0,0,0,0
Lu_3s12,42,6.77944859E-07,-5.670395E-01,1.844676E+05,2.885269E-04,-3.982648E-07,0,0,0,0
Lu_3s12,43,7.43417883E-07,-6.218005E-01,1.682263E+05,3.163912E-04,-4.789038E-07,0,0,0,0
Lu_3s12,44,8.15209759E-07,-6.818461E-01,1.534163E+05,3.469450E-04,-5.758641E-07,0,0,0,0
Lu_3s12,45,8.93933023E-07,-7.476885E-01,1.399107E+05,3.804481E-04,-6.924526E-07,0,0,0,0
Lu_3s12,46,9.80253329E-07,-8.198841E-01,1.275952E+05,4.171845E-04,-8.326363E-07,0,0,0,0
Lu_3s12,47,1.07490332E-06,-8.990456E-01,1.163648E+05,4.574660E-04,-1.001189E-06,0,0,0,0
Lu_3s12,48,1.17868778E-06,-9.858455E-01,1.061239E+05,5.016345E-04,-1.203851E-06,0,0,0,0
Lu_3s12,49,1.29248727E-06,-1.081020E+00,9.678516E+04,5.500650E-04,-1.447523E-06,0,0,0,0
Lu_3s12,50,1.41726642E-06,-1.185375E+00,8.826928E+04,6.031678E-04,-1.740497E-06,0,0,0,0
Lu_3s12,51,1.55408252E-06,-1.299794E+00,8.050382E+04,6.613931E-04,-2.092741E-06,0,0,0,0
Lu_3s12,52,1.70409879E-06,-1.425248E+00,7.342252E+04,7.252351E-04,-2.516246E-06,0,0,0,0
Lu_3s12,53,1.86858481E-06,-1.562798E+00,6.696524E+04,7.952344E-04,-3.025414E-06,0,0,0,0
Lu_3s12,54,2.04893518E-06,-1.713608E+00,6.107702E+04,8.719839E-04,-3.637561E-06,0,0,0,0
Lu_3s12,55,2.24667680E-06,-1.878953E+00,5.570778E+04,9.561336E-04,-4.373495E-06,0,0,0,0
Lu_3s12,56,2.46348896E-06,-2.060232E+00,5.081174E+04,1.048396E-03,-5.258248E-06,0,0,0,0
Lu_3s12,57,2.70120429E-06,-2.258975E+00,4.634735E+04,1.149553E-03,-6.321870E-06,0,0,0,0
Lu_3s12,58,2.96183615E-06,-2.476857E+00,4.227659E+04,1.260458E-03,-7.600493E-06,0,0,0,0
Lu_3s12,59,3.24759167E-06,-2.715716E+00,3.856484E+04,1.382050E-03,-9.137541E-06,0,0,0,0
Lu_3s12,60,3.56088877E-06,-2.977564E+00,3.518053E+04,1.515356E-03,-1.098519E-05,0,0,0,0
Lu_3s12,61,3.90437587E-06,-3.264600E+00,3.209488E+04,1.661501E-03,-1.320611E-05,0,0,0,0
Lu_3s12,62,4.28096072E-06,-3.579235E+00,2.928164E+04,1.821719E-03,-1.587564E-05,0,0,0,0
Lu_3s12,63,4.69382455E-06,-3.924105E+00,2.671690E+04,1.997361E-03,-1.908425E-05,0,0,0,0
Lu_3s12,64,5.14645651E-06,-4.302092E+00,2.437886E+04,2.189906E-03,-2.294061E-05,0,0,0,0
Lu_3s12,65,5.64267994E-06,-4.716348E+00,2.224764E+04,2.400975E-03,-2.757525E-05,0,0,0,0
Lu_3s12,66,6.18668621E-06,-5.170318E+00,2.030512E+04,2.632341E-03,-3.314493E-05,0,0,0,0
Lu_3s12,67,6.78306446E-06,-5.667761E+00,1.853481E+04,2.885946E-03,-3.983782E-05,0,0,0,0
Lu_3s12,68,7.43684772E-06,-6.212780E+00,1.692167E+04,3.163916E-03,-4.787982E-05,0,0,0,0
Lu_3s12,69,8.15354812E-06,-6.809847E+00,1.545200E+04,3.468576E-03,-5.754204E-05,0,0,0,0
Lu_3s12,70,8.93920529E-06,-7.463830E+00,1.411334E+04,3.802470E-03,-6.914970E-05,0,0,0,0
Lu_3s12,71,9.80043817E-06,-8.180023E+00,1.289434E+04,4.168377E-03,-8.309290E-05,0,0,0,0
Lu_3s12,72,1.07444991E-05,-8.964176E+00,1.178467E+04,4.569337E-03,-9.983932E-05,0,0,0,0
Lu_3s12,73,1.17793295E-05,-9.822511E+00,1.077495E+04,5.008667E-03,-1.199493E-04,0,0,0,0
Lu_3s12,74,1.29136348E-05,-1.076176E+01,9.856670E+03,5.489990E-03,-1.440940E-04,0,0,0,0
Lu_3s12,75,1.41569462E-05,-1.178916E+01,9.022100E+03,6.017254E-03,-1.730768E-04,0,0,0,0
Lu_3s12,76,1.55197075E-05,-1.291250E+01,8.264256E+03,6.594761E-03,-2.078581E-04,0,0,0,0
Lu_3s12,77,1.70133553E-05,-1.414009E+01,7.576839E+03,7.227194E-03,-2.495857E-04,0,0,0,0
Lu_3s12,78,1.86504207E-05,-1.548074E+01,6.954218E+03,7.919641E-03,-2.996292E-04,0,0,0,0
Lu_3s12,79,2.04446227E-05,-1.694375E+01,6.391260E+03,8.677621E-03,-3.596209E-04,0,0,0,0
Lu_3s12,80,2.24109875E-05,-1.853882E+01,5.883520E+03,9.507110E-03,-4.315028E-04,0,0,0,0
Lu_3s12,81,2.45659712E-05,-2.027593E+01,5.427284E+03,1.041456E-02,-5.175810E-04,0,0,0,0
Lu_3s12,82,2.69275913E-05,-2.216516E+01,5.018870E+03,1.140694E-02,-6.205872E-04,0,0,0,0
Lu_3s12,83,2.95155769E-05,-2.421648E+01,4.655748E+03,1.249170E-02,-7.437473E-04,0,0,0,0
Lu_3s12,84,3.23515278E-05,-2.643933E+01,4.335897E+03,1.367683E-02,-8.908581E-04,0,0,0,0
Lu_3s12,85,3.54590885E-05,-2.884216E+01,4.057607E+03,1.497083E-02,-1.066367E-03,0,0,0,0
Lu_3s12,86,3.88641460E-05,-3.143171E+01,3.820346E+03,1.638269E-02,-1.275458E-03,0,0,0,0
Lu_3s12,87,4.25950311E-05,-3.421206E+01,3.624447E+03,1.792185E-02,-1.524125E-03,0,0,0,0
Lu_3s12,88,4.66827539E-05,-3.718335E+01,3.471129E+03,1.959820E-02,-1.819249E-03,0,0,0,0
Lu_3s12,89,5.11612515E-05,-4.034008E+01,3.363171E+03,2.142191E-02,-2.168631E-03,0,0,0,0
Lu_3s12,90,5.60676589E-05,-4.366875E+01,3.305270E+03,2.340342E-02,-2.580992E-03,0,0,0,0
Lu_3s12,91,6.14426048E-05,-4.714482E+01,3.304220E+03,2.555332E-02,-3.065891E-03,0,0,0,0
Lu_3s12,92,6.73305476E-05,-5.072868E+01,3.369675E+03,2.788220E-02,-3.633523E-03,0,0,0,0
Lu_3s12,93,7.37801101E-05,-5.436047E+01,3.514640E+03,3.040064E-02,-4.294333E-03,0,0,0,0
Lu_3s12,94,8.08444839E-05,-5.795353E+01,3.754473E+03,3.311919E-02,-5.058378E-03,0,0,0,0
Lu_3s12,95,8.85818410E-05,-6.138718E+01,4.100158E+03,3.604861E-02,-5.934318E-03,0,0,0,0
Lu_3s12,96,9.70557919E-05,-6.450115E+01,4.524009E+03,3.920048E-02,-6.927976E-03,0,0,0,0
Lu_3s12,97,1.06335888E-04,-6.710130E+01,4.857000E+03,4.258773E-02,-8.040519E-03,0,0,0,0
Lu_3s12,98,1.16498167E-04,-6.900239E+01,4.750119E+03,4.622372E-02,-9.266833E-03,0,0,0,0
Lu_3s12,99,1.27625740E-04,-7.013925E+01,4.025015E+03,5.012338E-02,-1.059591E-02,0,0,0,0
Lu_3s12,100,1.39809443E-04,-7.066706E+01,3.032300E+03,5.431156E-02,-1.201538E-02,0,0,0,0
Lu_3s12,101,1.53148538E-04,-7.085775E+01,2.271314E+03,5.881746E-02,-1.351792E-02,0,0,0,0
Lu_3s12,102,1.67751469E-04,-7.091153E+01,1.846331E+03,6.366419E-02,-1.510360E-02,0,0,0,0
Lu_3s12,103,1.83736702E-04,-7.092048E+01,1.599612E+03,6.887535E-02,-1.677776E-02,0,0,0,0
Lu_3s12,104,2.01233621E-04,-7.091667E+01,1.417322E+03,7.447821E-02,-1.854843E-02,0,0,0,0
Lu_3s12,105,2.20383511E-04,-7.090932E+01,1.261348E+03,8.050206E-02,-2.042495E-02,0,0,0,0
Lu_3s12,106,2.41340621E-04,-7.090062E+01,1.121533E+03,8.697767E-02,-2.241737E-02,0,0,0,0
Lu_3s12,107,2.64273321E-04,-7.089098E+01,9.949151E+02,9.393731E-02,-2.453630E-02,0,0,0,0
Lu_3s12,108,2.89365355E-04,-7.088039E+01,8.801391E+02,1.014149E-01,-2.679284E-02,0,0,0,0
Lu_3s12,109,3.16817200E-04,-7.086877E+01,7.761826E+02,1.094459E-01,-2.919863E-02,0,0,0,0
Lu_3s12,110,3.46847541E-04,-7.085603E+01,6.821310E+02,1.180677E-01,-3.176585E-02,0,0,0,0
Lu_3s12,111,3.79694864E-04,-7.084207E+01,5.971467E+02,1.273191E-01,-3.450722E-02,0,0,0,0
Lu_3s12,112,4.15619192E-04,-7.082677E+01,5.204620E+02,1.372405E-01,-3.743602E-02,0,0,0,0
Lu_3s12,113,4.54903944E-04,-7.080999E+01,4.513737E+02,1.478736E-01,-4.056611E-02,0,0,0,0
Lu_3s12,114,4.97857967E-04,-7.079161E+01,3.892361E+02,1.592615E-01,-4.391188E-02,0,0,0,0
Lu_3s12,115,5.44817717E-04,-7.077148E+01,3.334560E+02,1.714483E-01,-4.748829E-02,0,0,0,0
Lu_3s12,116,5.96149619E-04,-7.074942E+01,2.834875E+02,1.844785E-01,-5.131077E-02,0,0,0,0
Lu_3s12,117,6.52252617E-04,-7.072526E+01,2.388273E+02,1.983973E-01,-5.539523E-02,0,0,0,0
Lu_3s12,118,7.13560914E-04,-7.069881E+01,1.990107E+02,2.132495E-01,-5.975796E-02,0,0,0,0
Lu_3s12,119,7.80546942E-04,-7.066985E+01,1.636079E+02,2.290791E-01,-6.441557E-02,0,0,0,0
Lu_3s12,120,8.53724541E-04,-7.063816E+01,1.322209E+02,2.459287E-01,-6.938486E-02,0,0,0,0
Lu_3s12,121,9.33652389E-04,-7.060348E+01,1.044807E+02,2.638386E-01,-7.468269E-02,0,0,0,0
Lu_3s12,122,1.02093769E-03,-7.056555E+01,8.004505E+01,2.828457E-01,-8.032580E-02,0,0,0,0
Lu_3s12,123,1.11624013E-03,-7.052407E+01,5.859603E+01,3.029823E-01,-8.633060E-02,0,0,0,0
Lu_3s12,124,1.22027613E-03,-7.047871E+01,3.983878E+01,3.242746E-01,-9.271293E-02,0,0,0,0
Lu_3s12,125,1.33382338E-03,-7.042915E+01,2.349988E+01,3.467413E-01,-9.948774E-02,0,0,0,0
Lu_3s12,126,1.45772573E-03,-7.037500E+01,9.326127E+00,3.703913E-01,-1.066687E-01,0,0,0,0
Lu_3s12,127,1.59289840E-03,-7.031586E+01,-2.916405E+00,3.952216E-01,-1.142679E-01,0,0,0,0
Lu_3s12,128,1.74033353E-03,-7.025132E+01,-1.344328E+01,4.212152E-01,-1.222952E-01,0,0,0,0
Lu_3s12,129,1.90110615E-03,-7.018089E+01,-2.245243E+01,4.483374E-01,-1.307577E-01,0,0,0,0
Lu_3s12,130,2.07638050E-03,-7.010410E+01,-3.012491E+01,4.765332E-01,-1.396593E-01,0,0,0,0
Lu_3s12,131,2.26741677E-03,-7.002042E+01,-3.662553E+01,5.057235E-01,-1.489996E-01,0,0,0,0
Lu_3s12,132,2.47557828E-03,-6.992927E+01,-4.210360E+01,5.358012E-01,-1.587735E-01,0,0,0,0
Lu_3s12,133,2.70233906E-03,-6.983007E+01,-4.669358E+01,5.666265E-01,-1.689698E-01,0,0,0,0
Lu_3s12,134,2.94929195E-03,-6.972219E+01,-5.051592E+01,5.980226E-01,-1.795708E-01,0,0,0,0
Lu_3s12,135,3.21815711E-03,-6.960495E+01,-5.367778E+01,6.297705E-01,-1.905506E-01,0,0,0,0
Lu_3s12,136,3.51079106E-03,-6.947767E+01,-5.627394E+01,6.616039E-01,-2.018743E-01,0,0,0,0
Lu_3s12,137,3.82919619E-03,-6.933960E+01,-5.838764E+01,6.932034E-01,-2.134965E-01,0,0,0,0
Lu_3s12,138,4.17553074E-03,-6.918999E+01,-6.009153E+01,7.241915E-01,-2.253602E-01,0,0,0,0
Lu_3s12,139,4.55211944E-03,-6.902805E+01,-6.144855E+01,7.541270E-01,-2.373954E-01,0,0,0,0
Lu_3s12,140,4.96146447E-03,-6.885296E+01,-6.251288E+01,7.825007E-01,-2.495177E-01,0,0,0,0
Lu_3s12,141,5.40625706E-03,-6.866388E+01,-6.333086E+01,8.087306E-01,-2.616267E-01,0,0,0,0
Lu_3s12,142,5.88938963E-03,-6.845996E+01,-6.394180E+01,8.321594E-01,-2.736056E-01,0,0,0,0
Lu_3s12,143,6.41396839E-03,-6.824032E+01,-6.437887E+01,8.520526E-01,-2.853194E-01,0,0,0,0
Lu_3s12,144,6.98332646E-03,-6.800407E+01,-6.466984E+01,8.675994E-01,-2.966143E-01,0,0,0,0
Lu_3s12,145,7.60103751E-03,-6.775030E+01,-6.483782E+01,8.779154E-01,-3.073175E-01,0,0,0,0
Lu_3s12,146,8.27092988E-03,-6.747811E+01,-6.490189E+01,8.820495E-01,-3.172372E-01,0,0,0,0
Lu_3s12,147,8.99710118E-03,-6.718657E+01,-6.487768E+01,8.789942E-01,-3.261759E-01,0,0,0,0
Lu_3s12,148,9.78393329E-03,-6.687474E+01,-6.477793E+01,8.677010E-01,-3.338953E-01,0,0,0,0
Lu_3s12,149,1.06361078E-02,-6.654167E+01,-6.461289E+01,8.471014E-01,-3.401530E-01,0,0,0,0
Lu_3s12,150,1.15586218E-02,-6.618641E+01,-6.439076E+01,8.161341E-01,-3.446948E-01,0,0,0,0
Lu_3s12,151,1.25568040E-02,-6.580796E+01,-6.411802E+01,7.737800E-01,-3.472588E-01,0,0,0,0
Lu_3s12,152,1.36363313E-02,-6.540535E+01,-6.379971E+01,7.191033E-01,-3.475811E-01,0,0,0,0
Lu_3s12,153,1.48032451E-02,-6.497756E+01,-6.343968E+01,6.513018E-01,-3.454028E-01,0,0,0,0
Lu_3s12,154,1.60639684E-02,-6.452362E+01,-6.304086E+01,5.697635E-01,-3.404780E-01,0,0,0,0
Lu_3s12,155,1.74253227E-02,-6.404254E+01,-6.260539E+01,4.741312E-01,-3.325837E-01,0,0,0,0
Lu_3s12,156,1.88945447E-02,-6.353341E+01,-6.213477E+01,3.643718E-01,-3.215303E-01,0,0,0,0
Lu_3s12,157,2.04793037E-02,-6.299539E+01,-6.163009E+01,2.408495E-01,-3.071742E-01,0,0,0,0
Lu_3s12,158,2.21877176E-02,-6.242773E+01,-6.109207E+01,1.043992E-01,-2.894298E-01,0,0,0,0
Lu_3s12,159,2.40283703E-02,-6.182981E+01,-6.052116E+01,-4.360329E-02,-2.682826E-01,0,0,0,0
Lu_3s12,160,2.60103273E-02,-6.120111E+01,-5.991767E+01,-2.011791E-01,-2.438017E-01,0,0,0,0
Lu_3s12,161,2.81431521E-02,-6.054115E+01,-5.928175E+01,-3.656987E-01,-2.161511E-01,0,0,0,0
Lu_3s12,162,3.04369210E-02,-5.984944E+01,-5.861345E+01,-5.338540E-01,-1.855992E-01,0,0,0,0
Lu_3s12,163,3.29022384E-02,-5.912547E+01,-5.791265E+01,-7.016585E-01,-1.525251E-01,0,0,0,0
Lu_3s12,164,3.55502504E-02,-5.836870E+01,-5.717917E+01,-8.644824E-01,-1.174214E-01,0,0,0,0
Lu_3s12,165,3.83926583E-02,-5.757864E+01,-5.641276E+01,-1.017127E+00,-8.089178E-02,0,0,0,0
Lu_3s12,166,4.14417311E-02,-5.675496E+01,-5.561322E+01,-1.153949E+00,-4.364322E-02,0,0,0,0
Lu_3s12,167,4.47103165E-02,-5.589759E+01,-5.478053E+01,-1.269028E+00,-6.471183E-03,0,0,0,0
Lu_3s12,168,4.82118514E-02,-5.500674E+01,-5.391492E+01,-1.356392E+00,2.976176E-02,0,0,0,0
Lu_3s12,169,5.19603709E-02,-5.408297E+01,-5.301688E+01,-1.410279E+00,6.415418E-02,0,0,0,0
Lu_3s12,170,5.59705163E-02,-5.312708E+01,-5.208717E+01,-1.425445E+00,9.580008E-02,0,0,0,0
Lu_3s12,171,6.02575411E-02,-5.214002E+01,-5.112669E+01,-1.397488E+00,1.238279E-01,0,0,0,0
Lu_3s12,172,6.48373163E-02,-5.112282E+01,-5.013644E+01,-1.323185E+00,1.474427E-01,0,0,0,0
Lu_3s12,173,6.97263340E-02,-5.007654E+01,-4.911743E+01,-1.200807E+00,1.659683E-01,0,0,0,0
Lu_3s12,174,7.49417091E-02,-4.900230E+01,-4.807073E+01,-1.030399E+00,1.788884E-01,0,0,0,0
Lu_3s12,175,8.05011798E-02,-4.790126E+01,-4.699747E+01,-8.139845E-01,1.858813E-01,0,0,0,0
Lu_3s12,176,8.64231061E-02,-4.677502E+01,-4.589918E+01,-5.556810E-01,1.868474E-01,0,0,0,0
Lu_3s12,177,9.27264671E-02,-4.562538E+01,-4.477757E+01,-2.616941E-01,1.819252E-01,0,0,0,0
Lu_3s12,178,9.94308562E-02,-4.445469E+01,-4.363489E+01,5.981999E-02,1.714937E-01,0,0,0,0
Lu_3s12,179,1.06556475E-01,-4.326541E+01,-4.247351E+01,3.990323E-01,1.561601E-01,0,0,0,0
Lu_3s12,180,1.14124124E-01,-4.205996E+01,-4.129577E+01,7.448523E-01,1.367324E-01,0,0,0,0
Lu_3s12,181,1.22155196E-01,-4.084052E+01,-4.010381E+01,1.085456E+00,1.141781E-01,0,0,0,0
Lu_3s12,182,1.30671661E-01,-3.960930E+01,-3.889979E+01,1.408897E+00,8.957216E-02,0,0,0,0
Lu_3s12,183,1.39696055E-01,-3.836869E+01,-3.768605E+01,1.703770E+00,6.403666E-02,0,0,0,0
Lu_3s12,184,1.49251467E-01,-3.712155E+01,-3.646541E+01,1.959856E+00,3.867716E-02,0,0,0,0
Lu_3s12,185,1.59361522E-01,-3.587132E+01,-3.524120E+01,2.168724E+00,1.452012E-02,0,0,0,0
Lu_3s12,186,1.70050362E-01,-3.462150E+01,-3.401689E+01,2.324210E+00,-7.542915E-03,0,0,0,0
Lu_3s12,187,1.81342630E-01,-3.337542E+01,-3.279572E+01,2.422752E+00,-2.679973E-02,0,0,0,0
Lu_3s12,188,1.93263449E-01,-3.213569E+01,-3.158030E+01,2.463538E+00,-4.274673E-02,0,0,0,0
Lu_3s12,189,2.05838402E-01,-3.090408E+01,-3.037233E+01,2.448467E+00,-5.510150E-02,0,0,0,0
Lu_3s12,190,2.19093507E-01,-2.968140E+01,-2.917261E+01,2.381917E+00,-6.379864E-02,0,0,0,0
Lu_3s12,191,2.33055201E-01,-2.846816E+01,-2.798166E+01,2.270359E+00,-6.897099E-02,0,0,0,0
Lu_3s12,192,2.47750307E-01,-2.726489E+01,-2.679996E+01,2.121842E+00,-7.091898E-02,0,0,0,0
Lu_3s12,193,2.63206019E-01,-2.607291E+01,-2.562885E+01,1.945394E+00,-7.007165E-02,0,0,0,0
Lu_3s12,194,2.79449870E-01,-2.489435E+01,-2.447042E+01,1.750402E+00,-6.694292E-02,0,0,0,0
Lu_3s12,195,2.96509710E-01,-2.373169E+01,-2.332713E+01,1.546014E+00,-6.208665E-02,0,0,0,0
Lu_3s12,196,3.14413681E-01,-2.258696E+01,-2.220100E+01,1.340617E+00,-5.605428E-02,0,0,0,0
Lu_3s12,197,3.33190188E-01,-2.146130E+01,-2.109320E+01,1.141437E+00,-4.935879E-02,0,0,0,0
Lu_3s12,198,3.52867877E-01,-2.035548E+01,-2.000453E+01,9.542681E-01,-4.244761E-02,0,0,0,0
Lu_3s12,199,3.73475605E-01,-1.927067E+01,-1.893617E+01,7.833537E-01,-3.568593E-02,0,0,0,0
Lu_3s12,200,3.95042416E-01,-1.820943E+01,-1.789069E+01,6.313921E-01,-2.934953E-02,0,0,0,0
Lu_3s12,201,4.17597515E-01,-1.717551E+01,-1.687185E+01,4.996544E-01,-2.362599E-02,0,0,0,0
Lu_3s12,202,4.41170244E-01,-1.617347E+01,-1.588422E+01,3.881850E-01,-1.862219E-02,0,0,0,0
Lu_3s12,203,4.65790054E-01,-1.520802E+01,-1.493253E+01,2.960536E-01,-1.437638E-02,0,0,0,0
Lu_3s12,204,4.91486481E-01,-1.428334E+01,-1.402097E+01,2.216273E-01,-1.087283E-02,0,0,0,0
Lu_3s12,205,5.18289124E-01,-1.340261E+01,-1.315275E+01,1.628365E-01,-8.057125E-03,0,0,0,0
Lu_3s12,206,5.46227617E-01,-1.256783E+01,-1.232987E+01,1.174097E-01,-5.850753E-03,0,0,0,0
Lu_3s12,207,5.75331612E-01,-1.177967E+01,-1.155305E+01,8.306573E-02,-4.163585E-03,0,0,0,0
Lu_3s12,208,6.05630751E-01,-1.103791E+01,-1.082206E+01,5.765555E-02,-2.903748E-03,0,0,0,0
Lu_3s12,209,6.37154647E-01,-1.034137E+01,-1.013575E+01,3.925458E-02,-1.984635E-03,0,0,0,0
Lu_3s12,210,6.69932864E-01,-9.688292E+00,-9.492398E+00,2.621148E-02,-1.329265E-03,0,0,0,0
Lu_3s12,211,7.03994894E-01,-9.076812E+00,-8.890143E+00,1.716171E-02,-8.723995E-04,0,0,0,0
Lu_3s12,212,7.39370141E-01,-8.504780E+00,-8.326863E+00,1.101559E-02,-5.609750E-04,0,0,0,0
Lu_3s12,213,7.76087899E-01,-7.970104E+00,-7.800486E+00,6.930061E-03,-3.533746E-04,0,0,0,0
Lu_3s12,214,8.14177341E-01,-7.470733E+00,-7.308980E+00,4.272173E-03,-2.180320E-04,0,0,0,0
Lu_3s12,215,8.53667493E-01,-7.004632E+00,-6.850333E+00,2.580111E-03,-1.317404E-04,0,0,0,0
Lu_3s12,216,8.94587226E-01,-6.569778E+00,-6.422541E+00,1.526150E-03,-7.793709E-05,0,0,0,0
Lu_3s12,217,9.36965239E-01,-6.164163E+00,-6.023616E+00,8.839196E-04,-4.513374E-05,0,0,0,0
Lu_3s12,218,9.80830042E-01,-5.785828E+00,-5.651619E+00,5.011521E-04,-2.557935E-05,0,0,0,0
Lu_3s12,219,1.02620995E+00,-5.432904E+00,-5.304700E+00,2.780666E-04,-1.418412E-05,0,0,0,0
Lu_3s12,220,1.07313306E+00,-5.103643E+00,-4.981127E+00,1.509487E-04,-7.693576E-06,0,0,0,0
Lu_3s12,221,1.12162725E+00,-4.796473E+00,-4.679348E+00,8.014705E-05,-4.080853E-06,0,0,0,0
Lu_3s12,222,1.17172015E+00,-4.509912E+00,-4.397896E+00,4.161004E-05,-2.116171E-06,0,0,0,0
Lu_3s12,223,1.22343919E+00,-4.242643E+00,-4.135470E+00,2.111709E-05,-1.072517E-06,0,0,0,0
Lu_3s12,224,1.27681148E+00,-3.993417E+00,-3.890836E+00,1.047289E-05,-5.311105E-07,0,0,0,0
Lu_3s12,225,1.33186393E+00,-3.761051E+00,-3.662824E+00,5.074188E-06,-2.569001E-07,0,0,0,0
Lu_3s12,226,1.38862315E+00,-3.544410E+00,-3.450314E+00,2.401059E-06,-1.213420E-07,0,0,0,0
Lu_3s12,227,1.44711548E+00,-3.342396E+00,-3.252220E+00,1.109287E-06,-5.594889E-08,0,0,0,0
Lu_3s12,228,1.50736699E+00,-3.153955E+00,-3.067500E+00,5.002154E-07,-2.517504E-08,0,0,0,0
Lu_3s12,229,1.56940344E+00,-2.978073E+00,-2.895151E+00,2.200944E-07,-1.105119E-08,0,0,0,0
Lu_3s12,230,1.63325033E+00,-2.813800E+00,-2.734234E+00,9.446387E-08,-4.731176E-09,0,0,0,0
Lu_3s12,231,1.69893283E+00,-2.660255E+00,-2.583878E+00,3.953600E-08,-1.974733E-09,0,0,0,0
Lu_3s12,232,1.76647584E+00,-2.516639E+00,-2.443293E+00,1.613077E-08,-8.033109E-10,0,0,0,0
Lu_3s12,233,1.83590395E+00,-2.382246E+00,-2.311782E+00,6.413828E-09,-3.183830E-10,0,0,0,0
Lu_3s12,234,1.90724144E+00,-2.256463E+00,-2.188742E+00,2.484527E-09,-1.229023E-10,0,0,0,0
Lu_3s12,235,1.98051228E+00,-2.138770E+00,-2.073658E+00,9.373433E-10,-4.619184E-11,0,0,0,0
Lu_3s12,236,2.05574015E+00,-2.028725E+00,-1.966097E+00,3.443071E-10,-1.887357E-11,0,0,0,0
Lu_3s12,237,2.13294840E+00,-1.925951E+00,-1.865688E+00,1.230975E-10,-1.052438E-12,0,0,0,0
Lu_4d32,0,1.40845070E-08,-1.178053E-02,8.875546E+06,8.301562E-19,4.588775E-14,0,0,0,0
Lu_4d32,1,1.54458033E-08,-1.291915E-02,8.093335E+06,1.092058E-18,5.518559E-14,0,0,0,0
Lu_4d32,2,1.69386420E-08,-1.416778E-02,7.380075E+06,1.437949E-18,6.636926E-14,0,0,0,0
Lu_4d32,3,1.85757639E-08,-1.553710E-02,6.729675E+06,1.894529E-18,7.981847E-14,0,0,0,0
Lu_4d32,4,2.03710783E-08,-1.703873E-02,6.136605E+06,2.497025E-18,9.599312E-14,0,0,0,0
Lu_4d32,5,2.23399067E-08,-1.868550E-02,5.595802E+06,3.291910E-18,1.154445E-13,0,0,0,0
Lu_4d32,6,2.44990189E-08,-2.049142E-02,5.102660E+06,4.340481E-18,1.388381E-13,0,0,0,0
Lu_4d32,7,2.68667586E-08,-2.247184E-02,4.652986E+06,5.723585E-18,1.669720E-13,0,0,0,0
Lu_4d32,8,2.94633317E-08,-2.464366E-02,4.242940E+06,7.547859E-18,2.008051E-13,0,0,0,0
Lu_4d32,9,3.23108539E-08,-2.702537E-02,3.869030E+06,9.953940E-18,2.414948E-13,0,0,0,0
Lu_4d32,10,3.54335170E-08,-2.963723E-02,3.528078E+06,1.312730E-17,2.904311E-13,0,0,0,0
Lu_4d32,11,3.88579005E-08,-3.250144E-02,3.217179E+06,1.731255E-17,3.492786E-13,0,0,0,0
Lu_4d32,12,4.26132991E-08,-3.564252E-02,2.933671E+06,2.283234E-17,4.200513E-13,0,0,0,0
Lu_4d32,13,4.67314733E-08,-3.908704E-02,2.675157E+06,3.011206E-17,5.051675E-13,0,0,0,0
Lu_4d32,14,5.12476303E-08,-4.286443E-02,2.439424E+06,3.971286E-17,6.075206E-13,0,0,0,0
Lu_4d32,15,5.62002313E-08,-4.700687E-02,2.224464E+06,5.237473E-17,7.306204E-13,0,0,0,0
Lu_4d32,16,6.16312403E-08,-5.154947E-02,2.028454E+06,6.907346E-17,8.786556E-13,0,0,0,0
Lu_4d32,17,6.75872020E-08,-5.653114E-02,1.849713E+06,9.109619E-17,1.056681E-12,0,0,0,0
Lu_4d32,18,7.41184821E-08,-6.199401E-02,1.686728E+06,1.201400E-16,1.270784E-12,0,0,0,0
Lu_4d32,19,8.12809116E-08,-6.798480E-02,1.538105E+06,1.584432E-16,1.528251E-12,0,0,0,0
Lu_4d32,20,8.91353265E-08,-7.455437E-02,1.402580E+06,2.089576E-16,1.837879E-12,0,0,0,0
Lu_4d32,21,9.77487367E-08,-8.175877E-02,1.278998E+06,2.755759E-16,2.210243E-12,0,0,0,0
Lu_4d32,22,1.07194113E-07,-8.965905E-02,1.166308E+06,3.634311E-16,2.658045E-12,0,0,0,0
Lu_4d32,23,1.17552189E-07,-9.832272E-02,1.063548E+06,4.792934E-16,3.196538E-12,0,0,0,0
Lu_4d32,24,1.28910932E-07,-1.078234E-01,9.698439E+05,6.320898E-16,3.844138E-12,0,0,0,0
Lu_4d32,25,1.41366993E-07,-1.182418E-01,8.843975E+05,8.335929E-16,4.622918E-12,0,0,0,0
Lu_4d32,26,1.55026355E-07,-1.296667E-01,8.064811E+05,1.099327E-15,5.559451E-12,0,0,0,0
Lu_4d32,27,1.70005236E-07,-1.421953E-01,7.354308E+05,1.449766E-15,6.685684E-12,0,0,0,0
Lu_4d32,28,1.86431075E-07,-1.559342E-01,6.706415E+05,1.911905E-15,8.040031E-12,0,0,0,0
Lu_4d32,29,2.04443616E-07,-1.710001E-01,6.115614E+05,2.521345E-15,9.668758E-12,0,0,0,0
Lu_4d32,30,2.24195708E-07,-1.875211E-01,5.576882E+05,3.325028E-15,1.162730E-11,0,0,0,0
Lu_4d32,31,2.45856126E-07,-2.056382E-01,5.085611E+05,4.384864E-15,1.398250E-11,0,0,0,0
Lu_4d32,32,2.69608304E-07,-2.255048E-01,4.637636E+05,5.782474E-15,1.681479E-11,0,0,0,0
Lu_4d32,33,2.95654667E-07,-2.472904E-01,4.229133E+05,7.625502E-15,2.022068E-11,0,0,0,0
Lu_4d32,34,3.24216193E-07,-2.711796E-01,3.856629E+05,1.005587E-14,2.431616E-11,0,0,0,0
Lu_4d32,35,3.55536886E-07,-2.973766E-01,3.516939E+05,1.326076E-14,2.924110E-11,0,0,0,0
Lu_4d32,36,3.89881261E-07,-3.261026E-01,3.207189E+05,1.748690E-14,3.516362E-11,0,0,0,0
Lu_4d32,37,4.27542511E-07,-3.576028E-01,2.924728E+05,2.305972E-14,4.228479E-11,0,0,0,0
Lu_4d32,38,4.68840899E-07,-3.921450E-01,2.667152E+05,3.040827E-14,5.084845E-11,0,0,0,0
Lu_4d32,39,5.14125814E-07,-4.300215E-01,2.432277E+05,4.009819E-14,6.114605E-11,0,0,0,0
Lu_4d32,40,5.63783777E-07,-4.715555E-01,2.218092E+05,5.287545E-14,7.352799E-11,0,0,0,0
Lu_4d32,41,6.18235912E-07,-5.170992E-01,2.022780E+05,6.972345E-14,8.841720E-11,0,0,0,0
Lu_4d32,42,6.77944859E-07,-5.670395E-01,1.844676E+05,9.193885E-14,1.063204E-10,0,0,0,0
Lu_4d32,43,7.43417883E-07,-6.218005E-01,1.682263E+05,1.212312E-13,1.278487E-10,0,0,0,0
Lu_4d32,44,8.15209759E-07,-6.818461E-01,1.534163E+05,1.598543E-13,1.537337E-10,0,0,0,0
Lu_4d32,45,8.93933023E-07,-7.476885E-01,1.399107E+05,2.107800E-13,1.848576E-10,0,0,0,0
Lu_4d32,46,9.80253329E-07,-8.198841E-01,1.275952E+05,2.779257E-13,2.222836E-10,0,0,0,0
Lu_4d32,47,1.07490332E-06,-8.990456E-01,1.163648E+05,3.664560E-13,2.672826E-10,0,0,0,0
Lu_4d32,48,1.17868778E-06,-9.858455E-01,1.061239E+05,4.831798E-13,3.213868E-10,0,0,0,0
Lu_4d32,49,1.29248727E-06,-1.081020E+00,9.678516E+04,6.370731E-13,3.864403E-10,0,0,0,0
Lu_4d32,50,1.41726642E-06,-1.185375E+00,8.826928E+04,8.399679E-13,4.646591E-10,0,0,0,0
Lu_4d32,51,1.55408252E-06,-1.299794E+00,8.050382E+04,1.107461E-12,5.587013E-10,0,0,0,0
Lu_4d32,52,1.70409879E-06,-1.425248E+00,7.342252E+04,1.460115E-12,6.717676E-10,0,0,0,0
Lu_4d32,53,1.86858481E-06,-1.562798E+00,6.696524E+04,1.925028E-12,8.077096E-10,0,0,0,0
Lu_4d32,54,2.04893518E-06,-1.713608E+00,6.107702E+04,2.537922E-12,9.711505E-10,0,0,0,0
Lu_4d32,55,2.24667680E-06,-1.878953E+00,5.570778E+04,3.345879E-12,1.167644E-09,0,0,0,0
Lu_4d32,56,2.46348896E-06,-2.060232E+00,5.081174E+04,4.410952E-12,1.403872E-09,0,0,0,0
Lu_4d32,57,2.70120429E-06,-2.258975E+00,4.634735E+04,5.814921E-12,1.687877E-09,0,0,0,0
Lu_4d32,58,2.96183615E-06,-2.476857E+00,4.227659E+04,7.665560E-12,2.029299E-09,0,0,0,0
Lu_4d32,59,3.24759167E-06,-2.715716E+00,3.856484E+04,1.010490E-11,2.439741E-09,0,0,0,0
Lu_4d32,60,3.56088877E-06,-2.977564E+00,3.518053E+04,1.332008E-11,2.933155E-09,0,0,0,0
Lu_4d32,61,3.90437587E-06,-3.264600E+00,3.209488E+04,1.755769E-11,3.526289E-09,0,0,0,0
Lu_4d32,62,4.28096072E-06,-3.579235E+00,2.928164E+04,2.314264E-11,4.239278E-09,0,0,0,0
Lu_4d32,63,4.69382455E-06,-3.924105E+00,2.671690E+04,3.050294E-11,5.096332E-09,0,0,0,0
Lu_4d32,64,5.14645651E-06,-4.302092E+00,2.437886E+04,4.020243E-11,6.126519E-09,0,0,0,0
Lu_4d32,65,5.64267994E-06,-4.716348E+00,2.224764E+04,5.298379E-11,7.364773E-09,0,0,0,0
Lu_4d32,66,6.18668621E-06,-5.170318E+00,2.030512E+04,6.982514E-11,8.853076E-09,0,0,0,0
Lu_4d32,67,6.78306446E-06,-5.667761E+00,1.853481E+04,9.201451E-11,1.064186E-08,0,0,0,0
Lu_4d32,68,7.43684772E-06,-6.212780E+00,1.692167E+04,1.212478E-10,1.279169E-08,0,0,0,0
Lu_4d32,69,8.15354812E-06,-6.809847E+00,1.545200E+04,1.597576E-10,1.537536E-08,0,0,0,0
Lu_4d32,70,8.93920529E-06,-7.463830E+00,1.411334E+04,2.104822E-10,1.848026E-08,0,0,0,0
Lu_4d32,71,9.80043817E-06,-8.180023E+00,1.289434E+04,2.772881E-10,2.221132E-08,0,0,0,0
Lu_4d32,72,1.07444991E-05,-8.964176E+00,1.178467E+04,3.652617E-10,2.669461E-08,0,0,0,0
Lu_4d32,73,1.17793295E-05,-9.822511E+00,1.077495E+04,4.810919E-10,3.208143E-08,0,0,0,0
Lu_4d32,74,1.29136348E-05,-1.076176E+01,9.856670E+03,6.335722E-10,3.855341E-08,0,0,0,0
Lu_4d32,75,1.41569462E-05,-1.178916E+01,9.022100E+03,8.342575E-10,4.632858E-08,0,0,0,0
Lu_4d32,76,1.55197075E-05,-1.291250E+01,8.264256E+03,1.098323E-09,5.566852E-08,0,0,0,0
Lu_4d32,77,1.70133553E-05,-1.414009E+01,7.576839E+03,1.445689E-09,6.688701E-08,0,0,0,0
Lu_4d32,78,1.86504207E-05,-1.548074E+01,6.954218E+03,1.902480E-09,8.036037E-08,0,0,0,0
Lu_4d32,79,2.04446227E-05,-1.694375E+01,6.391260E+03,2.502936E-09,9.653983E-08,0,0,0,0
Lu_4d32,80,2.24109875E-05,-1.853882E+01,5.883520E+03,3.291881E-09,1.159660E-07,0,0,0,0
Lu_4d32,81,2.45659712E-05,-2.027593E+01,5.427284E+03,4.327926E-09,1.392866E-07,0,0,0,0
Lu_4d32,82,2.69275913E-05,-2.216516E+01,5.018870E+03,5.687597E-09,1.672771E-07,0,0,0,0
Lu_4d32,83,2.95155769E-05,-2.421648E+01,4.655748E+03,7.470636E-09,2.008651E-07,0,0,0,0
Lu_4d32,84,3.23515278E-05,-2.643933E+01,4.335897E+03,9.806770E-09,2.411602E-07,0,0,0,0
Lu_4d32,85,3.54590885E-05,-2.884216E+01,4.057607E+03,1.286428E-08,2.894877E-07,0,0,0,0
Lu_4d32,86,3.88641460E-05,-3.143171E+01,3.820346E+03,1.686081E-08,3.474296E-07,0,0,0,0
Lu_4d32,87,4.25950311E-05,-3.421206E+01,3.624447E+03,2.207670E-08,4.168728E-07,0,0,0,0
Lu_4d32,88,4.66827539E-05,-3.718335E+01,3.471129E+03,2.887144E-08,5.000641E-07,0,0,0,0
Lu_4d32,89,5.11612515E-05,-4.034008E+01,3.363171E+03,3.770322E-08,5.996768E-07,0,0,0,0
Lu_4d32,90,5.60676589E-05,-4.366875E+01,3.305270E+03,4.915182E-08,7.188873E-07,0,0,0,0
Lu_4d32,91,6.14426048E-05,-4.714482E+01,3.304220E+03,6.394404E-08,8.614635E-07,0,0,0,0
Lu_4d32,92,6.73305476E-05,-5.072868E+01,3.369675E+03,8.298012E-08,1.031871E-06,0,0,0,0
Lu_4d32,93,7.37801101E-05,-5.436047E+01,3.514640E+03,1.073577E-07,1.235398E-06,0,0,0,0
Lu_4d32,94,8.08444839E-05,-5.795353E+01,3.754473E+03,1.383869E-07,1.478299E-06,0,0,0,0
Lu_4d32,95,8.85818410E-05,-6.138718E+01,4.100158E+03,1.775871E-07,1.767990E-06,0,0,0,0
Lu_4d32,96,9.70557919E-05,-6.450115E+01,4.524009E+03,2.266492E-07,2.113250E-06,0,0,0,0
Lu_4d32,97,1.06335888E-04,-6.710130E+01,4.857000E+03,2.873479E-07,2.524342E-06,0,0,0,0
Lu_4d32,98,1.16498167E-04,-6.900239E+01,4.750119E+03,3.614076E-07,3.013381E-06,0,0,0,0
Lu_4d32,99,1.27625740E-04,-7.013925E+01,4.025015E+03,4.504676E-07,3.595785E-06,0,0,0,0
Lu_4d32,100,1.39809443E-04,-7.066706E+01,3.032300E+03,5.564162E-07,4.290182E-06,0,0,0,0
Lu_4d32,101,1.53148538E-04,-7.085775E+01,2.271314E+03,6.818835E-07,5.116862E-06,0,0,0,0
Lu_4d32,102,1.67751469E-04,-7.091153E+01,1.846331E+03,8.305071E-07,6.100052E-06,0,0,0,0
Lu_4d32,103,1.83736702E-04,-7.092048E+01,1.599612E+03,1.007063E-06,7.270256E-06,0,0,0,0
Lu_4d32,104,2.01233621E-04,-7.091667E+01,1.417322E+03,1.217522E-06,8.663494E-06,0,0,0,0
Lu_4d32,105,2.20383511E-04,-7.090932E+01,1.261348E+03,1.469148E-06,1.032188E-05,0,0,0,0
Lu_4d32,106,2.41340621E-04,-7.090062E+01,1.121533E+03,1.770726E-06,1.229533E-05,0,0,0,0
Lu_4d32,107,2.64273321E-04,-7.089098E+01,9.949151E+02,2.132881E-06,1.464313E-05,0,0,0,0
Lu_4d32,108,2.89365355E-04,-7.088039E+01,8.801391E+02,2.568489E-06,1.743560E-05,0,0,0,0
Lu_4d32,109,3.16817200E-04,-7.086877E+01,7.761826E+02,3.093190E-06,2.075613E-05,0,0,0,0
Lu_4d32,110,3.46847541E-04,-7.085603E+01,6.821310E+02,3.726013E-06,2.470347E-05,0,0,0,0
Lu_4d32,111,3.79694864E-04,-7.084207E+01,5.971467E+02,4.490151E-06,2.939458E-05,0,0,0,0
Lu_4d32,112,4.15619192E-04,-7.082677E+01,5.204620E+02,5.413918E-06,3.496785E-05,0,0,0,0
Lu_4d32,113,4.54903944E-04,-7.080999E+01,4.513737E+02,6.531932E-06,4.158693E-05,0,0,0,0
Lu_4d32,114,4.97857967E-04,-7.079161E+01,3.892361E+02,7.886586E-06,4.944526E-05,0,0,0,0
Lu_4d32,115,5.44817717E-04,-7.077148E+01,3.334560E+02,9.529867E-06,5.877128E-05,0,0,0,0
Lu_4d32,116,5.96149619E-04,-7.074942E+01,2.834875E+02,1.152562E-05,6.983463E-05,0,0,0,0
Lu_4d32,117,6.52252617E-04,-7.072526E+01,2.388273E+02,1.395238E-05,8.295324E-05,0,0,0,0
Lu_4d32,118,7.13560914E-04,-7.069881E+01,1.990107E+02,1.690683E-05,9.850175E-05,0,0,0,0
Lu_4d32,119,7.80546942E-04,-7.066985E+01,1.636079E+02,2.050824E-05,1.169212E-04,0,0,0,0
Lu_4d32,120,8.53724541E-04,-7.063816E+01,1.322209E+02,2.490387E-05,1.387302E-04,0,0,0,0
Lu_4d32,121,9.33652389E-04,-7.060348E+01,1.044807E+02,3.027575E-05,1.645380E-04,0,0,0,0
Lu_4d32,122,1.02093769E-03,-7.056555E+01,8.004505E+01,3.684921E-05,1.950599E-04,0,0,0,0
Lu_4d32,123,1.11624013E-03,-7.052407E+01,5.859603E+01,4.490342E-05,2.311337E-04,0,0,0,0
Lu_4d32,124,1.22027613E-03,-7.047871E+01,3.983878E+01,5.478463E-05,2.737408E-04,0,0,0,0
Lu_4d32,125,1.33382338E-03,-7.042915E+01,2.349988E+01,6.692262E-05,3.240277E-04,0,0,0,0
Lu_4d32,126,1.45772573E-03,-7.037500E+01,9.326127E+00,8.185129E-05,3.833331E-04,0,0,0,0
Lu_4d32,127,1.59289840E-03,-7.031586E+01,-2.916405E+00,1.002343E-04,4.532168E-04,0,0,0,0
Lu_4d32,128,1.74033353E-03,-7.025132E+01,-1.344328E+01,1.228969E-04,5.354932E-04,0,0,0,0
Lu_4d32,129,1.90110615E-03,-7.018089E+01,-2.245243E+01,1.508660E-04,6.322691E-04,0,0,0,0
Lu_4d32,130,2.07638050E-03,-7.010410E+01,-3.012491E+01,1.854190E-04,7.459856E-04,0,0,0,0
Lu_4d32,131,2.26741677E-03,-7.002042E+01,-3.662553E+01,2.281458E-04,8.794649E-04,0,0,0,0
Lu_4d32,132,2.47557828E-03,-6.992927E+01,-4.210360E+01,2.810241E-04,1.035962E-03,0,0,0,0
Lu_4d32,133,2.70233906E-03,-6.983007E+01,-4.669358E+01,3.465139E-04,1.219222E-03,0,0,0,0
Lu_4d32,134,2.94929195E-03,-6.972219E+01,-5.051592E+01,4.276730E-04,1.433541E-03,0,0,0,0
Lu_4d32,135,3.21815711E-03,-6.960495E+01,-5.367778E+01,5.283001E-04,1.683831E-03,0,0,0,0
Lu_4d32,136,3.51079106E-03,-6.947767E+01,-5.627394E+01,6.531093E-04,1.975692E-03,0,0,0,0
Lu_4d32,137,3.82919619E-03,-6.933960E+01,-5.838764E+01,8.079443E-04,2.315483E-03,0,0,0,0
Lu_4d32,138,4.17553074E-03,-6.918999E+01,-6.009153E+01,1.000039E-03,2.710398E-03,0,0,0,0
Lu_4d32,139,4.55211944E-03,-6.902805E+01,-6.144855E+01,1.238335E-03,3.168536E-03,0,0,0,0
Lu_4d32,140,4.96146447E-03,-6.885296E+01,-6.251288E+01,1.533862E-03,3.698974E-03,0,0,0,0
Lu_4d32,141,5.40625706E-03,-6.866388E+01,-6.333086E+01,1.900197E-03,4.311829E-03,0,0,0,0
Lu_4d32,142,5.88938963E-03,-6.845996E+01,-6.394180E+01,2.354014E-03,5.018309E-03,0,0,0,0
Lu_4d32,143,6.41396839E-03,-6.824032E+01,-6.437887E+01,2.915736E-03,5.830749E-03,0,0,0,0
Lu_4d32,144,6.98332646E-03,-6.800407E+01,-6.466984E+01,3.610300E-03,6.762619E-03,0,0,0,0
Lu_4d32,145,7.60103751E-03,-6.775030E+01,-6.483782E+01,4.468052E-03,7.828504E-03,0,0,0,0
Lu_4d32,146,8.27092988E-03,-6.747811E+01,-6.490189E+01,5.525789E-03,9.044039E-03,0,0,0,0
Lu_4d32,147,8.99710118E-03,-6.718657E+01,-6.487768E+01,6.827947E-03,1.042579E-02,0,0,0,0
Lu_4d32,148,9.78393329E-03,-6.687474E+01,-6.477793E+01,8.427943E-03,1.199109E-02,0,0,0,0
Lu_4d32,149,1.06361078E-02,-6.654167E+01,-6.461289E+01,1.038967E-02,1.375775E-02,0,0,0,0
Lu_4d32,150,1.15586218E-02,-6.618641E+01,-6.439076E+01,1.278916E-02,1.574372E-02,0,0,0,0
Lu_4d32,151,1.25568040E-02,-6.580796E+01,-6.411802E+01,1.571631E-02,1.796665E-02,0,0,0,0
Lu_4d32,152,1.36363313E-02,-6.540535E+01,-6.379971E+01,1.927672E-02,2.044329E-02,0,0,0,0
Lu_4d32,153,1.48032451E-02,-6.497756E+01,-6.343968E+01,2.359357E-02,2.318877E-02,0,0,0,0
Lu_4d32,154,1.60639684E-02,-6.452362E+01,-6.304086E+01,2.880932E-02,2.621580E-02,0,0,0,0
Lu_4d32,155,1.74253227E-02,-6.404254E+01,-6.260539E+01,3.508730E-02,2.953363E-02,0,0,0,0
Lu_4d32,156,1.88945447E-02,-6.353341E+01,-6.213477E+01,4.261283E-02,3.314693E-02,0,0,0,0
Lu_4d32,157,2.04793037E-02,-6.299539E+01,-6.163009E+01,5.159380E-02,3.705457E-02,0,0,0,0
Lu_4d32,158,2.21877176E-02,-6.242773E+01,-6.109207E+01,6.226040E-02,4.124821E-02,0,0,0,0
Lu_4d32,159,2.40283703E-02,-6.182981E+01,-6.052116E+01,7.486363E-02,4.571088E-02,0,0,0,0
Lu_4d32,160,2.60103273E-02,-6.120111E+01,-5.991767E+01,8.967238E-02,5.041555E-02,0,0,0,0
Lu_4d32,161,2.81431521E-02,-6.054115E+01,-5.928175E+01,1.069685E-01,5.532373E-02,0,0,0,0
Lu_4d32,162,3.04369210E-02,-5.984944E+01,-5.861345E+01,1.270399E-01,6.038419E-02,0,0,0,0
Lu_4d32,163,3.29022384E-02,-5.912547E+01,-5.791265E+01,1.501700E-01,6.553200E-02,0,0,0,0
Lu_4d32,164,3.55502504E-02,-5.836870E+01,-5.717917E+01,1.766259E-01,7.068785E-02,0,0,0,0
Lu_4d32,165,3.83926583E-02,-5.757864E+01,-5.641276E+01,2.066412E-01,7.575798E-02,0,0,0,0
Lu_4d32,166,4.14417311E-02,-5.675496E+01,-5.561322E+01,2.403969E-01,8.063460E-02,0,0,0,0
Lu_4d32,167,4.47103165E-02,-5.589759E+01,-5.478053E+01,2.779985E-01,8.519718E-02,0,0,0,0
Lu_4d32,168,4.82118514E-02,-5.500674E+01,-5.391492E+01,3.194499E-01,8.931450E-02,0,0,0,0
Lu_4d32,169,5.19603709E-02,-5.408297E+01,-5.301688E+01,3.646258E-01,9.284760E-02,0,0,0,0
Lu_4d32,170,5.59705163E-02,-5.312708E+01,-5.208717E+01,4.132418E-01,9.565373E-02,0,0,0,0
Lu_4d32,171,6.02575411E-02,-5.214002E+01,-5.112669E+01,4.648260E-01,9.759114E-02,0,0,0,0
Lu_4d32,172,6.48373163E-02,-5.112282E+01,-5.013644E+01,5.186919E-01,9.852478E-02,0,0,0,0
Lu_4d32,173,6.97263340E-02,-5.007654E+01,-4.911743E+01,5.739166E-01,9.833266E-02,0,0,0,0
Lu_4d32,174,7.49417091E-02,-4.900230E+01,-4.807073E+01,6.293259E-01,9.691253E-02,0,0,0,0
Lu_4d32,175,8.05011798E-02,-4.790126E+01,-4.699747E+01,6.834898E-01,9.418878E-02,0,0,0,0
Lu_4d32,176,8.64231061E-02,-4.677502E+01,-4.589918E+01,7.347309E-01,9.011878E-02,0,0,0,0
Lu_4d32,177,9.27264671E-02,-4.562538E+01,-4.477757E+01,7.811485E-01,8.469842E-02,0,0,0,0
Lu_4d32,178,9.94308562E-02,-4.445469E+01,-4.363489E+01,8.206592E-01,7.796630E-02,0,0,0,0
Lu_4d32,179,1.06556475E-01,-4.326541E+01,-4.247351E+01,8.510563E-01,7.000619E-02,0,0,0,0
Lu_4d32,180,1.14124124E-01,-4.205996E+01,-4.129577E+01,8.700866E-01,6.094744E-02,0,0,0,0
Lu_4d32,181,1.22155196E-01,-4.084052E+01,-4.010381E+01,8.755437E-01,5.096327E-02,0,0,0,0
Lu_4d32,182,1.30671661E-01,-3.960930E+01,-3.889979E+01,8.653749E-01,4.026650E-02,0,0,0,0
Lu_4d32,183,1.39696055E-01,-3.836869E+01,-3.768605E+01,8.377963E-01,2.910281E-02,0,0,0,0
Lu_4d32,184,1.49251467E-01,-3.712155E+01,-3.646541E+01,7.914105E-01,1.774157E-02,0,0,0,0
Lu_4d32,185,1.59361522E-01,-3.587132E+01,-3.524120E+01,7.253174E-01,6.464919E-03,0,0,0,0
Lu_4d32,186,1.70050362E-01,-3.462150E+01,-3.401689E+01,6.392122E-01,-4.444231E-03,0,0,0,0
Lu_4d32,187,1.81342630E-01,-3.337542E+01,-3.279572E+01,5.334612E-01,-1.471442E-02,0,0,0,0
Lu_4d32,188,1.93263449E-01,-3.213569E+01,-3.158030E+01,4.091495E-01,-2.409738E-02,0,0,0,0
Lu_4d32,189,2.05838402E-01,-3.090408E+01,-3.037233E+01,2.680955E-01,-3.237872E-02,0,0,0,0
Lu_4d32,190,2.19093507E-01,-2.968140E+01,-2.917261E+01,1.128268E-01,-3.938702E-02,0,0,0,0
Lu_4d32,191,2.33055201E-01,-2.846816E+01,-2.798166E+01,-5.348340E-02,-4.500089E-02,0,0,0,0
Lu_4d32,192,2.47750307E-01,-2.726489E+01,-2.679996E+01,-2.271206E-01,-4.915359E-02,0,0,0,0
Lu_4d32,193,2.63206019E-01,-2.607291E+01,-2.562885E+01,-4.039694E-01,-5.183459E-02,0,0,0,0
Lu_4d32,194,2.79449870E-01,-2.489435E+01,-2.447042E+01,-5.796835E-01,-5.308774E-02,0,0,0,0
Lu_4d32,195,2.96509710E-01,-2.373169E+01,-2.332713E+01,-7.498737E-01,-5.300633E-02,0,0,0,0
Lu_4d32,196,3.14413681E-01,-2.258696E+01,-2.220100E+01,-9.103012E-01,-5.172559E-02,0,0,0,0
Lu_4d32,197,3.33190188E-01,-2.146130E+01,-2.109320E+01,-1.057066E+00,-4.941356E-02,0,0,0,0
Lu_4d32,198,3.52867877E-01,-2.035548E+01,-2.000453E+01,-1.186776E+00,-4.626106E-02,0,0,0,0
Lu_4d32,199,3.73475605E-01,-1.927067E+01,-1.893617E+01,-1.296693E+00,-4.247098E-02,0,0,0,0
Lu_4d32,200,3.95042416E-01,-1.820943E+01,-1.789069E+01,-1.384837E+00,-3.824736E-02,0,0,0,0
Lu_4d32,201,4.17597515E-01,-1.717551E+01,-1.687185E+01,-1.450048E+00,-3.378489E-02,0,0,0,0
Lu_4d32,202,4.41170244E-01,-1.617347E+01,-1.588422E+01,-1.491990E+00,-2.925999E-02,0,0,0,0
Lu_4d32,203,4.65790054E-01,-1.520802E+01,-1.493253E+01,-1.511111E+00,-2.482416E-02,0,0,0,0
Lu_4d32,204,4.91486481E-01,-1.428334E+01,-1.402097E+01,-1.508559E+00,-2.060010E-02,0,0,0,0
Lu_4d32,205,5.18289124E-01,-1.340261E+01,-1.315275E+01,-1.486068E+00,-1.668050E-02,0,0,0,0
Lu_4d32,206,5.46227617E-01,-1.256783E+01,-1.232987E+01,-1.445822E+00,-1.312909E-02,0,0,0,0
Lu_4d32,207,5.75331612E-01,-1.177967E+01,-1.155305E+01,-1.390320E+00,-9.983345E-03,0,0,0,0
Lu_4d32,208,6.05630751E-01,-1.103791E+01,-1.082206E+01,-1.322241E+00,-7.258134E-03,0,0,0,0
Lu_4d32,209,6.37154647E-01,-1.034137E+01,-1.013575E+01,-1.244319E+00,-4.949831E-03,0,0,0,0
Lu_4d32,210,6.69932864E-01,-9.688292E+00,-9.492398E+00,-1.159241E+00,-3.040479E-03,0,0,0,0
Lu_4d32,211,7.03994894E-01,-9.076812E+00,-8.890143E+00,-1.069555E+00,-1.501618E-03,0,0,0,0
Lu_4d32,212,7.39370141E-01,-8.504780E+00,-8.326863E+00,-9.776027E-01,-2.977448E-04,0,0,0,0
Lu_4d32,213,7.76087899E-01,-7.970104E+00,-7.800486E+00,-8.854701E-01,6.106815E-04,0,0,0,0
Lu_4d32,214,8.14177341E-01,-7.470733E+00,-7.308980E+00,-7.949554E-01,1.264766E-03,0,0,0,0
Lu_4d32,215,8.53667493E-01,-7.004632E+00,-6.850333E+00,-7.075527E-01,1.705177E-03,0,0,0,0
Lu_4d32,216,8.94587226E-01,-6.569778E+00,-6.422541E+00,-6.244517E-01,1.970624E-03,0,0,0,0
Lu_4d32,217,9.36965239E-01,-6.164163E+00,-6.023616E+00,-5.465476E-01,2.096761E-03,0,0,0,0
Lu_4d32,218,9.80830042E-01,-5.785828E+00,-5.651619E+00,-4.744617E-01,2.115503E-03,0,0,0,0
Lu_4d32,219,1.02620995E+00,-5.432904E+00,-5.304700E+00,-4.085678E-01,2.054669E-03,0,0,0,0
Lu_4d32,220,1.07313306E+00,-5.103643E+00,-4.981127E+00,-3.490236E-01,1.937892E-03,0,0,0,0
Lu_4d32,221,1.12162725E+00,-4.796473E+00,-4.679348E+00,-2.958042E-01,1.784742E-03,0,0,0,0
Lu_4d32,222,1.17172015E+00,-4.509912E+00,-4.397896E+00,-2.487355E-01,1.610980E-03,0,0,0,0
Lu_4d32,223,1.22343919E+00,-4.242643E+00,-4.135470E+00,-2.075268E-01,1.428915E-03,0,0,0,0
Lu_4d32,224,1.27681148E+00,-3.993417E+00,-3.890836E+00,-1.718021E-01,1.247816E-03,0,0,0,0
Lu_4d32,225,1.33186393E+00,-3.761051E+00,-3.662824E+00,-1.411271E-01,1.074337E-03,0,0,0,0
Lu_4d32,226,1.38862315E+00,-3.544410E+00,-3.450314E+00,-1.150339E-01,9.129570E-04,0,0,0,0
Lu_4d32,227,1.44711548E+00,-3.342396E+00,-3.252220E+00,-9.304158E-02,7.663880E-04,0,0,0,0
Lu_4d32,228,1.50736699E+00,-3.153955E+00,-3.067500E+00,-7.467278E-02,6.359549E-04,0,0,0,0
Lu_4d32,229,1.56940344E+00,-2.978073E+00,-2.895151E+00,-5.946711E-02,5.219323E-04,0,0,0,0
Lu_4d32,230,1.63325033E+00,-2.813800E+00,-2.734234E+00,-4.699082E-02,4.238353E-04,0,0,0,0
Lu_4d32,231,1.69893283E+00,-2.660255E+00,-2.583878E+00,-3.684349E-02,3.406619E-04,0,0,0,0
Lu_4d32,232,1.76647584E+00,-2.516639E+00,-2.443293E+00,-2.866208E-02,2.710896E-04,0,0,0,0
Lu_4d32,233,1.83590395E+00,-2.382246E+00,-2.311782E+00,-2.212279E-02,2.136293E-04,0,0,0,0
Lu_4d32,234,1.90724144E+00,-2.256463E+00,-2.188742E+00,-1.694110E-02,1.667420E-04,0,0,0,0
Lu_4d32,235,1.98051228E+00,-2.138770E+00,-2.073658E+00,-1.287053E-02,1.289222E-04,0,0,0,0
Lu_4d32,236,2.05574015E+00,-2.028725E+00,-1.966097E+00,-9.700336E-03,9.875485E-05,0,0,0,0
Lu_4d32,237,2.13294840E+00,-1.925951E+00,-1.865688E+00,-7.252608E-03,7.495102E-05,0,0,0,0
Lu_4d32,238,2.21216008E+00,-1.830112E+00,-1.772103E+00,-5.378981E-03,5.636594E-05,0,0,0,0
Lu_4d32,239,2.29339794E+00,-1.740893E+00,-1.685031E+00,-3.957173E-03,4.200500E-05,0,0,0,0
Lu_4d32,240,2.37668441E+00,-1.657974E+00,-1.604160E+00,-2.887554E-03,3.102047E-05,0,0,0,0
Lu_4d32,241,2.46204160E+00,-1.581013E+00,-1.529153E+00,-2.089855E-03,2.270232E-05,0,0,0,0
Lu_4d32,242,2.54949133E+00,-1.510614E+00,-1.460618E+00,-1.500121E-03,1.646551E-05,0,0,0,0
Lu_4d32,243,2.63905511E+00,-1.447346E+00,-1.399129E+00,-1.067931E-03,1.183518E-05,0,0,0,0
Lu_4d32,244,2.73075413E+00,-1.390683E+00,-1.344164E+00,-7.539618E-04,8.431063E-06,0,0,0,0
Lu_4d32,245,2.82460929E+00,-1.340113E+00,-1.295216E+00,-5.278680E-04,5.952575E-06,0,0,0,0
Lu_4d32,246,2.92064119E+00,-1.295138E+00,-1.251791E+00,-3.664804E-04,4.165293E-06,0,0,0,0
Lu_4d32,247,3.01887011E+00,-1.255280E+00,-1.213416E+00,-2.522923E-04,2.888710E-06,0,0,0,0
Lu_4d32,248,3.11931605E+00,-1.220084E+00,-1.179637E+00,-1.722116E-04,1.985528E-06,0,0,0,0
Lu_4d32,249,3.22199870E+00,-1.189114E+00,-1.150023E+00,-1.165473E-04,1.352555E-06,0,0,0,0
Lu_4d32,250,3.32693748E+00,-1.161962E+00,-1.124169E+00,-7.819865E-05,9.131262E-07,0,0,0,0
Lu_4d32,251,3.43415149E+00,-1.138242E+00,-1.101692E+00,-5.201497E-05,6.109308E-07,0,0,0,0
Lu_4d32,252,3.54365956E+00,-1.117598E+00,-1.082237E+00,-3.429759E-05,4.050648E-07,0,0,0,0
Lu_4d32,253,3.65548024E+00,-1.099695E+00,-1.065474E+00,-2.241708E-05,2.661415E-07,0,0,0,0
Lu_4d32,254,3.76963178E+00,-1.084227E+00,-1.051099E+00,-1.452271E-05,1.732761E-07,0,0,0,0
Lu_4d32,255,3.88613217E+00,-1.070913E+00,-1.038832E+00,-9.324862E-06,1.117852E-07,0,0,0,0
Lu_4d32,256,4.00499912E+00,-1.059495E+00,-1.028419E+00,-5.933844E-06,7.145452E-08,0,0,0,0
Lu_4d32,257,4.12625005E+00,-1.049740E+00,-1.019628E+00,-3.741979E-06,4.525368E-08,0,0,0,0
Lu_4d32,258,4.24990215E+00,-1.041437E+00,-1.012250E+00,-2.338355E-06,2.839458E-08,0,0,0,0
Lu_4d32,259,4.37597231E+00,-1.034397E+00,-1.006098E+00,-1.447891E-06,1.765030E-08,0,0,0,0
Lu_4d32,260,4.50447717E+00,-1.028451E+00,-1.001005E+00,-8.882798E-07,1.086878E-08,0,0,0,0
Lu_4d32,261,4.63543312E+00,-1.023448E+00,-9.968211E-01,-5.399145E-07,6.629776E-09,0,0,0,0
Lu_4d32,262,4.76885630E+00,-1.019254E+00,-9.934149E-01,-3.251127E-07,4.005737E-09,0,0,0,0
Lu_4d32,263,4.90476257E+00,-1.015752E+00,-9.906704E-01,-1.939320E-07,2.397221E-09,0,0,0,0
Lu_4d32,264,5.04316759E+00,-1.012840E+00,-9.884863E-01,-1.145894E-07,1.420861E-09,0,0,0,0
Lu_4d32,265,5.18408673E+00,-1.010427E+00,-9.867740E-01,-6.706443E-08,8.340450E-10,0,0,0,0
Lu_4d32,266,5.32753516E+00,-1.008436E+00,-9.854572E-01,-3.887464E-08,4.848392E-10,0,0,0,0
Lu_4d32,267,5.47352778E+00,-1.006800E+00,-9.844696E-01,-2.231724E-08,2.790952E-10,0,0,0,0
Lu_4d32,268,5.62207929E+00,-1.005460E+00,-9.837547E-01,-1.268787E-08,1.590852E-10,0,0,0,0
Lu_4d32,269,5.77320413E+00,-1.004368E+00,-9.832640E-01,-7.143083E-09,8.978550E-11,0,0,0,0
Lu_4d32,270,5.92691655E+00,-1.003481E+00,-9.829565E-01,-3.982042E-09,5.017164E-11,0,0,0,0
Lu_4d32,271,6.08323056E+00,-1.002763E+00,-9.827976E-01,-2.197984E-09,2.775638E-11,0,0,0,0
Lu_4d32,272,6.24215994E+00,-1.002185E+00,-9.827581E-01,-1.201204E-09,1.520185E-11,0,0,0,0
Lu_4d32,273,6.40371829E+00,-1.001721E+00,-9.828137E-01,-6.499184E-10,8.242074E-12,0,0,0,0
Lu_4d32,274,6.56791896E+00,-1.001351E+00,-9.829440E-01,-3.481181E-10,4.490619E-12,0,0,0,0
Lu_4d32,275,6.73477513E+00,-1.001056E+00,-9.831324E-01,-1.845851E-10,2.189836E-12,0,0,0,0
Lu_4d52,0,1.40845070E-08,-1.178053E-02,8.875546E+06,2.967710E-20,-3.653179E-25,0,0,0,0
Lu_4d52,1,1.54458033E-08,-1.291915E-02,8.093335E+06,3.903980E-20,-5.279234E-25,0,0,0,0
Lu_4d52,2,1.69386420E-08,-1.416778E-02,7.380075E+06,5.140497E-20,-7.624398E-25,0,0,0,0
Lu_4d52,3,1.85757639E-08,-1.553710E-02,6.729675E+06,6.772717E-20,-1.101210E-24,0,0,0,0
Lu_4d52,4,2.03710783E-08,-1.703873E-02,6.136605E+06,8.926571E-20,-1.590929E-24,0,0,0,0
Lu_4d52,5,2.23399067E-08,-1.868550E-02,5.595802E+06,1.176819E-19,-2.299102E-24,0,0,0,0
Lu_4d52,6,2.44990189E-08,-2.049142E-02,5.102660E+06,1.551671E-19,-3.323316E-24,0,0,0,0
Lu_4d52,7,2.68667586E-08,-2.247184E-02,4.652986E+06,2.046115E-19,-4.804661E-24,0,0,0,0
Lu_4d52,8,2.94633317E-08,-2.464366E-02,4.242940E+06,2.698273E-19,-6.947230E-24,0,0,0,0
Lu_4d52,9,3.23108539E-08,-2.702537E-02,3.869030E+06,3.558420E-19,-1.004616E-23,0,0,0,0
Lu_4d52,10,3.54335170E-08,-2.963723E-02,3.528078E+06,4.692860E-19,-1.452822E-23,0,0,0,0
Lu_4d52,11,3.88579005E-08,-3.250144E-02,3.217179E+06,6.189042E-19,-2.101069E-23,0,0,0,0
Lu_4d52,12,4.26132991E-08,-3.564252E-02,2.933671E+06,8.162303E-19,-3.038664E-23,0,0,0,0
Lu_4d52,13,4.67314733E-08,-3.908704E-02,2.675157E+06,1.076472E-18,-4.394673E-23,0,0,0,0
Lu_4d52,14,5.12476303E-08,-4.286443E-02,2.439424E+06,1.419691E-18,-6.355881E-23,0,0,0,0
Lu_4d52,15,5.62002313E-08,-4.700687E-02,2.224464E+06,1.872339E-18,-9.192377E-23,0,0,0,0
Lu_4d52,16,6.16312403E-08,-5.154947E-02,2.028454E+06,2.469300E-18,-1.329463E-22,0,0,0,0
Lu_4d52,17,6.75872020E-08,-5.653114E-02,1.849713E+06,3.256589E-18,-1.922776E-22,0,0,0,0
Lu_4d52,18,7.41184821E-08,-6.199401E-02,1.686728E+06,4.294873E-18,-2.780840E-22,0,0,0,0
Lu_4d52,19,8.12809116E-08,-6.798480E-02,1.538105E+06,5.664174E-18,-4.021833E-22,0,0,0,0
Lu_4d52,20,8.91353265E-08,-7.455437E-02,1.402580E+06,7.470009E-18,-5.816601E-22,0,0,0,0
Lu_4d52,21,9.77487367E-08,-8.175877E-02,1.278998E+06,9.851545E-18,-8.412294E-22,0,0,0,0
Lu_4d52,22,1.07194113E-07,-8.965905E-02,1.166308E+06,1.299228E-17,-1.216617E-21,0,0,0,0
Lu_4d52,23,1.17552189E-07,-9.832272E-02,1.063548E+06,1.713424E-17,-1.759517E-21,0,0,0,0
Lu_4d52,24,1.28910932E-07,-1.078234E-01,9.698439E+05,2.259655E-17,-2.544661E-21,0,0,0,0
Lu_4d52,25,1.41366993E-07,-1.182418E-01,8.843975E+05,2.980009E-17,-3.680133E-21,0,0,0,0
Lu_4d52,26,1.55026355E-07,-1.296667E-01,8.064811E+05,3.929983E-17,-5.322234E-21,0,0,0,0
Lu_4d52,27,1.70005236E-07,-1.421953E-01,7.354308E+05,5.182766E-17,-7.697001E-21,0,0,0,0
Lu_4d52,28,1.86431075E-07,-1.559342E-01,6.706415E+05,6.834868E-17,-1.113131E-20,0,0,0,0
Lu_4d52,29,2.04443616E-07,-1.710001E-01,6.115614E+05,9.013558E-17,-1.609784E-20,0,0,0,0
Lu_4d52,30,2.24195708E-07,-1.875211E-01,5.576882E+05,1.188665E-16,-2.328002E-20,0,0,0,0
Lu_4d52,31,2.45856126E-07,-2.056382E-01,5.085611E+05,1.567546E-16,-3.366658E-20,0,0,0,0
Lu_4d52,32,2.69608304E-07,-2.255048E-01,4.637636E+05,2.067179E-16,-4.868649E-20,0,0,0,0
Lu_4d52,33,2.95654667E-07,-2.472904E-01,4.229133E+05,2.726045E-16,-7.040685E-20,0,0,0,0
Lu_4d52,34,3.24216193E-07,-2.711796E-01,3.856629E+05,3.594881E-16,-1.018159E-19,0,0,0,0
Lu_4d52,35,3.55536886E-07,-2.973766E-01,3.516939E+05,4.740601E-16,-1.472366E-19,0,0,0,0
Lu_4d52,36,3.89881261E-07,-3.261026E-01,3.207189E+05,6.251413E-16,-2.129153E-19,0,0,0,0
Lu_4d52,37,4.27542511E-07,-3.576028E-01,2.924728E+05,8.243651E-16,-3.078897E-19,0,0,0,0
Lu_4d52,38,4.68840899E-07,-3.921450E-01,2.667152E+05,1.087070E-15,-4.452255E-19,0,0,0,0
Lu_4d52,39,5.14125814E-07,-4.300215E-01,2.432277E+05,1.433478E-15,-6.438073E-19,0,0,0,0
Lu_4d52,40,5.63783777E-07,-4.715555E-01,2.218092E+05,1.890256E-15,-9.309554E-19,0,0,0,0
Lu_4d52,41,6.18235912E-07,-5.170992E-01,2.022780E+05,2.492562E-15,-1.346156E-18,0,0,0,0
Lu_4d52,42,6.77944859E-07,-5.670395E-01,1.844676E+05,3.286751E-15,-1.946507E-18,0,0,0,0
Lu_4d52,43,7.43417883E-07,-6.218005E-01,1.682263E+05,4.333940E-15,-2.814557E-18,0,0,0,0
Lu_4d52,44,8.15209759E-07,-6.818461E-01,1.534163E+05,5.714702E-15,-4.069634E-18,0,0,0,0
Lu_4d52,45,8.93933023E-07,-7.476885E-01,1.399107E+05,7.535285E-15,-5.884334E-18,0,0,0,0
Lu_4d52,46,9.80253329E-07,-8.198841E-01,1.275952E+05,9.935735E-15,-8.508043E-18,0,0,0,0
Lu_4d52,47,1.07490332E-06,-8.990456E-01,1.163648E+05,1.310070E-14,-1.230136E-17,0,0,0,0
Lu_4d52,48,1.17868778E-06,-9.858455E-01,1.061239E+05,1.727361E-14,-1.778564E-17,0,0,0,0
Lu_4d52,49,1.29248727E-06,-1.081020E+00,9.678516E+04,2.277537E-14,-2.571448E-17,0,0,0,0
Lu_4d52,50,1.41726642E-06,-1.185375E+00,8.826928E+04,3.002902E-14,-3.717717E-17,0,0,0,0
Lu_4d52,51,1.55408252E-06,-1.299794E+00,8.050382E+04,3.959222E-14,-5.374821E-17,0,0,0,0
Lu_4d52,52,1.70409879E-06,-1.425248E+00,7.342252E+04,5.220012E-14,-7.770401E-17,0,0,0,0
Lu_4d52,53,1.86858481E-06,-1.562798E+00,6.696524E+04,6.882170E-14,-1.123340E-16,0,0,0,0
Lu_4d52,54,2.04893518E-06,-1.713608E+00,6.107702E+04,9.073428E-14,-1.623931E-16,0,0,0,0
Lu_4d52,55,2.24667680E-06,-1.878953E+00,5.570778E+04,1.196214E-13,-2.347528E-16,0,0,0,0
Lu_4d52,56,2.46348896E-06,-2.060232E+00,5.081174E+04,1.577022E-13,-3.393462E-16,0,0,0,0
Lu_4d52,57,2.70120429E-06,-2.258975E+00,4.634735E+04,2.079013E-13,-4.905243E-16,0,0,0,0
Lu_4d52,58,2.96183615E-06,-2.476857E+00,4.227659E+04,2.740735E-13,-7.090277E-16,0,0,0,0
Lu_4d52,59,3.24759167E-06,-2.715716E+00,3.856484E+04,3.612989E-13,-1.024827E-15,0,0,0,0
Lu_4d52,60,3.56088877E-06,-2.977564E+00,3.518053E+04,4.762725E-13,-1.481226E-15,0,0,0,0
Lu_4d52,61,3.90437587E-06,-3.264600E+00,3.209488E+04,6.278168E-13,-2.140787E-15,0,0,0,0
Lu_4d52,62,4.28096072E-06,-3.579235E+00,2.928164E+04,8.275581E-13,-3.093904E-15,0,0,0,0
Lu_4d52,63,4.69382455E-06,-3.924105E+00,2.671690E+04,1.090816E-12,-4.471147E-15,0,0,0,0
Lu_4d52,64,5.14645651E-06,-4.302092E+00,2.437886E+04,1.437776E-12,-6.461127E-15,0,0,0,0
Lu_4d52,65,5.64267994E-06,-4.716348E+00,2.224764E+04,1.895033E-12,-9.336255E-15,0,0,0,0
Lu_4d52,66,6.18668621E-06,-5.170318E+00,2.030512E+04,2.497626E-12,-1.348995E-14,0,0,0,0
Lu_4d52,67,6.78306446E-06,-5.667761E+00,1.853481E+04,3.291716E-12,-1.949027E-14,0,0,0,0
Lu_4d52,68,7.43684772E-06,-6.212780E+00,1.692167E+04,4.338110E-12,-2.815740E-14,0,0,0,0
Lu_4d52,69,8.15354812E-06,-6.809847E+00,1.545200E+04,5.716904E-12,-4.067532E-14,0,0,0,0
Lu_4d52,70,8.93920529E-06,-7.463830E+00,1.411334E+04,7.533595E-12,-5.875279E-14,0,0,0,0
Lu_4d52,71,9.80043817E-06,-8.180023E+00,1.289434E+04,9.927119E-12,-8.485565E-14,0,0,0,0
Lu_4d52,72,1.07444991E-05,-8.964176E+00,1.178467E+04,1.308044E-11,-1.225412E-13,0,0,0,0
Lu_4d52,73,1.17793295E-05,-9.822511E+00,1.077495E+04,1.723449E-11,-1.769398E-13,0,0,0,0
Lu_4d52,74,1.29136348E-05,-1.076176E+01,9.856670E+03,2.270644E-11,-2.554488E-13,0,0,0,0
Lu_4d52,75,1.41569462E-05,-1.178916E+01,9.022100E+03,2.991386E-11,-3.687292E-13,0,0,0,0
Lu_4d52,76,1.55197075E-05,-1.291250E+01,8.264256E+03,3.940637E-11,-5.321398E-13,0,0,0,0
Lu_4d52,77,1.70133553E-05,-1.414009E+01,7.576839E+03,5.190729E-11,-7.677956E-13,0,0,0,0
Lu_4d52,78,1.86504207E-05,-1.548074E+01,6.954218E+03,6.836836E-11,-1.107521E-12,0,0,0,0
Lu_4d52,79,2.04446227E-05,-1.694375E+01,6.391260E+03,9.004169E-11,-1.597081E-12,0,0,0,0
Lu_4d52,80,2.24109875E-05,-1.853882E+01,5.883520E+03,1.185741E-10,-2.302229E-12,0,0,0,0
Lu_4d52,81,2.45659712E-05,-2.027593E+01,5.427284E+03,1.561311E-10,-3.317349E-12,0,0,0,0
Lu_4d52,82,2.69275913E-05,-2.216516E+01,5.018870E+03,2.055595E-10,-4.777755E-12,0,0,0,0
Lu_4d52,83,2.95155769E-05,-2.421648E+01,4.655748E+03,2.706003E-10,-6.877172E-12,0,0,0,0
Lu_4d52,84,3.23515278E-05,-2.643933E+01,4.335897E+03,3.561680E-10,-9.892470E-12,0,0,0,0
Lu_4d52,85,3.54590885E-05,-2.884216E+01,4.057607E+03,4.687164E-10,-1.421854E-11,0,0,0,0
Lu_4d52,86,3.88641460E-05,-3.143171E+01,3.820346E+03,6.167160E-10,-2.041722E-11,0,0,0,0
Lu_4d52,87,4.25950311E-05,-3.421206E+01,3.624447E+03,8.112797E-10,-2.928543E-11,0,0,0,0
Lu_4d52,88,4.66827539E-05,-3.718335E+01,3.471129E+03,1.066978E-09,-4.194939E-11,0,0,0,0
Lu_4d52,89,5.11612515E-05,-4.034008E+01,3.363171E+03,1.402901E-09,-5.999350E-11,0,0,0,0
Lu_4d52,90,5.60676589E-05,-4.366875E+01,3.305270E+03,1.844050E-09,-8.563422E-11,0,0,0,0
Lu_4d52,91,6.14426048E-05,-4.714482E+01,3.304220E+03,2.423135E-09,-1.219504E-10,0,0,0,0
Lu_4d52,92,6.73305476E-05,-5.072868E+01,3.369675E+03,3.182930E-09,-1.731809E-10,0,0,0,0
Lu_4d52,93,7.37801101E-05,-5.436047E+01,3.514640E+03,4.179326E-09,-2.450952E-10,0,0,0,0
Lu_4d52,94,8.08444839E-05,-5.795353E+01,3.754473E+03,5.485318E-09,-3.454299E-10,0,0,0,0
Lu_4d52,95,8.85818410E-05,-6.138718E+01,4.100158E+03,7.196212E-09,-4.843562E-10,0,0,0,0
Lu_4d52,96,9.70557919E-05,-6.450115E+01,4.524009E+03,9.436474E-09,-6.749006E-10,0,0,0,0
Lu_4d52,97,1.06335888E-04,-6.710130E+01,4.857000E+03,1.236865E-08,-9.331930E-10,0,0,0,0
Lu_4d52,98,1.16498167E-04,-6.900239E+01,4.750119E+03,1.620447E-08,-1.278491E-09,0,0,0,0
Lu_4d52,99,1.27625740E-04,-7.013925E+01,4.025015E+03,2.121997E-08,-1.733452E-09,0,0,0,0
Lu_4d52,100,1.39809443E-04,-7.066706E+01,3.032300E+03,2.777872E-08,-2.326057E-09,0,0,0,0
Lu_4d52,101,1.53148538E-04,-7.085775E+01,2.271314E+03,3.635743E-08,-3.093817E-09,0,0,0,0
Lu_4d52,102,1.67751469E-04,-7.091153E+01,1.846331E+03,4.757464E-08,-4.088455E-09,0,0,0,0
Lu_4d52,103,1.83736702E-04,-7.092048E+01,1.599612E+03,6.223700E-08,-5.379764E-09,0,0,0,0
Lu_4d52,104,2.01233621E-04,-7.091667E+01,1.417322E+03,8.139872E-08,-7.059853E-09,0,0,0,0
Lu_4d52,105,2.20383511E-04,-7.090932E+01,1.261348E+03,1.064353E-07,-9.249066E-09,0,0,0,0
Lu_4d52,106,2.41340621E-04,-7.090062E+01,1.121533E+03,1.391399E-07,-1.210413E-08,0,0,0,0
Lu_4d52,107,2.64273321E-04,-7.089098E+01,9.949151E+02,1.818494E-07,-1.582901E-08,0,0,0,0
Lu_4d52,108,2.89365355E-04,-7.088039E+01,8.801391E+02,2.376084E-07,-2.068915E-08,0,0,0,0
Lu_4d52,109,3.16817200E-04,-7.086877E+01,7.761826E+02,3.103812E-07,-2.702997E-08,0,0,0,0
Lu_4d52,110,3.46847541E-04,-7.085603E+01,6.821310E+02,4.053284E-07,-3.530087E-08,0,0,0,0
Lu_4d52,111,3.79694864E-04,-7.084207E+01,5.971467E+02,5.291636E-07,-4.608632E-08,0,0,0,0
Lu_4d52,112,4.15619192E-04,-7.082677E+01,5.204620E+02,6.906172E-07,-6.014614E-08,0,0,0,0
Lu_4d52,113,4.54903944E-04,-7.080999E+01,4.513737E+02,9.010353E-07,-7.846762E-08,0,0,0,0
Lu_4d52,114,4.97857967E-04,-7.079161E+01,3.892361E+02,1.175156E-06,-1.023328E-07,0,0,0,0
Lu_4d52,115,5.44817717E-04,-7.077148E+01,3.334560E+02,1.532111E-06,-1.334058E-07,0,0,0,0
Lu_4d52,116,5.96149619E-04,-7.074942E+01,2.834875E+02,1.996719E-06,-1.738447E-07,0,0,0,0
Lu_4d52,117,6.52252617E-04,-7.072526E+01,2.388273E+02,2.601159E-06,-2.264468E-07,0,0,0,0
Lu_4d52,118,7.13560914E-04,-7.069881E+01,1.990107E+02,3.387113E-06,-2.948348E-07,0,0,0,0
Lu_4d52,119,7.80546942E-04,-7.066985E+01,1.636079E+02,4.408543E-06,-3.836971E-07,0,0,0,0
Lu_4d52,120,8.53724541E-04,-7.063816E+01,1.322209E+02,5.735246E-06,-4.990962E-07,0,0,0,0
Lu_4d52,121,9.33652389E-04,-7.060348E+01,1.044807E+02,7.457425E-06,-6.488638E-07,0,0,0,0
Lu_4d52,122,1.02093769E-03,-7.056555E+01,8.004505E+01,9.691545E-06,-8.431086E-07,0,0,0,0
Lu_4d52,123,1.11624013E-03,-7.052407E+01,5.859603E+01,1.258784E-05,-1.094864E-06,0,0,0,0
Lu_4d52,124,1.22027613E-03,-7.047871E+01,3.983878E+01,1.633992E-05,-1.420919E-06,0,0,0,0
Lu_4d52,125,1.33382338E-03,-7.042915E+01,2.349988E+01,2.119697E-05,-1.842870E-06,0,0,0,0
Lu_4d52,126,1.45772573E-03,-7.037500E+01,9.326127E+00,2.747940E-05,-2.388473E-06,0,0,0,0
Lu_4d52,127,1.59289840E-03,-7.031586E+01,-2.916405E+00,3.559867E-05,-3.093346E-06,0,0,0,0
Lu_4d52,128,1.74033353E-03,-7.025132E+01,-1.344328E+01,4.608245E-05,-4.003138E-06,0,0,0,0
Lu_4d52,129,1.90110615E-03,-7.018089E+01,-2.245243E+01,5.960653E-05,-5.176269E-06,0,0,0,0
Lu_4d52,130,2.07638050E-03,-7.010410E+01,-3.012491E+01,7.703513E-05,-6.687384E-06,0,0,0,0
Lu_4d52,131,2.26741677E-03,-7.002042E+01,-3.662553E+01,9.947168E-05,-8.631709E-06,0,0,0,0
Lu_4d52,132,2.47557828E-03,-6.992927E+01,-4.210360E+01,1.283226E-04,-1.113050E-05,0,0,0,0
Lu_4d52,133,2.70233906E-03,-6.983007E+01,-4.669358E+01,1.653776E-04,-1.433789E-05,0,0,0,0
Lu_4d52,134,2.94929195E-03,-6.972219E+01,-5.051592E+01,2.129094E-04,-1.844938E-05,0,0,0,0
Lu_4d52,135,3.21815711E-03,-6.960495E+01,-5.367778E+01,2.737983E-04,-2.371245E-05,0,0,0,0
Lu_4d52,136,3.51079106E-03,-6.947767E+01,-5.627394E+01,3.516871E-04,-3.043965E-05,0,0,0,0
Lu_4d52,137,3.82919619E-03,-6.933960E+01,-5.838764E+01,4.511720E-04,-3.902475E-05,0,0,0,0
Lu_4d52,138,4.17553074E-03,-6.918999E+01,-6.009153E+01,5.780380E-04,-4.996257E-05,0,0,0,0
Lu_4d52,139,4.55211944E-03,-6.902805E+01,-6.144855E+01,7.395468E-04,-6.387323E-05,0,0,0,0
Lu_4d52,140,4.96146447E-03,-6.885296E+01,-6.251288E+01,9.447890E-04,-8.153151E-05,0,0,0,0
Lu_4d52,141,5.40625706E-03,-6.866388E+01,-6.333086E+01,1.205109E-03,-1.039025E-04,0,0,0,0
Lu_4d52,142,5.88938963E-03,-6.845996E+01,-6.394180E+01,1.534621E-03,-1.321842E-04,0,0,0,0
Lu_4d52,143,6.41396839E-03,-6.824032E+01,-6.437887E+01,1.950820E-03,-1.678583E-04,0,0,0,0
Lu_4d52,144,6.98332646E-03,-6.800407E+01,-6.466984E+01,2.475317E-03,-2.127508E-04,0,0,0,0
Lu_4d52,145,7.60103751E-03,-6.775030E+01,-6.483782E+01,3.134696E-03,-2.691020E-04,0,0,0,0
Lu_4d52,146,8.27092988E-03,-6.747811E+01,-6.490189E+01,3.961522E-03,-3.396489E-04,0,0,0,0
Lu_4d52,147,8.99710118E-03,-6.718657E+01,-6.487768E+01,4.995506E-03,-4.277193E-04,0,0,0,0
Lu_4d52,148,9.78393329E-03,-6.687474E+01,-6.477793E+01,6.284823E-03,-5.373386E-04,0,0,0,0
Lu_4d52,149,1.06361078E-02,-6.654167E+01,-6.461289E+01,7.887617E-03,-6.733491E-04,0,0,0,0
Lu_4d52,150,1.15586218E-02,-6.618641E+01,-6.439076E+01,9.873647E-03,-8.415412E-04,0,0,0,0
Lu_4d52,151,1.25568040E-02,-6.580796E+01,-6.411802E+01,1.232609E-02,-1.048794E-03,0,0,0,0
Lu_4d52,152,1.36363313E-02,-6.540535E+01,-6.379971E+01,1.534342E-02,-1.303224E-03,0,0,0,0
Lu_4d52,153,1.48032451E-02,-6.497756E+01,-6.343968E+01,1.904141E-02,-1.614332E-03,0,0,0,0
Lu_4d52,154,1.60639684E-02,-6.452362E+01,-6.304086E+01,2.355497E-02,-1.993147E-03,0,0,0,0
Lu_4d52,155,1.74253227E-02,-6.404254E+01,-6.260539E+01,2.903997E-02,-2.452356E-03,0,0,0,0
Lu_4d52,156,1.88945447E-02,-6.353341E+01,-6.213477E+01,3.567465E-02,-3.006401E-03,0,0,0,0
Lu_4d52,157,2.04793037E-02,-6.299539E+01,-6.163009E+01,4.366053E-02,-3.671540E-03,0,0,0,0
Lu_4d52,158,2.21877176E-02,-6.242773E+01,-6.109207E+01,5.322262E-02,-4.465838E-03,0,0,0,0
Lu_4d52,159,2.40283703E-02,-6.182981E+01,-6.052116E+01,6.460847E-02,-5.409084E-03,0,0,0,0
Lu_4d52,160,2.60103273E-02,-6.120111E+01,-5.991767E+01,7.808584E-02,-6.522591E-03,0,0,0,0
Lu_4d52,161,2.81431521E-02,-6.054115E+01,-5.928175E+01,9.393861E-02,-7.828863E-03,0,0,0,0
Lu_4d52,162,3.04369210E-02,-5.984944E+01,-5.861345E+01,1.124604E-01,-9.351098E-03,0,0,0,0
Lu_4d52,163,3.29022384E-02,-5.912547E+01,-5.791265E+01,1.339455E-01,-1.111249E-02,0,0,0,0
Lu_4d52,164,3.55502504E-02,-5.836870E+01,-5.717917E+01,1.586772E-01,-1.313532E-02,0,0,0,0
Lu_4d52,165,3.83926583E-02,-5.757864E+01,-5.641276E+01,1.869121E-01,-1.543982E-02,0,0,0,0
Lu_4d52,166,4.14417311E-02,-5.675496E+01,-5.561322E+01,2.188615E-01,-1.804278E-02,0,0,0,0
Lu_4d52,167,4.47103165E-02,-5.589759E+01,-5.478053E+01,2.546694E-01,-2.095601E-02,0,0,0,0
Lu_4d52,168,4.82118514E-02,-5.500674E+01,-5.391492E+01,2.943870E-01,-2.418454E-02,0,0,0,0
Lu_4d52,169,5.19603709E-02,-5.408297E+01,-5.301688E+01,3.379445E-01,-2.772483E-02,0,0,0,0
Lu_4d52,170,5.59705163E-02,-5.312708E+01,-5.208717E+01,3.851221E-01,-3.156276E-02,0,0,0,0
Lu_4d52,171,6.02575411E-02,-5.214002E+01,-5.112669E+01,4.355198E-01,-3.567189E-02,0,0,0,0
Lu_4d52,172,6.48373163E-02,-5.112282E+01,-5.013644E+01,4.885294E-01,-4.001175E-02,0,0,0,0
Lu_4d52,173,6.97263340E-02,-5.007654E+01,-4.911743E+01,5.433106E-01,-4.452650E-02,0,0,0,0
Lu_4d52,174,7.49417091E-02,-4.900230E+01,-4.807073E+01,5.987733E-01,-4.914413E-02,0,0,0,0
Lu_4d52,175,8.05011798E-02,-4.790126E+01,-4.699747E+01,6.535696E-01,-5.377636E-02,0,0,0,0
Lu_4d52,176,8.64231061E-02,-4.677502E+01,-4.589918E+01,7.060982E-01,-5.831940E-02,0,0,0,0
Lu_4d52,177,9.27264671E-02,-4.562538E+01,-4.477757E+01,7.545235E-01,-6.265576E-02,0,0,0,0
Lu_4d52,178,9.94308562E-02,-4.445469E+01,-4.363489E+01,7.968116E-01,-6.665722E-02,0,0,0,0
Lu_4d52,179,1.06556475E-01,-4.326541E+01,-4.247351E+01,8.307844E-01,-7.018876E-02,0,0,0,0
Lu_4d52,180,1.14124124E-01,-4.205996E+01,-4.129577E+01,8.541918E-01,-7.311350E-02,0,0,0,0
Lu_4d52,181,1.22155196E-01,-4.084052E+01,-4.010381E+01,8.648006E-01,-7.529828E-02,0,0,0,0
Lu_4d52,182,1.30671661E-01,-3.960930E+01,-3.889979E+01,8.604989E-01,-7.664333E-02,0,0,0,0
Lu_4d52,183,1.39696055E-01,-3.836869E+01,-3.768605E+01,8.394090E-01,-7.702371E-02,0,0,0,0
Lu_4d52,184,1.49251467E-01,-3.712155E+01,-3.646541E+01,8.000051E-01,-7.635624E-02,0,0,0,0
Lu_4d52,185,1.59361522E-01,-3.587132E+01,-3.524120E+01,7.412265E-01,-7.458688E-02,0,0,0,0
Lu_4d52,186,1.70050362E-01,-3.462150E+01,-3.401689E+01,6.625792E-01,-7.169543E-02,0,0,0,0
Lu_4d52,187,1.81342630E-01,-3.337542E+01,-3.279572E+01,5.642182E-01,-6.769872E-02,0,0,0,0
Lu_4d52,188,1.93263449E-01,-3.213569E+01,-3.158030E+01,4.470030E-01,-6.265181E-02,0,0,0,0
Lu_4d52,189,2.05838402E-01,-3.090408E+01,-3.037233E+01,3.125217E-01,-5.664735E-02,0,0,0,0
Lu_4d52,190,2.19093507E-01,-2.968140E+01,-2.917261E+01,1.630776E-01,-4.981306E-02,0,0,0,0
Lu_4d52,191,2.33055201E-01,-2.846816E+01,-2.798166E+01,1.636403E-03,-4.230759E-02,0,0,0,0
Lu_4d52,192,2.47750307E-01,-2.726489E+01,-2.679996E+01,-1.682670E-01,-3.431466E-02,0,0,0,0
Lu_4d52,193,2.63206019E-01,-2.607291E+01,-2.562885E+01,-3.426593E-01,-2.603570E-02,0,0,0,0
Lu_4d52,194,2.79449870E-01,-2.489435E+01,-2.447042E+01,-5.172903E-01,-1.768116E-02,0,0,0,0
Lu_4d52,195,2.96509710E-01,-2.373169E+01,-2.332713E+01,-6.878153E-01,-9.460980E-03,0,0,0,0
Lu_4d52,196,3.14413681E-01,-2.258696E+01,-2.220100E+01,-8.499860E-01,-1.575205E-03,0,0,0,0
Lu_4d52,197,3.33190188E-01,-2.146130E+01,-2.109320E+01,-9.998381E-01,5.794430E-03,0,0,0,0
Lu_4d52,198,3.52867877E-01,-2.035548E+01,-2.000453E+01,-1.133866E+00,1.249157E-02,0,0,0,0
Lu_4d52,199,3.73475605E-01,-1.927067E+01,-1.893617E+01,-1.249172E+00,1.839085E-02,0,0,0,0
Lu_4d52,200,3.95042416E-01,-1.820943E+01,-1.789069E+01,-1.343581E+00,2.340217E-02,0,0,0,0
Lu_4d52,201,4.17597515E-01,-1.717551E+01,-1.687185E+01,-1.415712E+00,2.747307E-02,0,0,0,0
Lu_4d52,202,4.41170244E-01,-1.617347E+01,-1.588422E+01,-1.464994E+00,3.058888E-02,0,0,0,0
Lu_4d52,203,4.65790054E-01,-1.520802E+01,-1.493253E+01,-1.491639E+00,3.277043E-02,0,0,0,0
Lu_4d52,204,4.91486481E-01,-1.428334E+01,-1.402097E+01,-1.496569E+00,3.406956E-02,0,0,0,0
Lu_4d52,205,5.18289124E-01,-1.340261E+01,-1.315275E+01,-1.481306E+00,3.456297E-02,0,0,0,0
Lu_4d52,206,5.46227617E-01,-1.256783E+01,-1.232987E+01,-1.447855E+00,3.434527E-02,0,0,0,0
Lu_4d52,207,5.75331612E-01,-1.177967E+01,-1.155305E+01,-1.398562E+00,3.352193E-02,0,0,0,0
Lu_4d52,208,6.05630751E-01,-1.103791E+01,-1.082206E+01,-1.335990E+00,3.220281E-02,0,0,0,0
Lu_4d52,209,6.37154647E-01,-1.034137E+01,-1.013575E+01,-1.262794E+00,3.049669E-02,0,0,0,0
Lu_4d52,210,6.69932864E-01,-9.688292E+00,-9.492398E+00,-1.181614E+00,2.850691E-02,0,0,0,0
Lu_4d52,211,7.03994894E-01,-9.076812E+00,-8.890143E+00,-1.094985E+00,2.632826E-02,0,0,0,0
Lu_4d52,212,7.39370141E-01,-8.504780E+00,-8.326863E+00,-1.005265E+00,2.404489E-02,0,0,0,0
Lu_4d52,213,7.76087899E-01,-7.970104E+00,-7.800486E+00,-9.145789E-01,2.172915E-02,0,0,0,0
Lu_4d52,214,8.14177341E-01,-7.470733E+00,-7.308980E+00,-8.247858E-01,1.944121E-02,0,0,0,0
Lu_4d52,215,8.53667493E-01,-7.004632E+00,-6.850333E+00,-7.374550E-01,1.722923E-02,0,0,0,0
Lu_4d52,216,8.94587226E-01,-6.569778E+00,-6.422541E+00,-6.538611E-01,1.513003E-02,0,0,0,0
Lu_4d52,217,9.36965239E-01,-6.164163E+00,-6.023616E+00,-5.749899E-01,1.317004E-02,0,0,0,0
Lu_4d52,218,9.80830042E-01,-5.785828E+00,-5.651619E+00,-5.015547E-01,1.136651E-02,0,0,0,0
Lu_4d52,219,1.02620995E+00,-5.432904E+00,-5.304700E+00,-4.340193E-01,9.728793E-03,0,0,0,0
Lu_4d52,220,1.07313306E+00,-5.103643E+00,-4.981127E+00,-3.726263E-01,8.259734E-03,0,0,0,0
Lu_4d52,221,1.12162725E+00,-4.796473E+00,-4.679348E+00,-3.174282E-01,6.956922E-03,0,0,0,0
Lu_4d52,222,1.17172015E+00,-4.509912E+00,-4.397896E+00,-2.683199E-01,5.813921E-03,0,0,0,0
Lu_4d52,223,1.22343919E+00,-4.242643E+00,-4.135470E+00,-2.250700E-01,4.821352E-03,0,0,0,0
Lu_4d52,224,1.27681148E+00,-3.993417E+00,-3.890836E+00,-1.873512E-01,3.967842E-03,0,0,0,0
Lu_4d52,225,1.33186393E+00,-3.761051E+00,-3.662824E+00,-1.547683E-01,3.240829E-03,0,0,0,0
Lu_4d52,226,1.38862315E+00,-3.544410E+00,-3.450314E+00,-1.268825E-01,2.627227E-03,0,0,0,0
Lu_4d52,227,1.44711548E+00,-3.342396E+00,-3.252220E+00,-1.032334E-01,2.113957E-03,0,0,0,0
Lu_4d52,228,1.50736699E+00,-3.153955E+00,-3.067500E+00,-8.335621E-02,1.688353E-03,0,0,0,0
Lu_4d52,229,1.56940344E+00,-2.978073E+00,-2.895151E+00,-6.679617E-02,1.338461E-03,0,0,0,0
Lu_4d52,230,1.63325033E+00,-2.813800E+00,-2.734234E+00,-5.311967E-02,1.053233E-03,0,0,0,0
Lu_4d52,231,1.69893283E+00,-2.660255E+00,-2.583878E+00,-4.192190E-02,8.226546E-04,0,0,0,0
Lu_4d52,232,1.76647584E+00,-2.516639E+00,-2.443293E+00,-3.283203E-02,6.377903E-04,0,0,0,0
Lu_4d52,233,1.83590395E+00,-2.382246E+00,-2.311782E+00,-2.551603E-02,4.907904E-04,0,0,0,0
Lu_4d52,234,1.90724144E+00,-2.256463E+00,-2.188742E+00,-1.967765E-02,3.748517E-04,0,0,0,0
Lu_4d52,235,1.98051228E+00,-2.138770E+00,-2.073658E+00,-1.505785E-02,2.841540E-04,0,0,0,0
Lu_4d52,236,2.05574015E+00,-2.028725E+00,-1.966097E+00,-1.143315E-02,2.137777E-04,0,0,0,0
Lu_4d52,237,2.13294840E+00,-1.925951E+00,-1.865688E+00,-8.613224E-03,1.596129E-04,0,0,0,0
Lu_4d52,238,2.21216008E+00,-1.830112E+00,-1.772103E+00,-6.437906E-03,1.182638E-04,0,0,0,0
Lu_4d52,239,2.29339794E+00,-1.740893E+00,-1.685031E+00,-4.774028E-03,8.695494E-05,0,0,0,0
Lu_4d52,240,2.37668441E+00,-1.657974E+00,-1.604160E+00,-3.512116E-03,6.344171E-05,0,0,0,0
Lu_4d52,241,2.46204160E+00,-1.581013E+00,-1.529153E+00,-2.563178E-03,4.592737E-05,0,0,0,0
Lu_4d52,242,2.54949133E+00,-1.510614E+00,-1.460618E+00,-1.855662E-03,3.298853E-05,0,0,0,0
Lu_4d52,243,2.63905511E+00,-1.447346E+00,-1.399129E+00,-1.332642E-03,2.350889E-05,0,0,0,0
Lu_4d52,244,2.73075413E+00,-1.390683E+00,-1.344164E+00,-9.493059E-04,1.662126E-05,0,0,0,0
Lu_4d52,245,2.82460929E+00,-1.340113E+00,-1.295216E+00,-6.707470E-04,1.165846E-05,0,0,0,0
Lu_4d52,246,2.92064119E+00,-1.295138E+00,-1.251791E+00,-4.700585E-04,8.112312E-06,0,0,0,0
Lu_4d52,247,3.01887011E+00,-1.255280E+00,-1.213416E+00,-3.267120E-04,5.599565E-06,0,0,0,0
Lu_4d52,248,3.11931605E+00,-1.220084E+00,-1.179637E+00,-2.252044E-04,3.833965E-06,0,0,0,0
Lu_4d52,249,3.22199870E+00,-1.189114E+00,-1.150023E+00,-1.539446E-04,2.603772E-06,0,0,0,0
Lu_4d52,250,3.32693748E+00,-1.161962E+00,-1.124169E+00,-1.043529E-04,1.753859E-06,0,0,0,0
Lu_4d52,251,3.43415149E+00,-1.138242E+00,-1.101692E+00,-7.014120E-05,1.171650E-06,0,0,0,0
Lu_4d52,252,3.54365956E+00,-1.117598E+00,-1.082237E+00,-4.674608E-05,7.762231E-07,0,0,0,0
Lu_4d52,253,3.65548024E+00,-1.099695E+00,-1.065474E+00,-3.088839E-05,5.099571E-07,0,0,0,0
Lu_4d52,254,3.76963178E+00,-1.084227E+00,-1.051099E+00,-2.023474E-05,3.322092E-07,0,0,0,0
Lu_4d52,255,3.88613217E+00,-1.070913E+00,-1.038832E+00,-1.314092E-05,2.145817E-07,0,0,0,0
Lu_4d52,256,4.00499912E+00,-1.059495E+00,-1.028419E+00,-8.459676E-06,1.374194E-07,0,0,0,0
Lu_4d52,257,4.12625005E+00,-1.049740E+00,-1.019628E+00,-5.398267E-06,8.724666E-08,0,0,0,0
Lu_4d52,258,4.24990215E+00,-1.041437E+00,-1.012250E+00,-3.414295E-06,5.491188E-08,0,0,0,0
Lu_4d52,259,4.37597231E+00,-1.034397E+00,-1.006098E+00,-2.140261E-06,3.425873E-08,0,0,0,0
Lu_4d52,260,4.50447717E+00,-1.028451E+00,-1.001005E+00,-1.329611E-06,2.118530E-08,0,0,0,0
Lu_4d52,261,4.63543312E+00,-1.023448E+00,-9.968211E-01,-8.185555E-07,1.298455E-08,0,0,0,0
Lu_4d52,262,4.76885630E+00,-1.019254E+00,-9.934149E-01,-4.993559E-07,7.887140E-09,0,0,0,0
Lu_4d52,263,4.90476257E+00,-1.015752E+00,-9.906704E-01,-3.018454E-07,4.747701E-09,0,0,0,0
Lu_4d52,264,5.04316759E+00,-1.012840E+00,-9.884863E-01,-1.807776E-07,2.831977E-09,0,0,0,0
Lu_4d52,265,5.18408673E+00,-1.010427E+00,-9.867740E-01,-1.072666E-07,1.673826E-09,0,0,0,0
Lu_4d52,266,5.32753516E+00,-1.008436E+00,-9.854572E-01,-6.305480E-08,9.802044E-10,0,0,0,0
Lu_4d52,267,5.47352778E+00,-1.006800E+00,-9.844696E-01,-3.671809E-08,5.686973E-10,0,0,0,0
Lu_4d52,268,5.62207929E+00,-1.005460E+00,-9.837547E-01,-2.117996E-08,3.268708E-10,0,0,0,0
Lu_4d52,269,5.77320413E+00,-1.004368E+00,-9.832640E-01,-1.210119E-08,1.861121E-10,0,0,0,0
Lu_4d52,270,5.92691655E+00,-1.003481E+00,-9.829565E-01,-6.848007E-09,1.049662E-10,0,0,0,0
Lu_4d52,271,6.08323056E+00,-1.002763E+00,-9.827976E-01,-3.838040E-09,5.863738E-11,0,0,0,0
Lu_4d52,272,6.24215994E+00,-1.002185E+00,-9.827581E-01,-2.130296E-09,3.244321E-11,0,0,0,0
Lu_4d52,273,6.40371829E+00,-1.001721E+00,-9.828137E-01,-1.170932E-09,1.777753E-11,0,0,0,0
Lu_4d52,274,6.56791896E+00,-1.001351E+00,-9.829440E-01,-6.373258E-10,9.646999E-12,0,0,0,0
Lu_4d52,275,6.73477513E+00,-1.001056E+00,-9.831324E-01,-3.434840E-10,5.183958E-12,0,0,0,0
Lu_4d52,276,6.90429975E+00,-1.000822E+00,-9.833652E-01,-1.832923E-10,2.793560E-12,0,0,0,0
Lu_4d52,277,7.07650558E+00,-1.000637E+00,-9.836311E-01,-9.683941E-11,1.369479E-12,0,0,0,0
Lu_4f52,0,1.40845070E-08,-1.178053E-02,8.875546E+06,7.906367E-27,6.062215E-22,0,0,0,0
Lu_4f52,1,1.54458033E-08,-1.291915E-02,8.093335E+06,1.134698E-26,7.993588E-22,0,0,0,0
Lu_4f52,2,1.69386420E-08,-1.416778E-02,7.380075E+06,1.634470E-26,1.054337E-21,0,0,0,0
Lu_4f52,3,1.85757639E-08,-1.553710E-02,6.729675E+06,2.358938E-26,1.390534E-21,0,0,0,0
Lu_4f52,4,2.03710783E-08,-1.703873E-02,6.136605E+06,3.407996E-26,1.833945E-21,0,0,0,0
Lu_4f52,5,2.23399067E-08,-1.868550E-02,5.595802E+06,4.926224E-26,2.418734E-21,0,0,0,0
Lu_4f52,6,2.44990189E-08,-2.049142E-02,5.102660E+06,7.122801E-26,3.190015E-21,0,0,0,0
Lu_4f52,7,2.68667586E-08,-2.247184E-02,4.652986E+06,1.030031E-25,4.207236E-21,0,0,0,0
Lu_4f52,8,2.94633317E-08,-2.464366E-02,4.242940E+06,1.489644E-25,5.548774E-21,0,0,0,0
Lu_4f52,9,3.23108539E-08,-2.702537E-02,3.869030E+06,2.154424E-25,7.318107E-21,0,0,0,0
Lu_4f52,10,3.54335170E-08,-2.963723E-02,3.528078E+06,3.115929E-25,9.651672E-21,0,0,0,0
Lu_4f52,11,3.88579005E-08,-3.250144E-02,3.217179E+06,4.506581E-25,1.272915E-20,0,0,0,0
Lu_4f52,12,4.26132991E-08,-3.564252E-02,2.933671E+06,6.517910E-25,1.678795E-20,0,0,0,0
Lu_4f52,13,4.67314733E-08,-3.908704E-02,2.675157E+06,9.426897E-25,2.214104E-20,0,0,0,0
Lu_4f52,14,5.12476303E-08,-4.286443E-02,2.439424E+06,1.363416E-24,2.920051E-20,0,0,0,0
Lu_4f52,15,5.62002313E-08,-4.700687E-02,2.224464E+06,1.971909E-24,3.851126E-20,0,0,0,0
Lu_4f52,16,6.16312403E-08,-5.154947E-02,2.028454E+06,2.851958E-24,5.079028E-20,0,0,0,0
Lu_4f52,17,6.75872020E-08,-5.653114E-02,1.849713E+06,4.124756E-24,6.698405E-20,0,0,0,0
Lu_4f52,18,7.41184821E-08,-6.199401E-02,1.686728E+06,5.965557E-24,8.834135E-20,0,0,0,0
Lu_4f52,19,8.12809116E-08,-6.798480E-02,1.538105E+06,8.627836E-24,1.165069E-19,0,0,0,0
Lu_4f52,20,8.91353265E-08,-7.455437E-02,1.402580E+06,1.247816E-23,1.536518E-19,0,0,0,0
Lu_4f52,21,9.77487367E-08,-8.175877E-02,1.278998E+06,1.804667E-23,2.026396E-19,0,0,0,0
Lu_4f52,22,1.07194113E-07,-8.965905E-02,1.166308E+06,2.610002E-23,2.672449E-19,0,0,0,0
Lu_4f52,23,1.17552189E-07,-9.832272E-02,1.063548E+06,3.774699E-23,3.524432E-19,0,0,0,0
Lu_4f52,24,1.28910932E-07,-1.078234E-01,9.698439E+05,5.459102E-23,4.648039E-19,0,0,0,0
Lu_4f52,25,1.41366993E-07,-1.182418E-01,8.843975E+05,7.895094E-23,6.129821E-19,0,0,0,0
Lu_4f52,26,1.55026355E-07,-1.296667E-01,8.064811E+05,1.141801E-22,8.083949E-19,0,0,0,0
Lu_4f52,27,1.70005236E-07,-1.421953E-01,7.354308E+05,1.651280E-22,1.066097E-18,0,0,0,0
Lu_4f52,28,1.86431075E-07,-1.559342E-01,6.706415E+05,2.388073E-22,1.405942E-18,0,0,0,0
Lu_4f52,29,2.04443616E-07,-1.710001E-01,6.115614E+05,3.453594E-22,1.854121E-18,0,0,0,0
Lu_4f52,30,2.24195708E-07,-1.875211E-01,5.576882E+05,4.994490E-22,2.445137E-18,0,0,0,0
Lu_4f52,31,2.45856126E-07,-2.056382E-01,5.085611E+05,7.222838E-22,3.224519E-18,0,0,0,0
Lu_4f52,32,2.69608304E-07,-2.255048E-01,4.637636E+05,1.044529E-21,4.252326E-18,0,0,0,0
Lu_4f52,33,2.95654667E-07,-2.472904E-01,4.229133E+05,1.510529E-21,5.607701E-18,0,0,0,0
Lu_4f52,34,3.24216193E-07,-2.711796E-01,3.856629E+05,2.184407E-21,7.394980E-18,0,0,0,0
Lu_4f52,35,3.55536886E-07,-2.973766E-01,3.516939E+05,3.158886E-21,9.751866E-18,0,0,0,0
Lu_4f52,36,3.89881261E-07,-3.261026E-01,3.207189E+05,4.568033E-21,1.285992E-17,0,0,0,0
Lu_4f52,37,4.27542511E-07,-3.576028E-01,2.924728E+05,6.605716E-21,1.695815E-17,0,0,0,0
Lu_4f52,38,4.68840899E-07,-3.921450E-01,2.667152E+05,9.552251E-21,2.236249E-17,0,0,0,0
Lu_4f52,39,5.14125814E-07,-4.300215E-01,2.432277E+05,1.381293E-20,2.948885E-17,0,0,0,0
Lu_4f52,40,5.63783777E-07,-4.715555E-01,2.218092E+05,1.997380E-20,3.888551E-17,0,0,0,0
Lu_4f52,41,6.18235912E-07,-5.170992E-01,2.022780E+05,2.888215E-20,5.127622E-17,0,0,0,0
Lu_4f52,42,6.77944859E-07,-5.670395E-01,1.844676E+05,4.176306E-20,6.761432E-17,0,0,0,0
Lu_4f52,43,7.43417883E-07,-6.218005E-01,1.682263E+05,6.038774E-20,8.915778E-17,0,0,0,0
Lu_4f52,44,8.15209759E-07,-6.818461E-01,1.534163E+05,8.731685E-20,1.175633E-16,0,0,0,0
Lu_4f52,45,8.93933023E-07,-7.476885E-01,1.399107E+05,1.262527E-19,1.550164E-16,0,0,0,0
Lu_4f52,46,9.80253329E-07,-8.198841E-01,1.275952E+05,1.825475E-19,2.044013E-16,0,0,0,0
Lu_4f52,47,1.07490332E-06,-8.990456E-01,1.163648E+05,2.639386E-19,2.695138E-16,0,0,0,0
Lu_4f52,48,1.17868778E-06,-9.858455E-01,1.061239E+05,3.816117E-19,3.553615E-16,0,0,0,0
Lu_4f52,49,1.29248727E-06,-1.081020E+00,9.678516E+04,5.517369E-19,4.685487E-16,0,0,0,0
Lu_4f52,50,1.41726642E-06,-1.185375E+00,8.826928E+04,7.976881E-19,6.177812E-16,0,0,0,0
Lu_4f52,51,1.55408252E-06,-1.299794E+00,8.050382E+04,1.153252E-18,8.145272E-16,0,0,0,0
Lu_4f52,52,1.70409879E-06,-1.425248E+00,7.342252E+04,1.667269E-18,1.073911E-15,0,0,0,0
Lu_4f52,53,1.86858481E-06,-1.562798E+00,6.696524E+04,2.410328E-18,1.415876E-15,0,0,0,0
Lu_4f52,54,2.04893518E-06,-1.713608E+00,6.107702E+04,3.484457E-18,1.866701E-15,0,0,0,0
Lu_4f52,55,2.24667680E-06,-1.878953E+00,5.570778E+04,5.037115E-18,2.461015E-15,0,0,0,0
Lu_4f52,56,2.46348896E-06,-2.060232E+00,5.081174E+04,7.281420E-18,3.244474E-15,0,0,0,0
Lu_4f52,57,2.70120429E-06,-2.258975E+00,4.634735E+04,1.052535E-17,4.277277E-15,0,0,0,0
Lu_4f52,58,2.96183615E-06,-2.476857E+00,4.227659E+04,1.521396E-17,5.638708E-15,0,0,0,0
Lu_4f52,59,3.24759167E-06,-2.715716E+00,3.856484E+04,2.199038E-17,7.433292E-15,0,0,0,0
Lu_4f52,60,3.56088877E-06,-2.977564E+00,3.518053E+04,3.178384E-17,9.798802E-15,0,0,0,0
Lu_4f52,61,3.90437587E-06,-3.264600E+00,3.209488E+04,4.593695E-17,1.291674E-14,0,0,0,0
Lu_4f52,62,4.28096072E-06,-3.579235E+00,2.928164E+04,6.638941E-17,1.702631E-14,0,0,0,0
Lu_4f52,63,4.69382455E-06,-3.924105E+00,2.671690E+04,9.594328E-17,2.244276E-14,0,0,0,0
Lu_4f52,64,5.14645651E-06,-4.302092E+00,2.437886E+04,1.386462E-16,2.958138E-14,0,0,0,0
Lu_4f52,65,5.64267994E-06,-4.716348E+00,2.224764E+04,2.003441E-16,3.898938E-14,0,0,0,0
Lu_4f52,66,6.18668621E-06,-5.170318E+00,2.030512E+04,2.894799E-16,5.138773E-14,0,0,0,0
Lu_4f52,67,6.78306446E-06,-5.667761E+00,1.853481E+04,4.182452E-16,6.772623E-14,0,0,0,0
Lu_4f52,68,7.43684772E-06,-6.212780E+00,1.692167E+04,6.042424E-16,8.925598E-14,0,0,0,0
Lu_4f52,69,8.15354812E-06,-6.809847E+00,1.545200E+04,8.728820E-16,1.176252E-13,0,0,0,0
Lu_4f52,70,8.93920529E-06,-7.463830E+00,1.411334E+04,1.260840E-15,1.550045E-13,0,0,0,0
Lu_4f52,71,9.80043817E-06,-8.180023E+00,1.289434E+04,1.821042E-15,2.042525E-13,0,0,0,0
Lu_4f52,72,1.07444991E-05,-8.964176E+00,1.178467E+04,2.629844E-15,2.691343E-13,0,0,0,0
Lu_4f52,73,1.17793295E-05,-9.822511E+00,1.077495E+04,3.797375E-15,3.546071E-13,0,0,0,0
Lu_4f52,74,1.29136348E-05,-1.076176E+01,9.856670E+03,5.482432E-15,4.671974E-13,0,0,0,0
Lu_4f52,75,1.41569462E-05,-1.178916E+01,9.022100E+03,7.913894E-15,6.154975E-13,0,0,0,0
Lu_4f52,76,1.55197075E-05,-1.291250E+01,8.264256E+03,1.142152E-14,8.108169E-13,0,0,0,0
Lu_4f52,77,1.70133553E-05,-1.414009E+01,7.576839E+03,1.648019E-14,1.068039E-12,0,0,0,0
Lu_4f52,78,1.86504207E-05,-1.548074E+01,6.954218E+03,2.377334E-14,1.406748E-12,0,0,0,0
Lu_4f52,79,2.04446227E-05,-1.694375E+01,6.391260E+03,3.428391E-14,1.852709E-12,0,0,0,0
Lu_4f52,80,2.24109875E-05,-1.853882E+01,5.883520E+03,4.942447E-14,2.439809E-12,0,0,0,0
Lu_4f52,81,2.45659712E-05,-2.027593E+01,5.427284E+03,7.122301E-14,3.212609E-12,0,0,0,0
Lu_4f52,82,2.69275913E-05,-2.216516E+01,5.018870E+03,1.025878E-13,4.229688E-12,0,0,0,0
Lu_4f52,83,2.95155769E-05,-2.421648E+01,4.655748E+03,1.476837E-13,5.568028E-12,0,0,0,0
Lu_4f52,84,3.23515278E-05,-2.643933E+01,4.335897E+03,2.124654E-13,7.328761E-12,0,0,0,0
Lu_4f52,85,3.54590885E-05,-2.884216E+01,4.057607E+03,3.054301E-13,9.644689E-12,0,0,0,0
Lu_4f52,86,3.88641460E-05,-3.143171E+01,3.820346E+03,4.386734E-13,1.269012E-11,0,0,0,0
Lu_4f52,87,4.25950311E-05,-3.421206E+01,3.624447E+03,6.293648E-13,1.669374E-11,0,0,0,0
Lu_4f52,88,4.66827539E-05,-3.718335E+01,3.471129E+03,9.017891E-13,2.195538E-11,0,0,0,0
Lu_4f52,89,5.11612515E-05,-4.034008E+01,3.363171E+03,1.290148E-12,2.886790E-11,0,0,0,0
Lu_4f52,90,5.60676589E-05,-4.366875E+01,3.305270E+03,1.842350E-12,3.794578E-11,0,0,0,0
Lu_4f52,91,6.14426048E-05,-4.714482E+01,3.304220E+03,2.625063E-12,4.986217E-11,0,0,0,0
Lu_4f52,92,6.73305476E-05,-5.072868E+01,3.369675E+03,3.730276E-12,6.549733E-11,0,0,0,0
Lu_4f52,93,7.37801101E-05,-5.436047E+01,3.514640E+03,5.283562E-12,8.600149E-11,0,0,0,0
Lu_4f52,94,8.08444839E-05,-5.795353E+01,3.754473E+03,7.453968E-12,1.128769E-10,0,0,0,0
Lu_4f52,95,8.85818410E-05,-6.138718E+01,4.100158E+03,1.046495E-11,1.480849E-10,0,0,0,0
Lu_4f52,96,9.70557919E-05,-6.450115E+01,4.524009E+03,1.460485E-11,1.941854E-10,0,0,0,0
Lu_4f52,97,1.06335888E-04,-6.710130E+01,4.857000E+03,2.023440E-11,2.545092E-10,0,0,0,0
Lu_4f52,98,1.16498167E-04,-6.900239E+01,4.750119E+03,2.778967E-11,3.334016E-10,0,0,0,0
Lu_4f52,99,1.27625740E-04,-7.013925E+01,4.025015E+03,3.779327E-11,4.366227E-10,0,0,0,0
Lu_4f52,100,1.39809443E-04,-7.066706E+01,3.032300E+03,5.090891E-11,5.717148E-10,0,0,0,0
Lu_4f52,101,1.53148538E-04,-7.085775E+01,2.271314E+03,6.803860E-11,7.483553E-10,0,0,0,0
Lu_4f52,102,1.67751469E-04,-7.091153E+01,1.846331E+03,9.042488E-11,9.792036E-10,0,0,0,0
Lu_4f52,103,1.83736702E-04,-7.092048E+01,1.599612E+03,1.197567E-10,1.280967E-09,0,0,0,0
Lu_4f52,104,2.01233621E-04,-7.091667E+01,1.417322E+03,1.582927E-10,1.675422E-09,0,0,0,0
Lu_4f52,105,2.20383511E-04,-7.090932E+01,1.261348E+03,2.090281E-10,2.190896E-09,0,0,0,0
Lu_4f52,106,2.41340621E-04,-7.090062E+01,1.121533E+03,2.759295E-10,2.864323E-09,0,0,0,0
Lu_4f52,107,2.64273321E-04,-7.089098E+01,9.949151E+02,3.642535E-10,3.743855E-09,0,0,0,0
Lu_4f52,108,2.89365355E-04,-7.088039E+01,8.801391E+02,4.809768E-10,4.892244E-09,0,0,0,0
Lu_4f52,109,3.16817200E-04,-7.086877E+01,7.761826E+02,6.353697E-10,6.391227E-09,0,0,0,0
Lu_4f52,110,3.46847541E-04,-7.085603E+01,6.821310E+02,8.397666E-10,8.347218E-09,0,0,0,0
Lu_4f52,111,3.79694864E-04,-7.084207E+01,5.971467E+02,1.110597E-09,1.089870E-08,0,0,0,0
Lu_4f52,112,4.15619192E-04,-7.082677E+01,5.204620E+02,1.469772E-09,1.422580E-08,0,0,0,0
Lu_4f52,113,4.54903944E-04,-7.080999E+01,4.513737E+02,1.946548E-09,1.856269E-08,0,0,0,0
Lu_4f52,114,4.97857967E-04,-7.079161E+01,3.892361E+02,2.580037E-09,2.421362E-08,0,0,0,0
Lu_4f52,115,5.44817717E-04,-7.077148E+01,3.334560E+02,3.422589E-09,3.157371E-08,0,0,0,0
Lu_4f52,116,5.96149619E-04,-7.074942E+01,2.834875E+02,4.544367E-09,4.115573E-08,0,0,0,0
Lu_4f52,117,6.52252617E-04,-7.072526E+01,2.388273E+02,6.039517E-09,5.362474E-08,0,0,0,0
Lu_4f52,118,7.13560914E-04,-7.069881E+01,1.990107E+02,8.034534E-09,6.984270E-08,0,0,0,0
Lu_4f52,119,7.80546942E-04,-7.066985E+01,1.636079E+02,1.069959E-08,9.092600E-08,0,0,0,0
Lu_4f52,120,8.53724541E-04,-7.063816E+01,1.322209E+02,1.426391E-08,1.183194E-07,0,0,0,0
Lu_4f52,121,9.33652389E-04,-7.060348E+01,1.044807E+02,1.903661E-08,1.538913E-07,0,0,0,0
Lu_4f52,122,1.02093769E-03,-7.056555E+01,8.004505E+01,2.543510E-08,2.000556E-07,0,0,0,0
Lu_4f52,123,1.11624013E-03,-7.052407E+01,5.859603E+01,3.402361E-08,2.599284E-07,0,0,0,0
Lu_4f52,124,1.22027613E-03,-7.047871E+01,3.983878E+01,4.556570E-08,3.375284E-07,0,0,0,0
Lu_4f52,125,1.33382338E-03,-7.042915E+01,2.349988E+01,6.109575E-08,4.380329E-07,0,0,0,0
Lu_4f52,126,1.45772573E-03,-7.037500E+01,9.326127E+00,8.201632E-08,5.681050E-07,0,0,0,0
Lu_4f52,127,1.59289840E-03,-7.031586E+01,-2.916405E+00,1.102309E-07,7.363102E-07,0,0,0,0
Lu_4f52,128,1.74033353E-03,-7.025132E+01,-1.344328E+01,1.483246E-07,9.536457E-07,0,0,0,0
Lu_4f52,129,1.90110615E-03,-7.018089E+01,-2.245243E+01,1.998111E-07,1.234214E-06,0,0,0,0
Lu_4f52,130,2.07638050E-03,-7.010410E+01,-3.012491E+01,2.694679E-07,1.596073E-06,0,0,0,0
Lu_4f52,131,2.26741677E-03,-7.002042E+01,-3.662553E+01,3.637942E-07,2.062316E-06,0,0,0,0
Lu_4f52,132,2.47557828E-03,-6.992927E+01,-4.210360E+01,4.916341E-07,2.662425E-06,0,0,0,0
Lu_4f52,133,2.70233906E-03,-6.983007E+01,-4.669358E+01,6.650231E-07,3.433983E-06,0,0,0,0
Lu_4f52,134,2.94929195E-03,-6.972219E+01,-5.051592E+01,9.003405E-07,4.424812E-06,0,0,0,0
Lu_4f52,135,3.21815711E-03,-6.960495E+01,-5.367778E+01,1.219873E-06,5.695658E-06,0,0,0,0
Lu_4f52,136,3.51079106E-03,-6.947767E+01,-5.627394E+01,1.653935E-06,7.323525E-06,0,0,0,0
Lu_4f52,137,3.82919619E-03,-6.933960E+01,-5.838764E+01,2.243737E-06,9.405831E-06,0,0,0,0
Lu_4f52,138,4.17553074E-03,-6.918999E+01,-6.009153E+01,3.045269E-06,1.206555E-05,0,0,0,0
Lu_4f52,139,4.55211944E-03,-6.902805E+01,-6.144855E+01,4.134527E-06,1.545753E-05,0,0,0,0
Lu_4f52,140,4.96146447E-03,-6.885296E+01,-6.251288E+01,5.614558E-06,1.977633E-05,0,0,0,0
Lu_4f52,141,5.40625706E-03,-6.866388E+01,-6.333086E+01,7.624915E-06,2.526569E-05,0,0,0,0
Lu_4f52,142,5.88938963E-03,-6.845996E+01,-6.394180E+01,1.035431E-05,3.223011E-05,0,0,0,0
Lu_4f52,143,6.41396839E-03,-6.824032E+01,-6.437887E+01,1.405751E-05,4.104892E-05,0,0,0,0
Lu_4f52,144,6.98332646E-03,-6.800407E+01,-6.466984E+01,1.907782E-05,5.219309E-05,0,0,0,0
Lu_4f52,145,7.60103751E-03,-6.775030E+01,-6.483782E+01,2.587689E-05,6.624540E-05,0,0,0,0
Lu_4f52,146,8.27092988E-03,-6.747811E+01,-6.490189E+01,3.507411E-05,8.392436E-05,0,0,0,0
Lu_4f52,147,8.99710118E-03,-6.718657E+01,-6.487768E+01,4.749835E-05,1.061124E-04,0,0,0,0
Lu_4f52,148,9.78393329E-03,-6.687474E+01,-6.477793E+01,6.425580E-05,1.338888E-04,0,0,0,0
Lu_4f52,149,1.06361078E-02,-6.654167E+01,-6.461289E+01,8.681831E-05,1.685678E-04,0,0,0,0
Lu_4f52,150,1.15586218E-02,-6.618641E+01,-6.439076E+01,1.171379E-04,2.117419E-04,0,0,0,0
Lu_4f52,151,1.25568040E-02,-6.580796E+01,-6.411802E+01,1.577944E-04,2.653316E-04,0,0,0,0
Lu_4f52,152,1.36363313E-02,-6.540535E+01,-6.379971E+01,2.121844E-04,3.316396E-04,0,0,0,0
Lu_4f52,153,1.48032451E-02,-6.497756E+01,-6.343968E+01,2.847618E-04,4.134118E-04,0,0,0,0
Lu_4f52,154,1.60639684E-02,-6.452362E+01,-6.304086E+01,3.813418E-04,5.139010E-04,0,0,0,0
Lu_4f52,155,1.74253227E-02,-6.404254E+01,-6.260539E+01,5.094816E-04,6.369356E-04,0,0,0,0
Lu_4f52,156,1.88945447E-02,-6.353341E+01,-6.213477E+01,6.789540E-04,7.869879E-04,0,0,0,0
Lu_4f52,157,2.04793037E-02,-6.299539E+01,-6.163009E+01,9.023308E-04,9.692417E-04,0,0,0,0
Lu_4f52,158,2.21877176E-02,-6.242773E+01,-6.109207E+01,1.195694E-03,1.189654E-03,0,0,0,0
Lu_4f52,159,2.40283703E-02,-6.182981E+01,-6.052116E+01,1.579492E-03,1.455006E-03,0,0,0,0
Lu_4f52,160,2.60103273E-02,-6.120111E+01,-5.991767E+01,2.079565E-03,1.772938E-03,0,0,0,0
Lu_4f52,161,2.81431521E-02,-6.054115E+01,-5.928175E+01,2.728343E-03,2.151962E-03,0,0,0,0
Lu_4f52,162,3.04369210E-02,-5.984944E+01,-5.861345E+01,3.566239E-03,2.601439E-03,0,0,0,0
Lu_4f52,163,3.29022384E-02,-5.912547E+01,-5.791265E+01,4.643232E-03,3.131519E-03,0,0,0,0
Lu_4f52,164,3.55502504E-02,-5.836870E+01,-5.717917E+01,6.020631E-03,3.753028E-03,0,0,0,0
Lu_4f52,165,3.83926583E-02,-5.757864E+01,-5.641276E+01,7.773004E-03,4.477301E-03,0,0,0,0
Lu_4f52,166,4.14417311E-02,-5.675496E+01,-5.561322E+01,9.990218E-03,5.315938E-03,0,0,0,0
Lu_4f52,167,4.47103165E-02,-5.589759E+01,-5.478053E+01,1.277952E-02,6.280492E-03,0,0,0,0
Lu_4f52,168,4.82118514E-02,-5.500674E+01,-5.391492E+01,1.626760E-02,7.382075E-03,0,0,0,0
Lu_4f52,169,5.19603709E-02,-5.408297E+01,-5.301688E+01,2.060240E-02,8.630879E-03,0,0,0,0
Lu_4f52,170,5.59705163E-02,-5.312708E+01,-5.208717E+01,2.595465E-02,1.003562E-02,0,0,0,0
Lu_4f52,171,6.02575411E-02,-5.214002E+01,-5.112669E+01,3.251885E-02,1.160294E-02,0,0,0,0
Lu_4f52,172,6.48373163E-02,-5.112282E+01,-5.013644E+01,4.051336E-02,1.333669E-02,0,0,0,0
Lu_4f52,173,6.97263340E-02,-5.007654E+01,-4.911743E+01,5.017964E-02,1.523731E-02,0,0,0,0
Lu_4f52,174,7.49417091E-02,-4.900230E+01,-4.807073E+01,6.178000E-02,1.730107E-02,0,0,0,0
Lu_4f52,175,8.05011798E-02,-4.790126E+01,-4.699747E+01,7.559394E-02,1.951954E-02,0,0,0,0
Lu_4f52,176,8.64231061E-02,-4.677502E+01,-4.589918E+01,9.191268E-02,2.187900E-02,0,0,0,0
Lu_4f52,177,9.27264671E-02,-4.562538E+01,-4.477757E+01,1.110317E-01,2.436008E-02,0,0,0,0
Lu_4f52,178,9.94308562E-02,-4.445469E+01,-4.363489E+01,1.332415E-01,2.693754E-02,0,0,0,0
Lu_4f52,179,1.06556475E-01,-4.326541E+01,-4.247351E+01,1.588158E-01,2.958033E-02,0,0,0,0
Lu_4f52,180,1.14124124E-01,-4.205996E+01,-4.129577E+01,1.879988E-01,3.225183E-02,0,0,0,0
Lu_4f52,181,1.22155196E-01,-4.084052E+01,-4.010381E+01,2.209899E-01,3.491051E-02,0,0,0,0
Lu_4f52,182,1.30671661E-01,-3.960930E+01,-3.889979E+01,2.579285E-01,3.751084E-02,0,0,0,0
Lu_4f52,183,1.39696055E-01,-3.836869E+01,-3.768605E+01,2.988782E-01,4.000451E-02,0,0,0,0
Lu_4f52,184,1.49251467E-01,-3.712155E+01,-3.646541E+01,3.438113E-01,4.234183E-02,0,0,0,0
Lu_4f52,185,1.59361522E-01,-3.587132E+01,-3.524120E+01,3.925957E-01,4.447330E-02,0,0,0,0
Lu_4f52,186,1.70050362E-01,-3.462150E+01,-3.401689E+01,4.449827E-01,4.635121E-02,0,0,0,0
Lu_4f52,187,1.81342630E-01,-3.337542E+01,-3.279572E+01,5.005997E-01,4.793139E-02,0,0,0,0
Lu_4f52,188,1.93263449E-01,-3.213569E+01,-3.158030E+01,5.589451E-01,4.917485E-02,0,0,0,0
Lu_4f52,189,2.05838402E-01,-3.090408E+01,-3.037233E+01,6.193903E-01,5.004957E-02,0,0,0,0
Lu_4f52,190,2.19093507E-01,-2.968140E+01,-2.917261E+01,6.811870E-01,5.053213E-02,0,0,0,0
Lu_4f52,191,2.33055201E-01,-2.846816E+01,-2.798166E+01,7.434821E-01,5.060912E-02,0,0,0,0
Lu_4f52,192,2.47750307E-01,-2.726489E+01,-2.679996E+01,8.053393E-01,5.027802E-02,0,0,0,0
Lu_4f52,193,2.63206019E-01,-2.607291E+01,-2.562885E+01,8.657678E-01,4.954751E-02,0,0,0,0
Lu_4f52,194,2.79449870E-01,-2.489435E+01,-2.447042E+01,9.237541E-01,4.843694E-02,0,0,0,0
Lu_4f52,195,2.96509710E-01,-2.373169E+01,-2.332713E+01,9.782971E-01,4.697532E-02,0,0,0,0
Lu_4f52,196,3.14413681E-01,-2.258696E+01,-2.220100E+01,1.028443E+00,4.519998E-02,0,0,0,0
Lu_4f52,197,3.33190188E-01,-2.146130E+01,-2.109320E+01,1.073319E+00,4.315533E-02,0,0,0,0
Lu_4f52,198,3.52867877E-01,-2.035548E+01,-2.000453E+01,1.112169E+00,4.089128E-02,0,0,0,0
Lu_4f52,199,3.73475605E-01,-1.927067E+01,-1.893617E+01,1.144385E+00,3.846146E-02,0,0,0,0
Lu_4f52,200,3.95042416E-01,-1.820943E+01,-1.789069E+01,1.169530E+00,3.592061E-02,0,0,0,0
Lu_4f52,201,4.17597515E-01,-1.717551E+01,-1.687185E+01,1.187353E+00,3.332192E-02,0,0,0,0
Lu_4f52,202,4.41170244E-01,-1.617347E+01,-1.588422E+01,1.197792E+00,3.071468E-02,0,0,0,0
Lu_4f52,203,4.65790054E-01,-1.520802E+01,-1.493253E+01,1.200961E+00,2.814219E-02,0,0,0,0
Lu_4f52,204,4.91486481E-01,-1.428334E+01,-1.402097E+01,1.197133E+00,2.564070E-02,0,0,0,0
Lu_4f52,205,5.18289124E-01,-1.340261E+01,-1.315275E+01,1.186709E+00,2.323893E-02,0,0,0,0
Lu_4f52,206,5.46227617E-01,-1.256783E+01,-1.232987E+01,1.170194E+00,2.095836E-02,0,0,0,0
Lu_4f52,207,5.75331612E-01,-1.177967E+01,-1.155305E+01,1.148164E+00,1.881389E-02,0,0,0,0
Lu_4f52,208,6.05630751E-01,-1.103791E+01,-1.082206E+01,1.121239E+00,1.681473E-02,0,0,0,0
Lu_4f52,209,6.37154647E-01,-1.034137E+01,-1.013575E+01,1.090064E+00,1.496532E-02,0,0,0,0
Lu_4f52,210,6.69932864E-01,-9.688292E+00,-9.492398E+00,1.055286E+00,1.326632E-02,0,0,0,0
Lu_4f52,211,7.03994894E-01,-9.076812E+00,-8.890143E+00,1.017538E+00,1.171537E-02,0,0,0,0
Lu_4f52,212,7.39370141E-01,-8.504780E+00,-8.326863E+00,9.774334E-01,1.030778E-02,0,0,0,0
Lu_4f52,213,7.76087899E-01,-7.970104E+00,-7.800486E+00,9.355473E-01,9.037144E-03,0,0,0,0
Lu_4f52,214,8.14177341E-01,-7.470733E+00,-7.308980E+00,8.924166E-01,7.895806E-03,0,0,0,0
Lu_4f52,215,8.53667493E-01,-7.004632E+00,-6.850333E+00,8.485326E-01,6.875311E-03,0,0,0,0
Lu_4f52,216,8.94587226E-01,-6.569778E+00,-6.422541E+00,8.043379E-01,5.966757E-03,0,0,0,0
Lu_4f52,217,9.36965239E-01,-6.164163E+00,-6.023616E+00,7.602258E-01,5.161105E-03,0,0,0,0
Lu_4f52,218,9.80830042E-01,-5.785828E+00,-5.651619E+00,7.165409E-01,4.449412E-03,0,0,0,0
Lu_4f52,219,1.02620995E+00,-5.432904E+00,-5.304700E+00,6.735799E-01,3.823006E-03,0,0,0,0
Lu_4f52,220,1.07313306E+00,-5.103643E+00,-4.981127E+00,6.315947E-01,3.273601E-03,0,0,0,0
Lu_4f52,221,1.12162725E+00,-4.796473E+00,-4.679348E+00,5.907947E-01,2.793372E-03,0,0,0,0
Lu_4f52,222,1.17172015E+00,-4.509912E+00,-4.397896E+00,5.513503E-01,2.375000E-03,0,0,0,0
Lu_4f52,223,1.22343919E+00,-4.242643E+00,-4.135470E+00,5.133955E-01,2.011693E-03,0,0,0,0
Lu_4f52,224,1.27681148E+00,-3.993417E+00,-3.890836E+00,4.770320E-01,1.697198E-03,0,0,0,0
Lu_4f52,225,1.33186393E+00,-3.761051E+00,-3.662824E+00,4.423318E-01,1.425803E-03,0,0,0,0
Lu_4f52,226,1.38862315E+00,-3.544410E+00,-3.450314E+00,4.093408E-01,1.192324E-03,0,0,0,0
Lu_4f52,227,1.44711548E+00,-3.342396E+00,-3.252220E+00,3.780825E-01,9.920866E-04,0,0,0,0
Lu_4f52,228,1.50736699E+00,-3.153955E+00,-3.067500E+00,3.485601E-01,8.209064E-04,0,0,0,0
Lu_4f52,229,1.56940344E+00,-2.978073E+00,-2.895151E+00,3.207608E-01,6.750531E-04,0,0,0,0
Lu_4f52,230,1.63325033E+00,-2.813800E+00,-2.734234E+00,2.946577E-01,5.512184E-04,0,0,0,0
Lu_4f52,231,1.69893283E+00,-2.660255E+00,-2.583878E+00,2.702125E-01,4.464782E-04,0,0,0,0
Lu_4f52,232,1.76647584E+00,-2.516639E+00,-2.443293E+00,2.473782E-01,3.582557E-04,0,0,0,0
Lu_4f52,233,1.83590395E+00,-2.382246E+00,-2.311782E+00,2.261004E-01,2.842849E-04,0,0,0,0
Lu_4f52,234,1.90724144E+00,-2.256463E+00,-2.188742E+00,2.063196E-01,2.225767E-04,0,0,0,0
Lu_4f52,235,1.98051228E+00,-2.138770E+00,-2.073658E+00,1.879721E-01,1.713871E-04,0,0,0,0
Lu_4f52,236,2.05574015E+00,-2.028725E+00,-1.966097E+00,1.709917E-01,1.291895E-04,0,0,0,0
Lu_4f52,237,2.13294840E+00,-1.925951E+00,-1.865688E+00,1.553102E-01,9.465026E-05,0,0,0,0
Lu_4f52,238,2.21216008E+00,-1.830112E+00,-1.772103E+00,1.408585E-01,6.660688E-05,0,0,0,0
Lu_4f52,239,2.29339794E+00,-1.740893E+00,-1.685031E+00,1.275676E-01,4.404957E-05,0,0,0,0
Lu_4f52,240,2.37668441E+00,-1.657974E+00,-1.604160E+00,1.153686E-01,2.610502E-05,0,0,0,0
Lu_4f52,241,2.46204160E+00,-1.581013E+00,-1.529153E+00,1.041939E-01,1.202216E-05,0,0,0,0
Lu_4f52,242,2.54949133E+00,-1.510614E+00,-1.460618E+00,9.397724E-02,1.146185E-06,0,0,0,0
Lu_4f52,243,2.63905511E+00,-1.447346E+00,-1.399129E+00,8.465398E-02,-7.103587E-06,0,0,0,0
Lu_4f52,244,2.73075413E+00,-1.390683E+00,-1.344164E+00,7.616081E-02,-1.322598E-05,0,0,0,0
Lu_4f52,245,2.82460929E+00,-1.340113E+00,-1.295216E+00,6.843649E-02,-1.763510E-05,0,0,0,0
Lu_4f52,246,2.92064119E+00,-1.295138E+00,-1.251791E+00,6.142218E-02,-2.067360E-05,0,0,0,0
Lu_4f52,247,3.01887011E+00,-1.255280E+00,-1.213416E+00,5.506183E-02,-2.262399E-05,0,0,0,0
Lu_4f52,248,3.11931605E+00,-1.220084E+00,-1.179637E+00,4.930239E-02,-2.371812E-05,0,0,0,0
Lu_4f52,249,3.22199870E+00,-1.189114E+00,-1.150023E+00,4.409389E-02,-2.414548E-05,0,0,0,0
Lu_4f52,250,3.32693748E+00,-1.161962E+00,-1.124169E+00,3.938953E-02,-2.406032E-05,0,0,0,0
Lu_4f52,251,3.43415149E+00,-1.138242E+00,-1.101692E+00,3.514567E-02,-2.358762E-05,0,0,0,0
Lu_4f52,252,3.54365956E+00,-1.117598E+00,-1.082237E+00,3.132174E-02,-2.282821E-05,0,0,0,0
Lu_4f52,253,3.65548024E+00,-1.099695E+00,-1.065474E+00,2.788017E-02,-2.186306E-05,0,0,0,0
Lu_4f52,254,3.76963178E+00,-1.084227E+00,-1.051099E+00,2.478629E-02,-2.075681E-05,0,0,0,0
Lu_4f52,255,3.88613217E+00,-1.070913E+00,-1.038832E+00,2.200814E-02,-1.956079E-05,0,0,0,0
Lu_4f52,256,4.00499912E+00,-1.059495E+00,-1.028419E+00,1.951636E-02,-1.831543E-05,0,0,0,0
Lu_4f52,257,4.12625005E+00,-1.049740E+00,-1.019628E+00,1.728402E-02,-1.705234E-05,0,0,0,0
Lu_4f52,258,4.24990215E+00,-1.041437E+00,-1.012250E+00,1.528645E-02,-1.579592E-05,0,0,0,0
Lu_4f52,259,4.37597231E+00,-1.034397E+00,-1.006098E+00,1.350112E-02,-1.456477E-05,0,0,0,0
Lu_4f52,260,4.50447717E+00,-1.028451E+00,-1.001005E+00,1.190743E-02,-1.337277E-05,0,0,0,0
Lu_4f52,261,4.63543312E+00,-1.023448E+00,-9.968211E-01,1.048661E-02,-1.223002E-05,0,0,0,0
Lu_4f52,262,4.76885630E+00,-1.019254E+00,-9.934149E-01,9.221565E-03,-1.114359E-05,0,0,0,0
Lu_4f52,263,4.90476257E+00,-1.015752E+00,-9.906704E-01,8.096718E-03,-1.011808E-05,0,0,0,0
Lu_4f52,264,5.04316759E+00,-1.012840E+00,-9.884863E-01,7.097921E-03,-9.156177E-06,0,0,0,0
Lu_4f52,265,5.18408673E+00,-1.010427E+00,-9.867740E-01,6.212319E-03,-8.258994E-06,0,0,0,0
Lu_4f52,266,5.32753516E+00,-1.008436E+00,-9.854572E-01,5.428245E-03,-7.426452E-06,0,0,0,0
Lu_4f52,267,5.47352778E+00,-1.006800E+00,-9.844696E-01,4.735120E-03,-6.657519E-06,0,0,0,0
Lu_4f52,268,5.62207929E+00,-1.005460E+00,-9.837547E-01,4.123359E-03,-5.950438E-06,0,0,0,0
Lu_4f52,269,5.77320413E+00,-1.004368E+00,-9.832640E-01,3.584289E-03,-5.302910E-06,0,0,0,0
Lu_4f52,270,5.92691655E+00,-1.003481E+00,-9.829565E-01,3.110068E-03,-4.712234E-06,0,0,0,0
Lu_4f52,271,6.08323056E+00,-1.002763E+00,-9.827976E-01,2.693613E-03,-4.175434E-06,0,0,0,0
Lu_4f52,272,6.24215994E+00,-1.002185E+00,-9.827581E-01,2.328536E-03,-3.689354E-06,0,0,0,0
Lu_4f52,273,6.40371829E+00,-1.001721E+00,-9.828137E-01,2.009081E-03,-3.250739E-06,0,0,0,0
Lu_4f52,274,6.56791896E+00,-1.001351E+00,-9.829440E-01,1.730067E-03,-2.856302E-06,0,0,0,0
Lu_4f52,275,6.73477513E+00,-1.001056E+00,-9.831324E-01,1.486841E-03,-2.502776E-06,0,0,0,0
Lu_4f52,276,6.90429975E+00,-1.000822E+00,-9.833652E-01,1.275227E-03,-2.186953E-06,0,0,0,0
Lu_4f52,277,7.07650558E+00,-1.000637E+00,-9.836311E-01,1.091484E-03,-1.905721E-06,0,0,0,0
Lu_4f52,278,7.25140519E+00,-1.000492E+00,-9.839210E-01,9.322675E-04,-1.656089E-06,0,0,0,0
Lu_4f52,279,7.42901095E+00,-1.000379E+00,-9.842277E-01,7.945903E-04,-1.435203E-06,0,0,0,0
Lu_4f52,280,7.60933504E+00,-1.000290E+00,-9.845452E-01,6.757909E-04,-1.240362E-06,0,0,0,0
Lu_4f52,281,7.79238945E+00,-1.000221E+00,-9.848689E-01,5.735022E-04,-1.069029E-06,0,0,0,0
Lu_4f52,282,7.97818600E+00,-1.000168E+00,-9.851951E-01,4.856228E-04,-9.188295E-07,0,0,0,0
Lu_4f52,283,8.16673632E+00,-1.000127E+00,-9.855210E-01,4.102913E-04,-7.875611E-07,0,0,0,0
Lu_4f52,284,8.35805186E+00,-1.000096E+00,-9.858445E-01,3.458622E-04,-6.731872E-07,0,0,0,0
Lu_4f52,285,8.55214390E+00,-1.000072E+00,-9.861639E-01,2.908841E-04,-5.738365E-07,0,0,0,0
Lu_4f52,286,8.74902356E+00,-1.000054E+00,-9.864779E-01,2.440800E-04,-4.877971E-07,0,0,0,0
Lu_4f52,287,8.94870178E+00,-1.000040E+00,-9.867857E-01,2.043285E-04,-4.135109E-07,0,0,0,0
Lu_4f52,288,9.15118934E+00,-1.000030E+00,-9.870867E-01,1.706475E-04,-3.495659E-07,0,0,0,0
Lu_4f52,289,9.35649685E+00,-1.000022E+00,-9.873805E-01,1.421790E-04,-2.946886E-07,0,0,0,0
Lu_4f52,290,9.56463477E+00,-1.000016E+00,-9.876668E-01,1.181749E-04,-2.477348E-07,0,0,0,0
Lu_4f52,291,9.77561341E+00,-1.000012E+00,-9.879455E-01,9.798518E-05,-2.076815E-07,0,0,0,0
Lu_4f52,292,9.98944291E+00,-1.000009E+00,-9.882166E-01,8.104599E-05,-1.736173E-07,0,0,0,0
Lu_4f52,293,1.02061333E+01,-1.000006E+00,-9.884801E-01,6.686978E-05,-1.447338E-07,0,0,0,0
Lu_4f52,294,1.04256943E+01,-1.000005E+00,-9.887362E-01,5.503600E-05,-1.203167E-07,0,0,0,0
Lu_4f52,295,1.06481358E+01,-1.000003E+00,-9.889850E-01,4.518290E-05,-9.973734E-08,0,0,0,0
Lu_4f52,296,1.08734673E+01,-1.000002E+00,-9.892266E-01,3.700016E-05,-8.244479E-08,0,0,0,0
Lu_4f52,297,1.11016982E+01,-1.000002E+00,-9.894613E-01,3.022229E-05,-6.795778E-08,0,0,0,0
Lu_4f52,298,1.13328377E+01,-1.000001E+00,-9.896892E-01,2.462284E-05,-5.585768E-08,0,0,0,0
Lu_4f52,299,1.15668951E+01,-1.000001E+00,-9.899106E-01,2.000912E-05,-4.578166E-08,0,0,0,0
Lu_4f52,300,1.18038794E+01,-1.000001E+00,-9.901256E-01,1.621774E-05,-3.741643E-08,0,0,0,0
Lu_4f52,301,1.20437994E+01,-1.000000E+00,-9.903344E-01,1.311045E-05,-3.049245E-08,0,0,0,0
Lu_4f52,302,1.22866639E+01,-1.000000E+00,-9.905374E-01,1.057070E-05,-2.477872E-08,0,0,0,0
Lu_4f52,303,1.25324816E+01,-1.000000E+00,-9.907345E-01,8.500443E-06,-2.007793E-08,0,0,0,0
Lu_4f52,304,1.27812609E+01,-1.000000E+00,-9.909261E-01,6.817496E-06,-1.622221E-08,0,0,0,0
Lu_4f52,305,1.30330103E+01,-1.000000E+00,-9.911124E-01,5.453151E-06,-1.306920E-08,0,0,0,0
Lu_4f52,306,1.32877380E+01,-1.000000E+00,-9.912935E-01,4.350142E-06,-1.049865E-08,0,0,0,0
Lu_4f52,307,1.35454521E+01,-1.000000E+00,-9.914695E-01,3.460881E-06,-8.409313E-09,0,0,0,0
Lu_4f52,308,1.38061608E+01,-1.000000E+00,-9.916408E-01,2.745944E-06,-6.716259E-09,0,0,0,0
Lu_4f52,309,1.40698719E+01,-1.000000E+00,-9.918073E-01,2.172765E-06,-5.348496E-09,0,0,0,0
Lu_4f52,310,1.43365932E+01,-1.000000E+00,-9.919694E-01,1.714527E-06,-4.246884E-09,0,0,0,0
Lu_4f52,311,1.46063325E+01,-1.000000E+00,-9.921271E-01,1.349216E-06,-3.362336E-09,0,0,0,0
Lu_4f52,312,1.48790974E+01,-1.000000E+00,-9.922805E-01,1.058812E-06,-2.654245E-09,0,0,0,0
Lu_4f52,313,1.51548954E+01,-1.000000E+00,-9.924299E-01,8.286125E-07,-2.089141E-09,0,0,0,0
Lu_4f52,314,1.54337338E+01,-1.000000E+00,-9.925754E-01,6.466578E-07,-1.639528E-09,0,0,0,0
Lu_4f52,315,1.57156199E+01,-1.000000E+00,-9.927170E-01,5.032493E-07,-1.282896E-09,0,0,0,0
Lu_4f52,316,1.60005610E+01,-1.000000E+00,-9.928550E-01,3.905466E-07,-1.000883E-09,0,0,0,0
Lu_4f52,317,1.62885642E+01,-1.000000E+00,-9.929894E-01,3.022311E-07,-7.785594E-10,0,0,0,0
Lu_4f52,318,1.65796363E+01,-1.000000E+00,-9.931203E-01,2.332262E-07,-6.038298E-10,0,0,0,0
Lu_4f52,319,1.68737845E+01,-1.000000E+00,-9.932479E-01,1.794666E-07,-4.669273E-10,0,0,0,0
Lu_4f52,320,1.71710153E+01,-1.000000E+00,-9.933723E-01,1.377061E-07,-3.599925E-10,0,0,0,0
Lu_4f52,321,1.74713357E+01,-1.000000E+00,-9.934935E-01,1.053617E-07,-2.767227E-10,0,0,0,0
Lu_4f52,322,1.77747521E+01,-1.000000E+00,-9.936117E-01,8.038359E-08,-2.120807E-10,0,0,0,0
Lu_4f52,323,1.80812712E+01,-1.000000E+00,-9.937270E-01,6.115104E-08,-1.620540E-10,0,0,0,0
Lu_4f52,324,1.83908995E+01,-1.000000E+00,-9.938394E-01,4.638613E-08,-1.234579E-10,0,0,0,0
Lu_4f52,325,1.87036432E+01,-1.000000E+00,-9.939491E-01,3.508460E-08,-9.377260E-11,0,0,0,0
Lu_4f52,326,1.90195087E+01,-1.000000E+00,-9.940561E-01,2.645973E-08,-7.101154E-11,0,0,0,0
Lu_4f52,327,1.93385022E+01,-1.000000E+00,-9.941605E-01,1.989717E-08,-5.361367E-11,0,0,0,0
Lu_4f52,328,1.96606297E+01,-1.000000E+00,-9.942624E-01,1.491869E-08,-4.035652E-11,0,0,0,0
Lu_4f52,329,1.99858975E+01,-1.000000E+00,-9.943618E-01,1.115321E-08,-3.028596E-11,0,0,0,0
Lu_4f52,330,2.03143114E+01,-1.000000E+00,-9.944589E-01,8.313731E-09,-2.265981E-11,0,0,0,0
Lu_4f52,331,2.06458773E+01,-1.000000E+00,-9.945538E-01,6.178962E-09,-1.690271E-11,0,0,0,0
Lu_4f52,332,2.09806010E+01,-1.000000E+00,-9.946463E-01,4.578840E-09,-1.257013E-11,0,0,0,0
Lu_4f52,333,2.13184884E+01,-1.000000E+00,-9.947368E-01,3.383082E-09,-9.319751E-12,0,0,0,0
Lu_4f52,334,2.16595450E+01,-1.000000E+00,-9.948251E-01,2.492205E-09,-6.888872E-12,0,0,0,0
Lu_4f52,335,2.20037764E+01,-1.000000E+00,-9.949114E-01,1.830485E-09,-5.076555E-12,0,0,0,0
Lu_4f52,336,2.23511883E+01,-1.000000E+00,-9.949958E-01,1.340469E-09,-3.729627E-12,0,0,0,0
Lu_4f52,337,2.27017860E+01,-1.000000E+00,-9.950782E-01,9.787070E-10,-2.731713E-12,0,0,0,0
Lu_4f52,338,2.30555749E+01,-1.000000E+00,-9.951587E-01,7.124449E-10,-1.994694E-12,0,0,0,0
Lu_4f52,339,2.34125605E+01,-1.000000E+00,-9.952375E-01,5.170704E-10,-1.452069E-12,0,0,0,0
Lu_4f52,340,2.37727479E+01,-1.000000E+00,-9.953145E-01,3.741495E-10,-1.053819E-12,0,0,0,0
Lu_4f52,341,2.41361423E+01,-1.000000E+00,-9.953898E-01,2.699201E-10,-7.624484E-13,0,0,0,0
Lu_4f52,342,2.45027488E+01,-1.000000E+00,-9.954634E-01,1.941409E-10,-5.505066E-13,0,0,0,0
Lu_4f52,343,2.48725726E+01,-1.000000E+00,-9.955355E-01,1.392158E-10,-3.941976E-13,0,0,0,0
Lu_4f72,0,1.40845070E-08,-1.178053E-02,8.875546E+06,3.046588E-28,-2.929811E-33,0,0,0,0
Lu_4f72,1,1.54458033E-08,-1.291915E-02,8.093335E+06,4.372370E-28,-4.635241E-33,0,0,0,0
Lu_4f72,2,1.69386420E-08,-1.416778E-02,7.380075E+06,6.298160E-28,-7.318915E-33,0,0,0,0
Lu_4f72,3,1.85757639E-08,-1.553710E-02,6.729675E+06,9.089777E-28,-1.156590E-32,0,0,0,0
Lu_4f72,4,2.03710783E-08,-1.703873E-02,6.136605E+06,1.313215E-27,-1.829927E-32,0,0,0,0
Lu_4f72,5,2.23399067E-08,-1.868550E-02,5.595802E+06,1.898240E-27,-2.898044E-32,0,0,0,0
Lu_4f72,6,2.44990189E-08,-2.049142E-02,5.102660E+06,2.744655E-27,-4.592537E-32,0,0,0,0
Lu_4f72,7,2.68667586E-08,-2.247184E-02,4.652986E+06,3.969057E-27,-7.280584E-32,0,0,0,0
Lu_4f72,8,2.94633317E-08,-2.464366E-02,4.242940E+06,5.740102E-27,-1.154460E-31,0,0,0,0
Lu_4f72,9,3.23108539E-08,-2.702537E-02,3.869030E+06,8.301726E-27,-1.830825E-31,0,0,0,0
Lu_4f72,10,3.54335170E-08,-2.963723E-02,3.528078E+06,1.200673E-26,-2.903634E-31,0,0,0,0
Lu_4f72,11,3.88579005E-08,-3.250144E-02,3.217179E+06,1.736539E-26,-4.605226E-31,0,0,0,0
Lu_4f72,12,4.26132991E-08,-3.564252E-02,2.933671E+06,2.511573E-26,-7.304198E-31,0,0,0,0
Lu_4f72,13,4.67314733E-08,-3.908704E-02,2.675157E+06,3.632505E-26,-1.158488E-30,0,0,0,0
Lu_4f72,14,5.12476303E-08,-4.286443E-02,2.439424E+06,5.253709E-26,-1.837441E-30,0,0,0,0
Lu_4f72,15,5.62002313E-08,-4.700687E-02,2.224464E+06,7.598442E-26,-2.914314E-30,0,0,0,0
Lu_4f72,16,6.16312403E-08,-5.154947E-02,2.028454E+06,1.098958E-25,-4.622244E-30,0,0,0,0
Lu_4f72,17,6.75872020E-08,-5.653114E-02,1.849713E+06,1.589411E-25,-7.331172E-30,0,0,0,0
Lu_4f72,18,7.41184821E-08,-6.199401E-02,1.686728E+06,2.298735E-25,-1.162750E-29,0,0,0,0
Lu_4f72,19,8.12809116E-08,-6.798480E-02,1.538105E+06,3.324604E-25,-1.844166E-29,0,0,0,0
Lu_4f72,20,8.91353265E-08,-7.455437E-02,1.402580E+06,4.808267E-25,-2.924891E-29,0,0,0,0
Lu_4f72,21,9.77487367E-08,-8.175877E-02,1.278998E+06,6.954009E-25,-4.638942E-29,0,0,0,0
Lu_4f72,22,1.07194113E-07,-8.965905E-02,1.166308E+06,1.005725E-24,-7.357340E-29,0,0,0,0
Lu_4f72,23,1.17552189E-07,-9.832272E-02,1.063548E+06,1.454524E-24,-1.166872E-28,0,0,0,0
Lu_4f72,24,1.28910932E-07,-1.078234E-01,9.698439E+05,2.103583E-24,-1.850637E-28,0,0,0,0
Lu_4f72,25,1.41366993E-07,-1.182418E-01,8.843975E+05,3.042257E-24,-2.935049E-28,0,0,0,0
Lu_4f72,26,1.55026355E-07,-1.296667E-01,8.064811E+05,4.399762E-24,-4.654854E-28,0,0,0,0
Lu_4f72,27,1.70005236E-07,-1.421953E-01,7.354308E+05,6.362963E-24,-7.382322E-28,0,0,0,0
Lu_4f72,28,1.86431075E-07,-1.559342E-01,6.706415E+05,9.202091E-24,-1.170782E-27,0,0,0,0
Lu_4f72,29,2.04443616E-07,-1.710001E-01,6.115614E+05,1.330792E-23,-1.856758E-27,0,0,0,0
Lu_4f72,30,2.24195708E-07,-1.875211E-01,5.576882E+05,1.924555E-23,-2.944609E-27,0,0,0,0
Lu_4f72,31,2.45856126E-07,-2.056382E-01,5.085611E+05,2.783218E-23,-4.669815E-27,0,0,0,0
Lu_4f72,32,2.69608304E-07,-2.255048E-01,4.637636E+05,4.024945E-23,-7.405662E-27,0,0,0,0
Lu_4f72,33,2.95654667E-07,-2.472904E-01,4.229133E+05,5.820615E-23,-1.174423E-26,0,0,0,0
Lu_4f72,34,3.24216193E-07,-2.711796E-01,3.856629E+05,8.417312E-23,-1.862421E-26,0,0,0,0
Lu_4f72,35,3.55536886E-07,-2.973766E-01,3.516939E+05,1.217234E-22,-2.953456E-26,0,0,0,0
Lu_4f72,36,3.89881261E-07,-3.261026E-01,3.207189E+05,1.760231E-22,-4.683513E-26,0,0,0,0
Lu_4f72,37,4.27542511E-07,-3.576028E-01,2.924728E+05,2.545427E-22,-7.426936E-26,0,0,0,0
Lu_4f72,38,4.68840899E-07,-3.921450E-01,2.667152E+05,3.680839E-22,-1.177723E-25,0,0,0,0
Lu_4f72,39,5.14125814E-07,-4.300215E-01,2.432277E+05,5.322642E-22,-1.867521E-25,0,0,0,0
Lu_4f72,40,5.63783777E-07,-4.715555E-01,2.218092E+05,7.696664E-22,-2.961312E-25,0,0,0,0
Lu_4f72,41,6.18235912E-07,-5.170992E-01,2.022780E+05,1.112941E-21,-4.695642E-25,0,0,0,0
Lu_4f72,42,6.77944859E-07,-5.670395E-01,1.844676E+05,1.609294E-21,-7.445571E-25,0,0,0,0
Lu_4f72,43,7.43417883E-07,-6.218005E-01,1.682263E+05,2.326979E-21,-1.180574E-24,0,0,0,0
Lu_4f72,44,8.15209759E-07,-6.818461E-01,1.534163E+05,3.364672E-21,-1.871878E-24,0,0,0,0
Lu_4f72,45,8.93933023E-07,-7.476885E-01,1.399107E+05,4.865041E-21,-2.967958E-24,0,0,0,0
Lu_4f72,46,9.80253329E-07,-8.198841E-01,1.275952E+05,7.034331E-21,-4.705716E-24,0,0,0,0
Lu_4f72,47,1.07490332E-06,-8.990456E-01,1.163648E+05,1.017071E-20,-7.460754E-24,0,0,0,0
Lu_4f72,48,1.17868778E-06,-9.858455E-01,1.061239E+05,1.470523E-20,-1.182854E-23,0,0,0,0
Lu_4f72,49,1.29248727E-06,-1.081020E+00,9.678516E+04,2.126103E-20,-1.875294E-23,0,0,0,0
Lu_4f72,50,1.41726642E-06,-1.185375E+00,8.826928E+04,3.073886E-20,-2.973005E-23,0,0,0,0
Lu_4f72,51,1.55408252E-06,-1.299794E+00,8.050382E+04,4.444081E-20,-4.713120E-23,0,0,0,0
Lu_4f72,52,1.70409879E-06,-1.425248E+00,7.342252E+04,6.424907E-20,-7.471558E-23,0,0,0,0
Lu_4f72,53,1.86858481E-06,-1.562798E+00,6.696524E+04,9.288413E-20,-1.184403E-22,0,0,0,0
Lu_4f72,54,2.04893518E-06,-1.713608E+00,6.107702E+04,1.342782E-19,-1.877472E-22,0,0,0,0
Lu_4f72,55,2.24667680E-06,-1.878953E+00,5.570778E+04,1.941147E-19,-2.975990E-22,0,0,0,0
Lu_4f72,56,2.46348896E-06,-2.060232E+00,5.081174E+04,2.806080E-19,-4.717112E-22,0,0,0,0
Lu_4f72,57,2.70120429E-06,-2.258975E+00,4.634735E+04,4.056292E-19,-7.476576E-22,0,0,0,0
Lu_4f72,58,2.96183615E-06,-2.476857E+00,4.227659E+04,5.863347E-19,-1.184981E-21,0,0,0,0
Lu_4f72,59,3.24759167E-06,-2.715716E+00,3.856484E+04,8.475174E-19,-1.878024E-21,0,0,0,0
Lu_4f72,60,3.56088877E-06,-2.977564E+00,3.518053E+04,1.225004E-18,-2.976261E-21,0,0,0,0
Lu_4f72,61,3.90437587E-06,-3.264600E+00,3.209488E+04,1.770564E-18,-4.716484E-21,0,0,0,0
Lu_4f72,62,4.28096072E-06,-3.579235E+00,2.928164E+04,2.558999E-18,-7.473832E-21,0,0,0,0
Lu_4f72,63,4.69382455E-06,-3.924105E+00,2.671690E+04,3.698385E-18,-1.184248E-20,0,0,0,0
Lu_4f72,64,5.14645651E-06,-4.302092E+00,2.437886E+04,5.344869E-18,-1.876355E-20,0,0,0,0
Lu_4f72,65,5.64267994E-06,-4.716348E+00,2.224764E+04,7.724027E-18,-2.972748E-20,0,0,0,0
Lu_4f72,66,6.18668621E-06,-5.170318E+00,2.030512E+04,1.116173E-17,-4.709443E-20,0,0,0,0
Lu_4f72,67,6.78306446E-06,-5.667761E+00,1.853481E+04,1.612868E-17,-7.460119E-20,0,0,0,0
Lu_4f72,68,7.43684772E-06,-6.212780E+00,1.692167E+04,2.330478E-17,-1.181637E-19,0,0,0,0
Lu_4f72,69,8.15354812E-06,-6.809847E+00,1.545200E+04,3.367197E-17,-1.871459E-19,0,0,0,0
Lu_4f72,70,8.93920529E-06,-7.463830E+00,1.411334E+04,4.864837E-17,-2.963670E-19,0,0,0,0
Lu_4f72,71,9.80043817E-06,-8.180023E+00,1.289434E+04,7.028178E-17,-4.692753E-19,0,0,0,0
Lu_4f72,72,1.07444991E-05,-8.964176E+00,1.178467E+04,1.015291E-16,-7.429646E-19,0,0,0,0
Lu_4f72,73,1.17793295E-05,-9.822511E+00,1.077495E+04,1.466592E-16,-1.176098E-18,0,0,0,0
Lu_4f72,74,1.29136348E-05,-1.076176E+01,9.856670E+03,2.118352E-16,-1.861428E-18,0,0,0,0
Lu_4f72,75,1.41569462E-05,-1.178916E+01,9.022100E+03,3.059526E-16,-2.945549E-18,0,0,0,0
Lu_4f72,76,1.55197075E-05,-1.291250E+01,8.264256E+03,4.418505E-16,-4.660067E-18,0,0,0,0
Lu_4f72,77,1.70133553E-05,-1.414009E+01,7.576839E+03,6.380565E-16,-7.370729E-18,0,0,0,0
Lu_4f72,78,1.86504207E-05,-1.548074E+01,6.954218E+03,9.213035E-16,-1.165482E-17,0,0,0,0
Lu_4f72,79,2.04446227E-05,-1.694375E+01,6.391260E+03,1.330157E-15,-1.842289E-17,0,0,0,0
Lu_4f72,80,2.24109875E-05,-1.853882E+01,5.883520E+03,1.920241E-15,-2.911020E-17,0,0,0,0
Lu_4f72,81,2.45659712E-05,-2.027593E+01,5.427284E+03,2.771773E-15,-4.597701E-17,0,0,0,0
Lu_4f72,82,2.69275913E-05,-2.216516E+01,5.018870E+03,4.000403E-15,-7.257923E-17,0,0,0,0
Lu_4f72,83,2.95155769E-05,-2.421648E+01,4.655748E+03,5.772832E-15,-1.145042E-16,0,0,0,0
Lu_4f72,84,3.23515278E-05,-2.643933E+01,4.335897E+03,8.329278E-15,-1.805186E-16,0,0,0,0
Lu_4f72,85,3.54590885E-05,-2.884216E+01,4.057607E+03,1.201579E-14,-2.843534E-16,0,0,0,0
Lu_4f72,86,3.88641460E-05,-3.143171E+01,3.820346E+03,1.733072E-14,-4.474700E-16,0,0,0,0
Lu_4f72,87,4.25950311E-05,-3.421206E+01,3.624447E+03,2.499146E-14,-7.033271E-16,0,0,0,0
Lu_4f72,88,4.66827539E-05,-3.718335E+01,3.471129E+03,3.603032E-14,-1.103927E-15,0,0,0,0
Lu_4f72,89,5.11612515E-05,-4.034008E+01,3.363171E+03,5.193209E-14,-1.729791E-15,0,0,0,0
Lu_4f72,90,5.60676589E-05,-4.366875E+01,3.305270E+03,7.483133E-14,-2.705019E-15,0,0,0,0
Lu_4f72,91,6.14426048E-05,-4.714482E+01,3.304220E+03,1.077951E-13,-4.219783E-15,0,0,0,0
Lu_4f72,92,6.73305476E-05,-5.072868E+01,3.369675E+03,1.552281E-13,-6.563424E-15,0,0,0,0
Lu_4f72,93,7.37801101E-05,-5.436047E+01,3.514640E+03,2.234524E-13,-1.017216E-14,0,0,0,0
Lu_4f72,94,8.08444839E-05,-5.795353E+01,3.754473E+03,3.215380E-13,-1.569605E-14,0,0,0,0
Lu_4f72,95,8.85818410E-05,-6.138718E+01,4.100158E+03,4.624919E-13,-2.408932E-14,0,0,0,0
Lu_4f72,96,9.70557919E-05,-6.450115E+01,4.524009E+03,6.649645E-13,-3.672567E-14,0,0,0,0
Lu_4f72,97,1.06335888E-04,-6.710130E+01,4.857000E+03,9.556901E-13,-5.553531E-14,0,0,0,0
Lu_4f72,98,1.16498167E-04,-6.900239E+01,4.750119E+03,1.372937E-12,-8.316131E-14,0,0,0,0
Lu_4f72,99,1.27625740E-04,-7.013925E+01,4.025015E+03,1.971479E-12,-1.231759E-13,0,0,0,0
Lu_4f72,100,1.39809443E-04,-7.066706E+01,3.032300E+03,2.830063E-12,-1.805081E-13,0,0,0,0
Lu_4f72,101,1.53148538E-04,-7.085775E+01,2.271314E+03,4.061716E-12,-2.622434E-13,0,0,0,0
Lu_4f72,102,1.67751469E-04,-7.091153E+01,1.846331E+03,5.827928E-12,-3.787512E-13,0,0,0,0
Lu_4f72,103,1.83736702E-04,-7.092048E+01,1.599612E+03,8.359812E-12,-5.450891E-13,0,0,0,0
Lu_4f72,104,2.01233621E-04,-7.091667E+01,1.417322E+03,1.198834E-11,-7.829114E-13,0,0,0,0
Lu_4f72,105,2.20383511E-04,-7.090932E+01,1.261348E+03,1.718710E-11,-1.123218E-12,0,0,0,0
Lu_4f72,106,2.41340621E-04,-7.090062E+01,1.121533E+03,2.463336E-11,-1.610317E-12,0,0,0,0
Lu_4f72,107,2.64273321E-04,-7.089098E+01,9.949151E+02,3.529530E-11,-2.307512E-12,0,0,0,0
Lu_4f72,108,2.89365355E-04,-7.088039E+01,8.801391E+02,5.055638E-11,-3.305219E-12,0,0,0,0
Lu_4f72,109,3.16817200E-04,-7.086877E+01,7.761826E+02,7.239260E-11,-4.732538E-12,0,0,0,0
Lu_4f72,110,3.46847541E-04,-7.085603E+01,6.821310E+02,1.036250E-10,-6.773730E-12,0,0,0,0
Lu_4f72,111,3.79694864E-04,-7.084207E+01,5.971467E+02,1.482789E-10,-9.691660E-12,0,0,0,0
Lu_4f72,112,4.15619192E-04,-7.082677E+01,5.204620E+02,2.120954E-10,-1.386113E-11,0,0,0,0
Lu_4f72,113,4.54903944E-04,-7.080999E+01,4.513737E+02,3.032576E-10,-1.981628E-11,0,0,0,0
Lu_4f72,114,4.97857967E-04,-7.079161E+01,3.892361E+02,4.334231E-10,-2.831779E-11,0,0,0,0
Lu_4f72,115,5.44817717E-04,-7.077148E+01,3.334560E+02,6.191893E-10,-4.044838E-11,0,0,0,0
Lu_4f72,116,5.96149619E-04,-7.074942E+01,2.834875E+02,8.841707E-10,-5.774806E-11,0,0,0,0
Lu_4f72,117,6.52252617E-04,-7.072526E+01,2.388273E+02,1.261944E-09,-8.240575E-11,0,0,0,0
Lu_4f72,118,7.13560914E-04,-7.069881E+01,1.990107E+02,1.800217E-09,-1.175304E-10,0,0,0,0
Lu_4f72,119,7.80546942E-04,-7.066985E+01,1.636079E+02,2.566723E-09,-1.675342E-10,0,0,0,0
Lu_4f72,120,8.53724541E-04,-7.063816E+01,1.322209E+02,3.657556E-09,-2.386738E-10,0,0,0,0
Lu_4f72,121,9.33652389E-04,-7.060348E+01,1.044807E+02,5.208930E-09,-3.398136E-10,0,0,0,0
Lu_4f72,122,1.02093769E-03,-7.056555E+01,8.004505E+01,7.413759E-09,-4.835012E-10,0,0,0,0
Lu_4f72,123,1.11624013E-03,-7.052407E+01,5.859603E+01,1.054501E-08,-6.874805E-10,0,0,0,0
Lu_4f72,124,1.22027613E-03,-7.047871E+01,3.983878E+01,1.498857E-08,-9.768179E-10,0,0,0,0
Lu_4f72,125,1.33382338E-03,-7.042915E+01,2.349988E+01,2.128936E-08,-1.386886E-09,0,0,0,0
Lu_4f72,126,1.45772573E-03,-7.037500E+01,9.326127E+00,3.021607E-08,-1.967544E-09,0,0,0,0
Lu_4f72,127,1.59289840E-03,-7.031586E+01,-2.916405E+00,4.285187E-08,-2.788987E-09,0,0,0,0
Lu_4f72,128,1.74033353E-03,-7.025132E+01,-1.344328E+01,6.072120E-08,-3.949912E-09,0,0,0,0
Lu_4f72,129,1.90110615E-03,-7.018089E+01,-2.245243E+01,8.596684E-08,-5.588908E-09,0,0,0,0
Lu_4f72,130,2.07638050E-03,-7.010410E+01,-3.012491E+01,1.215968E-07,-7.900300E-09,0,0,0,0
Lu_4f72,131,2.26741677E-03,-7.002042E+01,-3.662553E+01,1.718276E-07,-1.115616E-08,0,0,0,0
Lu_4f72,132,2.47557828E-03,-6.992927E+01,-4.210360E+01,2.425616E-07,-1.573679E-08,0,0,0,0
Lu_4f72,133,2.70233906E-03,-6.983007E+01,-4.669358E+01,3.420476E-07,-2.217294E-08,0,0,0,0
Lu_4f72,134,2.94929195E-03,-6.972219E+01,-5.051592E+01,4.817951E-07,-3.120394E-08,0,0,0,0
Lu_4f72,135,3.21815711E-03,-6.960495E+01,-5.367778E+01,6.778356E-07,-4.385780E-08,0,0,0,0
Lu_4f72,136,3.51079106E-03,-6.947767E+01,-5.627394E+01,9.524584E-07,-6.156109E-08,0,0,0,0
Lu_4f72,137,3.82919619E-03,-6.933960E+01,-5.838764E+01,1.336594E-06,-8.628930E-08,0,0,0,0
Lu_4f72,138,4.17553074E-03,-6.918999E+01,-6.009153E+01,1.873077E-06,-1.207721E-07,0,0,0,0
Lu_4f72,139,4.55211944E-03,-6.902805E+01,-6.144855E+01,2.621102E-06,-1.687725E-07,0,0,0,0
Lu_4f72,140,4.96146447E-03,-6.885296E+01,-6.251288E+01,3.662282E-06,-2.354652E-07,0,0,0,0
Lu_4f72,141,5.40625706E-03,-6.866388E+01,-6.333086E+01,5.108883E-06,-3.279476E-07,0,0,0,0
Lu_4f72,142,5.88938963E-03,-6.845996E+01,-6.394180E+01,7.114936E-06,-4.559279E-07,0,0,0,0
Lu_4f72,143,6.41396839E-03,-6.824032E+01,-6.437887E+01,9.891219E-06,-6.326470E-07,0,0,0,0
Lu_4f72,144,6.98332646E-03,-6.800407E+01,-6.466984E+01,1.372537E-05,-8.761086E-07,0,0,0,0
Lu_4f72,145,7.60103751E-03,-6.775030E+01,-6.483782E+01,1.900872E-05,-1.210714E-06,0,0,0,0
Lu_4f72,146,8.27092988E-03,-6.747811E+01,-6.490189E+01,2.627206E-05,-1.669423E-06,0,0,0,0
Lu_4f72,147,8.99710118E-03,-6.718657E+01,-6.487768E+01,3.623299E-05,-2.296596E-06,0,0,0,0
Lu_4f72,148,9.78393329E-03,-6.687474E+01,-6.477793E+01,4.985821E-05,-3.151710E-06,0,0,0,0
Lu_4f72,149,1.06361078E-02,-6.654167E+01,-6.461289E+01,6.844534E-05,-4.314193E-06,0,0,0,0
Lu_4f72,150,1.15586218E-02,-6.618641E+01,-6.439076E+01,9.372946E-05,-5.889667E-06,0,0,0,0
Lu_4f72,151,1.25568040E-02,-6.580796E+01,-6.411802E+01,1.280211E-04,-8.017958E-06,0,0,0,0
Lu_4f72,152,1.36363313E-02,-6.540535E+01,-6.379971E+01,1.743840E-04,-1.088330E-05,0,0,0,0
Lu_4f72,153,1.48032451E-02,-6.497756E+01,-6.343968E+01,2.368623E-04,-1.472724E-05,0,0,0,0
Lu_4f72,154,1.60639684E-02,-6.452362E+01,-6.304086E+01,3.207684E-04,-1.986476E-05,0,0,0,0
Lu_4f72,155,1.74253227E-02,-6.404254E+01,-6.260539E+01,4.330464E-04,-2.670438E-05,0,0,0,0
Lu_4f72,156,1.88945447E-02,-6.353341E+01,-6.213477E+01,5.827245E-04,-3.577276E-05,0,0,0,0
Lu_4f72,157,2.04793037E-02,-6.299539E+01,-6.163009E+01,7.814747E-04,-4.774470E-05,0,0,0,0
Lu_4f72,158,2.21877176E-02,-6.242773E+01,-6.109207E+01,1.044299E-03,-6.347915E-05,0,0,0,0
Lu_4f72,159,2.40283703E-02,-6.182981E+01,-6.052116E+01,1.390357E-03,-8.406190E-05,0,0,0,0
Lu_4f72,160,2.60103273E-02,-6.120111E+01,-5.991767E+01,1.843960E-03,-1.108555E-04,0,0,0,0
Lu_4f72,161,2.81431521E-02,-6.054115E+01,-5.928175E+01,2.435741E-03,-1.455564E-04,0,0,0,0
Lu_4f72,162,3.04369210E-02,-5.984944E+01,-5.861345E+01,3.204014E-03,-1.902596E-04,0,0,0,0
Lu_4f72,163,3.29022384E-02,-5.912547E+01,-5.791265E+01,4.196328E-03,-2.475293E-04,0,0,0,0
Lu_4f72,164,3.55502504E-02,-5.836870E+01,-5.717917E+01,5.471209E-03,-3.204742E-04,0,0,0,0
Lu_4f72,165,3.83926583E-02,-5.757864E+01,-5.641276E+01,7.100068E-03,-4.128256E-04,0,0,0,0
Lu_4f72,166,4.14417311E-02,-5.675496E+01,-5.561322E+01,9.169231E-03,-5.290135E-04,0,0,0,0
Lu_4f72,167,4.47103165E-02,-5.589759E+01,-5.478053E+01,1.178204E-02,-6.742369E-04,0,0,0,0
Lu_4f72,168,4.82118514E-02,-5.500674E+01,-5.391492E+01,1.506088E-02,-8.545230E-04,0,0,0,0
Lu_4f72,169,5.19603709E-02,-5.408297E+01,-5.301688E+01,1.914914E-02,-1.076766E-03,0,0,0,0
Lu_4f72,170,5.59705163E-02,-5.312708E+01,-5.208717E+01,2.421272E-02,-1.348737E-03,0,0,0,0
Lu_4f72,171,6.02575411E-02,-5.214002E+01,-5.112669E+01,3.044112E-02,-1.679059E-03,0,0,0,0
Lu_4f72,172,6.48373163E-02,-5.112282E+01,-5.013644E+01,3.804775E-02,-2.077125E-03,0,0,0,0
Lu_4f72,173,6.97263340E-02,-5.007654E+01,-4.911743E+01,4.726924E-02,-2.552961E-03,0,0,0,0
Lu_4f72,174,7.49417091E-02,-4.900230E+01,-4.807073E+01,5.836346E-02,-3.117017E-03,0,0,0,0
Lu_4f72,175,8.05011798E-02,-4.790126E+01,-4.699747E+01,7.160612E-02,-3.779871E-03,0,0,0,0
Lu_4f72,176,8.64231061E-02,-4.677502E+01,-4.589918E+01,8.728549E-02,-4.551873E-03,0,0,0,0
Lu_4f72,177,9.27264671E-02,-4.562538E+01,-4.477757E+01,1.056954E-01,-5.442697E-03,0,0,0,0
Lu_4f72,178,9.94308562E-02,-4.445469E+01,-4.363489E+01,1.271261E-01,-6.460843E-03,0,0,0,0
Lu_4f72,179,1.06556475E-01,-4.326541E+01,-4.247351E+01,1.518529E-01,-7.613080E-03,0,0,0,0
Lu_4f72,180,1.14124124E-01,-4.205996E+01,-4.129577E+01,1.801238E-01,-8.903840E-03,0,0,0,0
Lu_4f72,181,1.22155196E-01,-4.084052E+01,-4.010381E+01,2.121442E-01,-1.033460E-02,0,0,0,0
Lu_4f72,182,1.30671661E-01,-3.960930E+01,-3.889979E+01,2.480625E-01,-1.190326E-02,0,0,0,0
Lu_4f72,183,1.39696055E-01,-3.836869E+01,-3.768605E+01,2.879533E-01,-1.360364E-02,0,0,0,0
Lu_4f72,184,1.49251467E-01,-3.712155E+01,-3.646541E+01,3.318033E-01,-1.542510E-02,0,0,0,0
Lu_4f72,185,1.59361522E-01,-3.587132E+01,-3.524120E+01,3.794968E-01,-1.735232E-02,0,0,0,0
Lu_4f72,186,1.70050362E-01,-3.462150E+01,-3.401689E+01,4.308044E-01,-1.936539E-02,0,0,0,0
Lu_4f72,187,1.81342630E-01,-3.337542E+01,-3.279572E+01,4.853743E-01,-2.143989E-02,0,0,0,0
Lu_4f72,188,1.93263449E-01,-3.213569E+01,-3.158030E+01,5.427274E-01,-2.354727E-02,0,0,0,0
Lu_4f72,189,2.05838402E-01,-3.090408E+01,-3.037233E+01,6.022587E-01,-2.565527E-02,0,0,0,0
Lu_4f72,190,2.19093507E-01,-2.968140E+01,-2.917261E+01,6.632434E-01,-2.772851E-02,0,0,0,0
Lu_4f72,191,2.33055201E-01,-2.846816E+01,-2.798166E+01,7.248515E-01,-2.972931E-02,0,0,0,0
Lu_4f72,192,2.47750307E-01,-2.726489E+01,-2.679996E+01,7.861686E-01,-3.161884E-02,0,0,0,0
Lu_4f72,193,2.63206019E-01,-2.607291E+01,-2.562885E+01,8.462227E-01,-3.335856E-02,0,0,0,0
Lu_4f72,194,2.79449870E-01,-2.489435E+01,-2.447042E+01,9.040168E-01,-3.491196E-02,0,0,0,0
Lu_4f72,195,2.96509710E-01,-2.373169E+01,-2.332713E+01,9.585614E-01,-3.624615E-02,0,0,0,0
Lu_4f72,196,3.14413681E-01,-2.258696E+01,-2.220100E+01,1.008910E+00,-3.733320E-02,0,0,0,0
Lu_4f72,197,3.33190188E-01,-2.146130E+01,-2.109320E+01,1.054193E+00,-3.815095E-02,0,0,0,0
Lu_4f72,198,3.52867877E-01,-2.035548E+01,-2.000453E+01,1.093652E+00,-3.868362E-02,0,0,0,0
Lu_4f72,199,3.73475605E-01,-1.927067E+01,-1.893617E+01,1.126670E+00,-3.892242E-02,0,0,0,0
Lu_4f72,200,3.95042416E-01,-1.820943E+01,-1.789069E+01,1.152799E+00,-3.886624E-02,0,0,0,0
Lu_4f72,201,4.17597515E-01,-1.717551E+01,-1.687185E+01,1.171772E+00,-3.852212E-02,0,0,0,0
Lu_4f72,202,4.41170244E-01,-1.617347E+01,-1.588422E+01,1.183506E+00,-3.790514E-02,0,0,0,0
Lu_4f72,203,4.65790054E-01,-1.520802E+01,-1.493253E+01,1.188092E+00,-3.703769E-02,0,0,0,0
Lu_4f72,204,4.91486481E-01,-1.428334E+01,-1.402097E+01,1.185778E+00,-3.596927E-02,0,0,0,0
Lu_4f72,205,5.18289124E-01,-1.340261E+01,-1.315275E+01,1.176941E+00,-3.471096E-02,0,0,0,0
Lu_4f72,206,5.46227617E-01,-1.256783E+01,-1.232987E+01,1.162060E+00,-3.329672E-02,0,0,0,0
Lu_4f72,207,5.75331612E-01,-1.177967E+01,-1.155305E+01,1.141688E+00,-3.176089E-02,0,0,0,0
Lu_4f72,208,6.05630751E-01,-1.103791E+01,-1.082206E+01,1.116423E+00,-3.013669E-02,0,0,0,0
Lu_4f72,209,6.37154647E-01,-1.034137E+01,-1.013575E+01,1.086887E+00,-2.845509E-02,0,0,0,0
Lu_4f72,210,6.69932864E-01,-9.688292E+00,-9.492398E+00,1.053711E+00,-2.674411E-02,0,0,0,0
Lu_4f72,211,7.03994894E-01,-9.076812E+00,-8.890143E+00,1.017512E+00,-2.502843E-02,0,0,0,0
Lu_4f72,212,7.39370141E-01,-8.504780E+00,-8.326863E+00,9.788869E-01,-2.332925E-02,0,0,0,0
Lu_4f72,213,7.76087899E-01,-7.970104E+00,-7.800486E+00,9.384022E-01,-2.166437E-02,0,0,0,0
Lu_4f72,214,8.14177341E-01,-7.470733E+00,-7.308980E+00,8.965850E-01,-2.004828E-02,0,0,0,0
Lu_4f72,215,8.53667493E-01,-7.004632E+00,-6.850333E+00,8.539196E-01,-1.849248E-02,0,0,0,0
Lu_4f72,216,8.94587226E-01,-6.569778E+00,-6.422541E+00,8.108437E-01,-1.700568E-02,0,0,0,0
Lu_4f72,217,9.36965239E-01,-6.164163E+00,-6.023616E+00,7.677477E-01,-1.559408E-02,0,0,0,0
Lu_4f72,218,9.80830042E-01,-5.785828E+00,-5.651619E+00,7.249745E-01,-1.426175E-02,0,0,0,0
Lu_4f72,219,1.02620995E+00,-5.432904E+00,-5.304700E+00,6.828209E-01,-1.301085E-02,0,0,0,0
Lu_4f72,220,1.07313306E+00,-5.103643E+00,-4.981127E+00,6.415400E-01,-1.184201E-02,0,0,0,0
Lu_4f72,221,1.12162725E+00,-4.796473E+00,-4.679348E+00,6.013434E-01,-1.075458E-02,0,0,0,0
Lu_4f72,222,1.17172015E+00,-4.509912E+00,-4.397896E+00,5.624046E-01,-9.746902E-03,0,0,0,0
Lu_4f72,223,1.22343919E+00,-4.242643E+00,-4.135470E+00,5.248618E-01,-8.816518E-03,0,0,0,0
Lu_4f72,224,1.27681148E+00,-3.993417E+00,-3.890836E+00,4.888209E-01,-7.960381E-03,0,0,0,0
Lu_4f72,225,1.33186393E+00,-3.761051E+00,-3.662824E+00,4.543589E-01,-7.175002E-03,0,0,0,0
Lu_4f72,226,1.38862315E+00,-3.544410E+00,-3.450314E+00,4.215273E-01,-6.456591E-03,0,0,0,0
Lu_4f72,227,1.44711548E+00,-3.342396E+00,-3.252220E+00,3.903545E-01,-5.801171E-03,0,0,0,0
Lu_4f72,228,1.50736699E+00,-3.153955E+00,-3.067500E+00,3.608498E-01,-5.204675E-03,0,0,0,0
Lu_4f72,229,1.56940344E+00,-2.978073E+00,-2.895151E+00,3.330059E-01,-4.663023E-03,0,0,0,0
Lu_4f72,230,1.63325033E+00,-2.813800E+00,-2.734234E+00,3.068015E-01,-4.172195E-03,0,0,0,0
Lu_4f72,231,1.69893283E+00,-2.660255E+00,-2.583878E+00,2.822039E-01,-3.728274E-03,0,0,0,0
Lu_4f72,232,1.76647584E+00,-2.516639E+00,-2.443293E+00,2.591716E-01,-3.327496E-03,0,0,0,0
Lu_4f72,233,1.83590395E+00,-2.382246E+00,-2.311782E+00,2.376557E-01,-2.966274E-03,0,0,0,0
Lu_4f72,234,1.90724144E+00,-2.256463E+00,-2.188742E+00,2.176016E-01,-2.641217E-03,0,0,0,0
Lu_4f72,235,1.98051228E+00,-2.138770E+00,-2.073658E+00,1.989507E-01,-2.349143E-03,0,0,0,0
Lu_4f72,236,2.05574015E+00,-2.028725E+00,-1.966097E+00,1.816415E-01,-2.087085E-03,0,0,0,0
Lu_4f72,237,2.13294840E+00,-1.925951E+00,-1.865688E+00,1.656103E-01,-1.852286E-03,0,0,0,0
Lu_4f72,238,2.21216008E+00,-1.830112E+00,-1.772103E+00,1.507923E-01,-1.642194E-03,0,0,0,0
Lu_4f72,239,2.29339794E+00,-1.740893E+00,-1.685031E+00,1.371222E-01,-1.454458E-03,0,0,0,0
Lu_4f72,240,2.37668441E+00,-1.657974E+00,-1.604160E+00,1.245351E-01,-1.286913E-03,0,0,0,0
Lu_4f72,241,2.46204160E+00,-1.581013E+00,-1.529153E+00,1.129666E-01,-1.137569E-03,0,0,0,0
Lu_4f72,242,2.54949133E+00,-1.510614E+00,-1.460618E+00,1.023536E-01,-1.004620E-03,0,0,0,0
Lu_4f72,243,2.63905511E+00,-1.447346E+00,-1.399129E+00,9.263411E-02,-8.864313E-04,0,0,0,0
Lu_4f72,244,2.73075413E+00,-1.390683E+00,-1.344164E+00,8.374724E-02,-7.815100E-04,0,0,0,0
Lu_4f72,245,2.82460929E+00,-1.340113E+00,-1.295216E+00,7.563380E-02,-6.884842E-04,0,0,0,0
Lu_4f72,246,2.92064119E+00,-1.295138E+00,-1.251791E+00,6.823672E-02,-6.060992E-04,0,0,0,0
Lu_4f72,247,3.01887011E+00,-1.255280E+00,-1.213416E+00,6.150143E-02,-5.332132E-04,0,0,0,0
Lu_4f72,248,3.11931605E+00,-1.220084E+00,-1.179637E+00,5.537610E-02,-4.687911E-04,0,0,0,0
Lu_4f72,249,3.22199870E+00,-1.189114E+00,-1.150023E+00,4.981178E-02,-4.118982E-04,0,0,0,0
Lu_4f72,250,3.32693748E+00,-1.161962E+00,-1.124169E+00,4.476249E-02,-3.616930E-04,0,0,0,0
Lu_4f72,251,3.43415149E+00,-1.138242E+00,-1.101692E+00,4.018524E-02,-3.174201E-04,0,0,0,0
Lu_4f72,252,3.54365956E+00,-1.117598E+00,-1.082237E+00,3.603997E-02,-2.784035E-04,0,0,0,0
Lu_4f72,253,3.65548024E+00,-1.099695E+00,-1.065474E+00,3.228948E-02,-2.440393E-04,0,0,0,0
Lu_4f72,254,3.76963178E+00,-1.084227E+00,-1.051099E+00,2.889936E-02,-2.137893E-04,0,0,0,0
Lu_4f72,255,3.88613217E+00,-1.070913E+00,-1.038832E+00,2.583780E-02,-1.871748E-04,0,0,0,0
Lu_4f72,256,4.00499912E+00,-1.059495E+00,-1.028419E+00,2.307553E-02,-1.637705E-04,0,0,0,0
Lu_4f72,257,4.12625005E+00,-1.049740E+00,-1.019628E+00,2.058562E-02,-1.431991E-04,0,0,0,0
Lu_4f72,258,4.24990215E+00,-1.041437E+00,-1.012250E+00,1.834333E-02,-1.251265E-04,0,0,0,0
Lu_4f72,259,4.37597231E+00,-1.034397E+00,-1.006098E+00,1.632599E-02,-1.092570E-04,0,0,0,0
Lu_4f72,260,4.50447717E+00,-1.028451E+00,-1.001005E+00,1.451285E-02,-9.532882E-05,0,0,0,0
Lu_4f72,261,4.63543312E+00,-1.023448E+00,-9.968211E-01,1.288490E-02,-8.311094E-05,0,0,0,0
Lu_4f72,262,4.76885630E+00,-1.019254E+00,-9.934149E-01,1.142480E-02,-7.239916E-05,0,0,0,0
Lu_4f72,263,4.90476257E+00,-1.015752E+00,-9.906704E-01,1.011668E-02,-6.301323E-05,0,0,0,0
Lu_4f72,264,5.04316759E+00,-1.012840E+00,-9.884863E-01,8.946057E-03,-5.479410E-05,0,0,0,0
Lu_4f72,265,5.18408673E+00,-1.010427E+00,-9.867740E-01,7.899738E-03,-4.760142E-05,0,0,0,0
Lu_4f72,266,5.32753516E+00,-1.008436E+00,-9.854572E-01,6.965681E-03,-4.131140E-05,0,0,0,0
Lu_4f72,267,5.47352778E+00,-1.006800E+00,-9.844696E-01,6.132915E-03,-3.581486E-05,0,0,0,0
Lu_4f72,268,5.62207929E+00,-1.005460E+00,-9.837547E-01,5.391450E-03,-3.101556E-05,0,0,0,0
Lu_4f72,269,5.77320413E+00,-1.004368E+00,-9.832640E-01,4.732191E-03,-2.682860E-05,0,0,0,0
Lu_4f72,270,5.92691655E+00,-1.003481E+00,-9.829565E-01,4.146869E-03,-2.317916E-05,0,0,0,0
Lu_4f72,271,6.08323056E+00,-1.002763E+00,-9.827976E-01,3.627966E-03,-2.000131E-05,0,0,0,0
Lu_4f72,272,6.24215994E+00,-1.002185E+00,-9.827581E-01,3.168651E-03,-1.723692E-05,0,0,0,0
Lu_4f72,273,6.40371829E+00,-1.001721E+00,-9.828137E-01,2.762728E-03,-1.483477E-05,0,0,0,0
Lu_4f72,274,6.56791896E+00,-1.001351E+00,-9.829440E-01,2.404578E-03,-1.274978E-05,0,0,0,0
Lu_4f72,275,6.73477513E+00,-1.001056E+00,-9.831324E-01,2.089109E-03,-1.094222E-05,0,0,0,0
Lu_4f72,276,6.90429975E+00,-1.000822E+00,-9.833652E-01,1.811716E-03,-9.377125E-06,0,0,0,0
Lu_4f72,277,7.07650558E+00,-1.000637E+00,-9.836311E-01,1.568237E-03,-8.023742E-06,0,0,0,0
Lu_4f72,278,7.25140519E+00,-1.000492E+00,-9.839210E-01,1.354913E-03,-6.855019E-06,0,0,0,0
Lu_4f72,279,7.42901095E+00,-1.000379E+00,-9.842277E-01,1.168357E-03,-5.847186E-06,0,0,0,0
Lu_4f72,280,7.60933504E+00,-1.000290E+00,-9.845452E-01,1.005521E-03,-4.979369E-06,0,0,0,0
Lu_4f72,281,7.79238945E+00,-1.000221E+00,-9.848689E-01,8.636643E-04,-4.233248E-06,0,0,0,0
Lu_4f72,282,7.97818600E+00,-1.000168E+00,-9.851951E-01,7.403289E-04,-3.592763E-06,0,0,0,0
Lu_4f72,283,8.16673632E+00,-1.000127E+00,-9.855210E-01,6.333125E-04,-3.043846E-06,0,0,0,0
Lu_4f72,284,8.35805186E+00,-1.000096E+00,-9.858445E-01,5.406465E-04,-2.574189E-06,0,0,0,0
Lu_4f72,285,8.55214390E+00,-1.000072E+00,-9.861639E-01,4.605737E-04,-2.173035E-06,0,0,0,0
Lu_4f72,286,8.74902356E+00,-1.000054E+00,-9.864779E-01,3.915293E-04,-1.830993E-06,0,0,0,0
Lu_4f72,287,8.94870178E+00,-1.000040E+00,-9.867857E-01,3.321224E-04,-1.539876E-06,0,0,0,0
Lu_4f72,288,9.15118934E+00,-1.000030E+00,-9.870867E-01,2.811191E-04,-1.292559E-06,0,0,0,0
Lu_4f72,289,9.35649685E+00,-1.000022E+00,-9.873805E-01,2.374273E-04,-1.082846E-06,0,0,0,0
Lu_4f72,290,9.56463477E+00,-1.000016E+00,-9.876668E-01,2.000826E-04,-9.053613E-07,0,0,0,0
Lu_4f72,291,9.77561341E+00,-1.000012E+00,-9.879455E-01,1.682353E-04,-7.554458E-07,0,0,0,0
Lu_4f72,292,9.98944291E+00,-1.000009E+00,-9.882166E-01,1.411382E-04,-6.290693E-07,0,0,0,0
Lu_4f72,293,1.02061333E+01,-1.000006E+00,-9.884801E-01,1.181363E-04,-5.227520E-07,0,0,0,0
Lu_4f72,294,1.04256943E+01,-1.000005E+00,-9.887362E-01,9.865612E-05,-4.334941E-07,0,0,0,0
Lu_4f72,295,1.06481358E+01,-1.000003E+00,-9.889850E-01,8.219754E-05,-3.587153E-07,0,0,0,0
Lu_4f72,296,1.08734673E+01,-1.000002E+00,-9.892266E-01,6.832498E-05,-2.962000E-07,0,0,0,0
Lu_4f72,297,1.11016982E+01,-1.000002E+00,-9.894613E-01,5.666021E-05,-2.440495E-07,0,0,0,0
Lu_4f72,298,1.13328377E+01,-1.000001E+00,-9.896892E-01,4.687565E-05,-2.006405E-07,0,0,0,0
Lu_4f72,299,1.15668951E+01,-1.000001E+00,-9.899106E-01,3.868829E-05,-1.645875E-07,0,0,0,0
Lu_4f72,300,1.18038794E+01,-1.000001E+00,-9.901256E-01,3.185426E-05,-1.347111E-07,0,0,0,0
Lu_4f72,301,1.20437994E+01,-1.000000E+00,-9.903344E-01,2.616402E-05,-1.100092E-07,0,0,0,0
Lu_4f72,302,1.22866639E+01,-1.000000E+00,-9.905374E-01,2.143797E-05,-8.963230E-08,0,0,0,0
Lu_4f72,303,1.25324816E+01,-1.000000E+00,-9.907345E-01,1.752259E-05,-7.286203E-08,0,0,0,0
Lu_4f72,304,1.27812609E+01,-1.000000E+00,-9.909261E-01,1.428704E-05,-5.909229E-08,0,0,0,0
Lu_4f72,305,1.30330103E+01,-1.000000E+00,-9.911124E-01,1.162009E-05,-4.781288E-08,0,0,0,0
Lu_4f72,306,1.32877380E+01,-1.000000E+00,-9.912935E-01,9.427436E-06,-3.859541E-08,0,0,0,0
Lu_4f72,307,1.35454521E+01,-1.000000E+00,-9.914695E-01,7.629376E-06,-3.108102E-08,0,0,0,0
Lu_4f72,308,1.38061608E+01,-1.000000E+00,-9.916408E-01,6.158714E-06,-2.496988E-08,0,0,0,0
Lu_4f72,309,1.40698719E+01,-1.000000E+00,-9.918073E-01,4.958966E-06,-2.001205E-08,0,0,0,0
Lu_4f72,310,1.43365932E+01,-1.000000E+00,-9.919694E-01,3.982786E-06,-1.599978E-08,0,0,0,0
Lu_4f72,311,1.46063325E+01,-1.000000E+00,-9.921271E-01,3.190600E-06,-1.276076E-08,0,0,0,0
Lu_4f72,312,1.48790974E+01,-1.000000E+00,-9.922805E-01,2.549424E-06,-1.015249E-08,0,0,0,0
Lu_4f72,313,1.51548954E+01,-1.000000E+00,-9.924299E-01,2.031849E-06,-8.057417E-09,0,0,0,0
Lu_4f72,314,1.54337338E+01,-1.000000E+00,-9.925754E-01,1.615159E-06,-6.378815E-09,0,0,0,0
Lu_4f72,315,1.57156199E+01,-1.000000E+00,-9.927170E-01,1.280588E-06,-5.037312E-09,0,0,0,0
Lu_4f72,316,1.60005610E+01,-1.000000E+00,-9.928550E-01,1.012672E-06,-3.967953E-09,0,0,0,0
Lu_4f72,317,1.62885642E+01,-1.000000E+00,-9.929894E-01,7.987108E-07,-3.117722E-09,0,0,0,0
Lu_4f72,318,1.65796363E+01,-1.000000E+00,-9.931203E-01,6.282998E-07,-2.443462E-09,0,0,0,0
Lu_4f72,319,1.68737845E+01,-1.000000E+00,-9.932479E-01,4.929431E-07,-1.910143E-09,0,0,0,0
Lu_4f72,320,1.71710153E+01,-1.000000E+00,-9.933723E-01,3.857226E-07,-1.489405E-09,0,0,0,0
Lu_4f72,321,1.74713357E+01,-1.000000E+00,-9.934935E-01,3.010217E-07,-1.158354E-09,0,0,0,0
Lu_4f72,322,1.77747521E+01,-1.000000E+00,-9.936117E-01,2.342939E-07,-8.985586E-10,0,0,0,0
Lu_4f72,323,1.80812712E+01,-1.000000E+00,-9.937270E-01,1.818699E-07,-6.952214E-10,0,0,0,0
Lu_4f72,324,1.83908995E+01,-1.000000E+00,-9.938394E-01,1.407972E-07,-5.364963E-10,0,0,0,0
Lu_4f72,325,1.87036432E+01,-1.000000E+00,-9.939491E-01,1.087067E-07,-4.129264E-10,0,0,0,0
Lu_4f72,326,1.90195087E+01,-1.000000E+00,-9.940561E-01,8.370365E-08,-3.169833E-10,0,0,0,0
Lu_4f72,327,1.93385022E+01,-1.000000E+00,-9.941605E-01,6.427691E-08,-2.426909E-10,0,0,0,0
Lu_4f72,328,1.96606297E+01,-1.000000E+00,-9.942624E-01,4.922487E-08,-1.853188E-10,0,0,0,0
Lu_4f72,329,1.99858975E+01,-1.000000E+00,-9.943618E-01,3.759499E-08,-1.411337E-10,0,0,0,0
Lu_4f72,330,2.03143114E+01,-1.000000E+00,-9.944589E-01,2.863438E-08,-1.071970E-10,0,0,0,0
Lu_4f72,331,2.06458773E+01,-1.000000E+00,-9.945538E-01,2.174978E-08,-8.120286E-11,0,0,0,0
Lu_4f72,332,2.09806010E+01,-1.000000E+00,-9.946463E-01,1.647511E-08,-6.134698E-11,0,0,0,0
Lu_4f72,333,2.13184884E+01,-1.000000E+00,-9.947368E-01,1.244529E-08,-4.622152E-11,0,0,0,0
Lu_4f72,334,2.16595450E+01,-1.000000E+00,-9.948251E-01,9.375235E-09,-3.473129E-11,0,0,0,0
Lu_4f72,335,2.20037764E+01,-1.000000E+00,-9.949114E-01,7.042984E-09,-2.602672E-11,0,0,0,0
Lu_4f72,336,2.23511883E+01,-1.000000E+00,-9.949958E-01,5.276256E-09,-1.945076E-11,0,0,0,0
Lu_4f72,337,2.27017860E+01,-1.000000E+00,-9.950782E-01,3.941730E-09,-1.449668E-11,0,0,0,0
Lu_4f72,338,2.30555749E+01,-1.000000E+00,-9.951587E-01,2.936548E-09,-1.077488E-11,0,0,0,0
Lu_4f72,339,2.34125605E+01,-1.000000E+00,-9.952375E-01,2.181593E-09,-7.986646E-12,0,0,0,0
Lu_4f72,340,2.37727479E+01,-1.000000E+00,-9.953145E-01,1.616198E-09,-5.903667E-12,0,0,0,0
Lu_4f72,341,2.41361423E+01,-1.000000E+00,-9.953898E-01,1.193979E-09,-4.351924E-12,0,0,0,0
Lu_4f72,342,2.45027488E+01,-1.000000E+00,-9.954634E-01,8.795845E-10,-3.199188E-12,0,0,0,0
Lu_4f72,343,2.48725726E+01,-1.000000E+00,-9.955355E-01,6.461526E-10,-2.345278E-12,0,0,0,0
Lu_4f72,344,2.52456187E+01,-1.000000E+00,-9.956059E-01,4.733329E-10,-1.714518E-12,0,0,0,0
Lu_4f72,345,2.56218920E+01,-1.000000E+00,-9.956749E-01,3.457563E-10,-1.249914E-12,0,0,0,0
Lu_4f72,346,2.60013973E+01,-1.000000E+00,-9.957423E-01,2.518506E-10,-9.086685E-13,0,0,0,0
Lu_4f72,347,2.63841396E+01,-1.000000E+00,-9.958084E-01,1.829292E-10,-6.587425E-13,0,0,0,0
Lu_4f72,348,2.67701235E+01,-1.000000E+00,-9.958730E-01,1.324916E-10,-4.765405E-13,0,0,0,0
Lu_4f72,349,2.71593538E+01,-1.000000E+00,-9.959362E-01,9.568773E-11,-3.425935E-13,0,0,0,0
Lu_4p12,0,1.40845070E-08,-1.178053E-02,8.875546E+06,2.180985E-11,7.268716E-07,0,0,0,0
Lu_4p12,1,1.54458033E-08,-1.291915E-02,8.093335E+06,2.621620E-11,7.971366E-07,0,0,0,0
Lu_4p12,2,1.69386420E-08,-1.416778E-02,7.380075E+06,3.151658E-11,8.741796E-07,0,0,0,0
Lu_4p12,3,1.85757639E-08,-1.553710E-02,6.729675E+06,3.789209E-11,9.586702E-07,0,0,0,0
Lu_4p12,4,2.03710783E-08,-1.703873E-02,6.136605E+06,4.556042E-11,1.051328E-06,0,0,0,0
Lu_4p12,5,2.23399067E-08,-1.868550E-02,5.595802E+06,5.478350E-11,1.152931E-06,0,0,0,0
Lu_4p12,6,2.44990189E-08,-2.049142E-02,5.102660E+06,6.587626E-11,1.264361E-06,0,0,0,0
Lu_4p12,7,2.68667586E-08,-2.247184E-02,4.652986E+06,7.921741E-11,1.386561E-06,0,0,0,0
Lu_4p12,8,2.94633317E-08,-2.464366E-02,4.242940E+06,9.526250E-11,1.520558E-06,0,0,0,0
Lu_4p12,9,3.23108539E-08,-2.702537E-02,3.869030E+06,1.145593E-10,1.667513E-06,0,0,0,0
Lu_4p12,10,3.54335170E-08,-2.963723E-02,3.528078E+06,1.377666E-10,1.828683E-06,0,0,0,0
Lu_4p12,11,3.88579005E-08,-3.250144E-02,3.217179E+06,1.656765E-10,2.005400E-06,0,0,0,0
Lu_4p12,12,4.26132991E-08,-3.564252E-02,2.933671E+06,1.992421E-10,2.199205E-06,0,0,0,0
Lu_4p12,13,4.67314733E-08,-3.908704E-02,2.675157E+06,2.396086E-10,2.411757E-06,0,0,0,0
Lu_4p12,14,5.12476303E-08,-4.286443E-02,2.439424E+06,2.881542E-10,2.644809E-06,0,0,0,0
Lu_4p12,15,5.62002313E-08,-4.700687E-02,2.224464E+06,3.465360E-10,2.900419E-06,0,0,0,0
Lu_4p12,16,6.16312403E-08,-5.154947E-02,2.028454E+06,4.167460E-10,3.180706E-06,0,0,0,0
Lu_4p12,17,6.75872020E-08,-5.653114E-02,1.849713E+06,5.011814E-10,3.488071E-06,0,0,0,0
Lu_4p12,18,7.41184821E-08,-6.199401E-02,1.686728E+06,6.027229E-10,3.825163E-06,0,0,0,0
Lu_4p12,19,8.12809116E-08,-6.798480E-02,1.538105E+06,7.248366E-10,4.194794E-06,0,0,0,0
Lu_4p12,20,8.91353265E-08,-7.455437E-02,1.402580E+06,8.716892E-10,4.600137E-06,0,0,0,0
Lu_4p12,21,9.77487367E-08,-8.175877E-02,1.278998E+06,1.048293E-09,5.044668E-06,0,0,0,0
Lu_4p12,22,1.07194113E-07,-8.965905E-02,1.166308E+06,1.260672E-09,5.532152E-06,0,0,0,0
Lu_4p12,23,1.17552189E-07,-9.832272E-02,1.063548E+06,1.516076E-09,6.066685E-06,0,0,0,0
Lu_4p12,24,1.28910932E-07,-1.078234E-01,9.698439E+05,1.823217E-09,6.652902E-06,0,0,0,0
Lu_4p12,25,1.41366993E-07,-1.182418E-01,8.843975E+05,2.192576E-09,7.295744E-06,0,0,0,0
Lu_4p12,26,1.55026355E-07,-1.296667E-01,8.064811E+05,2.636753E-09,8.000686E-06,0,0,0,0
Lu_4p12,27,1.70005236E-07,-1.421953E-01,7.354308E+05,3.170901E-09,8.773722E-06,0,0,0,0
Lu_4p12,28,1.86431075E-07,-1.559342E-01,6.706415E+05,3.813243E-09,9.621420E-06,0,0,0,0
Lu_4p12,29,2.04443616E-07,-1.710001E-01,6.115614E+05,4.585690E-09,1.055107E-05,0,0,0,0
Lu_4p12,30,2.24195708E-07,-1.875211E-01,5.576882E+05,5.514585E-09,1.157044E-05,0,0,0,0
Lu_4p12,31,2.45856126E-07,-2.056382E-01,5.085611E+05,6.631620E-09,1.268825E-05,0,0,0,0
Lu_4p12,32,2.69608304E-07,-2.255048E-01,4.637636E+05,7.974882E-09,1.391411E-05,0,0,0,0
Lu_4p12,33,2.95654667E-07,-2.472904E-01,4.229133E+05,9.590186E-09,1.525836E-05,0,0,0,0
Lu_4p12,34,3.24216193E-07,-2.711796E-01,3.856629E+05,1.153260E-08,1.673231E-05,0,0,0,0
Lu_4p12,35,3.55536886E-07,-2.973766E-01,3.516939E+05,1.386839E-08,1.834869E-05,0,0,0,0
Lu_4p12,36,3.89881261E-07,-3.261026E-01,3.207189E+05,1.667716E-08,2.012130E-05,0,0,0,0
Lu_4p12,37,4.27542511E-07,-3.576028E-01,2.924728E+05,2.005468E-08,2.206475E-05,0,0,0,0
Lu_4p12,38,4.68840899E-07,-3.921450E-01,2.667152E+05,2.411610E-08,2.419616E-05,0,0,0,0
Lu_4p12,39,5.14125814E-07,-4.300215E-01,2.432277E+05,2.899982E-08,2.653335E-05,0,0,0,0
Lu_4p12,40,5.63783777E-07,-4.715555E-01,2.218092E+05,3.487233E-08,2.909596E-05,0,0,0,0
Lu_4p12,41,6.18235912E-07,-5.170992E-01,2.022780E+05,4.193375E-08,3.190617E-05,0,0,0,0
Lu_4p12,42,6.77944859E-07,-5.670395E-01,1.844676E+05,5.042470E-08,3.498758E-05,0,0,0,0
Lu_4p12,43,7.43417883E-07,-6.218005E-01,1.682263E+05,6.063448E-08,3.836668E-05,0,0,0,0
Lu_4p12,44,8.15209759E-07,-6.818461E-01,1.534163E+05,7.291088E-08,4.207166E-05,0,0,0,0
Lu_4p12,45,8.93933023E-07,-7.476885E-01,1.399107E+05,8.767218E-08,4.613410E-05,0,0,0,0
Lu_4p12,46,9.80253329E-07,-8.198841E-01,1.275952E+05,1.054210E-07,5.058923E-05,0,0,0,0
Lu_4p12,47,1.07490332E-06,-8.990456E-01,1.163648E+05,1.267618E-07,5.547397E-05,0,0,0,0
Lu_4p12,48,1.17868778E-06,-9.858455E-01,1.061239E+05,1.524213E-07,6.082979E-05,0,0,0,0
Lu_4p12,49,1.29248727E-06,-1.081020E+00,9.678516E+04,1.832730E-07,6.670255E-05,0,0,0,0
Lu_4p12,50,1.41726642E-06,-1.185375E+00,8.826928E+04,2.203669E-07,7.314226E-05,0,0,0,0
Lu_4p12,51,1.55408252E-06,-1.299794E+00,8.050382E+04,2.649653E-07,8.020284E-05,0,0,0,0
Lu_4p12,52,1.70409879E-06,-1.425248E+00,7.342252E+04,3.185860E-07,8.794426E-05,0,0,0,0
Lu_4p12,53,1.86858481E-06,-1.562798E+00,6.696524E+04,3.830527E-07,9.643274E-05,0,0,0,0
Lu_4p12,54,2.04893518E-06,-1.713608E+00,6.107702E+04,4.605579E-07,1.057399E-04,0,0,0,0
Lu_4p12,55,2.24667680E-06,-1.878953E+00,5.570778E+04,5.537367E-07,1.159441E-04,0,0,0,0
Lu_4p12,56,2.46348896E-06,-2.060232E+00,5.081174E+04,6.657570E-07,1.271318E-04,0,0,0,0
Lu_4p12,57,2.70120429E-06,-2.258975E+00,4.634735E+04,8.004248E-07,1.393987E-04,0,0,0,0
Lu_4p12,58,2.96183615E-06,-2.476857E+00,4.227659E+04,9.623150E-07,1.528475E-04,0,0,0,0
Lu_4p12,59,3.24759167E-06,-2.715716E+00,3.856484E+04,1.156925E-06,1.675919E-04,0,0,0,0
Lu_4p12,60,3.56088877E-06,-2.977564E+00,3.518053E+04,1.390862E-06,1.837573E-04,0,0,0,0
Lu_4p12,61,3.90437587E-06,-3.264600E+00,3.209488E+04,1.672061E-06,2.014794E-04,0,0,0,0
Lu_4p12,62,4.28096072E-06,-3.579235E+00,2.928164E+04,2.010061E-06,2.209078E-04,0,0,0,0
Lu_4p12,63,4.69382455E-06,-3.924105E+00,2.671690E+04,2.416317E-06,2.422069E-04,0,0,0,0
Lu_4p12,64,5.14645651E-06,-4.302092E+00,2.437886E+04,2.904591E-06,2.655557E-04,0,0,0,0
Lu_4p12,65,5.64267994E-06,-4.716348E+00,2.224764E+04,3.491411E-06,2.911504E-04,0,0,0,0
Lu_4p12,66,6.18668621E-06,-5.170318E+00,2.030512E+04,4.196626E-06,3.192066E-04,0,0,0,0
Lu_4p12,67,6.78306446E-06,-5.667761E+00,1.853481E+04,5.044065E-06,3.499598E-04,0,0,0,0
Lu_4p12,68,7.43684772E-06,-6.212780E+00,1.692167E+04,6.062337E-06,3.836672E-04,0,0,0,0
Lu_4p12,69,8.15354812E-06,-6.809847E+00,1.545200E+04,7.285772E-06,4.206115E-04,0,0,0,0
Lu_4p12,70,8.93920529E-06,-7.463830E+00,1.411334E+04,8.755564E-06,4.611008E-04,0,0,0,0
Lu_4p12,71,9.80043817E-06,-8.180023E+00,1.289434E+04,1.052112E-05,5.054718E-04,0,0,0,0
Lu_4p12,72,1.07444991E-05,-8.964176E+00,1.178467E+04,1.264167E-05,5.540936E-04,0,0,0,0
Lu_4p12,73,1.17793295E-05,-9.822511E+00,1.077495E+04,1.518821E-05,6.073683E-04,0,0,0,0
Lu_4p12,74,1.29136348E-05,-1.076176E+01,9.856670E+03,1.824576E-05,6.657350E-04,0,0,0,0
Lu_4p12,75,1.41569462E-05,-1.178916E+01,9.022100E+03,2.191610E-05,7.296730E-04,0,0,0,0
Lu_4p12,76,1.55197075E-05,-1.291250E+01,8.264256E+03,2.632097E-05,7.997038E-04,0,0,0,0
Lu_4p12,77,1.70133553E-05,-1.414009E+01,7.576839E+03,3.160582E-05,8.763950E-04,0,0,0,0
Lu_4p12,78,1.86504207E-05,-1.548074E+01,6.954218E+03,3.794429E-05,9.603634E-04,0,0,0,0
Lu_4p12,79,2.04446227E-05,-1.694375E+01,6.391260E+03,4.554338E-05,1.052279E-03,0,0,0,0
Lu_4p12,80,2.24109875E-05,-1.853882E+01,5.883520E+03,5.464943E-05,1.152866E-03,0,0,0,0
Lu_4p12,81,2.45659712E-05,-2.027593E+01,5.427284E+03,6.555509E-05,1.262908E-03,0,0,0,0
Lu_4p12,82,2.69275913E-05,-2.216516E+01,5.018870E+03,7.860719E-05,1.383248E-03,0,0,0,0
Lu_4p12,83,2.95155769E-05,-2.421648E+01,4.655748E+03,9.421560E-05,1.514791E-03,0,0,0,0
Lu_4p12,84,3.23515278E-05,-2.643933E+01,4.335897E+03,1.128630E-04,1.658506E-03,0,0,0,0
Lu_4p12,85,3.54590885E-05,-2.884216E+01,4.057607E+03,1.351155E-04,1.815423E-03,0,0,0,0
Lu_4p12,86,3.88641460E-05,-3.143171E+01,3.820346E+03,1.616333E-04,1.986633E-03,0,0,0,0
Lu_4p12,87,4.25950311E-05,-3.421206E+01,3.624447E+03,1.931817E-04,2.173284E-03,0,0,0,0
Lu_4p12,88,4.66827539E-05,-3.718335E+01,3.471129E+03,2.306402E-04,2.376571E-03,0,0,0,0
Lu_4p12,89,5.11612515E-05,-4.034008E+01,3.363171E+03,2.750088E-04,2.597732E-03,0,0,0,0
Lu_4p12,90,5.60676589E-05,-4.366875E+01,3.305270E+03,3.274095E-04,2.838036E-03,0,0,0,0
Lu_4p12,91,6.14426048E-05,-4.714482E+01,3.304220E+03,3.890777E-04,3.098768E-03,0,0,0,0
Lu_4p12,92,6.73305476E-05,-5.072868E+01,3.369675E+03,4.613401E-04,3.381219E-03,0,0,0,0
Lu_4p12,93,7.37801101E-05,-5.436047E+01,3.514640E+03,5.455710E-04,3.686682E-03,0,0,0,0
Lu_4p12,94,8.08444839E-05,-5.795353E+01,3.754473E+03,6.431169E-04,4.016461E-03,0,0,0,0
Lu_4p12,95,8.85818410E-05,-6.138718E+01,4.100158E+03,7.551791E-04,4.371936E-03,0,0,0,0
Lu_4p12,96,9.70557919E-05,-6.450115E+01,4.524009E+03,8.826439E-04,4.754569E-03,0,0,0,0
Lu_4p12,97,1.06335888E-04,-6.710130E+01,4.857000E+03,1.025856E-03,5.165379E-03,0,0,0,0
Lu_4p12,98,1.16498167E-04,-6.900239E+01,4.750119E+03,1.184370E-03,5.605119E-03,0,0,0,0
Lu_4p12,99,1.27625740E-04,-7.013925E+01,4.025015E+03,1.357022E-03,6.077769E-03,0,0,0,0
Lu_4p12,100,1.39809443E-04,-7.066706E+01,3.032300E+03,1.542730E-03,6.588763E-03,0,0,0,0
Lu_4p12,101,1.53148538E-04,-7.085775E+01,2.271314E+03,1.741186E-03,7.138743E-03,0,0,0,0
Lu_4p12,102,1.67751469E-04,-7.091153E+01,1.846331E+03,1.952865E-03,7.728236E-03,0,0,0,0
Lu_4p12,103,1.83736702E-04,-7.092048E+01,1.599612E+03,2.178947E-03,8.361936E-03,0,0,0,0
Lu_4p12,104,2.01233621E-04,-7.091667E+01,1.417322E+03,2.421096E-03,9.044508E-03,0,0,0,0
Lu_4p12,105,2.20383511E-04,-7.090932E+01,1.261348E+03,2.681257E-03,9.779595E-03,0,0,0,0
Lu_4p12,106,2.41340621E-04,-7.090062E+01,1.121533E+03,2.961590E-03,1.057093E-02,0,0,0,0
Lu_4p12,107,2.64273321E-04,-7.089098E+01,9.949151E+02,3.264481E-03,1.142261E-02,0,0,0,0
Lu_4p12,108,2.89365355E-04,-7.088039E+01,8.801391E+02,3.592572E-03,1.233903E-02,0,0,0,0
Lu_4p12,109,3.16817200E-04,-7.086877E+01,7.761826E+02,3.948796E-03,1.332491E-02,0,0,0,0
Lu_4p12,110,3.46847541E-04,-7.085603E+01,6.821310E+02,4.336423E-03,1.438522E-02,0,0,0,0
Lu_4p12,111,3.79694864E-04,-7.084207E+01,5.971467E+02,4.759101E-03,1.552521E-02,0,0,0,0
Lu_4p12,112,4.15619192E-04,-7.082677E+01,5.204620E+02,5.220918E-03,1.675045E-02,0,0,0,0
Lu_4p12,113,4.54903944E-04,-7.080999E+01,4.513737E+02,5.726459E-03,1.806677E-02,0,0,0,0
Lu_4p12,114,4.97857967E-04,-7.079161E+01,3.892361E+02,6.280880E-03,1.948028E-02,0,0,0,0
Lu_4p12,115,5.44817717E-04,-7.077148E+01,3.334560E+02,6.889985E-03,2.099740E-02,0,0,0,0
Lu_4p12,116,5.96149619E-04,-7.074942E+01,2.834875E+02,7.560323E-03,2.262480E-02,0,0,0,0
Lu_4p12,117,6.52252617E-04,-7.072526E+01,2.388273E+02,8.299286E-03,2.436940E-02,0,0,0,0
Lu_4p12,118,7.13560914E-04,-7.069881E+01,1.990107E+02,9.115237E-03,2.623837E-02,0,0,0,0
Lu_4p12,119,7.80546942E-04,-7.066985E+01,1.636079E+02,1.001764E-02,2.823907E-02,0,0,0,0
Lu_4p12,120,8.53724541E-04,-7.063816E+01,1.322209E+02,1.101721E-02,3.037903E-02,0,0,0,0
Lu_4p12,121,9.33652389E-04,-7.060348E+01,1.044807E+02,1.212608E-02,3.266586E-02,0,0,0,0
Lu_4p12,122,1.02093769E-03,-7.056555E+01,8.004505E+01,1.335804E-02,3.510725E-02,0,0,0,0
Lu_4p12,123,1.11624013E-03,-7.052407E+01,5.859603E+01,1.472868E-02,3.771083E-02,0,0,0,0
Lu_4p12,124,1.22027613E-03,-7.047871E+01,3.983878E+01,1.625569E-02,4.048410E-02,0,0,0,0
Lu_4p12,125,1.33382338E-03,-7.042915E+01,2.349988E+01,1.795912E-02,4.343433E-02,0,0,0,0
Lu_4p12,126,1.45772573E-03,-7.037500E+01,9.326127E+00,1.986166E-02,4.656837E-02,0,0,0,0
Lu_4p12,127,1.59289840E-03,-7.031586E+01,-2.916405E+00,2.198900E-02,4.989254E-02,0,0,0,0
Lu_4p12,128,1.74033353E-03,-7.025132E+01,-1.344328E+01,2.437016E-02,5.341241E-02,0,0,0,0
Lu_4p12,129,1.90110615E-03,-7.018089E+01,-2.245243E+01,2.703787E-02,5.713257E-02,0,0,0,0
Lu_4p12,130,2.07638050E-03,-7.010410E+01,-3.012491E+01,3.002902E-02,6.105639E-02,0,0,0,0
Lu_4p12,131,2.26741677E-03,-7.002042E+01,-3.662553E+01,3.338506E-02,6.518575E-02,0,0,0,0
Lu_4p12,132,2.47557828E-03,-6.992927E+01,-4.210360E+01,3.715244E-02,6.952064E-02,0,0,0,0
Lu_4p12,133,2.70233906E-03,-6.983007E+01,-4.669358E+01,4.138309E-02,7.405884E-02,0,0,0,0
Lu_4p12,134,2.94929195E-03,-6.972219E+01,-5.051592E+01,4.613483E-02,7.879550E-02,0,0,0,0
Lu_4p12,135,3.21815711E-03,-6.960495E+01,-5.367778E+01,5.147181E-02,8.372266E-02,0,0,0,0
Lu_4p12,136,3.51079106E-03,-6.947767E+01,-5.627394E+01,5.746482E-02,8.882877E-02,0,0,0,0
Lu_4p12,137,3.82919619E-03,-6.933960E+01,-5.838764E+01,6.419161E-02,9.409812E-02,0,0,0,0
Lu_4p12,138,4.17553074E-03,-6.918999E+01,-6.009153E+01,7.173701E-02,9.951028E-02,0,0,0,0
Lu_4p12,139,4.55211944E-03,-6.902805E+01,-6.144855E+01,8.019289E-02,1.050395E-01,0,0,0,0
Lu_4p12,140,4.96146447E-03,-6.885296E+01,-6.251288E+01,8.965788E-02,1.106541E-01,0,0,0,0
Lu_4p12,141,5.40625706E-03,-6.866388E+01,-6.333086E+01,1.002368E-01,1.163158E-01,0,0,0,0
Lu_4p12,142,5.88938963E-03,-6.845996E+01,-6.394180E+01,1.120398E-01,1.219791E-01,0,0,0,0
Lu_4p12,143,6.41396839E-03,-6.824032E+01,-6.437887E+01,1.251805E-01,1.275909E-01,0,0,0,0
Lu_4p12,144,6.98332646E-03,-6.800407E+01,-6.466984E+01,1.397745E-01,1.330896E-01,0,0,0,0
Lu_4p12,145,7.60103751E-03,-6.775030E+01,-6.483782E+01,1.559361E-01,1.384051E-01,0,0,0,0
Lu_4p12,146,8.27092988E-03,-6.747811E+01,-6.490189E+01,1.737746E-01,1.434584E-01,0,0,0,0
Lu_4p12,147,8.99710118E-03,-6.718657E+01,-6.487768E+01,1.933901E-01,1.481615E-01,0,0,0,0
Lu_4p12,148,9.78393329E-03,-6.687474E+01,-6.477793E+01,2.148672E-01,1.524178E-01,0,0,0,0
Lu_4p12,149,1.06361078E-02,-6.654167E+01,-6.461289E+01,2.382682E-01,1.561223E-01,0,0,0,0
Lu_4p12,150,1.15586218E-02,-6.618641E+01,-6.439076E+01,2.636244E-01,1.591628E-01,0,0,0,0
Lu_4p12,151,1.25568040E-02,-6.580796E+01,-6.411802E+01,2.909266E-01,1.614212E-01,0,0,0,0
Lu_4p12,152,1.36363313E-02,-6.540535E+01,-6.379971E+01,3.201136E-01,1.627751E-01,0,0,0,0
Lu_4p12,153,1.48032451E-02,-6.497756E+01,-6.343968E+01,3.510596E-01,1.631007E-01,0,0,0,0
Lu_4p12,154,1.60639684E-02,-6.452362E+01,-6.304086E+01,3.835608E-01,1.622753E-01,0,0,0,0
Lu_4p12,155,1.74253227E-02,-6.404254E+01,-6.260539E+01,4.173205E-01,1.601815E-01,0,0,0,0
Lu_4p12,156,1.88945447E-02,-6.353341E+01,-6.213477E+01,4.519346E-01,1.567111E-01,0,0,0,0
Lu_4p12,157,2.04793037E-02,-6.299539E+01,-6.163009E+01,4.868774E-01,1.517705E-01,0,0,0,0
Lu_4p12,158,2.21877176E-02,-6.242773E+01,-6.109207E+01,5.214886E-01,1.452855E-01,0,0,0,0
Lu_4p12,159,2.40283703E-02,-6.182981E+01,-6.052116E+01,5.549632E-01,1.372075E-01,0,0,0,0
Lu_4p12,160,2.60103273E-02,-6.120111E+01,-5.991767E+01,5.863451E-01,1.275195E-01,0,0,0,0
Lu_4p12,161,2.81431521E-02,-6.054115E+01,-5.928175E+01,6.145264E-01,1.162420E-01,0,0,0,0
Lu_4p12,162,3.04369210E-02,-5.984944E+01,-5.861345E+01,6.382544E-01,1.034382E-01,0,0,0,0
Lu_4p12,163,3.29022384E-02,-5.912547E+01,-5.791265E+01,6.561475E-01,8.921994E-02,0,0,0,0
Lu_4p12,164,3.55502504E-02,-5.836870E+01,-5.717917E+01,6.667228E-01,7.375052E-02,0,0,0,0
Lu_4p12,165,3.83926583E-02,-5.757864E+01,-5.641276E+01,6.684356E-01,5.724691E-02,0,0,0,0
Lu_4p12,166,4.14417311E-02,-5.675496E+01,-5.561322E+01,6.597339E-01,3.998013E-02,0,0,0,0
Lu_4p12,167,4.47103165E-02,-5.589759E+01,-5.478053E+01,6.391261E-01,2.227248E-02,0,0,0,0
Lu_4p12,168,4.82118514E-02,-5.500674E+01,-5.391492E+01,6.052638E-01,4.492176E-03,0,0,0,0
Lu_4p12,169,5.19603709E-02,-5.408297E+01,-5.301688E+01,5.570354E-01,-1.295526E-02,0,0,0,0
Lu_4p12,170,5.59705163E-02,-5.312708E+01,-5.208717E+01,4.936699E-01,-2.963861E-02,0,0,0,0
Lu_4p12,171,6.02575411E-02,-5.214002E+01,-5.112669E+01,4.148446E-01,-4.511561E-02,0,0,0,0
Lu_4p12,172,6.48373163E-02,-5.112282E+01,-5.013644E+01,3.207909E-01,-5.895011E-02,0,0,0,0
Lu_4p12,173,6.97263340E-02,-5.007654E+01,-4.911743E+01,2.123919E-01,-7.073124E-02,0,0,0,0
Lu_4p12,174,7.49417091E-02,-4.900230E+01,-4.807073E+01,9.126066E-02,-8.009356E-02,0,0,0,0
Lu_4p12,175,8.05011798E-02,-4.790126E+01,-4.699747E+01,-4.020831E-02,-8.673725E-02,0,0,0,0
Lu_4p12,176,8.64231061E-02,-4.677502E+01,-4.589918E+01,-1.788245E-01,-9.044693E-02,0,0,0,0
Lu_4p12,177,9.27264671E-02,-4.562538E+01,-4.477757E+01,-3.206325E-01,-9.110760E-02,0,0,0,0
Lu_4p12,178,9.94308562E-02,-4.445469E+01,-4.363489E+01,-4.609947E-01,-8.871646E-02,0,0,0,0
Lu_4p12,179,1.06556475E-01,-4.326541E+01,-4.247351E+01,-5.947293E-01,-8.338909E-02,0,0,0,0
Lu_4p12,180,1.14124124E-01,-4.205996E+01,-4.129577E+01,-7.163020E-01,-7.535953E-02,0,0,0,0
Lu_4p12,181,1.22155196E-01,-4.084052E+01,-4.010381E+01,-8.200676E-01,-6.497347E-02,0,0,0,0
Lu_4p12,182,1.30671661E-01,-3.960930E+01,-3.889979E+01,-9.005513E-01,-5.267473E-02,0,0,0,0
Lu_4p12,183,1.39696055E-01,-3.836869E+01,-3.768605E+01,-9.527539E-01,-3.898516E-02,0,0,0,0
Lu_4p12,184,1.49251467E-01,-3.712155E+01,-3.646541E+01,-9.724630E-01,-2.447918E-02,0,0,0,0
Lu_4p12,185,1.59361522E-01,-3.587132E+01,-3.524120E+01,-9.565469E-01,-9.754316E-03,0,0,0,0
Lu_4p12,186,1.70050362E-01,-3.462150E+01,-3.401689E+01,-9.032079E-01,4.599940E-03,0,0,0,0
Lu_4p12,187,1.81342630E-01,-3.337542E+01,-3.279572E+01,-8.121732E-01,1.803264E-02,0,0,0,0
Lu_4p12,188,1.93263449E-01,-3.213569E+01,-3.158030E+01,-6.848056E-01,3.005907E-02,0,0,0,0
Lu_4p12,189,2.05838402E-01,-3.090408E+01,-3.037233E+01,-5.241202E-01,4.028387E-02,0,0,0,0
Lu_4p12,190,2.19093507E-01,-2.968140E+01,-2.917261E+01,-3.347012E-01,4.841826E-02,0,0,0,0
Lu_4p12,191,2.33055201E-01,-2.846816E+01,-2.798166E+01,-1.225170E-01,5.429045E-02,0,0,0,0
Lu_4p12,192,2.47750307E-01,-2.726489E+01,-2.679996E+01,1.053578E-01,5.784877E-02,0,0,0,0
Lu_4p12,193,2.63206019E-01,-2.607291E+01,-2.562885E+01,3.410977E-01,5.915712E-02,0,0,0,0
Lu_4p12,194,2.79449870E-01,-2.489435E+01,-2.447042E+01,5.765368E-01,5.838316E-02,0,0,0,0
Lu_4p12,195,2.96509710E-01,-2.373169E+01,-2.332713E+01,8.036010E-01,5.578016E-02,0,0,0,0
Lu_4p12,196,3.14413681E-01,-2.258696E+01,-2.220100E+01,1.014732E+00,5.166471E-02,0,0,0,0
Lu_4p12,197,3.33190188E-01,-2.146130E+01,-2.109320E+01,1.203273E+00,4.639254E-02,0,0,0,0
Lu_4p12,198,3.52867877E-01,-2.035548E+01,-2.000453E+01,1.363785E+00,4.033433E-02,0,0,0,0
Lu_4p12,199,3.73475605E-01,-1.927067E+01,-1.893617E+01,1.492283E+00,3.385297E-02,0,0,0,0
Lu_4p12,200,3.95042416E-01,-1.820943E+01,-1.789069E+01,1.586369E+00,2.728324E-02,0,0,0,0
Lu_4p12,201,4.17597515E-01,-1.717551E+01,-1.687185E+01,1.645259E+00,2.091530E-02,0,0,0,0
Lu_4p12,202,4.41170244E-01,-1.617347E+01,-1.588422E+01,1.669692E+00,1.498325E-02,0,0,0,0
Lu_4p12,203,4.65790054E-01,-1.520802E+01,-1.493253E+01,1.661761E+00,9.659408E-03,0,0,0,0
Lu_4p12,204,4.91486481E-01,-1.428334E+01,-1.402097E+01,1.624663E+00,5.054219E-03,0,0,0,0
Lu_4p12,205,5.18289124E-01,-1.340261E+01,-1.315275E+01,1.562413E+00,1.220865E-03,0,0,0,0
Lu_4p12,206,5.46227617E-01,-1.256783E+01,-1.232987E+01,1.479540E+00,-1.836712E-03,0,0,0,0
Lu_4p12,207,5.75331612E-01,-1.177967E+01,-1.155305E+01,1.380796E+00,-4.153868E-03,0,0,0,0
Lu_4p12,208,6.05630751E-01,-1.103791E+01,-1.082206E+01,1.270902E+00,-5.794771E-03,0,0,0,0
Lu_4p12,209,6.37154647E-01,-1.034137E+01,-1.013575E+01,1.154325E+00,-6.842367E-03,0,0,0,0
Lu_4p12,210,6.69932864E-01,-9.688292E+00,-9.492398E+00,1.035115E+00,-7.389442E-03,0,0,0,0
Lu_4p12,211,7.03994894E-01,-9.076812E+00,-8.890143E+00,9.167920E-01,-7.531280E-03,0,0,0,0
Lu_4p12,212,7.39370141E-01,-8.504780E+00,-8.326863E+00,8.022722E-01,-7.359928E-03,0,0,0,0
Lu_4p12,213,7.76087899E-01,-7.970104E+00,-7.800486E+00,6.938491E-01,-6.960024E-03,0,0,0,0
Lu_4p12,214,8.14177341E-01,-7.470733E+00,-7.308980E+00,5.932035E-01,-6.406122E-03,0,0,0,0
Lu_4p12,215,8.53667493E-01,-7.004632E+00,-6.850333E+00,5.014451E-01,-5.761252E-03,0,0,0,0
Lu_4p12,216,8.94587226E-01,-6.569778E+00,-6.422541E+00,4.191743E-01,-5.076505E-03,0,0,0,0
Lu_4p12,217,9.36965239E-01,-6.164163E+00,-6.023616E+00,3.465570E-01,-4.391425E-03,0,0,0,0
Lu_4p12,218,9.80830042E-01,-5.785828E+00,-5.651619E+00,2.834062E-01,-3.734968E-03,0,0,0,0
Lu_4p12,219,1.02620995E+00,-5.432904E+00,-5.304700E+00,2.292631E-01,-3.126825E-03,0,0,0,0
Lu_4p12,220,1.07313306E+00,-5.103643E+00,-4.981127E+00,1.834747E-01,-2.578928E-03,0,0,0,0
Lu_4p12,221,1.12162725E+00,-4.796473E+00,-4.679348E+00,1.452629E-01,-2.096984E-03,0,0,0,0
Lu_4p12,222,1.17172015E+00,-4.509912E+00,-4.397896E+00,1.137843E-01,-1.681937E-03,0,0,0,0
Lu_4p12,223,1.22343919E+00,-4.242643E+00,-4.135470E+00,8.817906E-02,-1.331294E-03,0,0,0,0
Lu_4p12,224,1.27681148E+00,-3.993417E+00,-3.890836E+00,6.760918E-02,-1.040258E-03,0,0,0,0
Lu_4p12,225,1.33186393E+00,-3.761051E+00,-3.662824E+00,5.128609E-02,-8.026644E-04,0,0,0,0
Lu_4p12,226,1.38862315E+00,-3.544410E+00,-3.450314E+00,3.848924E-02,-6.117173E-04,0,0,0,0
Lu_4p12,227,1.44711548E+00,-3.342396E+00,-3.252220E+00,2.857678E-02,-4.605424E-04,0,0,0,0
Lu_4p12,228,1.50736699E+00,-3.153955E+00,-3.067500E+00,2.098970E-02,-3.425716E-04,0,0,0,0
Lu_4p12,229,1.56940344E+00,-2.978073E+00,-2.895151E+00,1.525105E-02,-2.517926E-04,0,0,0,0
Lu_4p12,230,1.63325033E+00,-2.813800E+00,-2.734234E+00,1.096155E-02,-1.828851E-04,0,0,0,0
Lu_4p12,231,1.69893283E+00,-2.660255E+00,-2.583878E+00,7.792906E-03,-1.312750E-04,0,0,0,0
Lu_4p12,232,1.76647584E+00,-2.516639E+00,-2.443293E+00,5.479688E-03,-9.312547E-05,0,0,0,0
Lu_4p12,233,1.83590395E+00,-2.382246E+00,-2.311782E+00,3.810774E-03,-6.528984E-05,0,0,0,0
Lu_4p12,234,1.90724144E+00,-2.256463E+00,-2.188742E+00,2.620850E-03,-4.523917E-05,0,0,0,0
Lu_4p12,235,1.98051228E+00,-2.138770E+00,-2.073658E+00,1.782429E-03,-3.097929E-05,0,0,0,0
Lu_4p12,236,2.05574015E+00,-2.028725E+00,-1.966097E+00,1.198648E-03,-2.096563E-05,0,0,0,0
Lu_4p12,237,2.13294840E+00,-1.925951E+00,-1.865688E+00,7.969811E-04,-1.402207E-05,0,0,0,0
Lu_4p12,238,2.21216008E+00,-1.830112E+00,-1.772103E+00,5.239003E-04,-9.267644E-06,0,0,0,0
Lu_4p12,239,2.29339794E+00,-1.740893E+00,-1.685031E+00,3.404553E-04,-6.052880E-06,0,0,0,0
Lu_4p12,240,2.37668441E+00,-1.657974E+00,-1.604160E+00,2.186999E-04,-3.906344E-06,0,0,0,0
Lu_4p12,241,2.46204160E+00,-1.581013E+00,-1.529153E+00,1.388611E-04,-2.490988E-06,0,0,0,0
Lu_4p12,242,2.54949133E+00,-1.510614E+00,-1.460618E+00,8.714129E-05,-1.569429E-06,0,0,0,0
Lu_4p12,243,2.63905511E+00,-1.447346E+00,-1.399129E+00,5.404397E-05,-9.769207E-07,0,0,0,0
Lu_4p12,244,2.73075413E+00,-1.390683E+00,-1.344164E+00,3.312211E-05,-6.007646E-07,0,0,0,0
Lu_4p12,245,2.82460929E+00,-1.340113E+00,-1.295216E+00,2.005872E-05,-3.649674E-07,0,0,0,0
Lu_4p12,246,2.92064119E+00,-1.295138E+00,-1.251791E+00,1.200241E-05,-2.190200E-07,0,0,0,0
Lu_4p12,247,3.01887011E+00,-1.255280E+00,-1.213416E+00,7.095433E-06,-1.298275E-07,0,0,0,0
Lu_4p12,248,3.11931605E+00,-1.220084E+00,-1.179637E+00,4.143802E-06,-7.601065E-08,0,0,0,0
Lu_4p12,249,3.22199870E+00,-1.189114E+00,-1.150023E+00,2.390520E-06,-4.395188E-08,0,0,0,0
Lu_4p12,250,3.32693748E+00,-1.161962E+00,-1.124169E+00,1.362142E-06,-2.509832E-08,0,0,0,0
Lu_4p12,251,3.43415149E+00,-1.138242E+00,-1.101692E+00,7.665695E-07,-1.415284E-08,0,0,0,0
Lu_4p12,252,3.54365956E+00,-1.117598E+00,-1.082237E+00,4.260323E-07,-7.880279E-09,0,0,0,0
Lu_4p12,253,3.65548024E+00,-1.099695E+00,-1.065474E+00,2.338070E-07,-4.332158E-09,0,0,0,0
Lu_4p12,254,3.76963178E+00,-1.084227E+00,-1.051099E+00,1.266946E-07,-2.351240E-09,0,0,0,0
Lu_4p12,255,3.88613217E+00,-1.070913E+00,-1.038832E+00,6.778080E-08,-1.259751E-09,0,0,0,0
Lu_4p12,256,4.00499912E+00,-1.059495E+00,-1.028419E+00,3.579848E-08,-6.662407E-10,0,0,0,0
Lu_4p12,257,4.12625005E+00,-1.049740E+00,-1.019628E+00,1.866352E-08,-3.477768E-10,0,0,0,0
Lu_4p12,258,4.24990215E+00,-1.041437E+00,-1.012250E+00,9.604079E-09,-1.791663E-10,0,0,0,0
Lu_4p12,259,4.37597231E+00,-1.034397E+00,-1.006098E+00,4.877673E-09,-9.108817E-11,0,0,0,0
Lu_4p12,260,4.50447717E+00,-1.028451E+00,-1.001005E+00,2.444706E-09,-4.569624E-11,0,0,0,0
Lu_4p12,261,4.63543312E+00,-1.023448E+00,-9.968211E-01,1.209093E-09,-2.261909E-11,0,0,0,0
Lu_4p12,262,4.76885630E+00,-1.019254E+00,-9.934149E-01,5.900309E-10,-1.104610E-11,0,0,0,0
Lu_4p12,263,4.90476257E+00,-1.015752E+00,-9.906704E-01,2.840756E-10,-5.321638E-12,0,0,0,0
Lu_4p12,264,5.04316759E+00,-1.012840E+00,-9.884863E-01,1.349276E-10,-2.610535E-12,0,0,0,0
Lu_4p12,265,5.18408673E+00,-1.010427E+00,-9.867740E-01,6.321760E-11,-9.869454E-13,0,0,0,0
Lu_4p32,0,1.40845070E-08,-1.178053E-02,8.875546E+06,5.869070E-13,-1.010436E-17,0,0,0,0
Lu_4p32,1,1.54458033E-08,-1.291915E-02,8.093335E+06,7.054826E-13,-1.332281E-17,0,0,0,0
Lu_4p32,2,1.69386420E-08,-1.416778E-02,7.380075E+06,8.481170E-13,-1.756518E-17,0,0,0,0
Lu_4p32,3,1.85757639E-08,-1.553710E-02,6.729675E+06,1.019683E-12,-2.315846E-17,0,0,0,0
Lu_4p32,4,2.03710783E-08,-1.703873E-02,6.136605E+06,1.226040E-12,-3.053360E-17,0,0,0,0
Lu_4p32,5,2.23399067E-08,-1.868550E-02,5.595802E+06,1.474234E-12,-4.025919E-17,0,0,0,0
Lu_4p32,6,2.44990189E-08,-2.049142E-02,5.102660E+06,1.772743E-12,-5.308491E-17,0,0,0,0
Lu_4p32,7,2.68667586E-08,-2.247184E-02,4.652986E+06,2.131756E-12,-6.999914E-17,0,0,0,0
Lu_4p32,8,2.94633317E-08,-2.464366E-02,4.242940E+06,2.563533E-12,-9.230599E-17,0,0,0,0
Lu_4p32,9,3.23108539E-08,-2.702537E-02,3.869030E+06,3.082816E-12,-1.217250E-16,0,0,0,0
Lu_4p32,10,3.54335170E-08,-2.963723E-02,3.528078E+06,3.707329E-12,-1.605234E-16,0,0,0,0
Lu_4p32,11,3.88579005E-08,-3.250144E-02,3.217179E+06,4.458390E-12,-2.116915E-16,0,0,0,0
Lu_4p32,12,4.26132991E-08,-3.564252E-02,2.933671E+06,5.361648E-12,-2.791755E-16,0,0,0,0
Lu_4p32,13,4.67314733E-08,-3.908704E-02,2.675157E+06,6.447920E-12,-3.681730E-16,0,0,0,0
Lu_4p32,14,5.12476303E-08,-4.286443E-02,2.439424E+06,7.754295E-12,-4.855468E-16,0,0,0,0
Lu_4p32,15,5.62002313E-08,-4.700687E-02,2.224464E+06,9.325365E-12,-6.403439E-16,0,0,0,0
Lu_4p32,16,6.16312403E-08,-5.154947E-02,2.028454E+06,1.121473E-11,-8.444881E-16,0,0,0,0
Lu_4p32,17,6.75872020E-08,-5.653114E-02,1.849713E+06,1.348692E-11,-1.113725E-15,0,0,0,0
Lu_4p32,18,7.41184821E-08,-6.199401E-02,1.686728E+06,1.621942E-11,-1.468789E-15,0,0,0,0
Lu_4p32,19,8.12809116E-08,-6.798480E-02,1.538105E+06,1.950554E-11,-1.937055E-15,0,0,0,0
Lu_4p32,20,8.91353265E-08,-7.455437E-02,1.402580E+06,2.345738E-11,-2.554602E-15,0,0,0,0
Lu_4p32,21,9.77487367E-08,-8.175877E-02,1.278998E+06,2.820984E-11,-3.369030E-15,0,0,0,0
Lu_4p32,22,1.07194113E-07,-8.965905E-02,1.166308E+06,3.392503E-11,-4.443065E-15,0,0,0,0
Lu_4p32,23,1.17552189E-07,-9.832272E-02,1.063548E+06,4.079802E-11,-5.859504E-15,0,0,0,0
Lu_4p32,24,1.28910932E-07,-1.078234E-01,9.698439E+05,4.906329E-11,-7.727463E-15,0,0,0,0
Lu_4p32,25,1.41366993E-07,-1.182418E-01,8.843975E+05,5.900285E-11,-1.019086E-14,0,0,0,0
Lu_4p32,26,1.55026355E-07,-1.296667E-01,8.064811E+05,7.095580E-11,-1.343950E-14,0,0,0,0
Lu_4p32,27,1.70005236E-07,-1.421953E-01,7.354308E+05,8.532991E-11,-1.772364E-14,0,0,0,0
Lu_4p32,28,1.86431075E-07,-1.559342E-01,6.706415E+05,1.026156E-10,-2.337333E-14,0,0,0,0
Lu_4p32,29,2.04443616E-07,-1.710001E-01,6.115614E+05,1.234024E-10,-3.082380E-14,0,0,0,0
Lu_4p32,30,2.24195708E-07,-1.875211E-01,5.576882E+05,1.483993E-10,-4.064875E-14,0,0,0,0
Lu_4p32,31,2.45856126E-07,-2.056382E-01,5.085611E+05,1.784591E-10,-5.360539E-14,0,0,0,0
Lu_4p32,32,2.69608304E-07,-2.255048E-01,4.637636E+05,2.146068E-10,-7.069114E-14,0,0,0,0
Lu_4p32,33,2.95654667E-07,-2.472904E-01,4.229133E+05,2.580753E-10,-9.322220E-14,0,0,0,0
Lu_4p32,34,3.24216193E-07,-2.711796E-01,3.856629E+05,3.103466E-10,-1.229332E-13,0,0,0,0
Lu_4p32,35,3.55536886E-07,-2.973766E-01,3.516939E+05,3.732037E-10,-1.621134E-13,0,0,0,0
Lu_4p32,36,3.89881261E-07,-3.261026E-01,3.207189E+05,4.487888E-10,-2.137774E-13,0,0,0,0
Lu_4p32,37,4.27542511E-07,-3.576028E-01,2.924728E+05,5.396795E-10,-2.819049E-13,0,0,0,0
Lu_4p32,38,4.68840899E-07,-3.921450E-01,2.667152E+05,6.489744E-10,-3.717413E-13,0,0,0,0
Lu_4p32,39,5.14125814E-07,-4.300215E-01,2.432277E+05,7.803979E-10,-4.901988E-13,0,0,0,0
Lu_4p32,40,5.63783777E-07,-4.715555E-01,2.218092E+05,9.384306E-10,-6.464002E-13,0,0,0,0
Lu_4p32,41,6.18235912E-07,-5.170992E-01,2.022780E+05,1.128458E-09,-8.523656E-13,0,0,0,0
Lu_4p32,42,6.77944859E-07,-5.670395E-01,1.844676E+05,1.356955E-09,-1.123947E-12,0,0,0,0
Lu_4p32,43,7.43417883E-07,-6.218005E-01,1.682263E+05,1.631708E-09,-1.482043E-12,0,0,0,0
Lu_4p32,44,8.15209759E-07,-6.818461E-01,1.534163E+05,1.962076E-09,-1.954201E-12,0,0,0,0
Lu_4p32,45,8.93933023E-07,-7.476885E-01,1.399107E+05,2.359316E-09,-2.576766E-12,0,0,0,0
Lu_4p32,46,9.80253329E-07,-8.198841E-01,1.275952E+05,2.836955E-09,-3.397611E-12,0,0,0,0
Lu_4p32,47,1.07490332E-06,-8.990456E-01,1.163648E+05,3.411260E-09,-4.479870E-12,0,0,0,0
Lu_4p32,48,1.17868778E-06,-9.858455E-01,1.061239E+05,4.101789E-09,-5.906795E-12,0,0,0,0
Lu_4p32,49,1.29248727E-06,-1.081020E+00,9.678516E+04,4.932053E-09,-7.788112E-12,0,0,0,0
Lu_4p32,50,1.41726642E-06,-1.185375E+00,8.826928E+04,5.930313E-09,-1.026846E-11,0,0,0,0
Lu_4p32,51,1.55408252E-06,-1.299794E+00,8.050382E+04,7.130543E-09,-1.353848E-11,0,0,0,0
Lu_4p32,52,1.70409879E-06,-1.425248E+00,7.342252E+04,8.573595E-09,-1.784958E-11,0,0,0,0
Lu_4p32,53,1.86858481E-06,-1.562798E+00,6.696524E+04,1.030856E-08,-2.353302E-11,0,0,0,0
Lu_4p32,54,2.04893518E-06,-1.713608E+00,6.107702E+04,1.239446E-08,-3.102546E-11,0,0,0,0
Lu_4p32,55,2.24667680E-06,-1.878953E+00,5.570778E+04,1.490224E-08,-4.090239E-11,0,0,0,0
Lu_4p32,56,2.46348896E-06,-2.060232E+00,5.081174E+04,1.791718E-08,-5.392258E-11,0,0,0,0
Lu_4p32,57,2.70120429E-06,-2.258975E+00,4.634735E+04,2.154176E-08,-7.108555E-11,0,0,0,0
Lu_4p32,58,2.96183615E-06,-2.476857E+00,4.227659E+04,2.589919E-08,-9.370880E-11,0,0,0,0
Lu_4p32,59,3.24759167E-06,-2.715716E+00,3.856484E+04,3.113751E-08,-1.235286E-10,0,0,0,0
Lu_4p32,60,3.56088877E-06,-2.977564E+00,3.518053E+04,3.743469E-08,-1.628326E-10,0,0,0,0
Lu_4p32,61,3.90437587E-06,-3.264600E+00,3.209488E+04,4.500457E-08,-2.146350E-10,0,0,0,0
Lu_4p32,62,4.28096072E-06,-3.579235E+00,2.928164E+04,5.410416E-08,-2.829077E-10,0,0,0,0
Lu_4p32,63,4.69382455E-06,-3.924105E+00,2.671690E+04,6.504227E-08,-3.728825E-10,0,0,0,0
Lu_4p32,64,5.14645651E-06,-4.302092E+00,2.437886E+04,7.818999E-08,-4.914517E-10,0,0,0,0
Lu_4p32,65,5.64267994E-06,-4.716348E+00,2.224764E+04,9.399321E-08,-6.476932E-10,0,0,0,0
Lu_4p32,66,6.18668621E-06,-5.170318E+00,2.030512E+04,1.129876E-07,-8.535637E-10,0,0,0,0
Lu_4p32,67,6.78306446E-06,-5.667761E+00,1.853481E+04,1.358169E-07,-1.124806E-09,0,0,0,0
Lu_4p32,68,7.43684772E-06,-6.212780E+00,1.692167E+04,1.632540E-07,-1.482150E-09,0,0,0,0
Lu_4p32,69,8.15354812E-06,-6.809847E+00,1.545200E+04,1.962278E-07,-1.952881E-09,0,0,0,0
Lu_4p32,70,8.93920529E-06,-7.463830E+00,1.411334E+04,2.358537E-07,-2.572913E-09,0,0,0,0
Lu_4p32,71,9.80043817E-06,-8.180023E+00,1.289434E+04,2.834710E-07,-3.389500E-09,0,0,0,0
Lu_4p32,72,1.07444991E-05,-8.964176E+00,1.178467E+04,3.406885E-07,-4.464804E-09,0,0,0,0
Lu_4p32,73,1.17793295E-05,-9.822511E+00,1.077495E+04,4.094370E-07,-5.880562E-09,0,0,0,0
Lu_4p32,74,1.29136348E-05,-1.076176E+01,9.856670E+03,4.920348E-07,-7.744228E-09,0,0,0,0
Lu_4p32,75,1.41569462E-05,-1.178916E+01,9.022100E+03,5.912641E-07,-1.019698E-08,0,0,0,0
Lu_4p32,76,1.55197075E-05,-1.291250E+01,8.264256E+03,7.104632E-07,-1.342422E-08,0,0,0,0
Lu_4p32,77,1.70133553E-05,-1.414009E+01,7.576839E+03,8.536369E-07,-1.766926E-08,0,0,0,0
Lu_4p32,78,1.86504207E-05,-1.548074E+01,6.954218E+03,1.025588E-06,-2.325122E-08,0,0,0,0
Lu_4p32,79,2.04446227E-05,-1.694375E+01,6.391260E+03,1.232074E-06,-3.058819E-08,0,0,0,0
Lu_4p32,80,2.24109875E-05,-1.853882E+01,5.883520E+03,1.479996E-06,-4.022741E-08,0,0,0,0
Lu_4p32,81,2.45659712E-05,-2.027593E+01,5.427284E+03,1.777619E-06,-5.288427E-08,0,0,0,0
Lu_4p32,82,2.69275913E-05,-2.216516E+01,5.018870E+03,2.134838E-06,-6.949250E-08,0,0,0,0
Lu_4p32,83,2.95155769E-05,-2.421648E+01,4.655748E+03,2.563495E-06,-9.126863E-08,0,0,0,0
Lu_4p32,84,3.23515278E-05,-2.643933E+01,4.335897E+03,3.077746E-06,-1.197941E-07,0,0,0,0
Lu_4p32,85,3.54590885E-05,-2.884216E+01,4.057607E+03,3.694506E-06,-1.571193E-07,0,0,0,0
Lu_4p32,86,3.88641460E-05,-3.143171E+01,3.820346E+03,4.433965E-06,-2.058936E-07,0,0,0,0
Lu_4p32,87,4.25950311E-05,-3.421206E+01,3.624447E+03,5.320198E-06,-2.695272E-07,0,0,0,0
Lu_4p32,88,4.66827539E-05,-3.718335E+01,3.471129E+03,6.381881E-06,-3.523874E-07,0,0,0,0
Lu_4p32,89,5.11612515E-05,-4.034008E+01,3.363171E+03,7.653126E-06,-4.600330E-07,0,0,0,0
Lu_4p32,90,5.60676589E-05,-4.366875E+01,3.305270E+03,9.174460E-06,-5.994844E-07,0,0,0,0
Lu_4p32,91,6.14426048E-05,-4.714482E+01,3.304220E+03,1.099397E-05,-7.795212E-07,0,0,0,0
Lu_4p32,92,6.73305476E-05,-5.072868E+01,3.369675E+03,1.316862E-05,-1.010983E-06,0,0,0,0
Lu_4p32,93,7.37801101E-05,-5.436047E+01,3.514640E+03,1.576585E-05,-1.307027E-06,0,0,0,0
Lu_4p32,94,8.08444839E-05,-5.795353E+01,3.754473E+03,1.886547E-05,-1.683265E-06,0,0,0,0
Lu_4p32,95,8.85818410E-05,-6.138718E+01,4.100158E+03,2.256194E-05,-2.157633E-06,0,0,0,0
Lu_4p32,96,9.70557919E-05,-6.450115E+01,4.524009E+03,2.696731E-05,-2.749815E-06,0,0,0,0
Lu_4p32,97,1.06335888E-04,-6.710130E+01,4.857000E+03,3.221474E-05,-3.480039E-06,0,0,0,0
Lu_4p32,98,1.16498167E-04,-6.900239E+01,4.750119E+03,3.846130E-05,-4.367406E-06,0,0,0,0
Lu_4p32,99,1.27625740E-04,-7.013925E+01,4.025015E+03,4.589312E-05,-5.429189E-06,0,0,0,0
Lu_4p32,100,1.39809443E-04,-7.066706E+01,3.032300E+03,5.473871E-05,-6.683723E-06,0,0,0,0
Lu_4p32,101,1.53148538E-04,-7.085775E+01,2.271314E+03,6.527294E-05,-8.156561E-06,0,0,0,0
Lu_4p32,102,1.67751469E-04,-7.091153E+01,1.846331E+03,7.781466E-05,-9.884740E-06,0,0,0,0
Lu_4p32,103,1.83736702E-04,-7.092048E+01,1.599612E+03,9.274164E-05,-1.191718E-05,0,0,0,0
Lu_4p32,104,2.01233621E-04,-7.091667E+01,1.417322E+03,1.105052E-04,-1.431413E-05,0,0,0,0
Lu_4p32,105,2.20383511E-04,-7.090932E+01,1.261348E+03,1.316414E-04,-1.714766E-05,0,0,0,0
Lu_4p32,106,2.41340621E-04,-7.090062E+01,1.121533E+03,1.567862E-04,-2.050306E-05,0,0,0,0
Lu_4p32,107,2.64273321E-04,-7.089098E+01,9.949151E+02,1.866928E-04,-2.448108E-05,0,0,0,0
Lu_4p32,108,2.89365355E-04,-7.088039E+01,8.801391E+02,2.222541E-04,-2.920072E-05,0,0,0,0
Lu_4p32,109,3.16817200E-04,-7.086877E+01,7.761826E+02,2.645272E-04,-3.480261E-05,0,0,0,0
Lu_4p32,110,3.46847541E-04,-7.085603E+01,6.821310E+02,3.147640E-04,-4.145294E-05,0,0,0,0
Lu_4p32,111,3.79694864E-04,-7.084207E+01,5.971467E+02,3.744451E-04,-4.934812E-05,0,0,0,0
Lu_4p32,112,4.15619192E-04,-7.082677E+01,5.204620E+02,4.453212E-04,-5.872024E-05,0,0,0,0
Lu_4p32,113,4.54903944E-04,-7.080999E+01,4.513737E+02,5.294611E-04,-6.984340E-05,0,0,0,0
Lu_4p32,114,4.97857967E-04,-7.079161E+01,3.892361E+02,6.293069E-04,-8.304118E-05,0,0,0,0
Lu_4p32,115,5.44817717E-04,-7.077148E+01,3.334560E+02,7.477398E-04,-9.869535E-05,0,0,0,0
Lu_4p32,116,5.96149619E-04,-7.074942E+01,2.834875E+02,8.881559E-04,-1.172560E-04,0,0,0,0
Lu_4p32,117,6.52252617E-04,-7.072526E+01,2.388273E+02,1.054555E-03,-1.392531E-04,0,0,0,0
Lu_4p32,118,7.13560914E-04,-7.069881E+01,1.990107E+02,1.251641E-03,-1.653108E-04,0,0,0,0
Lu_4p32,119,7.80546942E-04,-7.066985E+01,1.636079E+02,1.484945E-03,-1.961625E-04,0,0,0,0
Lu_4p32,120,8.53724541E-04,-7.063816E+01,1.322209E+02,1.760959E-03,-2.326698E-04,0,0,0,0
Lu_4p32,121,9.33652389E-04,-7.060348E+01,1.044807E+02,2.087291E-03,-2.758434E-04,0,0,0,0
Lu_4p32,122,1.02093769E-03,-7.056555E+01,8.004505E+01,2.472856E-03,-3.268675E-04,0,0,0,0
Lu_4p32,123,1.11624013E-03,-7.052407E+01,5.859603E+01,2.928070E-03,-3.871275E-04,0,0,0,0
Lu_4p32,124,1.22027613E-03,-7.047871E+01,3.983878E+01,3.465099E-03,-4.582423E-04,0,0,0,0
Lu_4p32,125,1.33382338E-03,-7.042915E+01,2.349988E+01,4.098118E-03,-5.421002E-04,0,0,0,0
Lu_4p32,126,1.45772573E-03,-7.037500E+01,9.326127E+00,4.843617E-03,-6.409000E-04,0,0,0,0
Lu_4p32,127,1.59289840E-03,-7.031586E+01,-2.916405E+00,5.720745E-03,-7.571974E-04,0,0,0,0
Lu_4p32,128,1.74033353E-03,-7.025132E+01,-1.344328E+01,6.751681E-03,-8.939569E-04,0,0,0,0
Lu_4p32,129,1.90110615E-03,-7.018089E+01,-2.245243E+01,7.962065E-03,-1.054610E-03,0,0,0,0
Lu_4p32,130,2.07638050E-03,-7.010410E+01,-3.012491E+01,9.381453E-03,-1.243118E-03,0,0,0,0
Lu_4p32,131,2.26741677E-03,-7.002042E+01,-3.662553E+01,1.104383E-02,-1.464045E-03,0,0,0,0
Lu_4p32,132,2.47557828E-03,-6.992927E+01,-4.210360E+01,1.298814E-02,-1.722631E-03,0,0,0,0
Lu_4p32,133,2.70233906E-03,-6.983007E+01,-4.669358E+01,1.525888E-02,-2.024876E-03,0,0,0,0
Lu_4p32,134,2.94929195E-03,-6.972219E+01,-5.051592E+01,1.790668E-02,-2.377625E-03,0,0,0,0
Lu_4p32,135,3.21815711E-03,-6.960495E+01,-5.367778E+01,2.098896E-02,-2.788663E-03,0,0,0,0
Lu_4p32,136,3.51079106E-03,-6.947767E+01,-5.627394E+01,2.457048E-02,-3.266804E-03,0,0,0,0
Lu_4p32,137,3.82919619E-03,-6.933960E+01,-5.838764E+01,2.872398E-02,-3.821981E-03,0,0,0,0
Lu_4p32,138,4.17553074E-03,-6.918999E+01,-6.009153E+01,3.353065E-02,-4.465339E-03,0,0,0,0
Lu_4p32,139,4.55211944E-03,-6.902805E+01,-6.144855E+01,3.908060E-02,-5.209309E-03,0,0,0,0
Lu_4p32,140,4.96146447E-03,-6.885296E+01,-6.251288E+01,4.547308E-02,-6.067678E-03,0,0,0,0
Lu_4p32,141,5.40625706E-03,-6.866388E+01,-6.333086E+01,5.281655E-02,-7.055623E-03,0,0,0,0
Lu_4p32,142,5.88938963E-03,-6.845996E+01,-6.394180E+01,6.122841E-02,-8.189732E-03,0,0,0,0
Lu_4p32,143,6.41396839E-03,-6.824032E+01,-6.437887E+01,7.083436E-02,-9.487968E-03,0,0,0,0
Lu_4p32,144,6.98332646E-03,-6.800407E+01,-6.466984E+01,8.176722E-02,-1.096959E-02,0,0,0,0
Lu_4p32,145,7.60103751E-03,-6.775030E+01,-6.483782E+01,9.416519E-02,-1.265500E-02,0,0,0,0
Lu_4p32,146,8.27092988E-03,-6.747811E+01,-6.490189E+01,1.081693E-01,-1.456551E-02,0,0,0,0
Lu_4p32,147,8.99710118E-03,-6.718657E+01,-6.487768E+01,1.239197E-01,-1.672299E-02,0,0,0,0
Lu_4p32,148,9.78393329E-03,-6.687474E+01,-6.477793E+01,1.415516E-01,-1.914943E-02,0,0,0,0
Lu_4p32,149,1.06361078E-02,-6.654167E+01,-6.461289E+01,1.611887E-01,-2.186632E-02,0,0,0,0
Lu_4p32,150,1.15586218E-02,-6.618641E+01,-6.439076E+01,1.829365E-01,-2.489391E-02,0,0,0,0
Lu_4p32,151,1.25568040E-02,-6.580796E+01,-6.411802E+01,2.068735E-01,-2.825023E-02,0,0,0,0
Lu_4p32,152,1.36363313E-02,-6.540535E+01,-6.379971E+01,2.330403E-01,-3.195000E-02,0,0,0,0
Lu_4p32,153,1.48032451E-02,-6.497756E+01,-6.343968E+01,2.614278E-01,-3.600330E-02,0,0,0,0
Lu_4p32,154,1.60639684E-02,-6.452362E+01,-6.304086E+01,2.919636E-01,-4.041403E-02,0,0,0,0
Lu_4p32,155,1.74253227E-02,-6.404254E+01,-6.260539E+01,3.244968E-01,-4.517822E-02,0,0,0,0
Lu_4p32,156,1.88945447E-02,-6.353341E+01,-6.213477E+01,3.587817E-01,-5.028219E-02,0,0,0,0
Lu_4p32,157,2.04793037E-02,-6.299539E+01,-6.163009E+01,3.944612E-01,-5.570061E-02,0,0,0,0
Lu_4p32,158,2.21877176E-02,-6.242773E+01,-6.109207E+01,4.310502E-01,-6.139455E-02,0,0,0,0
Lu_4p32,159,2.40283703E-02,-6.182981E+01,-6.052116E+01,4.679207E-01,-6.730961E-02,0,0,0,0
Lu_4p32,160,2.60103273E-02,-6.120111E+01,-5.991767E+01,5.042887E-01,-7.337418E-02,0,0,0,0
Lu_4p32,161,2.81431521E-02,-6.054115E+01,-5.928175E+01,5.392053E-01,-7.949816E-02,0,0,0,0
Lu_4p32,162,3.04369210E-02,-5.984944E+01,-5.861345E+01,5.715546E-01,-8.557204E-02,0,0,0,0
Lu_4p32,163,3.29022384E-02,-5.912547E+01,-5.791265E+01,6.000579E-01,-9.146676E-02,0,0,0,0
Lu_4p32,164,3.55502504E-02,-5.836870E+01,-5.717917E+01,6.232888E-01,-9.703438E-02,0,0,0,0
Lu_4p32,165,3.83926583E-02,-5.757864E+01,-5.641276E+01,6.397002E-01,-1.021099E-01,0,0,0,0
Lu_4p32,166,4.14417311E-02,-5.675496E+01,-5.561322E+01,6.476644E-01,-1.065146E-01,0,0,0,0
Lu_4p32,167,4.47103165E-02,-5.589759E+01,-5.478053E+01,6.455287E-01,-1.100724E-01,0,0,0,0
Lu_4p32,168,4.82118514E-02,-5.500674E+01,-5.391492E+01,6.316859E-01,-1.125827E-01,0,0,0,0
Lu_4p32,169,5.19603709E-02,-5.408297E+01,-5.301688E+01,6.046596E-01,-1.138588E-01,0,0,0,0
Lu_4p32,170,5.59705163E-02,-5.312708E+01,-5.208717E+01,5.632032E-01,-1.137265E-01,0,0,0,0
Lu_4p32,171,6.02575411E-02,-5.214002E+01,-5.112669E+01,5.064080E-01,-1.120345E-01,0,0,0,0
Lu_4p32,172,6.48373163E-02,-5.112282E+01,-5.013644E+01,4.338166E-01,-1.086644E-01,0,0,0,0
Lu_4p32,173,6.97263340E-02,-5.007654E+01,-4.911743E+01,3.455339E-01,-1.035404E-01,0,0,0,0
Lu_4p32,174,7.49417091E-02,-4.900230E+01,-4.807073E+01,2.423297E-01,-9.663980E-02,0,0,0,0
Lu_4p32,175,8.05011798E-02,-4.790126E+01,-4.699747E+01,1.257207E-01,-8.800056E-02,0,0,0,0
Lu_4p32,176,8.64231061E-02,-4.677502E+01,-4.589918E+01,-1.975295E-03,-7.772774E-02,0,0,0,0
Lu_4p32,177,9.27264671E-02,-4.562538E+01,-4.477757E+01,-1.376245E-01,-6.599656E-02,0,0,0,0
Lu_4p32,178,9.94308562E-02,-4.445469E+01,-4.363489E+01,-2.773088E-01,-5.305182E-02,0,0,0,0
Lu_4p32,179,1.06556475E-01,-4.326541E+01,-4.247351E+01,-4.164114E-01,-3.920320E-02,0,0,0,0
Lu_4p32,180,1.14124124E-01,-4.205996E+01,-4.129577E+01,-5.497573E-01,-2.481622E-02,0,0,0,0
Lu_4p32,181,1.22155196E-01,-4.084052E+01,-4.010381E+01,-6.718104E-01,-1.029910E-02,0,0,0,0
Lu_4p32,182,1.30671661E-01,-3.960930E+01,-3.889979E+01,-7.769187E-01,3.914037E-03,0,0,0,0
Lu_4p32,183,1.39696055E-01,-3.836869E+01,-3.768605E+01,-8.595987E-01,1.738294E-02,0,0,0,0
Lu_4p32,184,1.49251467E-01,-3.712155E+01,-3.646541E+01,-9.148429E-01,2.968294E-02,0,0,0,0
Lu_4p32,185,1.59361522E-01,-3.587132E+01,-3.524120E+01,-9.384292E-01,4.042718E-02,0,0,0,0
Lu_4p32,186,1.70050362E-01,-3.462150E+01,-3.401689E+01,-9.272109E-01,4.928744E-02,0,0,0,0
Lu_4p32,187,1.81342630E-01,-3.337542E+01,-3.279572E+01,-8.793641E-01,5.601216E-02,0,0,0,0
Lu_4p32,188,1.93263449E-01,-3.213569E+01,-3.158030E+01,-7.945722E-01,6.043990E-02,0,0,0,0
Lu_4p32,189,2.05838402E-01,-3.090408E+01,-3.037233E+01,-6.741294E-01,6.250761E-02,0,0,0,0
Lu_4p32,190,2.19093507E-01,-2.968140E+01,-2.917261E+01,-5.209518E-01,6.225317E-02,0,0,0,0
Lu_4p32,191,2.33055201E-01,-2.846816E+01,-2.798166E+01,-3.394886E-01,5.981219E-02,0,0,0,0
Lu_4p32,192,2.47750307E-01,-2.726489E+01,-2.679996E+01,-1.355344E-01,5.540922E-02,0,0,0,0
Lu_4p32,193,2.63206019E-01,-2.607291E+01,-2.562885E+01,8.404917E-02,4.934383E-02,0,0,0,0
Lu_4p32,194,2.79449870E-01,-2.489435E+01,-2.447042E+01,3.116858E-01,4.197221E-02,0,0,0,0
Lu_4p32,195,2.96509710E-01,-2.373169E+01,-2.332713E+01,5.394844E-01,3.368548E-02,0,0,0,0
Lu_4p32,196,3.14413681E-01,-2.258696E+01,-2.220100E+01,7.596569E-01,2.488679E-02,0,0,0,0
Lu_4p32,197,3.33190188E-01,-2.146130E+01,-2.109320E+01,9.649247E-01,1.596919E-02,0,0,0,0
Lu_4p32,198,3.52867877E-01,-2.035548E+01,-2.000453E+01,1.148884E+00,7.295778E-03,0,0,0,0
Lu_4p32,199,3.73475605E-01,-1.927067E+01,-1.893617E+01,1.306309E+00,-8.169194E-04,0,0,0,0
Lu_4p32,200,3.95042416E-01,-1.820943E+01,-1.789069E+01,1.433369E+00,-8.111783E-03,0,0,0,0
Lu_4p32,201,4.17597515E-01,-1.717551E+01,-1.687185E+01,1.527744E+00,-1.439954E-02,0,0,0,0
Lu_4p32,202,4.41170244E-01,-1.617347E+01,-1.588422E+01,1.588637E+00,-1.956201E-02,0,0,0,0
Lu_4p32,203,4.65790054E-01,-1.520802E+01,-1.493253E+01,1.616682E+00,-2.355018E-02,0,0,0,0
Lu_4p32,204,4.91486481E-01,-1.428334E+01,-1.402097E+01,1.613778E+00,-2.637749E-02,0,0,0,0
Lu_4p32,205,5.18289124E-01,-1.340261E+01,-1.315275E+01,1.582849E+00,-2.810967E-02,0,0,0,0
Lu_4p32,206,5.46227617E-01,-1.256783E+01,-1.232987E+01,1.527584E+00,-2.885234E-02,0,0,0,0
Lu_4p32,207,5.75331612E-01,-1.177967E+01,-1.155305E+01,1.452158E+00,-2.873814E-02,0,0,0,0
Lu_4p32,208,6.05630751E-01,-1.103791E+01,-1.082206E+01,1.360973E+00,-2.791454E-02,0,0,0,0
Lu_4p32,209,6.37154647E-01,-1.034137E+01,-1.013575E+01,1.258423E+00,-2.653308E-02,0,0,0,0
Lu_4p32,210,6.69932864E-01,-9.688292E+00,-9.492398E+00,1.148696E+00,-2.474066E-02,0,0,0,0
Lu_4p32,211,7.03994894E-01,-9.076812E+00,-8.890143E+00,1.035622E+00,-2.267310E-02,0,0,0,0
Lu_4p32,212,7.39370141E-01,-8.504780E+00,-8.326863E+00,9.225621E-01,-2.045068E-02,0,0,0,0
Lu_4p32,213,7.76087899E-01,-7.970104E+00,-7.800486E+00,8.123448E-01,-1.817555E-02,0,0,0,0
Lu_4p32,214,8.14177341E-01,-7.470733E+00,-7.308980E+00,7.072337E-01,-1.593078E-02,0,0,0,0
Lu_4p32,215,8.53667493E-01,-7.004632E+00,-6.850333E+00,6.089338E-01,-1.378057E-02,0,0,0,0
Lu_4p32,216,8.94587226E-01,-6.569778E+00,-6.422541E+00,5.186223E-01,-1.177147E-02,0,0,0,0
Lu_4p32,217,9.36965239E-01,-6.164163E+00,-6.023616E+00,4.369988E-01,-9.934227E-03,0,0,0,0
Lu_4p32,218,9.80830042E-01,-5.785828E+00,-5.651619E+00,3.643495E-01,-8.286008E-03,0,0,0,0
Lu_4p32,219,1.02620995E+00,-5.432904E+00,-5.304700E+00,3.006175E-01,-6.832858E-03,0,0,0,0
Lu_4p32,220,1.07313306E+00,-5.103643E+00,-4.981127E+00,2.454756E-01,-5.572079E-03,0,0,0,0
Lu_4p32,221,1.12162725E+00,-4.796473E+00,-4.679348E+00,1.983951E-01,-4.494498E-03,0,0,0,0
Lu_4p32,222,1.17172015E+00,-4.509912E+00,-4.397896E+00,1.587105E-01,-3.586476E-03,0,0,0,0
Lu_4p32,223,1.22343919E+00,-4.242643E+00,-4.135470E+00,1.256751E-01,-2.831629E-03,0,0,0,0
Lu_4p32,224,1.27681148E+00,-3.993417E+00,-3.890836E+00,9.850820E-02,-2.212245E-03,0,0,0,0
Lu_4p32,225,1.33186393E+00,-3.761051E+00,-3.662824E+00,7.643299E-02,-1.710388E-03,0,0,0,0
Lu_4p32,226,1.38862315E+00,-3.544410E+00,-3.450314E+00,5.870502E-02,-1.308723E-03,0,0,0,0
Lu_4p32,227,1.44711548E+00,-3.342396E+00,-3.252220E+00,4.463257E-02,-9.910851E-04,0,0,0,0
Lu_4p32,228,1.50736699E+00,-3.153955E+00,-3.067500E+00,3.358946E-02,-7.428409E-04,0,0,0,0
Lu_4p32,229,1.56940344E+00,-2.978073E+00,-2.895151E+00,2.502174E-02,-5.510707E-04,0,0,0,0
Lu_4p32,230,1.63325033E+00,-2.813800E+00,-2.734234E+00,1.844934E-02,-4.046175E-04,0,0,0,0
Lu_4p32,231,1.69893283E+00,-2.660255E+00,-2.583878E+00,1.346405E-02,-2.940370E-04,0,0,0,0
Lu_4p32,232,1.76647584E+00,-2.516639E+00,-2.443293E+00,9.724836E-03,-2.114797E-04,0,0,0,0
Lu_4p32,233,1.83590395E+00,-2.382246E+00,-2.311782E+00,6.951507E-03,-1.505327E-04,0,0,0,0
Lu_4p32,234,1.90724144E+00,-2.256463E+00,-2.188742E+00,4.917476E-03,-1.060402E-04,0,0,0,0
Lu_4p32,235,1.98051228E+00,-2.138770E+00,-2.073658E+00,3.442289E-03,-7.392110E-05,0,0,0,0
Lu_4p32,236,2.05574015E+00,-2.028725E+00,-1.966097E+00,2.384341E-03,-5.099197E-05,0,0,0,0
Lu_4p32,237,2.13294840E+00,-1.925951E+00,-1.865688E+00,1.634099E-03,-3.480541E-05,0,0,0,0
Lu_4p32,238,2.21216008E+00,-1.830112E+00,-1.772103E+00,1.108026E-03,-2.350597E-05,0,0,0,0
Lu_4p32,239,2.29339794E+00,-1.740893E+00,-1.685031E+00,7.432839E-04,-1.570614E-05,0,0,0,0
Lu_4p32,240,2.37668441E+00,-1.657974E+00,-1.604160E+00,4.932469E-04,-1.038228E-05,0,0,0,0
Lu_4p32,241,2.46204160E+00,-1.581013E+00,-1.529153E+00,3.237803E-04,-6.789199E-06,0,0,0,0
Lu_4p32,242,2.54949133E+00,-1.510614E+00,-1.460618E+00,2.102256E-04,-4.391548E-06,0,0,0,0
Lu_4p32,243,2.63905511E+00,-1.447346E+00,-1.399129E+00,1.350030E-04,-2.809724E-06,0,0,0,0
Lu_4p32,244,2.73075413E+00,-1.390683E+00,-1.344164E+00,8.574259E-05,-1.778000E-06,0,0,0,0
Lu_4p32,245,2.82460929E+00,-1.340113E+00,-1.295216E+00,5.385377E-05,-1.112745E-06,0,0,0,0
Lu_4p32,246,2.92064119E+00,-1.295138E+00,-1.251791E+00,3.344818E-05,-6.886940E-07,0,0,0,0
Lu_4p32,247,3.01887011E+00,-1.255280E+00,-1.213416E+00,2.054164E-05,-4.214973E-07,0,0,0,0
Lu_4p32,248,3.11931605E+00,-1.220084E+00,-1.179637E+00,1.247304E-05,-2.550765E-07,0,0,0,0
Lu_4p32,249,3.22199870E+00,-1.189114E+00,-1.150023E+00,7.487768E-06,-1.526234E-07,0,0,0,0
Lu_4p32,250,3.32693748E+00,-1.161962E+00,-1.124169E+00,4.443674E-06,-9.028474E-08,0,0,0,0
Lu_4p32,251,3.43415149E+00,-1.138242E+00,-1.101692E+00,2.606804E-06,-5.279789E-08,0,0,0,0
Lu_4p32,252,3.54365956E+00,-1.117598E+00,-1.082237E+00,1.511531E-06,-3.052063E-08,0,0,0,0
Lu_4p32,253,3.65548024E+00,-1.099695E+00,-1.065474E+00,8.662322E-07,-1.743855E-08,0,0,0,0
Lu_4p32,254,3.76963178E+00,-1.084227E+00,-1.051099E+00,4.905976E-07,-9.847638E-09,0,0,0,0
Lu_4p32,255,3.88613217E+00,-1.070913E+00,-1.038832E+00,2.745717E-07,-5.495696E-09,0,0,0,0
Lu_4p32,256,4.00499912E+00,-1.059495E+00,-1.028419E+00,1.518415E-07,-3.030724E-09,0,0,0,0
Lu_4p32,257,4.12625005E+00,-1.049740E+00,-1.019628E+00,8.296501E-08,-1.651456E-09,0,0,0,0
Lu_4p32,258,4.24990215E+00,-1.041437E+00,-1.012250E+00,4.478514E-08,-8.890948E-10,0,0,0,0
Lu_4p32,259,4.37597231E+00,-1.034397E+00,-1.006098E+00,2.388211E-08,-4.728828E-10,0,0,0,0
Lu_4p32,260,4.50447717E+00,-1.028451E+00,-1.001005E+00,1.257988E-08,-2.484546E-10,0,0,0,0
Lu_4p32,261,4.63543312E+00,-1.023448E+00,-9.968211E-01,6.545017E-09,-1.289413E-10,0,0,0,0
Lu_4p32,262,4.76885630E+00,-1.019254E+00,-9.934149E-01,3.363110E-09,-6.609263E-11,0,0,0,0
Lu_4p32,263,4.90476257E+00,-1.015752E+00,-9.906704E-01,1.706605E-09,-3.345750E-11,0,0,0,0
Lu_4p32,264,5.04316759E+00,-1.012840E+00,-9.884863E-01,8.551710E-10,-1.672546E-11,0,0,0,0
Lu_4p32,265,5.18408673E+00,-1.010427E+00,-9.867740E-01,4.231233E-10,-8.256020E-12,0,0,0,0
Lu_4p32,266,5.32753516E+00,-1.008436E+00,-9.854572E-01,2.067006E-10,-4.120393E-12,0,0,0,0
Lu_4p32,267,5.47352778E+00,-1.006800E+00,-9.844696E-01,9.968827E-11,-1.702379E-12,0,0,0,0
Lu_4s12,0,1.40845070E-08,-1.178053E-02,8.875546E+06,2.965775E-06,-8.509765E-11,0,0,0,0
Lu_4s12,1,1.54458033E-08,-1.291915E-02,8.093335E+06,3.252367E-06,-1.023301E-10,0,0,0,0
Lu_4s12,2,1.69386420E-08,-1.416778E-02,7.380075E+06,3.566654E-06,-1.230549E-10,0,0,0,0
Lu_4s12,3,1.85757639E-08,-1.553710E-02,6.729675E+06,3.911316E-06,-1.479798E-10,0,0,0,0
Lu_4s12,4,2.03710783E-08,-1.703873E-02,6.136605E+06,4.289285E-06,-1.779554E-10,0,0,0,0
Lu_4s12,5,2.23399067E-08,-1.868550E-02,5.595802E+06,4.703782E-06,-2.140055E-10,0,0,0,0
Lu_4s12,6,2.44990189E-08,-2.049142E-02,5.102660E+06,5.158338E-06,-2.573609E-10,0,0,0,0
Lu_4s12,7,2.68667586E-08,-2.247184E-02,4.652986E+06,5.656819E-06,-3.095008E-10,0,0,0,0
Lu_4s12,8,2.94633317E-08,-2.464366E-02,4.242940E+06,6.203475E-06,-3.722061E-10,0,0,0,0
Lu_4s12,9,3.23108539E-08,-2.702537E-02,3.869030E+06,6.802960E-06,-4.476174E-10,0,0,0,0
Lu_4s12,10,3.54335170E-08,-2.963723E-02,3.528078E+06,7.460373E-06,-5.383075E-10,0,0,0,0
Lu_4s12,11,3.88579005E-08,-3.250144E-02,3.217179E+06,8.181312E-06,-6.473717E-10,0,0,0,0
Lu_4s12,12,4.26132991E-08,-3.564252E-02,2.933671E+06,8.971928E-06,-7.785374E-10,0,0,0,0
Lu_4s12,13,4.67314733E-08,-3.908704E-02,2.675157E+06,9.838930E-06,-9.362741E-10,0,0,0,0
Lu_4s12,14,5.12476303E-08,-4.286443E-02,2.439424E+06,1.078971E-05,-1.125971E-09,0,0,0,0
Lu_4s12,15,5.62002313E-08,-4.700687E-02,2.224464E+06,1.183238E-05,-1.354104E-09,0,0,0,0
Lu_4s12,16,6.16312403E-08,-5.154947E-02,2.028454E+06,1.297578E-05,-1.628449E-09,0,0,0,0
Lu_4s12,17,6.75872020E-08,-5.653114E-02,1.849713E+06,1.422967E-05,-1.958386E-09,0,0,0,0
Lu_4s12,18,7.41184821E-08,-6.199401E-02,1.686728E+06,1.560471E-05,-2.355157E-09,0,0,0,0
Lu_4s12,19,8.12809116E-08,-6.798480E-02,1.538105E+06,1.711261E-05,-2.832315E-09,0,0,0,0
Lu_4s12,20,8.91353265E-08,-7.455437E-02,1.402580E+06,1.876620E-05,-3.406136E-09,0,0,0,0
Lu_4s12,21,9.77487367E-08,-8.175877E-02,1.278998E+06,2.057956E-05,-4.096214E-09,0,0,0,0
Lu_4s12,22,1.07194113E-07,-8.965905E-02,1.166308E+06,2.256811E-05,-4.926069E-09,0,0,0,0
Lu_4s12,23,1.17552189E-07,-9.832272E-02,1.063548E+06,2.474878E-05,-5.924047E-09,0,0,0,0
Lu_4s12,24,1.28910932E-07,-1.078234E-01,9.698439E+05,2.714013E-05,-7.124184E-09,0,0,0,0
Lu_4s12,25,1.41366993E-07,-1.182418E-01,8.843975E+05,2.976250E-05,-8.567427E-09,0,0,0,0
Lu_4s12,26,1.55026355E-07,-1.296667E-01,8.064811E+05,3.263820E-05,-1.030301E-08,0,0,0,0
Lu_4s12,27,1.70005236E-07,-1.421953E-01,7.354308E+05,3.579169E-05,-1.239015E-08,0,0,0,0
Lu_4s12,28,1.86431075E-07,-1.559342E-01,6.706415E+05,3.924981E-05,-1.490005E-08,0,0,0,0
Lu_4s12,29,2.04443616E-07,-1.710001E-01,6.115614E+05,4.304198E-05,-1.791832E-08,0,0,0,0
Lu_4s12,30,2.24195708E-07,-1.875211E-01,5.576882E+05,4.720040E-05,-2.154785E-08,0,0,0,0
Lu_4s12,31,2.45856126E-07,-2.056382E-01,5.085611E+05,5.176054E-05,-2.591258E-08,0,0,0,0
Lu_4s12,32,2.69608304E-07,-2.255048E-01,4.637636E+05,5.676108E-05,-3.116122E-08,0,0,0,0
Lu_4s12,33,2.95654667E-07,-2.472904E-01,4.229133E+05,6.224460E-05,-3.747285E-08,0,0,0,0
Lu_4s12,34,3.24216193E-07,-2.711796E-01,3.856629E+05,6.825767E-05,-4.506258E-08,0,0,0,0
Lu_4s12,35,3.55536886E-07,-2.973766E-01,3.516939E+05,7.485153E-05,-5.418952E-08,0,0,0,0
Lu_4s12,36,3.89881261E-07,-3.261026E-01,3.207189E+05,8.208206E-05,-6.516435E-08,0,0,0,0
Lu_4s12,37,4.27542511E-07,-3.576028E-01,2.924728E+05,9.001085E-05,-7.836161E-08,0,0,0,0
Lu_4s12,38,4.68840899E-07,-3.921450E-01,2.667152E+05,9.870530E-05,-9.423128E-08,0,0,0,0
Lu_4s12,39,5.14125814E-07,-4.300215E-01,2.432277E+05,1.082391E-04,-1.133137E-07,0,0,0,0
Lu_4s12,40,5.63783777E-07,-4.715555E-01,2.218092E+05,1.186935E-04,-1.362598E-07,0,0,0,0
Lu_4s12,41,6.18235912E-07,-5.170992E-01,2.022780E+05,1.301572E-04,-1.638515E-07,0,0,0,0
Lu_4s12,42,6.77944859E-07,-5.670395E-01,1.844676E+05,1.427276E-04,-1.970289E-07,0,0,0,0
Lu_4s12,43,7.43417883E-07,-6.218005E-01,1.682263E+05,1.565115E-04,-2.369225E-07,0,0,0,0
Lu_4s12,44,8.15209759E-07,-6.818461E-01,1.534163E+05,1.716257E-04,-2.848905E-07,0,0,0,0
Lu_4s12,45,8.93933023E-07,-7.476885E-01,1.399107E+05,1.881989E-04,-3.425689E-07,0,0,0,0
Lu_4s12,46,9.80253329E-07,-8.198841E-01,1.275952E+05,2.063716E-04,-4.119203E-07,0,0,0,0
Lu_4s12,47,1.07490332E-06,-8.990456E-01,1.163648E+05,2.262979E-04,-4.953062E-07,0,0,0,0
Lu_4s12,48,1.17868778E-06,-9.858455E-01,1.061239E+05,2.481471E-04,-5.955671E-07,0,0,0,0
Lu_4s12,49,1.29248727E-06,-1.081020E+00,9.678516E+04,2.721045E-04,-7.161162E-07,0,0,0,0
Lu_4s12,50,1.41726642E-06,-1.185375E+00,8.826928E+04,2.983732E-04,-8.610558E-07,0,0,0,0
Lu_4s12,51,1.55408252E-06,-1.299794E+00,8.050382E+04,3.271759E-04,-1.035317E-06,0,0,0,0
Lu_4s12,52,1.70409879E-06,-1.425248E+00,7.342252E+04,3.587571E-04,-1.244833E-06,0,0,0,0
Lu_4s12,53,1.86858481E-06,-1.562798E+00,6.696524E+04,3.933841E-04,-1.496727E-06,0,0,0,0
Lu_4s12,54,2.04893518E-06,-1.713608E+00,6.107702E+04,4.313504E-04,-1.799568E-06,0,0,0,0
Lu_4s12,55,2.24667680E-06,-1.878953E+00,5.570778E+04,4.729773E-04,-2.163648E-06,0,0,0,0
Lu_4s12,56,2.46348896E-06,-2.060232E+00,5.081174E+04,5.186176E-04,-2.601351E-06,0,0,0,0
Lu_4s12,57,2.70120429E-06,-2.258975E+00,4.634735E+04,5.686572E-04,-3.127544E-06,0,0,0,0
Lu_4s12,58,2.96183615E-06,-2.476857E+00,4.227659E+04,6.235194E-04,-3.760102E-06,0,0,0,0
Lu_4s12,59,3.24759167E-06,-2.715716E+00,3.856484E+04,6.836681E-04,-4.520508E-06,0,0,0,0
Lu_4s12,60,3.56088877E-06,-2.977564E+00,3.518053E+04,7.496115E-04,-5.434573E-06,0,0,0,0
Lu_4s12,61,3.90437587E-06,-3.264600E+00,3.209488E+04,8.219062E-04,-6.533303E-06,0,0,0,0
Lu_4s12,62,4.28096072E-06,-3.579235E+00,2.928164E+04,9.011626E-04,-7.853969E-06,0,0,0,0
Lu_4s12,63,4.69382455E-06,-3.924105E+00,2.671690E+04,9.880486E-04,-9.441325E-06,0,0,0,0
Lu_4s12,64,5.14645651E-06,-4.302092E+00,2.437886E+04,1.083296E-03,-1.134914E-05,0,0,0,0
Lu_4s12,65,5.64267994E-06,-4.716348E+00,2.224764E+04,1.187707E-03,-1.364198E-05,0,0,0,0
Lu_4s12,66,6.18668621E-06,-5.170318E+00,2.030512E+04,1.302158E-03,-1.639740E-05,0,0,0,0
Lu_4s12,67,6.78306446E-06,-5.667761E+00,1.853481E+04,1.427611E-03,-1.970849E-05,0,0,0,0
Lu_4s12,68,7.43684772E-06,-6.212780E+00,1.692167E+04,1.565116E-03,-2.368702E-05,0,0,0,0
Lu_4s12,69,8.15354812E-06,-6.809847E+00,1.545200E+04,1.715825E-03,-2.846710E-05,0,0,0,0
Lu_4s12,70,8.93920529E-06,-7.463830E+00,1.411334E+04,1.880994E-03,-3.420962E-05,0,0,0,0
Lu_4s12,71,9.80043817E-06,-8.180023E+00,1.289434E+04,2.062000E-03,-4.110758E-05,0,0,0,0
Lu_4s12,72,1.07444991E-05,-8.964176E+00,1.178467E+04,2.260346E-03,-4.939233E-05,0,0,0,0
Lu_4s12,73,1.17793295E-05,-9.822511E+00,1.077495E+04,2.477672E-03,-5.934111E-05,0,0,0,0
Lu_4s12,74,1.29136348E-05,-1.076176E+01,9.856670E+03,2.715771E-03,-7.128596E-05,0,0,0,0
Lu_4s12,75,1.41569462E-05,-1.178916E+01,9.022100E+03,2.976596E-03,-8.562425E-05,0,0,0,0
Lu_4s12,76,1.55197075E-05,-1.291250E+01,8.264256E+03,3.262276E-03,-1.028312E-04,0,0,0,0
Lu_4s12,77,1.70133553E-05,-1.414009E+01,7.576839E+03,3.575125E-03,-1.234746E-04,0,0,0,0
Lu_4s12,78,1.86504207E-05,-1.548074E+01,6.954218E+03,3.917663E-03,-1.482321E-04,0,0,0,0
Lu_4s12,79,2.04446227E-05,-1.694375E+01,6.391260E+03,4.292617E-03,-1.779111E-04,0,0,0,0
Lu_4s12,80,2.24109875E-05,-1.853882E+01,5.883520E+03,4.702946E-03,-2.134724E-04,0,0,0,0
Lu_4s12,81,2.45659712E-05,-2.027593E+01,5.427284E+03,5.151842E-03,-2.560569E-04,0,0,0,0
Lu_4s12,82,2.69275913E-05,-2.216516E+01,5.018870E+03,5.642746E-03,-3.070159E-04,0,0,0,0
Lu_4s12,83,2.95155769E-05,-2.421648E+01,4.655748E+03,6.179351E-03,-3.679455E-04,0,0,0,0
Lu_4s12,84,3.23515278E-05,-2.643933E+01,4.335897E+03,6.765606E-03,-4.407240E-04,0,0,0,0
Lu_4s12,85,3.54590885E-05,-2.884216E+01,4.057607E+03,7.405715E-03,-5.275517E-04,0,0,0,0
Lu_4s12,86,3.88641460E-05,-3.143171E+01,3.820346E+03,8.104124E-03,-6.309926E-04,0,0,0,0
Lu_4s12,87,4.25950311E-05,-3.421206E+01,3.624447E+03,8.865511E-03,-7.540133E-04,0,0,0,0
Lu_4s12,88,4.66827539E-05,-3.718335E+01,3.471129E+03,9.694754E-03,-9.000167E-04,0,0,0,0
Lu_4s12,89,5.11612515E-05,-4.034008E+01,3.363171E+03,1.059689E-02,-1.072863E-03,0,0,0,0
Lu_4s12,90,5.60676589E-05,-4.366875E+01,3.305270E+03,1.157710E-02,-1.276866E-03,0,0,0,0
Lu_4s12,91,6.14426048E-05,-4.714482E+01,3.304220E+03,1.264059E-02,-1.516755E-03,0,0,0,0
Lu_4s12,92,6.73305476E-05,-5.072868E+01,3.369675E+03,1.379262E-02,-1.797575E-03,0,0,0,0
Lu_4s12,93,7.37801101E-05,-5.436047E+01,3.514640E+03,1.503841E-02,-2.124492E-03,0,0,0,0
Lu_4s12,94,8.08444839E-05,-5.795353E+01,3.754473E+03,1.638319E-02,-2.502482E-03,0,0,0,0
Lu_4s12,95,8.85818410E-05,-6.138718E+01,4.100158E+03,1.783227E-02,-2.935830E-03,0,0,0,0
Lu_4s12,96,9.70557919E-05,-6.450115E+01,4.524009E+03,1.939139E-02,-3.427418E-03,0,0,0,0
Lu_4s12,97,1.06335888E-04,-6.710130E+01,4.857000E+03,2.106693E-02,-3.977824E-03,0,0,0,0
Lu_4s12,98,1.16498167E-04,-6.900239E+01,4.750119E+03,2.286550E-02,-4.584519E-03,0,0,0,0
Lu_4s12,99,1.27625740E-04,-7.013925E+01,4.025015E+03,2.479449E-02,-5.242058E-03,0,0,0,0
Lu_4s12,100,1.39809443E-04,-7.066706E+01,3.032300E+03,2.686618E-02,-5.944329E-03,0,0,0,0
Lu_4s12,101,1.53148538E-04,-7.085775E+01,2.271314E+03,2.909502E-02,-6.687709E-03,0,0,0,0
Lu_4s12,102,1.67751469E-04,-7.091153E+01,1.846331E+03,3.149243E-02,-7.472234E-03,0,0,0,0
Lu_4s12,103,1.83736702E-04,-7.092048E+01,1.599612E+03,3.407008E-02,-8.300549E-03,0,0,0,0
Lu_4s12,104,2.01233621E-04,-7.091667E+01,1.417322E+03,3.684144E-02,-9.176633E-03,0,0,0,0
Lu_4s12,105,2.20383511E-04,-7.090932E+01,1.261348E+03,3.982102E-02,-1.010511E-02,0,0,0,0
Lu_4s12,106,2.41340621E-04,-7.090062E+01,1.121533E+03,4.302401E-02,-1.109095E-02,0,0,0,0
Lu_4s12,107,2.64273321E-04,-7.089098E+01,9.949151E+02,4.646636E-02,-1.213941E-02,0,0,0,0
Lu_4s12,108,2.89365355E-04,-7.088039E+01,8.801391E+02,5.016484E-02,-1.325600E-02,0,0,0,0
Lu_4s12,109,3.16817200E-04,-7.086877E+01,7.761826E+02,5.413701E-02,-1.444648E-02,0,0,0,0
Lu_4s12,110,3.46847541E-04,-7.085603E+01,6.821310E+02,5.840129E-02,-1.571687E-02,0,0,0,0
Lu_4s12,111,3.79694864E-04,-7.084207E+01,5.971467E+02,6.297686E-02,-1.707349E-02,0,0,0,0
Lu_4s12,112,4.15619192E-04,-7.082677E+01,5.204620E+02,6.788368E-02,-1.852292E-02,0,0,0,0
Lu_4s12,113,4.54903944E-04,-7.080999E+01,4.513737E+02,7.314239E-02,-2.007203E-02,0,0,0,0
Lu_4s12,114,4.97857967E-04,-7.079161E+01,3.892361E+02,7.877423E-02,-2.172795E-02,0,0,0,0
Lu_4s12,115,5.44817717E-04,-7.077148E+01,3.334560E+02,8.480092E-02,-2.349811E-02,0,0,0,0
Lu_4s12,116,5.96149619E-04,-7.074942E+01,2.834875E+02,9.124454E-02,-2.539016E-02,0,0,0,0
Lu_4s12,117,6.52252617E-04,-7.072526E+01,2.388273E+02,9.812728E-02,-2.741200E-02,0,0,0,0
Lu_4s12,118,7.13560914E-04,-7.069881E+01,1.990107E+02,1.054712E-01,-2.957172E-02,0,0,0,0
Lu_4s12,119,7.80546942E-04,-7.066985E+01,1.636079E+02,1.132981E-01,-3.187757E-02,0,0,0,0
Lu_4s12,120,8.53724541E-04,-7.063816E+01,1.322209E+02,1.216289E-01,-3.433791E-02,0,0,0,0
Lu_4s12,121,9.33652389E-04,-7.060348E+01,1.044807E+02,1.304834E-01,-3.696113E-02,0,0,0,0
Lu_4s12,122,1.02093769E-03,-7.056555E+01,8.004505E+01,1.398796E-01,-3.975555E-02,0,0,0,0
Lu_4s12,123,1.11624013E-03,-7.052407E+01,5.859603E+01,1.498334E-01,-4.272936E-02,0,0,0,0
Lu_4s12,124,1.22027613E-03,-7.047871E+01,3.983878E+01,1.603575E-01,-4.589046E-02,0,0,0,0
Lu_4s12,125,1.33382338E-03,-7.042915E+01,2.349988E+01,1.714609E-01,-4.924632E-02,0,0,0,0
Lu_4s12,126,1.45772573E-03,-7.037500E+01,9.326127E+00,1.831477E-01,-5.280381E-02,0,0,0,0
Lu_4s12,127,1.59289840E-03,-7.031586E+01,-2.916405E+00,1.954161E-01,-5.656898E-02,0,0,0,0
Lu_4s12,128,1.74033353E-03,-7.025132E+01,-1.344328E+01,2.082572E-01,-6.054683E-02,0,0,0,0
Lu_4s12,129,1.90110615E-03,-7.018089E+01,-2.245243E+01,2.216534E-01,-6.474100E-02,0,0,0,0
Lu_4s12,130,2.07638050E-03,-7.010410E+01,-3.012491E+01,2.355769E-01,-6.915351E-02,0,0,0,0
Lu_4s12,131,2.26741677E-03,-7.002042E+01,-3.662553E+01,2.499877E-01,-7.378435E-02,0,0,0,0
Lu_4s12,132,2.47557828E-03,-6.992927E+01,-4.210360E+01,2.648322E-01,-7.863108E-02,0,0,0,0
Lu_4s12,133,2.70233906E-03,-6.983007E+01,-4.669358E+01,2.800402E-01,-8.368838E-02,0,0,0,0
Lu_4s12,134,2.94929195E-03,-6.972219E+01,-5.051592E+01,2.955231E-01,-8.894756E-02,0,0,0,0
Lu_4s12,135,3.21815711E-03,-6.960495E+01,-5.367778E+01,3.111712E-01,-9.439598E-02,0,0,0,0
Lu_4s12,136,3.51079106E-03,-6.947767E+01,-5.627394E+01,3.268513E-01,-1.000165E-01,0,0,0,0
Lu_4s12,137,3.82919619E-03,-6.933960E+01,-5.838764E+01,3.424036E-01,-1.057868E-01,0,0,0,0
Lu_4s12,138,4.17553074E-03,-6.918999E+01,-6.009153E+01,3.576391E-01,-1.116787E-01,0,0,0,0
Lu_4s12,139,4.55211944E-03,-6.902805E+01,-6.144855E+01,3.723375E-01,-1.176577E-01,0,0,0,0
Lu_4s12,140,4.96146447E-03,-6.885296E+01,-6.251288E+01,3.862439E-01,-1.236818E-01,0,0,0,0
Lu_4s12,141,5.40625706E-03,-6.866388E+01,-6.333086E+01,3.990674E-01,-1.297013E-01,0,0,0,0
Lu_4s12,142,5.88938963E-03,-6.845996E+01,-6.394180E+01,4.104793E-01,-1.356582E-01,0,0,0,0
Lu_4s12,143,6.41396839E-03,-6.824032E+01,-6.437887E+01,4.201124E-01,-1.414851E-01,0,0,0,0
Lu_4s12,144,6.98332646E-03,-6.800407E+01,-6.466984E+01,4.275613E-01,-1.471054E-01,0,0,0,0
Lu_4s12,145,7.60103751E-03,-6.775030E+01,-6.483782E+01,4.323841E-01,-1.524328E-01,0,0,0,0
Lu_4s12,146,8.27092988E-03,-6.747811E+01,-6.490189E+01,4.341052E-01,-1.573710E-01,0,0,0,0
Lu_4s12,147,8.99710118E-03,-6.718657E+01,-6.487768E+01,4.322213E-01,-1.618208E-01,0,0,0,0
Lu_4s12,148,9.78393329E-03,-6.687474E+01,-6.477793E+01,4.262090E-01,-1.656624E-01,0,0,0,0
Lu_4s12,149,1.06361078E-02,-6.654167E+01,-6.461289E+01,4.155350E-01,-1.687733E-01,0,0,0,0
Lu_4s12,150,1.15586218E-02,-6.618641E+01,-6.439076E+01,3.996709E-01,-1.710248E-01,0,0,0,0
Lu_4s12,151,1.25568040E-02,-6.580796E+01,-6.411802E+01,3.781100E-01,-1.722836E-01,0,0,0,0
Lu_4s12,152,1.36363313E-02,-6.540535E+01,-6.379971E+01,3.503896E-01,-1.724150E-01,0,0,0,0
Lu_4s12,153,1.48032451E-02,-6.497756E+01,-6.343968E+01,3.161156E-01,-1.712860E-01,0,0,0,0
Lu_4s12,154,1.60639684E-02,-6.452362E+01,-6.304086E+01,2.749928E-01,-1.687694E-01,0,0,0,0
Lu_4s12,155,1.74253227E-02,-6.404254E+01,-6.260539E+01,2.268577E-01,-1.647490E-01,0,0,0,0
Lu_4s12,156,1.88945447E-02,-6.353341E+01,-6.213477E+01,1.717148E-01,-1.591245E-01,0,0,0,0
Lu_4s12,157,2.04793037E-02,-6.299539E+01,-6.163009E+01,1.097745E-01,-1.518183E-01,0,0,0,0
Lu_4s12,158,2.21877176E-02,-6.242773E+01,-6.109207E+01,4.149233E-02,-1.427818E-01,0,0,0,0
Lu_4s12,159,2.40283703E-02,-6.182981E+01,-6.052116E+01,-3.239437E-02,-1.320019E-01,0,0,0,0
Lu_4s12,160,2.60103273E-02,-6.120111E+01,-5.991767E+01,-1.108332E-01,-1.195082E-01,0,0,0,0
Lu_4s12,161,2.81431521E-02,-6.054115E+01,-5.928175E+01,-1.924308E-01,-1.053793E-01,0,0,0,0
Lu_4s12,162,3.04369210E-02,-5.984944E+01,-5.861345E+01,-2.754375E-01,-8.974761E-02,0,0,0,0
Lu_4s12,163,3.29022384E-02,-5.912547E+01,-5.791265E+01,-3.577464E-01,-7.280433E-02,0,0,0,0
Lu_4s12,164,3.55502504E-02,-5.836870E+01,-5.717917E+01,-4.369113E-01,-5.480119E-02,0,0,0,0
Lu_4s12,165,3.83926583E-02,-5.757864E+01,-5.641276E+01,-5.101867E-01,-3.605053E-02,0,0,0,0
Lu_4s12,166,4.14417311E-02,-5.675496E+01,-5.561322E+01,-5.745934E-01,-1.692224E-02,0,0,0,0
Lu_4s12,167,4.47103165E-02,-5.589759E+01,-5.478053E+01,-6.270125E-01,2.162679E-03,0,0,0,0
Lu_4s12,168,4.82118514E-02,-5.500674E+01,-5.391492E+01,-6.643075E-01,2.074227E-02,0,0,0,0
Lu_4s12,169,5.19603709E-02,-5.408297E+01,-5.301688E+01,-6.834740E-01,3.832749E-02,0,0,0,0
Lu_4s12,170,5.59705163E-02,-5.312708E+01,-5.208717E+01,-6.818138E-01,5.441972E-02,0,0,0,0
Lu_4s12,171,6.02575411E-02,-5.214002E+01,-5.112669E+01,-6.571249E-01,6.853127E-02,0,0,0,0
Lu_4s12,172,6.48373163E-02,-5.112282E+01,-5.013644E+01,-6.079011E-01,8.020819E-02,0,0,0,0
Lu_4s12,173,6.97263340E-02,-5.007654E+01,-4.911743E+01,-5.335258E-01,8.905429E-02,0,0,0,0
Lu_4s12,174,7.49417091E-02,-4.900230E+01,-4.807073E+01,-4.344480E-01,9.475497E-02,0,0,0,0
Lu_4s12,175,8.05011798E-02,-4.790126E+01,-4.699747E+01,-3.123223E-01,9.709934E-02,0,0,0,0
Lu_4s12,176,8.64231061E-02,-4.677502E+01,-4.589918E+01,-1.700973E-01,9.599887E-02,0,0,0,0
Lu_4s12,177,9.27264671E-02,-4.562538E+01,-4.477757E+01,-1.203514E-02,9.150083E-02,0,0,0,0
Lu_4s12,178,9.94308562E-02,-4.445469E+01,-4.363489E+01,1.563497E-01,8.379483E-02,0,0,0,0
Lu_4s12,179,1.06556475E-01,-4.326541E+01,-4.247351E+01,3.284415E-01,7.321136E-02,0,0,0,0
Lu_4s12,180,1.14124124E-01,-4.205996E+01,-4.129577E+01,4.967655E-01,6.021157E-02,0,0,0,0
Lu_4s12,181,1.22155196E-01,-4.084052E+01,-4.010381E+01,6.533179E-01,4.536858E-02,0,0,0,0
Lu_4s12,182,1.30671661E-01,-3.960930E+01,-3.889979E+01,7.899678E-01,2.934081E-02,0,0,0,0
Lu_4s12,183,1.39696055E-01,-3.836869E+01,-3.768605E+01,8.989116E-01,1.283875E-02,0,0,0,0
Lu_4s12,184,1.49251467E-01,-3.712155E+01,-3.646541E+01,9.731499E-01,-3.412996E-03,0,0,0,0
Lu_4s12,185,1.59361522E-01,-3.587132E+01,-3.524120E+01,1.006952E+00,-1.871569E-02,0,0,0,0
Lu_4s12,186,1.70050362E-01,-3.462150E+01,-3.401689E+01,9.962735E-01,-3.243540E-02,0,0,0,0
Lu_4s12,187,1.81342630E-01,-3.337542E+01,-3.279572E+01,9.390833E-01,-4.403769E-02,0,0,0,0
Lu_4s12,188,1.93263449E-01,-3.213569E+01,-3.158030E+01,8.355833E-01,-5.311545E-02,0,0,0,0
Lu_4s12,189,2.05838402E-01,-3.090408E+01,-3.037233E+01,6.882852E-01,-5.940794E-02,0,0,0,0
Lu_4s12,190,2.19093507E-01,-2.968140E+01,-2.917261E+01,5.019395E-01,-6.280993E-02,0,0,0,0
Lu_4s12,191,2.33055201E-01,-2.846816E+01,-2.798166E+01,2.833131E-01,-6.337079E-02,0,0,0,0
Lu_4s12,192,2.47750307E-01,-2.726489E+01,-2.679996E+01,4.082606E-02,-6.128374E-02,0,0,0,0
Lu_4s12,193,2.63206019E-01,-2.607291E+01,-2.562885E+01,-2.159278E-01,-5.686613E-02,0,0,0,0
Lu_4s12,194,2.79449870E-01,-2.489435E+01,-2.447042E+01,-4.767429E-01,-5.053215E-02,0,0,0,0
Lu_4s12,195,2.96509710E-01,-2.373169E+01,-2.332713E+01,-7.314010E-01,-4.276036E-02,0,0,0,0
Lu_4s12,196,3.14413681E-01,-2.258696E+01,-2.220100E+01,-9.702584E-01,-3.405898E-02,0,0,0,0
Lu_4s12,197,3.33190188E-01,-2.146130E+01,-2.109320E+01,-1.184779E+00,-2.493248E-02,0,0,0,0
Lu_4s12,198,3.52867877E-01,-2.035548E+01,-2.000453E+01,-1.367972E+00,-1.585161E-02,0,0,0,0
Lu_4s12,199,3.73475605E-01,-1.927067E+01,-1.893617E+01,-1.514711E+00,-7.228786E-03,0,0,0,0
Lu_4s12,200,3.95042416E-01,-1.820943E+01,-1.789069E+01,-1.621907E+00,6.005697E-04,0,0,0,0
Lu_4s12,201,4.17597515E-01,-1.717551E+01,-1.687185E+01,-1.688535E+00,7.389577E-03,0,0,0,0
Lu_4s12,202,4.41170244E-01,-1.617347E+01,-1.588422E+01,-1.715512E+00,1.298375E-02,0,0,0,0
Lu_4s12,203,4.65790054E-01,-1.520802E+01,-1.493253E+01,-1.705452E+00,1.731743E-02,0,0,0,0
Lu_4s12,204,4.91486481E-01,-1.428334E+01,-1.402097E+01,-1.662335E+00,2.040388E-02,0,0,0,0
Lu_4s12,205,5.18289124E-01,-1.340261E+01,-1.315275E+01,-1.591120E+00,2.232079E-02,0,0,0,0
Lu_4s12,206,5.46227617E-01,-1.256783E+01,-1.232987E+01,-1.497348E+00,2.319353E-02,0,0,0,0
Lu_4s12,207,5.75331612E-01,-1.177967E+01,-1.155305E+01,-1.386767E+00,2.317800E-02,0,0,0,0
Lu_4s12,208,6.05630751E-01,-1.103791E+01,-1.082206E+01,-1.264999E+00,2.244484E-02,0,0,0,0
Lu_4s12,209,6.37154647E-01,-1.034137E+01,-1.013575E+01,-1.137275E+00,2.116608E-02,0,0,0,0
Lu_4s12,210,6.69932864E-01,-9.688292E+00,-9.492398E+00,-1.008238E+00,1.950461E-02,0,0,0,0
Lu_4s12,211,7.03994894E-01,-9.076812E+00,-8.890143E+00,-8.818108E-01,1.760685E-02,0,0,0,0
Lu_4s12,212,7.39370141E-01,-8.504780E+00,-8.326863E+00,-7.611368E-01,1.559815E-02,0,0,0,0
Lu_4s12,213,7.76087899E-01,-7.970104E+00,-7.800486E+00,-6.485714E-01,1.358066E-02,0,0,0,0
Lu_4s12,214,8.14177341E-01,-7.470733E+00,-7.308980E+00,-5.457211E-01,1.163320E-02,0,0,0,0
Lu_4s12,215,8.53667493E-01,-7.004632E+00,-6.850333E+00,-4.535155E-01,9.812544E-03,0,0,0,0
Lu_4s12,216,8.94587226E-01,-6.569778E+00,-6.422541E+00,-3.723023E-01,8.155789E-03,0,0,0,0
Lu_4s12,217,9.36965239E-01,-6.164163E+00,-6.023616E+00,-3.019543E-01,6.683306E-03,0,0,0,0
Lu_4s12,218,9.80830042E-01,-5.785828E+00,-5.651619E+00,-2.419776E-01,5.401941E-03,0,0,0,0
Lu_4s12,219,1.02620995E+00,-5.432904E+00,-5.304700E+00,-1.916167E-01,4.308202E-03,0,0,0,0
Lu_4s12,220,1.07313306E+00,-5.103643E+00,-4.981127E+00,-1.499486E-01,3.391204E-03,0,0,0,0
Lu_4s12,221,1.12162725E+00,-4.796473E+00,-4.679348E+00,-1.159633E-01,2.635254E-03,0,0,0,0
Lu_4s12,222,1.17172015E+00,-4.509912E+00,-4.397896E+00,-8.862946E-02,2.021994E-03,0,0,0,0
Lu_4s12,223,1.22343919E+00,-4.242643E+00,-4.135470E+00,-6.694530E-02,1.532102E-03,0,0,0,0
Lu_4s12,224,1.27681148E+00,-3.993417E+00,-3.890836E+00,-4.997413E-02,1.146551E-03,0,0,0,0
Lu_4s12,225,1.33186393E+00,-3.761051E+00,-3.662824E+00,-3.686782E-02,8.474831E-04,0,0,0,0
Lu_4s12,226,1.38862315E+00,-3.544410E+00,-3.450314E+00,-2.687917E-02,6.187653E-04,0,0,0,0
Lu_4s12,227,1.44711548E+00,-3.342396E+00,-3.252220E+00,-1.936581E-02,4.462655E-04,0,0,0,0
Lu_4s12,228,1.50736699E+00,-3.153955E+00,-3.067500E+00,-1.378758E-02,3.179367E-04,0,0,0,0
Lu_4s12,229,1.56940344E+00,-2.978073E+00,-2.895151E+00,-9.699539E-03,2.237526E-04,0,0,0,0
Lu_4s12,230,1.63325033E+00,-2.813800E+00,-2.734234E+00,-6.742168E-03,1.555500E-04,0,0,0,0
Lu_4s12,231,1.69893283E+00,-2.660255E+00,-2.583878E+00,-4.630265E-03,1.068157E-04,0,0,0,0
Lu_4s12,232,1.76647584E+00,-2.516639E+00,-2.443293E+00,-3.141521E-03,7.245145E-05,0,0,0,0
Lu_4s12,233,1.83590395E+00,-2.382246E+00,-2.311782E+00,-2.105571E-03,4.853845E-05,0,0,0,0
Lu_4s12,234,1.90724144E+00,-2.256463E+00,-2.188742E+00,-1.393999E-03,3.211647E-05,0,0,0,0
Lu_4s12,235,1.98051228E+00,-2.138770E+00,-2.073658E+00,-9.115542E-04,2.098681E-05,0,0,0,0
Lu_4s12,236,2.05574015E+00,-2.028725E+00,-1.966097E+00,-5.887007E-04,1.354294E-05,0,0,0,0
Lu_4s12,237,2.13294840E+00,-1.925951E+00,-1.865688E+00,-3.754585E-04,8.629726E-06,0,0,0,0
Lu_4s12,238,2.21216008E+00,-1.830112E+00,-1.772103E+00,-2.364545E-04,5.429578E-06,0,0,0,0
Lu_4s12,239,2.29339794E+00,-1.740893E+00,-1.685031E+00,-1.470325E-04,3.372771E-06,0,0,0,0
Lu_4s12,240,2.37668441E+00,-1.657974E+00,-1.604160E+00,-9.026541E-05,2.068352E-06,0,0,0,0
Lu_4s12,241,2.46204160E+00,-1.581013E+00,-1.529153E+00,-5.470581E-05,1.252110E-06,0,0,0,0
Lu_4s12,242,2.54949133E+00,-1.510614E+00,-1.460618E+00,-3.272750E-05,7.481762E-07,0,0,0,0
Lu_4s12,243,2.63905511E+00,-1.447346E+00,-1.399129E+00,-1.932516E-05,4.412398E-07,0,0,0,0
Lu_4s12,244,2.73075413E+00,-1.390683E+00,-1.344164E+00,-1.126231E-05,2.568159E-07,0,0,0,0
Lu_4s12,245,2.82460929E+00,-1.340113E+00,-1.295216E+00,-6.477211E-06,1.475063E-07,0,0,0,0
Lu_4s12,246,2.92064119E+00,-1.295138E+00,-1.251791E+00,-3.675921E-06,8.359971E-08,0,0,0,0
Lu_4s12,247,3.01887011E+00,-1.255280E+00,-1.213416E+00,-2.058366E-06,4.674844E-08,0,0,0,0
Lu_4s12,248,3.11931605E+00,-1.220084E+00,-1.179637E+00,-1.137148E-06,2.579047E-08,0,0,0,0
Lu_4s12,249,3.22199870E+00,-1.189114E+00,-1.150023E+00,-6.197393E-07,1.403595E-08,0,0,0,0
Lu_4s12,250,3.32693748E+00,-1.161962E+00,-1.124169E+00,-3.331637E-07,7.534845E-09,0,0,0,0
Lu_4s12,251,3.43415149E+00,-1.138242E+00,-1.101692E+00,-1.766531E-07,3.989479E-09,0,0,0,0
Lu_4s12,252,3.54365956E+00,-1.117598E+00,-1.082237E+00,-9.237578E-08,2.083175E-09,0,0,0,0
Lu_4s12,253,3.65548024E+00,-1.099695E+00,-1.065474E+00,-4.763502E-08,1.072657E-09,0,0,0,0
Lu_4s12,254,3.76963178E+00,-1.084227E+00,-1.051099E+00,-2.422053E-08,5.446023E-10,0,0,0,0
Lu_4s12,255,3.88613217E+00,-1.070913E+00,-1.038832E+00,-1.214194E-08,2.726078E-10,0,0,0,0
Lu_4s12,256,4.00499912E+00,-1.059495E+00,-1.028419E+00,-6.000629E-09,1.345224E-10,0,0,0,0
Lu_4s12,257,4.12625005E+00,-1.049740E+00,-1.019628E+00,-2.923263E-09,6.543418E-11,0,0,0,0
Lu_4s12,258,4.24990215E+00,-1.041437E+00,-1.012250E+00,-1.403651E-09,3.137080E-11,0,0,0,0
Lu_4s12,259,4.37597231E+00,-1.034397E+00,-1.006098E+00,-6.642454E-10,1.482224E-11,0,0,0,0
Lu_4s12,260,4.50447717E+00,-1.028451E+00,-1.001005E+00,-3.097661E-10,7.128832E-12,0,0,0,0
Lu_4s12,261,4.63543312E+00,-1.023448E+00,-9.968211E-01,-1.423422E-10,2.611322E-12,0,0,0,0
Lu_5d32,0,1.40845070E-08,-1.178053E-02,8.875546E+06,1.448100E-19,8.004459E-15,0,0,0,0
Lu_5d32,1,1.54458033E-08,-1.291915E-02,8.093335E+06,1.904955E-19,9.626335E-15,0,0,0,0
Lu_5d32,2,1.69386420E-08,-1.416778E-02,7.380075E+06,2.508316E-19,1.157717E-14,0,0,0,0
Lu_5d32,3,1.85757639E-08,-1.553710E-02,6.729675E+06,3.304761E-19,1.392319E-14,0,0,0,0
Lu_5d32,4,2.03710783E-08,-1.703873E-02,6.136605E+06,4.355738E-19,1.674462E-14,0,0,0,0
Lu_5d32,5,2.23399067E-08,-1.868550E-02,5.595802E+06,5.742311E-19,2.013763E-14,0,0,0,0
Lu_5d32,6,2.44990189E-08,-2.049142E-02,5.102660E+06,7.571409E-19,2.421831E-14,0,0,0,0
Lu_5d32,7,2.68667586E-08,-2.247184E-02,4.652986E+06,9.984055E-19,2.912586E-14,0,0,0,0
Lu_5d32,8,2.94633317E-08,-2.464366E-02,4.242940E+06,1.316627E-18,3.502757E-14,0,0,0,0
Lu_5d32,9,3.23108539E-08,-2.702537E-02,3.869030E+06,1.736336E-18,4.212530E-14,0,0,0,0
Lu_5d32,10,3.54335170E-08,-2.963723E-02,3.528078E+06,2.289888E-18,5.066154E-14,0,0,0,0
Lu_5d32,11,3.88579005E-08,-3.250144E-02,3.217179E+06,3.019951E-18,6.092663E-14,0,0,0,0
Lu_5d32,12,4.26132991E-08,-3.564252E-02,2.933671E+06,3.982806E-18,7.327193E-14,0,0,0,0
Lu_5d32,13,4.67314733E-08,-3.908704E-02,2.675157E+06,5.252660E-18,8.811923E-14,0,0,0,0
Lu_5d32,14,5.12476303E-08,-4.286443E-02,2.439424E+06,6.927396E-18,1.059733E-13,0,0,0,0
Lu_5d32,15,5.62002313E-08,-4.700687E-02,2.224464E+06,9.136096E-18,1.274463E-13,0,0,0,0
Lu_5d32,16,6.16312403E-08,-5.154947E-02,2.028454E+06,1.204897E-17,1.532689E-13,0,0,0,0
Lu_5d32,17,6.75872020E-08,-5.653114E-02,1.849713E+06,1.589055E-17,1.843229E-13,0,0,0,0
Lu_5d32,18,7.41184821E-08,-6.199401E-02,1.686728E+06,2.095687E-17,2.216700E-13,0,0,0,0
Lu_5d32,19,8.12809116E-08,-6.798480E-02,1.538105E+06,2.763837E-17,2.665815E-13,0,0,0,0
Lu_5d32,20,8.91353265E-08,-7.455437E-02,1.402580E+06,3.644995E-17,3.205916E-13,0,0,0,0
Lu_5d32,21,9.77487367E-08,-8.175877E-02,1.278998E+06,4.807065E-17,3.855452E-13,0,0,0,0
Lu_5d32,22,1.07194113E-07,-8.965905E-02,1.166308E+06,6.339586E-17,4.636578E-13,0,0,0,0
Lu_5d32,23,1.17552189E-07,-9.832272E-02,1.063548E+06,8.360654E-17,5.575901E-13,0,0,0,0
Lu_5d32,24,1.28910932E-07,-1.078234E-01,9.698439E+05,1.102599E-16,6.705547E-13,0,0,0,0
Lu_5d32,25,1.41366993E-07,-1.182418E-01,8.843975E+05,1.454095E-16,8.064018E-13,0,0,0,0
Lu_5d32,26,1.55026355E-07,-1.296667E-01,8.064811E+05,1.917635E-16,9.697664E-13,0,0,0,0
Lu_5d32,27,1.70005236E-07,-1.421953E-01,7.354308E+05,2.528929E-16,1.166222E-12,0,0,0,0
Lu_5d32,28,1.86431075E-07,-1.559342E-01,6.706415E+05,3.335071E-16,1.402468E-12,0,0,0,0
Lu_5d32,29,2.04443616E-07,-1.710001E-01,6.115614E+05,4.398161E-16,1.686576E-12,0,0,0,0
Lu_5d32,30,2.24195708E-07,-1.875211E-01,5.576882E+05,5.800082E-16,2.028216E-12,0,0,0,0
Lu_5d32,31,2.45856126E-07,-2.056382E-01,5.085611E+05,7.648828E-16,2.439047E-12,0,0,0,0
Lu_5d32,32,2.69608304E-07,-2.255048E-01,4.637636E+05,1.008678E-15,2.933099E-12,0,0,0,0
Lu_5d32,33,2.95654667E-07,-2.472904E-01,4.229133E+05,1.330170E-15,3.527208E-12,0,0,0,0
Lu_5d32,34,3.24216193E-07,-2.711796E-01,3.856629E+05,1.754117E-15,4.241604E-12,0,0,0,0
Lu_5d32,35,3.55536886E-07,-2.973766E-01,3.516939E+05,2.313168E-15,5.100691E-12,0,0,0,0
Lu_5d32,36,3.89881261E-07,-3.261026E-01,3.207189E+05,3.050365E-15,6.133790E-12,0,0,0,0
Lu_5d32,37,4.27542511E-07,-3.576028E-01,2.924728E+05,4.022471E-15,7.375975E-12,0,0,0,0
Lu_5d32,38,4.68840899E-07,-3.921450E-01,2.667152E+05,5.304330E-15,8.869782E-12,0,0,0,0
Lu_5d32,39,5.14125814E-07,-4.300215E-01,2.432277E+05,6.994612E-15,1.066605E-11,0,0,0,0
Lu_5d32,40,5.63783777E-07,-4.715555E-01,2.218092E+05,9.223439E-15,1.282590E-11,0,0,0,0
Lu_5d32,41,6.18235912E-07,-5.170992E-01,2.022780E+05,1.216236E-14,1.542311E-11,0,0,0,0
Lu_5d32,42,6.77944859E-07,-5.670395E-01,1.844676E+05,1.603755E-14,1.854608E-11,0,0,0,0
Lu_5d32,43,7.43417883E-07,-6.218005E-01,1.682263E+05,2.114722E-14,2.230137E-11,0,0,0,0
Lu_5d32,44,8.15209759E-07,-6.818461E-01,1.534163E+05,2.788452E-14,2.681665E-11,0,0,0,0
Lu_5d32,45,8.93933023E-07,-7.476885E-01,1.399107E+05,3.676786E-14,3.224577E-11,0,0,0,0
Lu_5d32,46,9.80253329E-07,-8.198841E-01,1.275952E+05,4.848055E-14,3.877419E-11,0,0,0,0
Lu_5d32,47,1.07490332E-06,-8.990456E-01,1.163648E+05,6.392351E-14,4.662362E-11,0,0,0,0
Lu_5d32,48,1.17868778E-06,-9.858455E-01,1.061239E+05,8.428448E-14,5.606132E-11,0,0,0,0
Lu_5d32,49,1.29248727E-06,-1.081020E+00,9.678516E+04,1.111292E-13,6.740897E-11,0,0,0,0
Lu_5d32,50,1.41726642E-06,-1.185375E+00,8.826928E+04,1.465216E-13,8.105311E-11,0,0,0,0
Lu_5d32,51,1.55408252E-06,-1.299794E+00,8.050382E+04,1.931824E-13,9.745743E-11,0,0,0,0
Lu_5d32,52,1.70409879E-06,-1.425248E+00,7.342252E+04,2.546982E-13,1.171802E-10,0,0,0,0
Lu_5d32,53,1.86858481E-06,-1.562798E+00,6.696524E+04,3.357963E-13,1.408934E-10,0,0,0,0
Lu_5d32,54,2.04893518E-06,-1.713608E+00,6.107702E+04,4.427078E-13,1.694033E-10,0,0,0,0
Lu_5d32,55,2.24667680E-06,-1.878953E+00,5.570778E+04,5.836453E-13,2.036787E-10,0,0,0,0
Lu_5d32,56,2.46348896E-06,-2.060232E+00,5.081174E+04,7.694337E-13,2.448853E-10,0,0,0,0
Lu_5d32,57,2.70120429E-06,-2.258975E+00,4.634735E+04,1.014338E-12,2.944259E-10,0,0,0,0
Lu_5d32,58,2.96183615E-06,-2.476857E+00,4.227659E+04,1.337158E-12,3.539820E-10,0,0,0,0
Lu_5d32,59,3.24759167E-06,-2.715716E+00,3.856484E+04,1.762669E-12,4.255779E-10,0,0,0,0
Lu_5d32,60,3.56088877E-06,-2.977564E+00,3.518053E+04,2.323516E-12,5.116469E-10,0,0,0,0
Lu_5d32,61,3.90437587E-06,-3.264600E+00,3.209488E+04,3.062713E-12,6.151106E-10,0,0,0,0
Lu_5d32,62,4.28096072E-06,-3.579235E+00,2.928164E+04,4.036935E-12,7.394812E-10,0,0,0,0
Lu_5d32,63,4.69382455E-06,-3.924105E+00,2.671690E+04,5.320844E-12,8.889820E-10,0,0,0,0
Lu_5d32,64,5.14645651E-06,-4.302092E+00,2.437886E+04,7.012795E-12,1.068683E-09,0,0,0,0
Lu_5d32,65,5.64267994E-06,-4.716348E+00,2.224764E+04,9.242338E-12,1.284679E-09,0,0,0,0
Lu_5d32,66,6.18668621E-06,-5.170318E+00,2.030512E+04,1.218009E-11,1.544292E-09,0,0,0,0
Lu_5d32,67,6.78306446E-06,-5.667761E+00,1.853481E+04,1.605074E-11,1.856320E-09,0,0,0,0
Lu_5d32,68,7.43684772E-06,-6.212780E+00,1.692167E+04,2.115012E-11,2.231327E-09,0,0,0,0
Lu_5d32,69,8.15354812E-06,-6.809847E+00,1.545200E+04,2.786765E-11,2.682011E-09,0,0,0,0
Lu_5d32,70,8.93920529E-06,-7.463830E+00,1.411334E+04,3.671590E-11,3.223615E-09,0,0,0,0
Lu_5d32,71,9.80043817E-06,-8.180023E+00,1.289434E+04,4.836933E-11,3.874446E-09,0,0,0,0
Lu_5d32,72,1.07444991E-05,-8.964176E+00,1.178467E+04,6.371518E-11,4.656491E-09,0,0,0,0
Lu_5d32,73,1.17793295E-05,-9.822511E+00,1.077495E+04,8.392027E-11,5.596145E-09,0,0,0,0
Lu_5d32,74,1.29136348E-05,-1.076176E+01,9.856670E+03,1.105185E-10,6.725089E-09,0,0,0,0
Lu_5d32,75,1.41569462E-05,-1.178916E+01,9.022100E+03,1.455254E-10,8.081356E-09,0,0,0,0
Lu_5d32,76,1.55197075E-05,-1.291250E+01,8.264256E+03,1.915883E-10,9.710575E-09,0,0,0,0
Lu_5d32,77,1.70133553E-05,-1.414009E+01,7.576839E+03,2.521817E-10,1.166748E-08,0,0,0,0
Lu_5d32,78,1.86504207E-05,-1.548074E+01,6.954218E+03,3.318631E-10,1.401771E-08,0,0,0,0
Lu_5d32,79,2.04446227E-05,-1.694375E+01,6.391260E+03,4.366049E-10,1.683999E-08,0,0,0,0
Lu_5d32,80,2.24109875E-05,-1.853882E+01,5.883520E+03,5.742262E-10,2.022861E-08,0,0,0,0
Lu_5d32,81,2.45659712E-05,-2.027593E+01,5.427284E+03,7.549508E-10,2.429655E-08,0,0,0,0
Lu_5d32,82,2.69275913E-05,-2.216516E+01,5.018870E+03,9.921279E-10,2.917908E-08,0,0,0,0
Lu_5d32,83,2.95155769E-05,-2.421648E+01,4.655748E+03,1.303156E-09,3.503803E-08,0,0,0,0
Lu_5d32,84,3.23515278E-05,-2.643933E+01,4.335897E+03,1.710665E-09,4.206693E-08,0,0,0,0
Lu_5d32,85,3.54590885E-05,-2.884216E+01,4.057607E+03,2.244009E-09,5.049697E-08,0,0,0,0
Lu_5d32,86,3.88641460E-05,-3.143171E+01,3.820346E+03,2.941151E-09,6.060411E-08,0,0,0,0
Lu_5d32,87,4.25950311E-05,-3.421206E+01,3.624447E+03,3.850997E-09,7.271747E-08,0,0,0,0
Lu_5d32,88,4.66827539E-05,-3.718335E+01,3.471129E+03,5.036251E-09,8.722899E-08,0,0,0,0
Lu_5d32,89,5.11612515E-05,-4.034008E+01,3.363171E+03,6.576841E-09,1.046050E-07,0,0,0,0
Lu_5d32,90,5.60676589E-05,-4.366875E+01,3.305270E+03,8.573902E-09,1.253996E-07,0,0,0,0
Lu_5d32,91,6.14426048E-05,-4.714482E+01,3.304220E+03,1.115422E-08,1.502699E-07,0,0,0,0
Lu_5d32,92,6.73305476E-05,-5.072868E+01,3.369675E+03,1.447482E-08,1.799951E-07,0,0,0,0
Lu_5d32,93,7.37801101E-05,-5.436047E+01,3.514640E+03,1.872717E-08,2.154973E-07,0,0,0,0
Lu_5d32,94,8.08444839E-05,-5.795353E+01,3.754473E+03,2.413983E-08,2.578680E-07,0,0,0,0
Lu_5d32,95,8.85818410E-05,-6.138718E+01,4.100158E+03,3.097781E-08,3.084003E-07,0,0,0,0
Lu_5d32,96,9.70557919E-05,-6.450115E+01,4.524009E+03,3.953607E-08,3.686259E-07,0,0,0,0
Lu_5d32,97,1.06335888E-04,-6.710130E+01,4.857000E+03,5.012419E-08,4.403350E-07,0,0,0,0
Lu_5d32,98,1.16498167E-04,-6.900239E+01,4.750119E+03,6.304299E-08,5.256408E-07,0,0,0,0
Lu_5d32,99,1.27625740E-04,-7.013925E+01,4.025015E+03,7.857841E-08,6.272325E-07,0,0,0,0
Lu_5d32,100,1.39809443E-04,-7.066706E+01,3.032300E+03,9.705987E-08,7.483600E-07,0,0,0,0
Lu_5d32,101,1.53148538E-04,-7.085775E+01,2.271314E+03,1.189461E-07,8.925621E-07,0,0,0,0
Lu_5d32,102,1.67751469E-04,-7.091153E+01,1.846331E+03,1.448718E-07,1.064065E-06,0,0,0,0
Lu_5d32,103,1.83736702E-04,-7.092048E+01,1.599612E+03,1.756700E-07,1.268190E-06,0,0,0,0
Lu_5d32,104,2.01233621E-04,-7.091667E+01,1.417322E+03,2.123822E-07,1.511220E-06,0,0,0,0
Lu_5d32,105,2.20383511E-04,-7.090932E+01,1.261348E+03,2.562757E-07,1.800501E-06,0,0,0,0
Lu_5d32,106,2.41340621E-04,-7.090062E+01,1.121533E+03,3.088828E-07,2.144740E-06,0,0,0,0
Lu_5d32,107,2.64273321E-04,-7.089098E+01,9.949151E+02,3.720569E-07,2.554277E-06,0,0,0,0
Lu_5d32,108,2.89365355E-04,-7.088039E+01,8.801391E+02,4.480444E-07,3.041382E-06,0,0,0,0
Lu_5d32,109,3.16817200E-04,-7.086877E+01,7.761826E+02,5.395735E-07,3.620596E-06,0,0,0,0
Lu_5d32,110,3.46847541E-04,-7.085603E+01,6.821310E+02,6.499636E-07,4.309150E-06,0,0,0,0
Lu_5d32,111,3.79694864E-04,-7.084207E+01,5.971467E+02,7.832607E-07,5.127441E-06,0,0,0,0
Lu_5d32,112,4.15619192E-04,-7.082677E+01,5.204620E+02,9.444039E-07,6.099610E-06,0,0,0,0
Lu_5d32,113,4.54903944E-04,-7.080999E+01,4.513737E+02,1.139432E-06,7.254205E-06,0,0,0,0
Lu_5d32,114,4.97857967E-04,-7.079161E+01,3.892361E+02,1.375741E-06,8.624965E-06,0,0,0,0
Lu_5d32,115,5.44817717E-04,-7.077148E+01,3.334560E+02,1.662400E-06,1.025174E-05,0,0,0,0
Lu_5d32,116,5.96149619E-04,-7.074942E+01,2.834875E+02,2.010546E-06,1.218156E-05,0,0,0,0
Lu_5d32,117,6.52252617E-04,-7.072526E+01,2.388273E+02,2.433877E-06,1.446988E-05,0,0,0,0
Lu_5d32,118,7.13560914E-04,-7.069881E+01,1.990107E+02,2.949264E-06,1.718206E-05,0,0,0,0
Lu_5d32,119,7.80546942E-04,-7.066985E+01,1.636079E+02,3.577511E-06,2.039502E-05,0,0,0,0
Lu_5d32,120,8.53724541E-04,-7.063816E+01,1.322209E+02,4.344305E-06,2.419922E-05,0,0,0,0
Lu_5d32,121,9.33652389E-04,-7.060348E+01,1.044807E+02,5.281406E-06,2.870095E-05,0,0,0,0
Lu_5d32,122,1.02093769E-03,-7.056555E+01,8.004505E+01,6.428118E-06,3.402493E-05,0,0,0,0
Lu_5d32,123,1.11624013E-03,-7.052407E+01,5.859603E+01,7.833146E-06,4.031735E-05,0,0,0,0
Lu_5d32,124,1.22027613E-03,-7.047871E+01,3.983878E+01,9.556890E-06,4.774934E-05,0,0,0,0
Lu_5d32,125,1.33382338E-03,-7.042915E+01,2.349988E+01,1.167433E-05,5.652092E-05,0,0,0,0
Lu_5d32,126,1.45772573E-03,-7.037500E+01,9.326127E+00,1.427860E-05,6.686556E-05,0,0,0,0
Lu_5d32,127,1.59289840E-03,-7.031586E+01,-2.916405E+00,1.748547E-05,7.905533E-05,0,0,0,0
Lu_5d32,128,1.74033353E-03,-7.025132E+01,-1.344328E+01,2.143892E-05,9.340670E-05,0,0,0,0
Lu_5d32,129,1.90110615E-03,-7.018089E+01,-2.245243E+01,2.631807E-05,1.102871E-04,0,0,0,0
Lu_5d32,130,2.07638050E-03,-7.010410E+01,-3.012491E+01,3.234579E-05,1.301223E-04,0,0,0,0
Lu_5d32,131,2.26741677E-03,-7.002042E+01,-3.662553E+01,3.979939E-05,1.534046E-04,0,0,0,0
Lu_5d32,132,2.47557828E-03,-6.992927E+01,-4.210360E+01,4.902392E-05,1.807015E-04,0,0,0,0
Lu_5d32,133,2.70233906E-03,-6.983007E+01,-4.669358E+01,6.044848E-05,2.126663E-04,0,0,0,0
Lu_5d32,134,2.94929195E-03,-6.972219E+01,-5.051592E+01,7.460651E-05,2.500481E-04,0,0,0,0
Lu_5d32,135,3.21815711E-03,-6.960495E+01,-5.367778E+01,9.216062E-05,2.937037E-04,0,0,0,0
Lu_5d32,136,3.51079106E-03,-6.947767E+01,-5.627394E+01,1.139331E-04,3.446095E-04,0,0,0,0
Lu_5d32,137,3.82919619E-03,-6.933960E+01,-5.838764E+01,1.409434E-04,4.038745E-04,0,0,0,0
Lu_5d32,138,4.17553074E-03,-6.918999E+01,-6.009153E+01,1.744534E-04,4.727527E-04,0,0,0,0
Lu_5d32,139,4.55211944E-03,-6.902805E+01,-6.144855E+01,2.160225E-04,5.526565E-04,0,0,0,0
Lu_5d32,140,4.96146447E-03,-6.885296E+01,-6.251288E+01,2.675746E-04,6.451683E-04,0,0,0,0
Lu_5d32,141,5.40625706E-03,-6.866388E+01,-6.333086E+01,3.314779E-04,7.520517E-04,0,0,0,0
Lu_5d32,142,5.88938963E-03,-6.845996E+01,-6.394180E+01,4.106406E-04,8.752602E-04,0,0,0,0
Lu_5d32,143,6.41396839E-03,-6.824032E+01,-6.437887E+01,5.086242E-04,1.016943E-03,0,0,0,0
Lu_5d32,144,6.98332646E-03,-6.800407E+01,-6.466984E+01,6.297776E-04,1.179448E-03,0,0,0,0
Lu_5d32,145,7.60103751E-03,-6.775030E+01,-6.483782E+01,7.793927E-04,1.365316E-03,0,0,0,0
Lu_5d32,146,8.27092988E-03,-6.747811E+01,-6.490189E+01,9.638858E-04,1.577269E-03,0,0,0,0
Lu_5d32,147,8.99710118E-03,-6.718657E+01,-6.487768E+01,1.191004E-03,1.818191E-03,0,0,0,0
Lu_5d32,148,9.78393329E-03,-6.687474E+01,-6.477793E+01,1.470060E-03,2.091097E-03,0,0,0,0
Lu_5d32,149,1.06361078E-02,-6.654167E+01,-6.461289E+01,1.812192E-03,2.399085E-03,0,0,0,0
Lu_5d32,150,1.15586218E-02,-6.618641E+01,-6.439076E+01,2.230648E-03,2.745275E-03,0,0,0,0
Lu_5d32,151,1.25568040E-02,-6.580796E+01,-6.411802E+01,2.741095E-03,3.132727E-03,0,0,0,0
Lu_5d32,152,1.36363313E-02,-6.540535E+01,-6.379971E+01,3.361930E-03,3.564342E-03,0,0,0,0
Lu_5d32,153,1.48032451E-02,-6.497756E+01,-6.343968E+01,4.114604E-03,4.042735E-03,0,0,0,0
Lu_5d32,154,1.60639684E-02,-6.452362E+01,-6.304086E+01,5.023922E-03,4.570086E-03,0,0,0,0
Lu_5d32,155,1.74253227E-02,-6.404254E+01,-6.260539E+01,6.118305E-03,5.147967E-03,0,0,0,0
Lu_5d32,156,1.88945447E-02,-6.353341E+01,-6.213477E+01,7.429987E-03,5.777140E-03,0,0,0,0
Lu_5d32,157,2.04793037E-02,-6.299539E+01,-6.163009E+01,8.995106E-03,6.457339E-03,0,0,0,0
Lu_5d32,158,2.21877176E-02,-6.242773E+01,-6.109207E+01,1.085363E-02,7.187027E-03,0,0,0,0
Lu_5d32,159,2.40283703E-02,-6.182981E+01,-6.052116E+01,1.304912E-02,7.963142E-03,0,0,0,0
Lu_5d32,160,2.60103273E-02,-6.120111E+01,-5.991767E+01,1.562814E-02,8.780846E-03,0,0,0,0
Lu_5d32,161,2.81431521E-02,-6.054115E+01,-5.928175E+01,1.863942E-02,9.633271E-03,0,0,0,0
Lu_5d32,162,3.04369210E-02,-5.984944E+01,-5.861345E+01,2.213258E-02,1.051130E-02,0,0,0,0
Lu_5d32,163,3.29022384E-02,-5.912547E+01,-5.791265E+01,2.615633E-02,1.140341E-02,0,0,0,0
Lu_5d32,164,3.55502504E-02,-5.836870E+01,-5.717917E+01,3.075619E-02,1.229549E-02,0,0,0,0
Lu_5d32,165,3.83926583E-02,-5.757864E+01,-5.641276E+01,3.597162E-02,1.317093E-02,0,0,0,0
Lu_5d32,166,4.14417311E-02,-5.675496E+01,-5.561322E+01,4.183249E-02,1.401058E-02,0,0,0,0
Lu_5d32,167,4.47103165E-02,-5.589759E+01,-5.478053E+01,4.835501E-02,1.479307E-02,0,0,0,0
Lu_5d32,168,4.82118514E-02,-5.500674E+01,-5.391492E+01,5.553716E-02,1.549511E-02,0,0,0,0
Lu_5d32,169,5.19603709E-02,-5.408297E+01,-5.301688E+01,6.335363E-02,1.609205E-02,0,0,0,0
Lu_5d32,170,5.59705163E-02,-5.312708E+01,-5.208717E+01,7.175064E-02,1.655857E-02,0,0,0,0
Lu_5d32,171,6.02575411E-02,-5.214002E+01,-5.112669E+01,8.064076E-02,1.686952E-02,0,0,0,0
Lu_5d32,172,6.48373163E-02,-5.112282E+01,-5.013644E+01,8.989819E-02,1.700096E-02,0,0,0,0
Lu_5d32,173,6.97263340E-02,-5.007654E+01,-4.911743E+01,9.935477E-02,1.693128E-02,0,0,0,0
Lu_5d32,174,7.49417091E-02,-4.900230E+01,-4.807073E+01,1.087975E-01,1.664245E-02,0,0,0,0
Lu_5d32,175,8.05011798E-02,-4.790126E+01,-4.699747E+01,1.179676E-01,1.612120E-02,0,0,0,0
Lu_5d32,176,8.64231061E-02,-4.677502E+01,-4.589918E+01,1.265626E-01,1.536021E-02,0,0,0,0
Lu_5d32,177,9.27264671E-02,-4.562538E+01,-4.477757E+01,1.342399E-01,1.435915E-02,0,0,0,0
Lu_5d32,178,9.94308562E-02,-4.445469E+01,-4.363489E+01,1.406254E-01,1.312542E-02,0,0,0,0
Lu_5d32,179,1.06556475E-01,-4.326541E+01,-4.247351E+01,1.453237E-01,1.167468E-02,0,0,0,0
Lu_5d32,180,1.14124124E-01,-4.205996E+01,-4.129577E+01,1.479326E-01,1.003092E-02,0,0,0,0
Lu_5d32,181,1.22155196E-01,-4.084052E+01,-4.010381E+01,1.480607E-01,8.226229E-03,0,0,0,0
Lu_5d32,182,1.30671661E-01,-3.960930E+01,-3.889979E+01,1.453468E-01,6.300047E-03,0,0,0,0
Lu_5d32,183,1.39696055E-01,-3.836869E+01,-3.768605E+01,1.394823E-01,4.297977E-03,0,0,0,0
Lu_5d32,184,1.49251467E-01,-3.712155E+01,-3.646541E+01,1.302329E-01,2.270165E-03,0,0,0,0
Lu_5d32,185,1.59361522E-01,-3.587132E+01,-3.524120E+01,1.174603E-01,2.693245E-04,0,0,0,0
Lu_5d32,186,1.70050362E-01,-3.462150E+01,-3.401689E+01,1.011409E-01,-1.651450E-03,0,0,0,0
Lu_5d32,187,1.81342630E-01,-3.337542E+01,-3.279572E+01,8.138152E-02,-3.440940E-03,0,0,0,0
Lu_5d32,188,1.93263449E-01,-3.213569E+01,-3.158030E+01,5.842876E-02,-5.052013E-03,0,0,0,0
Lu_5d32,189,2.05838402E-01,-3.090408E+01,-3.037233E+01,3.267345E-02,-6.443662E-03,0,0,0,0
Lu_5d32,190,2.19093507E-01,-2.968140E+01,-2.917261E+01,4.647055E-03,-7.582795E-03,0,0,0,0
Lu_5d32,191,2.33055201E-01,-2.846816E+01,-2.798166E+01,-2.498939E-02,-8.445679E-03,0,0,0,0
Lu_5d32,192,2.47750307E-01,-2.726489E+01,-2.679996E+01,-5.546422E-02,-9.018926E-03,0,0,0,0
Lu_5d32,193,2.63206019E-01,-2.607291E+01,-2.562885E+01,-8.592158E-02,-9.299927E-03,0,0,0,0
Lu_5d32,194,2.79449870E-01,-2.489435E+01,-2.447042E+01,-1.154538E-01,-9.296651E-03,0,0,0,0
Lu_5d32,195,2.96509710E-01,-2.373169E+01,-2.332713E+01,-1.431382E-01,-9.026840E-03,0,0,0,0
Lu_5d32,196,3.14413681E-01,-2.258696E+01,-2.220100E+01,-1.680754E-01,-8.516708E-03,0,0,0,0
Lu_5d32,197,3.33190188E-01,-2.146130E+01,-2.109320E+01,-1.894272E-01,-7.799301E-03,0,0,0,0
Lu_5d32,198,3.52867877E-01,-2.035548E+01,-2.000453E+01,-2.064529E-01,-6.912615E-03,0,0,0,0
Lu_5d32,199,3.73475605E-01,-1.927067E+01,-1.893617E+01,-2.185396E-01,-5.897550E-03,0,0,0,0
Lu_5d32,200,3.95042416E-01,-1.820943E+01,-1.789069E+01,-2.252267E-01,-4.795755E-03,0,0,0,0
Lu_5d32,201,4.17597515E-01,-1.717551E+01,-1.687185E+01,-2.262210E-01,-3.647540E-03,0,0,0,0
Lu_5d32,202,4.41170244E-01,-1.617347E+01,-1.588422E+01,-2.214015E-01,-2.490073E-03,0,0,0,0
Lu_5d32,203,4.65790054E-01,-1.520802E+01,-1.493253E+01,-2.108159E-01,-1.356013E-03,0,0,0,0
Lu_5d32,204,4.91486481E-01,-1.428334E+01,-1.402097E+01,-1.946670E-01,-2.726559E-04,0,0,0,0
Lu_5d32,205,5.18289124E-01,-1.340261E+01,-1.315275E+01,-1.732939E-01,7.384087E-04,0,0,0,0
Lu_5d32,206,5.46227617E-01,-1.256783E+01,-1.232987E+01,-1.471495E-01,1.661215E-03,0,0,0,0
Lu_5d32,207,5.75331612E-01,-1.177967E+01,-1.155305E+01,-1.167750E-01,2.485031E-03,0,0,0,0
Lu_5d32,208,6.05630751E-01,-1.103791E+01,-1.082206E+01,-8.277511E-02,3.203784E-03,0,0,0,0
Lu_5d32,209,6.37154647E-01,-1.034137E+01,-1.013575E+01,-4.579460E-02,3.815391E-03,0,0,0,0
Lu_5d32,210,6.69932864E-01,-9.688292E+00,-9.492398E+00,-6.495979E-03,4.321065E-03,0,0,0,0
Lu_5d32,211,7.03994894E-01,-9.076812E+00,-8.890143E+00,3.445963E-02,4.724645E-03,0,0,0,0
Lu_5d32,212,7.39370141E-01,-8.504780E+00,-8.326863E+00,7.642921E-02,5.031977E-03,0,0,0,0
Lu_5d32,213,7.76087899E-01,-7.970104E+00,-7.800486E+00,1.188016E-01,5.250342E-03,0,0,0,0
Lu_5d32,214,8.14177341E-01,-7.470733E+00,-7.308980E+00,1.610086E-01,5.387962E-03,0,0,0,0
Lu_5d32,215,8.53667493E-01,-7.004632E+00,-6.850333E+00,2.025324E-01,5.453563E-03,0,0,0,0
Lu_5d32,216,8.94587226E-01,-6.569778E+00,-6.422541E+00,2.429120E-01,5.456033E-03,0,0,0,0
Lu_5d32,217,9.36965239E-01,-6.164163E+00,-6.023616E+00,2.817454E-01,5.404138E-03,0,0,0,0
Lu_5d32,218,9.80830042E-01,-5.785828E+00,-5.651619E+00,3.186914E-01,5.306321E-03,0,0,0,0
Lu_5d32,219,1.02620995E+00,-5.432904E+00,-5.304700E+00,3.534686E-01,5.170542E-03,0,0,0,0
Lu_5d32,220,1.07313306E+00,-5.103643E+00,-4.981127E+00,3.858542E-01,5.004182E-03,0,0,0,0
Lu_5d32,221,1.12162725E+00,-4.796473E+00,-4.679348E+00,4.156806E-01,4.813967E-03,0,0,0,0
Lu_5d32,222,1.17172015E+00,-4.509912E+00,-4.397896E+00,4.428320E-01,4.605934E-03,0,0,0,0
Lu_5d32,223,1.22343919E+00,-4.242643E+00,-4.135470E+00,4.672398E-01,4.385414E-03,0,0,0,0
Lu_5d32,224,1.27681148E+00,-3.993417E+00,-3.890836E+00,4.888779E-01,4.157047E-03,0,0,0,0
Lu_5d32,225,1.33186393E+00,-3.761051E+00,-3.662824E+00,5.077577E-01,3.924810E-03,0,0,0,0
Lu_5d32,226,1.38862315E+00,-3.544410E+00,-3.450314E+00,5.239229E-01,3.692060E-03,0,0,0,0
Lu_5d32,227,1.44711548E+00,-3.342396E+00,-3.252220E+00,5.374445E-01,3.461591E-03,0,0,0,0
Lu_5d32,228,1.50736699E+00,-3.153955E+00,-3.067500E+00,5.484169E-01,3.235695E-03,0,0,0,0
Lu_5d32,229,1.56940344E+00,-2.978073E+00,-2.895151E+00,5.569530E-01,3.016217E-03,0,0,0,0
Lu_5d32,230,1.63325033E+00,-2.813800E+00,-2.734234E+00,5.631809E-01,2.804612E-03,0,0,0,0
Lu_5d32,231,1.69893283E+00,-2.660255E+00,-2.583878E+00,5.672403E-01,2.601998E-03,0,0,0,0
Lu_5d32,232,1.76647584E+00,-2.516639E+00,-2.443293E+00,5.692798E-01,2.409204E-03,0,0,0,0
Lu_5d32,233,1.83590395E+00,-2.382246E+00,-2.311782E+00,5.694540E-01,2.226803E-03,0,0,0,0
Lu_5d32,234,1.90724144E+00,-2.256463E+00,-2.188742E+00,5.679213E-01,2.055148E-03,0,0,0,0
Lu_5d32,235,1.98051228E+00,-2.138770E+00,-2.073658E+00,5.648414E-01,1.894401E-03,0,0,0,0
Lu_5d32,236,2.05574015E+00,-2.028725E+00,-1.966097E+00,5.603737E-01,1.744556E-03,0,0,0,0
Lu_5d32,237,2.13294840E+00,-1.925951E+00,-1.865688E+00,5.546751E-01,1.605464E-03,0,0,0,0
Lu_5d32,238,2.21216008E+00,-1.830112E+00,-1.772103E+00,5.478983E-01,1.476859E-03,0,0,0,0
Lu_5d32,239,2.29339794E+00,-1.740893E+00,-1.685031E+00,5.401906E-01,1.358379E-03,0,0,0,0
Lu_5d32,240,2.37668441E+00,-1.657974E+00,-1.604160E+00,5.316924E-01,1.249590E-03,0,0,0,0
Lu_5d32,241,2.46204160E+00,-1.581013E+00,-1.529153E+00,5.225367E-01,1.150016E-03,0,0,0,0
Lu_5d32,242,2.54949133E+00,-1.510614E+00,-1.460618E+00,5.128481E-01,1.059090E-03,0,0,0,0
Lu_5d32,243,2.63905511E+00,-1.447346E+00,-1.399129E+00,5.027398E-01,9.761017E-04,0,0,0,0
Lu_5d32,244,2.73075413E+00,-1.390683E+00,-1.344164E+00,4.923111E-01,9.003027E-04,0,0,0,0
Lu_5d32,245,2.82460929E+00,-1.340113E+00,-1.295216E+00,4.816478E-01,8.309897E-04,0,0,0,0
Lu_5d32,246,2.92064119E+00,-1.295138E+00,-1.251791E+00,4.708233E-01,7.675105E-04,0,0,0,0
Lu_5d32,247,3.01887011E+00,-1.255280E+00,-1.213416E+00,4.598994E-01,7.092653E-04,0,0,0,0
Lu_5d32,248,3.11931605E+00,-1.220084E+00,-1.179637E+00,4.489274E-01,6.557084E-04,0,0,0,0
Lu_5d32,249,3.22199870E+00,-1.189114E+00,-1.150023E+00,4.379496E-01,6.063478E-04,0,0,0,0
Lu_5d32,250,3.32693748E+00,-1.161962E+00,-1.124169E+00,4.269998E-01,5.607432E-04,0,0,0,0
Lu_5d32,251,3.43415149E+00,-1.138242E+00,-1.101692E+00,4.161049E-01,5.185033E-04,0,0,0,0
Lu_5d32,252,3.54365956E+00,-1.117598E+00,-1.082237E+00,4.052854E-01,4.792827E-04,0,0,0,0
Lu_5d32,253,3.65548024E+00,-1.099695E+00,-1.065474E+00,3.945570E-01,4.427783E-04,0,0,0,0
Lu_5d32,254,3.76963178E+00,-1.084227E+00,-1.051099E+00,3.839308E-01,4.087253E-04,0,0,0,0
Lu_5d32,255,3.88613217E+00,-1.070913E+00,-1.038832E+00,3.734144E-01,3.768936E-04,0,0,0,0
Lu_5d32,256,4.00499912E+00,-1.059495E+00,-1.028419E+00,3.630127E-01,3.470838E-04,0,0,0,0
Lu_5d32,257,4.12625005E+00,-1.049740E+00,-1.019628E+00,3.527285E-01,3.191239E-04,0,0,0,0
Lu_5d32,258,4.24990215E+00,-1.041437E+00,-1.012250E+00,3.425628E-01,2.928657E-04,0,0,0,0
Lu_5d32,259,4.37597231E+00,-1.034397E+00,-1.006098E+00,3.325155E-01,2.681819E-04,0,0,0,0
Lu_5d32,260,4.50447717E+00,-1.028451E+00,-1.001005E+00,3.225859E-01,2.449630E-04,0,0,0,0
Lu_5d32,261,4.63543312E+00,-1.023448E+00,-9.968211E-01,3.127728E-01,2.231146E-04,0,0,0,0
Lu_5d32,262,4.76885630E+00,-1.019254E+00,-9.934149E-01,3.030750E-01,2.025555E-04,0,0,0,0
Lu_5d32,263,4.90476257E+00,-1.015752E+00,-9.906704E-01,2.934913E-01,1.832151E-04,0,0,0,0
Lu_5d32,264,5.04316759E+00,-1.012840E+00,-9.884863E-01,2.840210E-01,1.650319E-04,0,0,0,0
Lu_5d32,265,5.18408673E+00,-1.010427E+00,-9.867740E-01,2.746637E-01,1.479517E-04,0,0,0,0
Lu_5d32,266,5.32753516E+00,-1.008436E+00,-9.854572E-01,2.654197E-01,1.319263E-04,0,0,0,0
Lu_5d32,267,5.47352778E+00,-1.006800E+00,-9.844696E-01,2.562897E-01,1.169121E-04,0,0,0,0
Lu_5d32,268,5.62207929E+00,-1.005460E+00,-9.837547E-01,2.472753E-01,1.028694E-04,0,0,0,0
Lu_5d32,269,5.77320413E+00,-1.004368E+00,-9.832640E-01,2.383785E-01,8.976127E-05,0,0,0,0
Lu_5d32,270,5.92691655E+00,-1.003481E+00,-9.829565E-01,2.296022E-01,7.755292E-05,0,0,0,0
Lu_5d32,271,6.08323056E+00,-1.002763E+00,-9.827976E-01,2.209495E-01,6.621109E-05,0,0,0,0
Lu_5d32,272,6.24215994E+00,-1.002185E+00,-9.827581E-01,2.124244E-01,5.570357E-05,0,0,0,0
Lu_5d32,273,6.40371829E+00,-1.001721E+00,-9.828137E-01,2.040313E-01,4.599886E-05,0,0,0,0
Lu_5d32,274,6.56791896E+00,-1.001351E+00,-9.829440E-01,1.957749E-01,3.706584E-05,0,0,0,0
Lu_5d32,275,6.73477513E+00,-1.001056E+00,-9.831324E-01,1.876602E-01,2.887359E-05,0,0,0,0
Lu_5d32,276,6.90429975E+00,-1.000822E+00,-9.833652E-01,1.796927E-01,2.139123E-05,0,0,0,0
Lu_5d32,277,7.07650558E+00,-1.000637E+00,-9.836311E-01,1.718779E-01,1.458782E-05,0,0,0,0
Lu_5d32,278,7.25140519E+00,-1.000492E+00,-9.839210E-01,1.642212E-01,8.432332E-06,0,0,0,0
Lu_5d32,279,7.42901095E+00,-1.000379E+00,-9.842277E-01,1.567283E-01,2.893645E-06,0,0,0,0
Lu_5d32,280,7.60933504E+00,-1.000290E+00,-9.845452E-01,1.494047E-01,-2.059445E-06,0,0,0,0
Lu_5d32,281,7.79238945E+00,-1.000221E+00,-9.848689E-01,1.422557E-01,-6.458161E-06,0,0,0,0
Lu_5d32,282,7.97818600E+00,-1.000168E+00,-9.851951E-01,1.352863E-01,-1.033368E-05,0,0,0,0
Lu_5d32,283,8.16673632E+00,-1.000127E+00,-9.855210E-01,1.285015E-01,-1.371704E-05,0,0,0,0
Lu_5d32,284,8.35805186E+00,-1.000096E+00,-9.858445E-01,1.219056E-01,-1.663907E-05,0,0,0,0
Lu_5d32,285,8.55214390E+00,-1.000072E+00,-9.861639E-01,1.155027E-01,-1.913024E-05,0,0,0,0
Lu_5d32,286,8.74902356E+00,-1.000054E+00,-9.864779E-01,1.092963E-01,-2.122062E-05,0,0,0,0
Lu_5d32,287,8.94870178E+00,-1.000040E+00,-9.867857E-01,1.032894E-01,-2.293972E-05,0,0,0,0
Lu_5d32,288,9.15118934E+00,-1.000030E+00,-9.870867E-01,9.748473E-02,-2.431641E-05,0,0,0,0
Lu_5d32,289,9.35649685E+00,-1.000022E+00,-9.873805E-01,9.188414E-02,-2.537885E-05,0,0,0,0
Lu_5d32,290,9.56463477E+00,-1.000016E+00,-9.876668E-01,8.648906E-02,-2.615434E-05,0,0,0,0
Lu_5d32,291,9.77561341E+00,-1.000012E+00,-9.879455E-01,8.130030E-02,-2.666928E-05,0,0,0,0
Lu_5d32,292,9.98944291E+00,-1.000009E+00,-9.882166E-01,7.631811E-02,-2.694907E-05,0,0,0,0
Lu_5d32,293,1.02061333E+01,-1.000006E+00,-9.884801E-01,7.154211E-02,-2.701807E-05,0,0,0,0
Lu_5d32,294,1.04256943E+01,-1.000005E+00,-9.887362E-01,6.697137E-02,-2.689952E-05,0,0,0,0
Lu_5d32,295,1.06481358E+01,-1.000003E+00,-9.889850E-01,6.260439E-02,-2.661548E-05,0,0,0,0
Lu_5d32,296,1.08734673E+01,-1.000002E+00,-9.892266E-01,5.843911E-02,-2.618684E-05,0,0,0,0
Lu_5d32,297,1.11016982E+01,-1.000002E+00,-9.894613E-01,5.447294E-02,-2.563324E-05,0,0,0,0
Lu_5d32,298,1.13328377E+01,-1.000001E+00,-9.896892E-01,5.070281E-02,-2.497308E-05,0,0,0,0
Lu_5d32,299,1.15668951E+01,-1.000001E+00,-9.899106E-01,4.712517E-02,-2.422353E-05,0,0,0,0
Lu_5d32,300,1.18038794E+01,-1.000001E+00,-9.901256E-01,4.373604E-02,-2.340049E-05,0,0,0,0
Lu_5d32,301,1.20437994E+01,-1.000000E+00,-9.903344E-01,4.053103E-02,-2.251862E-05,0,0,0,0
Lu_5d32,302,1.22866639E+01,-1.000000E+00,-9.905374E-01,3.750540E-02,-2.159137E-05,0,0,0,0
Lu_5d32,303,1.25324816E+01,-1.000000E+00,-9.907345E-01,3.465407E-02,-2.063100E-05,0,0,0,0
Lu_5d32,304,1.27812609E+01,-1.000000E+00,-9.909261E-01,3.197171E-02,-1.964861E-05,0,0,0,0
Lu_5d32,305,1.30330103E+01,-1.000000E+00,-9.911124E-01,2.945270E-02,-1.865416E-05,0,0,0,0
Lu_5d32,306,1.32877380E+01,-1.000000E+00,-9.912935E-01,2.709124E-02,-1.765654E-05,0,0,0,0
Lu_5d32,307,1.35454521E+01,-1.000000E+00,-9.914695E-01,2.488137E-02,-1.666363E-05,0,0,0,0
Lu_5d32,308,1.38061608E+01,-1.000000E+00,-9.916408E-01,2.281700E-02,-1.568229E-05,0,0,0,0
Lu_5d32,309,1.40698719E+01,-1.000000E+00,-9.918073E-01,2.089195E-02,-1.471850E-05,0,0,0,0
Lu_5d32,310,1.43365932E+01,-1.000000E+00,-9.919694E-01,1.909997E-02,-1.377733E-05,0,0,0,0
Lu_5d32,311,1.46063325E+01,-1.000000E+00,-9.921271E-01,1.743481E-02,-1.286308E-05,0,0,0,0
Lu_5d32,312,1.48790974E+01,-1.000000E+00,-9.922805E-01,1.589024E-02,-1.197928E-05,0,0,0,0
Lu_5d32,313,1.51548954E+01,-1.000000E+00,-9.924299E-01,1.446006E-02,-1.112877E-05,0,0,0,0
Lu_5d32,314,1.54337338E+01,-1.000000E+00,-9.925754E-01,1.313813E-02,-1.031375E-05,0,0,0,0
Lu_5d32,315,1.57156199E+01,-1.000000E+00,-9.927170E-01,1.191843E-02,-9.535849E-06,0,0,0,0
Lu_5d32,316,1.60005610E+01,-1.000000E+00,-9.928550E-01,1.079504E-02,-8.796189E-06,0,0,0,0
Lu_5d32,317,1.62885642E+01,-1.000000E+00,-9.929894E-01,9.762202E-03,-8.095416E-06,0,0,0,0
Lu_5d32,318,1.65796363E+01,-1.000000E+00,-9.931203E-01,8.814288E-03,-7.433765E-06,0,0,0,0
Lu_5d32,319,1.68737845E+01,-1.000000E+00,-9.932479E-01,7.945862E-03,-6.811110E-06,0,0,0,0
Lu_5d32,320,1.71710153E+01,-1.000000E+00,-9.933723E-01,7.151669E-03,-6.227010E-06,0,0,0,0
Lu_5d32,321,1.74713357E+01,-1.000000E+00,-9.934935E-01,6.426651E-03,-5.680756E-06,0,0,0,0
Lu_5d32,322,1.77747521E+01,-1.000000E+00,-9.936117E-01,5.765957E-03,-5.171408E-06,0,0,0,0
Lu_5d32,323,1.80812712E+01,-1.000000E+00,-9.937270E-01,5.164947E-03,-4.697836E-06,0,0,0,0
Lu_5d32,324,1.83908995E+01,-1.000000E+00,-9.938394E-01,4.619200E-03,-4.258760E-06,0,0,0,0
Lu_5d32,325,1.87036432E+01,-1.000000E+00,-9.939491E-01,4.124511E-03,-3.852774E-06,0,0,0,0
Lu_5d32,326,1.90195087E+01,-1.000000E+00,-9.940561E-01,3.676900E-03,-3.478381E-06,0,0,0,0
Lu_5d32,327,1.93385022E+01,-1.000000E+00,-9.941605E-01,3.272604E-03,-3.134022E-06,0,0,0,0
Lu_5d32,328,1.96606297E+01,-1.000000E+00,-9.942624E-01,2.908078E-03,-2.818092E-06,0,0,0,0
Lu_5d32,329,1.99858975E+01,-1.000000E+00,-9.943618E-01,2.579992E-03,-2.528968E-06,0,0,0,0
Lu_5d32,330,2.03143114E+01,-1.000000E+00,-9.944589E-01,2.285227E-03,-2.265025E-06,0,0,0,0
Lu_5d32,331,2.06458773E+01,-1.000000E+00,-9.945538E-01,2.020867E-03,-2.024648E-06,0,0,0,0
Lu_5d32,332,2.09806010E+01,-1.000000E+00,-9.946463E-01,1.784195E-03,-1.806255E-06,0,0,0,0
Lu_5d32,333,2.13184884E+01,-1.000000E+00,-9.947368E-01,1.572688E-03,-1.608297E-06,0,0,0,0
Lu_5d32,334,2.16595450E+01,-1.000000E+00,-9.948251E-01,1.384002E-03,-1.429276E-06,0,0,0,0
Lu_5d32,335,2.20037764E+01,-1.000000E+00,-9.949114E-01,1.215974E-03,-1.267748E-06,0,0,0,0
Lu_5d32,336,2.23511883E+01,-1.000000E+00,-9.949958E-01,1.066606E-03,-1.122332E-06,0,0,0,0
Lu_5d32,337,2.27017860E+01,-1.000000E+00,-9.950782E-01,9.340616E-04,-9.917113E-07,0,0,0,0
Lu_5d32,338,2.30555749E+01,-1.000000E+00,-9.951587E-01,8.166525E-04,-8.746380E-07,0,0,0,0
Lu_5d32,339,2.34125605E+01,-1.000000E+00,-9.952375E-01,7.128345E-04,-7.699352E-07,0,0,0,0
Lu_5d32,340,2.37727479E+01,-1.000000E+00,-9.953145E-01,6.211964E-04,-6.764973E-07,0,0,0,0
Lu_5d32,341,2.41361423E+01,-1.000000E+00,-9.953898E-01,5.404521E-04,-5.932903E-07,0,0,0,0
Lu_5d32,342,2.45027488E+01,-1.000000E+00,-9.954634E-01,4.694319E-04,-5.193507E-07,0,0,0,0
Lu_5d32,343,2.48725726E+01,-1.000000E+00,-9.955355E-01,4.070750E-04,-4.537840E-07,0,0,0,0
Lu_5d32,344,2.52456187E+01,-1.000000E+00,-9.956059E-01,3.524212E-04,-3.957632E-07,0,0,0,0
Lu_5d32,345,2.56218920E+01,-1.000000E+00,-9.956749E-01,3.046032E-04,-3.445259E-07,0,0,0,0
Lu_5d32,346,2.60013973E+01,-1.000000E+00,-9.957423E-01,2.628399E-04,-2.993718E-07,0,0,0,0
Lu_5d32,347,2.63841396E+01,-1.000000E+00,-9.958084E-01,2.264288E-04,-2.596599E-07,0,0,0,0
Lu_5d32,348,2.67701235E+01,-1.000000E+00,-9.958730E-01,1.947399E-04,-2.248050E-07,0,0,0,0
Lu_5d32,349,2.71593538E+01,-1.000000E+00,-9.959362E-01,1.672094E-04,-1.942746E-07,0,0,0,0
Lu_5d32,350,2.75518352E+01,-1.000000E+00,-9.959982E-01,1.433336E-04,-1.675858E-07,0,0,0,0
Lu_5d32,351,2.79475723E+01,-1.000000E+00,-9.960588E-01,1.226638E-04,-1.443016E-07,0,0,0,0
Lu_5d32,352,2.83465696E+01,-1.000000E+00,-9.961182E-01,1.048009E-04,-1.240279E-07,0,0,0,0
Lu_5d32,353,2.87488317E+01,-1.000000E+00,-9.961763E-01,8.939104E-05,-1.064104E-07,0,0,0,0
Lu_5d32,354,2.91543629E+01,-1.000000E+00,-9.962333E-01,7.612059E-05,-9.113111E-08,0,0,0,0
Lu_5d32,355,2.95631676E+01,-1.000000E+00,-9.962891E-01,6.471263E-05,-7.790555E-08,0,0,0,0
Lu_5d32,356,2.99752503E+01,-1.000000E+00,-9.963438E-01,5.492301E-05,-6.647997E-08,0,0,0,0
Lu_5d32,357,3.03906151E+01,-1.000000E+00,-9.963974E-01,4.653689E-05,-5.662853E-08,0,0,0,0
Lu_5d32,358,3.08092665E+01,-1.000000E+00,-9.964499E-01,3.936566E-05,-4.815075E-08,0,0,0,0
Lu_5d32,359,3.12312084E+01,-1.000000E+00,-9.965014E-01,3.324410E-05,-4.086913E-08,0,0,0,0
Lu_5d32,360,3.16564452E+01,-1.000000E+00,-9.965518E-01,2.802773E-05,-3.462689E-08,0,0,0,0
Lu_5d32,361,3.20849808E+01,-1.000000E+00,-9.966013E-01,2.359050E-05,-2.928588E-08,0,0,0,0
Lu_5d32,362,3.25168194E+01,-1.000000E+00,-9.966498E-01,1.982265E-05,-2.472470E-08,0,0,0,0
Lu_5d32,363,3.29519650E+01,-1.000000E+00,-9.966973E-01,1.662881E-05,-2.083688E-08,0,0,0,0
Lu_5d32,364,3.33904215E+01,-1.000000E+00,-9.967440E-01,1.392628E-05,-1.752928E-08,0,0,0,0
Lu_5d32,365,3.38321928E+01,-1.000000E+00,-9.967897E-01,1.164349E-05,-1.472063E-08,0,0,0,0
Lu_5d32,366,3.42772829E+01,-1.000000E+00,-9.968346E-01,9.718622E-06,-1.234014E-08,0,0,0,0
Lu_5d32,367,3.47256956E+01,-1.000000E+00,-9.968786E-01,8.098406E-06,-1.032634E-08,0,0,0,0
Lu_5d32,368,3.51774346E+01,-1.000000E+00,-9.969218E-01,6.737011E-06,-8.625933E-09,0,0,0,0
Lu_5d32,369,3.56325038E+01,-1.000000E+00,-9.969642E-01,5.595095E-06,-7.192829E-09,0,0,0,0
Lu_5d32,370,3.60909067E+01,-1.000000E+00,-9.970058E-01,4.638950E-06,-5.987259E-09,0,0,0,0
Lu_5d32,371,3.65526472E+01,-1.000000E+00,-9.970466E-01,3.839756E-06,-4.974986E-09,0,0,0,0
Lu_5d32,372,3.70177288E+01,-1.000000E+00,-9.970866E-01,3.172918E-06,-4.126594E-09,0,0,0,0
Lu_5d32,373,3.74861551E+01,-1.000000E+00,-9.971260E-01,2.617490E-06,-3.416870E-09,0,0,0,0
Lu_5d32,374,3.79579298E+01,-1.000000E+00,-9.971646E-01,2.155668E-06,-2.824245E-09,0,0,0,0
Lu_5d32,375,3.84330562E+01,-1.000000E+00,-9.972025E-01,1.772348E-06,-2.330313E-09,0,0,0,0
Lu_5d32,376,3.89115379E+01,-1.000000E+00,-9.972397E-01,1.454742E-06,-1.919396E-09,0,0,0,0
Lu_5d32,377,3.93933783E+01,-1.000000E+00,-9.972763E-01,1.192044E-06,-1.578171E-09,0,0,0,0
Lu_5d32,378,3.98785809E+01,-1.000000E+00,-9.973122E-01,9.751430E-07,-1.295337E-09,0,0,0,0
Lu_5d32,379,4.03671489E+01,-1.000000E+00,-9.973475E-01,7.963666E-07,-1.061333E-09,0,0,0,0
Lu_5d32,380,4.08590858E+01,-1.000000E+00,-9.973821E-01,6.492717E-07,-8.680819E-10,0,0,0,0
Lu_5d32,381,4.13543949E+01,-1.000000E+00,-9.974162E-01,5.284552E-07,-7.087788E-10,0,0,0,0
Lu_5d32,382,4.18530793E+01,-1.000000E+00,-9.974496E-01,4.293959E-07,-5.776996E-10,0,0,0,0
Lu_5d32,383,4.23551424E+01,-1.000000E+00,-9.974825E-01,3.483175E-07,-4.700402E-10,0,0,0,0
Lu_5d32,384,4.28605874E+01,-1.000000E+00,-9.975148E-01,2.820721E-07,-3.817772E-10,0,0,0,0
Lu_5d32,385,4.33694173E+01,-1.000000E+00,-9.975466E-01,2.280405E-07,-3.095476E-10,0,0,0,0
Lu_5d32,386,4.38816354E+01,-1.000000E+00,-9.975778E-01,1.840479E-07,-2.505461E-10,0,0,0,0
Lu_5d32,387,4.43972448E+01,-1.000000E+00,-9.976085E-01,1.482915E-07,-2.024374E-10,0,0,0,0
Lu_5d32,388,4.49162484E+01,-1.000000E+00,-9.976387E-01,1.192800E-07,-1.632817E-10,0,0,0,0
Lu_5d32,389,4.54386495E+01,-1.000000E+00,-9.976683E-01,9.578234E-08,-1.314703E-10,0,0,0,0
Lu_5d32,390,4.59644509E+01,-1.000000E+00,-9.976975E-01,7.678365E-08,-1.056725E-10,0,0,0,0
Lu_5d32,391,4.64936556E+01,-1.000000E+00,-9.977262E-01,6.144939E-08,-8.478922E-11,0,0,0,0
Lu_5d32,392,4.70262667E+01,-1.000000E+00,-9.977544E-01,4.909436E-08,-6.791468E-11,0,0,0,0
Lu_5d32,393,4.75622870E+01,-1.000000E+00,-9.977822E-01,3.915711E-08,-5.430396E-11,0,0,0,0
Lu_5d32,394,4.81017195E+01,-1.000000E+00,-9.978095E-01,3.117844E-08,-4.334553E-11,0,0,0,0
Lu_5d32,395,4.86445669E+01,-1.000000E+00,-9.978363E-01,2.478349E-08,-3.453841E-11,0,0,0,0
Lu_5d32,396,4.91908321E+01,-1.000000E+00,-9.978627E-01,1.966685E-08,-2.747298E-11,0,0,0,0
Lu_5d32,397,4.97405180E+01,-1.000000E+00,-9.978887E-01,1.558013E-08,-2.181498E-11,0,0,0,0
Lu_5d32,398,5.02936273E+01,-1.000000E+00,-9.979143E-01,1.232171E-08,-1.729218E-11,0,0,0,0
Lu_5d32,399,5.08501628E+01,-1.000000E+00,-9.979395E-01,9.728248E-09,-1.368329E-11,0,0,0,0
Lu_5d32,400,5.14101272E+01,-1.000000E+00,-9.979643E-01,7.667634E-09,-1.080880E-11,0,0,0,0
Lu_5d32,401,5.19735232E+01,-1.000000E+00,-9.979887E-01,6.033247E-09,-8.523364E-12,0,0,0,0
Lu_5d32,402,5.25403535E+01,-1.000000E+00,-9.980127E-01,4.739185E-09,-6.709512E-12,0,0,0,0
Lu_5d32,403,5.31106207E+01,-1.000000E+00,-9.980364E-01,3.716369E-09,-5.272510E-12,0,0,0,0
Lu_5d32,404,5.36843274E+01,-1.000000E+00,-9.980596E-01,2.909352E-09,-4.136097E-12,0,0,0,0
Lu_5d32,405,5.42614764E+01,-1.000000E+00,-9.980826E-01,2.273714E-09,-3.239000E-12,0,0,0,0
Lu_5d32,406,5.48420700E+01,-1.000000E+00,-9.981051E-01,1.773934E-09,-2.532084E-12,0,0,0,0
Lu_5d32,407,5.54261110E+01,-1.000000E+00,-9.981274E-01,1.381658E-09,-1.976026E-12,0,0,0,0
Lu_5d32,408,5.60136018E+01,-1.000000E+00,-9.981493E-01,1.074299E-09,-1.539410E-12,0,0,0,0
Lu_5d32,409,5.66045448E+01,-1.000000E+00,-9.981708E-01,8.338946E-10,-1.197190E-12,0,0,0,0
Lu_5d32,410,5.71989428E+01,-1.000000E+00,-9.981921E-01,6.461869E-10,-9.294364E-13,0,0,0,0
Lu_5d32,411,5.77967979E+01,-1.000000E+00,-9.982130E-01,4.998802E-10,-7.203170E-13,0,0,0,0
Lu_5d32,412,5.83981128E+01,-1.000000E+00,-9.982336E-01,3.860419E-10,-5.572824E-13,0,0,0,0
Lu_5d32,413,5.90028898E+01,-1.000000E+00,-9.982539E-01,2.976209E-10,-4.304024E-13,0,0,0,0
Lu_5d32,414,5.96111313E+01,-1.000000E+00,-9.982740E-01,2.290618E-10,-3.318347E-13,0,0,0,0
Lu_5d32,415,6.02228397E+01,-1.000000E+00,-9.982937E-01,1.759956E-10,-2.553976E-13,0,0,0,0
Lu_5d32,416,6.08380173E+01,-1.000000E+00,-9.983131E-01,1.349929E-10,-1.963048E-13,0,0,0,0
Lu_5d32,417,6.14566664E+01,-1.000000E+00,-9.983323E-01,1.033665E-10,-1.503351E-13,0,0,0,0
Lu_5d52,0,1.40845070E-08,-1.178053E-02,8.875546E+06,4.800875E-21,-5.909847E-26,0,0,0,0
Lu_5d52,1,1.54458033E-08,-1.291915E-02,8.093335E+06,6.315481E-21,-8.540361E-26,0,0,0,0
Lu_5d52,2,1.69386420E-08,-1.416778E-02,7.380075E+06,8.315799E-21,-1.233420E-25,0,0,0,0
Lu_5d52,3,1.85757639E-08,-1.553710E-02,6.729675E+06,1.095625E-20,-1.781457E-25,0,0,0,0
Lu_5d52,4,2.03710783E-08,-1.703873E-02,6.136605E+06,1.444054E-20,-2.573689E-25,0,0,0,0
Lu_5d52,5,2.23399067E-08,-1.868550E-02,5.595802E+06,1.903744E-20,-3.719319E-25,0,0,0,0
Lu_5d52,6,2.44990189E-08,-2.049142E-02,5.102660E+06,2.510144E-20,-5.376219E-25,0,0,0,0
Lu_5d52,7,2.68667586E-08,-2.247184E-02,4.652986E+06,3.310008E-20,-7.772631E-25,0,0,0,0
Lu_5d52,8,2.94633317E-08,-2.464366E-02,4.242940E+06,4.365005E-20,-1.123872E-24,0,0,0,0
Lu_5d52,9,3.23108539E-08,-2.702537E-02,3.869030E+06,5.756467E-20,-1.625195E-24,0,0,0,0
Lu_5d52,10,3.54335170E-08,-2.963723E-02,3.528078E+06,7.591656E-20,-2.350271E-24,0,0,0,0
Lu_5d52,11,3.88579005E-08,-3.250144E-02,3.217179E+06,1.001203E-19,-3.398957E-24,0,0,0,0
Lu_5d52,12,4.26132991E-08,-3.564252E-02,2.933671E+06,1.320419E-19,-4.915729E-24,0,0,0,0
Lu_5d52,13,4.67314733E-08,-3.908704E-02,2.675157E+06,1.741413E-19,-7.109382E-24,0,0,0,0
Lu_5d52,14,5.12476303E-08,-4.286443E-02,2.439424E+06,2.296638E-19,-1.028208E-23,0,0,0,0
Lu_5d52,15,5.62002313E-08,-4.700687E-02,2.224464E+06,3.028889E-19,-1.487076E-23,0,0,0,0
Lu_5d52,16,6.16312403E-08,-5.154947E-02,2.028454E+06,3.994596E-19,-2.150708E-23,0,0,0,0
Lu_5d52,17,6.75872020E-08,-5.653114E-02,1.849713E+06,5.268196E-19,-3.110527E-23,0,0,0,0
Lu_5d52,18,7.41184821E-08,-6.199401E-02,1.686728E+06,6.947831E-19,-4.498640E-23,0,0,0,0
Lu_5d52,19,8.12809116E-08,-6.798480E-02,1.538105E+06,9.162953E-19,-6.506228E-23,0,0,0,0
Lu_5d52,20,8.91353265E-08,-7.455437E-02,1.402580E+06,1.208426E-18,-9.409673E-23,0,0,0,0
Lu_5d52,21,9.77487367E-08,-8.175877E-02,1.278998E+06,1.593688E-18,-1.360880E-22,0,0,0,0
Lu_5d52,22,1.07194113E-07,-8.965905E-02,1.166308E+06,2.101765E-18,-1.968154E-22,0,0,0,0
Lu_5d52,23,1.17552189E-07,-9.832272E-02,1.063548E+06,2.771811E-18,-2.846419E-22,0,0,0,0
Lu_5d52,24,1.28910932E-07,-1.078234E-01,9.698439E+05,3.655452E-18,-4.116568E-22,0,0,0,0
Lu_5d52,25,1.41366993E-07,-1.182418E-01,8.843975E+05,4.820770E-18,-5.953451E-22,0,0,0,0
Lu_5d52,26,1.55026355E-07,-1.296667E-01,8.064811E+05,6.357547E-18,-8.609923E-22,0,0,0,0
Lu_5d52,27,1.70005236E-07,-1.421953E-01,7.354308E+05,8.384178E-18,-1.245165E-21,0,0,0,0
Lu_5d52,28,1.86431075E-07,-1.559342E-01,6.706415E+05,1.105679E-17,-1.800742E-21,0,0,0,0
Lu_5d52,29,2.04443616E-07,-1.710001E-01,6.115614E+05,1.458126E-17,-2.604191E-21,0,0,0,0
Lu_5d52,30,2.24195708E-07,-1.875211E-01,5.576882E+05,1.922907E-17,-3.766072E-21,0,0,0,0
Lu_5d52,31,2.45856126E-07,-2.056382E-01,5.085611E+05,2.535825E-17,-5.446334E-21,0,0,0,0
Lu_5d52,32,2.69608304E-07,-2.255048E-01,4.637636E+05,3.344083E-17,-7.876145E-21,0,0,0,0
Lu_5d52,33,2.95654667E-07,-2.472904E-01,4.229133E+05,4.409932E-17,-1.138991E-20,0,0,0,0
Lu_5d52,34,3.24216193E-07,-2.711796E-01,3.856629E+05,5.815452E-17,-1.647103E-20,0,0,0,0
Lu_5d52,35,3.55536886E-07,-2.973766E-01,3.516939E+05,7.668886E-17,-2.381887E-20,0,0,0,0
Lu_5d52,36,3.89881261E-07,-3.261026E-01,3.207189E+05,1.011293E-16,-3.444389E-20,0,0,0,0
Lu_5d52,37,4.27542511E-07,-3.576028E-01,2.924728E+05,1.333578E-16,-4.980816E-20,0,0,0,0
Lu_5d52,38,4.68840899E-07,-3.921450E-01,2.667152E+05,1.758557E-16,-7.202535E-20,0,0,0,0
Lu_5d52,39,5.14125814E-07,-4.300215E-01,2.432277E+05,2.318942E-16,-1.041505E-19,0,0,0,0
Lu_5d52,40,5.63783777E-07,-4.715555E-01,2.218092E+05,3.057874E-16,-1.506032E-19,0,0,0,0
Lu_5d52,41,6.18235912E-07,-5.170992E-01,2.022780E+05,4.032226E-16,-2.177714E-19,0,0,0,0
Lu_5d52,42,6.77944859E-07,-5.670395E-01,1.844676E+05,5.316988E-16,-3.148917E-19,0,0,0,0
Lu_5d52,43,7.43417883E-07,-6.218005E-01,1.682263E+05,7.011029E-16,-4.553186E-19,0,0,0,0
Lu_5d52,44,8.15209759E-07,-6.818461E-01,1.534163E+05,9.244694E-16,-6.583558E-19,0,0,0,0
Lu_5d52,45,8.93933023E-07,-7.476885E-01,1.399107E+05,1.218986E-15,-9.519247E-19,0,0,0,0
Lu_5d52,46,9.80253329E-07,-8.198841E-01,1.275952E+05,1.607307E-15,-1.376369E-18,0,0,0,0
Lu_5d52,47,1.07490332E-06,-8.990456E-01,1.163648E+05,2.119304E-15,-1.990024E-18,0,0,0,0
Lu_5d52,48,1.17868778E-06,-9.858455E-01,1.061239E+05,2.794357E-15,-2.877231E-18,0,0,0,0
Lu_5d52,49,1.29248727E-06,-1.081020E+00,9.678516E+04,3.684379E-15,-4.159901E-18,0,0,0,0
Lu_5d52,50,1.41726642E-06,-1.185375E+00,8.826928E+04,4.857805E-15,-6.014252E-18,0,0,0,0
Lu_5d52,51,1.55408252E-06,-1.299794E+00,8.050382E+04,6.404846E-15,-8.694994E-18,0,0,0,0
Lu_5d52,52,1.70409879E-06,-1.425248E+00,7.342252E+04,8.444431E-15,-1.257039E-17,0,0,0,0
Lu_5d52,53,1.86858481E-06,-1.562798E+00,6.696524E+04,1.113331E-14,-1.817258E-17,0,0,0,0
Lu_5d52,54,2.04893518E-06,-1.713608E+00,6.107702E+04,1.467812E-14,-2.627077E-17,0,0,0,0
Lu_5d52,55,2.24667680E-06,-1.878953E+00,5.570778E+04,1.935119E-14,-3.797660E-17,0,0,0,0
Lu_5d52,56,2.46348896E-06,-2.060232E+00,5.081174E+04,2.551154E-14,-5.489696E-17,0,0,0,0
Lu_5d52,57,2.70120429E-06,-2.258975E+00,4.634735E+04,3.363227E-14,-7.935345E-17,0,0,0,0
Lu_5d52,58,2.96183615E-06,-2.476857E+00,4.227659E+04,4.433696E-14,-1.147013E-16,0,0,0,0
Lu_5d52,59,3.24759167E-06,-2.715716E+00,3.856484E+04,5.844744E-14,-1.657891E-16,0,0,0,0
Lu_5d52,60,3.56088877E-06,-2.977564E+00,3.518053E+04,7.704676E-14,-2.396220E-16,0,0,0,0
Lu_5d52,61,3.90437587E-06,-3.264600E+00,3.209488E+04,1.015621E-13,-3.463209E-16,0,0,0,0
Lu_5d52,62,4.28096072E-06,-3.579235E+00,2.928164E+04,1.338744E-13,-5.005093E-16,0,0,0,0
Lu_5d52,63,4.69382455E-06,-3.924105E+00,2.671690E+04,1.764617E-13,-7.233097E-16,0,0,0,0
Lu_5d52,64,5.14645651E-06,-4.302092E+00,2.437886E+04,2.325895E-13,-1.045234E-15,0,0,0,0
Lu_5d52,65,5.64267994E-06,-4.716348E+00,2.224764E+04,3.065601E-13,-1.510351E-15,0,0,0,0
Lu_5d52,66,6.18668621E-06,-5.170318E+00,2.030512E+04,4.040419E-13,-2.182306E-15,0,0,0,0
Lu_5d52,67,6.78306446E-06,-5.667761E+00,1.853481E+04,5.325021E-13,-3.152994E-15,0,0,0,0
Lu_5d52,68,7.43684772E-06,-6.212780E+00,1.692167E+04,7.017776E-13,-4.555100E-15,0,0,0,0
Lu_5d52,69,8.15354812E-06,-6.809847E+00,1.545200E+04,9.248256E-13,-6.580157E-15,0,0,0,0
Lu_5d52,70,8.93920529E-06,-7.463830E+00,1.411334E+04,1.218712E-12,-9.504600E-15,0,0,0,0
Lu_5d52,71,9.80043817E-06,-8.180023E+00,1.289434E+04,1.605913E-12,-1.372733E-14,0,0,0,0
Lu_5d52,72,1.07444991E-05,-8.964176E+00,1.178467E+04,2.116028E-12,-1.982382E-14,0,0,0,0
Lu_5d52,73,1.17793295E-05,-9.822511E+00,1.077495E+04,2.788029E-12,-2.862404E-14,0,0,0,0
Lu_5d52,74,1.29136348E-05,-1.076176E+01,9.856670E+03,3.673228E-12,-4.132466E-14,0,0,0,0
Lu_5d52,75,1.41569462E-05,-1.178916E+01,9.022100E+03,4.839176E-12,-5.965033E-14,0,0,0,0
Lu_5d52,76,1.55197075E-05,-1.291250E+01,8.264256E+03,6.374782E-12,-8.608571E-14,0,0,0,0
Lu_5d52,77,1.70133553E-05,-1.414009E+01,7.576839E+03,8.397059E-12,-1.242084E-13,0,0,0,0
Lu_5d52,78,1.86504207E-05,-1.548074E+01,6.954218E+03,1.105997E-11,-1.791668E-13,0,0,0,0
Lu_5d52,79,2.04446227E-05,-1.694375E+01,6.391260E+03,1.456607E-11,-2.583642E-13,0,0,0,0
Lu_5d52,80,2.24109875E-05,-1.853882E+01,5.883520E+03,1.918177E-11,-3.724379E-13,0,0,0,0
Lu_5d52,81,2.45659712E-05,-2.027593E+01,5.427284E+03,2.525739E-11,-5.366566E-13,0,0,0,0
Lu_5d52,82,2.69275913E-05,-2.216516E+01,5.018870E+03,3.325343E-11,-7.729105E-13,0,0,0,0
Lu_5d52,83,2.95155769E-05,-2.421648E+01,4.655748E+03,4.377509E-11,-1.112539E-12,0,0,0,0
Lu_5d52,84,3.23515278E-05,-2.643933E+01,4.335897E+03,5.761742E-11,-1.600332E-12,0,0,0,0
Lu_5d52,85,3.54590885E-05,-2.884216E+01,4.057607E+03,7.582440E-11,-2.300173E-12,0,0,0,0
Lu_5d52,86,3.88641460E-05,-3.143171E+01,3.820346E+03,9.976636E-11,-3.302950E-12,0,0,0,0
Lu_5d52,87,4.25950311E-05,-3.421206E+01,3.624447E+03,1.312410E-10,-4.737584E-12,0,0,0,0
Lu_5d52,88,4.66827539E-05,-3.718335E+01,3.471129E+03,1.726053E-10,-6.786268E-12,0,0,0,0
Lu_5d52,89,5.11612515E-05,-4.034008E+01,3.363171E+03,2.269478E-10,-9.705316E-12,0,0,0,0
Lu_5d52,90,5.60676589E-05,-4.366875E+01,3.305270E+03,2.983125E-10,-1.385329E-11,0,0,0,0
Lu_5d52,91,6.14426048E-05,-4.714482E+01,3.304220E+03,3.919913E-10,-1.972826E-11,0,0,0,0
Lu_5d52,92,6.73305476E-05,-5.072868E+01,3.369675E+03,5.149035E-10,-2.801596E-11,0,0,0,0
Lu_5d52,93,7.37801101E-05,-5.436047E+01,3.514640E+03,6.760908E-10,-3.964975E-11,0,0,0,0
Lu_5d52,94,8.08444839E-05,-5.795353E+01,3.754473E+03,8.873615E-10,-5.588118E-11,0,0,0,0
Lu_5d52,95,8.85818410E-05,-6.138718E+01,4.100158E+03,1.164133E-09,-7.835571E-11,0,0,0,0
Lu_5d52,96,9.70557919E-05,-6.450115E+01,4.524009E+03,1.526541E-09,-1.091806E-10,0,0,0,0
Lu_5d52,97,1.06335888E-04,-6.710130E+01,4.857000E+03,2.000879E-09,-1.509654E-10,0,0,0,0
Lu_5d52,98,1.16498167E-04,-6.900239E+01,4.750119E+03,2.621402E-09,-2.068253E-10,0,0,0,0
Lu_5d52,99,1.27625740E-04,-7.013925E+01,4.025015E+03,3.432760E-09,-2.804260E-10,0,0,0,0
Lu_5d52,100,1.39809443E-04,-7.066706E+01,3.032300E+03,4.493770E-09,-3.762939E-10,0,0,0,0
Lu_5d52,101,1.53148538E-04,-7.085775E+01,2.271314E+03,5.881550E-09,-5.004972E-10,0,0,0,0
Lu_5d52,102,1.67751469E-04,-7.091153E+01,1.846331E+03,7.696158E-09,-6.614039E-10,0,0,0,0
Lu_5d52,103,1.83736702E-04,-7.092048E+01,1.599612E+03,1.006809E-08,-8.703046E-10,0,0,0,0
Lu_5d52,104,2.01233621E-04,-7.091667E+01,1.417322E+03,1.316788E-08,-1.142100E-09,0,0,0,0
Lu_5d52,105,2.20383511E-04,-7.090932E+01,1.261348E+03,1.721805E-08,-1.496260E-09,0,0,0,0
Lu_5d52,106,2.41340621E-04,-7.090062E+01,1.121533E+03,2.250867E-08,-1.958138E-09,0,0,0,0
Lu_5d52,107,2.64273321E-04,-7.089098E+01,9.949151E+02,2.941779E-08,-2.560733E-09,0,0,0,0
Lu_5d52,108,2.89365355E-04,-7.088039E+01,8.801391E+02,3.843791E-08,-3.346987E-09,0,0,0,0
Lu_5d52,109,3.16817200E-04,-7.086877E+01,7.761826E+02,5.021037E-08,-4.372782E-09,0,0,0,0
Lu_5d52,110,3.46847541E-04,-7.085603E+01,6.821310E+02,6.556995E-08,-5.710823E-09,0,0,0,0
Lu_5d52,111,3.79694864E-04,-7.084207E+01,5.971467E+02,8.560274E-08,-7.455665E-09,0,0,0,0
Lu_5d52,112,4.15619192E-04,-7.082677E+01,5.204620E+02,1.117210E-07,-9.730235E-09,0,0,0,0
Lu_5d52,113,4.54903944E-04,-7.080999E+01,4.513737E+02,1.457603E-07,-1.269426E-08,0,0,0,0
Lu_5d52,114,4.97857967E-04,-7.079161E+01,3.892361E+02,1.901046E-07,-1.655516E-08,0,0,0,0
Lu_5d52,115,5.44817717E-04,-7.077148E+01,3.334560E+02,2.478490E-07,-2.158214E-08,0,0,0,0
Lu_5d52,116,5.96149619E-04,-7.074942E+01,2.834875E+02,3.230084E-07,-2.812438E-08,0,0,0,0
Lu_5d52,117,6.52252617E-04,-7.072526E+01,2.388273E+02,4.207881E-07,-3.663443E-08,0,0,0,0
Lu_5d52,118,7.13560914E-04,-7.069881E+01,1.990107E+02,5.479312E-07,-4.769842E-08,0,0,0,0
Lu_5d52,119,7.80546942E-04,-7.066985E+01,1.636079E+02,7.131669E-07,-6.207490E-08,0,0,0,0
Lu_5d52,120,8.53724541E-04,-7.063816E+01,1.322209E+02,9.277861E-07,-8.074472E-08,0,0,0,0
Lu_5d52,121,9.33652389E-04,-7.060348E+01,1.044807E+02,1.206380E-06,-1.049750E-07,0,0,0,0
Lu_5d52,122,1.02093769E-03,-7.056555E+01,8.004505E+01,1.567791E-06,-1.364014E-07,0,0,0,0
Lu_5d52,123,1.11624013E-03,-7.052407E+01,5.859603E+01,2.036320E-06,-1.771327E-07,0,0,0,0
Lu_5d52,124,1.22027613E-03,-7.047871E+01,3.983878E+01,2.643285E-06,-2.298852E-07,0,0,0,0
Lu_5d52,125,1.33382338E-03,-7.042915E+01,2.349988E+01,3.428999E-06,-2.981537E-07,0,0,0,0
Lu_5d52,126,1.45772573E-03,-7.037500E+01,9.326127E+00,4.445292E-06,-3.864291E-07,0,0,0,0
Lu_5d52,127,1.59289840E-03,-7.031586E+01,-2.916405E+00,5.758722E-06,-5.004750E-07,0,0,0,0
Lu_5d52,128,1.74033353E-03,-7.025132E+01,-1.344328E+01,7.454648E-06,-6.476781E-07,0,0,0,0
Lu_5d52,129,1.90110615E-03,-7.018089E+01,-2.245243E+01,9.642389E-06,-8.374919E-07,0,0,0,0
Lu_5d52,130,2.07638050E-03,-7.010410E+01,-3.012491E+01,1.246174E-05,-1.081996E-06,0,0,0,0
Lu_5d52,131,2.26741677E-03,-7.002042E+01,-3.662553E+01,1.609119E-05,-1.396601E-06,0,0,0,0
Lu_5d52,132,2.47557828E-03,-6.992927E+01,-4.210360E+01,2.075826E-05,-1.800931E-06,0,0,0,0
Lu_5d52,133,2.70233906E-03,-6.983007E+01,-4.669358E+01,2.675242E-05,-2.319929E-06,0,0,0,0
Lu_5d52,134,2.94929195E-03,-6.972219E+01,-5.051592E+01,3.444131E-05,-2.985239E-06,0,0,0,0
Lu_5d52,135,3.21815711E-03,-6.960495E+01,-5.367778E+01,4.429084E-05,-3.836917E-06,0,0,0,0
Lu_5d52,136,3.51079106E-03,-6.947767E+01,-5.627394E+01,5.689024E-05,-4.925553E-06,0,0,0,0
Lu_5d52,137,3.82919619E-03,-6.933960E+01,-5.838764E+01,7.298293E-05,-6.314887E-06,0,0,0,0
Lu_5d52,138,4.17553074E-03,-6.918999E+01,-6.009153E+01,9.350462E-05,-8.085023E-06,0,0,0,0
Lu_5d52,139,4.55211944E-03,-6.902805E+01,-6.144855E+01,1.196299E-04,-1.033635E-05,0,0,0,0
Lu_5d52,140,4.96146447E-03,-6.885296E+01,-6.251288E+01,1.528289E-04,-1.319431E-05,0,0,0,0
Lu_5d52,141,5.40625706E-03,-6.866388E+01,-6.333086E+01,1.949367E-04,-1.681516E-05,0,0,0,0
Lu_5d52,142,5.88938963E-03,-6.845996E+01,-6.394180E+01,2.482356E-04,-2.139289E-05,0,0,0,0
Lu_5d52,143,6.41396839E-03,-6.824032E+01,-6.437887E+01,3.155553E-04,-2.716747E-05,0,0,0,0
Lu_5d52,144,6.98332646E-03,-6.800407E+01,-6.466984E+01,4.003904E-04,-3.443460E-05,0,0,0,0
Lu_5d52,145,7.60103751E-03,-6.775030E+01,-6.483782E+01,5.070397E-04,-4.355718E-05,0,0,0,0
Lu_5d52,146,8.27092988E-03,-6.747811E+01,-6.490189E+01,6.407691E-04,-5.497857E-05,0,0,0,0
Lu_5d52,147,8.99710118E-03,-6.718657E+01,-6.487768E+01,8.079986E-04,-6.923792E-05,0,0,0,0
Lu_5d52,148,9.78393329E-03,-6.687474E+01,-6.477793E+01,1.016517E-03,-8.698747E-05,0,0,0,0
Lu_5d52,149,1.06361078E-02,-6.654167E+01,-6.461289E+01,1.275723E-03,-1.090120E-04,0,0,0,0
Lu_5d52,150,1.15586218E-02,-6.618641E+01,-6.439076E+01,1.596892E-03,-1.362499E-04,0,0,0,0
Lu_5d52,151,1.25568040E-02,-6.580796E+01,-6.411802E+01,1.993464E-03,-1.698166E-04,0,0,0,0
Lu_5d52,152,1.36363313E-02,-6.540535E+01,-6.379971E+01,2.481353E-03,-2.110279E-04,0,0,0,0
Lu_5d52,153,1.48032451E-02,-6.497756E+01,-6.343968E+01,3.079255E-03,-2.614245E-04,0,0,0,0
Lu_5d52,154,1.60639684E-02,-6.452362E+01,-6.304086E+01,3.808959E-03,-3.227957E-04,0,0,0,0
Lu_5d52,155,1.74253227E-02,-6.404254E+01,-6.260539E+01,4.695624E-03,-3.971995E-04,0,0,0,0
Lu_5d52,156,1.88945447E-02,-6.353341E+01,-6.213477E+01,5.768009E-03,-4.869799E-04,0,0,0,0
Lu_5d52,157,2.04793037E-02,-6.299539E+01,-6.163009E+01,7.058612E-03,-5.947758E-04,0,0,0,0
Lu_5d52,158,2.21877176E-02,-6.242773E+01,-6.109207E+01,8.603689E-03,-7.235207E-04,0,0,0,0
Lu_5d52,159,2.40283703E-02,-6.182981E+01,-6.052116E+01,1.044309E-02,-8.764285E-04,0,0,0,0
Lu_5d52,160,2.60103273E-02,-6.120111E+01,-5.991767E+01,1.261988E-02,-1.056962E-03,0,0,0,0
Lu_5d52,161,2.81431521E-02,-6.054115E+01,-5.928175E+01,1.517961E-02,-1.268778E-03,0,0,0,0
Lu_5d52,162,3.04369210E-02,-5.984944E+01,-5.861345E+01,1.816931E-02,-1.515649E-03,0,0,0,0
Lu_5d52,163,3.29022384E-02,-5.912547E+01,-5.791265E+01,2.163597E-02,-1.801345E-03,0,0,0,0
Lu_5d52,164,3.55502504E-02,-5.836870E+01,-5.717917E+01,2.562457E-02,-2.129491E-03,0,0,0,0
Lu_5d52,165,3.83926583E-02,-5.757864E+01,-5.641276E+01,3.017554E-02,-2.503376E-03,0,0,0,0
Lu_5d52,166,4.14417311E-02,-5.675496E+01,-5.561322E+01,3.532167E-02,-2.925731E-03,0,0,0,0
Lu_5d52,167,4.47103165E-02,-5.589759E+01,-5.478053E+01,4.108446E-02,-3.398472E-03,0,0,0,0
Lu_5d52,168,4.82118514E-02,-5.500674E+01,-5.391492E+01,4.746990E-02,-3.922410E-03,0,0,0,0
Lu_5d52,169,5.19603709E-02,-5.408297E+01,-5.301688E+01,5.446386E-02,-4.496945E-03,0,0,0,0
Lu_5d52,170,5.59705163E-02,-5.312708E+01,-5.208717E+01,6.202726E-02,-5.119751E-03,0,0,0,0
Lu_5d52,171,6.02575411E-02,-5.214002E+01,-5.112669E+01,7.009106E-02,-5.786471E-03,0,0,0,0
Lu_5d52,172,6.48373163E-02,-5.112282E+01,-5.013644E+01,7.855174E-02,-6.490437E-03,0,0,0,0
Lu_5d52,173,6.97263340E-02,-5.007654E+01,-4.911743E+01,8.726722E-02,-7.222447E-03,0,0,0,0
Lu_5d52,174,7.49417091E-02,-4.900230E+01,-4.807073E+01,9.605409E-02,-7.970624E-03,0,0,0,0
Lu_5d52,175,8.05011798E-02,-4.790126E+01,-4.699747E+01,1.046863E-01,-8.720381E-03,0,0,0,0
Lu_5d52,176,8.64231061E-02,-4.677502E+01,-4.589918E+01,1.128958E-01,-9.454547E-03,0,0,0,0
Lu_5d52,177,9.27264671E-02,-4.562538E+01,-4.477757E+01,1.203763E-01,-1.015365E-02,0,0,0,0
Lu_5d52,178,9.94308562E-02,-4.445469E+01,-4.363489E+01,1.267888E-01,-1.079640E-02,0,0,0,0
Lu_5d52,179,1.06556475E-01,-4.326541E+01,-4.247351E+01,1.317714E-01,-1.136032E-02,0,0,0,0
Lu_5d52,180,1.14124124E-01,-4.205996E+01,-4.129577E+01,1.349513E-01,-1.182255E-02,0,0,0,0
Lu_5d52,181,1.22155196E-01,-4.084052E+01,-4.010381E+01,1.359607E-01,-1.216080E-02,0,0,0,0
Lu_5d52,182,1.30671661E-01,-3.960930E+01,-3.889979E+01,1.344537E-01,-1.235819E-02,0,0,0,0
Lu_5d52,183,1.39696055E-01,-3.836869E+01,-3.768605E+01,1.301274E-01,-1.239372E-02,0,0,0,0
Lu_5d52,184,1.49251467E-01,-3.712155E+01,-3.646541E+01,1.227410E-01,-1.225323E-02,0,0,0,0
Lu_5d52,185,1.59361522E-01,-3.587132E+01,-3.524120E+01,1.121372E-01,-1.192741E-02,0,0,0,0
Lu_5d52,186,1.70050362E-01,-3.462150E+01,-3.401689E+01,9.825921E-02,-1.141261E-02,0,0,0,0
Lu_5d52,187,1.81342630E-01,-3.337542E+01,-3.279572E+01,8.116676E-02,-1.071142E-02,0,0,0,0
Lu_5d52,188,1.93263449E-01,-3.213569E+01,-3.158030E+01,6.104617E-02,-9.832925E-03,0,0,0,0
Lu_5d52,189,2.05838402E-01,-3.090408E+01,-3.037233E+01,3.821577E-02,-8.792689E-03,0,0,0,0
Lu_5d52,190,2.19093507E-01,-2.968140E+01,-2.917261E+01,1.312457E-02,-7.612385E-03,0,0,0,0
Lu_5d52,191,2.33055201E-01,-2.846816E+01,-2.798166E+01,-1.365599E-02,-6.319156E-03,0,0,0,0
Lu_5d52,192,2.47750307E-01,-2.726489E+01,-2.679996E+01,-4.144765E-02,-4.944687E-03,0,0,0,0
Lu_5d52,193,2.63206019E-01,-2.607291E+01,-2.562885E+01,-6.948787E-02,-3.523982E-03,0,0,0,0
Lu_5d52,194,2.79449870E-01,-2.489435E+01,-2.447042E+01,-9.695819E-02,-2.093894E-03,0,0,0,0
Lu_5d52,195,2.96509710E-01,-2.373169E+01,-2.332713E+01,-1.230169E-01,-6.914940E-04,0,0,0,0
Lu_5d52,196,3.14413681E-01,-2.258696E+01,-2.220100E+01,-1.468338E-01,6.475590E-04,0,0,0,0
Lu_5d52,197,3.33190188E-01,-2.146130E+01,-2.109320E+01,-1.676252E-01,1.890519E-03,0,0,0,0
Lu_5d52,198,3.52867877E-01,-2.035548E+01,-2.000453E+01,-1.846871E-01,3.008850E-03,0,0,0,0
Lu_5d52,199,3.73475605E-01,-1.927067E+01,-1.893617E+01,-1.974247E-01,3.979309E-03,0,0,0,0
Lu_5d52,200,3.95042416E-01,-1.820943E+01,-1.789069E+01,-2.053759E-01,4.784797E-03,0,0,0,0
Lu_5d52,201,4.17597515E-01,-1.717551E+01,-1.687185E+01,-2.082268E-01,5.414883E-03,0,0,0,0
Lu_5d52,202,4.41170244E-01,-1.617347E+01,-1.588422E+01,-2.058190E-01,5.865917E-03,0,0,0,0
Lu_5d52,203,4.65790054E-01,-1.520802E+01,-1.493253E+01,-1.981470E-01,6.140700E-03,0,0,0,0
Lu_5d52,204,4.91486481E-01,-1.428334E+01,-1.402097E+01,-1.853485E-01,6.247740E-03,0,0,0,0
Lu_5d52,205,5.18289124E-01,-1.340261E+01,-1.315275E+01,-1.676891E-01,6.200221E-03,0,0,0,0
Lu_5d52,206,5.46227617E-01,-1.256783E+01,-1.232987E+01,-1.455421E-01,6.014811E-03,0,0,0,0
Lu_5d52,207,5.75331612E-01,-1.177967E+01,-1.155305E+01,-1.193667E-01,5.710451E-03,0,0,0,0
Lu_5d52,208,6.05630751E-01,-1.103791E+01,-1.082206E+01,-8.968600E-02,5.307236E-03,0,0,0,0
Lu_5d52,209,6.37154647E-01,-1.034137E+01,-1.013575E+01,-5.706544E-02,4.825453E-03,0,0,0,0
Lu_5d52,210,6.69932864E-01,-9.688292E+00,-9.492398E+00,-2.209290E-02,4.284807E-03,0,0,0,0
Lu_5d52,211,7.03994894E-01,-9.076812E+00,-8.890143E+00,1.463919E-02,3.703829E-03,0,0,0,0
Lu_5d52,212,7.39370141E-01,-8.504780E+00,-8.326863E+00,5.254937E-02,3.099458E-03,0,0,0,0
Lu_5d52,213,7.76087899E-01,-7.970104E+00,-7.800486E+00,9.108019E-02,2.486769E-03,0,0,0,0
Lu_5d52,214,8.14177341E-01,-7.470733E+00,-7.308980E+00,1.297087E-01,1.878819E-03,0,0,0,0
Lu_5d52,215,8.53667493E-01,-7.004632E+00,-6.850333E+00,1.679545E-01,1.286604E-03,0,0,0,0
Lu_5d52,216,8.94587226E-01,-6.569778E+00,-6.422541E+00,2.053852E-01,7.190947E-04,0,0,0,0
Lu_5d52,217,9.36965239E-01,-6.164163E+00,-6.023616E+00,2.416199E-01,1.833426E-04,0,0,0,0
Lu_5d52,218,9.80830042E-01,-5.785828E+00,-5.651619E+00,2.763311E-01,-3.153712E-04,0,0,0,0
Lu_5d52,219,1.02620995E+00,-5.432904E+00,-5.304700E+00,3.092443E-01,-7.733555E-04,0,0,0,0
Lu_5d52,220,1.07313306E+00,-5.103643E+00,-4.981127E+00,3.401376E-01,-1.188319E-03,0,0,0,0
Lu_5d52,221,1.12162725E+00,-4.796473E+00,-4.679348E+00,3.688389E-01,-1.559182E-03,0,0,0,0
Lu_5d52,222,1.17172015E+00,-4.509912E+00,-4.397896E+00,3.952232E-01,-1.885888E-03,0,0,0,0
Lu_5d52,223,1.22343919E+00,-4.242643E+00,-4.135470E+00,4.192090E-01,-2.169226E-03,0,0,0,0
Lu_5d52,224,1.27681148E+00,-3.993417E+00,-3.890836E+00,4.407541E-01,-2.410668E-03,0,0,0,0
Lu_5d52,225,1.33186393E+00,-3.761051E+00,-3.662824E+00,4.598511E-01,-2.612211E-03,0,0,0,0
Lu_5d52,226,1.38862315E+00,-3.544410E+00,-3.450314E+00,4.765231E-01,-2.776236E-03,0,0,0,0
Lu_5d52,227,1.44711548E+00,-3.342396E+00,-3.252220E+00,4.908195E-01,-2.905386E-03,0,0,0,0
Lu_5d52,228,1.50736699E+00,-3.153955E+00,-3.067500E+00,5.028119E-01,-3.002457E-03,0,0,0,0
Lu_5d52,229,1.56940344E+00,-2.978073E+00,-2.895151E+00,5.125903E-01,-3.070308E-03,0,0,0,0
Lu_5d52,230,1.63325033E+00,-2.813800E+00,-2.734234E+00,5.202598E-01,-3.111792E-03,0,0,0,0
Lu_5d52,231,1.69893283E+00,-2.660255E+00,-2.583878E+00,5.259373E-01,-3.129708E-03,0,0,0,0
Lu_5d52,232,1.76647584E+00,-2.516639E+00,-2.443293E+00,5.297493E-01,-3.126753E-03,0,0,0,0
Lu_5d52,233,1.83590395E+00,-2.382246E+00,-2.311782E+00,5.318289E-01,-3.105497E-03,0,0,0,0
Lu_5d52,234,1.90724144E+00,-2.256463E+00,-2.188742E+00,5.323138E-01,-3.068367E-03,0,0,0,0
Lu_5d52,235,1.98051228E+00,-2.138770E+00,-2.073658E+00,5.313446E-01,-3.017643E-03,0,0,0,0
Lu_5d52,236,2.05574015E+00,-2.028725E+00,-1.966097E+00,5.290621E-01,-2.955446E-03,0,0,0,0
Lu_5d52,237,2.13294840E+00,-1.925951E+00,-1.865688E+00,5.256062E-01,-2.883739E-03,0,0,0,0
Lu_5d52,238,2.21216008E+00,-1.830112E+00,-1.772103E+00,5.211141E-01,-2.804324E-03,0,0,0,0
Lu_5d52,239,2.29339794E+00,-1.740893E+00,-1.685031E+00,5.157187E-01,-2.718845E-03,0,0,0,0
Lu_5d52,240,2.37668441E+00,-1.657974E+00,-1.604160E+00,5.095474E-01,-2.628781E-03,0,0,0,0
Lu_5d52,241,2.46204160E+00,-1.581013E+00,-1.529153E+00,5.027217E-01,-2.535449E-03,0,0,0,0
Lu_5d52,242,2.54949133E+00,-1.510614E+00,-1.460618E+00,4.953557E-01,-2.440066E-03,0,0,0,0
Lu_5d52,243,2.63905511E+00,-1.447346E+00,-1.399129E+00,4.875540E-01,-2.343805E-03,0,0,0,0
Lu_5d52,244,2.73075413E+00,-1.390683E+00,-1.344164E+00,4.794080E-01,-2.247709E-03,0,0,0,0
Lu_5d52,245,2.82460929E+00,-1.340113E+00,-1.295216E+00,4.709972E-01,-2.152628E-03,0,0,0,0
Lu_5d52,246,2.92064119E+00,-1.295138E+00,-1.251791E+00,4.623894E-01,-2.059246E-03,0,0,0,0
Lu_5d52,247,3.01887011E+00,-1.255280E+00,-1.213416E+00,4.536418E-01,-1.968102E-03,0,0,0,0
Lu_5d52,248,3.11931605E+00,-1.220084E+00,-1.179637E+00,4.448018E-01,-1.879603E-03,0,0,0,0
Lu_5d52,249,3.22199870E+00,-1.189114E+00,-1.150023E+00,4.359081E-01,-1.794048E-03,0,0,0,0
Lu_5d52,250,3.32693748E+00,-1.161962E+00,-1.124169E+00,4.269917E-01,-1.711642E-03,0,0,0,0
Lu_5d52,251,3.43415149E+00,-1.138242E+00,-1.101692E+00,4.180769E-01,-1.632511E-03,0,0,0,0
Lu_5d52,252,3.54365956E+00,-1.117598E+00,-1.082237E+00,4.091818E-01,-1.556716E-03,0,0,0,0
Lu_5d52,253,3.65548024E+00,-1.099695E+00,-1.065474E+00,4.003198E-01,-1.484263E-03,0,0,0,0
Lu_5d52,254,3.76963178E+00,-1.084227E+00,-1.051099E+00,3.915001E-01,-1.415117E-03,0,0,0,0
Lu_5d52,255,3.88613217E+00,-1.070913E+00,-1.038832E+00,3.827282E-01,-1.349210E-03,0,0,0,0
Lu_5d52,256,4.00499912E+00,-1.059495E+00,-1.028419E+00,3.740073E-01,-1.286446E-03,0,0,0,0
Lu_5d52,257,4.12625005E+00,-1.049740E+00,-1.019628E+00,3.653381E-01,-1.226712E-03,0,0,0,0
Lu_5d52,258,4.24990215E+00,-1.041437E+00,-1.012250E+00,3.567199E-01,-1.169880E-03,0,0,0,0
Lu_5d52,259,4.37597231E+00,-1.034397E+00,-1.006098E+00,3.481507E-01,-1.115816E-03,0,0,0,0
Lu_5d52,260,4.50447717E+00,-1.028451E+00,-1.001005E+00,3.396281E-01,-1.064380E-03,0,0,0,0
Lu_5d52,261,4.63543312E+00,-1.023448E+00,-9.968211E-01,3.311492E-01,-1.015429E-03,0,0,0,0
Lu_5d52,262,4.76885630E+00,-1.019254E+00,-9.934149E-01,3.227111E-01,-9.688245E-04,0,0,0,0
Lu_5d52,263,4.90476257E+00,-1.015752E+00,-9.906704E-01,3.143111E-01,-9.244286E-04,0,0,0,0
Lu_5d52,264,5.04316759E+00,-1.012840E+00,-9.884863E-01,3.059470E-01,-8.821088E-04,0,0,0,0
Lu_5d52,265,5.18408673E+00,-1.010427E+00,-9.867740E-01,2.976172E-01,-8.417385E-04,0,0,0,0
Lu_5d52,266,5.32753516E+00,-1.008436E+00,-9.854572E-01,2.893207E-01,-8.031974E-04,0,0,0,0
Lu_5d52,267,5.47352778E+00,-1.006800E+00,-9.844696E-01,2.810573E-01,-7.663724E-04,0,0,0,0
Lu_5d52,268,5.62207929E+00,-1.005460E+00,-9.837547E-01,2.728279E-01,-7.311578E-04,0,0,0,0
Lu_5d52,269,5.77320413E+00,-1.004368E+00,-9.832640E-01,2.646341E-01,-6.974553E-04,0,0,0,0
Lu_5d52,270,5.92691655E+00,-1.003481E+00,-9.829565E-01,2.564782E-01,-6.651740E-04,0,0,0,0
Lu_5d52,271,6.08323056E+00,-1.002763E+00,-9.827976E-01,2.483637E-01,-6.342303E-04,0,0,0,0
Lu_5d52,272,6.24215994E+00,-1.002185E+00,-9.827581E-01,2.402946E-01,-6.045478E-04,0,0,0,0
Lu_5d52,273,6.40371829E+00,-1.001721E+00,-9.828137E-01,2.322760E-01,-5.760565E-04,0,0,0,0
Lu_5d52,274,6.56791896E+00,-1.001351E+00,-9.829440E-01,2.243134E-01,-5.486930E-04,0,0,0,0
Lu_5d52,275,6.73477513E+00,-1.001056E+00,-9.831324E-01,2.164132E-01,-5.223995E-04,0,0,0,0
Lu_5d52,276,6.90429975E+00,-1.000822E+00,-9.833652E-01,2.085820E-01,-4.971241E-04,0,0,0,0
Lu_5d52,277,7.07650558E+00,-1.000637E+00,-9.836311E-01,2.008273E-01,-4.728195E-04,0,0,0,0
Lu_5d52,278,7.25140519E+00,-1.000492E+00,-9.839210E-01,1.931565E-01,-4.494435E-04,0,0,0,0
Lu_5d52,279,7.42901095E+00,-1.000379E+00,-9.842277E-01,1.855777E-01,-4.269576E-04,0,0,0,0
Lu_5d52,280,7.60933504E+00,-1.000290E+00,-9.845452E-01,1.780989E-01,-4.053274E-04,0,0,0,0
Lu_5d52,281,7.79238945E+00,-1.000221E+00,-9.848689E-01,1.707282E-01,-3.845218E-04,0,0,0,0
Lu_5d52,282,7.97818600E+00,-1.000168E+00,-9.851951E-01,1.634739E-01,-3.645125E-04,0,0,0,0
Lu_5d52,283,8.16673632E+00,-1.000127E+00,-9.855210E-01,1.563439E-01,-3.452739E-04,0,0,0,0
Lu_5d52,284,8.35805186E+00,-1.000096E+00,-9.858445E-01,1.493463E-01,-3.267827E-04,0,0,0,0
Lu_5d52,285,8.55214390E+00,-1.000072E+00,-9.861639E-01,1.424887E-01,-3.090174E-04,0,0,0,0
Lu_5d52,286,8.74902356E+00,-1.000054E+00,-9.864779E-01,1.357784E-01,-2.919583E-04,0,0,0,0
Lu_5d52,287,8.94870178E+00,-1.000040E+00,-9.867857E-01,1.292223E-01,-2.755869E-04,0,0,0,0
Lu_5d52,288,9.15118934E+00,-1.000030E+00,-9.870867E-01,1.228270E-01,-2.598859E-04,0,0,0,0
Lu_5d52,289,9.35649685E+00,-1.000022E+00,-9.873805E-01,1.165984E-01,-2.448390E-04,0,0,0,0
Lu_5d52,290,9.56463477E+00,-1.000016E+00,-9.876668E-01,1.105419E-01,-2.304304E-04,0,0,0,0
Lu_5d52,291,9.77561341E+00,-1.000012E+00,-9.879455E-01,1.046625E-01,-2.166449E-04,0,0,0,0
Lu_5d52,292,9.98944291E+00,-1.000009E+00,-9.882166E-01,9.896439E-02,-2.034677E-04,0,0,0,0
Lu_5d52,293,1.02061333E+01,-1.000006E+00,-9.884801E-01,9.345118E-02,-1.908844E-04,0,0,0,0
Lu_5d52,294,1.04256943E+01,-1.000005E+00,-9.887362E-01,8.812584E-02,-1.788804E-04,0,0,0,0
Lu_5d52,295,1.06481358E+01,-1.000003E+00,-9.889850E-01,8.299066E-02,-1.674415E-04,0,0,0,0
Lu_5d52,296,1.08734673E+01,-1.000002E+00,-9.892266E-01,7.804730E-02,-1.565533E-04,0,0,0,0
Lu_5d52,297,1.11016982E+01,-1.000002E+00,-9.894613E-01,7.329671E-02,-1.462013E-04,0,0,0,0
Lu_5d52,298,1.13328377E+01,-1.000001E+00,-9.896892E-01,6.873924E-02,-1.363708E-04,0,0,0,0
Lu_5d52,299,1.15668951E+01,-1.000001E+00,-9.899106E-01,6.437458E-02,-1.270473E-04,0,0,0,0
Lu_5d52,300,1.18038794E+01,-1.000001E+00,-9.901256E-01,6.020181E-02,-1.182157E-04,0,0,0,0
Lu_5d52,301,1.20437994E+01,-1.000000E+00,-9.903344E-01,5.621942E-02,-1.098610E-04,0,0,0,0
Lu_5d52,302,1.22866639E+01,-1.000000E+00,-9.905374E-01,5.242532E-02,-1.019679E-04,0,0,0,0
Lu_5d52,303,1.25324816E+01,-1.000000E+00,-9.907345E-01,4.881694E-02,-9.452108E-05,0,0,0,0
Lu_5d52,304,1.27812609E+01,-1.000000E+00,-9.909261E-01,4.539115E-02,-8.750498E-05,0,0,0,0
Lu_5d52,305,1.30330103E+01,-1.000000E+00,-9.911124E-01,4.214442E-02,-8.090396E-05,0,0,0,0
Lu_5d52,306,1.32877380E+01,-1.000000E+00,-9.912935E-01,3.907277E-02,-7.470231E-05,0,0,0,0
Lu_5d52,307,1.35454521E+01,-1.000000E+00,-9.914695E-01,3.617184E-02,-6.888426E-05,0,0,0,0
Lu_5d52,308,1.38061608E+01,-1.000000E+00,-9.916408E-01,3.343695E-02,-6.343408E-05,0,0,0,0
Lu_5d52,309,1.40698719E+01,-1.000000E+00,-9.918073E-01,3.086312E-02,-5.833604E-05,0,0,0,0
Lu_5d52,310,1.43365932E+01,-1.000000E+00,-9.919694E-01,2.844511E-02,-5.357451E-05,0,0,0,0
Lu_5d52,311,1.46063325E+01,-1.000000E+00,-9.921271E-01,2.617747E-02,-4.913398E-05,0,0,0,0
Lu_5d52,312,1.48790974E+01,-1.000000E+00,-9.922805E-01,2.405457E-02,-4.499910E-05,0,0,0,0
Lu_5d52,313,1.51548954E+01,-1.000000E+00,-9.924299E-01,2.207067E-02,-4.115474E-05,0,0,0,0
Lu_5d52,314,1.54337338E+01,-1.000000E+00,-9.925754E-01,2.021991E-02,-3.758599E-05,0,0,0,0
Lu_5d52,315,1.57156199E+01,-1.000000E+00,-9.927170E-01,1.849638E-02,-3.427825E-05,0,0,0,0
Lu_5d52,316,1.60005610E+01,-1.000000E+00,-9.928550E-01,1.689414E-02,-3.121722E-05,0,0,0,0
Lu_5d52,317,1.62885642E+01,-1.000000E+00,-9.929894E-01,1.540727E-02,-2.838895E-05,0,0,0,0
Lu_5d52,318,1.65796363E+01,-1.000000E+00,-9.931203E-01,1.402987E-02,-2.577986E-05,0,0,0,0
Lu_5d52,319,1.68737845E+01,-1.000000E+00,-9.932479E-01,1.275612E-02,-2.337680E-05,0,0,0,0
Lu_5d52,320,1.71710153E+01,-1.000000E+00,-9.933723E-01,1.158027E-02,-2.116702E-05,0,0,0,0
Lu_5d52,321,1.74713357E+01,-1.000000E+00,-9.934935E-01,1.049669E-02,-1.913822E-05,0,0,0,0
Lu_5d52,322,1.77747521E+01,-1.000000E+00,-9.936117E-01,9.499886E-03,-1.727858E-05,0,0,0,0
Lu_5d52,323,1.80812712E+01,-1.000000E+00,-9.937270E-01,8.584506E-03,-1.557674E-05,0,0,0,0
Lu_5d52,324,1.83908995E+01,-1.000000E+00,-9.938394E-01,7.745362E-03,-1.402183E-05,0,0,0,0
Lu_5d52,325,1.87036432E+01,-1.000000E+00,-9.939491E-01,6.977445E-03,-1.260346E-05,0,0,0,0
Lu_5d52,326,1.90195087E+01,-1.000000E+00,-9.940561E-01,6.275931E-03,-1.131174E-05,0,0,0,0
Lu_5d52,327,1.93385022E+01,-1.000000E+00,-9.941605E-01,5.636192E-03,-1.013729E-05,0,0,0,0
Lu_5d52,328,1.96606297E+01,-1.000000E+00,-9.942624E-01,5.053801E-03,-9.071208E-06,0,0,0,0
Lu_5d52,329,1.99858975E+01,-1.000000E+00,-9.943618E-01,4.524537E-03,-8.105068E-06,0,0,0,0
Lu_5d52,330,2.03143114E+01,-1.000000E+00,-9.944589E-01,4.044387E-03,-7.230940E-06,0,0,0,0
Lu_5d52,331,2.06458773E+01,-1.000000E+00,-9.945538E-01,3.609549E-03,-6.441360E-06,0,0,0,0
Lu_5d52,332,2.09806010E+01,-1.000000E+00,-9.946463E-01,3.216428E-03,-5.729322E-06,0,0,0,0
Lu_5d52,333,2.13184884E+01,-1.000000E+00,-9.947368E-01,2.861635E-03,-5.088271E-06,0,0,0,0
Lu_5d52,334,2.16595450E+01,-1.000000E+00,-9.948251E-01,2.541989E-03,-4.512079E-06,0,0,0,0
Lu_5d52,335,2.20037764E+01,-1.000000E+00,-9.949114E-01,2.254504E-03,-3.995040E-06,0,0,0,0
Lu_5d52,336,2.23511883E+01,-1.000000E+00,-9.949958E-01,1.996390E-03,-3.531849E-06,0,0,0,0
Lu_5d52,337,2.27017860E+01,-1.000000E+00,-9.950782E-01,1.765046E-03,-3.117583E-06,0,0,0,0
Lu_5d52,338,2.30555749E+01,-1.000000E+00,-9.951587E-01,1.558053E-03,-2.747689E-06,0,0,0,0
Lu_5d52,339,2.34125605E+01,-1.000000E+00,-9.952375E-01,1.373167E-03,-2.417962E-06,0,0,0,0
Lu_5d52,340,2.37727479E+01,-1.000000E+00,-9.953145E-01,1.208310E-03,-2.124526E-06,0,0,0,0
Lu_5d52,341,2.41361423E+01,-1.000000E+00,-9.953898E-01,1.061566E-03,-1.863822E-06,0,0,0,0
Lu_5d52,342,2.45027488E+01,-1.000000E+00,-9.954634E-01,9.311682E-04,-1.632584E-06,0,0,0,0
Lu_5d52,343,2.48725726E+01,-1.000000E+00,-9.955355E-01,8.154951E-04,-1.427821E-06,0,0,0,0
Lu_5d52,344,2.52456187E+01,-1.000000E+00,-9.956059E-01,7.130600E-04,-1.246804E-06,0,0,0,0
Lu_5d52,345,2.56218920E+01,-1.000000E+00,-9.956749E-01,6.225032E-04,-1.087045E-06,0,0,0,0
Lu_5d52,346,2.60013973E+01,-1.000000E+00,-9.957423E-01,5.425844E-04,-9.462831E-07,0,0,0,0
Lu_5d52,347,2.63841396E+01,-1.000000E+00,-9.958084E-01,4.721747E-04,-8.224656E-07,0,0,0,0
Lu_5d52,348,2.67701235E+01,-1.000000E+00,-9.958730E-01,4.102487E-04,-7.137341E-07,0,0,0,0
Lu_5d52,349,2.71593538E+01,-1.000000E+00,-9.959362E-01,3.558773E-04,-6.184096E-07,0,0,0,0
Lu_5d52,350,2.75518352E+01,-1.000000E+00,-9.959982E-01,3.082204E-04,-5.349785E-07,0,0,0,0
Lu_5d52,351,2.79475723E+01,-1.000000E+00,-9.960588E-01,2.665202E-04,-4.620785E-07,0,0,0,0
Lu_5d52,352,2.83465696E+01,-1.000000E+00,-9.961182E-01,2.300943E-04,-3.984865E-07,0,0,0,0
Lu_5d52,353,2.87488317E+01,-1.000000E+00,-9.961763E-01,1.983299E-04,-3.431068E-07,0,0,0,0
Lu_5d52,354,2.91543629E+01,-1.000000E+00,-9.962333E-01,1.706777E-04,-2.949591E-07,0,0,0,0
Lu_5d52,355,2.95631676E+01,-1.000000E+00,-9.962891E-01,1.466463E-04,-2.531689E-07,0,0,0,0
Lu_5d52,356,2.99752503E+01,-1.000000E+00,-9.963438E-01,1.257970E-04,-2.169573E-07,0,0,0,0
Lu_5d52,357,3.03906151E+01,-1.000000E+00,-9.963974E-01,1.077394E-04,-1.856321E-07,0,0,0,0
Lu_5d52,358,3.08092665E+01,-1.000000E+00,-9.964499E-01,9.212626E-05,-1.585790E-07,0,0,0,0
Lu_5d52,359,3.12312084E+01,-1.000000E+00,-9.965014E-01,7.864955E-05,-1.352544E-07,0,0,0,0
Lu_5d52,360,3.16564452E+01,-1.000000E+00,-9.965518E-01,6.703670E-05,-1.151781E-07,0,0,0,0
Lu_5d52,361,3.20849808E+01,-1.000000E+00,-9.966013E-01,5.704693E-05,-9.792654E-08,0,0,0,0
Lu_5d52,362,3.25168194E+01,-1.000000E+00,-9.966498E-01,4.846797E-05,-8.312703E-08,0,0,0,0
Lu_5d52,363,3.29519650E+01,-1.000000E+00,-9.966973E-01,4.111307E-05,-7.045224E-08,0,0,0,0
Lu_5d52,364,3.33904215E+01,-1.000000E+00,-9.967440E-01,3.481827E-05,-5.961528E-08,0,0,0,0
Lu_5d52,365,3.38321928E+01,-1.000000E+00,-9.967897E-01,2.943990E-05,-5.036513E-08,0,0,0,0
Lu_5d52,366,3.42772829E+01,-1.000000E+00,-9.968346E-01,2.485232E-05,-4.248263E-08,0,0,0,0
Lu_5d52,367,3.47256956E+01,-1.000000E+00,-9.968786E-01,2.094589E-05,-3.577679E-08,0,0,0,0
Lu_5d52,368,3.51774346E+01,-1.000000E+00,-9.969218E-01,1.762509E-05,-3.008149E-08,0,0,0,0
Lu_5d52,369,3.56325038E+01,-1.000000E+00,-9.969642E-01,1.480692E-05,-2.525253E-08,0,0,0,0
Lu_5d52,370,3.60909067E+01,-1.000000E+00,-9.970058E-01,1.241933E-05,-2.116495E-08,0,0,0,0
Lu_5d52,371,3.65526472E+01,-1.000000E+00,-9.970466E-01,1.039996E-05,-1.771072E-08,0,0,0,0
Lu_5d52,372,3.70177288E+01,-1.000000E+00,-9.970866E-01,8.694903E-06,-1.479658E-08,0,0,0,0
Lu_5d52,373,3.74861551E+01,-1.000000E+00,-9.971260E-01,7.257670E-06,-1.234218E-08,0,0,0,0
Lu_5d52,374,3.79579298E+01,-1.000000E+00,-9.971646E-01,6.048237E-06,-1.027845E-08,0,0,0,0
Lu_5d52,375,3.84330562E+01,-1.000000E+00,-9.972025E-01,5.032216E-06,-8.546108E-09,0,0,0,0
Lu_5d52,376,3.89115379E+01,-1.000000E+00,-9.972397E-01,4.180115E-06,-7.094360E-09,0,0,0,0
Lu_5d52,377,3.93933783E+01,-1.000000E+00,-9.972763E-01,3.466694E-06,-5.879792E-09,0,0,0,0
Lu_5d52,378,3.98785809E+01,-1.000000E+00,-9.973122E-01,2.870390E-06,-4.865352E-09,0,0,0,0
Lu_5d52,379,4.03671489E+01,-1.000000E+00,-9.973475E-01,2.372816E-06,-4.019477E-09,0,0,0,0
Lu_5d52,380,4.08590858E+01,-1.000000E+00,-9.973821E-01,1.958325E-06,-3.315337E-09,0,0,0,0
Lu_5d52,381,4.13543949E+01,-1.000000E+00,-9.974162E-01,1.613625E-06,-2.730160E-09,0,0,0,0
Lu_5d52,382,4.18530793E+01,-1.000000E+00,-9.974496E-01,1.327449E-06,-2.244659E-09,0,0,0,0
Lu_5d52,383,4.23551424E+01,-1.000000E+00,-9.974825E-01,1.090259E-06,-1.842529E-09,0,0,0,0
Lu_5d52,384,4.28605874E+01,-1.000000E+00,-9.975148E-01,8.940013E-07,-1.510010E-09,0,0,0,0
Lu_5d52,385,4.33694173E+01,-1.000000E+00,-9.975466E-01,7.318853E-07,-1.235509E-09,0,0,0,0
Lu_5d52,386,4.38816354E+01,-1.000000E+00,-9.975778E-01,5.981968E-07,-1.009282E-09,0,0,0,0
Lu_5d52,387,4.43972448E+01,-1.000000E+00,-9.976085E-01,4.881363E-07,-8.231515E-10,0,0,0,0
Lu_5d52,388,4.49162484E+01,-1.000000E+00,-9.976387E-01,3.976800E-07,-6.702654E-10,0,0,0,0
Lu_5d52,389,4.54386495E+01,-1.000000E+00,-9.976683E-01,3.234611E-07,-5.448958E-10,0,0,0,0
Lu_5d52,390,4.59644509E+01,-1.000000E+00,-9.976975E-01,2.626670E-07,-4.422618E-10,0,0,0,0
Lu_5d52,391,4.64936556E+01,-1.000000E+00,-9.977262E-01,2.129532E-07,-3.583805E-10,0,0,0,0
Lu_5d52,392,4.70262667E+01,-1.000000E+00,-9.977544E-01,1.723684E-07,-2.899400E-10,0,0,0,0
Lu_5d52,393,4.75622870E+01,-1.000000E+00,-9.977822E-01,1.392919E-07,-2.341911E-10,0,0,0,0
Lu_5d52,394,4.81017195E+01,-1.000000E+00,-9.978095E-01,1.123799E-07,-1.888559E-10,0,0,0,0
Lu_5d52,395,4.86445669E+01,-1.000000E+00,-9.978363E-01,9.052027E-08,-1.520509E-10,0,0,0,0
Lu_5d52,396,4.91908321E+01,-1.000000E+00,-9.978627E-01,7.279424E-08,-1.222207E-10,0,0,0,0
Lu_5d52,397,4.97405180E+01,-1.000000E+00,-9.978887E-01,5.844430E-08,-9.808392E-11,0,0,0,0
Lu_5d52,398,5.02936273E+01,-1.000000E+00,-9.979143E-01,4.684692E-08,-7.858652E-11,0,0,0,0
Lu_5d52,399,5.08501628E+01,-1.000000E+00,-9.979395E-01,3.748984E-08,-6.286300E-11,0,0,0,0
Lu_5d52,400,5.14101272E+01,-1.000000E+00,-9.979643E-01,2.995294E-08,-5.020404E-11,0,0,0,0
Lu_5d52,401,5.19735232E+01,-1.000000E+00,-9.979887E-01,2.389233E-08,-4.002936E-11,0,0,0,0
Lu_5d52,402,5.25403535E+01,-1.000000E+00,-9.980127E-01,1.902701E-08,-3.186505E-11,0,0,0,0
Lu_5d52,403,5.31106207E+01,-1.000000E+00,-9.980364E-01,1.512779E-08,-2.532482E-11,0,0,0,0
Lu_5d52,404,5.36843274E+01,-1.000000E+00,-9.980596E-01,1.200807E-08,-2.009434E-11,0,0,0,0
Lu_5d52,405,5.42614764E+01,-1.000000E+00,-9.980826E-01,9.516199E-09,-1.591829E-11,0,0,0,0
Lu_5d52,406,5.48420700E+01,-1.000000E+00,-9.981051E-01,7.529153E-09,-1.258967E-11,0,0,0,0
Lu_5d52,407,5.54261110E+01,-1.000000E+00,-9.981274E-01,5.947314E-09,-9.940931E-12,0,0,0,0
Lu_5d52,408,5.60136018E+01,-1.000000E+00,-9.981493E-01,4.690160E-09,-7.836722E-12,0,0,0,0
Lu_5d52,409,5.66045448E+01,-1.000000E+00,-9.981708E-01,3.692720E-09,-6.167886E-12,0,0,0,0
Lu_5d52,410,5.71989428E+01,-1.000000E+00,-9.981921E-01,2.902664E-09,-4.846547E-12,0,0,0,0
Lu_5d52,411,5.77967979E+01,-1.000000E+00,-9.982130E-01,2.277921E-09,-3.802091E-12,0,0,0,0
Lu_5d52,412,5.83981128E+01,-1.000000E+00,-9.982336E-01,1.784728E-09,-2.977875E-12,0,0,0,0
Lu_5d52,413,5.90028898E+01,-1.000000E+00,-9.982539E-01,1.396036E-09,-2.328541E-12,0,0,0,0
Lu_5d52,414,5.96111313E+01,-1.000000E+00,-9.982740E-01,1.090215E-09,-1.817837E-12,0,0,0,0
Lu_5d52,415,6.02228397E+01,-1.000000E+00,-9.982937E-01,8.499997E-10,-1.416834E-12,0,0,0,0
Lu_5d52,416,6.08380173E+01,-1.000000E+00,-9.983131E-01,6.616315E-10,-1.102494E-12,0,0,0,0
Lu_5d52,417,6.14566664E+01,-1.000000E+00,-9.983323E-01,5.141670E-10,-8.564975E-13,0,0,0,0
Lu_5d52,418,6.20787895E+01,-1.000000E+00,-9.983512E-01,3.989171E-10,-6.643067E-13,0,0,0,0
Lu_5d52,419,6.27043886E+01,-1.000000E+00,-9.983698E-01,3.089950E-10,-5.144031E-13,0,0,0,0
Lu_5d52,420,6.33334662E+01,-1.000000E+00,-9.983882E-01,2.389519E-10,-3.976773E-13,0,0,0,0
Lu_5d52,421,6.39660245E+01,-1.000000E+00,-9.984063E-01,1.844844E-10,-3.069375E-13,0,0,0,0
Lu_5d52,422,6.46020656E+01,-1.000000E+00,-9.984241E-01,1.421997E-10,-2.365879E-13,0,0,0,0
Lu_5d52,423,6.52415918E+01,-1.000000E+00,-9.984417E-01,1.094277E-10,-1.817981E-13,0,0,0,0
Lu_5p12,0,1.40845070E-08,-1.178053E-02,8.875546E+06,7.948760E-12,2.649097E-07,0,0,0,0
Lu_5p12,1,1.54458033E-08,-1.291915E-02,8.093335E+06,9.554686E-12,2.905179E-07,0,0,0,0
Lu_5p12,2,1.69386420E-08,-1.416778E-02,7.380075E+06,1.148645E-11,3.185964E-07,0,0,0,0
Lu_5p12,3,1.85757639E-08,-1.553710E-02,6.729675E+06,1.381005E-11,3.493891E-07,0,0,0,0
Lu_5p12,4,2.03710783E-08,-1.703873E-02,6.136605E+06,1.660483E-11,3.831583E-07,0,0,0,0
Lu_5p12,5,2.23399067E-08,-1.868550E-02,5.595802E+06,1.996625E-11,4.201879E-07,0,0,0,0
Lu_5p12,6,2.44990189E-08,-2.049142E-02,5.102660E+06,2.400909E-11,4.607988E-07,0,0,0,0
Lu_5p12,7,2.68667586E-08,-2.247184E-02,4.652986E+06,2.887137E-11,5.053346E-07,0,0,0,0
Lu_5p12,8,2.94633317E-08,-2.464366E-02,4.242940E+06,3.471912E-11,5.541702E-07,0,0,0,0
Lu_5p12,9,3.23108539E-08,-2.702537E-02,3.869030E+06,4.175200E-11,6.077282E-07,0,0,0,0
Lu_5p12,10,3.54335170E-08,-2.963723E-02,3.528078E+06,5.021006E-11,6.664668E-07,0,0,0,0
Lu_5p12,11,3.88579005E-08,-3.250144E-02,3.217179E+06,6.038202E-11,7.308718E-07,0,0,0,0
Lu_5p12,12,4.26132991E-08,-3.564252E-02,2.933671E+06,7.261524E-11,8.015044E-07,0,0,0,0
Lu_5p12,13,4.67314733E-08,-3.908704E-02,2.675157E+06,8.732710E-11,8.789695E-07,0,0,0,0
Lu_5p12,14,5.12476303E-08,-4.286443E-02,2.439424E+06,1.050199E-10,9.639055E-07,0,0,0,0
Lu_5p12,15,5.62002313E-08,-4.700687E-02,2.224464E+06,1.262976E-10,1.057063E-06,0,0,0,0
Lu_5p12,16,6.16312403E-08,-5.154947E-02,2.028454E+06,1.518861E-10,1.159214E-06,0,0,0,0
Lu_5p12,17,6.75872020E-08,-5.653114E-02,1.849713E+06,1.826593E-10,1.271234E-06,0,0,0,0
Lu_5p12,18,7.41184821E-08,-6.199401E-02,1.686728E+06,2.196668E-10,1.394088E-06,0,0,0,0
Lu_5p12,19,8.12809116E-08,-6.798480E-02,1.538105E+06,2.641720E-10,1.528800E-06,0,0,0,0
Lu_5p12,20,8.91353265E-08,-7.455437E-02,1.402580E+06,3.176935E-10,1.676528E-06,0,0,0,0
Lu_5p12,21,9.77487367E-08,-8.175877E-02,1.278998E+06,3.820581E-10,1.838538E-06,0,0,0,0
Lu_5p12,22,1.07194113E-07,-8.965905E-02,1.166308E+06,4.594613E-10,2.016203E-06,0,0,0,0
Lu_5p12,23,1.17552189E-07,-9.832272E-02,1.063548E+06,5.525450E-10,2.211015E-06,0,0,0,0
Lu_5p12,24,1.28910932E-07,-1.078234E-01,9.698439E+05,6.644850E-10,2.424662E-06,0,0,0,0
Lu_5p12,25,1.41366993E-07,-1.182418E-01,8.843975E+05,7.991004E-10,2.658947E-06,0,0,0,0
Lu_5p12,26,1.55026355E-07,-1.296667E-01,8.064811E+05,9.609839E-10,2.915865E-06,0,0,0,0
Lu_5p12,27,1.70005236E-07,-1.421953E-01,7.354308E+05,1.155658E-09,3.197599E-06,0,0,0,0
Lu_5p12,28,1.86431075E-07,-1.559342E-01,6.706415E+05,1.389765E-09,3.506544E-06,0,0,0,0
Lu_5p12,29,2.04443616E-07,-1.710001E-01,6.115614E+05,1.671289E-09,3.845357E-06,0,0,0,0
Lu_5p12,30,2.24195708E-07,-1.875211E-01,5.576882E+05,2.009831E-09,4.216869E-06,0,0,0,0
Lu_5p12,31,2.45856126E-07,-2.056382E-01,5.085611E+05,2.416943E-09,4.624257E-06,0,0,0,0
Lu_5p12,32,2.69608304E-07,-2.255048E-01,4.637636E+05,2.906504E-09,5.071024E-06,0,0,0,0
Lu_5p12,33,2.95654667E-07,-2.472904E-01,4.229133E+05,3.495214E-09,5.560937E-06,0,0,0,0
Lu_5p12,34,3.24216193E-07,-2.711796E-01,3.856629E+05,4.203143E-09,6.098122E-06,0,0,0,0
Lu_5p12,35,3.55536886E-07,-2.973766E-01,3.516939E+05,5.054438E-09,6.687212E-06,0,0,0,0
Lu_5p12,36,3.89881261E-07,-3.261026E-01,3.207189E+05,6.078113E-09,7.333246E-06,0,0,0,0
Lu_5p12,37,4.27542511E-07,-3.576028E-01,2.924728E+05,7.309075E-09,8.041540E-06,0,0,0,0
Lu_5p12,38,4.68840899E-07,-3.921450E-01,2.667152E+05,8.789290E-09,8.818333E-06,0,0,0,0
Lu_5p12,39,5.14125814E-07,-4.300215E-01,2.432277E+05,1.056920E-08,9.670128E-06,0,0,0,0
Lu_5p12,40,5.63783777E-07,-4.715555E-01,2.218092E+05,1.270948E-08,1.060408E-05,0,0,0,0
Lu_5p12,41,6.18235912E-07,-5.170992E-01,2.022780E+05,1.528306E-08,1.162826E-05,0,0,0,0
Lu_5p12,42,6.77944859E-07,-5.670395E-01,1.844676E+05,1.837765E-08,1.275129E-05,0,0,0,0
Lu_5p12,43,7.43417883E-07,-6.218005E-01,1.682263E+05,2.209868E-08,1.398281E-05,0,0,0,0
Lu_5p12,44,8.15209759E-07,-6.818461E-01,1.534163E+05,2.657291E-08,1.533310E-05,0,0,0,0
Lu_5p12,45,8.93933023E-07,-7.476885E-01,1.399107E+05,3.195277E-08,1.681366E-05,0,0,0,0
Lu_5p12,46,9.80253329E-07,-8.198841E-01,1.275952E+05,3.842147E-08,1.843734E-05,0,0,0,0
Lu_5p12,47,1.07490332E-06,-8.990456E-01,1.163648E+05,4.619929E-08,2.021759E-05,0,0,0,0
Lu_5p12,48,1.17868778E-06,-9.858455E-01,1.061239E+05,5.555107E-08,2.216953E-05,0,0,0,0
Lu_5p12,49,1.29248727E-06,-1.081020E+00,9.678516E+04,6.679518E-08,2.430987E-05,0,0,0,0
Lu_5p12,50,1.41726642E-06,-1.185375E+00,8.826928E+04,8.031434E-08,2.665683E-05,0,0,0,0
Lu_5p12,51,1.55408252E-06,-1.299794E+00,8.050382E+04,9.656857E-08,2.923007E-05,0,0,0,0
Lu_5p12,52,1.70409879E-06,-1.425248E+00,7.342252E+04,1.161110E-07,3.205145E-05,0,0,0,0
Lu_5p12,53,1.86858481E-06,-1.562798E+00,6.696524E+04,1.396064E-07,3.514509E-05,0,0,0,0
Lu_5p12,54,2.04893518E-06,-1.713608E+00,6.107702E+04,1.678537E-07,3.853711E-05,0,0,0,0
Lu_5p12,55,2.24667680E-06,-1.878953E+00,5.570778E+04,2.018134E-07,4.225604E-05,0,0,0,0
Lu_5p12,56,2.46348896E-06,-2.060232E+00,5.081174E+04,2.426400E-07,4.633344E-05,0,0,0,0
Lu_5p12,57,2.70120429E-06,-2.258975E+00,4.634735E+04,2.917207E-07,5.080412E-05,0,0,0,0
Lu_5p12,58,2.96183615E-06,-2.476857E+00,4.227659E+04,3.507228E-07,5.570554E-05,0,0,0,0
Lu_5p12,59,3.24759167E-06,-2.715716E+00,3.856484E+04,4.216499E-07,6.107919E-05,0,0,0,0
Lu_5p12,60,3.56088877E-06,-2.977564E+00,3.518053E+04,5.069098E-07,6.697068E-05,0,0,0,0
Lu_5p12,61,3.90437587E-06,-3.264600E+00,3.209488E+04,6.093950E-07,7.342954E-05,0,0,0,0
Lu_5p12,62,4.28096072E-06,-3.579235E+00,2.928164E+04,7.325816E-07,8.051025E-05,0,0,0,0
Lu_5p12,63,4.69382455E-06,-3.924105E+00,2.671690E+04,8.806447E-07,8.827276E-05,0,0,0,0
Lu_5p12,64,5.14645651E-06,-4.302092E+00,2.437886E+04,1.058600E-06,9.678226E-05,0,0,0,0
Lu_5p12,65,5.64267994E-06,-4.716348E+00,2.224764E+04,1.272471E-06,1.061103E-04,0,0,0,0
Lu_5p12,66,6.18668621E-06,-5.170318E+00,2.030512E+04,1.529491E-06,1.163354E-04,0,0,0,0
Lu_5p12,67,6.78306446E-06,-5.667761E+00,1.853481E+04,1.838347E-06,1.275435E-04,0,0,0,0
Lu_5p12,68,7.43684772E-06,-6.212780E+00,1.692167E+04,2.209463E-06,1.398282E-04,0,0,0,0
Lu_5p12,69,8.15354812E-06,-6.809847E+00,1.545200E+04,2.655353E-06,1.532926E-04,0,0,0,0
Lu_5p12,70,8.93920529E-06,-7.463830E+00,1.411334E+04,3.191030E-06,1.680490E-04,0,0,0,0
Lu_5p12,71,9.80043817E-06,-8.180023E+00,1.289434E+04,3.834499E-06,1.842201E-04,0,0,0,0
Lu_5p12,72,1.07444991E-05,-8.964176E+00,1.178467E+04,4.607350E-06,2.019404E-04,0,0,0,0
Lu_5p12,73,1.17793295E-05,-9.822511E+00,1.077495E+04,5.535454E-06,2.213565E-04,0,0,0,0
Lu_5p12,74,1.29136348E-05,-1.076176E+01,9.856670E+03,6.649802E-06,2.426283E-04,0,0,0,0
Lu_5p12,75,1.41569462E-05,-1.178916E+01,9.022100E+03,7.987485E-06,2.659306E-04,0,0,0,0
Lu_5p12,76,1.55197075E-05,-1.291250E+01,8.264256E+03,9.592870E-06,2.914535E-04,0,0,0,0
Lu_5p12,77,1.70133553E-05,-1.414009E+01,7.576839E+03,1.151897E-05,3.194037E-04,0,0,0,0
Lu_5p12,78,1.86504207E-05,-1.548074E+01,6.954218E+03,1.382908E-05,3.500062E-04,0,0,0,0
Lu_5p12,79,2.04446227E-05,-1.694375E+01,6.391260E+03,1.659862E-05,3.835050E-04,0,0,0,0
Lu_5p12,80,2.24109875E-05,-1.853882E+01,5.883520E+03,1.991739E-05,4.201642E-04,0,0,0,0
Lu_5p12,81,2.45659712E-05,-2.027593E+01,5.427284E+03,2.389204E-05,4.602691E-04,0,0,0,0
Lu_5p12,82,2.69275913E-05,-2.216516E+01,5.018870E+03,2.864897E-05,5.041271E-04,0,0,0,0
Lu_5p12,83,2.95155769E-05,-2.421648E+01,4.655748E+03,3.433757E-05,5.520681E-04,0,0,0,0
Lu_5p12,84,3.23515278E-05,-2.643933E+01,4.335897E+03,4.113376E-05,6.044453E-04,0,0,0,0
Lu_5p12,85,3.54590885E-05,-2.884216E+01,4.057607E+03,4.924383E-05,6.616340E-04,0,0,0,0
Lu_5p12,86,3.88641460E-05,-3.143171E+01,3.820346E+03,5.890845E-05,7.240319E-04,0,0,0,0
Lu_5p12,87,4.25950311E-05,-3.421206E+01,3.624447E+03,7.040650E-05,7.920570E-04,0,0,0,0
Lu_5p12,88,4.66827539E-05,-3.718335E+01,3.471129E+03,8.405852E-05,8.661452E-04,0,0,0,0
Lu_5p12,89,5.11612515E-05,-4.034008E+01,3.363171E+03,1.002290E-04,9.467477E-04,0,0,0,0
Lu_5p12,90,5.60676589E-05,-4.366875E+01,3.305270E+03,1.193268E-04,1.034327E-03,0,0,0,0
Lu_5p12,91,6.14426048E-05,-4.714482E+01,3.304220E+03,1.418023E-04,1.129351E-03,0,0,0,0
Lu_5p12,92,6.73305476E-05,-5.072868E+01,3.369675E+03,1.681389E-04,1.232290E-03,0,0,0,0
Lu_5p12,93,7.37801101E-05,-5.436047E+01,3.514640E+03,1.988375E-04,1.343617E-03,0,0,0,0
Lu_5p12,94,8.08444839E-05,-5.795353E+01,3.754473E+03,2.343888E-04,1.463805E-03,0,0,0,0
Lu_5p12,95,8.85818410E-05,-6.138718E+01,4.100158E+03,2.752308E-04,1.593358E-03,0,0,0,0
Lu_5p12,96,9.70557919E-05,-6.450115E+01,4.524009E+03,3.216864E-04,1.732808E-03,0,0,0,0
Lu_5p12,97,1.06335888E-04,-6.710130E+01,4.857000E+03,3.738811E-04,1.882528E-03,0,0,0,0
Lu_5p12,98,1.16498167E-04,-6.900239E+01,4.750119E+03,4.316532E-04,2.042791E-03,0,0,0,0
Lu_5p12,99,1.27625740E-04,-7.013925E+01,4.025015E+03,4.945778E-04,2.215048E-03,0,0,0,0
Lu_5p12,100,1.39809443E-04,-7.066706E+01,3.032300E+03,5.622609E-04,2.401279E-03,0,0,0,0
Lu_5p12,101,1.53148538E-04,-7.085775E+01,2.271314E+03,6.345903E-04,2.601718E-03,0,0,0,0
Lu_5p12,102,1.67751469E-04,-7.091153E+01,1.846331E+03,7.117391E-04,2.816557E-03,0,0,0,0
Lu_5p12,103,1.83736702E-04,-7.092048E+01,1.599612E+03,7.941373E-04,3.047507E-03,0,0,0,0
Lu_5p12,104,2.01233621E-04,-7.091667E+01,1.417322E+03,8.823919E-04,3.296268E-03,0,0,0,0
Lu_5p12,105,2.20383511E-04,-7.090932E+01,1.261348E+03,9.772113E-04,3.564167E-03,0,0,0,0
Lu_5p12,106,2.41340621E-04,-7.090062E+01,1.121533E+03,1.079383E-03,3.852565E-03,0,0,0,0
Lu_5p12,107,2.64273321E-04,-7.089098E+01,9.949151E+02,1.189777E-03,4.162953E-03,0,0,0,0
Lu_5p12,108,2.89365355E-04,-7.088039E+01,8.801391E+02,1.309355E-03,4.496938E-03,0,0,0,0
Lu_5p12,109,3.16817200E-04,-7.086877E+01,7.761826E+02,1.439188E-03,4.856233E-03,0,0,0,0
Lu_5p12,110,3.46847541E-04,-7.085603E+01,6.821310E+02,1.580466E-03,5.242651E-03,0,0,0,0
Lu_5p12,111,3.79694864E-04,-7.084207E+01,5.971467E+02,1.734521E-03,5.658110E-03,0,0,0,0
Lu_5p12,112,4.15619192E-04,-7.082677E+01,5.204620E+02,1.902840E-03,6.104633E-03,0,0,0,0
Lu_5p12,113,4.54903944E-04,-7.080999E+01,4.513737E+02,2.087097E-03,6.584345E-03,0,0,0,0
Lu_5p12,114,4.97857967E-04,-7.079161E+01,3.892361E+02,2.289170E-03,7.099478E-03,0,0,0,0
Lu_5p12,115,5.44817717E-04,-7.077148E+01,3.334560E+02,2.511174E-03,7.652365E-03,0,0,0,0
Lu_5p12,116,5.96149619E-04,-7.074942E+01,2.834875E+02,2.755497E-03,8.245437E-03,0,0,0,0
Lu_5p12,117,6.52252617E-04,-7.072526E+01,2.388273E+02,3.024834E-03,8.881219E-03,0,0,0,0
Lu_5p12,118,7.13560914E-04,-7.069881E+01,1.990107E+02,3.322232E-03,9.562318E-03,0,0,0,0
Lu_5p12,119,7.80546942E-04,-7.066985E+01,1.636079E+02,3.651140E-03,1.029142E-02,0,0,0,0
Lu_5p12,120,8.53724541E-04,-7.063816E+01,1.322209E+02,4.015464E-03,1.107125E-02,0,0,0,0
Lu_5p12,121,9.33652389E-04,-7.060348E+01,1.044807E+02,4.419632E-03,1.190461E-02,0,0,0,0
Lu_5p12,122,1.02093769E-03,-7.056555E+01,8.004505E+01,4.868659E-03,1.279427E-02,0,0,0,0
Lu_5p12,123,1.11624013E-03,-7.052407E+01,5.859603E+01,5.368235E-03,1.374303E-02,0,0,0,0
Lu_5p12,124,1.22027613E-03,-7.047871E+01,3.983878E+01,5.924806E-03,1.475361E-02,0,0,0,0
Lu_5p12,125,1.33382338E-03,-7.042915E+01,2.349988E+01,6.545679E-03,1.582865E-02,0,0,0,0
Lu_5p12,126,1.45772573E-03,-7.037500E+01,9.326127E+00,7.239126E-03,1.697065E-02,0,0,0,0
Lu_5p12,127,1.59289840E-03,-7.031586E+01,-2.916405E+00,8.014505E-03,1.818190E-02,0,0,0,0
Lu_5p12,128,1.74033353E-03,-7.025132E+01,-1.344328E+01,8.882392E-03,1.946442E-02,0,0,0,0
Lu_5p12,129,1.90110615E-03,-7.018089E+01,-2.245243E+01,9.854719E-03,2.081989E-02,0,0,0,0
Lu_5p12,130,2.07638050E-03,-7.010410E+01,-3.012491E+01,1.094493E-02,2.224952E-02,0,0,0,0
Lu_5p12,131,2.26741677E-03,-7.002042E+01,-3.662553E+01,1.216811E-02,2.375397E-02,0,0,0,0
Lu_5p12,132,2.47557828E-03,-6.992927E+01,-4.210360E+01,1.354121E-02,2.533323E-02,0,0,0,0
Lu_5p12,133,2.70233906E-03,-6.983007E+01,-4.669358E+01,1.508314E-02,2.698647E-02,0,0,0,0
Lu_5p12,134,2.94929195E-03,-6.972219E+01,-5.051592E+01,1.681495E-02,2.871191E-02,0,0,0,0
Lu_5p12,135,3.21815711E-03,-6.960495E+01,-5.367778E+01,1.876002E-02,3.050662E-02,0,0,0,0
Lu_5p12,136,3.51079106E-03,-6.947767E+01,-5.627394E+01,2.094414E-02,3.236634E-02,0,0,0,0
Lu_5p12,137,3.82919619E-03,-6.933960E+01,-5.838764E+01,2.339560E-02,3.428534E-02,0,0,0,0
Lu_5p12,138,4.17553074E-03,-6.918999E+01,-6.009153E+01,2.614530E-02,3.625611E-02,0,0,0,0
Lu_5p12,139,4.55211944E-03,-6.902805E+01,-6.144855E+01,2.922668E-02,3.826922E-02,0,0,0,0
Lu_5p12,140,4.96146447E-03,-6.885296E+01,-6.251288E+01,3.267563E-02,4.031306E-02,0,0,0,0
Lu_5p12,141,5.40625706E-03,-6.866388E+01,-6.333086E+01,3.653027E-02,4.237361E-02,0,0,0,0
Lu_5p12,142,5.88938963E-03,-6.845996E+01,-6.394180E+01,4.083064E-02,4.443422E-02,0,0,0,0
Lu_5p12,143,6.41396839E-03,-6.824032E+01,-6.437887E+01,4.561806E-02,4.647540E-02,0,0,0,0
Lu_5p12,144,6.98332646E-03,-6.800407E+01,-6.466984E+01,5.093444E-02,4.847462E-02,0,0,0,0
Lu_5p12,145,7.60103751E-03,-6.775030E+01,-6.483782E+01,5.682125E-02,5.040621E-02,0,0,0,0
Lu_5p12,146,8.27092988E-03,-6.747811E+01,-6.490189E+01,6.331808E-02,5.224122E-02,0,0,0,0
Lu_5p12,147,8.99710118E-03,-6.718657E+01,-6.487768E+01,7.046104E-02,5.394742E-02,0,0,0,0
Lu_5p12,148,9.78393329E-03,-6.687474E+01,-6.477793E+01,7.828051E-02,5.548937E-02,0,0,0,0
Lu_5p12,149,1.06361078E-02,-6.654167E+01,-6.461289E+01,8.679863E-02,5.682862E-02,0,0,0,0
Lu_5p12,150,1.15586218E-02,-6.618641E+01,-6.439076E+01,9.602614E-02,5.792404E-02,0,0,0,0
Lu_5p12,151,1.25568040E-02,-6.580796E+01,-6.411802E+01,1.059588E-01,5.873229E-02,0,0,0,0
Lu_5p12,152,1.36363313E-02,-6.540535E+01,-6.379971E+01,1.165732E-01,5.920854E-02,0,0,0,0
Lu_5p12,153,1.48032451E-02,-6.497756E+01,-6.343968E+01,1.278222E-01,5.930732E-02,0,0,0,0
Lu_5p12,154,1.60639684E-02,-6.452362E+01,-6.304086E+01,1.396298E-01,5.898366E-02,0,0,0,0
Lu_5p12,155,1.74253227E-02,-6.404254E+01,-6.260539E+01,1.518859E-01,5.819446E-02,0,0,0,0
Lu_5p12,156,1.88945447E-02,-6.353341E+01,-6.213477E+01,1.644409E-01,5.690004E-02,0,0,0,0
Lu_5p12,157,2.04793037E-02,-6.299539E+01,-6.163009E+01,1.771004E-01,5.506599E-02,0,0,0,0
Lu_5p12,158,2.21877176E-02,-6.242773E+01,-6.109207E+01,1.896205E-01,5.266513E-02,0,0,0,0
Lu_5p12,159,2.40283703E-02,-6.182981E+01,-6.052116E+01,2.017039E-01,4.967972E-02,0,0,0,0
Lu_5p12,160,2.60103273E-02,-6.120111E+01,-5.991767E+01,2.129980E-01,4.610361E-02,0,0,0,0
Lu_5p12,161,2.81431521E-02,-6.054115E+01,-5.928175E+01,2.230944E-01,4.194453E-02,0,0,0,0
Lu_5p12,162,3.04369210E-02,-5.984944E+01,-5.861345E+01,2.315314E-01,3.722607E-02,0,0,0,0
Lu_5p12,163,3.29022384E-02,-5.912547E+01,-5.791265E+01,2.378003E-01,3.198973E-02,0,0,0,0
Lu_5p12,164,3.55502504E-02,-5.836870E+01,-5.717917E+01,2.413555E-01,2.629628E-02,0,0,0,0
Lu_5p12,165,3.83926583E-02,-5.757864E+01,-5.641276E+01,2.416298E-01,2.022633E-02,0,0,0,0
Lu_5p12,166,4.14417311E-02,-5.675496E+01,-5.561322E+01,2.380539E-01,1.388072E-02,0,0,0,0
Lu_5p12,167,4.47103165E-02,-5.589759E+01,-5.478053E+01,2.300828E-01,7.379496E-03,0,0,0,0
Lu_5p12,168,4.82118514E-02,-5.500674E+01,-5.391492E+01,2.172260E-01,8.599314E-04,0,0,0,0
Lu_5p12,169,5.19603709E-02,-5.408297E+01,-5.301688E+01,1.990835E-01,-5.526559E-03,0,0,0,0
Lu_5p12,170,5.59705163E-02,-5.312708E+01,-5.208717E+01,1.753846E-01,-1.161874E-02,0,0,0,0
Lu_5p12,171,6.02575411E-02,-5.214002E+01,-5.112669E+01,1.460285E-01,-1.725100E-02,0,0,0,0
Lu_5p12,172,6.48373163E-02,-5.112282E+01,-5.013644E+01,1.111247E-01,-2.225972E-02,0,0,0,0
Lu_5p12,173,6.97263340E-02,-5.007654E+01,-4.911743E+01,7.103003E-02,-2.649055E-02,0,0,0,0
Lu_5p12,174,7.49417091E-02,-4.900230E+01,-4.807073E+01,2.637831E-02,-2.980597E-02,0,0,0,0
Lu_5p12,175,8.05011798E-02,-4.790126E+01,-4.699747E+01,-2.189948E-02,-3.209309E-02,0,0,0,0
Lu_5p12,176,8.64231061E-02,-4.677502E+01,-4.589918E+01,-7.256977E-02,-3.327084E-02,0,0,0,0
Lu_5p12,177,9.27264671E-02,-4.562538E+01,-4.477757E+01,-1.241082E-01,-3.329629E-02,0,0,0,0
Lu_5p12,178,9.94308562E-02,-4.445469E+01,-4.363489E+01,-1.747317E-01,-3.216936E-02,0,0,0,0
Lu_5p12,179,1.06556475E-01,-4.326541E+01,-4.247351E+01,-2.224515E-01,-2.993558E-02,0,0,0,0
Lu_5p12,180,1.14124124E-01,-4.205996E+01,-4.129577E+01,-2.651488E-01,-2.668643E-02,0,0,0,0
Lu_5p12,181,1.22155196E-01,-4.084052E+01,-4.010381E+01,-3.006697E-01,-2.255717E-02,0,0,0,0
Lu_5p12,182,1.30671661E-01,-3.960930E+01,-3.889979E+01,-3.269365E-01,-1.772200E-02,0,0,0,0
Lu_5p12,183,1.39696055E-01,-3.836869E+01,-3.768605E+01,-3.420709E-01,-1.238664E-02,0,0,0,0
Lu_5p12,184,1.49251467E-01,-3.712155E+01,-3.646541E+01,-3.445196E-01,-6.778733E-03,0,0,0,0
Lu_5p12,185,1.59361522E-01,-3.587132E+01,-3.524120E+01,-3.331756E-01,-1.136528E-03,0,0,0,0
Lu_5p12,186,1.70050362E-01,-3.462150E+01,-3.401689E+01,-3.074846E-01,4.303310E-03,0,0,0,0
Lu_5p12,187,1.81342630E-01,-3.337542E+01,-3.279572E+01,-2.675282E-01,9.317859E-03,0,0,0,0
Lu_5p12,188,1.93263449E-01,-3.213569E+01,-3.158030E+01,-2.140748E-01,1.370929E-02,0,0,0,0
Lu_5p12,189,2.05838402E-01,-3.090408E+01,-3.037233E+01,-1.485941E-01,1.731467E-02,0,0,0,0
Lu_5p12,190,2.19093507E-01,-2.968140E+01,-2.917261E+01,-7.322888E-02,2.001364E-02,0,0,0,0
Lu_5p12,191,2.33055201E-01,-2.846816E+01,-2.798166E+01,9.276010E-03,2.173358E-02,0,0,0,0
Lu_5p12,192,2.47750307E-01,-2.726489E+01,-2.679996E+01,9.568578E-02,2.245185E-02,0,0,0,0
Lu_5p12,193,2.63206019E-01,-2.607291E+01,-2.562885E+01,1.824245E-01,2.219499E-02,0,0,0,0
Lu_5p12,194,2.79449870E-01,-2.489435E+01,-2.447042E+01,2.657506E-01,2.103474E-02,0,0,0,0
Lu_5p12,195,2.96509710E-01,-2.373169E+01,-2.332713E+01,3.419483E-01,1.908140E-02,0,0,0,0
Lu_5p12,196,3.14413681E-01,-2.258696E+01,-2.220100E+01,4.075202E-01,1.647507E-02,0,0,0,0
Lu_5p12,197,3.33190188E-01,-2.146130E+01,-2.109320E+01,4.593683E-01,1.337585E-02,0,0,0,0
Lu_5p12,198,3.52867877E-01,-2.035548E+01,-2.000453E+01,4.949531E-01,9.953552E-03,0,0,0,0
Lu_5p12,199,3.73475605E-01,-1.927067E+01,-1.893617E+01,5.124172E-01,6.377591E-03,0,0,0,0
Lu_5p12,200,3.95042416E-01,-1.820943E+01,-1.789069E+01,5.106673E-01,2.807553E-03,0,0,0,0
Lu_5p12,201,4.17597515E-01,-1.717551E+01,-1.687185E+01,4.894068E-01,-6.148092E-04,0,0,0,0
Lu_5p12,202,4.41170244E-01,-1.617347E+01,-1.588422E+01,4.491195E-01,-3.771500E-03,0,0,0,0
Lu_5p12,203,4.65790054E-01,-1.520802E+01,-1.493253E+01,3.910081E-01,-6.571761E-03,0,0,0,0
Lu_5p12,204,4.91486481E-01,-1.428334E+01,-1.402097E+01,3.168965E-01,-8.953087E-03,0,0,0,0
Lu_5p12,205,5.18289124E-01,-1.340261E+01,-1.315275E+01,2.291070E-01,-1.088010E-02,0,0,0,0
Lu_5p12,206,5.46227617E-01,-1.256783E+01,-1.232987E+01,1.303245E-01,-1.234186E-02,0,0,0,0
Lu_5p12,207,5.75331612E-01,-1.177967E+01,-1.155305E+01,2.345789E-02,-1.334813E-02,0,0,0,0
Lu_5p12,208,6.05630751E-01,-1.103791E+01,-1.082206E+01,-8.849300E-02,-1.392523E-02,0,0,0,0
Lu_5p12,209,6.37154647E-01,-1.034137E+01,-1.013575E+01,-2.025586E-01,-1.411187E-02,0,0,0,0
Lu_5p12,210,6.69932864E-01,-9.688292E+00,-9.492398E+00,-3.159045E-01,-1.395519E-02,0,0,0,0
Lu_5p12,211,7.03994894E-01,-9.076812E+00,-8.890143E+00,-4.259184E-01,-1.350720E-02,0,0,0,0
Lu_5p12,212,7.39370141E-01,-8.504780E+00,-8.326863E+00,-5.302772E-01,-1.282181E-02,0,0,0,0
Lu_5p12,213,7.76087899E-01,-7.970104E+00,-7.800486E+00,-6.269943E-01,-1.195226E-02,0,0,0,0
Lu_5p12,214,8.14177341E-01,-7.470733E+00,-7.308980E+00,-7.144490E-01,-1.094915E-02,0,0,0,0
Lu_5p12,215,8.53667493E-01,-7.004632E+00,-6.850333E+00,-7.913975E-01,-9.859008E-03,0,0,0,0
Lu_5p12,216,8.94587226E-01,-6.569778E+00,-6.422541E+00,-8.569699E-01,-8.723298E-03,0,0,0,0
Lu_5p12,217,9.36965239E-01,-6.164163E+00,-6.023616E+00,-9.106538E-01,-7.577876E-03,0,0,0,0
Lu_5p12,218,9.80830042E-01,-5.785828E+00,-5.651619E+00,-9.522690E-01,-6.452789E-03,0,0,0,0
Lu_5p12,219,1.02620995E+00,-5.432904E+00,-5.304700E+00,-9.819340E-01,-5.372342E-03,0,0,0,0
Lu_5p12,220,1.07313306E+00,-5.103643E+00,-4.981127E+00,-1.000029E+00,-4.355368E-03,0,0,0,0
Lu_5p12,221,1.12162725E+00,-4.796473E+00,-4.679348E+00,-1.007152E+00,-3.415625E-03,0,0,0,0
Lu_5p12,222,1.17172015E+00,-4.509912E+00,-4.397896E+00,-1.004082E+00,-2.562300E-03,0,0,0,0
Lu_5p12,223,1.22343919E+00,-4.242643E+00,-4.135470E+00,-9.917308E-01,-1.800578E-03,0,0,0,0
Lu_5p12,224,1.27681148E+00,-3.993417E+00,-3.890836E+00,-9.711069E-01,-1.132233E-03,0,0,0,0
Lu_5p12,225,1.33186393E+00,-3.761051E+00,-3.662824E+00,-9.432768E-01,-5.562238E-04,0,0,0,0
Lu_5p12,226,1.38862315E+00,-3.544410E+00,-3.450314E+00,-9.093313E-01,-6.927988E-05,0,0,0,0
Lu_5p12,227,1.44711548E+00,-3.342396E+00,-3.252220E+00,-8.703562E-01,3.335671E-04,0,0,0,0
Lu_5p12,228,1.50736699E+00,-3.153955E+00,-3.067500E+00,-8.274075E-01,6.584992E-04,0,0,0,0
Lu_5p12,229,1.56940344E+00,-2.978073E+00,-2.895151E+00,-7.814914E-01,9.124931E-04,0,0,0,0
Lu_5p12,230,1.63325033E+00,-2.813800E+00,-2.734234E+00,-7.335477E-01,1.102966E-03,0,0,0,0
Lu_5p12,231,1.69893283E+00,-2.660255E+00,-2.583878E+00,-6.844388E-01,1.237484E-03,0,0,0,0
Lu_5p12,232,1.76647584E+00,-2.516639E+00,-2.443293E+00,-6.349409E-01,1.323534E-03,0,0,0,0
Lu_5p12,233,1.83590395E+00,-2.382246E+00,-2.311782E+00,-5.857396E-01,1.368338E-03,0,0,0,0
Lu_5p12,234,1.90724144E+00,-2.256463E+00,-2.188742E+00,-5.374277E-01,1.378725E-03,0,0,0,0
Lu_5p12,235,1.98051228E+00,-2.138770E+00,-2.073658E+00,-4.905058E-01,1.361030E-03,0,0,0,0
Lu_5p12,236,2.05574015E+00,-2.028725E+00,-1.966097E+00,-4.453846E-01,1.321032E-03,0,0,0,0
Lu_5p12,237,2.13294840E+00,-1.925951E+00,-1.865688E+00,-4.023893E-01,1.263915E-03,0,0,0,0
Lu_5p12,238,2.21216008E+00,-1.830112E+00,-1.772103E+00,-3.617652E-01,1.194252E-03,0,0,0,0
Lu_5p12,239,2.29339794E+00,-1.740893E+00,-1.685031E+00,-3.236842E-01,1.116003E-03,0,0,0,0
Lu_5p12,240,2.37668441E+00,-1.657974E+00,-1.604160E+00,-2.882523E-01,1.032540E-03,0,0,0,0
Lu_5p12,241,2.46204160E+00,-1.581013E+00,-1.529153E+00,-2.555175E-01,9.466648E-04,0,0,0,0
Lu_5p12,242,2.54949133E+00,-1.510614E+00,-1.460618E+00,-2.254780E-01,8.606898E-04,0,0,0,0
Lu_5p12,243,2.63905511E+00,-1.447346E+00,-1.399129E+00,-1.980886E-01,7.764954E-04,0,0,0,0
Lu_5p12,244,2.73075413E+00,-1.390683E+00,-1.344164E+00,-1.732678E-01,6.955329E-04,0,0,0,0
Lu_5p12,245,2.82460929E+00,-1.340113E+00,-1.295216E+00,-1.509061E-01,6.188492E-04,0,0,0,0
Lu_5p12,246,2.92064119E+00,-1.295138E+00,-1.251791E+00,-1.308727E-01,5.471524E-04,0,0,0,0
Lu_5p12,247,3.01887011E+00,-1.255280E+00,-1.213416E+00,-1.130222E-01,4.808708E-04,0,0,0,0
Lu_5p12,248,3.11931605E+00,-1.220084E+00,-1.179637E+00,-9.720013E-02,4.202066E-04,0,0,0,0
Lu_5p12,249,3.22199870E+00,-1.189114E+00,-1.150023E+00,-8.324736E-02,3.651830E-04,0,0,0,0
Lu_5p12,250,3.32693748E+00,-1.161962E+00,-1.124169E+00,-7.100424E-02,3.156854E-04,0,0,0,0
Lu_5p12,251,3.43415149E+00,-1.138242E+00,-1.101692E+00,-6.031360E-02,2.714964E-04,0,0,0,0
Lu_5p12,252,3.54365956E+00,-1.117598E+00,-1.082237E+00,-5.102320E-02,2.323259E-04,0,0,0,0
Lu_5p12,253,3.65548024E+00,-1.099695E+00,-1.065474E+00,-4.298770E-02,1.978352E-04,0,0,0,0
Lu_5p12,254,3.76963178E+00,-1.084227E+00,-1.051099E+00,-3.606990E-02,1.676570E-04,0,0,0,0
Lu_5p12,255,3.88613217E+00,-1.070913E+00,-1.038832E+00,-3.014178E-02,1.414115E-04,0,0,0,0
Lu_5p12,256,4.00499912E+00,-1.059495E+00,-1.028419E+00,-2.508494E-02,1.187190E-04,0,0,0,0
Lu_5p12,257,4.12625005E+00,-1.049740E+00,-1.019628E+00,-2.079092E-02,9.920842E-05,0,0,0,0
Lu_5p12,258,4.24990215E+00,-1.041437E+00,-1.012250E+00,-1.716110E-02,8.252532E-05,0,0,0,0
Lu_5p12,259,4.37597231E+00,-1.034397E+00,-1.006098E+00,-1.410658E-02,6.833592E-05,0,0,0,0
Lu_5p12,260,4.50447717E+00,-1.028451E+00,-1.001005E+00,-1.154771E-02,5.633052E-05,0,0,0,0
Lu_5p12,261,4.63543312E+00,-1.023448E+00,-9.968211E-01,-9.413697E-03,4.622513E-05,0,0,0,0
Lu_5p12,262,4.76885630E+00,-1.019254E+00,-9.934149E-01,-7.641988E-03,3.776214E-05,0,0,0,0
Lu_5p12,263,4.90476257E+00,-1.015752E+00,-9.906704E-01,-6.177682E-03,3.071011E-05,0,0,0,0
Lu_5p12,264,5.04316759E+00,-1.012840E+00,-9.884863E-01,-4.972886E-03,2.486299E-05,0,0,0,0
Lu_5p12,265,5.18408673E+00,-1.010427E+00,-9.867740E-01,-3.986079E-03,2.003879E-05,0,0,0,0
Lu_5p12,266,5.32753516E+00,-1.008436E+00,-9.854572E-01,-3.181471E-03,1.607806E-05,0,0,0,0
Lu_5p12,267,5.47352778E+00,-1.006800E+00,-9.844696E-01,-2.528395E-03,1.284213E-05,0,0,0,0
Lu_5p12,268,5.62207929E+00,-1.005460E+00,-9.837547E-01,-2.000722E-03,1.021122E-05,0,0,0,0
Lu_5p12,269,5.77320413E+00,-1.004368E+00,-9.832640E-01,-1.576316E-03,8.082591E-06,0,0,0,0
Lu_5p12,270,5.92691655E+00,-1.003481E+00,-9.829565E-01,-1.236531E-03,6.368704E-06,0,0,0,0
Lu_5p12,271,6.08323056E+00,-1.002763E+00,-9.827976E-01,-9.657427E-04,4.995435E-06,0,0,0,0
Lu_5p12,272,6.24215994E+00,-1.002185E+00,-9.827581E-01,-7.509358E-04,3.900420E-06,0,0,0,0
Lu_5p12,273,6.40371829E+00,-1.001721E+00,-9.828137E-01,-5.813252E-04,3.031510E-06,0,0,0,0
Lu_5p12,274,6.56791896E+00,-1.001351E+00,-9.829440E-01,-4.480235E-04,2.345361E-06,0,0,0,0
Lu_5p12,275,6.73477513E+00,-1.001056E+00,-9.831324E-01,-3.437462E-04,1.806162E-06,0,0,0,0
Lu_5p12,276,6.90429975E+00,-1.000822E+00,-9.833652E-01,-2.625554E-04,1.384501E-06,0,0,0,0
Lu_5p12,277,7.07650558E+00,-1.000637E+00,-9.836311E-01,-1.996367E-04,1.056362E-06,0,0,0,0
Lu_5p12,278,7.25140519E+00,-1.000492E+00,-9.839210E-01,-1.511079E-04,8.022475E-07,0,0,0,0
Lu_5p12,279,7.42901095E+00,-1.000379E+00,-9.842277E-01,-1.138549E-04,6.064190E-07,0,0,0,0
Lu_5p12,280,7.60933504E+00,-1.000290E+00,-9.845452E-01,-8.539361E-05,4.562462E-07,0,0,0,0
Lu_5p12,281,7.79238945E+00,-1.000221E+00,-9.848689E-01,-6.375276E-05,3.416497E-07,0,0,0,0
Lu_5p12,282,7.97818600E+00,-1.000168E+00,-9.851951E-01,-4.737661E-05,2.546308E-07,0,0,0,0
Lu_5p12,283,8.16673632E+00,-1.000127E+00,-9.855210E-01,-3.504383E-05,1.888784E-07,0,0,0,0
Lu_5p12,284,8.35805186E+00,-1.000096E+00,-9.858445E-01,-2.580082E-05,1.394404E-07,0,0,0,0
Lu_5p12,285,8.55214390E+00,-1.000072E+00,-9.861639E-01,-1.890694E-05,1.024525E-07,0,0,0,0
Lu_5p12,286,8.74902356E+00,-1.000054E+00,-9.864779E-01,-1.379008E-05,7.491655E-08,0,0,0,0
Lu_5p12,287,8.94870178E+00,-1.000040E+00,-9.867857E-01,-1.001065E-05,5.451897E-08,0,0,0,0
Lu_5p12,288,9.15118934E+00,-1.000030E+00,-9.870867E-01,-7.232678E-06,3.948441E-08,0,0,0,0
Lu_5p12,289,9.35649685E+00,-1.000022E+00,-9.873805E-01,-5.200801E-06,2.845805E-08,0,0,0,0
Lu_5p12,290,9.56463477E+00,-1.000016E+00,-9.876668E-01,-3.721927E-06,2.041173E-08,0,0,0,0
Lu_5p12,291,9.77561341E+00,-1.000012E+00,-9.879455E-01,-2.650845E-06,1.456946E-08,0,0,0,0
Lu_5p12,292,9.98944291E+00,-1.000009E+00,-9.882166E-01,-1.878937E-06,1.034879E-08,0,0,0,0
Lu_5p12,293,1.02061333E+01,-1.000006E+00,-9.884801E-01,-1.325393E-06,7.314960E-09,0,0,0,0
Lu_5p12,294,1.04256943E+01,-1.000005E+00,-9.887362E-01,-9.304096E-07,5.145228E-09,0,0,0,0
Lu_5p12,295,1.06481358E+01,-1.000003E+00,-9.889850E-01,-6.499708E-07,3.601318E-09,0,0,0,0
Lu_5p12,296,1.08734673E+01,-1.000002E+00,-9.892266E-01,-4.518527E-07,2.508283E-09,0,0,0,0
Lu_5p12,297,1.11016982E+01,-1.000002E+00,-9.894613E-01,-3.125909E-07,1.738377E-09,0,0,0,0
Lu_5p12,298,1.13328377E+01,-1.000001E+00,-9.896892E-01,-2.151918E-07,1.198831E-09,0,0,0,0
Lu_5p12,299,1.15668951E+01,-1.000001E+00,-9.899106E-01,-1.474138E-07,8.226450E-10,0,0,0,0
Lu_5p12,300,1.18038794E+01,-1.000001E+00,-9.901256E-01,-1.004865E-07,5.616969E-10,0,0,0,0
Lu_5p12,301,1.20437994E+01,-1.000000E+00,-9.903344E-01,-6.815967E-08,3.816111E-10,0,0,0,0
Lu_5p12,302,1.22866639E+01,-1.000000E+00,-9.905374E-01,-4.600357E-08,2.579668E-10,0,0,0,0
Lu_5p12,303,1.25324816E+01,-1.000000E+00,-9.907345E-01,-3.089539E-08,1.735101E-10,0,0,0,0
Lu_5p12,304,1.27812609E+01,-1.000000E+00,-9.909261E-01,-2.064561E-08,1.161178E-10,0,0,0,0
Lu_5p12,305,1.30330103E+01,-1.000000E+00,-9.911124E-01,-1.372739E-08,7.731796E-11,0,0,0,0
Lu_5p12,306,1.32877380E+01,-1.000000E+00,-9.912935E-01,-9.081722E-09,5.122291E-11,0,0,0,0
Lu_5p12,307,1.35454521E+01,-1.000000E+00,-9.914695E-01,-5.978096E-09,3.376331E-11,0,0,0,0
Lu_5p12,308,1.38061608E+01,-1.000000E+00,-9.916408E-01,-3.915311E-09,2.214205E-11,0,0,0,0
Lu_5p12,309,1.40698719E+01,-1.000000E+00,-9.918073E-01,-2.551365E-09,1.444698E-11,0,0,0,0
Lu_5p12,310,1.43365932E+01,-1.000000E+00,-9.919694E-01,-1.654156E-09,9.378177E-12,0,0,0,0
Lu_5p12,311,1.46063325E+01,-1.000000E+00,-9.921271E-01,-1.067020E-09,6.056704E-12,0,0,0,0
Lu_5p12,312,1.48790974E+01,-1.000000E+00,-9.922805E-01,-6.847867E-10,3.891581E-12,0,0,0,0
Lu_5p12,313,1.51548954E+01,-1.000000E+00,-9.924299E-01,-4.372396E-10,2.487613E-12,0,0,0,0
Lu_5p12,314,1.54337338E+01,-1.000000E+00,-9.925754E-01,-2.777537E-10,1.581982E-12,0,0,0,0
Lu_5p12,315,1.57156199E+01,-1.000000E+00,-9.927170E-01,-1.755380E-10,1.000871E-12,0,0,0,0
Lu_5p12,316,1.60005610E+01,-1.000000E+00,-9.928550E-01,-1.103694E-10,6.324859E-13,0,0,0,0
Lu_5p12,317,1.62885642E+01,-1.000000E+00,-9.929894E-01,-6.903783E-11,3.885916E-13,0,0,0,0
Lu_5p32,0,1.40845070E-08,-1.178053E-02,8.875546E+06,2.080403E-13,-3.581719E-18,0,0,0,0
Lu_5p32,1,1.54458033E-08,-1.291915E-02,8.093335E+06,2.500717E-13,-4.722570E-18,0,0,0,0
Lu_5p32,2,1.69386420E-08,-1.416778E-02,7.380075E+06,3.006311E-13,-6.226375E-18,0,0,0,0
Lu_5p32,3,1.85757639E-08,-1.553710E-02,6.729675E+06,3.614459E-13,-8.209040E-18,0,0,0,0
Lu_5p32,4,2.03710783E-08,-1.703873E-02,6.136605E+06,4.345929E-13,-1.082333E-17,0,0,0,0
Lu_5p32,5,2.23399067E-08,-1.868550E-02,5.595802E+06,5.225702E-13,-1.427078E-17,0,0,0,0
Lu_5p32,6,2.44990189E-08,-2.049142E-02,5.102660E+06,6.283823E-13,-1.881715E-17,0,0,0,0
Lu_5p32,7,2.68667586E-08,-2.247184E-02,4.652986E+06,7.556413E-13,-2.481278E-17,0,0,0,0
Lu_5p32,8,2.94633317E-08,-2.464366E-02,4.242940E+06,9.086928E-13,-3.271995E-17,0,0,0,0
Lu_5p32,9,3.23108539E-08,-2.702537E-02,3.869030E+06,1.092762E-12,-4.314820E-17,0,0,0,0
Lu_5p32,10,3.54335170E-08,-2.963723E-02,3.528078E+06,1.314133E-12,-5.690115E-17,0,0,0,0
Lu_5p32,11,3.88579005E-08,-3.250144E-02,3.217179E+06,1.580361E-12,-7.503882E-17,0,0,0,0
Lu_5p32,12,4.26132991E-08,-3.564252E-02,2.933671E+06,1.900537E-12,-9.896006E-17,0,0,0,0
Lu_5p32,13,4.67314733E-08,-3.908704E-02,2.675157E+06,2.285587E-12,-1.305073E-16,0,0,0,0
Lu_5p32,14,5.12476303E-08,-4.286443E-02,2.439424E+06,2.748657E-12,-1.721130E-16,0,0,0,0
Lu_5p32,15,5.62002313E-08,-4.700687E-02,2.224464E+06,3.305552E-12,-2.269844E-16,0,0,0,0
Lu_5p32,16,6.16312403E-08,-5.154947E-02,2.028454E+06,3.975274E-12,-2.993479E-16,0,0,0,0
Lu_5p32,17,6.75872020E-08,-5.653114E-02,1.849713E+06,4.780692E-12,-3.947850E-16,0,0,0,0
Lu_5p32,18,7.41184821E-08,-6.199401E-02,1.686728E+06,5.749281E-12,-5.206454E-16,0,0,0,0
Lu_5p32,19,8.12809116E-08,-6.798480E-02,1.538105E+06,6.914106E-12,-6.866330E-16,0,0,0,0
Lu_5p32,20,8.91353265E-08,-7.455437E-02,1.402580E+06,8.314913E-12,-9.055363E-16,0,0,0,0
Lu_5p32,21,9.77487367E-08,-8.175877E-02,1.278998E+06,9.999511E-12,-1.194229E-15,0,0,0,0
Lu_5p32,22,1.07194113E-07,-8.965905E-02,1.166308E+06,1.202537E-11,-1.574945E-15,0,0,0,0
Lu_5p32,23,1.17552189E-07,-9.832272E-02,1.063548E+06,1.446163E-11,-2.077034E-15,0,0,0,0
Lu_5p32,24,1.28910932E-07,-1.078234E-01,9.698439E+05,1.739141E-11,-2.739174E-15,0,0,0,0
Lu_5p32,25,1.41366993E-07,-1.182418E-01,8.843975E+05,2.091468E-11,-3.612383E-15,0,0,0,0
Lu_5p32,26,1.55026355E-07,-1.296667E-01,8.064811E+05,2.515162E-11,-4.763934E-15,0,0,0,0
Lu_5p32,27,1.70005236E-07,-1.421953E-01,7.354308E+05,3.024680E-11,-6.282545E-15,0,0,0,0
Lu_5p32,28,1.86431075E-07,-1.559342E-01,6.706415E+05,3.637402E-11,-8.285206E-15,0,0,0,0
Lu_5p32,29,2.04443616E-07,-1.710001E-01,6.115614E+05,4.374230E-11,-1.092619E-14,0,0,0,0
Lu_5p32,30,2.24195708E-07,-1.875211E-01,5.576882E+05,5.260293E-11,-1.440887E-14,0,0,0,0
Lu_5p32,31,2.45856126E-07,-2.056382E-01,5.085611E+05,6.325821E-11,-1.900164E-14,0,0,0,0
Lu_5p32,32,2.69608304E-07,-2.255048E-01,4.637636E+05,7.607144E-11,-2.505807E-14,0,0,0,0
Lu_5p32,33,2.95654667E-07,-2.472904E-01,4.229133E+05,9.147966E-11,-3.304472E-14,0,0,0,0
Lu_5p32,34,3.24216193E-07,-2.711796E-01,3.856629E+05,1.100082E-10,-4.357646E-14,0,0,0,0
Lu_5p32,35,3.55536886E-07,-2.973766E-01,3.516939E+05,1.322891E-10,-5.746477E-14,0,0,0,0
Lu_5p32,36,3.89881261E-07,-3.261026E-01,3.207189E+05,1.590817E-10,-7.577825E-14,0,0,0,0
Lu_5p32,37,4.27542511E-07,-3.576028E-01,2.924728E+05,1.912996E-10,-9.992757E-14,0,0,0,0
Lu_5p32,38,4.68840899E-07,-3.921450E-01,2.667152E+05,2.300412E-10,-1.317721E-13,0,0,0,0
Lu_5p32,39,5.14125814E-07,-4.300215E-01,2.432277E+05,2.766268E-10,-1.737621E-13,0,0,0,0
Lu_5p32,40,5.63783777E-07,-4.715555E-01,2.218092E+05,3.326445E-10,-2.291312E-13,0,0,0,0
Lu_5p32,41,6.18235912E-07,-5.170992E-01,2.022780E+05,4.000032E-10,-3.021403E-13,0,0,0,0
Lu_5p32,42,6.77944859E-07,-5.670395E-01,1.844676E+05,4.809983E-10,-3.984084E-13,0,0,0,0
Lu_5p32,43,7.43417883E-07,-6.218005E-01,1.682263E+05,5.783897E-10,-5.253438E-13,0,0,0,0
Lu_5p32,44,8.15209759E-07,-6.818461E-01,1.534163E+05,6.954948E-10,-6.927107E-13,0,0,0,0
Lu_5p32,45,8.93933023E-07,-7.476885E-01,1.399107E+05,8.363040E-10,-9.133931E-13,0,0,0,0
Lu_5p32,46,9.80253329E-07,-8.198841E-01,1.275952E+05,1.005612E-09,-1.204360E-12,0,0,0,0
Lu_5p32,47,1.07490332E-06,-8.990456E-01,1.163648E+05,1.209186E-09,-1.587991E-12,0,0,0,0
Lu_5p32,48,1.17868778E-06,-9.858455E-01,1.061239E+05,1.453957E-09,-2.093797E-12,0,0,0,0
Lu_5p32,49,1.29248727E-06,-1.081020E+00,9.678516E+04,1.748259E-09,-2.760673E-12,0,0,0,0
Lu_5p32,50,1.41726642E-06,-1.185375E+00,8.826928E+04,2.102111E-09,-3.639887E-12,0,0,0,0
Lu_5p32,51,1.55408252E-06,-1.299794E+00,8.050382E+04,2.527556E-09,-4.799019E-12,0,0,0,0
Lu_5p32,52,1.70409879E-06,-1.425248E+00,7.342252E+04,3.039073E-09,-6.327189E-12,0,0,0,0
Lu_5p32,53,1.86858481E-06,-1.562798E+00,6.696524E+04,3.654065E-09,-8.341810E-12,0,0,0,0
Lu_5p32,54,2.04893518E-06,-1.713608E+00,6.107702E+04,4.393452E-09,-1.099768E-11,0,0,0,0
Lu_5p32,55,2.24667680E-06,-1.878953E+00,5.570778E+04,5.282381E-09,-1.449878E-11,0,0,0,0
Lu_5p32,56,2.46348896E-06,-2.060232E+00,5.081174E+04,6.351083E-09,-1.911408E-11,0,0,0,0
Lu_5p32,57,2.70120429E-06,-2.258975E+00,4.634735E+04,7.635885E-09,-2.519788E-11,0,0,0,0
Lu_5p32,58,2.96183615E-06,-2.476857E+00,4.227659E+04,9.180456E-09,-3.321720E-11,0,0,0,0
Lu_5p32,59,3.24759167E-06,-2.715716E+00,3.856484E+04,1.103728E-08,-4.378750E-11,0,0,0,0
Lu_5p32,60,3.56088877E-06,-2.977564E+00,3.518053E+04,1.326943E-08,-5.771970E-11,0,0,0,0
Lu_5p32,61,3.90437587E-06,-3.264600E+00,3.209488E+04,1.595272E-08,-7.608223E-11,0,0,0,0
Lu_5p32,62,4.28096072E-06,-3.579235E+00,2.928164E+04,1.917824E-08,-1.002830E-10,0,0,0,0
Lu_5p32,63,4.69382455E-06,-3.924105E+00,2.671690E+04,2.305546E-08,-1.321767E-10,0,0,0,0
Lu_5p32,64,5.14645651E-06,-4.302092E+00,2.437886E+04,2.771592E-08,-1.742062E-10,0,0,0,0
Lu_5p32,65,5.64267994E-06,-4.716348E+00,2.224764E+04,3.331767E-08,-2.295895E-10,0,0,0,0
Lu_5p32,66,6.18668621E-06,-5.170318E+00,2.030512E+04,4.005061E-08,-3.025650E-10,0,0,0,0
Lu_5p32,67,6.78306446E-06,-5.667761E+00,1.853481E+04,4.814286E-08,-3.987129E-10,0,0,0,0
Lu_5p32,68,7.43684772E-06,-6.212780E+00,1.692167E+04,5.786848E-08,-5.253815E-10,0,0,0,0
Lu_5p32,69,8.15354812E-06,-6.809847E+00,1.545200E+04,6.955667E-08,-6.922430E-10,0,0,0,0
Lu_5p32,70,8.93920529E-06,-7.463830E+00,1.411334E+04,8.360279E-08,-9.120274E-10,0,0,0,0
Lu_5p32,71,9.80043817E-06,-8.180023E+00,1.289434E+04,1.004817E-07,-1.201485E-09,0,0,0,0
Lu_5p32,72,1.07444991E-05,-8.964176E+00,1.178467E+04,1.207635E-07,-1.582651E-09,0,0,0,0
Lu_5p32,73,1.17793295E-05,-9.822511E+00,1.077495E+04,1.451327E-07,-2.084498E-09,0,0,0,0
Lu_5p32,74,1.29136348E-05,-1.076176E+01,9.856670E+03,1.744110E-07,-2.745117E-09,0,0,0,0
Lu_5p32,75,1.41569462E-05,-1.178916E+01,9.022100E+03,2.095847E-07,-3.614550E-09,0,0,0,0
Lu_5p32,76,1.55197075E-05,-1.291250E+01,8.264256E+03,2.518371E-07,-4.758518E-09,0,0,0,0
Lu_5p32,77,1.70133553E-05,-1.414009E+01,7.576839E+03,3.025877E-07,-6.263270E-09,0,0,0,0
Lu_5p32,78,1.86504207E-05,-1.548074E+01,6.954218E+03,3.635390E-07,-8.241921E-09,0,0,0,0
Lu_5p32,79,2.04446227E-05,-1.694375E+01,6.391260E+03,4.367320E-07,-1.084268E-08,0,0,0,0
Lu_5p32,80,2.24109875E-05,-1.853882E+01,5.883520E+03,5.246125E-07,-1.425952E-08,0,0,0,0
Lu_5p32,81,2.45659712E-05,-2.027593E+01,5.427284E+03,6.301105E-07,-1.874603E-08,0,0,0,0
Lu_5p32,82,2.69275913E-05,-2.216516E+01,5.018870E+03,7.567336E-07,-2.463319E-08,0,0,0,0
Lu_5p32,83,2.95155769E-05,-2.421648E+01,4.655748E+03,9.086790E-07,-3.235223E-08,0,0,0,0
Lu_5p32,84,3.23515278E-05,-2.643933E+01,4.335897E+03,1.090965E-06,-4.246374E-08,0,0,0,0
Lu_5p32,85,3.54590885E-05,-2.884216E+01,4.057607E+03,1.309587E-06,-5.569448E-08,0,0,0,0
Lu_5p32,86,3.88641460E-05,-3.143171E+01,3.820346E+03,1.571702E-06,-7.298366E-08,0,0,0,0
Lu_5p32,87,4.25950311E-05,-3.421206E+01,3.624447E+03,1.885845E-06,-9.554004E-08,0,0,0,0
Lu_5p32,88,4.66827539E-05,-3.718335E+01,3.471129E+03,2.262178E-06,-1.249117E-07,0,0,0,0
Lu_5p32,89,5.11612515E-05,-4.034008E+01,3.363171E+03,2.712795E-06,-1.630692E-07,0,0,0,0
Lu_5p32,90,5.60676589E-05,-4.366875E+01,3.305270E+03,3.252060E-06,-2.125009E-07,0,0,0,0
Lu_5p32,91,6.14426048E-05,-4.714482E+01,3.304220E+03,3.897017E-06,-2.763191E-07,0,0,0,0
Lu_5p32,92,6.73305476E-05,-5.072868E+01,3.369675E+03,4.667863E-06,-3.583660E-07,0,0,0,0
Lu_5p32,93,7.37801101E-05,-5.436047E+01,3.514640E+03,5.588502E-06,-4.633059E-07,0,0,0,0
Lu_5p32,94,8.08444839E-05,-5.795353E+01,3.754473E+03,6.687219E-06,-5.966722E-07,0,0,0,0
Lu_5p32,95,8.85818410E-05,-6.138718E+01,4.100158E+03,7.997499E-06,-7.648230E-07,0,0,0,0
Lu_5p32,96,9.70557919E-05,-6.450115E+01,4.524009E+03,9.559066E-06,-9.747360E-07,0,0,0,0
Lu_5p32,97,1.06335888E-04,-6.710130E+01,4.857000E+03,1.141911E-05,-1.233581E-06,0,0,0,0
Lu_5p32,98,1.16498167E-04,-6.900239E+01,4.750119E+03,1.363332E-05,-1.548130E-06,0,0,0,0
Lu_5p32,99,1.27625740E-04,-7.013925E+01,4.025015E+03,1.626766E-05,-1.924505E-06,0,0,0,0
Lu_5p32,100,1.39809443E-04,-7.066706E+01,3.032300E+03,1.940314E-05,-2.369208E-06,0,0,0,0
Lu_5p32,101,1.53148538E-04,-7.085775E+01,2.271314E+03,2.313718E-05,-2.891294E-06,0,0,0,0
Lu_5p32,102,1.67751469E-04,-7.091153E+01,1.846331E+03,2.758281E-05,-3.503894E-06,0,0,0,0
Lu_5p32,103,1.83736702E-04,-7.092048E+01,1.599612E+03,3.287394E-05,-4.224349E-06,0,0,0,0
Lu_5p32,104,2.01233621E-04,-7.091667E+01,1.417322E+03,3.917053E-05,-5.074021E-06,0,0,0,0
Lu_5p32,105,2.20383511E-04,-7.090932E+01,1.261348E+03,4.666264E-05,-6.078452E-06,0,0,0,0
Lu_5p32,106,2.41340621E-04,-7.090062E+01,1.121533E+03,5.557561E-05,-7.267881E-06,0,0,0,0
Lu_5p32,107,2.64273321E-04,-7.089098E+01,9.949151E+02,6.617651E-05,-8.678023E-06,0,0,0,0
Lu_5p32,108,2.89365355E-04,-7.088039E+01,8.801391E+02,7.878177E-05,-1.035107E-05,0,0,0,0
Lu_5p32,109,3.16817200E-04,-7.086877E+01,7.761826E+02,9.376617E-05,-1.233686E-05,0,0,0,0
Lu_5p32,110,3.46847541E-04,-7.085603E+01,6.821310E+02,1.115734E-04,-1.469432E-05,0,0,0,0
Lu_5p32,111,3.79694864E-04,-7.084207E+01,5.971467E+02,1.327282E-04,-1.749309E-05,0,0,0,0
Lu_5p32,112,4.15619192E-04,-7.082677E+01,5.204620E+02,1.578513E-04,-2.081543E-05,0,0,0,0
Lu_5p32,113,4.54903944E-04,-7.080999E+01,4.513737E+02,1.876759E-04,-2.475853E-05,0,0,0,0
Lu_5p32,114,4.97857967E-04,-7.079161E+01,3.892361E+02,2.230676E-04,-2.943711E-05,0,0,0,0
Lu_5p32,115,5.44817717E-04,-7.077148E+01,3.334560E+02,2.650477E-04,-3.498651E-05,0,0,0,0
Lu_5p32,116,5.96149619E-04,-7.074942E+01,2.834875E+02,3.148200E-04,-4.156629E-05,0,0,0,0
Lu_5p32,117,6.52252617E-04,-7.072526E+01,2.388273E+02,3.738020E-04,-4.936442E-05,0,0,0,0
Lu_5p32,118,7.13560914E-04,-7.069881E+01,1.990107E+02,4.436615E-04,-5.860211E-05,0,0,0,0
Lu_5p32,119,7.80546942E-04,-7.066985E+01,1.636079E+02,5.263585E-04,-6.953946E-05,0,0,0,0
Lu_5p32,120,8.53724541E-04,-7.063816E+01,1.322209E+02,6.241939E-04,-8.248194E-05,0,0,0,0
Lu_5p32,121,9.33652389E-04,-7.060348E+01,1.044807E+02,7.398653E-04,-9.778793E-05,0,0,0,0
Lu_5p32,122,1.02093769E-03,-7.056555E+01,8.004505E+01,8.765312E-04,-1.158773E-04,0,0,0,0
Lu_5p32,123,1.11624013E-03,-7.052407E+01,5.859603E+01,1.037885E-03,-1.372415E-04,0,0,0,0
Lu_5p32,124,1.22027613E-03,-7.047871E+01,3.983878E+01,1.228237E-03,-1.624544E-04,0,0,0,0
Lu_5p32,125,1.33382338E-03,-7.042915E+01,2.349988E+01,1.452612E-03,-1.921858E-04,0,0,0,0
Lu_5p32,126,1.45772573E-03,-7.037500E+01,9.326127E+00,1.716854E-03,-2.272155E-04,0,0,0,0
Lu_5p32,127,1.59289840E-03,-7.031586E+01,-2.916405E+00,2.027751E-03,-2.684499E-04,0,0,0,0
Lu_5p32,128,1.74033353E-03,-7.025132E+01,-1.344328E+01,2.393162E-03,-3.169405E-04,0,0,0,0
Lu_5p32,129,1.90110615E-03,-7.018089E+01,-2.245243E+01,2.822174E-03,-3.739044E-04,0,0,0,0
Lu_5p32,130,2.07638050E-03,-7.010410E+01,-3.012491E+01,3.325263E-03,-4.407472E-04,0,0,0,0
Lu_5p32,131,2.26741677E-03,-7.002042E+01,-3.662553E+01,3.914470E-03,-5.190874E-04,0,0,0,0
Lu_5p32,132,2.47557828E-03,-6.992927E+01,-4.210360E+01,4.603597E-03,-6.107845E-04,0,0,0,0
Lu_5p32,133,2.70233906E-03,-6.983007E+01,-4.669358E+01,5.408411E-03,-7.179672E-04,0,0,0,0
Lu_5p32,134,2.94929195E-03,-6.972219E+01,-5.051592E+01,6.346855E-03,-8.430650E-04,0,0,0,0
Lu_5p32,135,3.21815711E-03,-6.960495E+01,-5.367778E+01,7.439267E-03,-9.888403E-04,0,0,0,0
Lu_5p32,136,3.51079106E-03,-6.947767E+01,-5.627394E+01,8.708596E-03,-1.158421E-03,0,0,0,0
Lu_5p32,137,3.82919619E-03,-6.933960E+01,-5.838764E+01,1.018061E-02,-1.355334E-03,0,0,0,0
Lu_5p32,138,4.17553074E-03,-6.918999E+01,-6.009153E+01,1.188406E-02,-1.583536E-03,0,0,0,0
Lu_5p32,139,4.55211944E-03,-6.902805E+01,-6.144855E+01,1.385088E-02,-1.847440E-03,0,0,0,0
Lu_5p32,140,4.96146447E-03,-6.885296E+01,-6.251288E+01,1.611619E-02,-2.151944E-03,0,0,0,0
Lu_5p32,141,5.40625706E-03,-6.866388E+01,-6.333086E+01,1.871841E-02,-2.502438E-03,0,0,0,0
Lu_5p32,142,5.88938963E-03,-6.845996E+01,-6.394180E+01,2.169909E-02,-2.904815E-03,0,0,0,0
Lu_5p32,143,6.41396839E-03,-6.824032E+01,-6.437887E+01,2.510270E-02,-3.365460E-03,0,0,0,0
Lu_5p32,144,6.98332646E-03,-6.800407E+01,-6.466984E+01,2.897623E-02,-3.891219E-03,0,0,0,0
Lu_5p32,145,7.60103751E-03,-6.775030E+01,-6.483782E+01,3.336853E-02,-4.489345E-03,0,0,0,0
Lu_5p32,146,8.27092988E-03,-6.747811E+01,-6.490189E+01,3.832942E-02,-5.167419E-03,0,0,0,0
Lu_5p32,147,8.99710118E-03,-6.718657E+01,-6.487768E+01,4.390839E-02,-5.933226E-03,0,0,0,0
Lu_5p32,148,9.78393329E-03,-6.687474E+01,-6.477793E+01,5.015302E-02,-6.794594E-03,0,0,0,0
Lu_5p32,149,1.06361078E-02,-6.654167E+01,-6.461289E+01,5.710687E-02,-7.759178E-03,0,0,0,0
Lu_5p32,150,1.15586218E-02,-6.618641E+01,-6.439076E+01,6.480687E-02,-8.834195E-03,0,0,0,0
Lu_5p32,151,1.25568040E-02,-6.580796E+01,-6.411802E+01,7.328020E-02,-1.002608E-02,0,0,0,0
Lu_5p32,152,1.36363313E-02,-6.540535E+01,-6.379971E+01,8.254057E-02,-1.134011E-02,0,0,0,0
Lu_5p32,153,1.48032451E-02,-6.497756E+01,-6.343968E+01,9.258385E-02,-1.277987E-02,0,0,0,0
Lu_5p32,154,1.60639684E-02,-6.452362E+01,-6.304086E+01,1.033832E-01,-1.434681E-02,0,0,0,0
Lu_5p32,155,1.74253227E-02,-6.404254E+01,-6.260539E+01,1.148838E-01,-1.603953E-02,0,0,0,0
Lu_5p32,156,1.88945447E-02,-6.353341E+01,-6.213477E+01,1.269967E-01,-1.785319E-02,0,0,0,0
Lu_5p32,157,2.04793037E-02,-6.299539E+01,-6.163009E+01,1.395933E-01,-1.977881E-02,0,0,0,0
Lu_5p32,158,2.21877176E-02,-6.242773E+01,-6.109207E+01,1.524992E-01,-2.180253E-02,0,0,0,0
Lu_5p32,159,2.40283703E-02,-6.182981E+01,-6.052116E+01,1.654888E-01,-2.390496E-02,0,0,0,0
Lu_5p32,160,2.60103273E-02,-6.120111E+01,-5.991767E+01,1.782808E-01,-2.606057E-02,0,0,0,0
Lu_5p32,161,2.81431521E-02,-6.054115E+01,-5.928175E+01,1.905349E-01,-2.823716E-02,0,0,0,0
Lu_5p32,162,3.04369210E-02,-5.984944E+01,-5.861345E+01,2.018511E-01,-3.039559E-02,0,0,0,0
Lu_5p32,163,3.29022384E-02,-5.912547E+01,-5.791265E+01,2.117716E-01,-3.248963E-02,0,0,0,0
Lu_5p32,164,3.55502504E-02,-5.836870E+01,-5.717917E+01,2.197857E-01,-3.446627E-02,0,0,0,0
Lu_5p32,165,3.83926583E-02,-5.757864E+01,-5.641276E+01,2.253402E-01,-3.626629E-02,0,0,0,0
Lu_5p32,166,4.14417311E-02,-5.675496E+01,-5.561322E+01,2.278534E-01,-3.782537E-02,0,0,0,0
Lu_5p32,167,4.47103165E-02,-5.589759E+01,-5.478053E+01,2.267359E-01,-3.908013E-02,0,0,0,0
Lu_5p32,168,4.82118514E-02,-5.500674E+01,-5.391492E+01,2.214159E-01,-3.995820E-02,0,0,0,0
Lu_5p32,169,5.19603709E-02,-5.408297E+01,-5.301688E+01,2.113704E-01,-4.039202E-02,0,0,0,0
Lu_5p32,170,5.59705163E-02,-5.312708E+01,-5.208717E+01,1.961613E-01,-4.031848E-02,0,0,0,0
Lu_5p32,171,6.02575411E-02,-5.214002E+01,-5.112669E+01,1.754750E-01,-3.968251E-02,0,0,0,0
Lu_5p32,172,6.48373163E-02,-5.112282E+01,-5.013644E+01,1.491640E-01,-3.844073E-02,0,0,0,0
Lu_5p32,173,6.97263340E-02,-5.007654E+01,-4.911743E+01,1.172876E-01,-3.656521E-02,0,0,0,0
Lu_5p32,174,7.49417091E-02,-4.900230E+01,-4.807073E+01,8.014995E-02,-3.404707E-02,0,0,0,0
Lu_5p32,175,8.05011798E-02,-4.790126E+01,-4.699747E+01,3.833021E-02,-3.089951E-02,0,0,0,0
Lu_5p32,176,8.64231061E-02,-4.677502E+01,-4.589918E+01,-7.297143E-03,-2.716024E-02,0,0,0,0
Lu_5p32,177,9.27264671E-02,-4.562538E+01,-4.477757E+01,-5.555667E-02,-2.289273E-02,0,0,0,0
Lu_5p32,178,9.94308562E-02,-4.445469E+01,-4.363489E+01,-1.049837E-01,-1.818620E-02,0,0,0,0
Lu_5p32,179,1.06556475E-01,-4.326541E+01,-4.247351E+01,-1.538562E-01,-1.315408E-02,0,0,0,0
Lu_5p32,180,1.14124124E-01,-4.205996E+01,-4.129577E+01,-2.002478E-01,-7.930927E-03,0,0,0,0
Lu_5p32,181,1.22155196E-01,-4.084052E+01,-4.010381E+01,-2.421018E-01,-2.667751E-03,0,0,0,0
Lu_5p32,182,1.30671661E-01,-3.960930E+01,-3.889979E+01,-2.773253E-01,2.473997E-03,0,0,0,0
Lu_5p32,183,1.39696055E-01,-3.836869E+01,-3.768605E+01,-3.038981E-01,7.329648E-03,0,0,0,0
Lu_5p32,184,1.49251467E-01,-3.712155E+01,-3.646541E+01,-3.199920E-01,1.173933E-02,0,0,0,0
Lu_5p32,185,1.59361522E-01,-3.587132E+01,-3.524120E+01,-3.240917E-01,1.555631E-02,0,0,0,0
Lu_5p32,186,1.70050362E-01,-3.462150E+01,-3.401689E+01,-3.151108E-01,1.865491E-02,0,0,0,0
Lu_5p32,187,1.81342630E-01,-3.337542E+01,-3.279572E+01,-2.924921E-01,2.093758E-02,0,0,0,0
Lu_5p32,188,1.93263449E-01,-3.213569E+01,-3.158030E+01,-2.562846E-01,2.234033E-02,0,0,0,0
Lu_5p32,189,2.05838402E-01,-3.090408E+01,-3.037233E+01,-2.071903E-01,2.283647E-02,0,0,0,0
Lu_5p32,190,2.19093507E-01,-2.968140E+01,-2.917261E+01,-1.465748E-01,2.243807E-02,0,0,0,0
Lu_5p32,191,2.33055201E-01,-2.846816E+01,-2.798166E+01,-7.643781E-02,2.119549E-02,0,0,0,0
Lu_5p32,192,2.47750307E-01,-2.726489E+01,-2.679996E+01,6.567466E-04,1.919462E-02,0,0,0,0
Lu_5p32,193,2.63206019E-01,-2.607291E+01,-2.562885E+01,8.168990E-02,1.655207E-02,0,0,0,0
Lu_5p32,194,2.79449870E-01,-2.489435E+01,-2.447042E+01,1.633290E-01,1.340849E-02,0,0,0,0
Lu_5p32,195,2.96509710E-01,-2.373169E+01,-2.332713E+01,2.420928E-01,9.920423E-03,0,0,0,0
Lu_5p32,196,3.14413681E-01,-2.258696E+01,-2.220100E+01,3.145287E-01,6.251457E-03,0,0,0,0
Lu_5p32,197,3.33190188E-01,-2.146130E+01,-2.109320E+01,3.773896E-01,2.563408E-03,0,0,0,0
Lu_5p32,198,3.52867877E-01,-2.035548E+01,-2.000453E+01,4.277998E-01,-9.918834E-04,0,0,0,0
Lu_5p32,199,3.73475605E-01,-1.927067E+01,-1.893617E+01,4.633978E-01,-4.279755E-03,0,0,0,0
Lu_5p32,200,3.95042416E-01,-1.820943E+01,-1.789069E+01,4.824458E-01,-7.188618E-03,0,0,0,0
Lu_5p32,201,4.17597515E-01,-1.717551E+01,-1.687185E+01,4.838994E-01,-9.634147E-03,0,0,0,0
Lu_5p32,202,4.41170244E-01,-1.617347E+01,-1.588422E+01,4.674314E-01,-1.156137E-02,0,0,0,0
Lu_5p32,203,4.65790054E-01,-1.520802E+01,-1.493253E+01,4.334130E-01,-1.294460E-02,0,0,0,0
Lu_5p32,204,4.91486481E-01,-1.428334E+01,-1.402097E+01,3.828558E-01,-1.378526E-02,0,0,0,0
Lu_5p32,205,5.18289124E-01,-1.340261E+01,-1.315275E+01,3.173251E-01,-1.410824E-02,0,0,0,0
Lu_5p32,206,5.46227617E-01,-1.256783E+01,-1.232987E+01,2.388332E-01,-1.395720E-02,0,0,0,0
Lu_5p32,207,5.75331612E-01,-1.177967E+01,-1.155305E+01,1.497224E-01,-1.338951E-02,0,0,0,0
Lu_5p32,208,6.05630751E-01,-1.103791E+01,-1.082206E+01,5.254631E-02,-1.247126E-02,0,0,0,0
Lu_5p32,209,6.37154647E-01,-1.034137E+01,-1.013575E+01,-5.004374E-02,-1.127284E-02,0,0,0,0
Lu_5p32,210,6.69932864E-01,-9.688292E+00,-9.492398E+00,-1.554031E-01,-9.865065E-03,0,0,0,0
Lu_5p32,211,7.03994894E-01,-9.076812E+00,-8.890143E+00,-2.609851E-01,-8.316103E-03,0,0,0,0
Lu_5p32,212,7.39370141E-01,-8.504780E+00,-8.326863E+00,-3.644172E-01,-6.689106E-03,0,0,0,0
Lu_5p32,213,7.76087899E-01,-7.970104E+00,-7.800486E+00,-4.635614E-01,-5.040549E-03,0,0,0,0
Lu_5p32,214,8.14177341E-01,-7.470733E+00,-7.308980E+00,-5.565582E-01,-3.419170E-03,0,0,0,0
Lu_5p32,215,8.53667493E-01,-7.004632E+00,-6.850333E+00,-6.418544E-01,-1.865458E-03,0,0,0,0
Lu_5p32,216,8.94587226E-01,-6.569778E+00,-6.422541E+00,-7.182173E-01,-4.116008E-04,0,0,0,0
Lu_5p32,217,9.36965239E-01,-6.164163E+00,-6.023616E+00,-7.847351E-01,9.182026E-04,0,0,0,0
Lu_5p32,218,9.80830042E-01,-5.785828E+00,-5.651619E+00,-8.408078E-01,2.107166E-03,0,0,0,0
Lu_5p32,219,1.02620995E+00,-5.432904E+00,-5.304700E+00,-8.861287E-01,3.145165E-03,0,0,0,0
Lu_5p32,220,1.07313306E+00,-5.103643E+00,-4.981127E+00,-9.206592E-01,4.027893E-03,0,0,0,0
Lu_5p32,221,1.12162725E+00,-4.796473E+00,-4.679348E+00,-9.445998E-01,4.755984E-03,0,0,0,0
Lu_5p32,222,1.17172015E+00,-4.509912E+00,-4.397896E+00,-9.583563E-01,5.334113E-03,0,0,0,0
Lu_5p32,223,1.22343919E+00,-4.242643E+00,-4.135470E+00,-9.625055E-01,5.770156E-03,0,0,0,0
Lu_5p32,224,1.27681148E+00,-3.993417E+00,-3.890836E+00,-9.577603E-01,6.074403E-03,0,0,0,0
Lu_5p32,225,1.33186393E+00,-3.761051E+00,-3.662824E+00,-9.449353E-01,6.258806E-03,0,0,0,0
Lu_5p32,226,1.38862315E+00,-3.544410E+00,-3.450314E+00,-9.249152E-01,6.336338E-03,0,0,0,0
Lu_5p32,227,1.44711548E+00,-3.342396E+00,-3.252220E+00,-8.986251E-01,6.320439E-03,0,0,0,0
Lu_5p32,228,1.50736699E+00,-3.153955E+00,-3.067500E+00,-8.670045E-01,6.224550E-03,0,0,0,0
Lu_5p32,229,1.56940344E+00,-2.978073E+00,-2.895151E+00,-8.309850E-01,6.061747E-03,0,0,0,0
Lu_5p32,230,1.63325033E+00,-2.813800E+00,-2.734234E+00,-7.914709E-01,5.844463E-03,0,0,0,0
Lu_5p32,231,1.69893283E+00,-2.660255E+00,-2.583878E+00,-7.493240E-01,5.584285E-03,0,0,0,0
Lu_5p32,232,1.76647584E+00,-2.516639E+00,-2.443293E+00,-7.053507E-01,5.291818E-03,0,0,0,0
Lu_5p32,233,1.83590395E+00,-2.382246E+00,-2.311782E+00,-6.602934E-01,4.976610E-03,0,0,0,0
Lu_5p32,234,1.90724144E+00,-2.256463E+00,-2.188742E+00,-6.148234E-01,4.647114E-03,0,0,0,0
Lu_5p32,235,1.98051228E+00,-2.138770E+00,-2.073658E+00,-5.695372E-01,4.310694E-03,0,0,0,0
Lu_5p32,236,2.05574015E+00,-2.028725E+00,-1.966097E+00,-5.249541E-01,3.973645E-03,0,0,0,0
Lu_5p32,237,2.13294840E+00,-1.925951E+00,-1.865688E+00,-4.815167E-01,3.641246E-03,0,0,0,0
Lu_5p32,238,2.21216008E+00,-1.830112E+00,-1.772103E+00,-4.395924E-01,3.317816E-03,0,0,0,0
Lu_5p32,239,2.29339794E+00,-1.740893E+00,-1.685031E+00,-3.994768E-01,3.006788E-03,0,0,0,0
Lu_5p32,240,2.37668441E+00,-1.657974E+00,-1.604160E+00,-3.613978E-01,2.710783E-03,0,0,0,0
Lu_5p32,241,2.46204160E+00,-1.581013E+00,-1.529153E+00,-3.255214E-01,2.431694E-03,0,0,0,0
Lu_5p32,242,2.54949133E+00,-1.510614E+00,-1.460618E+00,-2.919571E-01,2.170812E-03,0,0,0,0
Lu_5p32,243,2.63905511E+00,-1.447346E+00,-1.399129E+00,-2.607633E-01,1.928928E-03,0,0,0,0
Lu_5p32,244,2.73075413E+00,-1.390683E+00,-1.344164E+00,-2.319523E-01,1.706352E-03,0,0,0,0
Lu_5p32,245,2.82460929E+00,-1.340113E+00,-1.295216E+00,-2.054982E-01,1.502962E-03,0,0,0,0
Lu_5p32,246,2.92064119E+00,-1.295138E+00,-1.251791E+00,-1.813435E-01,1.318296E-03,0,0,0,0
Lu_5p32,247,3.01887011E+00,-1.255280E+00,-1.213416E+00,-1.594058E-01,1.151632E-03,0,0,0,0
Lu_5p32,248,3.11931605E+00,-1.220084E+00,-1.179637E+00,-1.395834E-01,1.002059E-03,0,0,0,0
Lu_5p32,249,3.22199870E+00,-1.189114E+00,-1.150023E+00,-1.217607E-01,8.685362E-04,0,0,0,0
Lu_5p32,250,3.32693748E+00,-1.161962E+00,-1.124169E+00,-1.058125E-01,7.499429E-04,0,0,0,0
Lu_5p32,251,3.43415149E+00,-1.138242E+00,-1.101692E+00,-9.160793E-02,6.451176E-04,0,0,0,0
Lu_5p32,252,3.54365956E+00,-1.117598E+00,-1.082237E+00,-7.901374E-02,5.528919E-04,0,0,0,0
Lu_5p32,253,3.65548024E+00,-1.099695E+00,-1.065474E+00,-6.789700E-02,4.721150E-04,0,0,0,0
Lu_5p32,254,3.76963178E+00,-1.084227E+00,-1.051099E+00,-5.812725E-02,4.016738E-04,0,0,0,0
Lu_5p32,255,3.88613217E+00,-1.070913E+00,-1.038832E+00,-4.957823E-02,3.405067E-04,0,0,0,0
Lu_5p32,256,4.00499912E+00,-1.059495E+00,-1.028419E+00,-4.212923E-02,2.876138E-04,0,0,0,0
Lu_5p32,257,4.12625005E+00,-1.049740E+00,-1.019628E+00,-3.566606E-02,2.420628E-04,0,0,0,0
Lu_5p32,258,4.24990215E+00,-1.041437E+00,-1.012250E+00,-3.008170E-02,2.029931E-04,0,0,0,0
Lu_5p32,259,4.37597231E+00,-1.034397E+00,-1.006098E+00,-2.527671E-02,1.696162E-04,0,0,0,0
Lu_5p32,260,4.50447717E+00,-1.028451E+00,-1.001005E+00,-2.115945E-02,1.412157E-04,0,0,0,0
Lu_5p32,261,4.63543312E+00,-1.023448E+00,-9.968211E-01,-1.764605E-02,1.171448E-04,0,0,0,0
Lu_5p32,262,4.76885630E+00,-1.019254E+00,-9.934149E-01,-1.466030E-02,9.682355E-05,0,0,0,0
Lu_5p32,263,4.90476257E+00,-1.015752E+00,-9.906704E-01,-1.213342E-02,7.973516E-05,0,0,0,0
Lu_5p32,264,5.04316759E+00,-1.012840E+00,-9.884863E-01,-1.000369E-02,6.542163E-05,0,0,0,0
Lu_5p32,265,5.18408673E+00,-1.010427E+00,-9.867740E-01,-8.216108E-03,5.347939E-05,0,0,0,0
Lu_5p32,266,5.32753516E+00,-1.008436E+00,-9.854572E-01,-6.721901E-03,4.355477E-05,0,0,0,0
Lu_5p32,267,5.47352778E+00,-1.006800E+00,-9.844696E-01,-5.478094E-03,3.533940E-05,0,0,0,0
Lu_5p32,268,5.62207929E+00,-1.005460E+00,-9.837547E-01,-4.447022E-03,2.856582E-05,0,0,0,0
Lu_5p32,269,5.77320413E+00,-1.004368E+00,-9.832640E-01,-3.595859E-03,2.300316E-05,0,0,0,0
Lu_5p32,270,5.92691655E+00,-1.003481E+00,-9.829565E-01,-2.896146E-03,1.845318E-05,0,0,0,0
Lu_5p32,271,6.08323056E+00,-1.002763E+00,-9.827976E-01,-2.323346E-03,1.474644E-05,0,0,0,0
Lu_5p32,272,6.24215994E+00,-1.002185E+00,-9.827581E-01,-1.856409E-03,1.173881E-05,0,0,0,0
Lu_5p32,273,6.40371829E+00,-1.001721E+00,-9.828137E-01,-1.477376E-03,9.308335E-06,0,0,0,0
Lu_5p32,274,6.56791896E+00,-1.001351E+00,-9.829440E-01,-1.171000E-03,7.352240E-06,0,0,0,0
Lu_5p32,275,6.73477513E+00,-1.001056E+00,-9.831324E-01,-9.244062E-04,5.784380E-06,0,0,0,0
Lu_5p32,276,6.90429975E+00,-1.000822E+00,-9.833652E-01,-7.267748E-04,4.532865E-06,0,0,0,0
Lu_5p32,277,7.07650558E+00,-1.000637E+00,-9.836311E-01,-5.690619E-04,3.537997E-06,0,0,0,0
Lu_5p32,278,7.25140519E+00,-1.000492E+00,-9.839210E-01,-4.437448E-04,2.750430E-06,0,0,0,0
Lu_5p32,279,7.42901095E+00,-1.000379E+00,-9.842277E-01,-3.445981E-04,2.129571E-06,0,0,0,0
Lu_5p32,280,7.60933504E+00,-1.000290E+00,-9.845452E-01,-2.664956E-04,1.642187E-06,0,0,0,0
Lu_5p32,281,7.79238945E+00,-1.000221E+00,-9.848689E-01,-2.052376E-04,1.261194E-06,0,0,0,0
Lu_5p32,282,7.97818600E+00,-1.000168E+00,-9.851951E-01,-1.574002E-04,9.646303E-07,0,0,0,0
Lu_5p32,283,8.16673632E+00,-1.000127E+00,-9.855210E-01,-1.202063E-04,7.347682E-07,0,0,0,0
Lu_5p32,284,8.35805186E+00,-1.000096E+00,-9.858445E-01,-9.141462E-05,5.573669E-07,0,0,0,0
Lu_5p32,285,8.55214390E+00,-1.000072E+00,-9.861639E-01,-6.922495E-05,4.210410E-07,0,0,0,0
Lu_5p32,286,8.74902356E+00,-1.000054E+00,-9.864779E-01,-5.219883E-05,3.167317E-07,0,0,0,0
Lu_5p32,287,8.94870178E+00,-1.000040E+00,-9.867857E-01,-3.919250E-05,2.372651E-07,0,0,0,0
Lu_5p32,288,9.15118934E+00,-1.000030E+00,-9.870867E-01,-2.930096E-05,1.769877E-07,0,0,0,0
Lu_5p32,289,9.35649685E+00,-1.000022E+00,-9.873805E-01,-2.181176E-05,1.314653E-07,0,0,0,0
Lu_5p32,290,9.56463477E+00,-1.000016E+00,-9.876668E-01,-1.616674E-05,9.723671E-08,0,0,0,0
Lu_5p32,291,9.77561341E+00,-1.000012E+00,-9.879455E-01,-1.193082E-05,7.161306E-08,0,0,0,0
Lu_5p32,292,9.98944291E+00,-1.000009E+00,-9.882166E-01,-8.766528E-06,5.251575E-08,0,0,0,0
Lu_5p32,293,1.02061333E+01,-1.000006E+00,-9.884801E-01,-6.413395E-06,3.834553E-08,0,0,0,0
Lu_5p32,294,1.04256943E+01,-1.000005E+00,-9.887362E-01,-4.671377E-06,2.787793E-08,0,0,0,0
Lu_5p32,295,1.06481358E+01,-1.000003E+00,-9.889850E-01,-3.387599E-06,2.017992E-08,0,0,0,0
Lu_5p32,296,1.08734673E+01,-1.000002E+00,-9.892266E-01,-2.445813E-06,1.454403E-08,0,0,0,0
Lu_5p32,297,1.11016982E+01,-1.000002E+00,-9.894613E-01,-1.758055E-06,1.043637E-08,0,0,0,0
Lu_5p32,298,1.13328377E+01,-1.000001E+00,-9.896892E-01,-1.258095E-06,7.456012E-09,0,0,0,0
Lu_5p32,299,1.15668951E+01,-1.000001E+00,-9.899106E-01,-8.963149E-07,5.303343E-09,0,0,0,0
Lu_5p32,300,1.18038794E+01,-1.000001E+00,-9.901256E-01,-6.357231E-07,3.755539E-09,0,0,0,0
Lu_5p32,301,1.20437994E+01,-1.000000E+00,-9.903344E-01,-4.488797E-07,2.647694E-09,0,0,0,0
Lu_5p32,302,1.22866639E+01,-1.000000E+00,-9.905374E-01,-3.155301E-07,1.858361E-09,0,0,0,0
Lu_5p32,303,1.25324816E+01,-1.000000E+00,-9.907345E-01,-2.207980E-07,1.298532E-09,0,0,0,0
Lu_5p32,304,1.27812609E+01,-1.000000E+00,-9.909261E-01,-1.538110E-07,9.032961E-10,0,0,0,0
Lu_5p32,305,1.30330103E+01,-1.000000E+00,-9.911124E-01,-1.066626E-07,6.255414E-10,0,0,0,0
Lu_5p32,306,1.32877380E+01,-1.000000E+00,-9.912935E-01,-7.363165E-08,4.312456E-10,0,0,0,0
Lu_5p32,307,1.35454521E+01,-1.000000E+00,-9.914695E-01,-5.059866E-08,2.959582E-10,0,0,0,0
Lu_5p32,308,1.38061608E+01,-1.000000E+00,-9.916408E-01,-3.461231E-08,2.021936E-10,0,0,0,0
Lu_5p32,309,1.40698719E+01,-1.000000E+00,-9.918073E-01,-2.356862E-08,1.375088E-10,0,0,0,0
Lu_5p32,310,1.43365932E+01,-1.000000E+00,-9.919694E-01,-1.597515E-08,9.309230E-11,0,0,0,0
Lu_5p32,311,1.46063325E+01,-1.000000E+00,-9.921271E-01,-1.077849E-08,6.273534E-11,0,0,0,0
Lu_5p32,312,1.48790974E+01,-1.000000E+00,-9.922805E-01,-7.238830E-09,4.208434E-11,0,0,0,0
Lu_5p32,313,1.51548954E+01,-1.000000E+00,-9.924299E-01,-4.839178E-09,2.810176E-11,0,0,0,0
Lu_5p32,314,1.54337338E+01,-1.000000E+00,-9.925754E-01,-3.220052E-09,1.867868E-11,0,0,0,0
Lu_5p32,315,1.57156199E+01,-1.000000E+00,-9.927170E-01,-2.132739E-09,1.235815E-11,0,0,0,0
Lu_5p32,316,1.60005610E+01,-1.000000E+00,-9.928550E-01,-1.406020E-09,8.138614E-12,0,0,0,0
Lu_5p32,317,1.62885642E+01,-1.000000E+00,-9.929894E-01,-9.226131E-10,5.334974E-12,0,0,0,0
Lu_5p32,318,1.65796363E+01,-1.000000E+00,-9.931203E-01,-6.025845E-10,3.480922E-12,0,0,0,0
Lu_5p32,319,1.68737845E+01,-1.000000E+00,-9.932479E-01,-3.917257E-10,2.260641E-12,0,0,0,0
Lu_5p32,320,1.71710153E+01,-1.000000E+00,-9.933723E-01,-2.534590E-10,1.461302E-12,0,0,0,0
Lu_5p32,321,1.74713357E+01,-1.000000E+00,-9.934935E-01,-1.632265E-10,9.401874E-13,0,0,0,0
Lu_5p32,322,1.77747521E+01,-1.000000E+00,-9.936117E-01,-1.046229E-10,6.038782E-13,0,0,0,0
Lu_5p32,323,1.80812712E+01,-1.000000E+00,-9.937270E-01,-6.674398E-11,3.796031E-13,0,0,0,0
Lu_5s12,0,1.40845070E-08,-1.178053E-02,8.875546E+06,1.198767E-06,-3.439712E-11,0,0,0,0
Lu_5s12,1,1.54458033E-08,-1.291915E-02,8.093335E+06,1.314608E-06,-4.136263E-11,0,0,0,0
Lu_5s12,2,1.69386420E-08,-1.416778E-02,7.380075E+06,1.441643E-06,-4.973973E-11,0,0,0,0
Lu_5s12,3,1.85757639E-08,-1.553710E-02,6.729675E+06,1.580956E-06,-5.981459E-11,0,0,0,0
Lu_5s12,4,2.03710783E-08,-1.703873E-02,6.136605E+06,1.733731E-06,-7.193095E-11,0,0,0,0
Lu_5s12,5,2.23399067E-08,-1.868550E-02,5.595802E+06,1.901271E-06,-8.650267E-11,0,0,0,0
Lu_5s12,6,2.44990189E-08,-2.049142E-02,5.102660E+06,2.085003E-06,-1.040273E-10,0,0,0,0
Lu_5s12,7,2.68667586E-08,-2.247184E-02,4.652986E+06,2.286489E-06,-1.251026E-10,0,0,0,0
Lu_5s12,8,2.94633317E-08,-2.464366E-02,4.242940E+06,2.507447E-06,-1.504486E-10,0,0,0,0
Lu_5s12,9,3.23108539E-08,-2.702537E-02,3.869030E+06,2.749759E-06,-1.809304E-10,0,0,0,0
Lu_5s12,10,3.54335170E-08,-2.963723E-02,3.528078E+06,3.015486E-06,-2.175881E-10,0,0,0,0
Lu_5s12,11,3.88579005E-08,-3.250144E-02,3.217179E+06,3.306890E-06,-2.616726E-10,0,0,0,0
Lu_5s12,12,4.26132991E-08,-3.564252E-02,2.933671E+06,3.626457E-06,-3.146908E-10,0,0,0,0
Lu_5s12,13,4.67314733E-08,-3.908704E-02,2.675157E+06,3.976900E-06,-3.784492E-10,0,0,0,0
Lu_5s12,14,5.12476303E-08,-4.286443E-02,2.439424E+06,4.361207E-06,-4.551262E-10,0,0,0,0
Lu_5s12,15,5.62002313E-08,-4.700687E-02,2.224464E+06,4.782653E-06,-5.473393E-10,0,0,0,0
Lu_5s12,16,6.16312403E-08,-5.154947E-02,2.028454E+06,5.244814E-06,-6.582317E-10,0,0,0,0
Lu_5s12,17,6.75872020E-08,-5.653114E-02,1.849713E+06,5.751640E-06,-7.915948E-10,0,0,0,0
Lu_5s12,18,7.41184821E-08,-6.199401E-02,1.686728E+06,6.307430E-06,-9.519724E-10,0,0,0,0
Lu_5s12,19,8.12809116E-08,-6.798480E-02,1.538105E+06,6.916924E-06,-1.144843E-09,0,0,0,0
Lu_5s12,20,8.91353265E-08,-7.455437E-02,1.402580E+06,7.585305E-06,-1.376786E-09,0,0,0,0
Lu_5s12,21,9.77487367E-08,-8.175877E-02,1.278998E+06,8.318269E-06,-1.655721E-09,0,0,0,0
Lu_5s12,22,1.07194113E-07,-8.965905E-02,1.166308E+06,9.122038E-06,-1.991155E-09,0,0,0,0
Lu_5s12,23,1.17552189E-07,-9.832272E-02,1.063548E+06,1.000347E-05,-2.394546E-09,0,0,0,0
Lu_5s12,24,1.28910932E-07,-1.078234E-01,9.698439E+05,1.097005E-05,-2.879650E-09,0,0,0,0
Lu_5s12,25,1.41366993E-07,-1.182418E-01,8.843975E+05,1.203001E-05,-3.463020E-09,0,0,0,0
Lu_5s12,26,1.55026355E-07,-1.296667E-01,8.064811E+05,1.319237E-05,-4.164557E-09,0,0,0,0
Lu_5s12,27,1.70005236E-07,-1.421953E-01,7.354308E+05,1.446702E-05,-5.008196E-09,0,0,0,0
Lu_5s12,28,1.86431075E-07,-1.559342E-01,6.706415E+05,1.586479E-05,-6.022715E-09,0,0,0,0
Lu_5s12,29,2.04443616E-07,-1.710001E-01,6.115614E+05,1.739759E-05,-7.242723E-09,0,0,0,0
Lu_5s12,30,2.24195708E-07,-1.875211E-01,5.576882E+05,1.907842E-05,-8.709807E-09,0,0,0,0
Lu_5s12,31,2.45856126E-07,-2.056382E-01,5.085611E+05,2.092163E-05,-1.047407E-08,0,0,0,0
Lu_5s12,32,2.69608304E-07,-2.255048E-01,4.637636E+05,2.294285E-05,-1.259560E-08,0,0,0,0
Lu_5s12,33,2.95654667E-07,-2.472904E-01,4.229133E+05,2.515929E-05,-1.514681E-08,0,0,0,0
Lu_5s12,34,3.24216193E-07,-2.711796E-01,3.856629E+05,2.758978E-05,-1.821464E-08,0,0,0,0
Lu_5s12,35,3.55536886E-07,-2.973766E-01,3.516939E+05,3.025502E-05,-2.190382E-08,0,0,0,0
Lu_5s12,36,3.89881261E-07,-3.261026E-01,3.207189E+05,3.317761E-05,-2.633993E-08,0,0,0,0
Lu_5s12,37,4.27542511E-07,-3.576028E-01,2.924728E+05,3.638242E-05,-3.167437E-08,0,0,0,0
Lu_5s12,38,4.68840899E-07,-3.921450E-01,2.667152E+05,3.989672E-05,-3.808901E-08,0,0,0,0
Lu_5s12,39,5.14125814E-07,-4.300215E-01,2.432277E+05,4.375030E-05,-4.580225E-08,0,0,0,0
Lu_5s12,40,5.63783777E-07,-4.715555E-01,2.218092E+05,4.797597E-05,-5.507728E-08,0,0,0,0
Lu_5s12,41,6.18235912E-07,-5.170992E-01,2.022780E+05,5.260960E-05,-6.623004E-08,0,0,0,0
Lu_5s12,42,6.77944859E-07,-5.670395E-01,1.844676E+05,5.769056E-05,-7.964059E-08,0,0,0,0
Lu_5s12,43,7.43417883E-07,-6.218005E-01,1.682263E+05,6.326200E-05,-9.576588E-08,0,0,0,0
Lu_5s12,44,8.15209759E-07,-6.818461E-01,1.534163E+05,6.937118E-05,-1.151549E-07,0,0,0,0
Lu_5s12,45,8.93933023E-07,-7.476885E-01,1.399107E+05,7.607009E-05,-1.384690E-07,0,0,0,0
Lu_5s12,46,9.80253329E-07,-8.198841E-01,1.275952E+05,8.341548E-05,-1.665014E-07,0,0,0,0
Lu_5s12,47,1.07490332E-06,-8.990456E-01,1.163648E+05,9.146970E-05,-2.002066E-07,0,0,0,0
Lu_5s12,48,1.17868778E-06,-9.858455E-01,1.061239E+05,1.003011E-04,-2.407328E-07,0,0,0,0
Lu_5s12,49,1.29248727E-06,-1.081020E+00,9.678516E+04,1.099847E-04,-2.894597E-07,0,0,0,0
Lu_5s12,50,1.41726642E-06,-1.185375E+00,8.826928E+04,1.206026E-04,-3.480454E-07,0,0,0,0
Lu_5s12,51,1.55408252E-06,-1.299794E+00,8.050382E+04,1.322447E-04,-4.184831E-07,0,0,0,0
Lu_5s12,52,1.70409879E-06,-1.425248E+00,7.342252E+04,1.450098E-04,-5.031710E-07,0,0,0,0
Lu_5s12,53,1.86858481E-06,-1.562798E+00,6.696524E+04,1.590060E-04,-6.049887E-07,0,0,0,0
Lu_5s12,54,2.04893518E-06,-1.713608E+00,6.107702E+04,1.743520E-04,-7.273991E-07,0,0,0,0
Lu_5s12,55,2.24667680E-06,-1.878953E+00,5.570778E+04,1.911776E-04,-8.745631E-07,0,0,0,0
Lu_5s12,56,2.46348896E-06,-2.060232E+00,5.081174E+04,2.096255E-04,-1.051486E-06,0,0,0,0
Lu_5s12,57,2.70120429E-06,-2.258975E+00,4.634735E+04,2.298515E-04,-1.264177E-06,0,0,0,0
Lu_5s12,58,2.96183615E-06,-2.476857E+00,4.227659E+04,2.520268E-04,-1.519862E-06,0,0,0,0
Lu_5s12,59,3.24759167E-06,-2.715716E+00,3.856484E+04,2.763390E-04,-1.827224E-06,0,0,0,0
Lu_5s12,60,3.56088877E-06,-2.977564E+00,3.518053E+04,3.029933E-04,-2.196696E-06,0,0,0,0
Lu_5s12,61,3.90437587E-06,-3.264600E+00,3.209488E+04,3.322149E-04,-2.640811E-06,0,0,0,0
Lu_5s12,62,4.28096072E-06,-3.579235E+00,2.928164E+04,3.642503E-04,-3.174635E-06,0,0,0,0
Lu_5s12,63,4.69382455E-06,-3.924105E+00,2.671690E+04,3.993697E-04,-3.816256E-06,0,0,0,0
Lu_5s12,64,5.14645651E-06,-4.302092E+00,2.437886E+04,4.378688E-04,-4.587408E-06,0,0,0,0
Lu_5s12,65,5.64267994E-06,-4.716348E+00,2.224764E+04,4.800716E-04,-5.514193E-06,0,0,0,0
Lu_5s12,66,6.18668621E-06,-5.170318E+00,2.030512E+04,5.263329E-04,-6.627956E-06,0,0,0,0
Lu_5s12,67,6.78306446E-06,-5.667761E+00,1.853481E+04,5.770409E-04,-7.966325E-06,0,0,0,0
Lu_5s12,68,7.43684772E-06,-6.212780E+00,1.692167E+04,6.326207E-04,-9.574477E-06,0,0,0,0
Lu_5s12,69,8.15354812E-06,-6.809847E+00,1.545200E+04,6.935371E-04,-1.150662E-05,0,0,0,0
Lu_5s12,70,8.93920529E-06,-7.463830E+00,1.411334E+04,7.602986E-04,-1.382779E-05,0,0,0,0
Lu_5s12,71,9.80043817E-06,-8.180023E+00,1.289434E+04,8.334613E-04,-1.661600E-05,0,0,0,0
Lu_5s12,72,1.07444991E-05,-8.964176E+00,1.178467E+04,9.136326E-04,-1.996476E-05,0,0,0,0
Lu_5s12,73,1.17793295E-05,-9.822511E+00,1.077495E+04,1.001476E-03,-2.398613E-05,0,0,0,0
Lu_5s12,74,1.29136348E-05,-1.076176E+01,9.856670E+03,1.097716E-03,-2.881433E-05,0,0,0,0
Lu_5s12,75,1.41569462E-05,-1.178916E+01,9.022100E+03,1.203141E-03,-3.460998E-05,0,0,0,0
Lu_5s12,76,1.55197075E-05,-1.291250E+01,8.264256E+03,1.318613E-03,-4.156517E-05,0,0,0,0
Lu_5s12,77,1.70133553E-05,-1.414009E+01,7.576839E+03,1.445067E-03,-4.990939E-05,0,0,0,0
Lu_5s12,78,1.86504207E-05,-1.548074E+01,6.954218E+03,1.583521E-03,-5.991654E-05,0,0,0,0
Lu_5s12,79,2.04446227E-05,-1.694375E+01,6.391260E+03,1.735078E-03,-7.191302E-05,0,0,0,0
Lu_5s12,80,2.24109875E-05,-1.853882E+01,5.883520E+03,1.900933E-03,-8.628718E-05,0,0,0,0
Lu_5s12,81,2.45659712E-05,-2.027593E+01,5.427284E+03,2.082377E-03,-1.035002E-04,0,0,0,0
Lu_5s12,82,2.69275913E-05,-2.216516E+01,5.018870E+03,2.280800E-03,-1.240982E-04,0,0,0,0
Lu_5s12,83,2.95155769E-05,-2.421648E+01,4.655748E+03,2.497696E-03,-1.487264E-04,0,0,0,0
Lu_5s12,84,3.23515278E-05,-2.643933E+01,4.335897E+03,2.734660E-03,-1.781440E-04,0,0,0,0
Lu_5s12,85,3.54590885E-05,-2.884216E+01,4.057607E+03,2.993392E-03,-2.132405E-04,0,0,0,0
Lu_5s12,86,3.88641460E-05,-3.143171E+01,3.820346E+03,3.275689E-03,-2.550521E-04,0,0,0,0
Lu_5s12,87,4.25950311E-05,-3.421206E+01,3.624447E+03,3.583442E-03,-3.047780E-04,0,0,0,0
Lu_5s12,88,4.66827539E-05,-3.718335E+01,3.471129E+03,3.918622E-03,-3.637938E-04,0,0,0,0
Lu_5s12,89,5.11612515E-05,-4.034008E+01,3.363171E+03,4.283267E-03,-4.336595E-04,0,0,0,0
Lu_5s12,90,5.60676589E-05,-4.366875E+01,3.305270E+03,4.679464E-03,-5.161193E-04,0,0,0,0
Lu_5s12,91,6.14426048E-05,-4.714482E+01,3.304220E+03,5.109327E-03,-6.130845E-04,0,0,0,0
Lu_5s12,92,6.73305476E-05,-5.072868E+01,3.369675E+03,5.574976E-03,-7.265939E-04,0,0,0,0
Lu_5s12,93,7.37801101E-05,-5.436047E+01,3.514640E+03,6.078525E-03,-8.587365E-04,0,0,0,0
Lu_5s12,94,8.08444839E-05,-5.795353E+01,3.754473E+03,6.622082E-03,-1.011523E-03,0,0,0,0
Lu_5s12,95,8.85818410E-05,-6.138718E+01,4.100158E+03,7.207800E-03,-1.186686E-03,0,0,0,0
Lu_5s12,96,9.70557919E-05,-6.450115E+01,4.524009E+03,7.837990E-03,-1.385391E-03,0,0,0,0
Lu_5s12,97,1.06335888E-04,-6.710130E+01,4.857000E+03,8.515240E-03,-1.607870E-03,0,0,0,0
Lu_5s12,98,1.16498167E-04,-6.900239E+01,4.750119E+03,9.242219E-03,-1.853102E-03,0,0,0,0
Lu_5s12,99,1.27625740E-04,-7.013925E+01,4.025015E+03,1.002191E-02,-2.118886E-03,0,0,0,0
Lu_5s12,100,1.39809443E-04,-7.066706E+01,3.032300E+03,1.085928E-02,-2.402752E-03,0,0,0,0
Lu_5s12,101,1.53148538E-04,-7.085775E+01,2.271314E+03,1.176016E-02,-2.703236E-03,0,0,0,0
Lu_5s12,102,1.67751469E-04,-7.091153E+01,1.846331E+03,1.272918E-02,-3.020353E-03,0,0,0,0
Lu_5s12,103,1.83736702E-04,-7.092048E+01,1.599612E+03,1.377105E-02,-3.355171E-03,0,0,0,0
Lu_5s12,104,2.01233621E-04,-7.091667E+01,1.417322E+03,1.489122E-02,-3.709300E-03,0,0,0,0
Lu_5s12,105,2.20383511E-04,-7.090932E+01,1.261348E+03,1.609554E-02,-4.084607E-03,0,0,0,0
Lu_5s12,106,2.41340621E-04,-7.090062E+01,1.121533E+03,1.739016E-02,-4.483107E-03,0,0,0,0
Lu_5s12,107,2.64273321E-04,-7.089098E+01,9.949151E+02,1.878153E-02,-4.906920E-03,0,0,0,0
Lu_5s12,108,2.89365355E-04,-7.088039E+01,8.801391E+02,2.027641E-02,-5.358274E-03,0,0,0,0
Lu_5s12,109,3.16817200E-04,-7.086877E+01,7.761826E+02,2.188191E-02,-5.839498E-03,0,0,0,0
Lu_5s12,110,3.46847541E-04,-7.085603E+01,6.821310E+02,2.360547E-02,-6.353031E-03,0,0,0,0
Lu_5s12,111,3.79694864E-04,-7.084207E+01,5.971467E+02,2.545484E-02,-6.901423E-03,0,0,0,0
Lu_5s12,112,4.15619192E-04,-7.082677E+01,5.204620E+02,2.743808E-02,-7.487338E-03,0,0,0,0
Lu_5s12,113,4.54903944E-04,-7.080999E+01,4.513737E+02,2.956355E-02,-8.113550E-03,0,0,0,0
Lu_5s12,114,4.97857967E-04,-7.079161E+01,3.892361E+02,3.183981E-02,-8.782950E-03,0,0,0,0
Lu_5s12,115,5.44817717E-04,-7.077148E+01,3.334560E+02,3.427564E-02,-9.498535E-03,0,0,0,0
Lu_5s12,116,5.96149619E-04,-7.074942E+01,2.834875E+02,3.687997E-02,-1.026340E-02,0,0,0,0
Lu_5s12,117,6.52252617E-04,-7.072526E+01,2.388273E+02,3.966175E-02,-1.108075E-02,0,0,0,0
Lu_5s12,118,7.13560914E-04,-7.069881E+01,1.990107E+02,4.262991E-02,-1.195385E-02,0,0,0,0
Lu_5s12,119,7.80546942E-04,-7.066985E+01,1.636079E+02,4.579322E-02,-1.288604E-02,0,0,0,0
Lu_5s12,120,8.53724541E-04,-7.063816E+01,1.322209E+02,4.916015E-02,-1.388070E-02,0,0,0,0
Lu_5s12,121,9.33652389E-04,-7.060348E+01,1.044807E+02,5.273867E-02,-1.494122E-02,0,0,0,0
Lu_5s12,122,1.02093769E-03,-7.056555E+01,8.004505E+01,5.653609E-02,-1.607098E-02,0,0,0,0
Lu_5s12,123,1.11624013E-03,-7.052407E+01,5.859603E+01,6.055877E-02,-1.727329E-02,0,0,0,0
Lu_5s12,124,1.22027613E-03,-7.047871E+01,3.983878E+01,6.481186E-02,-1.855135E-02,0,0,0,0
Lu_5s12,125,1.33382338E-03,-7.042915E+01,2.349988E+01,6.929896E-02,-1.990819E-02,0,0,0,0
Lu_5s12,126,1.45772573E-03,-7.037500E+01,9.326127E+00,7.402169E-02,-2.134659E-02,0,0,0,0
Lu_5s12,127,1.59289840E-03,-7.031586E+01,-2.916405E+00,7.897932E-02,-2.286900E-02,0,0,0,0
Lu_5s12,128,1.74033353E-03,-7.025132E+01,-1.344328E+01,8.416818E-02,-2.447745E-02,0,0,0,0
Lu_5s12,129,1.90110615E-03,-7.018089E+01,-2.245243E+01,8.958111E-02,-2.617344E-02,0,0,0,0
Lu_5s12,130,2.07638050E-03,-7.010410E+01,-3.012491E+01,9.520684E-02,-2.795777E-02,0,0,0,0
Lu_5s12,131,2.26741677E-03,-7.002042E+01,-3.662553E+01,1.010292E-01,-2.983047E-02,0,0,0,0
Lu_5s12,132,2.47557828E-03,-6.992927E+01,-4.210360E+01,1.070263E-01,-3.179055E-02,0,0,0,0
Lu_5s12,133,2.70233906E-03,-6.983007E+01,-4.669358E+01,1.131698E-01,-3.383589E-02,0,0,0,0
Lu_5s12,134,2.94929195E-03,-6.972219E+01,-5.051592E+01,1.194238E-01,-3.596297E-02,0,0,0,0
Lu_5s12,135,3.21815711E-03,-6.960495E+01,-5.367778E+01,1.257438E-01,-3.816671E-02,0,0,0,0
Lu_5s12,136,3.51079106E-03,-6.947767E+01,-5.627394E+01,1.320758E-01,-4.044019E-02,0,0,0,0
Lu_5s12,137,3.82919619E-03,-6.933960E+01,-5.838764E+01,1.383551E-01,-4.277438E-02,0,0,0,0
Lu_5s12,138,4.17553074E-03,-6.918999E+01,-6.009153E+01,1.445051E-01,-4.515793E-02,0,0,0,0
Lu_5s12,139,4.55211944E-03,-6.902805E+01,-6.144855E+01,1.504366E-01,-4.757683E-02,0,0,0,0
Lu_5s12,140,4.96146447E-03,-6.885296E+01,-6.251288E+01,1.560462E-01,-5.001417E-02,0,0,0,0
Lu_5s12,141,5.40625706E-03,-6.866388E+01,-6.333086E+01,1.612161E-01,-5.244985E-02,0,0,0,0
Lu_5s12,142,5.88938963E-03,-6.845996E+01,-6.394180E+01,1.658132E-01,-5.486033E-02,0,0,0,0
Lu_5s12,143,6.41396839E-03,-6.824032E+01,-6.437887E+01,1.696888E-01,-5.721839E-02,0,0,0,0
Lu_5s12,144,6.98332646E-03,-6.800407E+01,-6.466984E+01,1.726785E-01,-5.949299E-02,0,0,0,0
Lu_5s12,145,7.60103751E-03,-6.775030E+01,-6.483782E+01,1.746032E-01,-6.164912E-02,0,0,0,0
Lu_5s12,146,8.27092988E-03,-6.747811E+01,-6.490189E+01,1.752706E-01,-6.364783E-02,0,0,0,0
Lu_5s12,147,8.99710118E-03,-6.718657E+01,-6.487768E+01,1.744765E-01,-6.544884E-02,0,0,0,0
Lu_5s12,148,9.78393329E-03,-6.687474E+01,-6.477793E+01,1.720091E-01,-6.700354E-02,0,0,0,0
Lu_5s12,149,1.06361078E-02,-6.654167E+01,-6.461289E+01,1.676524E-01,-6.826222E-02,0,0,0,0
Lu_5s12,150,1.15586218E-02,-6.618641E+01,-6.439076E+01,1.611924E-01,-6.917255E-02,0,0,0,0
Lu_5s12,151,1.25568040E-02,-6.580796E+01,-6.411802E+01,1.524244E-01,-6.968038E-02,0,0,0,0
Lu_5s12,152,1.36363313E-02,-6.540535E+01,-6.379971E+01,1.411611E-01,-6.973085E-02,0,0,0,0
Lu_5s12,153,1.48032451E-02,-6.497756E+01,-6.343968E+01,1.272436E-01,-6.926977E-02,0,0,0,0
Lu_5s12,154,1.60639684E-02,-6.452362E+01,-6.304086E+01,1.105533E-01,-6.824527E-02,0,0,0,0
Lu_5s12,155,1.74253227E-02,-6.404254E+01,-6.260539E+01,9.102539E-02,-6.660977E-02,0,0,0,0
Lu_5s12,156,1.88945447E-02,-6.353341E+01,-6.213477E+01,6.866341E-02,-6.432226E-02,0,0,0,0
Lu_5s12,157,2.04793037E-02,-6.299539E+01,-6.163009E+01,4.355529E-02,-6.135075E-02,0,0,0,0
Lu_5s12,158,2.21877176E-02,-6.242773E+01,-6.109207E+01,1.588891E-02,-5.767501E-02,0,0,0,0
Lu_5s12,159,2.40283703E-02,-6.182981E+01,-6.052116E+01,-1.403262E-02,-5.328932E-02,0,0,0,0
Lu_5s12,160,2.60103273E-02,-6.120111E+01,-5.991767E+01,-4.577735E-02,-4.820526E-02,0,0,0,0
Lu_5s12,161,2.81431521E-02,-6.054115E+01,-5.928175E+01,-7.877384E-02,-4.245430E-02,0,0,0,0
Lu_5s12,162,3.04369210E-02,-5.984944E+01,-5.861345E+01,-1.123048E-01,-3.609011E-02,0,0,0,0
Lu_5s12,163,3.29022384E-02,-5.912547E+01,-5.791265E+01,-1.455068E-01,-2.919030E-02,0,0,0,0
Lu_5s12,164,3.55502504E-02,-5.836870E+01,-5.717917E+01,-1.773774E-01,-2.185744E-02,0,0,0,0
Lu_5s12,165,3.83926583E-02,-5.757864E+01,-5.641276E+01,-2.067917E-01,-1.421912E-02,0,0,0,0
Lu_5s12,166,4.14417311E-02,-5.675496E+01,-5.561322E+01,-2.325295E-01,-6.426778E-03,0,0,0,0
Lu_5s12,167,4.47103165E-02,-5.589759E+01,-5.478053E+01,-2.533139E-01,1.346784E-03,0,0,0,0
Lu_5s12,168,4.82118514E-02,-5.500674E+01,-5.391492E+01,-2.678624E-01,8.911489E-03,0,0,0,0
Lu_5s12,169,5.19603709E-02,-5.408297E+01,-5.301688E+01,-2.749488E-01,1.606559E-02,0,0,0,0
Lu_5s12,170,5.59705163E-02,-5.312708E+01,-5.208717E+01,-2.734756E-01,2.260278E-02,0,0,0,0
Lu_5s12,171,6.02575411E-02,-5.214002E+01,-5.112669E+01,-2.625542E-01,2.832065E-02,0,0,0,0
Lu_5s12,172,6.48373163E-02,-5.112282E+01,-5.013644E+01,-2.415883E-01,3.303005E-02,0,0,0,0
Lu_5s12,173,6.97263340E-02,-5.007654E+01,-4.911743E+01,-2.103556E-01,3.656518E-02,0,0,0,0
Lu_5s12,174,7.49417091E-02,-4.900230E+01,-4.807073E+01,-1.690828E-01,3.879357E-02,0,0,0,0
Lu_5s12,175,8.05011798E-02,-4.790126E+01,-4.699747E+01,-1.185053E-01,3.962551E-02,0,0,0,0
Lu_5s12,176,8.64231061E-02,-4.677502E+01,-4.589918E+01,-5.990544E-02,3.902220E-02,0,0,0,0
Lu_5s12,177,9.27264671E-02,-4.562538E+01,-4.477757E+01,4.878269E-03,3.700172E-02,0,0,0,0
Lu_5s12,178,9.94308562E-02,-4.445469E+01,-4.363489E+01,7.347629E-02,3.364233E-02,0,0,0,0
Lu_5s12,179,1.06556475E-01,-4.326541E+01,-4.247351E+01,1.430522E-01,2.908237E-02,0,0,0,0
Lu_5s12,180,1.14124124E-01,-4.205996E+01,-4.129577E+01,2.104071E-01,2.351664E-02,0,0,0,0
Lu_5s12,181,1.22155196E-01,-4.084052E+01,-4.010381E+01,2.721221E-01,1.718898E-02,0,0,0,0
Lu_5s12,182,1.30671661E-01,-3.960930E+01,-3.889979E+01,3.247350E-01,1.038156E-02,0,0,0,0
Lu_5s12,183,1.39696055E-01,-3.836869E+01,-3.768605E+01,3.649417E-01,3.401077E-03,0,0,0,0
Lu_5s12,184,1.49251467E-01,-3.712155E+01,-3.646541E+01,3.898095E-01,-3.437228E-03,0,0,0,0
Lu_5s12,185,1.59361522E-01,-3.587132E+01,-3.524120E+01,3.969888E-01,-9.826785E-03,0,0,0,0
Lu_5s12,186,1.70050362E-01,-3.462150E+01,-3.401689E+01,3.849059E-01,-1.548676E-02,0,0,0,0
Lu_5s12,187,1.81342630E-01,-3.337542E+01,-3.279572E+01,3.529208E-01,-2.017771E-02,0,0,0,0
Lu_5s12,188,1.93263449E-01,-3.213569E+01,-3.158030E+01,3.014350E-01,-2.371461E-02,0,0,0,0
Lu_5s12,189,2.05838402E-01,-3.090408E+01,-3.037233E+01,2.319387E-01,-2.597637E-02,0,0,0,0
Lu_5s12,190,2.19093507E-01,-2.968140E+01,-2.917261E+01,1.469892E-01,-2.691134E-02,0,0,0,0
Lu_5s12,191,2.33055201E-01,-2.846816E+01,-2.798166E+01,5.011663E-02,-2.653837E-02,0,0,0,0
Lu_5s12,192,2.47750307E-01,-2.726489E+01,-2.679996E+01,-5.433837E-02,-2.494354E-02,0,0,0,0
Lu_5s12,193,2.63206019E-01,-2.607291E+01,-2.562885E+01,-1.614489E-01,-2.227261E-02,0,0,0,0
Lu_5s12,194,2.79449870E-01,-2.489435E+01,-2.447042E+01,-2.659717E-01,-1.871974E-02,0,0,0,0
Lu_5s12,195,2.96509710E-01,-2.373169E+01,-2.332713E+01,-3.626432E-01,-1.451331E-02,0,0,0,0
Lu_5s12,196,3.14413681E-01,-2.258696E+01,-2.220100E+01,-4.464811E-01,-9.900287E-03,0,0,0,0
Lu_5s12,197,3.33190188E-01,-2.146130E+01,-2.109320E+01,-5.130667E-01,-5.130459E-03,0,0,0,0
Lu_5s12,198,3.52867877E-01,-2.035548E+01,-2.000453E+01,-5.587912E-01,-4.416672E-04,0,0,0,0
Lu_5s12,199,3.73475605E-01,-1.927067E+01,-1.893617E+01,-5.810465E-01,3.953127E-03,0,0,0,0
Lu_5s12,200,3.95042416E-01,-1.820943E+01,-1.789069E+01,-5.783471E-01,7.876300E-03,0,0,0,0
Lu_5s12,201,4.17597515E-01,-1.717551E+01,-1.687185E+01,-5.503764E-01,1.119284E-02,0,0,0,0
Lu_5s12,202,4.41170244E-01,-1.617347E+01,-1.588422E+01,-4.979549E-01,1.381391E-02,0,0,0,0
Lu_5s12,203,4.65790054E-01,-1.520802E+01,-1.493253E+01,-4.229395E-01,1.569658E-02,0,0,0,0
Lu_5s12,204,4.91486481E-01,-1.428334E+01,-1.402097E+01,-3.280673E-01,1.684031E-02,0,0,0,0
Lu_5s12,205,5.18289124E-01,-1.340261E+01,-1.315275E+01,-2.167617E-01,1.728080E-02,0,0,0,0
Lu_5s12,206,5.46227617E-01,-1.256783E+01,-1.232987E+01,-9.291923E-02,1.708238E-02,0,0,0,0
Lu_5s12,207,5.75331612E-01,-1.177967E+01,-1.155305E+01,3.930533E-02,1.632985E-02,0,0,0,0
Lu_5s12,208,6.05630751E-01,-1.103791E+01,-1.082206E+01,1.757037E-01,1.512059E-02,0,0,0,0
Lu_5s12,209,6.37154647E-01,-1.034137E+01,-1.013575E+01,3.121967E-01,1.355744E-02,0,0,0,0
Lu_5s12,210,6.69932864E-01,-9.688292E+00,-9.492398E+00,4.449893E-01,1.174269E-02,0,0,0,0
Lu_5s12,211,7.03994894E-01,-9.076812E+00,-8.890143E+00,5.706942E-01,9.773348E-03,0,0,0,0
Lu_5s12,212,7.39370141E-01,-8.504780E+00,-8.326863E+00,6.864209E-01,7.737536E-03,0,0,0,0
Lu_5s12,213,7.76087899E-01,-7.970104E+00,-7.800486E+00,7.898337E-01,5.712117E-03,0,0,0,0
Lu_5s12,214,8.14177341E-01,-7.470733E+00,-7.308980E+00,8.791774E-01,3.761297E-03,0,0,0,0
Lu_5s12,215,8.53667493E-01,-7.004632E+00,-6.850333E+00,9.532758E-01,1.936129E-03,0,0,0,0
Lu_5s12,216,8.94587226E-01,-6.569778E+00,-6.422541E+00,1.011507E+00,2.747578E-04,0,0,0,0
Lu_5s12,217,9.36965239E-01,-6.164163E+00,-6.023616E+00,1.053761E+00,-1.196777E-03,0,0,0,0
Lu_5s12,218,9.80830042E-01,-5.785828E+00,-5.651619E+00,1.080381E+00,-2.463345E-03,0,0,0,0
Lu_5s12,219,1.02620995E+00,-5.432904E+00,-5.304700E+00,1.092099E+00,-3.519294E-03,0,0,0,0
Lu_5s12,220,1.07313306E+00,-5.103643E+00,-4.981127E+00,1.089963E+00,-4.366911E-03,0,0,0,0
Lu_5s12,221,1.12162725E+00,-4.796473E+00,-4.679348E+00,1.075266E+00,-5.014881E-03,0,0,0,0
Lu_5s12,222,1.17172015E+00,-4.509912E+00,-4.397896E+00,1.049476E+00,-5.476781E-03,0,0,0,0
Lu_5s12,223,1.22343919E+00,-4.242643E+00,-4.135470E+00,1.014164E+00,-5.769684E-03,0,0,0,0
Lu_5s12,224,1.27681148E+00,-3.993417E+00,-3.890836E+00,9.709484E-01,-5.912906E-03,0,0,0,0
Lu_5s12,225,1.33186393E+00,-3.761051E+00,-3.662824E+00,9.214375E-01,-5.926899E-03,0,0,0,0
Lu_5s12,226,1.38862315E+00,-3.544410E+00,-3.450314E+00,8.671865E-01,-5.832325E-03,0,0,0,0
Lu_5s12,227,1.44711548E+00,-3.342396E+00,-3.252220E+00,8.096601E-01,-5.649311E-03,0,0,0,0
Lu_5s12,228,1.50736699E+00,-3.153955E+00,-3.067500E+00,7.502047E-01,-5.396880E-03,0,0,0,0
Lu_5s12,229,1.56940344E+00,-2.978073E+00,-2.895151E+00,6.900288E-01,-5.092533E-03,0,0,0,0
Lu_5s12,230,1.63325033E+00,-2.813800E+00,-2.734234E+00,6.301914E-01,-4.751990E-03,0,0,0,0
Lu_5s12,231,1.69893283E+00,-2.660255E+00,-2.583878E+00,5.715958E-01,-4.389041E-03,0,0,0,0
Lu_5s12,232,1.76647584E+00,-2.516639E+00,-2.443293E+00,5.149900E-01,-4.015502E-03,0,0,0,0
Lu_5s12,233,1.83590395E+00,-2.382246E+00,-2.311782E+00,4.609714E-01,-3.641247E-03,0,0,0,0
Lu_5s12,234,1.90724144E+00,-2.256463E+00,-2.188742E+00,4.099949E-01,-3.274302E-03,0,0,0,0
Lu_5s12,235,1.98051228E+00,-2.138770E+00,-2.073658E+00,3.623841E-01,-2.920976E-03,0,0,0,0
Lu_5s12,236,2.05574015E+00,-2.028725E+00,-1.966097E+00,3.183444E-01,-2.586017E-03,0,0,0,0
Lu_5s12,237,2.13294840E+00,-1.925951E+00,-1.865688E+00,2.779768E-01,-2.272797E-03,0,0,0,0
Lu_5s12,238,2.21216008E+00,-1.830112E+00,-1.772103E+00,2.412931E-01,-1.983481E-03,0,0,0,0
Lu_5s12,239,2.29339794E+00,-1.740893E+00,-1.685031E+00,2.082306E-01,-1.719218E-03,0,0,0,0
Lu_5s12,240,2.37668441E+00,-1.657974E+00,-1.604160E+00,1.786662E-01,-1.480313E-03,0,0,0,0
Lu_5s12,241,2.46204160E+00,-1.581013E+00,-1.529153E+00,1.524306E-01,-1.266388E-03,0,0,0,0
Lu_5s12,242,2.54949133E+00,-1.510614E+00,-1.460618E+00,1.293199E-01,-1.076556E-03,0,0,0,0
Lu_5s12,243,2.63905511E+00,-1.447346E+00,-1.399129E+00,1.091068E-01,-9.095613E-04,0,0,0,0
Lu_5s12,244,2.73075413E+00,-1.390683E+00,-1.344164E+00,9.154980E-02,-7.638700E-04,0,0,0,0
Lu_5s12,245,2.82460929E+00,-1.340113E+00,-1.295216E+00,7.640179E-02,-6.377573E-04,0,0,0,0
Lu_5s12,246,2.92064119E+00,-1.295138E+00,-1.251791E+00,6.341736E-02,-5.294050E-04,0,0,0,0
Lu_5s12,247,3.01887011E+00,-1.255280E+00,-1.213416E+00,5.235830E-02,-4.369764E-04,0,0,0,0
Lu_5s12,248,3.11931605E+00,-1.220084E+00,-1.179637E+00,4.299789E-02,-3.586737E-04,0,0,0,0
Lu_5s12,249,3.22199870E+00,-1.189114E+00,-1.150023E+00,3.512378E-02,-2.927796E-04,0,0,0,0
Lu_5s12,250,3.32693748E+00,-1.161962E+00,-1.124169E+00,2.853997E-02,-2.376867E-04,0,0,0,0
Lu_5s12,251,3.43415149E+00,-1.138242E+00,-1.101692E+00,2.306788E-02,-1.919155E-04,0,0,0,0
Lu_5s12,252,3.54365956E+00,-1.117598E+00,-1.082237E+00,1.854662E-02,-1.541240E-04,0,0,0,0
Lu_5s12,253,3.65548024E+00,-1.099695E+00,-1.065474E+00,1.483283E-02,-1.231108E-04,0,0,0,0
Lu_5s12,254,3.76963178E+00,-1.084227E+00,-1.051099E+00,1.180004E-02,-9.781246E-05,0,0,0,0
Lu_5s12,255,3.88613217E+00,-1.070913E+00,-1.038832E+00,9.337682E-03,-7.729811E-05,0,0,0,0
Lu_5s12,256,4.00499912E+00,-1.059495E+00,-1.028419E+00,7.349970E-03,-6.076054E-05,0,0,0,0
Lu_5s12,257,4.12625005E+00,-1.049740E+00,-1.019628E+00,5.754619E-03,-4.750636E-05,0,0,0,0
Lu_5s12,258,4.24990215E+00,-1.041437E+00,-1.012250E+00,4.481515E-03,-3.694508E-05,0,0,0,0
Lu_5s12,259,4.37597231E+00,-1.034397E+00,-1.006098E+00,3.471380E-03,-2.857800E-05,0,0,0,0
Lu_5s12,260,4.50447717E+00,-1.028451E+00,-1.001005E+00,2.674480E-03,-2.198728E-05,0,0,0,0
Lu_5s12,261,4.63543312E+00,-1.023448E+00,-9.968211E-01,2.049402E-03,-1.682552E-05,0,0,0,0
Lu_5s12,262,4.76885630E+00,-1.019254E+00,-9.934149E-01,1.561907E-03,-1.280605E-05,0,0,0,0
Lu_5s12,263,4.90476257E+00,-1.015752E+00,-9.906704E-01,1.183894E-03,-9.693982E-06,0,0,0,0
Lu_5s12,264,5.04316759E+00,-1.012840E+00,-9.884863E-01,8.924615E-04,-7.298272E-06,0,0,0,0
Lu_5s12,265,5.18408673E+00,-1.010427E+00,-9.867740E-01,6.690737E-04,-5.464601E-06,0,0,0,0
Lu_5s12,266,5.32753516E+00,-1.008436E+00,-9.854572E-01,4.988326E-04,-4.069177E-06,0,0,0,0
Lu_5s12,267,5.47352778E+00,-1.006800E+00,-9.844696E-01,3.698459E-04,-3.013378E-06,0,0,0,0
Lu_5s12,268,5.62207929E+00,-1.005460E+00,-9.837547E-01,2.726843E-04,-2.219157E-06,0,0,0,0
Lu_5s12,269,5.77320413E+00,-1.004368E+00,-9.832640E-01,1.999223E-04,-1.625168E-06,0,0,0,0
Lu_5s12,270,5.92691655E+00,-1.003481E+00,-9.829565E-01,1.457514E-04,-1.183512E-06,0,0,0,0
Lu_5s12,271,6.08323056E+00,-1.002763E+00,-9.827976E-01,1.056580E-04,-8.570363E-07,0,0,0,0
Lu_5s12,272,6.24215994E+00,-1.002185E+00,-9.827581E-01,7.615870E-05,-6.171157E-07,0,0,0,0
Lu_5s12,273,6.40371829E+00,-1.001721E+00,-9.828137E-01,5.458233E-05,-4.418376E-07,0,0,0,0
Lu_5s12,274,6.56791896E+00,-1.001351E+00,-9.829440E-01,3.889455E-05,-3.145400E-07,0,0,0,0
Lu_5s12,275,6.73477513E+00,-1.001056E+00,-9.831324E-01,2.755614E-05,-2.226355E-07,0,0,0,0
Lu_5s12,276,6.90429975E+00,-1.000822E+00,-9.833652E-01,1.941018E-05,-1.566776E-07,0,0,0,0
Lu_5s12,277,7.07650558E+00,-1.000637E+00,-9.836311E-01,1.359288E-05,-1.096230E-07,0,0,0,0
Lu_5s12,278,7.25140519E+00,-1.000492E+00,-9.839210E-01,9.463524E-06,-7.625478E-08,0,0,0,0
Lu_5s12,279,7.42901095E+00,-1.000379E+00,-9.842277E-01,6.550029E-06,-5.273420E-08,0,0,0,0
Lu_5s12,280,7.60933504E+00,-1.000290E+00,-9.845452E-01,4.506835E-06,-3.625485E-08,0,0,0,0
Lu_5s12,281,7.79238945E+00,-1.000221E+00,-9.848689E-01,3.082676E-06,-2.477865E-08,0,0,0,0
Lu_5s12,282,7.97818600E+00,-1.000168E+00,-9.851951E-01,2.096048E-06,-1.683511E-08,0,0,0,0
Lu_5s12,283,8.16673632E+00,-1.000127E+00,-9.855210E-01,1.416712E-06,-1.137026E-08,0,0,0,0
Lu_5s12,284,8.35805186E+00,-1.000096E+00,-9.858445E-01,9.518292E-07,-7.633621E-09,0,0,0,0
Lu_5s12,285,8.55214390E+00,-1.000072E+00,-9.861639E-01,6.356577E-07,-5.094318E-09,0,0,0,0
Lu_5s12,286,8.74902356E+00,-1.000054E+00,-9.864779E-01,4.219537E-07,-3.379299E-09,0,0,0,0
Lu_5s12,287,8.94870178E+00,-1.000040E+00,-9.867857E-01,2.784029E-07,-2.228139E-09,0,0,0,0
Lu_5s12,288,9.15118934E+00,-1.000030E+00,-9.870867E-01,1.825747E-07,-1.460236E-09,0,0,0,0
Lu_5s12,289,9.35649685E+00,-1.000022E+00,-9.873805E-01,1.190025E-07,-9.511728E-10,0,0,0,0
Lu_5s12,290,9.56463477E+00,-1.000016E+00,-9.876668E-01,7.709224E-08,-6.158026E-10,0,0,0,0
Lu_5s12,291,9.77561341E+00,-1.000012E+00,-9.879455E-01,4.963586E-08,-3.962415E-10,0,0,0,0
Lu_5s12,292,9.98944291E+00,-1.000009E+00,-9.882166E-01,3.176154E-08,-2.533993E-10,0,0,0,0
Lu_5s12,293,1.02061333E+01,-1.000006E+00,-9.884801E-01,2.019853E-08,-1.610530E-10,0,0,0,0
Lu_5s12,294,1.04256943E+01,-1.000005E+00,-9.887362E-01,1.276561E-08,-1.017281E-10,0,0,0,0
Lu_5s12,295,1.06481358E+01,-1.000003E+00,-9.889850E-01,8.017856E-09,-6.385769E-11,0,0,0,0
Lu_5s12,296,1.08734673E+01,-1.000002E+00,-9.892266E-01,5.004508E-09,-3.983607E-11,0,0,0,0
Lu_5s12,297,1.11016982E+01,-1.000002E+00,-9.894613E-01,3.104149E-09,-2.469575E-11,0,0,0,0
Lu_5s12,298,1.13328377E+01,-1.000001E+00,-9.896892E-01,1.913346E-09,-1.521395E-11,0,0,0,0
Lu_5s12,299,1.15668951E+01,-1.000001E+00,-9.899106E-01,1.171942E-09,-9.313809E-12,0,0,0,0
Lu_5s12,300,1.18038794E+01,-1.000001E+00,-9.901256E-01,7.133002E-10,-5.665913E-12,0,0,0,0
Lu_5s12,301,1.20437994E+01,-1.000000E+00,-9.903344E-01,4.314041E-10,-3.425008E-12,0,0,0,0
Lu_5s12,302,1.22866639E+01,-1.000000E+00,-9.905374E-01,2.592591E-10,-2.068621E-12,0,0,0,0
Lu_5s12,303,1.25324816E+01,-1.000000E+00,-9.907345E-01,1.548153E-10,-1.201486E-12,0,0,0,0
Lu_6s12,0,1.40845070E-08,-1.178053E-02,8.875546E+06,3.198943E-07,-9.178983E-12,0,0,0,0
Lu_6s12,1,1.54458033E-08,-1.291915E-02,8.093335E+06,3.508066E-07,-1.103775E-11,0,0,0,0
Lu_6s12,2,1.69386420E-08,-1.416778E-02,7.380075E+06,3.847063E-07,-1.327321E-11,0,0,0,0
Lu_6s12,3,1.85757639E-08,-1.553710E-02,6.729675E+06,4.218822E-07,-1.596172E-11,0,0,0,0
Lu_6s12,4,2.03710783E-08,-1.703873E-02,6.136605E+06,4.626506E-07,-1.919501E-11,0,0,0,0
Lu_6s12,5,2.23399067E-08,-1.868550E-02,5.595802E+06,5.073591E-07,-2.308352E-11,0,0,0,0
Lu_6s12,6,2.44990189E-08,-2.049142E-02,5.102660E+06,5.563885E-07,-2.776001E-11,0,0,0,0
Lu_6s12,7,2.68667586E-08,-2.247184E-02,4.652986E+06,6.101556E-07,-3.338403E-11,0,0,0,0
Lu_6s12,8,2.94633317E-08,-2.464366E-02,4.242940E+06,6.691190E-07,-4.014768E-11,0,0,0,0
Lu_6s12,9,3.23108539E-08,-2.702537E-02,3.869030E+06,7.337806E-07,-4.828186E-11,0,0,0,0
Lu_6s12,10,3.54335170E-08,-2.963723E-02,3.528078E+06,8.046905E-07,-5.806407E-11,0,0,0,0
Lu_6s12,11,3.88579005E-08,-3.250144E-02,3.217179E+06,8.824523E-07,-6.982818E-11,0,0,0,0
Lu_6s12,12,4.26132991E-08,-3.564252E-02,2.933671E+06,9.677297E-07,-8.397626E-11,0,0,0,0
Lu_6s12,13,4.67314733E-08,-3.908704E-02,2.675157E+06,1.061246E-06,-1.009904E-10,0,0,0,0
Lu_6s12,14,5.12476303E-08,-4.286443E-02,2.439424E+06,1.163800E-06,-1.214519E-10,0,0,0,0
Lu_6s12,15,5.62002313E-08,-4.700687E-02,2.224464E+06,1.276264E-06,-1.460592E-10,0,0,0,0
Lu_6s12,16,6.16312403E-08,-5.154947E-02,2.028454E+06,1.399593E-06,-1.756513E-10,0,0,0,0
Lu_6s12,17,6.75872020E-08,-5.653114E-02,1.849713E+06,1.534840E-06,-2.112396E-10,0,0,0,0
Lu_6s12,18,7.41184821E-08,-6.199401E-02,1.686728E+06,1.683154E-06,-2.540369E-10,0,0,0,0
Lu_6s12,19,8.12809116E-08,-6.798480E-02,1.538105E+06,1.845800E-06,-3.055052E-10,0,0,0,0
Lu_6s12,20,8.91353265E-08,-7.455437E-02,1.402580E+06,2.024159E-06,-3.673999E-10,0,0,0,0
Lu_6s12,21,9.77487367E-08,-8.175877E-02,1.278998E+06,2.219752E-06,-4.418346E-10,0,0,0,0
Lu_6s12,22,1.07194113E-07,-8.965905E-02,1.166308E+06,2.434240E-06,-5.313461E-10,0,0,0,0
Lu_6s12,23,1.17552189E-07,-9.832272E-02,1.063548E+06,2.669452E-06,-6.389922E-10,0,0,0,0
Lu_6s12,24,1.28910932E-07,-1.078234E-01,9.698439E+05,2.927388E-06,-7.684439E-10,0,0,0,0
Lu_6s12,25,1.41366993E-07,-1.182418E-01,8.843975E+05,3.210241E-06,-9.241180E-10,0,0,0,0
Lu_6s12,26,1.55026355E-07,-1.296667E-01,8.064811E+05,3.520420E-06,-1.111325E-09,0,0,0,0
Lu_6s12,27,1.70005236E-07,-1.421953E-01,7.354308E+05,3.860562E-06,-1.336453E-09,0,0,0,0
Lu_6s12,28,1.86431075E-07,-1.559342E-01,6.706415E+05,4.233562E-06,-1.607181E-09,0,0,0,0
Lu_6s12,29,2.04443616E-07,-1.710001E-01,6.115614E+05,4.642592E-06,-1.932744E-09,0,0,0,0
Lu_6s12,30,2.24195708E-07,-1.875211E-01,5.576882E+05,5.091128E-06,-2.324240E-09,0,0,0,0
Lu_6s12,31,2.45856126E-07,-2.056382E-01,5.085611E+05,5.582993E-06,-2.795038E-09,0,0,0,0
Lu_6s12,32,2.69608304E-07,-2.255048E-01,4.637636E+05,6.122361E-06,-3.361178E-09,0,0,0,0
Lu_6s12,33,2.95654667E-07,-2.472904E-01,4.229133E+05,6.713825E-06,-4.041976E-09,0,0,0,0
Lu_6s12,34,3.24216193E-07,-2.711796E-01,3.856629E+05,7.362406E-06,-4.860635E-09,0,0,0,0
Lu_6s12,35,3.55536886E-07,-2.973766E-01,3.516939E+05,8.073633E-06,-5.845105E-09,0,0,0,0
Lu_6s12,36,3.89881261E-07,-3.261026E-01,3.207189E+05,8.853532E-06,-7.028895E-09,0,0,0,0
Lu_6s12,37,4.27542511E-07,-3.576028E-01,2.924728E+05,9.708747E-06,-8.452406E-09,0,0,0,0
Lu_6s12,38,4.68840899E-07,-3.921450E-01,2.667152E+05,1.064655E-05,-1.016417E-08,0,0,0,0
Lu_6s12,39,5.14125814E-07,-4.300215E-01,2.432277E+05,1.167488E-05,-1.222248E-08,0,0,0,0
Lu_6s12,40,5.63783777E-07,-4.715555E-01,2.218092E+05,1.280252E-05,-1.469755E-08,0,0,0,0
Lu_6s12,41,6.18235912E-07,-5.170992E-01,2.022780E+05,1.403901E-05,-1.767370E-08,0,0,0,0
Lu_6s12,42,6.77944859E-07,-5.670395E-01,1.844676E+05,1.539488E-05,-2.125235E-08,0,0,0,0
Lu_6s12,43,7.43417883E-07,-6.218005E-01,1.682263E+05,1.688163E-05,-2.555543E-08,0,0,0,0
Lu_6s12,44,8.15209759E-07,-6.818461E-01,1.534163E+05,1.851188E-05,-3.072946E-08,0,0,0,0
Lu_6s12,45,8.93933023E-07,-7.476885E-01,1.399107E+05,2.029950E-05,-3.695090E-08,0,0,0,0
Lu_6s12,46,9.80253329E-07,-8.198841E-01,1.275952E+05,2.225964E-05,-4.443143E-08,0,0,0,0
Lu_6s12,47,1.07490332E-06,-8.990456E-01,1.163648E+05,2.440893E-05,-5.342577E-08,0,0,0,0
Lu_6s12,48,1.17868778E-06,-9.858455E-01,1.061239E+05,2.676563E-05,-6.424032E-08,0,0,0,0
Lu_6s12,49,1.29248727E-06,-1.081020E+00,9.678516E+04,2.934972E-05,-7.724324E-08,0,0,0,0
Lu_6s12,50,1.41726642E-06,-1.185375E+00,8.826928E+04,3.218312E-05,-9.287703E-08,0,0,0,0
Lu_6s12,51,1.55408252E-06,-1.299794E+00,8.050382E+04,3.528984E-05,-1.116736E-07,0,0,0,0
Lu_6s12,52,1.70409879E-06,-1.425248E+00,7.342252E+04,3.869624E-05,-1.342728E-07,0,0,0,0
Lu_6s12,53,1.86858481E-06,-1.562798E+00,6.696524E+04,4.243118E-05,-1.614432E-07,0,0,0,0
Lu_6s12,54,2.04893518E-06,-1.713608E+00,6.107702E+04,4.652630E-05,-1.941088E-07,0,0,0,0
Lu_6s12,55,2.24667680E-06,-1.878953E+00,5.570778E+04,5.101625E-05,-2.333800E-07,0,0,0,0
Lu_6s12,56,2.46348896E-06,-2.060232E+00,5.081174E+04,5.593911E-05,-2.805925E-07,0,0,0,0
Lu_6s12,57,2.70120429E-06,-2.258975E+00,4.634735E+04,6.133648E-05,-3.373498E-07,0,0,0,0
Lu_6s12,58,2.96183615E-06,-2.476857E+00,4.227659E+04,6.725403E-05,-4.055802E-07,0,0,0,0
Lu_6s12,59,3.24759167E-06,-2.715716E+00,3.856484E+04,7.374178E-05,-4.876007E-07,0,0,0,0
Lu_6s12,60,3.56088877E-06,-2.977564E+00,3.518053E+04,8.085457E-05,-5.861954E-07,0,0,0,0
Lu_6s12,61,3.90437587E-06,-3.264600E+00,3.209488E+04,8.865242E-05,-7.047090E-07,0,0,0,0
Lu_6s12,62,4.28096072E-06,-3.579235E+00,2.928164E+04,9.720116E-05,-8.471615E-07,0,0,0,0
Lu_6s12,63,4.69382455E-06,-3.924105E+00,2.671690E+04,1.065729E-04,-1.018380E-06,0,0,0,0
Lu_6s12,64,5.14645651E-06,-4.302092E+00,2.437886E+04,1.168464E-04,-1.224165E-06,0,0,0,0
Lu_6s12,65,5.64267994E-06,-4.716348E+00,2.224764E+04,1.281084E-04,-1.471480E-06,0,0,0,0
Lu_6s12,66,6.18668621E-06,-5.170318E+00,2.030512E+04,1.404533E-04,-1.768691E-06,0,0,0,0
Lu_6s12,67,6.78306446E-06,-5.667761E+00,1.853481E+04,1.539849E-04,-2.125839E-06,0,0,0,0
Lu_6s12,68,7.43684772E-06,-6.212780E+00,1.692167E+04,1.688165E-04,-2.554980E-06,0,0,0,0
Lu_6s12,69,8.15354812E-06,-6.809847E+00,1.545200E+04,1.850722E-04,-3.070579E-06,0,0,0,0
Lu_6s12,70,8.93920529E-06,-7.463830E+00,1.411334E+04,2.028877E-04,-3.689991E-06,0,0,0,0
Lu_6s12,71,9.80043817E-06,-8.180023E+00,1.289434E+04,2.224114E-04,-4.434033E-06,0,0,0,0
Lu_6s12,72,1.07444991E-05,-8.964176E+00,1.178467E+04,2.438053E-04,-5.327661E-06,0,0,0,0
Lu_6s12,73,1.17793295E-05,-9.822511E+00,1.077495E+04,2.672465E-04,-6.400777E-06,0,0,0,0
Lu_6s12,74,1.29136348E-05,-1.076176E+01,9.856670E+03,2.929284E-04,-7.689198E-06,0,0,0,0
Lu_6s12,75,1.41569462E-05,-1.178916E+01,9.022100E+03,3.210615E-04,-9.235784E-06,0,0,0,0
Lu_6s12,76,1.55197075E-05,-1.291250E+01,8.264256E+03,3.518754E-04,-1.109180E-05,0,0,0,0
Lu_6s12,77,1.70133553E-05,-1.414009E+01,7.576839E+03,3.856200E-04,-1.331848E-05,0,0,0,0
Lu_6s12,78,1.86504207E-05,-1.548074E+01,6.954218E+03,4.225667E-04,-1.598892E-05,0,0,0,0
Lu_6s12,79,2.04446227E-05,-1.694375E+01,6.391260E+03,4.630101E-04,-1.919022E-05,0,0,0,0
Lu_6s12,80,2.24109875E-05,-1.853882E+01,5.883520E+03,5.072689E-04,-2.302601E-05,0,0,0,0
Lu_6s12,81,2.45659712E-05,-2.027593E+01,5.427284E+03,5.556877E-04,-2.761935E-05,0,0,0,0
Lu_6s12,82,2.69275913E-05,-2.216516E+01,5.018870E+03,6.086375E-04,-3.311600E-05,0,0,0,0
Lu_6s12,83,2.95155769E-05,-2.421648E+01,4.655748E+03,6.665167E-04,-3.968812E-05,0,0,0,0
Lu_6s12,84,3.23515278E-05,-2.643933E+01,4.335897E+03,7.297513E-04,-4.753831E-05,0,0,0,0
Lu_6s12,85,3.54590885E-05,-2.884216E+01,4.057607E+03,7.987946E-04,-5.690391E-05,0,0,0,0
Lu_6s12,86,3.88641460E-05,-3.143171E+01,3.820346E+03,8.741264E-04,-6.806148E-05,0,0,0,0
Lu_6s12,87,4.25950311E-05,-3.421206E+01,3.624447E+03,9.562510E-04,-8.133100E-05,0,0,0,0
Lu_6s12,88,4.66827539E-05,-3.718335E+01,3.471129E+03,1.045695E-03,-9.707954E-05,0,0,0,0
Lu_6s12,89,5.11612515E-05,-4.034008E+01,3.363171E+03,1.143001E-03,-1.157234E-04,0,0,0,0
Lu_6s12,90,5.60676589E-05,-4.366875E+01,3.305270E+03,1.248727E-03,-1.377281E-04,0,0,0,0
Lu_6s12,91,6.14426048E-05,-4.714482E+01,3.304220E+03,1.363437E-03,-1.636036E-04,0,0,0,0
Lu_6s12,92,6.73305476E-05,-5.072868E+01,3.369675E+03,1.487697E-03,-1.938939E-04,0,0,0,0
Lu_6s12,93,7.37801101E-05,-5.436047E+01,3.514640E+03,1.622070E-03,-2.291566E-04,0,0,0,0
Lu_6s12,94,8.08444839E-05,-5.795353E+01,3.754473E+03,1.767120E-03,-2.699283E-04,0,0,0,0
Lu_6s12,95,8.85818410E-05,-6.138718E+01,4.100158E+03,1.923420E-03,-3.166711E-04,0,0,0,0
Lu_6s12,96,9.70557919E-05,-6.450115E+01,4.524009E+03,2.091588E-03,-3.696960E-04,0,0,0,0
Lu_6s12,97,1.06335888E-04,-6.710130E+01,4.857000E+03,2.272314E-03,-4.290653E-04,0,0,0,0
Lu_6s12,98,1.16498167E-04,-6.900239E+01,4.750119E+03,2.466310E-03,-4.945063E-04,0,0,0,0
Lu_6s12,99,1.27625740E-04,-7.013925E+01,4.025015E+03,2.674372E-03,-5.654319E-04,0,0,0,0
Lu_6s12,100,1.39809443E-04,-7.066706E+01,3.032300E+03,2.897826E-03,-6.411825E-04,0,0,0,0
Lu_6s12,101,1.53148538E-04,-7.085775E+01,2.271314E+03,3.138229E-03,-7.213678E-04,0,0,0,0
Lu_6s12,102,1.67751469E-04,-7.091153E+01,1.846331E+03,3.396814E-03,-8.059915E-04,0,0,0,0
Lu_6s12,103,1.83736702E-04,-7.092048E+01,1.599612E+03,3.674839E-03,-8.953390E-04,0,0,0,0
Lu_6s12,104,2.01233621E-04,-7.091667E+01,1.417322E+03,3.973758E-03,-9.898397E-04,0,0,0,0
Lu_6s12,105,2.20383511E-04,-7.090932E+01,1.261348E+03,4.295134E-03,-1.089992E-03,0,0,0,0
Lu_6s12,106,2.41340621E-04,-7.090062E+01,1.121533E+03,4.640605E-03,-1.196333E-03,0,0,0,0
Lu_6s12,107,2.64273321E-04,-7.089098E+01,9.949151E+02,5.011893E-03,-1.309430E-03,0,0,0,0
Lu_6s12,108,2.89365355E-04,-7.088039E+01,8.801391E+02,5.410804E-03,-1.429876E-03,0,0,0,0
Lu_6s12,109,3.16817200E-04,-7.086877E+01,7.761826E+02,5.839235E-03,-1.558293E-03,0,0,0,0
Lu_6s12,110,3.46847541E-04,-7.085603E+01,6.821310E+02,6.299168E-03,-1.695332E-03,0,0,0,0
Lu_6s12,111,3.79694864E-04,-7.084207E+01,5.971467E+02,6.792675E-03,-1.841674E-03,0,0,0,0
Lu_6s12,112,4.15619192E-04,-7.082677E+01,5.204620E+02,7.321907E-03,-1.998028E-03,0,0,0,0
Lu_6s12,113,4.54903944E-04,-7.080999E+01,4.513737E+02,7.889088E-03,-2.165137E-03,0,0,0,0
Lu_6s12,114,4.97857967E-04,-7.079161E+01,3.892361E+02,8.496509E-03,-2.343771E-03,0,0,0,0
Lu_6s12,115,5.44817717E-04,-7.077148E+01,3.334560E+02,9.146513E-03,-2.534729E-03,0,0,0,0
Lu_6s12,116,5.96149619E-04,-7.074942E+01,2.834875E+02,9.841477E-03,-2.738840E-03,0,0,0,0
Lu_6s12,117,6.52252617E-04,-7.072526E+01,2.388273E+02,1.058379E-02,-2.956956E-03,0,0,0,0
Lu_6s12,118,7.13560914E-04,-7.069881E+01,1.990107E+02,1.137585E-02,-3.189949E-03,0,0,0,0
Lu_6s12,119,7.80546942E-04,-7.066985E+01,1.636079E+02,1.221997E-02,-3.438712E-03,0,0,0,0
Lu_6s12,120,8.53724541E-04,-7.063816E+01,1.322209E+02,1.311843E-02,-3.704146E-03,0,0,0,0
Lu_6s12,121,9.33652389E-04,-7.060348E+01,1.044807E+02,1.407336E-02,-3.987157E-03,0,0,0,0
Lu_6s12,122,1.02093769E-03,-7.056555E+01,8.004505E+01,1.508669E-02,-4.288645E-03,0,0,0,0
Lu_6s12,123,1.11624013E-03,-7.052407E+01,5.859603E+01,1.616013E-02,-4.609495E-03,0,0,0,0
Lu_6s12,124,1.22027613E-03,-7.047871E+01,3.983878E+01,1.729505E-02,-4.950561E-03,0,0,0,0
Lu_6s12,125,1.33382338E-03,-7.042915E+01,2.349988E+01,1.849241E-02,-5.312651E-03,0,0,0,0
Lu_6s12,126,1.45772573E-03,-7.037500E+01,9.326127E+00,1.975265E-02,-5.696507E-03,0,0,0,0
Lu_6s12,127,1.59289840E-03,-7.031586E+01,-2.916405E+00,2.107556E-02,-6.102786E-03,0,0,0,0
Lu_6s12,128,1.74033353E-03,-7.025132E+01,-1.344328E+01,2.246016E-02,-6.532027E-03,0,0,0,0
Lu_6s12,129,1.90110615E-03,-7.018089E+01,-2.245243E+01,2.390456E-02,-6.984629E-03,0,0,0,0
Lu_6s12,130,2.07638050E-03,-7.010410E+01,-3.012491E+01,2.540572E-02,-7.460812E-03,0,0,0,0
Lu_6s12,131,2.26741677E-03,-7.002042E+01,-3.662553E+01,2.695934E-02,-7.960579E-03,0,0,0,0
Lu_6s12,132,2.47557828E-03,-6.992927E+01,-4.210360E+01,2.855958E-02,-8.483669E-03,0,0,0,0
Lu_6s12,133,2.70233906E-03,-6.983007E+01,-4.669358E+01,3.019887E-02,-9.029513E-03,0,0,0,0
Lu_6s12,134,2.94929195E-03,-6.972219E+01,-5.051592E+01,3.186761E-02,-9.597178E-03,0,0,0,0
Lu_6s12,135,3.21815711E-03,-6.960495E+01,-5.367778E+01,3.355395E-02,-1.018530E-02,0,0,0,0
Lu_6s12,136,3.51079106E-03,-6.947767E+01,-5.627394E+01,3.524345E-02,-1.079205E-02,0,0,0,0
Lu_6s12,137,3.82919619E-03,-6.933960E+01,-5.838764E+01,3.691884E-02,-1.141500E-02,0,0,0,0
Lu_6s12,138,4.17553074E-03,-6.918999E+01,-6.009153E+01,3.855971E-02,-1.205112E-02,0,0,0,0
Lu_6s12,139,4.55211944E-03,-6.902805E+01,-6.144855E+01,4.014218E-02,-1.269669E-02,0,0,0,0
Lu_6s12,140,4.96146447E-03,-6.885296E+01,-6.251288E+01,4.163872E-02,-1.334719E-02,0,0,0,0
Lu_6s12,141,5.40625706E-03,-6.866388E+01,-6.333086E+01,4.301786E-02,-1.399725E-02,0,0,0,0
Lu_6s12,142,5.88938963E-03,-6.845996E+01,-6.394180E+01,4.424406E-02,-1.464058E-02,0,0,0,0
Lu_6s12,143,6.41396839E-03,-6.824032E+01,-6.437887E+01,4.527761E-02,-1.526994E-02,0,0,0,0
Lu_6s12,144,6.98332646E-03,-6.800407E+01,-6.466984E+01,4.607467E-02,-1.587702E-02,0,0,0,0
Lu_6s12,145,7.60103751E-03,-6.775030E+01,-6.483782E+01,4.658744E-02,-1.645249E-02,0,0,0,0
Lu_6s12,146,8.27092988E-03,-6.747811E+01,-6.490189E+01,4.676451E-02,-1.698595E-02,0,0,0,0
Lu_6s12,147,8.99710118E-03,-6.718657E+01,-6.487768E+01,4.655147E-02,-1.746664E-02,0,0,0,0
Lu_6s12,148,9.78393329E-03,-6.687474E+01,-6.477793E+01,4.589170E-02,-1.788158E-02,0,0,0,0
Lu_6s12,149,1.06361078E-02,-6.654167E+01,-6.461289E+01,4.472760E-02,-1.821751E-02,0,0,0,0
Lu_6s12,150,1.15586218E-02,-6.618641E+01,-6.439076E+01,4.300207E-02,-1.846044E-02,0,0,0,0
Lu_6s12,151,1.25568040E-02,-6.580796E+01,-6.411802E+01,4.066040E-02,-1.859592E-02,0,0,0,0
Lu_6s12,152,1.36363313E-02,-6.540535E+01,-6.379971E+01,3.765269E-02,-1.860930E-02,0,0,0,0
Lu_6s12,153,1.48032451E-02,-6.497756E+01,-6.343968E+01,3.393652E-02,-1.848609E-02,0,0,0,0
Lu_6s12,154,1.60639684E-02,-6.452362E+01,-6.304086E+01,2.948026E-02,-1.821244E-02,0,0,0,0
Lu_6s12,155,1.74253227E-02,-6.404254E+01,-6.260539E+01,2.426663E-02,-1.777563E-02,0,0,0,0
Lu_6s12,156,1.88945447E-02,-6.353341E+01,-6.213477E+01,1.829669E-02,-1.716470E-02,0,0,0,0
Lu_6s12,157,2.04793037E-02,-6.299539E+01,-6.163009E+01,1.159399E-02,-1.637109E-02,0,0,0,0
Lu_6s12,158,2.21877176E-02,-6.242773E+01,-6.109207E+01,4.208789E-03,-1.538938E-02,0,0,0,0
Lu_6s12,159,2.40283703E-02,-6.182981E+01,-6.052116E+01,-3.777836E-03,-1.421804E-02,0,0,0,0
Lu_6s12,160,2.60103273E-02,-6.120111E+01,-5.991767E+01,-1.225039E-02,-1.286013E-02,0,0,0,0
Lu_6s12,161,2.81431521E-02,-6.054115E+01,-5.928175E+01,-2.105608E-02,-1.132405E-02,0,0,0,0
Lu_6s12,162,3.04369210E-02,-5.984944E+01,-5.861345E+01,-3.000316E-02,-9.624120E-03,0,0,0,0
Lu_6s12,163,3.29022384E-02,-5.912547E+01,-5.791265E+01,-3.886077E-02,-7.781066E-03,0,0,0,0
Lu_6s12,164,3.55502504E-02,-5.836870E+01,-5.717917E+01,-4.736094E-02,-5.822288E-03,0,0,0,0
Lu_6s12,165,3.83926583E-02,-5.757864E+01,-5.641276E+01,-5.520295E-02,-3.781880E-03,0,0,0,0
Lu_6s12,166,4.14417311E-02,-5.675496E+01,-5.561322E+01,-6.206062E-02,-1.700329E-03,0,0,0,0
Lu_6s12,167,4.47103165E-02,-5.589759E+01,-5.478053E+01,-6.759265E-02,3.761620E-04,0,0,0,0
Lu_6s12,168,4.82118514E-02,-5.500674E+01,-5.391492E+01,-7.145626E-02,2.396748E-03,0,0,0,0
Lu_6s12,169,5.19603709E-02,-5.408297E+01,-5.301688E+01,-7.332381E-02,4.307446E-03,0,0,0,0
Lu_6s12,170,5.59705163E-02,-5.312708E+01,-5.208717E+01,-7.290226E-02,6.053034E-03,0,0,0,0
Lu_6s12,171,6.02575411E-02,-5.214002E+01,-5.112669E+01,-6.995455E-02,7.579301E-03,0,0,0,0
Lu_6s12,172,6.48373163E-02,-5.112282E+01,-5.013644E+01,-6.432199E-02,8.835579E-03,0,0,0,0
Lu_6s12,173,6.97263340E-02,-5.007654E+01,-4.911743E+01,-5.594629E-02,9.777414E-03,0,0,0,0
Lu_6s12,174,7.49417091E-02,-4.900230E+01,-4.807073E+01,-4.488960E-02,1.036927E-02,0,0,0,0
Lu_6s12,175,8.05011798E-02,-4.790126E+01,-4.699747E+01,-3.135057E-02,1.058705E-02,0,0,0,0
Lu_6s12,176,8.64231061E-02,-4.677502E+01,-4.589918E+01,-1.567469E-02,1.042030E-02,0,0,0,0
Lu_6s12,177,9.27264671E-02,-4.562538E+01,-4.477757E+01,1.643252E-03,9.873814E-03,0,0,0,0
Lu_6s12,178,9.94308562E-02,-4.445469E+01,-4.363489E+01,1.996589E-02,8.968543E-03,0,0,0,0
Lu_6s12,179,1.06556475E-01,-4.326541E+01,-4.247351E+01,3.853054E-02,7.741594E-03,0,0,0,0
Lu_6s12,180,1.14124124E-01,-4.205996E+01,-4.129577E+01,5.647722E-02,6.245265E-03,0,0,0,0
Lu_6s12,181,1.22155196E-01,-4.084052E+01,-4.010381E+01,7.288722E-02,4.545093E-03,0,0,0,0
Lu_6s12,182,1.30671661E-01,-3.960930E+01,-3.889979E+01,8.683060E-02,2.716980E-03,0,0,0,0
Lu_6s12,183,1.39696055E-01,-3.836869E+01,-3.768605E+01,9.742063E-02,8.435040E-04,0,0,0,0
Lu_6s12,184,1.49251467E-01,-3.712155E+01,-3.646541E+01,1.038716E-01,-9.903757E-04,0,0,0,0
Lu_6s12,185,1.59361522E-01,-3.587132E+01,-3.524120E+01,1.055563E-01,-2.701947E-03,0,0,0,0
Lu_6s12,186,1.70050362E-01,-3.462150E+01,-3.401689E+01,1.020579E-01,-4.215355E-03,0,0,0,0
Lu_6s12,187,1.81342630E-01,-3.337542E+01,-3.279572E+01,9.321353E-02,-5.465841E-03,0,0,0,0
Lu_6s12,188,1.93263449E-01,-3.213569E+01,-3.158030E+01,7.914352E-02,-6.403293E-03,0,0,0,0
Lu_6s12,189,2.05838402E-01,-3.090408E+01,-3.037233E+01,6.026452E-02,-6.994862E-03,0,0,0,0
Lu_6s12,190,2.19093507E-01,-2.968140E+01,-2.917261E+01,3.728383E-02,-7.226493E-03,0,0,0,0
Lu_6s12,191,2.33055201E-01,-2.846816E+01,-2.798166E+01,1.117411E-02,-7.103285E-03,0,0,0,0
Lu_6s12,192,2.47750307E-01,-2.726489E+01,-2.679996E+01,-1.687104E-02,-6.648656E-03,0,0,0,0
Lu_6s12,193,2.63206019E-01,-2.607291E+01,-2.562885E+01,-4.549816E-02,-5.902355E-03,0,0,0,0
Lu_6s12,194,2.79449870E-01,-2.489435E+01,-2.447042E+01,-7.326812E-02,-4.917443E-03,0,0,0,0
Lu_6s12,195,2.96509710E-01,-2.373169E+01,-2.332713E+01,-9.873779E-02,-3.756483E-03,0,0,0,0
Lu_6s12,196,3.14413681E-01,-2.258696E+01,-2.220100E+01,-1.205434E-01,-2.487300E-03,0,0,0,0
Lu_6s12,197,3.33190188E-01,-2.146130E+01,-2.109320E+01,-1.374794E-01,-1.178688E-03,0,0,0,0
Lu_6s12,198,3.52867877E-01,-2.035548E+01,-2.000453E+01,-1.485677E-01,1.036435E-04,0,0,0,0
Lu_6s12,199,3.73475605E-01,-1.927067E+01,-1.893617E+01,-1.531115E-01,1.300643E-03,0,0,0,0
Lu_6s12,200,3.95042416E-01,-1.820943E+01,-1.789069E+01,-1.507315E-01,2.362836E-03,0,0,0,0
Lu_6s12,201,4.17597515E-01,-1.717551E+01,-1.687185E+01,-1.413797E-01,3.252388E-03,0,0,0,0
Lu_6s12,202,4.41170244E-01,-1.617347E+01,-1.588422E+01,-1.253332E-01,3.944149E-03,0,0,0,0
Lu_6s12,203,4.65790054E-01,-1.520802E+01,-1.493253E+01,-1.031675E-01,4.425663E-03,0,0,0,0
Lu_6s12,204,4.91486481E-01,-1.428334E+01,-1.402097E+01,-7.571503E-02,4.696266E-03,0,0,0,0
Lu_6s12,205,5.18289124E-01,-1.340261E+01,-1.315275E+01,-4.401161E-02,4.765463E-03,0,0,0,0
Lu_6s12,206,5.46227617E-01,-1.256783E+01,-1.232987E+01,-9.238109E-03,4.650901E-03,0,0,0,0
Lu_6s12,207,5.75331612E-01,-1.177967E+01,-1.155305E+01,2.734026E-02,4.376161E-03,0,0,0,0
Lu_6s12,208,6.05630751E-01,-1.103791E+01,-1.082206E+01,6.443202E-02,3.968611E-03,0,0,0,0
Lu_6s12,209,6.37154647E-01,-1.034137E+01,-1.013575E+01,1.007726E-01,3.457457E-03,0,0,0,0
Lu_6s12,210,6.69932864E-01,-9.688292E+00,-9.492398E+00,1.351708E-01,2.872078E-03,0,0,0,0
Lu_6s12,211,7.03994894E-01,-9.076812E+00,-8.890143E+00,1.665462E-01,2.240678E-03,0,0,0,0
Lu_6s12,212,7.39370141E-01,-8.504780E+00,-8.326863E+00,1.939594E-01,1.589255E-03,0,0,0,0
Lu_6s12,213,7.76087899E-01,-7.970104E+00,-7.800486E+00,2.166320E-01,9.408753E-04,0,0,0,0
Lu_6s12,214,8.14177341E-01,-7.470733E+00,-7.308980E+00,2.339587E-01,3.152223E-04,0,0,0,0
Lu_6s12,215,8.53667493E-01,-7.004632E+00,-6.850333E+00,2.455119E-01,-2.716135E-04,0,0,0,0
Lu_6s12,216,8.94587226E-01,-6.569778E+00,-6.422541E+00,2.510387E-01,-8.071399E-04,0,0,0,0
Lu_6s12,217,9.36965239E-01,-6.164163E+00,-6.023616E+00,2.504532E-01,-1.282310E-03,0,0,0,0
Lu_6s12,218,9.80830042E-01,-5.785828E+00,-5.651619E+00,2.438234E-01,-1.691258E-03,0,0,0,0
Lu_6s12,219,1.02620995E+00,-5.432904E+00,-5.304700E+00,2.313556E-01,-2.030954E-03,0,0,0,0
Lu_6s12,220,1.07313306E+00,-5.103643E+00,-4.981127E+00,2.133759E-01,-2.300829E-03,0,0,0,0
Lu_6s12,221,1.12162725E+00,-4.796473E+00,-4.679348E+00,1.903105E-01,-2.502375E-03,0,0,0,0
Lu_6s12,222,1.17172015E+00,-4.509912E+00,-4.397896E+00,1.626656E-01,-2.638751E-03,0,0,0,0
Lu_6s12,223,1.22343919E+00,-4.242643E+00,-4.135470E+00,1.310072E-01,-2.714403E-03,0,0,0,0
Lu_6s12,224,1.27681148E+00,-3.993417E+00,-3.890836E+00,9.594208E-02,-2.734710E-03,0,0,0,0
Lu_6s12,225,1.33186393E+00,-3.761051E+00,-3.662824E+00,5.810001E-02,-2.705662E-03,0,0,0,0
Lu_6s12,226,1.38862315E+00,-3.544410E+00,-3.450314E+00,1.811743E-02,-2.633589E-03,0,0,0,0
Lu_6s12,227,1.44711548E+00,-3.342396E+00,-3.252220E+00,-2.337669E-02,-2.524921E-03,0,0,0,0
Lu_6s12,228,1.50736699E+00,-3.153955E+00,-3.067500E+00,-6.577309E-02,-2.386001E-03,0,0,0,0
Lu_6s12,229,1.56940344E+00,-2.978073E+00,-2.895151E+00,-1.084925E-01,-2.222935E-03,0,0,0,0
Lu_6s12,230,1.63325033E+00,-2.813800E+00,-2.734234E+00,-1.509939E-01,-2.041484E-03,0,0,0,0
Lu_6s12,231,1.69893283E+00,-2.660255E+00,-2.583878E+00,-1.927813E-01,-1.846981E-03,0,0,0,0
Lu_6s12,232,1.76647584E+00,-2.516639E+00,-2.443293E+00,-2.334082E-01,-1.644278E-03,0,0,0,0
Lu_6s12,233,1.83590395E+00,-2.382246E+00,-2.311782E+00,-2.724809E-01,-1.437716E-03,0,0,0,0
Lu_6s12,234,1.90724144E+00,-2.256463E+00,-2.188742E+00,-3.096607E-01,-1.231106E-03,0,0,0,0
Lu_6s12,235,1.98051228E+00,-2.138770E+00,-2.073658E+00,-3.446639E-01,-1.027733E-03,0,0,0,0
Lu_6s12,236,2.05574015E+00,-2.028725E+00,-1.966097E+00,-3.772614E-01,-8.303563E-04,0,0,0,0
Lu_6s12,237,2.13294840E+00,-1.925951E+00,-1.865688E+00,-4.072764E-01,-6.412389E-04,0,0,0,0
Lu_6s12,238,2.21216008E+00,-1.830112E+00,-1.772103E+00,-4.345824E-01,-4.621691E-04,0,0,0,0
Lu_6s12,239,2.29339794E+00,-1.740893E+00,-1.685031E+00,-4.590990E-01,-2.944990E-04,0,0,0,0
Lu_6s12,240,2.37668441E+00,-1.657974E+00,-1.604160E+00,-4.807887E-01,-1.391878E-04,0,0,0,0
Lu_6s12,241,2.46204160E+00,-1.581013E+00,-1.529153E+00,-4.996521E-01,3.148125E-06,0,0,0,0
Lu_6s12,242,2.54949133E+00,-1.510614E+00,-1.460618E+00,-5.157240E-01,1.322529E-04,0,0,0,0
Lu_6s12,243,2.63905511E+00,-1.447346E+00,-1.399129E+00,-5.290657E-01,2.482512E-04,0,0,0,0
Lu_6s12,244,2.73075413E+00,-1.390683E+00,-1.344164E+00,-5.397584E-01,3.515216E-04,0,0,0,0
Lu_6s12,245,2.82460929E+00,-1.340113E+00,-1.295216E+00,-5.478988E-01,4.425778E-04,0,0,0,0
Lu_6s12,246,2.92064119E+00,-1.295138E+00,-1.251791E+00,-5.535956E-01,5.220266E-04,0,0,0,0
Lu_6s12,247,3.01887011E+00,-1.255280E+00,-1.213416E+00,-5.569666E-01,5.905382E-04,0,0,0,0
Lu_6s12,248,3.11931605E+00,-1.220084E+00,-1.179637E+00,-5.581366E-01,6.488220E-04,0,0,0,0
Lu_6s12,249,3.22199870E+00,-1.189114E+00,-1.150023E+00,-5.572345E-01,6.975999E-04,0,0,0,0
Lu_6s12,250,3.32693748E+00,-1.161962E+00,-1.124169E+00,-5.543926E-01,7.375919E-04,0,0,0,0
Lu_6s12,251,3.43415149E+00,-1.138242E+00,-1.101692E+00,-5.497444E-01,7.695029E-04,0,0,0,0
Lu_6s12,252,3.54365956E+00,-1.117598E+00,-1.082237E+00,-5.434241E-01,7.940145E-04,0,0,0,0
Lu_6s12,253,3.65548024E+00,-1.099695E+00,-1.065474E+00,-5.355651E-01,8.117785E-04,0,0,0,0
Lu_6s12,254,3.76963178E+00,-1.084227E+00,-1.051099E+00,-5.262999E-01,8.234135E-04,0,0,0,0
Lu_6s12,255,3.88613217E+00,-1.070913E+00,-1.038832E+00,-5.157590E-01,8.295034E-04,0,0,0,0
Lu_6s12,256,4.00499912E+00,-1.059495E+00,-1.028419E+00,-5.040708E-01,8.305966E-04,0,0,0,0
Lu_6s12,257,4.12625005E+00,-1.049740E+00,-1.019628E+00,-4.913610E-01,8.272067E-04,0,0,0,0
Lu_6s12,258,4.24990215E+00,-1.041437E+00,-1.012250E+00,-4.777522E-01,8.198141E-04,0,0,0,0
Lu_6s12,259,4.37597231E+00,-1.034397E+00,-1.006098E+00,-4.633636E-01,8.088671E-04,0,0,0,0
Lu_6s12,260,4.50447717E+00,-1.028451E+00,-1.001005E+00,-4.483110E-01,7.947840E-04,0,0,0,0
Lu_6s12,261,4.63543312E+00,-1.023448E+00,-9.968211E-01,-4.327059E-01,7.779551E-04,0,0,0,0
Lu_6s12,262,4.76885630E+00,-1.019254E+00,-9.934149E-01,-4.166560E-01,7.587443E-04,0,0,0,0
Lu_6s12,263,4.90476257E+00,-1.015752E+00,-9.906704E-01,-4.002643E-01,7.374911E-04,0,0,0,0
Lu_6s12,264,5.04316759E+00,-1.012840E+00,-9.884863E-01,-3.836290E-01,7.145121E-04,0,0,0,0
Lu_6s12,265,5.18408673E+00,-1.010427E+00,-9.867740E-01,-3.668437E-01,6.901020E-04,0,0,0,0
Lu_6s12,266,5.32753516E+00,-1.008436E+00,-9.854572E-01,-3.499964E-01,6.645354E-04,0,0,0,0
Lu_6s12,267,5.47352778E+00,-1.006800E+00,-9.844696E-01,-3.331700E-01,6.380671E-04,0,0,0,0
Lu_6s12,268,5.62207929E+00,-1.005460E+00,-9.837547E-01,-3.164417E-01,6.109337E-04,0,0,0,0
Lu_6s12,269,5.77320413E+00,-1.004368E+00,-9.832640E-01,-2.998831E-01,5.833535E-04,0,0,0,0
Lu_6s12,270,5.92691655E+00,-1.003481E+00,-9.829565E-01,-2.835600E-01,5.555278E-04,0,0,0,0
Lu_6s12,271,6.08323056E+00,-1.002763E+00,-9.827976E-01,-2.675322E-01,5.276410E-04,0,0,0,0
Lu_6s12,272,6.24215994E+00,-1.002185E+00,-9.827581E-01,-2.518536E-01,4.998610E-04,0,0,0,0
Lu_6s12,273,6.40371829E+00,-1.001721E+00,-9.828137E-01,-2.365723E-01,4.723401E-04,0,0,0,0
Lu_6s12,274,6.56791896E+00,-1.001351E+00,-9.829440E-01,-2.217305E-01,4.452149E-04,0,0,0,0
Lu_6s12,275,6.73477513E+00,-1.001056E+00,-9.831324E-01,-2.073644E-01,4.186072E-04,0,0,0,0
Lu_6s12,276,6.90429975E+00,-1.000822E+00,-9.833652E-01,-1.935050E-01,3.926239E-04,0,0,0,0
Lu_6s12,277,7.07650558E+00,-1.000637E+00,-9.836311E-01,-1.801773E-01,3.673583E-04,0,0,0,0
Lu_6s12,278,7.25140519E+00,-1.000492E+00,-9.839210E-01,-1.674014E-01,3.428898E-04,0,0,0,0
Lu_6s12,279,7.42901095E+00,-1.000379E+00,-9.842277E-01,-1.551923E-01,3.192850E-04,0,0,0,0
Lu_6s12,280,7.60933504E+00,-1.000290E+00,-9.845452E-01,-1.435602E-01,2.965982E-04,0,0,0,0
Lu_6s12,281,7.79238945E+00,-1.000221E+00,-9.848689E-01,-1.325107E-01,2.748721E-04,0,0,0,0
Lu_6s12,282,7.97818600E+00,-1.000168E+00,-9.851951E-01,-1.220454E-01,2.541386E-04,0,0,0,0
Lu_6s12,283,8.16673632E+00,-1.000127E+00,-9.855210E-01,-1.121621E-01,2.344191E-04,0,0,0,0
Lu_6s12,284,8.35805186E+00,-1.000096E+00,-9.858445E-01,-1.028548E-01,2.157260E-04,0,0,0,0
Lu_6s12,285,8.55214390E+00,-1.000072E+00,-9.861639E-01,-9.411467E-02,1.980628E-04,0,0,0,0
Lu_6s12,286,8.74902356E+00,-1.000054E+00,-9.864779E-01,-8.592993E-02,1.814254E-04,0,0,0,0
Lu_6s12,287,8.94870178E+00,-1.000040E+00,-9.867857E-01,-7.828632E-02,1.658026E-04,0,0,0,0
Lu_6s12,288,9.15118934E+00,-1.000030E+00,-9.870867E-01,-7.116748E-02,1.511769E-04,0,0,0,0
Lu_6s12,289,9.35649685E+00,-1.000022E+00,-9.873805E-01,-6.455523E-02,1.375254E-04,0,0,0,0
Lu_6s12,290,9.56463477E+00,-1.000016E+00,-9.876668E-01,-5.842992E-02,1.248208E-04,0,0,0,0
Lu_6s12,291,9.77561341E+00,-1.000012E+00,-9.879455E-01,-5.277071E-02,1.130314E-04,0,0,0,0
Lu_6s12,292,9.98944291E+00,-1.000009E+00,-9.882166E-01,-4.755587E-02,1.021226E-04,0,0,0,0
Lu_6s12,293,1.02061333E+01,-1.000006E+00,-9.884801E-01,-4.276305E-02,9.205702E-05,0,0,0,0
Lu_6s12,294,1.04256943E+01,-1.000005E+00,-9.887362E-01,-3.836950E-02,8.279536E-05,0,0,0,0
Lu_6s12,295,1.06481358E+01,-1.000003E+00,-9.889850E-01,-3.435234E-02,7.429689E-05,0,0,0,0
Lu_6s12,296,1.08734673E+01,-1.000002E+00,-9.892266E-01,-3.068872E-02,6.652001E-05,0,0,0,0
Lu_6s12,297,1.11016982E+01,-1.000002E+00,-9.894613E-01,-2.735603E-02,5.942267E-05,0,0,0,0
Lu_6s12,298,1.13328377E+01,-1.000001E+00,-9.896892E-01,-2.433207E-02,5.296287E-05,0,0,0,0
Lu_6s12,299,1.15668951E+01,-1.000001E+00,-9.899106E-01,-2.159514E-02,4.709896E-05,0,0,0,0
Lu_6s12,300,1.18038794E+01,-1.000001E+00,-9.901256E-01,-1.912422E-02,4.179001E-05,0,0,0,0
Lu_6s12,301,1.20437994E+01,-1.000000E+00,-9.903344E-01,-1.689902E-02,3.699610E-05,0,0,0,0
Lu_6s12,302,1.22866639E+01,-1.000000E+00,-9.905374E-01,-1.490009E-02,3.267852E-05,0,0,0,0
Lu_6s12,303,1.25324816E+01,-1.000000E+00,-9.907345E-01,-1.310889E-02,2.879999E-05,0,0,0,0
Lu_6s12,304,1.27812609E+01,-1.000000E+00,-9.909261E-01,-1.150777E-02,2.532484E-05,0,0,0,0
Lu_6s12,305,1.30330103E+01,-1.000000E+00,-9.911124E-01,-1.008010E-02,2.221907E-05,0,0,0,0
Lu_6s12,306,1.32877380E+01,-1.000000E+00,-9.912935E-01,-8.810208E-03,1.945048E-05,0,0,0,0
Lu_6s12,307,1.35454521E+01,-1.000000E+00,-9.914695E-01,-7.683421E-03,1.698871E-05,0,0,0,0
Lu_6s12,308,1.38061608E+01,-1.000000E+00,-9.916408E-01,-6.686050E-03,1.480527E-05,0,0,0,0
Lu_6s12,309,1.40698719E+01,-1.000000E+00,-9.918073E-01,-5.805380E-03,1.287356E-05,0,0,0,0
Lu_6s12,310,1.43365932E+01,-1.000000E+00,-9.919694E-01,-5.029642E-03,1.116882E-05,0,0,0,0
Lu_6s12,311,1.46063325E+01,-1.000000E+00,-9.921271E-01,-4.347989E-03,9.668138E-06,0,0,0,0
Lu_6s12,312,1.48790974E+01,-1.000000E+00,-9.922805E-01,-3.750456E-03,8.350358E-06,0,0,0,0
Lu_6s12,313,1.51548954E+01,-1.000000E+00,-9.924299E-01,-3.227925E-03,7.196051E-06,0,0,0,0
Lu_6s12,314,1.54337338E+01,-1.000000E+00,-9.925754E-01,-2.772081E-03,6.187431E-06,0,0,0,0
Lu_6s12,315,1.57156199E+01,-1.000000E+00,-9.927170E-01,-2.375368E-03,5.308276E-06,0,0,0,0
Lu_6s12,316,1.60005610E+01,-1.000000E+00,-9.928550E-01,-2.030943E-03,4.543846E-06,0,0,0,0
Lu_6s12,317,1.62885642E+01,-1.000000E+00,-9.929894E-01,-1.732630E-03,3.880794E-06,0,0,0,0
Lu_6s12,318,1.65796363E+01,-1.000000E+00,-9.931203E-01,-1.474874E-03,3.307078E-06,0,0,0,0
Lu_6s12,319,1.68737845E+01,-1.000000E+00,-9.932479E-01,-1.252691E-03,2.811869E-06,0,0,0,0
Lu_6s12,320,1.71710153E+01,-1.000000E+00,-9.933723E-01,-1.061628E-03,2.385462E-06,0,0,0,0
Lu_6s12,321,1.74713357E+01,-1.000000E+00,-9.934935E-01,-8.977174E-04,2.019186E-06,0,0,0,0
Lu_6s12,322,1.77747521E+01,-1.000000E+00,-9.936117E-01,-7.574348E-04,1.705322E-06,0,0,0,0
Lu_6s12,323,1.80812712E+01,-1.000000E+00,-9.937270E-01,-6.376590E-04,1.437019E-06,0,0,0,0
Lu_6s12,324,1.83908995E+01,-1.000000E+00,-9.938394E-01,-5.356347E-04,1.208217E-06,0,0,0,0
Lu_6s12,325,1.87036432E+01,-1.000000E+00,-9.939491E-01,-4.489370E-04,1.013567E-06,0,0,0,0
Lu_6s12,326,1.90195087E+01,-1.000000E+00,-9.940561E-01,-3.754376E-04,8.483712E-07,0,0,0,0
Lu_6s12,327,1.93385022E+01,-1.000000E+00,-9.941605E-01,-3.132748E-04,7.085074E-07,0,0,0,0
Lu_6s12,328,1.96606297E+01,-1.000000E+00,-9.942624E-01,-2.608240E-04,5.903747E-07,0,0,0,0
Lu_6s12,329,1.99858975E+01,-1.000000E+00,-9.943618E-01,-2.166724E-04,4.908352E-07,0,0,0,0
Lu_6s12,330,2.03143114E+01,-1.000000E+00,-9.944589E-01,-1.795945E-04,4.071626E-07,0,0,0,0
Lu_6s12,331,2.06458773E+01,-1.000000E+00,-9.945538E-01,-1.485303E-04,3.369955E-07,0,0,0,0
Lu_6s12,332,2.09806010E+01,-1.000000E+00,-9.946463E-01,-1.225657E-04,2.782941E-07,0,0,0,0
Lu_6s12,333,2.13184884E+01,-1.000000E+00,-9.947368E-01,-1.009147E-04,2.293016E-07,0,0,0,0
Lu_6s12,334,2.16595450E+01,-1.000000E+00,-9.948251E-01,-8.290315E-05,1.885095E-07,0,0,0,0
Lu_6s12,335,2.20037764E+01,-1.000000E+00,-9.949114E-01,-6.795441E-05,1.546258E-07,0,0,0,0
Lu_6s12,336,2.23511883E+01,-1.000000E+00,-9.949958E-01,-5.557684E-05,1.265473E-07,0,0,0,0
Lu_6s12,337,2.27017860E+01,-1.000000E+00,-9.950782E-01,-4.535228E-05,1.033345E-07,0,0,0,0
Lu_6s12,338,2.30555749E+01,-1.000000E+00,-9.951587E-01,-3.692604E-05,8.418985E-08,0,0,0,0
Lu_6s12,339,2.34125605E+01,-1.000000E+00,-9.952375E-01,-2.999812E-05,6.843763E-08,0,0,0,0
Lu_6s12,340,2.37727479E+01,-1.000000E+00,-9.953145E-01,-2.431547E-05,5.550740E-08,0,0,0,0
Lu_6s12,341,2.41361423E+01,-1.000000E+00,-9.953898E-01,-1.966518E-05,4.491869E-08,0,0,0,0
Lu_6s12,342,2.45027488E+01,-1.000000E+00,-9.954634E-01,-1.586861E-05,3.626796E-08,0,0,0,0
Lu_6s12,343,2.48725726E+01,-1.000000E+00,-9.955355E-01,-1.277631E-05,2.921720E-08,0,0,0,0
Lu_6s12,344,2.52456187E+01,-1.000000E+00,-9.956059E-01,-1.026353E-05,2.348406E-08,0,0,0,0
Lu_6s12,345,2.56218920E+01,-1.000000E+00,-9.956749E-01,-8.226449E-06,1.883329E-08,0,0,0,0
Lu_6s12,346,2.60013973E+01,-1.000000E+00,-9.957423E-01,-6.578873E-06,1.506946E-08,0,0,0,0
Lu_6s12,347,2.63841396E+01,-1.000000E+00,-9.958084E-01,-5.249448E-06,1.203058E-08,0,0,0,0
Lu_6s12,348,2.67701235E+01,-1.000000E+00,-9.958730E-01,-4.179249E-06,9.582813E-09,0,0,0,0
Lu_6s12,349,2.71593538E+01,-1.000000E+00,-9.959362E-01,-3.319744E-06,7.615813E-09,0,0,0,0
Lu_6s12,350,2.75518352E+01,-1.000000E+00,-9.959982E-01,-2.631070E-06,6.038873E-09,0,0,0,0
Lu_6s12,351,2.79475723E+01,-1.000000E+00,-9.960588E-01,-2.080562E-06,4.777620E-09,0,0,0,0
Lu_6s12,352,2.83465696E+01,-1.000000E+00,-9.961182E-01,-1.641532E-06,3.771228E-09,0,0,0,0
Lu_6s12,353,2.87488317E+01,-1.000000E+00,-9.961763E-01,-1.292223E-06,2.970087E-09,0,0,0,0
Lu_6s12,354,2.91543629E+01,-1.000000E+00,-9.962333E-01,-1.014949E-06,2.333835E-09,0,0,0,0
Lu_6s12,355,2.95631676E+01,-1.000000E+00,-9.962891E-01,-7.953711E-07,1.829723E-09,0,0,0,0
Lu_6s12,356,2.99752503E+01,-1.000000E+00,-9.963438E-01,-6.218894E-07,1.431247E-09,0,0,0,0
Lu_6s12,357,3.03906151E+01,-1.000000E+00,-9.963974E-01,-4.851474E-07,1.117009E-09,0,0,0,0
Lu_6s12,358,3.08092665E+01,-1.000000E+00,-9.964499E-01,-3.776166E-07,8.697851E-10,0,0,0,0
Lu_6s12,359,3.12312084E+01,-1.000000E+00,-9.965014E-01,-2.932545E-07,6.757400E-10,0,0,0,0
Lu_6s12,360,3.16564452E+01,-1.000000E+00,-9.965518E-01,-2.272238E-07,5.237924E-10,0,0,0,0
Lu_6s12,361,3.20849808E+01,-1.000000E+00,-9.966013E-01,-1.756621E-07,4.050889E-10,0,0,0,0
Lu_6s12,362,3.25168194E+01,-1.000000E+00,-9.966498E-01,-1.354930E-07,3.125738E-10,0,0,0,0
Lu_6s12,363,3.29519650E+01,-1.000000E+00,-9.966973E-01,-1.042725E-07,2.406386E-10,0,0,0,0
Lu_6s12,364,3.33904215E+01,-1.000000E+00,-9.967440E-01,-8.006375E-08,1.848367E-10,0,0,0,0
Lu_6s12,365,3.38321928E+01,-1.000000E+00,-9.967897E-01,-6.133596E-08,1.416514E-10,0,0,0,0
Lu_6s12,366,3.42772829E+01,-1.000000E+00,-9.968346E-01,-4.688207E-08,1.083086E-10,0,0,0,0
Lu_6s12,367,3.47256956E+01,-1.000000E+00,-9.968786E-01,-3.575282E-08,8.262543E-11,0,0,0,0
Lu_6s12,368,3.51774346E+01,-1.000000E+00,-9.969218E-01,-2.720352E-08,6.288873E-11,0,0,0,0
Lu_6s12,369,3.56325038E+01,-1.000000E+00,-9.969642E-01,-2.065146E-08,4.775732E-11,0,0,0,0
Lu_6s12,370,3.60909067E+01,-1.000000E+00,-9.970058E-01,-1.564180E-08,3.618382E-11,0,0,0,0
Lu_6s12,371,3.65526472E+01,-1.000000E+00,-9.970466E-01,-1.182041E-08,2.735243E-11,0,0,0,0
Lu_6s12,372,3.70177288E+01,-1.000000E+00,-9.970866E-01,-8.912253E-09,2.062928E-11,0,0,0,0
Lu_6s12,373,3.74861551E+01,-1.000000E+00,-9.971260E-01,-6.704267E-09,1.552310E-11,0,0,0,0
Lu_6s12,374,3.79579298E+01,-1.000000E+00,-9.971646E-01,-5.031800E-09,1.165409E-11,0,0,0,0
Lu_6s12,375,3.84330562E+01,-1.000000E+00,-9.972025E-01,-3.767933E-09,8.729381E-12,0,0,0,0
Lu_6s12,376,3.89115379E+01,-1.000000E+00,-9.972397E-01,-2.815077E-09,6.523692E-12,0,0,0,0
Lu_6s12,377,3.93933783E+01,-1.000000E+00,-9.972763E-01,-2.098380E-09,4.864159E-12,0,0,0,0
Lu_6s12,378,3.98785809E+01,-1.000000E+00,-9.973122E-01,-1.560573E-09,3.618479E-12,0,0,0,0
Lu_6s12,379,4.03671489E+01,-1.000000E+00,-9.973475E-01,-1.157951E-09,2.685640E-12,0,0,0,0
Lu_6s12,380,4.08590858E+01,-1.000000E+00,-9.973821E-01,-8.572376E-10,1.988715E-12,0,0,0,0
Lu_6s12,381,4.13543949E+01,-1.000000E+00,-9.974162E-01,-6.331654E-10,1.469264E-12,0,0,0,0
Lu_6s12,382,4.18530793E+01,-1.000000E+00,-9.974496E-01,-4.665922E-10,1.083003E-12,0,0,0,0
Lu_6s12,383,4.23551424E+01,-1.000000E+00,-9.974825E-01,-3.430533E-10,7.964543E-13,0,0,0,0
Lu_6s12,384,4.28605874E+01,-1.000000E+00,-9.975148E-01,-2.516454E-10,5.843775E-13,0,0,0,0
Lu_6s12,385,4.33694173E+01,-1.000000E+00,-9.975466E-01,-1.841702E-10,4.277864E-13,0,0,0,0
Lu_6s12,386,4.38816354E+01,-1.000000E+00,-9.975778E-01,-1.344783E-10,3.126616E-13,0,0,0,0
Lu_6s12,387,4.43972448E+01,-1.000000E+00,-9.976085E-01,-9.796862E-11,2.271621E-13,0,0,0,0
