Orbital,Index,r,Vnuc_r,Veff_r,P,Q,P_ref1,Q_ref1,P_ref2,Q_ref2
Rh_1s12,0,2.22222222E-08,-1.426115E-02,5.625436E+06,1.813523E-05,-6.291507E-10,0,0,0,0
Rh_1s12,1,2.43686888E-08,-1.563865E-02,5.129949E+06,1.988660E-05,-7.565025E-10,0,0,0,0
Rh_1s12,2,2.67224847E-08,-1.714921E-02,4.678106E+06,2.180712E-05,-9.096462E-10,0,0,0,0
Rh_1s12,3,2.93035852E-08,-1.880563E-02,4.266069E+06,2.391313E-05,-1.093801E-09,0,0,0,0
Rh_1s12,4,3.21339917E-08,-2.062205E-02,3.890324E+06,2.622254E-05,-1.315249E-09,0,0,0,0
Rh_1s12,5,3.52377847E-08,-2.261392E-02,3.547675E+06,2.875501E-05,-1.581542E-09,0,0,0,0
Rh_1s12,6,3.86413030E-08,-2.479813E-02,3.235212E+06,3.153204E-05,-1.901755E-09,0,0,0,0
Rh_1s12,7,4.23735575E-08,-2.719331E-02,2.950269E+06,3.457729E-05,-2.286811E-09,0,0,0,0
Rh_1s12,8,4.64662192E-08,-2.981978E-02,2.690429E+06,3.791661E-05,-2.749831E-09,0,0,0,0
Rh_1s12,9,5.09540830E-08,-3.269988E-02,2.453478E+06,4.157841E-05,-3.306600E-09,0,0,0,0
Rh_1s12,10,5.58753999E-08,-3.585814E-02,2.237396E+06,4.559385E-05,-3.976109E-09,0,0,0,0
Rh_1s12,11,6.12719276E-08,-3.932137E-02,2.040350E+06,4.999705E-05,-4.781172E-09,0,0,0,0
Rh_1s12,12,6.71896597E-08,-4.311908E-02,1.860658E+06,5.482549E-05,-5.749249E-09,0,0,0,0
Rh_1s12,13,7.36788069E-08,-4.728350E-02,1.696794E+06,6.012018E-05,-6.913325E-09,0,0,0,0
Rh_1s12,14,8.07945326E-08,-5.185002E-02,1.547365E+06,6.592613E-05,-8.313077E-09,0,0,0,0
Rh_1s12,15,8.85974782E-08,-5.685758E-02,1.411096E+06,7.229276E-05,-9.996250E-09,0,0,0,0
Rh_1s12,16,9.71538449E-08,-6.234864E-02,1.286830E+06,7.927414E-05,-1.202019E-08,0,0,0,0
Rh_1s12,17,1.06536364E-07,-6.836988E-02,1.173510E+06,8.692962E-05,-1.445387E-08,0,0,0,0
Rh_1s12,18,1.16824785E-07,-7.497249E-02,1.070172E+06,9.532427E-05,-1.738025E-08,0,0,0,0
Rh_1s12,19,1.28106557E-07,-8.221258E-02,9.759356E+05,1.045294E-04,-2.089905E-08,0,0,0,0
Rh_1s12,20,1.40477809E-07,-9.015183E-02,8.899979E+05,1.146235E-04,-2.513027E-08,0,0,0,0
Rh_1s12,21,1.54043217E-07,-9.885743E-02,8.116309E+05,1.256919E-04,-3.021795E-08,0,0,0,0
Rh_1s12,22,1.68918585E-07,-1.084037E-01,7.401649E+05,1.378291E-04,-3.633566E-08,0,0,0,0
Rh_1s12,23,1.85229766E-07,-1.188714E-01,6.749944E+05,1.511380E-04,-4.369163E-08,0,0,0,0
Rh_1s12,24,2.03115995E-07,-1.303499E-01,6.155626E+05,1.657318E-04,-5.253678E-08,0,0,0,0
Rh_1s12,25,2.22728585E-07,-1.429362E-01,5.613661E+05,1.817343E-04,-6.317218E-08,0,0,0,0
Rh_1s12,26,2.44234514E-07,-1.567376E-01,5.119427E+05,1.992816E-04,-7.596032E-08,0,0,0,0
Rh_1s12,27,2.67816518E-07,-1.718713E-01,4.668719E+05,2.185228E-04,-9.133691E-08,0,0,0,0
Rh_1s12,28,2.93674455E-07,-1.884656E-01,4.257711E+05,2.396212E-04,-1.098254E-07,0,0,0,0
Rh_1s12,29,3.22029000E-07,-2.066620E-01,3.882891E+05,2.627563E-04,-1.320564E-07,0,0,0,0
Rh_1s12,30,3.53119360E-07,-2.266141E-01,3.541092E+05,2.881239E-04,-1.587858E-07,0,0,0,0
Rh_1s12,31,3.87210673E-07,-2.484919E-01,3.229392E+05,3.159401E-04,-1.909248E-07,0,0,0,0
Rh_1s12,32,4.24592535E-07,-2.724814E-01,2.945141E+05,3.464409E-04,-2.295680E-07,0,0,0,0
Rh_1s12,33,4.65581675E-07,-2.987857E-01,2.685925E+05,3.798850E-04,-2.760308E-07,0,0,0,0
Rh_1s12,34,5.10526032E-07,-3.276282E-01,2.449539E+05,4.165564E-04,-3.318949E-07,0,0,0,0
Rh_1s12,35,5.59808063E-07,-3.592541E-01,2.233969E+05,4.567667E-04,-3.990636E-07,0,0,0,0
Rh_1s12,36,6.13844178E-07,-3.939307E-01,2.037388E+05,5.008564E-04,-4.798207E-07,0,0,0,0
Rh_1s12,37,6.73095020E-07,-4.319535E-01,1.858117E+05,5.492005E-04,-5.769183E-07,0,0,0,0
Rh_1s12,38,7.38061153E-07,-4.736436E-01,1.694638E+05,6.022082E-04,-6.936574E-07,0,0,0,0
Rh_1s12,39,8.09294905E-07,-5.193552E-01,1.545557E+05,6.603297E-04,-8.340125E-07,0,0,0,0
Rh_1s12,40,8.87400674E-07,-5.694762E-01,1.409606E+05,7.240580E-04,-1.002760E-06,0,0,0,0
Rh_1s12,41,9.73041115E-07,-6.244313E-01,1.285629E+05,7.939336E-04,-1.205641E-06,0,0,0,0
Rh_1s12,42,1.06694090E-06,-6.846855E-01,1.172574E+05,8.705484E-04,-1.449553E-06,0,0,0,0
Rh_1s12,43,1.16989756E-06,-7.507500E-01,1.069478E+05,9.545524E-04,-1.742797E-06,0,0,0,0
Rh_1s12,44,1.28278253E-06,-8.231832E-01,9.754656E+04,1.046657E-03,-2.095339E-06,0,0,0,0
Rh_1s12,45,1.40655260E-06,-9.025987E-01,8.897370E+04,1.147643E-03,-2.519165E-06,0,0,0,0
Rh_1s12,46,1.54225798E-06,-9.896691E-01,8.115625E+04,1.258365E-03,-3.028689E-06,0,0,0,0
Rh_1s12,47,1.69104604E-06,-1.085129E+00,7.402790E+04,1.379762E-03,-3.641218E-06,0,0,0,0
Rh_1s12,48,1.85417702E-06,-1.189786E+00,6.752802E+04,1.512861E-03,-4.377564E-06,0,0,0,0
Rh_1s12,49,2.03303422E-06,-1.304525E+00,6.160130E+04,1.658789E-03,-5.262749E-06,0,0,0,0
Rh_1s12,50,2.22912879E-06,-1.430313E+00,5.619744E+04,1.818780E-03,-6.326819E-06,0,0,0,0
Rh_1s12,51,2.44412209E-06,-1.568210E+00,5.127046E+04,1.994189E-03,-7.605909E-06,0,0,0,0
Rh_1s12,52,2.67983341E-06,-1.719380E+00,4.677851E+04,2.186498E-03,-9.143430E-06,0,0,0,0
Rh_1s12,53,2.93825503E-06,-1.885093E+00,4.268343E+04,2.397332E-03,-1.099154E-05,0,0,0,0
Rh_1s12,54,3.22157153E-06,-2.066741E+00,3.895042E+04,2.628473E-03,-1.321290E-05,0,0,0,0
Rh_1s12,55,3.53218026E-06,-2.265849E+00,3.554776E+04,2.881874E-03,-1.588283E-05,0,0,0,0
Rh_1s12,56,3.87270272E-06,-2.484082E+00,3.244656E+04,3.159672E-03,-1.909177E-05,0,0,0,0
Rh_1s12,57,4.24601843E-06,-2.723267E+00,2.962045E+04,3.464213E-03,-2.294840E-05,0,0,0,0
Rh_1s12,58,4.65527750E-06,-2.985394E+00,2.704545E+04,3.798063E-03,-2.758319E-05,0,0,0,0
Rh_1s12,59,5.10393592E-06,-3.272641E+00,2.469970E+04,4.164036E-03,-3.315290E-05,0,0,0,0
Rh_1s12,60,5.59577840E-06,-3.587386E+00,2.256327E+04,4.565211E-03,-3.984569E-05,0,0,0,0
Rh_1s12,61,6.13495341E-06,-3.932222E+00,2.061803E+04,5.004965E-03,-4.788747E-05,0,0,0,0
Rh_1s12,62,6.72600836E-06,-4.309977E+00,1.884749E+04,5.486994E-03,-5.754940E-05,0,0,0,0
Rh_1s12,63,7.37392185E-06,-4.723727E+00,1.723597E+04,6.015342E-03,-6.915680E-05,0,0,0,0
Rh_1s12,64,8.08415363E-06,-5.176819E+00,1.577138E+04,6.594440E-03,-8.310001E-05,0,0,0,0
Rh_1s12,65,8.86268273E-06,-5.672883E+00,1.444050E+04,7.229138E-03,-9.984701E-05,0,0,0,0
Rh_1s12,66,9.71605824E-06,-6.215851E+00,1.323121E+04,7.924738E-03,-1.199587E-04,0,0,0,0
Rh_1s12,67,1.06514605E-05,-6.809973E+00,1.213442E+04,8.687047E-03,-1.441073E-04,0,0,0,0
Rh_1s12,68,1.16767499E-05,-7.459821E+00,1.114076E+04,9.522409E-03,-1.730975E-04,0,0,0,0
Rh_1s12,69,1.28005423E-05,-8.170303E+00,1.024163E+04,1.043776E-02,-2.078920E-04,0,0,0,0
Rh_1s12,70,1.40322695E-05,-8.946653E+00,9.428991E+03,1.144068E-02,-2.496420E-04,0,0,0,0
Rh_1s12,71,1.53822682E-05,-9.794433E+00,8.697338E+03,1.253945E-02,-2.997221E-04,0,0,0,0
Rh_1s12,72,1.68618598E-05,-1.071949E+01,8.040182E+03,1.374310E-02,-3.597722E-04,0,0,0,0
Rh_1s12,73,1.84834363E-05,-1.172790E+01,7.451417E+03,1.506146E-02,-4.317451E-04,0,0,0,0
Rh_1s12,74,2.02605792E-05,-1.282594E+01,6.927598E+03,1.650528E-02,-5.179631E-04,0,0,0,0
Rh_1s12,75,2.22081559E-05,-1.401992E+01,6.464381E+03,1.808623E-02,-6.211811E-04,0,0,0,0
Rh_1s12,76,2.43424471E-05,-1.531602E+01,6.058271E+03,1.981698E-02,-7.446588E-04,0,0,0,0
Rh_1s12,77,2.66812790E-05,-1.672010E+01,5.707155E+03,2.171131E-02,-8.922409E-04,0,0,0,0
Rh_1s12,78,2.92441716E-05,-1.823732E+01,5.408828E+03,2.378415E-02,-1.068444E-03,0,0,0,0
Rh_1s12,79,3.20524919E-05,-1.987173E+01,5.162723E+03,2.605161E-02,-1.278548E-03,0,0,0,0
Rh_1s12,80,3.51296338E-05,-2.162560E+01,4.968958E+03,2.853112E-02,-1.528686E-03,0,0,0,0
Rh_1s12,81,3.85012014E-05,-2.349864E+01,4.828454E+03,3.124141E-02,-1.825927E-03,0,0,0,0
Rh_1s12,82,4.21952215E-05,-2.548687E+01,4.744179E+03,3.420262E-02,-2.178339E-03,0,0,0,0
Rh_1s12,83,4.62423676E-05,-2.758111E+01,4.720265E+03,3.743629E-02,-2.595004E-03,0,0,0,0
Rh_1s12,84,5.06762051E-05,-2.976509E+01,4.763031E+03,4.096547E-02,-3.085971E-03,0,0,0,0
Rh_1s12,85,5.55334622E-05,-3.201291E+01,4.880904E+03,4.481475E-02,-3.662089E-03,0,0,0,0
Rh_1s12,86,6.08543274E-05,-3.428592E+01,5.082921E+03,4.901034E-02,-4.334666E-03,0,0,0,0
Rh_1s12,87,6.66827627E-05,-3.652908E+01,5.375344E+03,5.358030E-02,-5.114870E-03,0,0,0,0
Rh_1s12,88,7.30668595E-05,-3.866753E+01,5.747428E+03,5.855482E-02,-6.012795E-03,0,0,0,0
Rh_1s12,89,8.00592177E-05,-4.060557E+01,6.132026E+03,6.396675E-02,-7.036114E-03,0,0,0,0
Rh_1s12,90,8.77173610E-05,-4.223422E+01,6.342787E+03,6.985161E-02,-8.188468E-03,0,0,0,0
Rh_1s12,91,9.61041931E-05,-4.345839E+01,6.109126E+03,7.624685E-02,-9.468172E-03,0,0,0,0
Rh_1s12,92,1.05288485E-04,-4.424784E+01,5.339217E+03,8.319376E-02,-1.086865E-02,0,0,0,0
Rh_1s12,93,1.15345422E-04,-4.467262E+01,4.314008E+03,9.074378E-02,-1.238184E-02,0,0,0,0
Rh_1s12,94,1.26357184E-04,-4.486359E+01,3.428200E+03,9.895515E-02,-1.400304E-02,0,0,0,0
Rh_1s12,95,1.38413580E-04,-4.493632E+01,2.827552E+03,1.078853E-01,-1.573362E-02,0,0,0,0
Rh_1s12,96,1.51612748E-04,-4.495925E+01,2.434297E+03,1.175944E-01,-1.758041E-02,0,0,0,0
Rh_1s12,97,1.66061904E-04,-4.496400E+01,2.146746E+03,1.281487E-01,-1.955394E-02,0,0,0,0
Rh_1s12,98,1.81878167E-04,-4.496280E+01,1.910505E+03,1.396209E-01,-2.166702E-02,0,0,0,0
Rh_1s12,99,1.99189447E-04,-4.495974E+01,1.703669E+03,1.520898E-01,-2.393388E-02,0,0,0,0
Rh_1s12,100,2.18135417E-04,-4.495597E+01,1.518109E+03,1.656398E-01,-2.636996E-02,0,0,0,0
Rh_1s12,101,2.38868560E-04,-4.495175E+01,1.350511E+03,1.803620E-01,-2.899172E-02,0,0,0,0
Rh_1s12,102,2.61555319E-04,-4.494711E+01,1.199024E+03,1.963542E-01,-3.181675E-02,0,0,0,0
Rh_1s12,103,2.86377324E-04,-4.494204E+01,1.062225E+03,2.137219E-01,-3.486379E-02,0,0,0,0
Rh_1s12,104,3.13532746E-04,-4.493647E+01,9.388536E+02,2.325780E-01,-3.815280E-02,0,0,0,0
Rh_1s12,105,3.43237752E-04,-4.493038E+01,8.277589E+02,2.530439E-01,-4.170508E-02,0,0,0,0
Rh_1s12,106,3.75728075E-04,-4.492370E+01,7.278826E+02,2.752494E-01,-4.554332E-02,0,0,0,0
Rh_1s12,107,4.11260733E-04,-4.491640E+01,6.382505E+02,2.993337E-01,-4.969166E-02,0,0,0,0
Rh_1s12,108,4.50115867E-04,-4.490839E+01,5.579650E+02,3.254452E-01,-5.417578E-02,0,0,0,0
Rh_1s12,109,4.92598745E-04,-4.489963E+01,4.861979E+02,3.537422E-01,-5.902296E-02,0,0,0,0
Rh_1s12,110,5.39041925E-04,-4.489004E+01,4.221839E+02,3.843930E-01,-6.426214E-02,0,0,0,0
Rh_1s12,111,5.89807581E-04,-4.487954E+01,3.652153E+02,4.175762E-01,-6.992394E-02,0,0,0,0
Rh_1s12,112,6.45290023E-04,-4.486804E+01,3.146370E+02,4.534809E-01,-7.604068E-02,0,0,0,0
Rh_1s12,113,7.05918418E-04,-4.485546E+01,2.698426E+02,4.923068E-01,-8.264645E-02,0,0,0,0
Rh_1s12,114,7.72159708E-04,-4.484170E+01,2.302707E+02,5.342637E-01,-8.977702E-02,0,0,0,0
Rh_1s12,115,8.44521763E-04,-4.482664E+01,1.954018E+02,5.795719E-01,-9.746982E-02,0,0,0,0
Rh_1s12,116,9.23556778E-04,-4.481017E+01,1.647560E+02,6.284609E-01,-1.057639E-01,0,0,0,0
Rh_1s12,117,1.00986491E-03,-4.479215E+01,1.378902E+02,6.811696E-01,-1.146997E-01,0,0,0,0
Rh_1s12,118,1.10409819E-03,-4.477245E+01,1.143972E+02,7.379444E-01,-1.243191E-01,0,0,0,0
Rh_1s12,119,1.20696472E-03,-4.475091E+01,9.390273E+01,7.990385E-01,-1.346648E-01,0,0,0,0
Rh_1s12,120,1.31923320E-03,-4.472735E+01,7.606492E+01,8.647100E-01,-1.457805E-01,0,0,0,0
Rh_1s12,121,1.44173773E-03,-4.470161E+01,6.057219E+01,9.352195E-01,-1.577102E-01,0,0,0,0
Rh_1s12,122,1.57538293E-03,-4.467349E+01,4.714199E+01,1.010828E+00,-1.704978E-01,0,0,0,0
Rh_1s12,123,1.72114953E-03,-4.464276E+01,3.551929E+01,1.091791E+00,-1.841866E-01,0,0,0,0
Rh_1s12,124,1.88010018E-03,-4.460920E+01,2.547503E+01,1.178360E+00,-1.988184E-01,0,0,0,0
Rh_1s12,125,2.05338577E-03,-4.457255E+01,1.680455E+01,1.270771E+00,-2.144330E-01,0,0,0,0
Rh_1s12,126,2.24225204E-03,-4.453255E+01,9.325979E+00,1.369243E+00,-2.310669E-01,0,0,0,0
Rh_1s12,127,2.44804675E-03,-4.448890E+01,2.878559E+00,1.473971E+00,-2.487525E-01,0,0,0,0
Rh_1s12,128,2.67222716E-03,-4.444129E+01,-2.679054E+00,1.585117E+00,-2.675164E-01,0,0,0,0
Rh_1s12,129,2.91636804E-03,-4.438938E+01,-7.470479E+00,1.702802E+00,-2.873783E-01,0,0,0,0
Rh_1s12,130,3.18217011E-03,-4.433281E+01,-1.160328E+01,1.827097E+00,-3.083491E-01,0,0,0,0
Rh_1s12,131,3.47146901E-03,-4.427118E+01,-1.517060E+01,1.958008E+00,-3.304289E-01,0,0,0,0
Rh_1s12,132,3.78624466E-03,-4.420409E+01,-1.825274E+01,2.095471E+00,-3.536052E-01,0,0,0,0
Rh_1s12,133,4.12863129E-03,-4.413109E+01,-2.091858E+01,2.239330E+00,-3.778503E-01,0,0,0,0
Rh_1s12,134,4.50092781E-03,-4.405173E+01,-2.322706E+01,2.389329E+00,-4.031192E-01,0,0,0,0
Rh_1s12,135,4.90560879E-03,-4.396549E+01,-2.522837E+01,2.545096E+00,-4.293468E-01,0,0,0,0
Rh_1s12,136,5.34533597E-03,-4.387188E+01,-2.696512E+01,2.706122E+00,-4.564450E-01,0,0,0,0
Rh_1s12,137,5.82297026E-03,-4.377034E+01,-2.847345E+01,2.871752E+00,-4.843005E-01,0,0,0,0
Rh_1s12,138,6.34158424E-03,-4.366031E+01,-2.978387E+01,3.041161E+00,-5.127717E-01,0,0,0,0
Rh_1s12,139,6.90447521E-03,-4.354120E+01,-3.092214E+01,3.213348E+00,-5.416861E-01,0,0,0,0
Rh_1s12,140,7.51517875E-03,-4.341241E+01,-3.190999E+01,3.387114E+00,-5.708385E-01,0,0,0,0
Rh_1s12,141,8.17748271E-03,-4.327333E+01,-3.276570E+01,3.561056E+00,-5.999887E-01,0,0,0,0
Rh_1s12,142,8.89544175E-03,-4.312332E+01,-3.350467E+01,3.733557E+00,-6.288607E-01,0,0,0,0
Rh_1s12,143,9.67339220E-03,-4.296174E+01,-3.413989E+01,3.902783E+00,-6.571420E-01,0,0,0,0
Rh_1s12,144,1.05159675E-02,-4.278796E+01,-3.468230E+01,4.066686E+00,-6.844844E-01,0,0,0,0
Rh_1s12,145,1.14281138E-02,-4.260133E+01,-3.514115E+01,4.223016E+00,-7.105058E-01,0,0,0,0
Rh_1s12,146,1.24151062E-02,-4.240122E+01,-3.552423E+01,4.369337E+00,-7.347939E-01,0,0,0,0
Rh_1s12,147,1.34825648E-02,-4.218700E+01,-3.583817E+01,4.503058E+00,-7.569111E-01,0,0,0,0
Rh_1s12,148,1.46364718E-02,-4.195804E+01,-3.608860E+01,4.621474E+00,-7.764017E-01,0,0,0,0
Rh_1s12,149,1.58831875E-02,-4.171373E+01,-3.628031E+01,4.721818E+00,-7.928008E-01,0,0,0,0
Rh_1s12,150,1.72294681E-02,-4.145346E+01,-3.641736E+01,4.801325E+00,-8.056460E-01,0,0,0,0
Rh_1s12,151,1.86824817E-02,-4.117665E+01,-3.650327E+01,4.857310E+00,-8.144902E-01,0,0,0,0
Rh_1s12,152,2.02498260E-02,-4.088270E+01,-3.654102E+01,4.887261E+00,-8.189167E-01,0,0,0,0
Rh_1s12,153,2.19395442E-02,-4.057105E+01,-3.653318E+01,4.888934E+00,-8.185564E-01,0,0,0,0
Rh_1s12,154,2.37601426E-02,-4.024114E+01,-3.648197E+01,4.860457E+00,-8.131852E-01,0,0,0,0
Rh_1s12,155,2.57206060E-02,-3.989244E+01,-3.638930E+01,4.800444E+00,-8.025141E-01,0,0,0,0
Rh_1s12,156,2.78304141E-02,-3.952443E+01,-3.625686E+01,4.708093E+00,-7.864228E-01,0,0,0,0
Rh_1s12,157,3.00995567E-02,-3.913670E+01,-3.608613E+01,4.583289E+00,-7.649069E-01,0,0,0,0
Rh_1s12,158,3.25385485E-02,-3.872889E+01,-3.587850E+01,4.426676E+00,-7.380906E-01,0,0,0,0
Rh_1s12,159,3.51584436E-02,-3.830076E+01,-3.563526E+01,4.239718E+00,-7.062357E-01,0,0,0,0
Rh_1s12,160,3.79708483E-02,-3.785224E+01,-3.535767E+01,4.024721E+00,-6.697447E-01,0,0,0,0
Rh_1s12,161,4.09879343E-02,-3.738337E+01,-3.504700E+01,3.784821E+00,-6.291582E-01,0,0,0,0
Rh_1s12,162,4.42224493E-02,-3.689434E+01,-3.470451E+01,3.523926E+00,-5.851446E-01,0,0,0,0
Rh_1s12,163,4.76877285E-02,-3.638540E+01,-3.433143E+01,3.246620E+00,-5.384821E-01,0,0,0,0
Rh_1s12,164,5.13977028E-02,-3.585677E+01,-3.392888E+01,2.958013E+00,-4.900341E-01,0,0,0,0
Rh_1s12,165,5.53669077E-02,-3.530861E+01,-3.349785E+01,2.663566E+00,-4.407178E-01,0,0,0,0
Rh_1s12,166,5.96104891E-02,-3.474097E+01,-3.303916E+01,2.368874E+00,-3.914676E-01,0,0,0,0
Rh_1s12,167,6.41442095E-02,-3.415384E+01,-3.255351E+01,2.079435E+00,-3.431968E-01,0,0,0,0
Rh_1s12,168,6.89844506E-02,-3.354727E+01,-3.204155E+01,1.800417E+00,-2.967587E-01,0,0,0,0
Rh_1s12,169,7.41482165E-02,-3.292147E+01,-3.150404E+01,1.536434E+00,-2.529102E-01,0,0,0,0
Rh_1s12,170,7.96531339E-02,-3.227687E+01,-3.094192E+01,1.291360E+00,-2.122811E-01,0,0,0,0
Rh_1s12,171,8.55174508E-02,-3.161418E+01,-3.035631E+01,1.068173E+00,-1.753507E-01,0,0,0,0
Rh_1s12,172,9.17600344E-02,-3.093435E+01,-2.974858E+01,8.688729E-01,-1.424343E-01,0,0,0,0
Rh_1s12,173,9.84003662E-02,-3.023849E+01,-2.912021E+01,6.944483E-01,-1.136794E-01,0,0,0,0
Rh_1s12,174,1.05458536E-01,-2.952784E+01,-2.847275E+01,5.449193E-01,-8.907371E-02,0,0,0,0
Rh_1s12,175,1.12955235E-01,-2.880360E+01,-2.780776E+01,4.194335E-01,-6.846182E-02,0,0,0,0
Rh_1s12,176,1.20911745E-01,-2.806695E+01,-2.712668E+01,3.164122E-01,-5.157033E-02,0,0,0,0
Rh_1s12,177,1.29349929E-01,-2.731905E+01,-2.643096E+01,2.337298E-01,-3.803785E-02,0,0,0,0
Rh_1s12,178,1.38292216E-01,-2.656108E+01,-2.572201E+01,1.689072E-01,-2.744728E-02,0,0,0,0
Rh_1s12,179,1.47761591E-01,-2.579442E+01,-2.500145E+01,1.193025E-01,-1.935725E-02,0,0,0,0
Rh_1s12,180,1.57781575E-01,-2.502074E+01,-2.427114E+01,8.228185E-02,-1.333012E-02,0,0,0,0
Rh_1s12,181,1.68376212E-01,-2.424207E+01,-2.353331E+01,5.535921E-02,-8.954623E-03,0,0,0,0
Rh_1s12,182,1.79570046E-01,-2.346077E+01,-2.279043E+01,3.629759E-02,-5.862082E-03,0,0,0,0
Rh_1s12,183,1.91388107E-01,-2.267915E+01,-2.204502E+01,2.317028E-02,-3.736022E-03,0,0,0,0
Rh_1s12,184,2.03855884E-01,-2.189930E+01,-2.129925E+01,1.438490E-02,-2.315654E-03,0,0,0,0
Rh_1s12,185,2.16999312E-01,-2.112282E+01,-2.055490E+01,8.676690E-03,-1.394412E-03,0,0,0,0
Rh_1s12,186,2.30844738E-01,-2.035096E+01,-1.981333E+01,5.079437E-03,-8.148914E-04,0,0,0,0
Rh_1s12,187,2.45418909E-01,-1.958502E+01,-1.907598E+01,2.882886E-03,-4.616682E-04,0,0,0,0
Rh_1s12,188,2.60748939E-01,-1.882649E+01,-1.834443E+01,1.584601E-03,-2.532816E-04,0,0,0,0
Rh_1s12,189,2.76862289E-01,-1.807748E+01,-1.762087E+01,8.425928E-04,-1.344111E-04,0,0,0,0
Rh_1s12,190,2.93786740E-01,-1.734037E+01,-1.690779E+01,4.329523E-04,-6.891764E-05,0,0,0,0
Rh_1s12,191,3.11550369E-01,-1.661780E+01,-1.620790E+01,2.147343E-04,-3.410269E-05,0,0,0,0
Rh_1s12,192,3.30181523E-01,-1.591224E+01,-1.552374E+01,1.026860E-04,-1.626674E-05,0,0,0,0
Rh_1s12,193,3.49708788E-01,-1.522575E+01,-1.485743E+01,4.729053E-05,-7.470479E-06,0,0,0,0
Rh_1s12,194,3.70160971E-01,-1.455967E+01,-1.421041E+01,2.095024E-05,-3.299172E-06,0,0,0,0
Rh_1s12,195,3.91567070E-01,-1.391461E+01,-1.358333E+01,8.917621E-06,-1.399367E-06,0,0,0,0
Rh_1s12,196,4.13956246E-01,-1.329038E+01,-1.297606E+01,3.642850E-06,-5.693470E-07,0,0,0,0
Rh_1s12,197,4.37357801E-01,-1.268624E+01,-1.238794E+01,1.426416E-06,-2.219090E-07,0,0,0,0
Rh_1s12,198,4.61801153E-01,-1.210111E+01,-1.181793E+01,5.347322E-07,-8.274505E-08,0,0,0,0
Rh_1s12,199,4.87315808E-01,-1.153392E+01,-1.126502E+01,1.916803E-07,-2.947640E-08,0,0,0,0
Rh_1s12,200,5.13931339E-01,-1.098404E+01,-1.072861E+01,6.561864E-08,-1.001718E-08,0,0,0,0
Rh_1s12,201,5.41677359E-01,-1.045133E+01,-1.020862E+01,2.142567E-08,-3.242655E-09,0,0,0,0
Rh_1s12,202,5.70583501E-01,-9.936309E+00,-9.705612E+00,6.664060E-09,-9.982816E-10,0,0,0,0
Rh_1s12,203,6.00679395E-01,-9.439808E+00,-9.220450E+00,1.971835E-09,-2.917935E-10,0,0,0,0
Rh_1s12,204,6.31994644E-01,-8.962447E+00,-8.753789E+00,5.543031E-10,-1.098753E-10,0,0,0,0
Rh_1s12,205,6.64558806E-01,-8.504099E+00,-8.305540E+00,1.478338E-10,5.281865E-11,0,0,0,0
Rh_2p12,0,2.22222222E-08,-1.426115E-02,5.625436E+06,3.094527E-11,8.411330E-07,0,0,0,0
Rh_2p12,1,2.43686888E-08,-1.563865E-02,5.129949E+06,3.719327E-11,9.223641E-07,0,0,0,0
Rh_2p12,2,2.67224847E-08,-1.714921E-02,4.678106E+06,4.470818E-11,1.011460E-06,0,0,0,0
Rh_2p12,3,2.93035852E-08,-1.880563E-02,4.266069E+06,5.374634E-11,1.109159E-06,0,0,0,0
Rh_2p12,4,3.21339917E-08,-2.062205E-02,3.890324E+06,6.461611E-11,1.216284E-06,0,0,0,0
Rh_2p12,5,3.52377847E-08,-2.261392E-02,3.547675E+06,7.768826E-11,1.333764E-06,0,0,0,0
Rh_2p12,6,3.86413030E-08,-2.479813E-02,3.235212E+06,9.340854E-11,1.462589E-06,0,0,0,0
Rh_2p12,7,4.23735575E-08,-2.719331E-02,2.950269E+06,1.123131E-10,1.603852E-06,0,0,0,0
Rh_2p12,8,4.64662192E-08,-2.981978E-02,2.690429E+06,1.350466E-10,1.758771E-06,0,0,0,0
Rh_2p12,9,5.09540830E-08,-3.269988E-02,2.453478E+06,1.623841E-10,1.928639E-06,0,0,0,0
Rh_2p12,10,5.58753999E-08,-3.585814E-02,2.237396E+06,1.952578E-10,2.114911E-06,0,0,0,0
Rh_2p12,11,6.12719276E-08,-3.932137E-02,2.040350E+06,2.347884E-10,2.319171E-06,0,0,0,0
Rh_2p12,12,6.71896597E-08,-4.311908E-02,1.860658E+06,2.823238E-10,2.543153E-06,0,0,0,0
Rh_2p12,13,7.36788069E-08,-4.728350E-02,1.696794E+06,3.394844E-10,2.788782E-06,0,0,0,0
Rh_2p12,14,8.07945326E-08,-5.185002E-02,1.547365E+06,4.082186E-10,3.058110E-06,0,0,0,0
Rh_2p12,15,8.85974782E-08,-5.685758E-02,1.411096E+06,4.908701E-10,3.353442E-06,0,0,0,0
Rh_2p12,16,9.71538449E-08,-6.234864E-02,1.286830E+06,5.902557E-10,3.677312E-06,0,0,0,0
Rh_2p12,17,1.06536364E-07,-6.836988E-02,1.173510E+06,7.097629E-10,4.032452E-06,0,0,0,0
Rh_2p12,18,1.16824785E-07,-7.497249E-02,1.070172E+06,8.534651E-10,4.421885E-06,0,0,0,0
Rh_2p12,19,1.28106557E-07,-8.221258E-02,9.759356E+05,1.026260E-09,4.848886E-06,0,0,0,0
Rh_2p12,20,1.40477809E-07,-9.015183E-02,8.899979E+05,1.234037E-09,5.317142E-06,0,0,0,0
Rh_2p12,21,1.54043217E-07,-9.885743E-02,8.116309E+05,1.483876E-09,5.830608E-06,0,0,0,0
Rh_2p12,22,1.68918585E-07,-1.084037E-01,7.401649E+05,1.784292E-09,6.393639E-06,0,0,0,0
Rh_2p12,23,1.85229766E-07,-1.188714E-01,6.749944E+05,2.145521E-09,7.011027E-06,0,0,0,0
Rh_2p12,24,2.03115995E-07,-1.303499E-01,6.155626E+05,2.579872E-09,7.688000E-06,0,0,0,0
Rh_2p12,25,2.22728585E-07,-1.429362E-01,5.613661E+05,3.102143E-09,8.430387E-06,0,0,0,0
Rh_2p12,26,2.44234514E-07,-1.567376E-01,5.119427E+05,3.730127E-09,9.244364E-06,0,0,0,0
Rh_2p12,27,2.67816518E-07,-1.718713E-01,4.668719E+05,4.485220E-09,1.013698E-05,0,0,0,0
Rh_2p12,28,2.93674455E-07,-1.884656E-01,4.257711E+05,5.393139E-09,1.111567E-05,0,0,0,0
Rh_2p12,29,3.22029000E-07,-2.066620E-01,3.882891E+05,6.484820E-09,1.218889E-05,0,0,0,0
Rh_2p12,30,3.53119360E-07,-2.266141E-01,3.541092E+05,7.797431E-09,1.336578E-05,0,0,0,0
Rh_2p12,31,3.87210673E-07,-2.484919E-01,3.229392E+05,9.375684E-09,1.465606E-05,0,0,0,0
Rh_2p12,32,4.24592535E-07,-2.724814E-01,2.945141E+05,1.127333E-08,1.607094E-05,0,0,0,0
Rh_2p12,33,4.65581675E-07,-2.987857E-01,2.685925E+05,1.355498E-08,1.762246E-05,0,0,0,0
Rh_2p12,34,5.10526032E-07,-3.276282E-01,2.449539E+05,1.629831E-08,1.932355E-05,0,0,0,0
Rh_2p12,35,5.59808063E-07,-3.592541E-01,2.233969E+05,1.959675E-08,2.118889E-05,0,0,0,0
Rh_2p12,36,6.13844178E-07,-3.939307E-01,2.037388E+05,2.356253E-08,2.323421E-05,0,0,0,0
Rh_2p12,37,6.73095020E-07,-4.319535E-01,1.858117E+05,2.833069E-08,2.547681E-05,0,0,0,0
Rh_2p12,38,7.38061153E-07,-4.736436E-01,1.694638E+05,3.406345E-08,2.793596E-05,0,0,0,0
Rh_2p12,39,8.09294905E-07,-5.193552E-01,1.545557E+05,4.095594E-08,3.063211E-05,0,0,0,0
Rh_2p12,40,8.87400674E-07,-5.694762E-01,1.409606E+05,4.924266E-08,3.358829E-05,0,0,0,0
Rh_2p12,41,9.73041115E-07,-6.244313E-01,1.285629E+05,5.920556E-08,3.682978E-05,0,0,0,0
Rh_2p12,42,1.06694090E-06,-6.846855E-01,1.172574E+05,7.118348E-08,4.038393E-05,0,0,0,0
Rh_2p12,43,1.16989756E-06,-7.507500E-01,1.069478E+05,8.558384E-08,4.428073E-05,0,0,0,0
Rh_2p12,44,1.28278253E-06,-8.231832E-01,9.754656E+04,1.028963E-07,4.855353E-05,0,0,0,0
Rh_2p12,45,1.40655260E-06,-9.025987E-01,8.897370E+04,1.237094E-07,5.323807E-05,0,0,0,0
Rh_2p12,46,1.54225798E-06,-9.896691E-01,8.115625E+04,1.487307E-07,5.837432E-05,0,0,0,0
Rh_2p12,47,1.69104604E-06,-1.085129E+00,7.402790E+04,1.788105E-07,6.400606E-05,0,0,0,0
Rh_2p12,48,1.85417702E-06,-1.189786E+00,6.752802E+04,2.149708E-07,7.018032E-05,0,0,0,0
Rh_2p12,49,2.03303422E-06,-1.304525E+00,6.160130E+04,2.584401E-07,7.694977E-05,0,0,0,0
Rh_2p12,50,2.22912879E-06,-1.430313E+00,5.619744E+04,3.106944E-07,8.437183E-05,0,0,0,0
Rh_2p12,51,2.44412209E-06,-1.568210E+00,5.127046E+04,3.735079E-07,9.250869E-05,0,0,0,0
Rh_2p12,52,2.67983341E-06,-1.719380E+00,4.677851E+04,4.490124E-07,1.014297E-04,0,0,0,0
Rh_2p12,53,2.93825503E-06,-1.885093E+00,4.268343E+04,5.397696E-07,1.112103E-04,0,0,0,0
Rh_2p12,54,3.22157153E-06,-2.066741E+00,3.895042E+04,6.488573E-07,1.219327E-04,0,0,0,0
Rh_2p12,55,3.53218026E-06,-2.265849E+00,3.554776E+04,7.799739E-07,1.336877E-04,0,0,0,0
Rh_2p12,56,3.87270272E-06,-2.484082E+00,3.244656E+04,9.375614E-07,1.465747E-04,0,0,0,0
Rh_2p12,57,4.24601843E-06,-2.723267E+00,2.962045E+04,1.126957E-06,1.607020E-04,0,0,0,0
Rh_2p12,58,4.65527750E-06,-2.985394E+00,2.704545E+04,1.354570E-06,1.761891E-04,0,0,0,0
Rh_2p12,59,5.10393592E-06,-3.272641E+00,2.469970E+04,1.628098E-06,1.931662E-04,0,0,0,0
Rh_2p12,60,5.59577840E-06,-3.587386E+00,2.256327E+04,1.956785E-06,2.117766E-04,0,0,0,0
Rh_2p12,61,6.13495341E-06,-3.932222E+00,2.061803E+04,2.351727E-06,2.321764E-04,0,0,0,0
Rh_2p12,62,6.72600836E-06,-4.309977E+00,1.884749E+04,2.826244E-06,2.545373E-04,0,0,0,0
Rh_2p12,63,7.37392185E-06,-4.723727E+00,1.723597E+04,3.396318E-06,2.790470E-04,0,0,0,0
Rh_2p12,64,8.08415363E-06,-5.176819E+00,1.577138E+04,4.081125E-06,3.059106E-04,0,0,0,0
Rh_2p12,65,8.86268273E-06,-5.672883E+00,1.444050E+04,4.903661E-06,3.353539E-04,0,0,0,0
Rh_2p12,66,9.71605824E-06,-6.215851E+00,1.323121E+04,5.891491E-06,3.676223E-04,0,0,0,0
Rh_2p12,67,1.06514605E-05,-6.809973E+00,1.213442E+04,7.077647E-06,4.029851E-04,0,0,0,0
Rh_2p12,68,1.16767499E-05,-7.459821E+00,1.114076E+04,8.501684E-06,4.417368E-04,0,0,0,0
Rh_2p12,69,1.28005423E-05,-8.170303E+00,1.024163E+04,1.021094E-05,4.841992E-04,0,0,0,0
Rh_2p12,70,1.40322695E-05,-8.946653E+00,9.428991E+03,1.226202E-05,5.307242E-04,0,0,0,0
Rh_2p12,71,1.53822682E-05,-9.794433E+00,8.697338E+03,1.472255E-05,5.816947E-04,0,0,0,0
Rh_2p12,72,1.68618598E-05,-1.071949E+01,8.040182E+03,1.767322E-05,6.375308E-04,0,0,0,0
Rh_2p12,73,1.84834363E-05,-1.172790E+01,7.451417E+03,2.121018E-05,6.986891E-04,0,0,0,0
Rh_2p12,74,2.02605792E-05,-1.282594E+01,6.927598E+03,2.544781E-05,7.656663E-04,0,0,0,0
Rh_2p12,75,2.22081559E-05,-1.401992E+01,6.464381E+03,3.052190E-05,8.390046E-04,0,0,0,0
Rh_2p12,76,2.43424471E-05,-1.531602E+01,6.058271E+03,3.659324E-05,9.192929E-04,0,0,0,0
Rh_2p12,77,2.66812790E-05,-1.672010E+01,5.707155E+03,4.385169E-05,1.007169E-03,0,0,0,0
Rh_2p12,78,2.92441716E-05,-1.823732E+01,5.408828E+03,5.252054E-05,1.103326E-03,0,0,0,0
Rh_2p12,79,3.20524919E-05,-1.987173E+01,5.162723E+03,6.286122E-05,1.208512E-03,0,0,0,0
Rh_2p12,80,3.51296338E-05,-2.162560E+01,4.968958E+03,7.517805E-05,1.323534E-03,0,0,0,0
Rh_2p12,81,3.85012014E-05,-2.349864E+01,4.828454E+03,8.982266E-05,1.449263E-03,0,0,0,0
Rh_2p12,82,4.21952215E-05,-2.548687E+01,4.744179E+03,1.071976E-04,1.586632E-03,0,0,0,0
Rh_2p12,83,4.62423676E-05,-2.758111E+01,4.720265E+03,1.277583E-04,1.736641E-03,0,0,0,0
Rh_2p12,84,5.06762051E-05,-2.976509E+01,4.763031E+03,1.520113E-04,1.900362E-03,0,0,0,0
Rh_2p12,85,5.55334622E-05,-3.201291E+01,4.880904E+03,1.805087E-04,2.078935E-03,0,0,0,0
Rh_2p12,86,6.08543274E-05,-3.428592E+01,5.082921E+03,2.138329E-04,2.273582E-03,0,0,0,0
Rh_2p12,87,6.66827627E-05,-3.652908E+01,5.375344E+03,2.525715E-04,2.485615E-03,0,0,0,0
Rh_2p12,88,7.30668595E-05,-3.866753E+01,5.747428E+03,2.972757E-04,2.716452E-03,0,0,0,0
Rh_2p12,89,8.00592177E-05,-4.060557E+01,6.132026E+03,3.484000E-04,2.967587E-03,0,0,0,0
Rh_2p12,90,8.77173610E-05,-4.223422E+01,6.342787E+03,4.062252E-04,3.240441E-03,0,0,0,0
Rh_2p12,91,9.61041931E-05,-4.345839E+01,6.109126E+03,4.707925E-04,3.536603E-03,0,0,0,0
Rh_2p12,92,1.05288485E-04,-4.424784E+01,5.339217E+03,5.419369E-04,3.858731E-03,0,0,0,0
Rh_2p12,93,1.15345422E-04,-4.467262E+01,4.314008E+03,6.194960E-04,4.209932E-03,0,0,0,0
Rh_2p12,94,1.26357184E-04,-4.486359E+01,3.428200E+03,7.035268E-04,4.592107E-03,0,0,0,0
Rh_2p12,95,1.38413580E-04,-4.493632E+01,2.827552E+03,7.943837E-04,5.007042E-03,0,0,0,0
Rh_2p12,96,1.51612748E-04,-4.495925E+01,2.434297E+03,8.927157E-04,5.457856E-03,0,0,0,0
Rh_2p12,97,1.66061904E-04,-4.496400E+01,2.146746E+03,9.994141E-04,5.948183E-03,0,0,0,0
Rh_2p12,98,1.81878167E-04,-4.496280E+01,1.910505E+03,1.115554E-03,6.481575E-03,0,0,0,0
Rh_2p12,99,1.99189447E-04,-4.495974E+01,1.703669E+03,1.242365E-03,7.061701E-03,0,0,0,0
Rh_2p12,100,2.18135417E-04,-4.495597E+01,1.518109E+03,1.381237E-03,7.692524E-03,0,0,0,0
Rh_2p12,101,2.38868560E-04,-4.495175E+01,1.350511E+03,1.533734E-03,8.378344E-03,0,0,0,0
Rh_2p12,102,2.61555319E-04,-4.494711E+01,1.199024E+03,1.701623E-03,9.123819E-03,0,0,0,0
Rh_2p12,103,2.86377324E-04,-4.494204E+01,1.062225E+03,1.886902E-03,9.933983E-03,0,0,0,0
Rh_2p12,104,3.13532746E-04,-4.493647E+01,9.388536E+02,2.091840E-03,1.081426E-02,0,0,0,0
Rh_2p12,105,3.43237752E-04,-4.493038E+01,8.277589E+02,2.319018E-03,1.177051E-02,0,0,0,0
Rh_2p12,106,3.75728075E-04,-4.492370E+01,7.278826E+02,2.571377E-03,1.280902E-02,0,0,0,0
Rh_2p12,107,4.11260733E-04,-4.491640E+01,6.382505E+02,2.852279E-03,1.393654E-02,0,0,0,0
Rh_2p12,108,4.50115867E-04,-4.490839E+01,5.579650E+02,3.165573E-03,1.516034E-02,0,0,0,0
Rh_2p12,109,4.92598745E-04,-4.489963E+01,4.861979E+02,3.515670E-03,1.648821E-02,0,0,0,0
Rh_2p12,110,5.39041925E-04,-4.489004E+01,4.221839E+02,3.907636E-03,1.792847E-02,0,0,0,0
Rh_2p12,111,5.89807581E-04,-4.487954E+01,3.652153E+02,4.347297E-03,1.949003E-02,0,0,0,0
Rh_2p12,112,6.45290023E-04,-4.486804E+01,3.146370E+02,4.841358E-03,2.118240E-02,0,0,0,0
Rh_2p12,113,7.05918418E-04,-4.485546E+01,2.698426E+02,5.397551E-03,2.301571E-02,0,0,0,0
Rh_2p12,114,7.72159708E-04,-4.484170E+01,2.302707E+02,6.024790E-03,2.500071E-02,0,0,0,0
Rh_2p12,115,8.44521763E-04,-4.482664E+01,1.954018E+02,6.733369E-03,2.714884E-02,0,0,0,0
Rh_2p12,116,9.23556778E-04,-4.481017E+01,1.647560E+02,7.535176E-03,2.947214E-02,0,0,0,0
Rh_2p12,117,1.00986491E-03,-4.479215E+01,1.378902E+02,8.443952E-03,3.198338E-02,0,0,0,0
Rh_2p12,118,1.10409819E-03,-4.477245E+01,1.143972E+02,9.475578E-03,3.469593E-02,0,0,0,0
Rh_2p12,119,1.20696472E-03,-4.475091E+01,9.390273E+01,1.064841E-02,3.762382E-02,0,0,0,0
Rh_2p12,120,1.31923320E-03,-4.472735E+01,7.606492E+01,1.198369E-02,4.078169E-02,0,0,0,0
Rh_2p12,121,1.44173773E-03,-4.470161E+01,6.057219E+01,1.350594E-02,4.418474E-02,0,0,0,0
Rh_2p12,122,1.57538293E-03,-4.467349E+01,4.714199E+01,1.524350E-02,4.784867E-02,0,0,0,0
Rh_2p12,123,1.72114953E-03,-4.464276E+01,3.551929E+01,1.722913E-02,5.178959E-02,0,0,0,0
Rh_2p12,124,1.88010018E-03,-4.460920E+01,2.547503E+01,1.950058E-02,5.602395E-02,0,0,0,0
Rh_2p12,125,2.05338577E-03,-4.457255E+01,1.680455E+01,2.210144E-02,6.056834E-02,0,0,0,0
Rh_2p12,126,2.24225204E-03,-4.453255E+01,9.325979E+00,2.508185E-02,6.543938E-02,0,0,0,0
Rh_2p12,127,2.44804675E-03,-4.448890E+01,2.878559E+00,2.849952E-02,7.065349E-02,0,0,0,0
Rh_2p12,128,2.67222716E-03,-4.444129E+01,-2.679054E+00,3.242073E-02,7.622665E-02,0,0,0,0
Rh_2p12,129,2.91636804E-03,-4.438938E+01,-7.470479E+00,3.692147E-02,8.217411E-02,0,0,0,0
Rh_2p12,130,3.18217011E-03,-4.433281E+01,-1.160328E+01,4.208870E-02,8.851005E-02,0,0,0,0
Rh_2p12,131,3.47146901E-03,-4.427118E+01,-1.517060E+01,4.802172E-02,9.524715E-02,0,0,0,0
Rh_2p12,132,3.78624466E-03,-4.420409E+01,-1.825274E+01,5.483362E-02,1.023962E-01,0,0,0,0
Rh_2p12,133,4.12863129E-03,-4.413109E+01,-2.091858E+01,6.265288E-02,1.099654E-01,0,0,0,0
Rh_2p12,134,4.50092781E-03,-4.405173E+01,-2.322706E+01,7.162499E-02,1.179602E-01,0,0,0,0
Rh_2p12,135,4.90560879E-03,-4.396549E+01,-2.522837E+01,8.191412E-02,1.263820E-01,0,0,0,0
Rh_2p12,136,5.34533597E-03,-4.387188E+01,-2.696512E+01,9.370484E-02,1.352279E-01,0,0,0,0
Rh_2p12,137,5.82297026E-03,-4.377034E+01,-2.847345E+01,1.072038E-01,1.444898E-01,0,0,0,0
Rh_2p12,138,6.34158424E-03,-4.366031E+01,-2.978387E+01,1.226412E-01,1.541533E-01,0,0,0,0
Rh_2p12,139,6.90447521E-03,-4.354120E+01,-3.092214E+01,1.402723E-01,1.641972E-01,0,0,0,0
Rh_2p12,140,7.51517875E-03,-4.341241E+01,-3.190999E+01,1.603781E-01,1.745921E-01,0,0,0,0
Rh_2p12,141,8.17748271E-03,-4.327333E+01,-3.276570E+01,1.832664E-01,1.852998E-01,0,0,0,0
Rh_2p12,142,8.89544175E-03,-4.312332E+01,-3.350467E+01,2.092714E-01,1.962718E-01,0,0,0,0
Rh_2p12,143,9.67339220E-03,-4.296174E+01,-3.413989E+01,2.387532E-01,2.074491E-01,0,0,0,0
Rh_2p12,144,1.05159675E-02,-4.278796E+01,-3.468230E+01,2.720955E-01,2.187604E-01,0,0,0,0
Rh_2p12,145,1.14281138E-02,-4.260133E+01,-3.514115E+01,3.097031E-01,2.301222E-01,0,0,0,0
Rh_2p12,146,1.24151062E-02,-4.240122E+01,-3.552423E+01,3.519971E-01,2.414375E-01,0,0,0,0
Rh_2p12,147,1.34825648E-02,-4.218700E+01,-3.583817E+01,3.994083E-01,2.525959E-01,0,0,0,0
Rh_2p12,148,1.46364718E-02,-4.195804E+01,-3.608860E+01,4.523690E-01,2.634731E-01,0,0,0,0
Rh_2p12,149,1.58831875E-02,-4.171373E+01,-3.628031E+01,5.113021E-01,2.739318E-01,0,0,0,0
Rh_2p12,150,1.72294681E-02,-4.145346E+01,-3.641736E+01,5.766078E-01,2.838217E-01,0,0,0,0
Rh_2p12,151,1.86824817E-02,-4.117665E+01,-3.650327E+01,6.486472E-01,2.929815E-01,0,0,0,0
Rh_2p12,152,2.02498260E-02,-4.088270E+01,-3.654102E+01,7.277234E-01,3.012403E-01,0,0,0,0
Rh_2p12,153,2.19395442E-02,-4.057105E+01,-3.653318E+01,8.140597E-01,3.084204E-01,0,0,0,0
Rh_2p12,154,2.37601426E-02,-4.024114E+01,-3.648197E+01,9.077748E-01,3.143408E-01,0,0,0,0
Rh_2p12,155,2.57206060E-02,-3.989244E+01,-3.638930E+01,1.008857E+00,3.188207E-01,0,0,0,0
Rh_2p12,156,2.78304141E-02,-3.952443E+01,-3.625686E+01,1.117133E+00,3.216848E-01,0,0,0,0
Rh_2p12,157,3.00995567E-02,-3.913670E+01,-3.608613E+01,1.232245E+00,3.227685E-01,0,0,0,0
Rh_2p12,158,3.25385485E-02,-3.872889E+01,-3.587850E+01,1.353615E+00,3.219240E-01,0,0,0,0
Rh_2p12,159,3.51584436E-02,-3.830076E+01,-3.563526E+01,1.480425E+00,3.190268E-01,0,0,0,0
Rh_2p12,160,3.79708483E-02,-3.785224E+01,-3.535767E+01,1.611590E+00,3.139819E-01,0,0,0,0
Rh_2p12,161,4.09879343E-02,-3.738337E+01,-3.504700E+01,1.745748E+00,3.067307E-01,0,0,0,0
Rh_2p12,162,4.42224493E-02,-3.689434E+01,-3.470451E+01,1.881248E+00,2.972568E-01,0,0,0,0
Rh_2p12,163,4.76877285E-02,-3.638540E+01,-3.433143E+01,2.016153E+00,2.855913E-01,0,0,0,0
Rh_2p12,164,5.13977028E-02,-3.585677E+01,-3.392888E+01,2.148261E+00,2.718171E-01,0,0,0,0
Rh_2p12,165,5.53669077E-02,-3.530861E+01,-3.349785E+01,2.275135E+00,2.560713E-01,0,0,0,0
Rh_2p12,166,5.96104891E-02,-3.474097E+01,-3.303916E+01,2.394147E+00,2.385466E-01,0,0,0,0
Rh_2p12,167,6.41442095E-02,-3.415384E+01,-3.255351E+01,2.502550E+00,2.194893E-01,0,0,0,0
Rh_2p12,168,6.89844506E-02,-3.354727E+01,-3.204155E+01,2.597555E+00,1.991962E-01,0,0,0,0
Rh_2p12,169,7.41482165E-02,-3.292147E+01,-3.150404E+01,2.676434E+00,1.780070E-01,0,0,0,0
Rh_2p12,170,7.96531339E-02,-3.227687E+01,-3.094192E+01,2.736626E+00,1.562953E-01,0,0,0,0
Rh_2p12,171,8.55174508E-02,-3.161418E+01,-3.035631E+01,2.775855E+00,1.344569E-01,0,0,0,0
Rh_2p12,172,9.17600344E-02,-3.093435E+01,-2.974858E+01,2.792247E+00,1.128954E-01,0,0,0,0
Rh_2p12,173,9.84003662E-02,-3.023849E+01,-2.912021E+01,2.784445E+00,9.200706E-02,0,0,0,0
Rh_2p12,174,1.05458536E-01,-2.952784E+01,-2.847275E+01,2.751701E+00,7.216583E-02,0,0,0,0
Rh_2p12,175,1.12955235E-01,-2.880360E+01,-2.780776E+01,2.693954E+00,5.370780E-02,0,0,0,0
Rh_2p12,176,1.20911745E-01,-2.806695E+01,-2.712668E+01,2.611876E+00,3.691811E-02,0,0,0,0
Rh_2p12,177,1.29349929E-01,-2.731905E+01,-2.643096E+01,2.506884E+00,2.201973E-02,0,0,0,0
Rh_2p12,178,1.38292216E-01,-2.656108E+01,-2.572201E+01,2.381115E+00,9.165446E-03,0,0,0,0
Rh_2p12,179,1.47761591E-01,-2.579442E+01,-2.500145E+01,2.237355E+00,-1.566653E-03,0,0,0,0
Rh_2p12,180,1.57781575E-01,-2.502074E+01,-2.427114E+01,2.078940E+00,-1.017372E-02,0,0,0,0
Rh_2p12,181,1.68376212E-01,-2.424207E+01,-2.353331E+01,1.909612E+00,-1.672459E-02,0,0,0,0
Rh_2p12,182,1.79570046E-01,-2.346077E+01,-2.279043E+01,1.733358E+00,-2.135228E-02,0,0,0,0
Rh_2p12,183,1.91388107E-01,-2.267915E+01,-2.204502E+01,1.554228E+00,-2.424296E-02,0,0,0,0
Rh_2p12,184,2.03855884E-01,-2.189930E+01,-2.129925E+01,1.376157E+00,-2.562233E-02,0,0,0,0
Rh_2p12,185,2.16999312E-01,-2.112282E+01,-2.055490E+01,1.202792E+00,-2.574063E-02,0,0,0,0
Rh_2p12,186,2.30844738E-01,-2.035096E+01,-1.981333E+01,1.037349E+00,-2.485755E-02,0,0,0,0
Rh_2p12,187,2.45418909E-01,-1.958502E+01,-1.907598E+01,8.824970E-01,-2.322843E-02,0,0,0,0
Rh_2p12,188,2.60748939E-01,-1.882649E+01,-1.834443E+01,7.402843E-01,-2.109234E-02,0,0,0,0
Rh_2p12,189,2.76862289E-01,-1.807748E+01,-1.762087E+01,6.121026E-01,-1.866276E-02,0,0,0,0
Rh_2p12,190,2.93786740E-01,-1.734037E+01,-1.690779E+01,4.986951E-01,-1.612106E-02,0,0,0,0
Rh_2p12,191,3.11550369E-01,-1.661780E+01,-1.620790E+01,4.001999E-01,-1.361284E-02,0,0,0,0
Rh_2p12,192,3.30181523E-01,-1.591224E+01,-1.552374E+01,3.162251E-01,-1.124718E-02,0,0,0,0
Rh_2p12,193,3.49708788E-01,-1.522575E+01,-1.485743E+01,2.459460E-01,-9.098321E-03,0,0,0,0
Rh_2p12,194,3.70160971E-01,-1.455967E+01,-1.421041E+01,1.882146E-01,-7.209374E-03,0,0,0,0
Rh_2p12,195,3.91567070E-01,-1.391461E+01,-1.358333E+01,1.416713E-01,-5.597337E-03,0,0,0,0
Rh_2p12,196,4.13956246E-01,-1.329038E+01,-1.297606E+01,1.048498E-01,-4.258820E-03,0,0,0,0
Rh_2p12,197,4.37357801E-01,-1.268624E+01,-1.238794E+01,7.626964E-02,-3.175811E-03,0,0,0,0
Rh_2p12,198,4.61801153E-01,-1.210111E+01,-1.181793E+01,5.450949E-02,-2.321003E-03,0,0,0,0
Rh_2p12,199,4.87315808E-01,-1.153392E+01,-1.126502E+01,3.826183E-02,-1.662348E-03,0,0,0,0
Rh_2p12,200,5.13931339E-01,-1.098404E+01,-1.072861E+01,2.636744E-02,-1.166646E-03,0,0,0,0
Rh_2p12,201,5.41677359E-01,-1.045133E+01,-1.020862E+01,1.783259E-02,-8.021474E-04,0,0,0,0
Rh_2p12,202,5.70583501E-01,-9.936309E+00,-9.705612E+00,1.183152E-02,-5.402332E-04,0,0,0,0
Rh_2p12,203,6.00679395E-01,-9.439808E+00,-9.220450E+00,7.698075E-03,-3.563070E-04,0,0,0,0
Rh_2p12,204,6.31994644E-01,-8.962447E+00,-8.753789E+00,4.909938E-03,-2.300808E-04,0,0,0,0
Rh_2p12,205,6.64558806E-01,-8.504099E+00,-8.305540E+00,3.068722E-03,-1.454252E-04,0,0,0,0
Rh_2p12,206,6.98401370E-01,-8.063714E+00,-7.874691E+00,1.878716E-03,-8.994680E-05,0,0,0,0
Rh_2p12,207,7.33551743E-01,-7.639614E+00,-7.459600E+00,1.126208E-03,-5.442444E-05,0,0,0,0
Rh_2p12,208,7.70039224E-01,-7.230092E+00,-7.058590E+00,6.607868E-04,-3.220561E-05,0,0,0,0
Rh_2p12,209,8.07892992E-01,-6.833761E+00,-6.670306E+00,3.793315E-04,-1.863195E-05,0,0,0,0
Rh_2p12,210,8.47142087E-01,-6.450021E+00,-6.294174E+00,2.129712E-04,-1.053486E-05,0,0,0,0
Rh_2p12,211,8.87815393E-01,-6.078773E+00,-5.930120E+00,1.168956E-04,-5.819607E-06,0,0,0,0
Rh_2p12,212,9.29941626E-01,-5.720469E+00,-5.578619E+00,6.270204E-05,-3.139791E-06,0,0,0,0
Rh_2p12,213,9.73549318E-01,-5.375815E+00,-5.240402E+00,3.285526E-05,-1.653855E-06,0,0,0,0
Rh_2p12,214,1.01866680E+00,-5.045607E+00,-4.916284E+00,1.681134E-05,-8.502172E-07,0,0,0,0
Rh_2p12,215,1.06532220E+00,-4.730582E+00,-4.607023E+00,8.396730E-06,-4.264267E-07,0,0,0,0
Rh_2p12,216,1.11354343E+00,-4.431322E+00,-4.313220E+00,4.092284E-06,-2.085866E-07,0,0,0,0
Rh_2p12,217,1.16335815E+00,-4.148201E+00,-4.035268E+00,1.945393E-06,-9.947212E-08,0,0,0,0
Rh_2p12,218,1.21479379E+00,-3.881358E+00,-3.773322E+00,9.017254E-07,-4.623099E-08,0,0,0,0
Rh_2p12,219,1.26787754E+00,-3.630724E+00,-3.527330E+00,4.073859E-07,-2.093269E-08,0,0,0,0
Rh_2p12,220,1.32263631E+00,-3.396024E+00,-3.297031E+00,1.793257E-07,-9.230351E-09,0,0,0,0
Rh_2p12,221,1.37909677E+00,-3.176817E+00,-3.081996E+00,7.688179E-08,-3.962347E-09,0,0,0,0
Rh_2p12,222,1.43728528E+00,-2.972548E+00,-2.881687E+00,3.209142E-08,-1.655257E-09,0,0,0,0
Rh_2p12,223,1.49722796E+00,-2.782548E+00,-2.695444E+00,1.303702E-08,-6.726548E-10,0,0,0,0
Rh_2p12,224,1.55895062E+00,-2.606110E+00,-2.522574E+00,5.152655E-09,-2.658066E-10,0,0,0,0
Rh_2p12,225,1.62247878E+00,-2.442473E+00,-2.362325E+00,1.980550E-09,-1.020977E-10,0,0,0,0
Rh_2p12,226,1.68783768E+00,-2.290872E+00,-2.213944E+00,7.400837E-10,-4.250569E-11,0,0,0,0
Rh_2p12,227,1.75505224E+00,-2.150546E+00,-2.076677E+00,2.687534E-10,-2.781731E-12,0,0,0,0
Rh_2p32,0,2.22222222E-08,-1.426115E-02,5.625436E+06,1.394693E-12,-2.908203E-17,0,0,0,0
Rh_2p32,1,2.43686888E-08,-1.563865E-02,5.129949E+06,1.676289E-12,-3.834132E-17,0,0,0,0
Rh_2p32,2,2.67224847E-08,-1.714921E-02,4.678106E+06,2.014983E-12,-5.054422E-17,0,0,0,0
Rh_2p32,3,2.93035852E-08,-1.880563E-02,4.266069E+06,2.422330E-12,-6.662964E-17,0,0,0,0
Rh_2p32,4,3.21339917E-08,-2.062205E-02,3.890324E+06,2.912228E-12,-8.783603E-17,0,0,0,0
Rh_2p32,5,3.52377847E-08,-2.261392E-02,3.547675E+06,3.501386E-12,-1.157960E-16,0,0,0,0
Rh_2p32,6,3.86413030E-08,-2.479813E-02,3.235212E+06,4.209896E-12,-1.526616E-16,0,0,0,0
Rh_2p32,7,4.23735575E-08,-2.719331E-02,2.950269E+06,5.061921E-12,-2.012717E-16,0,0,0,0
Rh_2p32,8,4.64662192E-08,-2.981978E-02,2.690429E+06,6.086513E-12,-2.653678E-16,0,0,0,0
Rh_2p32,9,5.09540830E-08,-3.269988E-02,2.453478E+06,7.318607E-12,-3.498842E-16,0,0,0,0
Rh_2p32,10,5.58753999E-08,-3.585814E-02,2.237396E+06,8.800219E-12,-4.613291E-16,0,0,0,0
Rh_2p32,11,6.12719276E-08,-3.932137E-02,2.040350E+06,1.058186E-11,-6.082801E-16,0,0,0,0
Rh_2p32,12,6.71896597E-08,-4.311908E-02,1.860658E+06,1.272427E-11,-8.020529E-16,0,0,0,0
Rh_2p32,13,7.36788069E-08,-4.728350E-02,1.696794E+06,1.530049E-11,-1.057561E-15,0,0,0,0
Rh_2p32,14,8.07945326E-08,-5.185002E-02,1.547365E+06,1.839834E-11,-1.394472E-15,0,0,0,0
Rh_2p32,15,8.85974782E-08,-5.685758E-02,1.411096E+06,2.212343E-11,-1.838727E-15,0,0,0,0
Rh_2p32,16,9.71538449E-08,-6.234864E-02,1.286830E+06,2.660272E-11,-2.424515E-15,0,0,0,0
Rh_2p32,17,1.06536364E-07,-6.836988E-02,1.173510E+06,3.198891E-11,-3.196924E-15,0,0,0,0
Rh_2p32,18,1.16824785E-07,-7.497249E-02,1.070172E+06,3.846556E-11,-4.215402E-15,0,0,0,0
Rh_2p32,19,1.28106557E-07,-8.221258E-02,9.759356E+05,4.625341E-11,-5.558334E-15,0,0,0,0
Rh_2p32,20,1.40477809E-07,-9.015183E-02,8.899979E+05,5.561793E-11,-7.329107E-15,0,0,0,0
Rh_2p32,21,1.54043217E-07,-9.885743E-02,8.116309E+05,6.687816E-11,-9.663925E-15,0,0,0,0
Rh_2p32,22,1.68918585E-07,-1.084037E-01,7.401649E+05,8.041793E-11,-1.274256E-14,0,0,0,0
Rh_2p32,23,1.85229766E-07,-1.188714E-01,6.749944E+05,9.669849E-11,-1.680179E-14,0,0,0,0
Rh_2p32,24,2.03115995E-07,-1.303499E-01,6.155626E+05,1.162747E-10,-2.215412E-14,0,0,0,0
Rh_2p32,25,2.22728585E-07,-1.429362E-01,5.613661E+05,1.398135E-10,-2.921119E-14,0,0,0,0
Rh_2p32,26,2.44234514E-07,-1.567376E-01,5.119427E+05,1.681168E-10,-3.851606E-14,0,0,0,0
Rh_2p32,27,2.67816518E-07,-1.718713E-01,4.668719E+05,2.021490E-10,-5.078464E-14,0,0,0,0
Rh_2p32,28,2.93674455E-07,-1.884656E-01,4.257711E+05,2.430690E-10,-6.696047E-14,0,0,0,0
Rh_2p32,29,3.22029000E-07,-2.066620E-01,3.882891E+05,2.922714E-10,-8.828858E-14,0,0,0,0
Rh_2p32,30,3.53119360E-07,-2.266141E-01,3.541092E+05,3.514310E-10,-1.164083E-13,0,0,0,0
Rh_2p32,31,3.87210673E-07,-2.484919E-01,3.229392E+05,4.225634E-10,-1.534832E-13,0,0,0,0
Rh_2p32,32,4.24592535E-07,-2.724814E-01,2.945141E+05,5.080910E-10,-2.023652E-13,0,0,0,0
Rh_2p32,33,4.65581675E-07,-2.987857E-01,2.685925E+05,6.109259E-10,-2.668123E-13,0,0,0,0
Rh_2p32,34,5.10526032E-07,-3.276282E-01,2.449539E+05,7.345694E-10,-3.517802E-13,0,0,0,0
Rh_2p32,35,5.59808063E-07,-3.592541E-01,2.233969E+05,8.832317E-10,-4.638041E-13,0,0,0,0
Rh_2p32,36,6.13844178E-07,-3.939307E-01,2.037388E+05,1.061972E-09,-6.114920E-13,0,0,0,0
Rh_2p32,37,6.73095020E-07,-4.319535E-01,1.858117E+05,1.276877E-09,-8.062035E-13,0,0,0,0
Rh_2p32,38,7.38061153E-07,-4.736436E-01,1.694638E+05,1.535259E-09,-1.062898E-12,0,0,0,0
Rh_2p32,39,8.09294905E-07,-5.193552E-01,1.545557E+05,1.845911E-09,-1.401309E-12,0,0,0,0
Rh_2p32,40,8.87400674E-07,-5.694762E-01,1.409606E+05,2.219405E-09,-1.847445E-12,0,0,0,0
Rh_2p32,41,9.73041115E-07,-6.244313E-01,1.285629E+05,2.668450E-09,-2.435590E-12,0,0,0,0
Rh_2p32,42,1.06694090E-06,-6.846855E-01,1.172574E+05,3.208318E-09,-3.210921E-12,0,0,0,0
Rh_2p32,43,1.16989756E-06,-7.507500E-01,1.069478E+05,3.857375E-09,-4.233013E-12,0,0,0,0
Rh_2p32,44,1.28278253E-06,-8.231832E-01,9.754656E+04,4.637694E-09,-5.580359E-12,0,0,0,0
Rh_2p32,45,1.40655260E-06,-9.025987E-01,8.897370E+04,5.575809E-09,-7.356435E-12,0,0,0,0
Rh_2p32,46,1.54225798E-06,-9.896691E-01,8.115625E+04,6.703619E-09,-9.697643E-12,0,0,0,0
Rh_2p32,47,1.69104604E-06,-1.085129E+00,7.402790E+04,8.059456E-09,-1.278369E-11,0,0,0,0
Rh_2p32,48,1.85417702E-06,-1.189786E+00,6.752802E+04,9.689403E-09,-1.685144E-11,0,0,0,0
Rh_2p32,49,2.03303422E-06,-1.304525E+00,6.160130E+04,1.164885E-08,-2.221314E-11,0,0,0,0
Rh_2p32,50,2.22912879E-06,-1.430313E+00,5.619744E+04,1.400437E-08,-2.928009E-11,0,0,0,0
Rh_2p32,51,2.44412209E-06,-1.568210E+00,5.127046E+04,1.683597E-08,-3.859443E-11,0,0,0,0
Rh_2p32,52,2.67983341E-06,-1.719380E+00,4.677851E+04,2.023982E-08,-5.087052E-11,0,0,0,0
Rh_2p32,53,2.93825503E-06,-1.885093E+00,4.268343E+04,2.433148E-08,-6.704947E-11,0,0,0,0
Rh_2p32,54,3.22157153E-06,-2.066741E+00,3.895042E+04,2.924985E-08,-8.837128E-11,0,0,0,0
Rh_2p32,55,3.53218026E-06,-2.265849E+00,3.554776E+04,3.516184E-08,-1.164698E-10,0,0,0,0
Rh_2p32,56,3.87270272E-06,-2.484082E+00,3.244656E+04,4.226801E-08,-1.534969E-10,0,0,0,0
Rh_2p32,57,4.24601843E-06,-2.723267E+00,2.962045E+04,5.080941E-08,-2.022878E-10,0,0,0,0
Rh_2p32,58,4.65527750E-06,-2.985394E+00,2.704545E+04,6.107564E-08,-2.665758E-10,0,0,0,0
Rh_2p32,59,5.10393592E-06,-3.272641E+00,2.469970E+04,7.341468E-08,-3.512786E-10,0,0,0,0
Rh_2p32,60,5.59577840E-06,-3.587386E+00,2.256327E+04,8.824464E-08,-4.628708E-10,0,0,0,0
Rh_2p32,61,6.13495341E-06,-3.932222E+00,2.061803E+04,1.060678E-07,-6.098776E-10,0,0,0,0
Rh_2p32,62,6.72600836E-06,-4.309977E+00,1.884749E+04,1.274877E-07,-8.035218E-10,0,0,0,0
Rh_2p32,63,7.37392185E-06,-4.723727E+00,1.723597E+04,1.532292E-07,-1.058573E-09,0,0,0,0
Rh_2p32,64,8.08415363E-06,-5.176819E+00,1.577138E+04,1.841631E-07,-1.394467E-09,0,0,0,0
Rh_2p32,65,8.86268273E-06,-5.672883E+00,1.444050E+04,2.213352E-07,-1.836772E-09,0,0,0,0
Rh_2p32,66,9.71605824E-06,-6.215851E+00,1.323121E+04,2.660018E-07,-2.419110E-09,0,0,0,0
Rh_2p32,67,1.06514605E-05,-6.809973E+00,1.213442E+04,3.196713E-07,-3.185688E-09,0,0,0,0
Rh_2p32,68,1.16767499E-05,-7.459821E+00,1.114076E+04,3.841549E-07,-4.194592E-09,0,0,0,0
Rh_2p32,69,1.28005423E-05,-8.170303E+00,1.024163E+04,4.616275E-07,-5.522124E-09,0,0,0,0
Rh_2p32,70,1.40322695E-05,-8.946653E+00,9.428991E+03,5.546996E-07,-7.268431E-09,0,0,0,0
Rh_2p32,71,1.53822682E-05,-9.794433E+00,8.697338E+03,6.665048E-07,-9.564898E-09,0,0,0,0
Rh_2p32,72,1.68618598E-05,-1.071949E+01,8.040182E+03,8.008036E-07,-1.258373E-08,0,0,0,0
Rh_2p32,73,1.84834363E-05,-1.172790E+01,7.451417E+03,9.621078E-07,-1.655038E-08,0,0,0,0
Rh_2p32,74,2.02605792E-05,-1.282594E+01,6.927598E+03,1.155830E-06,-2.175976E-08,0,0,0,0
Rh_2p32,75,2.22081559E-05,-1.401992E+01,6.464381E+03,1.388462E-06,-2.859698E-08,0,0,0,0
Rh_2p32,76,2.43424471E-05,-1.531602E+01,6.058271E+03,1.667785E-06,-3.756413E-08,0,0,0,0
Rh_2p32,77,2.66812790E-05,-1.672010E+01,5.707155E+03,2.003128E-06,-4.931443E-08,0,0,0,0
Rh_2p32,78,2.92441716E-05,-1.823732E+01,5.408828E+03,2.405668E-06,-6.469560E-08,0,0,0,0
Rh_2p32,79,3.20524919E-05,-1.987173E+01,5.162723E+03,2.888788E-06,-8.480432E-08,0,0,0,0
Rh_2p32,80,3.51296338E-05,-2.162560E+01,4.968958E+03,3.468513E-06,-1.110540E-07,0,0,0,0
Rh_2p32,81,3.85012014E-05,-2.349864E+01,4.828454E+03,4.164015E-06,-1.452576E-07,0,0,0,0
Rh_2p32,82,4.21952215E-05,-2.548687E+01,4.744179E+03,4.998221E-06,-1.897269E-07,0,0,0,0
Rh_2p32,83,4.62423676E-05,-2.758111E+01,4.720265E+03,5.998536E-06,-2.473880E-07,0,0,0,0
Rh_2p32,84,5.06762051E-05,-2.976509E+01,4.763031E+03,7.197694E-06,-3.219095E-07,0,0,0,0
Rh_2p32,85,5.55334622E-05,-3.201291E+01,4.880904E+03,8.634778E-06,-4.178343E-07,0,0,0,0
Rh_2p32,86,6.08543274E-05,-3.428592E+01,5.082921E+03,1.035643E-05,-5.406980E-07,0,0,0,0
Rh_2p32,87,6.66827627E-05,-3.652908E+01,5.375344E+03,1.241831E-05,-6.970994E-07,0,0,0,0
Rh_2p32,88,7.30668595E-05,-3.866753E+01,5.747428E+03,1.488685E-05,-8.946749E-07,0,0,0,0
Rh_2p32,89,8.00592177E-05,-4.060557E+01,6.132026E+03,1.784140E-05,-1.141909E-06,0,0,0,0
Rh_2p32,90,8.77173610E-05,-4.223422E+01,6.342787E+03,2.137660E-05,-1.447738E-06,0,0,0,0
Rh_2p32,91,9.61041931E-05,-4.345839E+01,6.109126E+03,2.560499E-05,-1.821054E-06,0,0,0,0
Rh_2p32,92,1.05288485E-04,-4.424784E+01,5.339217E+03,3.066090E-05,-2.270574E-06,0,0,0,0
Rh_2p32,93,1.15345422E-04,-4.467262E+01,4.314008E+03,3.670698E-05,-2.805758E-06,0,0,0,0
Rh_2p32,94,1.26357184E-04,-4.486359E+01,3.428200E+03,4.393864E-05,-3.438737E-06,0,0,0,0
Rh_2p32,95,1.38413580E-04,-4.493632E+01,2.827552E+03,5.258703E-05,-4.186035E-06,0,0,0,0
Rh_2p32,96,1.51612748E-04,-4.495925E+01,2.434297E+03,6.292707E-05,-5.069332E-06,0,0,0,0
Rh_2p32,97,1.66061904E-04,-4.496400E+01,2.146746E+03,7.528757E-05,-6.115707E-06,0,0,0,0
Rh_2p32,98,1.81878167E-04,-4.496280E+01,1.910505E+03,9.006128E-05,-7.357989E-06,0,0,0,0
Rh_2p32,99,1.99189447E-04,-4.495974E+01,1.703669E+03,1.077166E-04,-8.835425E-06,0,0,0,0
Rh_2p32,100,2.18135417E-04,-4.495597E+01,1.518109E+03,1.288119E-04,-1.059471E-05,0,0,0,0
Rh_2p32,101,2.38868560E-04,-4.495175E+01,1.350511E+03,1.540124E-04,-1.269134E-05,0,0,0,0
Rh_2p32,102,2.61555319E-04,-4.494711E+01,1.199024E+03,1.841107E-04,-1.519125E-05,0,0,0,0
Rh_2p32,103,2.86377324E-04,-4.494204E+01,1.062225E+03,2.200502E-04,-1.817281E-05,0,0,0,0
Rh_2p32,104,3.13532746E-04,-4.493647E+01,9.388536E+02,2.629543E-04,-2.172918E-05,0,0,0,0
Rh_2p32,105,3.43237752E-04,-4.493038E+01,8.277589E+02,3.141592E-04,-2.597109E-05,0,0,0,0
Rh_2p32,106,3.75728075E-04,-4.492370E+01,7.278826E+02,3.752543E-04,-3.103012E-05,0,0,0,0
Rh_2p32,107,4.11260733E-04,-4.491640E+01,6.382505E+02,4.481283E-04,-3.706259E-05,0,0,0,0
Rh_2p32,108,4.50115867E-04,-4.490839E+01,5.579650E+02,5.350256E-04,-4.425411E-05,0,0,0,0
Rh_2p32,109,4.92598745E-04,-4.489963E+01,4.861979E+02,6.386106E-04,-5.282501E-05,0,0,0,0
Rh_2p32,110,5.39041925E-04,-4.489004E+01,4.221839E+02,7.620449E-04,-6.303662E-05,0,0,0,0
Rh_2p32,111,5.89807581E-04,-4.487954E+01,3.652153E+02,9.090779E-04,-7.519878E-05,0,0,0,0
Rh_2p32,112,6.45290023E-04,-4.486804E+01,3.146370E+02,1.084153E-03,-8.967855E-05,0,0,0,0
Rh_2p32,113,7.05918418E-04,-4.485546E+01,2.698426E+02,1.292531E-03,-1.069105E-04,0,0,0,0
Rh_2p32,114,7.72159708E-04,-4.484170E+01,2.302707E+02,1.540437E-03,-1.274085E-04,0,0,0,0
Rh_2p32,115,8.44521763E-04,-4.482664E+01,1.954018E+02,1.835233E-03,-1.517803E-04,0,0,0,0
Rh_2p32,116,9.23556778E-04,-4.481017E+01,1.647560E+02,2.185611E-03,-1.807431E-04,0,0,0,0
Rh_2p32,117,1.00986491E-03,-4.479215E+01,1.378902E+02,2.601831E-03,-2.151433E-04,0,0,0,0
Rh_2p32,118,1.10409819E-03,-4.477245E+01,1.143972E+02,3.095988E-03,-2.559781E-04,0,0,0,0
Rh_2p32,119,1.20696472E-03,-4.475091E+01,9.390273E+01,3.682324E-03,-3.044214E-04,0,0,0,0
Rh_2p32,120,1.31923320E-03,-4.472735E+01,7.606492E+01,4.377592E-03,-3.618534E-04,0,0,0,0
Rh_2p32,121,1.44173773E-03,-4.470161E+01,6.057219E+01,5.201472E-03,-4.298945E-04,0,0,0,0
Rh_2p32,122,1.57538293E-03,-4.467349E+01,4.714199E+01,6.177050E-03,-5.104448E-04,0,0,0,0
Rh_2p32,123,1.72114953E-03,-4.464276E+01,3.551929E+01,7.331375E-03,-6.057287E-04,0,0,0,0
Rh_2p32,124,1.88010018E-03,-4.460920E+01,2.547503E+01,8.696080E-03,-7.183462E-04,0,0,0,0
Rh_2p32,125,2.05338577E-03,-4.457255E+01,1.680455E+01,1.030811E-02,-8.513312E-04,0,0,0,0
Rh_2p32,126,2.24225204E-03,-4.453255E+01,9.325979E+00,1.221052E-02,-1.008217E-03,0,0,0,0
Rh_2p32,127,2.44804675E-03,-4.448890E+01,2.878559E+00,1.445340E-02,-1.193110E-03,0,0,0,0
Rh_2p32,128,2.67222716E-03,-4.444129E+01,-2.679054E+00,1.709492E-02,-1.410773E-03,0,0,0,0
Rh_2p32,129,2.91636804E-03,-4.438938E+01,-7.470479E+00,2.020244E-02,-1.666716E-03,0,0,0,0
Rh_2p32,130,3.18217011E-03,-4.433281E+01,-1.160328E+01,2.385380E-02,-1.967299E-03,0,0,0,0
Rh_2p32,131,3.47146901E-03,-4.427118E+01,-1.517060E+01,2.813874E-02,-2.319841E-03,0,0,0,0
Rh_2p32,132,3.78624466E-03,-4.420409E+01,-1.825274E+01,3.316035E-02,-2.732738E-03,0,0,0,0
Rh_2p32,133,4.12863129E-03,-4.413109E+01,-2.091858E+01,3.903678E-02,-3.215595E-03,0,0,0,0
Rh_2p32,134,4.50092781E-03,-4.405173E+01,-2.322706E+01,4.590294E-02,-3.779358E-03,0,0,0,0
Rh_2p32,135,4.90560879E-03,-4.396549E+01,-2.522837E+01,5.391230E-02,-4.436450E-03,0,0,0,0
Rh_2p32,136,5.34533597E-03,-4.387188E+01,-2.696512E+01,6.323879E-02,-5.200918E-03,0,0,0,0
Rh_2p32,137,5.82297026E-03,-4.377034E+01,-2.847345E+01,7.407868E-02,-6.088564E-03,0,0,0,0
Rh_2p32,138,6.34158424E-03,-4.366031E+01,-2.978387E+01,8.665233E-02,-7.117080E-03,0,0,0,0
Rh_2p32,139,6.90447521E-03,-4.354120E+01,-3.092214E+01,1.012059E-01,-8.306158E-03,0,0,0,0
Rh_2p32,140,7.51517875E-03,-4.341241E+01,-3.190999E+01,1.180128E-01,-9.677582E-03,0,0,0,0
Rh_2p32,141,8.17748271E-03,-4.327333E+01,-3.276570E+01,1.373747E-01,-1.125529E-02,0,0,0,0
Rh_2p32,142,8.89544175E-03,-4.312332E+01,-3.350467E+01,1.596220E-01,-1.306535E-02,0,0,0,0
Rh_2p32,143,9.67339220E-03,-4.296174E+01,-3.413989E+01,1.851139E-01,-1.513597E-02,0,0,0,0
Rh_2p32,144,1.05159675E-02,-4.278796E+01,-3.468230E+01,2.142367E-01,-1.749727E-02,0,0,0,0
Rh_2p32,145,1.14281138E-02,-4.260133E+01,-3.514115E+01,2.474025E-01,-2.018115E-02,0,0,0,0
Rh_2p32,146,1.24151062E-02,-4.240122E+01,-3.552423E+01,2.850445E-01,-2.322083E-02,0,0,0,0
Rh_2p32,147,1.34825648E-02,-4.218700E+01,-3.583817E+01,3.276121E-01,-2.665045E-02,0,0,0,0
Rh_2p32,148,1.46364718E-02,-4.195804E+01,-3.608860E+01,3.755633E-01,-3.050433E-02,0,0,0,0
Rh_2p32,149,1.58831875E-02,-4.171373E+01,-3.628031E+01,4.293550E-01,-3.481616E-02,0,0,0,0
Rh_2p32,150,1.72294681E-02,-4.145346E+01,-3.641736E+01,4.894305E-01,-3.961794E-02,0,0,0,0
Rh_2p32,151,1.86824817E-02,-4.117665E+01,-3.650327E+01,5.562042E-01,-4.493869E-02,0,0,0,0
Rh_2p32,152,2.02498260E-02,-4.088270E+01,-3.654102E+01,6.300435E-01,-5.080298E-02,0,0,0,0
Rh_2p32,153,2.19395442E-02,-4.057105E+01,-3.653318E+01,7.112474E-01,-5.722918E-02,0,0,0,0
Rh_2p32,154,2.37601426E-02,-4.024114E+01,-3.648197E+01,8.000226E-01,-6.422754E-02,0,0,0,0
Rh_2p32,155,2.57206060E-02,-3.989244E+01,-3.638930E+01,8.964564E-01,-7.179806E-02,0,0,0,0
Rh_2p32,156,2.78304141E-02,-3.952443E+01,-3.625686E+01,1.000488E+00,-7.992833E-02,0,0,0,0
Rh_2p32,157,3.00995567E-02,-3.913670E+01,-3.608613E+01,1.111879E+00,-8.859122E-02,0,0,0,0
Rh_2p32,158,3.25385485E-02,-3.872889E+01,-3.587850E+01,1.230181E+00,-9.774274E-02,0,0,0,0
Rh_2p32,159,3.51584436E-02,-3.830076E+01,-3.563526E+01,1.354712E+00,-1.073201E-01,0,0,0,0
Rh_2p32,160,3.79708483E-02,-3.785224E+01,-3.535767E+01,1.484526E+00,-1.172399E-01,0,0,0,0
Rh_2p32,161,4.09879343E-02,-3.738337E+01,-3.504700E+01,1.618394E+00,-1.273975E-01,0,0,0,0
Rh_2p32,162,4.42224493E-02,-3.689434E+01,-3.470451E+01,1.754794E+00,-1.376661E-01,0,0,0,0
Rh_2p32,163,4.76877285E-02,-3.638540E+01,-3.433143E+01,1.891906E+00,-1.478977E-01,0,0,0,0
Rh_2p32,164,5.13977028E-02,-3.585677E+01,-3.392888E+01,2.027625E+00,-1.579238E-01,0,0,0,0
Rh_2p32,165,5.53669077E-02,-3.530861E+01,-3.349785E+01,2.159581E+00,-1.675588E-01,0,0,0,0
Rh_2p32,166,5.96104891E-02,-3.474097E+01,-3.303916E+01,2.285184E+00,-1.766026E-01,0,0,0,0
Rh_2p32,167,6.41442095E-02,-3.415384E+01,-3.255351E+01,2.401684E+00,-1.848464E-01,0,0,0,0
Rh_2p32,168,6.89844506E-02,-3.354727E+01,-3.204155E+01,2.506246E+00,-1.920784E-01,0,0,0,0
Rh_2p32,169,7.41482165E-02,-3.292147E+01,-3.150404E+01,2.596042E+00,-1.980913E-01,0,0,0,0
Rh_2p32,170,7.96531339E-02,-3.227687E+01,-3.094192E+01,2.668362E+00,-2.026911E-01,0,0,0,0
Rh_2p32,171,8.55174508E-02,-3.161418E+01,-3.035631E+01,2.720730E+00,-2.057060E-01,0,0,0,0
Rh_2p32,172,9.17600344E-02,-3.093435E+01,-2.974858E+01,2.751022E+00,-2.069953E-01,0,0,0,0
Rh_2p32,173,9.84003662E-02,-3.023849E+01,-2.912021E+01,2.757585E+00,-2.064582E-01,0,0,0,0
Rh_2p32,174,1.05458536E-01,-2.952784E+01,-2.847275E+01,2.739345E+00,-2.040934E-01,0,0,0,0
Rh_2p32,175,1.12955235E-01,-2.880360E+01,-2.780776E+01,2.695891E+00,-1.998545E-01,0,0,0,0
Rh_2p32,176,1.20911745E-01,-2.806695E+01,-2.712668E+01,2.627538E+00,-1.937951E-01,0,0,0,0
Rh_2p32,177,1.29349929E-01,-2.731905E+01,-2.643096E+01,2.535354E+00,-1.860242E-01,0,0,0,0
Rh_2p32,178,1.38292216E-01,-2.656108E+01,-2.572201E+01,2.421153E+00,-1.767042E-01,0,0,0,0
Rh_2p32,179,1.47761591E-01,-2.579442E+01,-2.500145E+01,2.287440E+00,-1.660450E-01,0,0,0,0
Rh_2p32,180,1.57781575E-01,-2.502074E+01,-2.427114E+01,2.137326E+00,-1.542969E-01,0,0,0,0
Rh_2p32,181,1.68376212E-01,-2.424207E+01,-2.353331E+01,1.974399E+00,-1.417399E-01,0,0,0,0
Rh_2p32,182,1.79570046E-01,-2.346077E+01,-2.279043E+01,1.802568E+00,-1.286714E-01,0,0,0,0
Rh_2p32,183,1.91388107E-01,-2.267915E+01,-2.204502E+01,1.625885E+00,-1.153931E-01,0,0,0,0
Rh_2p32,184,2.03855884E-01,-2.189930E+01,-2.129925E+01,1.448367E+00,-1.021975E-01,0,0,0,0
Rh_2p32,185,2.16999312E-01,-2.112282E+01,-2.055490E+01,1.273814E+00,-8.935457E-02,0,0,0,0
Rh_2p32,186,2.30844738E-01,-2.035096E+01,-1.981333E+01,1.105657E+00,-7.710142E-02,0,0,0,0
Rh_2p32,187,2.45418909E-01,-1.958502E+01,-1.907598E+01,9.468241E-01,-6.563394E-02,0,0,0,0
Rh_2p32,188,2.60748939E-01,-1.882649E+01,-1.834443E+01,7.996522E-01,-5.510174E-02,0,0,0,0
Rh_2p32,189,2.76862289E-01,-1.807748E+01,-1.762087E+01,6.658326E-01,-4.560616E-02,0,0,0,0
Rh_2p32,190,2.93786740E-01,-1.734037E+01,-1.690779E+01,5.464010E-01,-3.720100E-02,0,0,0,0
Rh_2p32,191,3.11550369E-01,-1.661780E+01,-1.620790E+01,4.417655E-01,-2.989596E-02,0,0,0,0
Rh_2p32,192,3.30181523E-01,-1.591224E+01,-1.552374E+01,3.517695E-01,-2.366212E-02,0,0,0,0
Rh_2p32,193,3.49708788E-01,-1.522575E+01,-1.485743E+01,2.757800E-01,-1.843895E-02,0,0,0,0
Rh_2p32,194,3.70160971E-01,-1.455967E+01,-1.421041E+01,2.127930E-01,-1.414226E-02,0,0,0,0
Rh_2p32,195,3.91567070E-01,-1.391461E+01,-1.358333E+01,1.615444E-01,-1.067236E-02,0,0,0,0
Rh_2p32,196,4.13956246E-01,-1.329038E+01,-1.297606E+01,1.206187E-01,-7.921696E-03,0,0,0,0
Rh_2p32,197,4.37357801E-01,-1.268624E+01,-1.238794E+01,8.854658E-02,-5.781562E-03,0,0,0,0
Rh_2p32,198,4.61801153E-01,-1.210111E+01,-1.181793E+01,6.388619E-02,-4.147551E-03,0,0,0,0
Rh_2p32,199,4.87315808E-01,-1.153392E+01,-1.126502E+01,4.528583E-02,-2.923504E-03,0,0,0,0
Rh_2p32,200,5.13931339E-01,-1.098404E+01,-1.072861E+01,3.152672E-02,-2.024062E-03,0,0,0,0
Rh_2p32,201,5.41677359E-01,-1.045133E+01,-1.020862E+01,2.154752E-02,-1.375918E-03,0,0,0,0
Rh_2p32,202,5.70583501E-01,-9.936309E+00,-9.705612E+00,1.445301E-02,-9.180153E-04,0,0,0,0
Rh_2p32,203,6.00679395E-01,-9.439808E+00,-9.220450E+00,9.510516E-03,-6.009467E-04,0,0,0,0
Rh_2p32,204,6.31994644E-01,-8.962447E+00,-8.753789E+00,6.137279E-03,-3.858266E-04,0,0,0,0
Rh_2p32,205,6.64558806E-01,-8.504099E+00,-8.305540E+00,3.882528E-03,-2.428626E-04,0,0,0,0
Rh_2p32,206,6.98401370E-01,-8.063714E+00,-7.874691E+00,2.406909E-03,-1.498243E-04,0,0,0,0
Rh_2p32,207,7.33551743E-01,-7.639614E+00,-7.459600E+00,1.461669E-03,-9.055158E-05,0,0,0,0
Rh_2p32,208,7.70039224E-01,-7.230092E+00,-7.058590E+00,8.691968E-04,-5.359661E-05,0,0,0,0
Rh_2p32,209,8.07892992E-01,-6.833761E+00,-6.670306E+00,5.059438E-04,-3.105552E-05,0,0,0,0
Rh_2p32,210,8.47142087E-01,-6.450021E+00,-6.294174E+00,2.881617E-04,-1.760886E-05,0,0,0,0
Rh_2p32,211,8.87815393E-01,-6.078773E+00,-5.930120E+00,1.605298E-04,-9.766634E-06,0,0,0,0
Rh_2p32,212,9.29941626E-01,-5.720469E+00,-5.578619E+00,8.743736E-05,-5.296761E-06,0,0,0,0
Rh_2p32,213,9.73549318E-01,-5.375815E+00,-5.240402E+00,4.654776E-05,-2.807754E-06,0,0,0,0
Rh_2p32,214,1.01866680E+00,-5.045607E+00,-4.916284E+00,2.421033E-05,-1.454200E-06,0,0,0,0
Rh_2p32,215,1.06532220E+00,-4.730582E+00,-4.607023E+00,1.229828E-05,-7.355970E-07,0,0,0,0
Rh_2p32,216,1.11354343E+00,-4.431322E+00,-4.313220E+00,6.099184E-06,-3.632805E-07,0,0,0,0
Rh_2p32,217,1.16335815E+00,-4.148201E+00,-4.035268E+00,2.952071E-06,-1.750922E-07,0,0,0,0
Rh_2p32,218,1.21479379E+00,-3.881358E+00,-3.773322E+00,1.393972E-06,-8.232873E-08,0,0,0,0
Rh_2p32,219,1.26787754E+00,-3.630724E+00,-3.527330E+00,6.419455E-07,-3.775136E-08,0,0,0,0
Rh_2p32,220,1.32263631E+00,-3.396024E+00,-3.297031E+00,2.882069E-07,-1.687513E-08,0,0,0,0
Rh_2p32,221,1.37909677E+00,-3.176817E+00,-3.081996E+00,1.261008E-07,-7.350734E-09,0,0,0,0
Rh_2p32,222,1.43728528E+00,-2.972548E+00,-2.881687E+00,5.375063E-08,-3.119023E-09,0,0,0,0
Rh_2p32,223,1.49722796E+00,-2.782548E+00,-2.695444E+00,2.231242E-08,-1.288677E-09,0,0,0,0
Rh_2p32,224,1.55895062E+00,-2.606110E+00,-2.522574E+00,9.016786E-09,-5.182507E-10,0,0,0,0
Rh_2p32,225,1.62247878E+00,-2.442473E+00,-2.362325E+00,3.546035E-09,-2.027850E-10,0,0,0,0
Rh_2p32,226,1.68783768E+00,-2.290872E+00,-2.213944E+00,1.356640E-09,-7.717211E-11,0,0,0,0
Rh_2p32,227,1.75505224E+00,-2.150546E+00,-2.076677E+00,5.047302E-10,-2.855220E-11,0,0,0,0
Rh_2p32,228,1.82414712E+00,-2.020748E+00,-1.949787E+00,1.825452E-10,-1.150041E-11,0,0,0,0
Rh_2p32,229,1.89514662E+00,-1.900750E+00,-1.832557E+00,6.415638E-11,-4.854671E-13,0,0,0,0
Rh_2s12,0,2.22222222E-08,-1.426115E-02,5.625436E+06,6.093757E-06,-2.115644E-10,0,0,0,0
Rh_2s12,1,2.43686888E-08,-1.563865E-02,5.129949E+06,6.682249E-06,-2.543890E-10,0,0,0,0
Rh_2s12,2,2.67224847E-08,-1.714921E-02,4.678106E+06,7.327580E-06,-3.058866E-10,0,0,0,0
Rh_2s12,3,2.93035852E-08,-1.880563E-02,4.266069E+06,8.035236E-06,-3.678123E-10,0,0,0,0
Rh_2s12,4,3.21339917E-08,-2.062205E-02,3.890324E+06,8.811239E-06,-4.422787E-10,0,0,0,0
Rh_2s12,5,3.52377847E-08,-2.261392E-02,3.547675E+06,9.662193E-06,-5.318251E-10,0,0,0,0
Rh_2s12,6,3.86413030E-08,-2.479813E-02,3.235212E+06,1.059533E-05,-6.395030E-10,0,0,0,0
Rh_2s12,7,4.23735575E-08,-2.719331E-02,2.950269E+06,1.161858E-05,-7.689858E-10,0,0,0,0
Rh_2s12,8,4.64662192E-08,-2.981978E-02,2.690429E+06,1.274065E-05,-9.246856E-10,0,0,0,0
Rh_2s12,9,5.09540830E-08,-3.269988E-02,2.453478E+06,1.397108E-05,-1.111910E-09,0,0,0,0
Rh_2s12,10,5.58753999E-08,-3.585814E-02,2.237396E+06,1.532034E-05,-1.337046E-09,0,0,0,0
Rh_2s12,11,6.12719276E-08,-3.932137E-02,2.040350E+06,1.679990E-05,-1.607765E-09,0,0,0,0
Rh_2s12,12,6.71896597E-08,-4.311908E-02,1.860658E+06,1.842234E-05,-1.933300E-09,0,0,0,0
Rh_2s12,13,7.36788069E-08,-4.728350E-02,1.696794E+06,2.020145E-05,-2.324744E-09,0,0,0,0
Rh_2s12,14,8.07945326E-08,-5.185002E-02,1.547365E+06,2.215235E-05,-2.795438E-09,0,0,0,0
Rh_2s12,15,8.85974782E-08,-5.685758E-02,1.411096E+06,2.429165E-05,-3.361439E-09,0,0,0,0
Rh_2s12,16,9.71538449E-08,-6.234864E-02,1.286830E+06,2.663752E-05,-4.042028E-09,0,0,0,0
Rh_2s12,17,1.06536364E-07,-6.836988E-02,1.173510E+06,2.920990E-05,-4.860403E-09,0,0,0,0
Rh_2s12,18,1.16824785E-07,-7.497249E-02,1.070172E+06,3.203065E-05,-5.844455E-09,0,0,0,0
Rh_2s12,19,1.28106557E-07,-8.221258E-02,9.759356E+05,3.512374E-05,-7.027722E-09,0,0,0,0
Rh_2s12,20,1.40477809E-07,-9.015183E-02,8.899979E+05,3.851551E-05,-8.450556E-09,0,0,0,0
Rh_2s12,21,1.54043217E-07,-9.885743E-02,8.116309E+05,4.223472E-05,-1.016139E-08,0,0,0,0
Rh_2s12,22,1.68918585E-07,-1.084037E-01,7.401649E+05,4.631303E-05,-1.221859E-08,0,0,0,0
Rh_2s12,23,1.85229766E-07,-1.188714E-01,6.749944E+05,5.078504E-05,-1.469218E-08,0,0,0,0
Rh_2s12,24,2.03115995E-07,-1.303499E-01,6.155626E+05,5.568882E-05,-1.766654E-08,0,0,0,0
Rh_2s12,25,2.22728585E-07,-1.429362E-01,5.613661E+05,6.106595E-05,-2.124291E-08,0,0,0,0
Rh_2s12,26,2.44234514E-07,-1.567376E-01,5.119427E+05,6.696216E-05,-2.554317E-08,0,0,0,0
Rh_2s12,27,2.67816518E-07,-1.718713E-01,4.668719E+05,7.342755E-05,-3.071386E-08,0,0,0,0
Rh_2s12,28,2.93674455E-07,-1.884656E-01,4.257711E+05,8.051696E-05,-3.693099E-08,0,0,0,0
Rh_2s12,29,3.22029000E-07,-2.066620E-01,3.882891E+05,8.829077E-05,-4.440660E-08,0,0,0,0
Rh_2s12,30,3.53119360E-07,-2.266141E-01,3.541092E+05,9.681476E-05,-5.339489E-08,0,0,0,0
Rh_2s12,31,3.87210673E-07,-2.484919E-01,3.229392E+05,1.061615E-04,-6.420226E-08,0,0,0,0
Rh_2s12,32,4.24592535E-07,-2.724814E-01,2.945141E+05,1.164103E-04,-7.719684E-08,0,0,0,0
Rh_2s12,33,4.65581675E-07,-2.987857E-01,2.685925E+05,1.276481E-04,-9.282086E-08,0,0,0,0
Rh_2s12,34,5.10526032E-07,-3.276282E-01,2.449539E+05,1.399703E-04,-1.116063E-07,0,0,0,0
Rh_2s12,35,5.59808063E-07,-3.592541E-01,2.233969E+05,1.534817E-04,-1.341931E-07,0,0,0,0
Rh_2s12,36,6.13844178E-07,-3.939307E-01,2.037388E+05,1.682966E-04,-1.613493E-07,0,0,0,0
Rh_2s12,37,6.73095020E-07,-4.319535E-01,1.858117E+05,1.845411E-04,-1.940003E-07,0,0,0,0
Rh_2s12,38,7.38061153E-07,-4.736436E-01,1.694638E+05,2.023526E-04,-2.332562E-07,0,0,0,0
Rh_2s12,39,8.09294905E-07,-5.193552E-01,1.545557E+05,2.218825E-04,-2.804534E-07,0,0,0,0
Rh_2s12,40,8.87400674E-07,-5.694762E-01,1.409606E+05,2.432963E-04,-3.371980E-07,0,0,0,0
Rh_2s12,41,9.73041115E-07,-6.244313E-01,1.285629E+05,2.667758E-04,-4.054208E-07,0,0,0,0
Rh_2s12,42,1.06694090E-06,-6.846855E-01,1.172574E+05,2.925197E-04,-4.874413E-07,0,0,0,0
Rh_2s12,43,1.16989756E-06,-7.507500E-01,1.069478E+05,3.207465E-04,-5.860502E-07,0,0,0,0
Rh_2s12,44,1.28278253E-06,-8.231832E-01,9.754656E+04,3.516953E-04,-7.045995E-07,0,0,0,0
Rh_2s12,45,1.40655260E-06,-9.025987E-01,8.897370E+04,3.856283E-04,-8.471197E-07,0,0,0,0
Rh_2s12,46,1.54225798E-06,-9.896691E-01,8.115625E+04,4.228331E-04,-1.018457E-06,0,0,0,0
Rh_2s12,47,1.69104604E-06,-1.085129E+00,7.402790E+04,4.636246E-04,-1.224432E-06,0,0,0,0
Rh_2s12,48,1.85417702E-06,-1.189786E+00,6.752802E+04,5.083481E-04,-1.472043E-06,0,0,0,0
Rh_2s12,49,2.03303422E-06,-1.304525E+00,6.160130E+04,5.573826E-04,-1.769705E-06,0,0,0,0
Rh_2s12,50,2.22912879E-06,-1.430313E+00,5.619744E+04,6.111424E-04,-2.127520E-06,0,0,0,0
Rh_2s12,51,2.44412209E-06,-1.568210E+00,5.127046E+04,6.700827E-04,-2.557639E-06,0,0,0,0
Rh_2s12,52,2.67983341E-06,-1.719380E+00,4.677851E+04,7.347019E-04,-3.074661E-06,0,0,0,0
Rh_2s12,53,2.93825503E-06,-1.885093E+00,4.268343E+04,8.055460E-04,-3.696125E-06,0,0,0,0
Rh_2s12,54,3.22157153E-06,-2.066741E+00,3.895042E+04,8.832135E-04,-4.443102E-06,0,0,0,0
Rh_2s12,55,3.53218026E-06,-2.265849E+00,3.554776E+04,9.683607E-04,-5.340921E-06,0,0,0,0
Rh_2s12,56,3.87270272E-06,-2.484082E+00,3.244656E+04,1.061706E-03,-6.419991E-06,0,0,0,0
Rh_2s12,57,4.24601843E-06,-2.723267E+00,2.962045E+04,1.164037E-03,-7.716859E-06,0,0,0,0
Rh_2s12,58,4.65527750E-06,-2.985394E+00,2.704545E+04,1.276216E-03,-9.275403E-06,0,0,0,0
Rh_2s12,59,5.10393592E-06,-3.272641E+00,2.469970E+04,1.399190E-03,-1.114833E-05,0,0,0,0
Rh_2s12,60,5.59577840E-06,-3.587386E+00,2.256327E+04,1.533992E-03,-1.339892E-05,0,0,0,0
Rh_2s12,61,6.13495341E-06,-3.932222E+00,2.061803E+04,1.681757E-03,-1.610313E-05,0,0,0,0
Rh_2s12,62,6.72600836E-06,-4.309977E+00,1.884749E+04,1.843726E-03,-1.935215E-05,0,0,0,0
Rh_2s12,63,7.37392185E-06,-4.723727E+00,1.723597E+04,2.021261E-03,-2.325538E-05,0,0,0,0
Rh_2s12,64,8.08415363E-06,-5.176819E+00,1.577138E+04,2.215848E-03,-2.794407E-05,0,0,0,0
Rh_2s12,65,8.86268273E-06,-5.672883E+00,1.444050E+04,2.429117E-03,-3.357560E-05,0,0,0,0
Rh_2s12,66,9.71605824E-06,-6.215851E+00,1.323121E+04,2.662850E-03,-4.033859E-05,0,0,0,0
Rh_2s12,67,1.06514605E-05,-6.809973E+00,1.213442E+04,2.918999E-03,-4.845907E-05,0,0,0,0
Rh_2s12,68,1.16767499E-05,-7.459821E+00,1.114076E+04,3.199694E-03,-5.820762E-05,0,0,0,0
Rh_2s12,69,1.28005423E-05,-8.170303E+00,1.024163E+04,3.507268E-03,-6.990805E-05,0,0,0,0
Rh_2s12,70,1.40322695E-05,-8.946653E+00,9.428991E+03,3.844266E-03,-8.394740E-05,0,0,0,0
Rh_2s12,71,1.53822682E-05,-9.794433E+00,8.697338E+03,4.213470E-03,-1.007880E-04,0,0,0,0
Rh_2s12,72,1.68618598E-05,-1.071949E+01,8.040182E+03,4.617913E-03,-1.209812E-04,0,0,0,0
Rh_2s12,73,1.84834363E-05,-1.172790E+01,7.451417E+03,5.060904E-03,-1.451838E-04,0,0,0,0
Rh_2s12,74,2.02605792E-05,-1.282594E+01,6.927598E+03,5.546049E-03,-1.741767E-04,0,0,0,0
Rh_2s12,75,2.22081559E-05,-1.401992E+01,6.464381E+03,6.077267E-03,-2.088864E-04,0,0,0,0
Rh_2s12,76,2.43424471E-05,-1.531602E+01,6.058271E+03,6.658823E-03,-2.504090E-04,0,0,0,0
Rh_2s12,77,2.66812790E-05,-1.672010E+01,5.707155E+03,7.295343E-03,-3.000376E-04,0,0,0,0
Rh_2s12,78,2.92441716E-05,-1.823732E+01,5.408828E+03,7.991838E-03,-3.592911E-04,0,0,0,0
Rh_2s12,79,3.20524919E-05,-1.987173E+01,5.162723E+03,8.753729E-03,-4.299451E-04,0,0,0,0
Rh_2s12,80,3.51296338E-05,-2.162560E+01,4.968958E+03,9.586864E-03,-5.140625E-04,0,0,0,0
Rh_2s12,81,3.85012014E-05,-2.349864E+01,4.828454E+03,1.049754E-02,-6.140209E-04,0,0,0,0
Rh_2s12,82,4.21952215E-05,-2.548687E+01,4.744179E+03,1.149252E-02,-7.325337E-04,0,0,0,0
Rh_2s12,83,4.62423676E-05,-2.758111E+01,4.720265E+03,1.257903E-02,-8.726562E-04,0,0,0,0
Rh_2s12,84,5.06762051E-05,-2.976509E+01,4.763031E+03,1.376483E-02,-1.037769E-03,0,0,0,0
Rh_2s12,85,5.55334622E-05,-3.201291E+01,4.880904E+03,1.505817E-02,-1.231523E-03,0,0,0,0
Rh_2s12,86,6.08543274E-05,-3.428592E+01,5.082921E+03,1.646785E-02,-1.457722E-03,0,0,0,0
Rh_2s12,87,6.66827627E-05,-3.652908E+01,5.375344E+03,1.800329E-02,-1.720128E-03,0,0,0,0
Rh_2s12,88,7.30668595E-05,-3.866753E+01,5.747428E+03,1.967462E-02,-2.022141E-03,0,0,0,0
Rh_2s12,89,8.00592177E-05,-4.060557E+01,6.132026E+03,2.149288E-02,-2.366350E-03,0,0,0,0
Rh_2s12,90,8.77173610E-05,-4.223422E+01,6.342787E+03,2.346998E-02,-2.753993E-03,0,0,0,0
Rh_2s12,91,9.61041931E-05,-4.345839E+01,6.109126E+03,2.561850E-02,-3.184520E-03,0,0,0,0
Rh_2s12,92,1.05288485E-04,-4.424784E+01,5.339217E+03,2.795229E-02,-3.655745E-03,0,0,0,0
Rh_2s12,93,1.15345422E-04,-4.467262E+01,4.314008E+03,3.048861E-02,-4.164983E-03,0,0,0,0
Rh_2s12,94,1.26357184E-04,-4.486359E+01,3.428200E+03,3.324700E-02,-4.710687E-03,0,0,0,0
Rh_2s12,95,1.38413580E-04,-4.493632E+01,2.827552E+03,3.624675E-02,-5.293347E-03,0,0,0,0
Rh_2s12,96,1.51612748E-04,-4.495925E+01,2.434297E+03,3.950797E-02,-5.915301E-03,0,0,0,0
Rh_2s12,97,1.66061904E-04,-4.496400E+01,2.146746E+03,4.305295E-02,-6.580139E-03,0,0,0,0
Rh_2s12,98,1.81878167E-04,-4.496280E+01,1.910505E+03,4.690606E-02,-7.292213E-03,0,0,0,0
Rh_2s12,99,1.99189447E-04,-4.495974E+01,1.703669E+03,5.109365E-02,-8.056383E-03,0,0,0,0
Rh_2s12,100,2.18135417E-04,-4.495597E+01,1.518109E+03,5.564406E-02,-8.877907E-03,0,0,0,0
Rh_2s12,101,2.38868560E-04,-4.495175E+01,1.350511E+03,6.058776E-02,-9.762419E-03,0,0,0,0
Rh_2s12,102,2.61555319E-04,-4.494711E+01,1.199024E+03,6.595755E-02,-1.071594E-02,0,0,0,0
Rh_2s12,103,2.86377324E-04,-4.494204E+01,1.062225E+03,7.178866E-02,-1.174489E-02,0,0,0,0
Rh_2s12,104,3.13532746E-04,-4.493647E+01,9.388536E+02,7.811891E-02,-1.285616E-02,0,0,0,0
Rh_2s12,105,3.43237752E-04,-4.493038E+01,8.277589E+02,8.498886E-02,-1.405708E-02,0,0,0,0
Rh_2s12,106,3.75728075E-04,-4.492370E+01,7.278826E+02,9.244192E-02,-1.535549E-02,0,0,0,0
Rh_2s12,107,4.11260733E-04,-4.491640E+01,6.382505E+02,1.005245E-01,-1.675979E-02,0,0,0,0
Rh_2s12,108,4.50115867E-04,-4.490839E+01,5.579650E+02,1.092862E-01,-1.827890E-02,0,0,0,0
Rh_2s12,109,4.92598745E-04,-4.489963E+01,4.861979E+02,1.187796E-01,-1.992237E-02,0,0,0,0
Rh_2s12,110,5.39041925E-04,-4.489004E+01,4.221839E+02,1.290609E-01,-2.170035E-02,0,0,0,0
Rh_2s12,111,5.89807581E-04,-4.487954E+01,3.652153E+02,1.401894E-01,-2.362366E-02,0,0,0,0
Rh_2s12,112,6.45290023E-04,-4.486804E+01,3.146370E+02,1.522280E-01,-2.570375E-02,0,0,0,0
Rh_2s12,113,7.05918418E-04,-4.485546E+01,2.698426E+02,1.652427E-01,-2.795280E-02,0,0,0,0
Rh_2s12,114,7.72159708E-04,-4.484170E+01,2.302707E+02,1.793030E-01,-3.038366E-02,0,0,0,0
Rh_2s12,115,8.44521763E-04,-4.482664E+01,1.954018E+02,1.944814E-01,-3.300989E-02,0,0,0,0
Rh_2s12,116,9.23556778E-04,-4.481017E+01,1.647560E+02,2.108537E-01,-3.584576E-02,0,0,0,0
Rh_2s12,117,1.00986491E-03,-4.479215E+01,1.378902E+02,2.284979E-01,-3.890621E-02,0,0,0,0
Rh_2s12,118,1.10409819E-03,-4.477245E+01,1.143972E+02,2.474945E-01,-4.220686E-02,0,0,0,0
Rh_2s12,119,1.20696472E-03,-4.475091E+01,9.390273E+01,2.679257E-01,-4.576393E-02,0,0,0,0
Rh_2s12,120,1.31923320E-03,-4.472735E+01,7.606492E+01,2.898746E-01,-4.959421E-02,0,0,0,0
Rh_2s12,121,1.44173773E-03,-4.470161E+01,6.057219E+01,3.134246E-01,-5.371493E-02,0,0,0,0
Rh_2s12,122,1.57538293E-03,-4.467349E+01,4.714199E+01,3.386579E-01,-5.814370E-02,0,0,0,0
Rh_2s12,123,1.72114953E-03,-4.464276E+01,3.551929E+01,3.656547E-01,-6.289836E-02,0,0,0,0
Rh_2s12,124,1.88010018E-03,-4.460920E+01,2.547503E+01,3.944909E-01,-6.799676E-02,0,0,0,0
Rh_2s12,125,2.05338577E-03,-4.457255E+01,1.680455E+01,4.252370E-01,-7.345661E-02,0,0,0,0
Rh_2s12,126,2.24225204E-03,-4.453255E+01,9.325979E+00,4.579551E-01,-7.929514E-02,0,0,0,0
Rh_2s12,127,2.44804675E-03,-4.448890E+01,2.878559E+00,4.926968E-01,-8.552887E-02,0,0,0,0
Rh_2s12,128,2.67222716E-03,-4.444129E+01,-2.679054E+00,5.294995E-01,-9.217317E-02,0,0,0,0
Rh_2s12,129,2.91636804E-03,-4.438938E+01,-7.470479E+00,5.683835E-01,-9.924185E-02,0,0,0,0
Rh_2s12,130,3.18217011E-03,-4.433281E+01,-1.160328E+01,6.093474E-01,-1.067466E-01,0,0,0,0
Rh_2s12,131,3.47146901E-03,-4.427118E+01,-1.517060E+01,6.523634E-01,-1.146967E-01,0,0,0,0
Rh_2s12,132,3.78624466E-03,-4.420409E+01,-1.825274E+01,6.973724E-01,-1.230976E-01,0,0,0,0
Rh_2s12,133,4.12863129E-03,-4.413109E+01,-2.091858E+01,7.442781E-01,-1.319513E-01,0,0,0,0
Rh_2s12,134,4.50092781E-03,-4.405173E+01,-2.322706E+01,7.929403E-01,-1.412545E-01,0,0,0,0
Rh_2s12,135,4.90560879E-03,-4.396549E+01,-2.522837E+01,8.431679E-01,-1.509980E-01,0,0,0,0
Rh_2s12,136,5.34533597E-03,-4.387188E+01,-2.696512E+01,8.947118E-01,-1.611662E-01,0,0,0,0
Rh_2s12,137,5.82297026E-03,-4.377034E+01,-2.847345E+01,9.472564E-01,-1.717351E-01,0,0,0,0
Rh_2s12,138,6.34158424E-03,-4.366031E+01,-2.978387E+01,1.000411E+00,-1.826719E-01,0,0,0,0
Rh_2s12,139,6.90447521E-03,-4.354120E+01,-3.092214E+01,1.053703E+00,-1.939336E-01,0,0,0,0
Rh_2s12,140,7.51517875E-03,-4.341241E+01,-3.190999E+01,1.106567E+00,-2.054653E-01,0,0,0,0
Rh_2s12,141,8.17748271E-03,-4.327333E+01,-3.276570E+01,1.158339E+00,-2.172000E-01,0,0,0,0
Rh_2s12,142,8.89544175E-03,-4.312332E+01,-3.350467E+01,1.208247E+00,-2.290563E-01,0,0,0,0
Rh_2s12,143,9.67339220E-03,-4.296174E+01,-3.413989E+01,1.255408E+00,-2.409383E-01,0,0,0,0
Rh_2s12,144,1.05159675E-02,-4.278796E+01,-3.468230E+01,1.298820E+00,-2.527342E-01,0,0,0,0
Rh_2s12,145,1.14281138E-02,-4.260133E+01,-3.514115E+01,1.337363E+00,-2.643157E-01,0,0,0,0
Rh_2s12,146,1.24151062E-02,-4.240122E+01,-3.552423E+01,1.369802E+00,-2.755380E-01,0,0,0,0
Rh_2s12,147,1.34825648E-02,-4.218700E+01,-3.583817E+01,1.394787E+00,-2.862396E-01,0,0,0,0
Rh_2s12,148,1.46364718E-02,-4.195804E+01,-3.608860E+01,1.410867E+00,-2.962428E-01,0,0,0,0
Rh_2s12,149,1.58831875E-02,-4.171373E+01,-3.628031E+01,1.416509E+00,-3.053556E-01,0,0,0,0
Rh_2s12,150,1.72294681E-02,-4.145346E+01,-3.641736E+01,1.410112E+00,-3.133844E-01,0,0,0,0
Rh_2s12,151,1.86824817E-02,-4.117665E+01,-3.650327E+01,1.390049E+00,-3.201049E-01,0,0,0,0
Rh_2s12,152,2.02498260E-02,-4.088270E+01,-3.654102E+01,1.354692E+00,-3.252963E-01,0,0,0,0
Rh_2s12,153,2.19395442E-02,-4.057105E+01,-3.653318E+01,1.302473E+00,-3.287359E-01,0,0,0,0
Rh_2s12,154,2.37601426E-02,-4.024114E+01,-3.648197E+01,1.231927E+00,-3.302054E-01,0,0,0,0
Rh_2s12,155,2.57206060E-02,-3.989244E+01,-3.638930E+01,1.141763E+00,-3.294970E-01,0,0,0,0
Rh_2s12,156,2.78304141E-02,-3.952443E+01,-3.625686E+01,1.030933E+00,-3.264213E-01,0,0,0,0
Rh_2s12,157,3.00995567E-02,-3.913670E+01,-3.608613E+01,8.987065E-01,-3.208155E-01,0,0,0,0
Rh_2s12,158,3.25385485E-02,-3.872889E+01,-3.587850E+01,7.447534E-01,-3.125522E-01,0,0,0,0
Rh_2s12,159,3.51584436E-02,-3.830076E+01,-3.563526E+01,5.692201E-01,-3.015484E-01,0,0,0,0
Rh_2s12,160,3.79708483E-02,-3.785224E+01,-3.535767E+01,3.728062E-01,-2.877745E-01,0,0,0,0
Rh_2s12,161,4.09879343E-02,-3.738337E+01,-3.504700E+01,1.568304E-01,-2.712623E-01,0,0,0,0
Rh_2s12,162,4.42224493E-02,-3.689434E+01,-3.470451E+01,-7.671778E-02,-2.521118E-01,0,0,0,0
Rh_2s12,163,4.76877285E-02,-3.638540E+01,-3.433143E+01,-3.251463E-01,-2.304963E-01,0,0,0,0
Rh_2s12,164,5.13977028E-02,-3.585677E+01,-3.392888E+01,-5.850546E-01,-2.066650E-01,0,0,0,0
Rh_2s12,165,5.53669077E-02,-3.530861E+01,-3.349785E+01,-8.523593E-01,-1.809424E-01,0,0,0,0
Rh_2s12,166,5.96104891E-02,-3.474097E+01,-3.303916E+01,-1.122354E+00,-1.537255E-01,0,0,0,0
Rh_2s12,167,6.41442095E-02,-3.415384E+01,-3.255351E+01,-1.389811E+00,-1.254760E-01,0,0,0,0
Rh_2s12,168,6.89844506E-02,-3.354727E+01,-3.204155E+01,-1.649117E+00,-9.670951E-02,0,0,0,0
Rh_2s12,169,7.41482165E-02,-3.292147E+01,-3.150404E+01,-1.894454E+00,-6.798075E-02,0,0,0,0
Rh_2s12,170,7.96531339E-02,-3.227687E+01,-3.094192E+01,-2.120005E+00,-3.986526E-02,0,0,0,0
Rh_2s12,171,8.55174508E-02,-3.161418E+01,-3.035631E+01,-2.320191E+00,-1.293815E-02,0,0,0,0
Rh_2s12,172,9.17600344E-02,-3.093435E+01,-2.974858E+01,-2.489919E+00,1.224892E-02,0,0,0,0
Rh_2s12,173,9.84003662E-02,-3.023849E+01,-2.912021E+01,-2.624824E+00,3.519127E-02,0,0,0,0
Rh_2s12,174,1.05458536E-01,-2.952784E+01,-2.847275E+01,-2.721499E+00,5.545357E-02,0,0,0,0
Rh_2s12,175,1.12955235E-01,-2.880360E+01,-2.780776E+01,-2.777692E+00,7.268976E-02,0,0,0,0
Rh_2s12,176,1.20911745E-01,-2.806695E+01,-2.712668E+01,-2.792448E+00,8.665878E-02,0,0,0,0
Rh_2s12,177,1.29349929E-01,-2.731905E+01,-2.643096E+01,-2.766191E+00,9.723525E-02,0,0,0,0
Rh_2s12,178,1.38292216E-01,-2.656108E+01,-2.572201E+01,-2.700737E+00,1.044139E-01,0,0,0,0
Rh_2s12,179,1.47761591E-01,-2.579442E+01,-2.500145E+01,-2.599219E+00,1.083075E-01,0,0,0,0
Rh_2s12,180,1.57781575E-01,-2.502074E+01,-2.427114E+01,-2.465948E+00,1.091386E-01,0,0,0,0
Rh_2s12,181,1.68376212E-01,-2.424207E+01,-2.353331E+01,-2.306189E+00,1.072248E-01,0,0,0,0
Rh_2s12,182,1.79570046E-01,-2.346077E+01,-2.279043E+01,-2.125898E+00,1.029586E-01,0,0,0,0
Rh_2s12,183,1.91388107E-01,-2.267915E+01,-2.204502E+01,-1.931403E+00,9.678388E-02,0,0,0,0
Rh_2s12,184,2.03855884E-01,-2.189930E+01,-2.129925E+01,-1.729089E+00,8.916993E-02,0,0,0,0
Rh_2s12,185,2.16999312E-01,-2.112282E+01,-2.055490E+01,-1.525081E+00,8.058546E-02,0,0,0,0
Rh_2s12,186,2.30844738E-01,-2.035096E+01,-1.981333E+01,-1.324969E+00,7.147506E-02,0,0,0,0
Rh_2s12,187,2.45418909E-01,-1.958502E+01,-1.907598E+01,-1.133581E+00,6.223957E-02,0,0,0,0
Rh_2s12,188,2.60748939E-01,-1.882649E+01,-1.834443E+01,-9.548245E-01,5.322135E-02,0,0,0,0
Rh_2s12,189,2.76862289E-01,-1.807748E+01,-1.762087E+01,-7.915934E-01,4.469506E-02,0,0,0,0
Rh_2s12,190,2.93786740E-01,-1.734037E+01,-1.690779E+01,-6.457554E-01,3.686381E-02,0,0,0,0
Rh_2s12,191,3.11550369E-01,-1.661780E+01,-1.620790E+01,-5.181993E-01,2.986035E-02,0,0,0,0
Rh_2s12,192,3.30181523E-01,-1.591224E+01,-1.552374E+01,-4.089411E-01,2.375256E-02,0,0,0,0
Rh_2s12,193,3.49708788E-01,-1.522575E+01,-1.485743E+01,-3.172695E-01,1.855226E-02,0,0,0,0
Rh_2s12,194,3.70160971E-01,-1.455967E+01,-1.421041E+01,-2.419160E-01,1.422627E-02,0,0,0,0
Rh_2s12,195,3.91567070E-01,-1.391461E+01,-1.358333E+01,-1.812301E-01,1.070819E-02,0,0,0,0
Rh_2s12,196,4.13956246E-01,-1.329038E+01,-1.297606E+01,-1.333465E-01,7.910125E-03,0,0,0,0
Rh_2s12,197,4.37357801E-01,-1.268624E+01,-1.238794E+01,-9.633202E-02,5.733137E-03,0,0,0,0
Rh_2s12,198,4.61801153E-01,-1.210111E+01,-1.181793E+01,-6.830394E-02,4.075971E-03,0,0,0,0
Rh_2s12,199,4.87315808E-01,-1.153392E+01,-1.126502E+01,-4.751726E-02,2.841697E-03,0,0,0,0
Rh_2s12,200,5.13931339E-01,-1.098404E+01,-1.072861E+01,-3.242125E-02,1.942234E-03,0,0,0,0
Rh_2s12,201,5.41677359E-01,-1.045133E+01,-1.020862E+01,-2.168810E-02,1.300963E-03,0,0,0,0
Rh_2s12,202,5.70583501E-01,-9.936309E+00,-9.705612E+00,-1.421890E-02,8.537407E-04,0,0,0,0
Rh_2s12,203,6.00679395E-01,-9.439808E+00,-9.220450E+00,-9.132779E-03,5.487056E-04,0,0,0,0
Rh_2s12,204,6.31994644E-01,-8.962447E+00,-8.753789E+00,-5.744737E-03,3.452698E-04,0,0,0,0
Rh_2s12,205,6.64558806E-01,-8.504099E+00,-8.305540E+00,-3.537566E-03,2.126349E-04,0,0,0,0
Rh_2s12,206,6.98401370E-01,-8.063714E+00,-7.874691E+00,-2.131773E-03,1.281197E-04,0,0,0,0
Rh_2s12,207,7.33551743E-01,-7.639614E+00,-7.459600E+00,-1.256641E-03,7.549980E-05,0,0,0,0
Rh_2s12,208,7.70039224E-01,-7.230092E+00,-7.058590E+00,-7.243458E-04,4.349742E-05,0,0,0,0
Rh_2s12,209,8.07892992E-01,-6.833761E+00,-6.670306E+00,-4.081062E-04,2.449082E-05,0,0,0,0
Rh_2s12,210,8.47142087E-01,-6.450021E+00,-6.294174E+00,-2.246576E-04,1.347089E-05,0,0,0,0
Rh_2s12,211,8.87815393E-01,-6.078773E+00,-5.930120E+00,-1.207863E-04,7.235548E-06,0,0,0,0
Rh_2s12,212,9.29941626E-01,-5.720469E+00,-5.578619E+00,-6.340035E-05,3.793648E-06,0,0,0,0
Rh_2s12,213,9.73549318E-01,-5.375815E+00,-5.240402E+00,-3.247679E-05,1.940802E-06,0,0,0,0
Rh_2s12,214,1.01866680E+00,-5.045607E+00,-4.916284E+00,-1.622904E-05,9.684395E-07,0,0,0,0
Rh_2s12,215,1.06532220E+00,-4.730582E+00,-4.607023E+00,-7.908299E-06,4.711502E-07,0,0,0,0
Rh_2s12,216,1.11354343E+00,-4.431322E+00,-4.313220E+00,-3.756443E-06,2.233937E-07,0,0,0,0
Rh_2s12,217,1.16335815E+00,-4.148201E+00,-4.035268E+00,-1.738632E-06,1.031896E-07,0,0,0,0
Rh_2s12,218,1.21479379E+00,-3.881358E+00,-3.773322E+00,-7.838082E-07,4.641761E-08,0,0,0,0
Rh_2s12,219,1.26787754E+00,-3.630724E+00,-3.527330E+00,-3.440469E-07,2.032539E-08,0,0,0,0
Rh_2s12,220,1.32263631E+00,-3.396024E+00,-3.297031E+00,-1.469824E-07,8.660255E-09,0,0,0,0
Rh_2s12,221,1.37909677E+00,-3.176817E+00,-3.081996E+00,-6.109242E-08,3.589076E-09,0,0,0,0
Rh_2s12,222,1.43728528E+00,-2.972548E+00,-2.881687E+00,-2.469546E-08,1.446164E-09,0,0,0,0
Rh_2s12,223,1.49722796E+00,-2.782548E+00,-2.695444E+00,-9.704827E-09,5.663120E-10,0,0,0,0
Rh_2s12,224,1.55895062E+00,-2.606110E+00,-2.522574E+00,-3.706229E-09,2.154344E-10,0,0,0,0
Rh_2s12,225,1.62247878E+00,-2.442473E+00,-2.362325E+00,-1.374935E-09,7.958113E-11,0,0,0,0
Rh_2s12,226,1.68783768E+00,-2.290872E+00,-2.213944E+00,-4.953009E-10,3.211028E-11,0,0,0,0
Rh_2s12,227,1.75505224E+00,-2.150546E+00,-2.076677E+00,-1.731901E-10,9.529612E-13,0,0,0,0
Rh_3d32,0,2.22222222E-08,-1.426115E-02,5.625436E+06,5.702608E-19,2.570494E-14,0,0,0,0
Rh_3d32,1,2.43686888E-08,-1.563865E-02,5.129949E+06,7.500509E-19,3.090899E-14,0,0,0,0
Rh_3d32,2,2.67224847E-08,-1.714921E-02,4.678106E+06,9.874580E-19,3.716899E-14,0,0,0,0
Rh_3d32,3,2.93035852E-08,-1.880563E-02,4.266069E+06,1.300785E-18,4.469613E-14,0,0,0,0
Rh_3d32,4,3.21339917E-08,-2.062205E-02,3.890324E+06,1.714180E-18,5.374713E-14,0,0,0,0
Rh_3d32,5,3.52377847E-08,-2.261392E-02,3.547675E+06,2.259488E-18,6.463131E-14,0,0,0,0
Rh_3d32,6,3.86413030E-08,-2.479813E-02,3.235212E+06,2.978709E-18,7.771946E-14,0,0,0,0
Rh_3d32,7,4.23735575E-08,-2.719331E-02,2.950269E+06,3.927232E-18,9.345774E-14,0,0,0,0
Rh_3d32,8,4.64662192E-08,-2.981978E-02,2.690429E+06,5.178092E-18,1.123837E-13,0,0,0,0
Rh_3d32,9,5.09540830E-08,-3.269988E-02,2.453478E+06,6.827600E-18,1.351410E-13,0,0,0,0
Rh_3d32,10,5.58753999E-08,-3.585814E-02,2.237396E+06,9.002758E-18,1.625064E-13,0,0,0,0
Rh_3d32,11,6.12719276E-08,-3.932137E-02,2.040350E+06,1.187102E-17,1.954128E-13,0,0,0,0
Rh_3d32,12,6.71896597E-08,-4.311908E-02,1.860658E+06,1.565322E-17,2.349815E-13,0,0,0,0
Rh_3d32,13,7.36788069E-08,-4.728350E-02,1.696794E+06,2.064050E-17,2.825639E-13,0,0,0,0
Rh_3d32,14,8.07945326E-08,-5.185002E-02,1.547365E+06,2.721678E-17,3.397781E-13,0,0,0,0
Rh_3d32,15,8.85974782E-08,-5.685758E-02,1.411096E+06,3.588830E-17,4.085758E-13,0,0,0,0
Rh_3d32,16,9.71538449E-08,-6.234864E-02,1.286830E+06,4.732253E-17,4.913053E-13,0,0,0,0
Rh_3d32,17,1.06536364E-07,-6.836988E-02,1.173510E+06,6.239955E-17,5.907838E-13,0,0,0,0
Rh_3d32,18,1.16824785E-07,-7.497249E-02,1.070172E+06,8.227982E-17,7.104029E-13,0,0,0,0
Rh_3d32,19,1.28106557E-07,-8.221258E-02,9.759356E+05,1.084934E-16,8.542331E-13,0,0,0,0
Rh_3d32,20,1.40477809E-07,-9.015183E-02,8.899979E+05,1.430579E-16,1.027186E-12,0,0,0,0
Rh_3d32,21,1.54043217E-07,-9.885743E-02,8.116309E+05,1.886330E-16,1.235153E-12,0,0,0,0
Rh_3d32,22,1.68918585E-07,-1.084037E-01,7.401649E+05,2.487263E-16,1.485217E-12,0,0,0,0
Rh_3d32,23,1.85229766E-07,-1.188714E-01,6.749944E+05,3.279617E-16,1.785902E-12,0,0,0,0
Rh_3d32,24,2.03115995E-07,-1.303499E-01,6.155626E+05,4.324365E-16,2.147449E-12,0,0,0,0
Rh_3d32,25,2.22728585E-07,-1.429362E-01,5.613661E+05,5.701889E-16,2.582198E-12,0,0,0,0
Rh_3d32,26,2.44234514E-07,-1.567376E-01,5.119427E+05,7.518176E-16,3.104923E-12,0,0,0,0
Rh_3d32,27,2.67816518E-07,-1.718713E-01,4.668719E+05,9.912962E-16,3.733474E-12,0,0,0,0
Rh_3d32,28,2.93674455E-07,-1.884656E-01,4.257711E+05,1.307047E-15,4.489212E-12,0,0,0,0
Rh_3d32,29,3.22029000E-07,-2.066620E-01,3.882891E+05,1.723361E-15,5.397927E-12,0,0,0,0
Rh_3d32,30,3.53119360E-07,-2.266141E-01,3.541092E+05,2.272257E-15,6.490601E-12,0,0,0,0
Rh_3d32,31,3.87210673E-07,-2.484919E-01,3.229392E+05,2.995956E-15,7.804304E-12,0,0,0,0
Rh_3d32,32,4.24592535E-07,-2.724814E-01,2.945141E+05,3.950117E-15,9.383903E-12,0,0,0,0
Rh_3d32,33,4.65581675E-07,-2.987857E-01,2.685925E+05,5.208115E-15,1.128322E-11,0,0,0,0
Rh_3d32,34,5.10526032E-07,-3.276282E-01,2.449539E+05,6.866685E-15,1.356676E-11,0,0,0,0
Rh_3d32,35,5.59808063E-07,-3.592541E-01,2.233969E+05,9.053359E-15,1.631244E-11,0,0,0,0
Rh_3d32,36,6.13844178E-07,-3.939307E-01,2.037388E+05,1.193624E-14,1.961365E-11,0,0,0,0
Rh_3d32,37,6.73095020E-07,-4.319535E-01,1.858117E+05,1.573697E-14,2.358273E-11,0,0,0,0
Rh_3d32,38,7.38061153E-07,-4.736436E-01,1.694638E+05,2.074767E-14,2.835499E-11,0,0,0,0
Rh_3d32,39,8.09294905E-07,-5.193552E-01,1.545557E+05,2.735349E-14,3.409244E-11,0,0,0,0
Rh_3d32,40,8.87400674E-07,-5.694762E-01,1.409606E+05,3.606207E-14,4.099045E-11,0,0,0,0
Rh_3d32,41,9.73041115E-07,-6.244313E-01,1.285629E+05,4.754262E-14,4.928398E-11,0,0,0,0
Rh_3d32,42,1.06694090E-06,-6.846855E-01,1.172574E+05,6.267718E-14,5.925501E-11,0,0,0,0
Rh_3d32,43,1.16989756E-06,-7.507500E-01,1.069478E+05,8.262844E-14,7.124253E-11,0,0,0,0
Rh_3d32,44,1.28278253E-06,-8.231832E-01,9.754656E+04,1.089288E-13,8.565472E-11,0,0,0,0
Rh_3d32,45,1.40655260E-06,-9.025987E-01,8.897370E+04,1.435982E-13,1.029809E-10,0,0,0,0
Rh_3d32,46,1.54225798E-06,-9.896691E-01,8.115625E+04,1.892988E-13,1.238106E-10,0,0,0,0
Rh_3d32,47,1.69104604E-06,-1.085129E+00,7.402790E+04,2.495392E-13,1.488526E-10,0,0,0,0
Rh_3d32,48,1.85417702E-06,-1.189786E+00,6.752802E+04,3.289432E-13,1.789565E-10,0,0,0,0
Rh_3d32,49,2.03303422E-06,-1.304525E+00,6.160130E+04,4.336051E-13,2.151463E-10,0,0,0,0
Rh_3d32,50,2.22912879E-06,-1.430313E+00,5.619744E+04,5.715549E-13,2.586519E-10,0,0,0,0
Rh_3d32,51,2.44412209E-06,-1.568210E+00,5.127046E+04,7.533753E-13,3.109494E-10,0,0,0,0
Rh_3d32,52,2.67983341E-06,-1.719380E+00,4.677851E+04,9.930103E-13,3.738164E-10,0,0,0,0
Rh_3d32,53,2.93825503E-06,-1.885093E+00,4.268343E+04,1.308833E-12,4.493882E-10,0,0,0,0
Rh_3d32,54,3.22157153E-06,-2.066741E+00,3.895042E+04,1.725050E-12,5.402277E-10,0,0,0,0
Rh_3d32,55,3.53218026E-06,-2.265849E+00,3.554776E+04,2.273555E-12,6.494192E-10,0,0,0,0
Rh_3d32,56,3.87270272E-06,-2.484082E+00,3.244656E+04,2.996359E-12,7.806676E-10,0,0,0,0
Rh_3d32,57,4.24601843E-06,-2.723267E+00,2.962045E+04,3.948806E-12,9.384231E-10,0,0,0,0
Rh_3d32,58,4.65527750E-06,-2.985394E+00,2.704545E+04,5.203788E-12,1.128037E-09,0,0,0,0
Rh_3d32,59,5.10393592E-06,-3.272641E+00,2.469970E+04,6.857305E-12,1.355934E-09,0,0,0,0
Rh_3d32,60,5.59577840E-06,-3.587386E+00,2.256327E+04,9.035769E-12,1.629839E-09,0,0,0,0
Rh_3d32,61,6.13495341E-06,-3.932222E+00,2.061803E+04,1.190563E-11,1.959026E-09,0,0,0,0
Rh_3d32,62,6.72600836E-06,-4.309977E+00,1.884749E+04,1.568599E-11,2.354644E-09,0,0,0,0
Rh_3d32,63,7.37392185E-06,-4.723727E+00,1.723597E+04,2.066526E-11,2.830082E-09,0,0,0,0
Rh_3d32,64,8.08415363E-06,-5.176819E+00,1.577138E+04,2.722294E-11,3.401419E-09,0,0,0,0
Rh_3d32,65,8.86268273E-06,-5.672883E+00,1.444050E+04,3.585833E-11,4.087981E-09,0,0,0,0
Rh_3d32,66,9.71605824E-06,-6.215851E+00,1.323121E+04,4.722807E-11,4.912963E-09,0,0,0,0
Rh_3d32,67,1.06514605E-05,-6.809973E+00,1.213442E+04,6.219555E-11,5.904225E-09,0,0,0,0
Rh_3d32,68,1.16767499E-05,-7.459821E+00,1.114076E+04,8.189543E-11,7.095225E-09,0,0,0,0
Rh_3d32,69,1.28005423E-05,-8.170303E+00,1.024163E+04,1.078183E-10,8.526129E-09,0,0,0,0
Rh_3d32,70,1.40322695E-05,-8.946653E+00,9.428991E+03,1.419210E-10,1.024516E-08,0,0,0,0
Rh_3d32,71,1.53822682E-05,-9.794433E+00,8.697338E+03,1.867713E-10,1.231018E-08,0,0,0,0
Rh_3d32,72,1.68618598E-05,-1.071949E+01,8.040182E+03,2.457351E-10,1.479067E-08,0,0,0,0
Rh_3d32,73,1.84834363E-05,-1.172790E+01,7.451417E+03,3.232214E-10,1.776995E-08,0,0,0,0
Rh_3d32,74,2.02605792E-05,-1.282594E+01,6.927598E+03,4.249983E-10,2.134799E-08,0,0,0,0
Rh_3d32,75,2.22081559E-05,-1.401992E+01,6.464381E+03,5.586020E-10,2.564469E-08,0,0,0,0
Rh_3d32,76,2.43424471E-05,-1.531602E+01,6.058271E+03,7.338628E-10,3.080381E-08,0,0,0,0
Rh_3d32,77,2.66812790E-05,-1.672010E+01,5.707155E+03,9.635786E-10,3.699762E-08,0,0,0,0
Rh_3d32,78,2.92441716E-05,-1.823732E+01,5.408828E+03,1.264370E-09,4.443256E-08,0,0,0,0
Rh_3d32,79,3.20524919E-05,-1.987173E+01,5.162723E+03,1.657760E-09,5.335587E-08,0,0,0,0
Rh_3d32,80,3.51296338E-05,-2.162560E+01,4.968958E+03,2.171522E-09,6.406351E-08,0,0,0,0
Rh_3d32,81,3.85012014E-05,-2.349864E+01,4.828454E+03,2.841332E-09,7.690965E-08,0,0,0,0
Rh_3d32,82,4.21952215E-05,-2.548687E+01,4.744179E+03,3.712772E-09,9.231776E-08,0,0,0,0
Rh_3d32,83,4.62423676E-05,-2.758111E+01,4.720265E+03,4.843674E-09,1.107941E-07,0,0,0,0
Rh_3d32,84,5.06762051E-05,-2.976509E+01,4.763031E+03,6.306775E-09,1.329433E-07,0,0,0,0
Rh_3d32,85,5.55334622E-05,-3.201291E+01,4.880904E+03,8.192527E-09,1.594873E-07,0,0,0,0
Rh_3d32,86,6.08543274E-05,-3.428592E+01,5.082921E+03,1.061176E-08,1.912880E-07,0,0,0,0
Rh_3d32,87,6.66827627E-05,-3.652908E+01,5.375344E+03,1.369766E-08,2.293736E-07,0,0,0,0
Rh_3d32,88,7.30668595E-05,-3.866753E+01,5.747428E+03,1.760607E-08,2.749716E-07,0,0,0,0
Rh_3d32,89,8.00592177E-05,-4.060557E+01,6.132026E+03,2.251307E-08,3.295438E-07,0,0,0,0
Rh_3d32,90,8.77173610E-05,-4.223422E+01,6.342787E+03,2.860869E-08,3.948222E-07,0,0,0,0
Rh_3d32,91,9.61041931E-05,-4.345839E+01,6.109126E+03,3.608877E-08,4.728806E-07,0,0,0,0
Rh_3d32,92,1.05288485E-04,-4.424784E+01,5.339217E+03,4.515566E-08,5.662702E-07,0,0,0,0
Rh_3d32,93,1.15345422E-04,-4.467262E+01,4.314008E+03,5.604249E-08,6.780508E-07,0,0,0,0
Rh_3d32,94,1.26357184E-04,-4.486359E+01,3.428200E+03,6.905241E-08,8.117435E-07,0,0,0,0
Rh_3d32,95,1.38413580E-04,-4.493632E+01,2.827552E+03,8.459090E-08,9.715361E-07,0,0,0,0
Rh_3d32,96,1.51612748E-04,-4.495925E+01,2.434297E+03,1.031876E-07,1.162554E-06,0,0,0,0
Rh_3d32,97,1.66061904E-04,-4.496400E+01,2.146746E+03,1.255119E-07,1.390938E-06,0,0,0,0
Rh_3d32,98,1.81878167E-04,-4.496280E+01,1.910505E+03,1.523912E-07,1.663972E-06,0,0,0,0
Rh_3d32,99,1.99189447E-04,-4.495974E+01,1.703669E+03,1.848393E-07,1.990318E-06,0,0,0,0
Rh_3d32,100,2.18135417E-04,-4.495597E+01,1.518109E+03,2.240957E-07,2.380306E-06,0,0,0,0
Rh_3d32,101,2.38868560E-04,-4.495175E+01,1.350511E+03,2.716782E-07,2.846253E-06,0,0,0,0
Rh_3d32,102,2.61555319E-04,-4.494711E+01,1.199024E+03,3.294488E-07,3.402838E-06,0,0,0,0
Rh_3d32,103,2.86377324E-04,-4.494204E+01,1.062225E+03,3.996962E-07,4.067549E-06,0,0,0,0
Rh_3d32,104,3.13532746E-04,-4.493647E+01,9.388536E+02,4.852392E-07,4.861210E-06,0,0,0,0
Rh_3d32,105,3.43237752E-04,-4.493038E+01,8.277589E+02,5.895562E-07,5.808606E-06,0,0,0,0
Rh_3d32,106,3.75728075E-04,-4.492370E+01,7.278826E+02,7.169466E-07,6.939227E-06,0,0,0,0
Rh_3d32,107,4.11260733E-04,-4.491640E+01,6.382505E+02,8.727338E-07,8.288142E-06,0,0,0,0
Rh_3d32,108,4.50115867E-04,-4.490839E+01,5.579650E+02,1.063521E-06,9.897034E-06,0,0,0,0
Rh_3d32,109,4.92598745E-04,-4.489963E+01,4.861979E+02,1.297511E-06,1.181543E-05,0,0,0,0
Rh_3d32,110,5.39041925E-04,-4.489004E+01,4.221839E+02,1.584910E-06,1.410212E-05,0,0,0,0
Rh_3d32,111,5.89807581E-04,-4.487954E+01,3.652153E+02,1.938440E-06,1.682689E-05,0,0,0,0
Rh_3d32,112,6.45290023E-04,-4.486804E+01,3.146370E+02,2.373976E-06,2.007249E-05,0,0,0,0
Rh_3d32,113,7.05918418E-04,-4.485546E+01,2.698426E+02,2.911363E-06,2.393701E-05,0,0,0,0
Rh_3d32,114,7.72159708E-04,-4.484170E+01,2.302707E+02,3.575439E-06,2.853660E-05,0,0,0,0
Rh_3d32,115,8.44521763E-04,-4.482664E+01,1.954018E+02,4.397329E-06,3.400872E-05,0,0,0,0
Rh_3d32,116,9.23556778E-04,-4.481017E+01,1.647560E+02,5.416091E-06,4.051595E-05,0,0,0,0
Rh_3d32,117,1.00986491E-03,-4.479215E+01,1.378902E+02,6.680786E-06,4.825036E-05,0,0,0,0
Rh_3d32,118,1.10409819E-03,-4.477245E+01,1.143972E+02,8.253103E-06,5.743868E-05,0,0,0,0
Rh_3d32,119,1.20696472E-03,-4.475091E+01,9.390273E+01,1.021068E-05,6.834831E-05,0,0,0,0
Rh_3d32,120,1.31923320E-03,-4.472735E+01,7.606492E+01,1.265132E-05,8.129428E-05,0,0,0,0
Rh_3d32,121,1.44173773E-03,-4.470161E+01,6.057219E+01,1.569826E-05,9.664732E-05,0,0,0,0
Rh_3d32,122,1.57538293E-03,-4.467349E+01,4.714199E+01,1.950697E-05,1.148432E-04,0,0,0,0
Rh_3d32,123,1.72114953E-03,-4.464276E+01,3.551929E+01,2.427354E-05,1.363936E-04,0,0,0,0
Rh_3d32,124,1.88010018E-03,-4.460920E+01,2.547503E+01,3.024547E-05,1.618984E-04,0,0,0,0
Rh_3d32,125,2.05338577E-03,-4.457255E+01,1.680455E+01,3.773513E-05,1.920596E-04,0,0,0,0
Rh_3d32,126,2.24225204E-03,-4.453255E+01,9.325979E+00,4.713682E-05,2.276984E-04,0,0,0,0
Rh_3d32,127,2.44804675E-03,-4.448890E+01,2.878559E+00,5.894814E-05,2.697727E-04,0,0,0,0
Rh_3d32,128,2.67222716E-03,-4.444129E+01,-2.679054E+00,7.379688E-05,3.193986E-04,0,0,0,0
Rh_3d32,129,2.91636804E-03,-4.438938E+01,-7.470479E+00,9.247478E-05,3.778740E-04,0,0,0,0
Rh_3d32,130,3.18217011E-03,-4.433281E+01,-1.160328E+01,1.159797E-04,4.467049E-04,0,0,0,0
Rh_3d32,131,3.47146901E-03,-4.427118E+01,-1.517060E+01,1.455685E-04,5.276351E-04,0,0,0,0
Rh_3d32,132,3.78624466E-03,-4.420409E+01,-1.825274E+01,1.828226E-04,6.226794E-04,0,0,0,0
Rh_3d32,133,4.12863129E-03,-4.413109E+01,-2.091858E+01,2.297297E-04,7.341590E-04,0,0,0,0
Rh_3d32,134,4.50092781E-03,-4.405173E+01,-2.322706E+01,2.887854E-04,8.647417E-04,0,0,0,0
Rh_3d32,135,4.90560879E-03,-4.396549E+01,-2.522837E+01,3.631182E-04,1.017484E-03,0,0,0,0
Rh_3d32,136,5.34533597E-03,-4.387188E+01,-2.696512E+01,4.566440E-04,1.195877E-03,0,0,0,0
Rh_3d32,137,5.82297026E-03,-4.377034E+01,-2.847345E+01,5.742555E-04,1.403896E-03,0,0,0,0
Rh_3d32,138,6.34158424E-03,-4.366031E+01,-2.978387E+01,7.220542E-04,1.646046E-03,0,0,0,0
Rh_3d32,139,6.90447521E-03,-4.354120E+01,-3.092214E+01,9.076324E-04,1.927417E-03,0,0,0,0
Rh_3d32,140,7.51517875E-03,-4.341241E+01,-3.190999E+01,1.140416E-03,2.253734E-03,0,0,0,0
Rh_3d32,141,8.17748271E-03,-4.327333E+01,-3.276570E+01,1.432075E-03,2.631402E-03,0,0,0,0
Rh_3d32,142,8.89544175E-03,-4.312332E+01,-3.350467E+01,1.797024E-03,3.067549E-03,0,0,0,0
Rh_3d32,143,9.67339220E-03,-4.296174E+01,-3.413989E+01,2.253005E-03,3.570068E-03,0,0,0,0
Rh_3d32,144,1.05159675E-02,-4.278796E+01,-3.468230E+01,2.821793E-03,4.147635E-03,0,0,0,0
Rh_3d32,145,1.14281138E-02,-4.260133E+01,-3.514115E+01,3.530015E-03,4.809725E-03,0,0,0,0
Rh_3d32,146,1.24151062E-02,-4.240122E+01,-3.552423E+01,4.410109E-03,5.566596E-03,0,0,0,0
Rh_3d32,147,1.34825648E-02,-4.218700E+01,-3.583817E+01,5.501433E-03,6.429265E-03,0,0,0,0
Rh_3d32,148,1.46364718E-02,-4.195804E+01,-3.608860E+01,6.851535E-03,7.409430E-03,0,0,0,0
Rh_3d32,149,1.58831875E-02,-4.171373E+01,-3.628031E+01,8.517583E-03,8.519378E-03,0,0,0,0
Rh_3d32,150,1.72294681E-02,-4.145346E+01,-3.641736E+01,1.056797E-02,9.771829E-03,0,0,0,0
Rh_3d32,151,1.86824817E-02,-4.117665E+01,-3.650327E+01,1.308409E-02,1.117974E-02,0,0,0,0
Rh_3d32,152,2.02498260E-02,-4.088270E+01,-3.654102E+01,1.616220E-02,1.275605E-02,0,0,0,0
Rh_3d32,153,2.19395442E-02,-4.057105E+01,-3.653318E+01,1.991546E-02,1.451334E-02,0,0,0,0
Rh_3d32,154,2.37601426E-02,-4.024114E+01,-3.648197E+01,2.447602E-02,1.646346E-02,0,0,0,0
Rh_3d32,155,2.57206060E-02,-3.989244E+01,-3.638930E+01,2.999703E-02,1.861706E-02,0,0,0,0
Rh_3d32,156,2.78304141E-02,-3.952443E+01,-3.625686E+01,3.665457E-02,2.098306E-02,0,0,0,0
Rh_3d32,157,3.00995567E-02,-3.913670E+01,-3.608613E+01,4.464939E-02,2.356801E-02,0,0,0,0
Rh_3d32,158,3.25385485E-02,-3.872889E+01,-3.587850E+01,5.420816E-02,2.637549E-02,0,0,0,0
Rh_3d32,159,3.51584436E-02,-3.830076E+01,-3.563526E+01,6.558420E-02,2.940532E-02,0,0,0,0
Rh_3d32,160,3.79708483E-02,-3.785224E+01,-3.535767E+01,7.905735E-02,3.265288E-02,0,0,0,0
Rh_3d32,161,4.09879343E-02,-3.738337E+01,-3.504700E+01,9.493279E-02,3.610835E-02,0,0,0,0
Rh_3d32,162,4.42224493E-02,-3.689434E+01,-3.470451E+01,1.135385E-01,3.975595E-02,0,0,0,0
Rh_3d32,163,4.76877285E-02,-3.638540E+01,-3.433143E+01,1.352213E-01,4.357334E-02,0,0,0,0
Rh_3d32,164,5.13977028E-02,-3.585677E+01,-3.392888E+01,1.603403E-01,4.753106E-02,0,0,0,0
Rh_3d32,165,5.53669077E-02,-3.530861E+01,-3.349785E+01,1.892594E-01,5.159214E-02,0,0,0,0
Rh_3d32,166,5.96104891E-02,-3.474097E+01,-3.303916E+01,2.223362E-01,5.571202E-02,0,0,0,0
Rh_3d32,167,6.41442095E-02,-3.415384E+01,-3.255351E+01,2.599095E-01,5.983864E-02,0,0,0,0
Rh_3d32,168,6.89844506E-02,-3.354727E+01,-3.204155E+01,3.022836E-01,6.391296E-02,0,0,0,0
Rh_3d32,169,7.41482165E-02,-3.292147E+01,-3.150404E+01,3.497114E-01,6.786974E-02,0,0,0,0
Rh_3d32,170,7.96531339E-02,-3.227687E+01,-3.094192E+01,4.023749E-01,7.163877E-02,0,0,0,0
Rh_3d32,171,8.55174508E-02,-3.161418E+01,-3.035631E+01,4.603647E-01,7.514643E-02,0,0,0,0
Rh_3d32,172,9.17600344E-02,-3.093435E+01,-2.974858E+01,5.236595E-01,7.831755E-02,0,0,0,0
Rh_3d32,173,9.84003662E-02,-3.023849E+01,-2.912021E+01,5.921056E-01,8.107764E-02,0,0,0,0
Rh_3d32,174,1.05458536E-01,-2.952784E+01,-2.847275E+01,6.653980E-01,8.335536E-02,0,0,0,0
Rh_3d32,175,1.12955235E-01,-2.880360E+01,-2.780776E+01,7.430656E-01,8.508514E-02,0,0,0,0
Rh_3d32,176,1.20911745E-01,-2.806695E+01,-2.712668E+01,8.244594E-01,8.620990E-02,0,0,0,0
Rh_3d32,177,1.29349929E-01,-2.731905E+01,-2.643096E+01,9.087478E-01,8.668367E-02,0,0,0,0
Rh_3d32,178,1.38292216E-01,-2.656108E+01,-2.572201E+01,9.949192E-01,8.647405E-02,0,0,0,0
Rh_3d32,179,1.47761591E-01,-2.579442E+01,-2.500145E+01,1.081792E+00,8.556415E-02,0,0,0,0
Rh_3d32,180,1.57781575E-01,-2.502074E+01,-2.427114E+01,1.168036E+00,8.395400E-02,0,0,0,0
Rh_3d32,181,1.68376212E-01,-2.424207E+01,-2.353331E+01,1.252198E+00,8.166116E-02,0,0,0,0
Rh_3d32,182,1.79570046E-01,-2.346077E+01,-2.279043E+01,1.332742E+00,7.872052E-02,0,0,0,0
Rh_3d32,183,1.91388107E-01,-2.267915E+01,-2.204502E+01,1.408090E+00,7.518340E-02,0,0,0,0
Rh_3d32,184,2.03855884E-01,-2.189930E+01,-2.129925E+01,1.476673E+00,7.111612E-02,0,0,0,0
Rh_3d32,185,2.16999312E-01,-2.112282E+01,-2.055490E+01,1.536981E+00,6.659797E-02,0,0,0,0
Rh_3d32,186,2.30844738E-01,-2.035096E+01,-1.981333E+01,1.587623E+00,6.171892E-02,0,0,0,0
Rh_3d32,187,2.45418909E-01,-1.958502E+01,-1.907598E+01,1.627382E+00,5.657642E-02,0,0,0,0
Rh_3d32,188,2.60748939E-01,-1.882649E+01,-1.834443E+01,1.655259E+00,5.127186E-02,0,0,0,0
Rh_3d32,189,2.76862289E-01,-1.807748E+01,-1.762087E+01,1.670524E+00,4.590691E-02,0,0,0,0
Rh_3d32,190,2.93786740E-01,-1.734037E+01,-1.690779E+01,1.672746E+00,4.057927E-02,0,0,0,0
Rh_3d32,191,3.11550369E-01,-1.661780E+01,-1.620790E+01,1.661807E+00,3.537931E-02,0,0,0,0
Rh_3d32,192,3.30181523E-01,-1.591224E+01,-1.552374E+01,1.637910E+00,3.038710E-02,0,0,0,0
Rh_3d32,193,3.49708788E-01,-1.522575E+01,-1.485743E+01,1.601566E+00,2.567047E-02,0,0,0,0
Rh_3d32,194,3.70160971E-01,-1.455967E+01,-1.421041E+01,1.553570E+00,2.128385E-02,0,0,0,0
Rh_3d32,195,3.91567070E-01,-1.391461E+01,-1.358333E+01,1.494973E+00,1.726797E-02,0,0,0,0
Rh_3d32,196,4.13956246E-01,-1.329038E+01,-1.297606E+01,1.427039E+00,1.365018E-02,0,0,0,0
Rh_3d32,197,4.37357801E-01,-1.268624E+01,-1.238794E+01,1.351199E+00,1.044518E-02,0,0,0,0
Rh_3d32,198,4.61801153E-01,-1.210111E+01,-1.181793E+01,1.269006E+00,7.656050E-03,0,0,0,0
Rh_3d32,199,4.87315808E-01,-1.153392E+01,-1.126502E+01,1.182085E+00,5.275429E-03,0,0,0,0
Rh_3d32,200,5.13931339E-01,-1.098404E+01,-1.072861E+01,1.092078E+00,3.286797E-03,0,0,0,0
Rh_3d32,201,5.41677359E-01,-1.045133E+01,-1.020862E+01,1.000598E+00,1.665854E-03,0,0,0,0
Rh_3d32,202,5.70583501E-01,-9.936309E+00,-9.705612E+00,9.091770E-01,3.820675E-04,0,0,0,0
Rh_3d32,203,6.00679395E-01,-9.439808E+00,-9.220450E+00,8.192249E-01,-5.996273E-04,0,0,0,0
Rh_3d32,204,6.31994644E-01,-8.962447E+00,-8.753789E+00,7.319920E-01,-1.316977E-03,0,0,0,0
Rh_3d32,205,6.64558806E-01,-8.504099E+00,-8.305540E+00,6.485429E-01,-1.808548E-03,0,0,0,0
Rh_3d32,206,6.98401370E-01,-8.063714E+00,-7.874691E+00,5.697419E-01,-2.112060E-03,0,0,0,0
Rh_3d32,207,7.33551743E-01,-7.639614E+00,-7.459600E+00,4.962492E-01,-2.263106E-03,0,0,0,0
Rh_3d32,208,7.70039224E-01,-7.230092E+00,-7.058590E+00,4.285253E-01,-2.294313E-03,0,0,0,0
Rh_3d32,209,8.07892992E-01,-6.833761E+00,-6.670306E+00,3.668433E-01,-2.234855E-03,0,0,0,0
Rh_3d32,210,8.47142087E-01,-6.450021E+00,-6.294174E+00,3.113047E-01,-2.110231E-03,0,0,0,0
Rh_3d32,211,8.87815393E-01,-6.078773E+00,-5.930120E+00,2.618587E-01,-1.942186E-03,0,0,0,0
Rh_3d32,212,9.29941626E-01,-5.720469E+00,-5.578619E+00,2.183248E-01,-1.748760E-03,0,0,0,0
Rh_3d32,213,9.73549318E-01,-5.375815E+00,-5.240402E+00,1.804161E-01,-1.544435E-03,0,0,0,0
Rh_3d32,214,1.01866680E+00,-5.045607E+00,-4.916284E+00,1.477635E-01,-1.340385E-03,0,0,0,0
Rh_3d32,215,1.06532220E+00,-4.730582E+00,-4.607023E+00,1.199403E-01,-1.144798E-03,0,0,0,0
Rh_3d32,216,1.11354343E+00,-4.431322E+00,-4.313220E+00,9.648441E-02,-9.632715E-04,0,0,0,0
Rh_3d32,217,1.16335815E+00,-4.148201E+00,-4.035268E+00,7.691861E-02,-7.992253E-04,0,0,0,0
Rh_3d32,218,1.21479379E+00,-3.881358E+00,-3.773322E+00,6.076826E-02,-6.543289E-04,0,0,0,0
Rh_3d32,219,1.26787754E+00,-3.630724E+00,-3.527330E+00,4.757531E-02,-5.289052E-04,0,0,0,0
Rh_3d32,220,1.32263631E+00,-3.396024E+00,-3.297031E+00,3.690909E-02,-4.222964E-04,0,0,0,0
Rh_3d32,221,1.37909677E+00,-3.176817E+00,-3.081996E+00,2.837383E-02,-3.331820E-04,0,0,0,0
Rh_3d32,222,1.43728528E+00,-2.972548E+00,-2.881687E+00,2.161325E-02,-2.598407E-04,0,0,0,0
Rh_3d32,223,1.49722796E+00,-2.782548E+00,-2.695444E+00,1.631258E-02,-2.003578E-04,0,0,0,0
Rh_3d32,224,1.55895062E+00,-2.606110E+00,-2.522574E+00,1.219849E-02,-1.527812E-04,0,0,0,0
Rh_3d32,225,1.62247878E+00,-2.442473E+00,-2.362325E+00,9.037542E-03,-1.152317E-04,0,0,0,0
Rh_3d32,226,1.68783768E+00,-2.290872E+00,-2.213944E+00,6.633339E-03,-8.597469E-05,0,0,0,0
Rh_3d32,227,1.75505224E+00,-2.150546E+00,-2.076677E+00,4.823113E-03,-6.346171E-05,0,0,0,0
Rh_3d32,228,1.82414712E+00,-2.020748E+00,-1.949787E+00,3.473844E-03,-4.634789E-05,0,0,0,0
Rh_3d32,229,1.89514662E+00,-1.900750E+00,-1.832557E+00,2.478297E-03,-3.349269E-05,0,0,0,0
Rh_3d32,230,1.96807478E+00,-1.789858E+00,-1.724297E+00,1.751171E-03,-2.394904E-05,0,0,0,0
Rh_3d32,231,2.04295531E+00,-1.687406E+00,-1.624351E+00,1.225482E-03,-1.694540E-05,0,0,0,0
Rh_3d32,232,2.11981162E+00,-1.592763E+00,-1.532096E+00,8.492998E-04,-1.186424E-05,0,0,0,0
Rh_3d32,233,2.19866681E+00,-1.507401E+00,-1.449009E+00,5.828617E-04,-8.219546E-06,0,0,0,0
Rh_3d32,234,2.27954366E+00,-1.432604E+00,-1.376377E+00,3.960929E-04,-5.634823E-06,0,0,0,0
Rh_3d32,235,2.36246467E+00,-1.367349E+00,-1.313187E+00,2.665203E-04,-3.822476E-06,0,0,0,0
Rh_3d32,236,2.44745199E+00,-1.310668E+00,-1.258476E+00,1.775568E-04,-2.565912E-06,0,0,0,0
Rh_3d32,237,2.53452750E+00,-1.261654E+00,-1.211340E+00,1.171085E-04,-1.704377E-06,0,0,0,0
Rh_3d32,238,2.62371274E+00,-1.219458E+00,-1.170937E+00,7.646312E-05,-1.120229E-06,0,0,0,0
Rh_3d32,239,2.71502897E+00,-1.183295E+00,-1.136486E+00,4.941916E-05,-7.285341E-07,0,0,0,0
Rh_3d32,240,2.80849713E+00,-1.152443E+00,-1.107269E+00,3.161432E-05,-4.687890E-07,0,0,0,0
Rh_3d32,241,2.90413787E+00,-1.126241E+00,-1.082630E+00,2.001622E-05,-2.984474E-07,0,0,0,0
Rh_3d32,242,3.00197152E+00,-1.104092E+00,-1.061975E+00,1.254162E-05,-1.879738E-07,0,0,0,0
Rh_3d32,243,3.10201813E+00,-1.085456E+00,-1.044767E+00,7.776085E-06,-1.171223E-07,0,0,0,0
Rh_3d32,244,3.20429744E+00,-1.069848E+00,-1.030525E+00,4.770532E-06,-7.218817E-08,0,0,0,0
Rh_3d32,245,3.30882892E+00,-1.056837E+00,-1.018822E+00,2.895561E-06,-4.400958E-08,0,0,0,0
Rh_3d32,246,3.41563171E+00,-1.046044E+00,-1.009280E+00,1.738682E-06,-2.653700E-08,0,0,0,0
Rh_3d32,247,3.52472471E+00,-1.037132E+00,-1.001567E+00,1.032739E-06,-1.582515E-08,0,0,0,0
Rh_3d32,248,3.63612649E+00,-1.029809E+00,-9.953923E-01,6.067439E-07,-9.332589E-09,0,0,0,0
Rh_3d32,249,3.74985537E+00,-1.023820E+00,-9.905046E-01,3.525542E-07,-5.442282E-09,0,0,0,0
Rh_3d32,250,3.86592937E+00,-1.018947E+00,-9.866865E-01,2.025879E-07,-3.137983E-09,0,0,0,0
Rh_3d32,251,3.98436626E+00,-1.015001E+00,-9.837521E-01,1.151145E-07,-1.788860E-09,0,0,0,0
Rh_3d32,252,4.10518351E+00,-1.011821E+00,-9.815429E-01,6.467519E-08,-1.008147E-09,0,0,0,0
Rh_3d32,253,4.22839834E+00,-1.009271E+00,-9.799248E-01,3.592515E-08,-5.616404E-10,0,0,0,0
Rh_3d32,254,4.35402770E+00,-1.007237E+00,-9.787848E-01,1.972766E-08,-3.092755E-10,0,0,0,0
Rh_3d32,255,4.48208827E+00,-1.005622E+00,-9.780288E-01,1.070857E-08,-1.683258E-10,0,0,0,0
Rh_3d32,256,4.61259649E+00,-1.004346E+00,-9.775784E-01,5.745534E-09,-9.053985E-11,0,0,0,0
Rh_3d32,257,4.74556853E+00,-1.003344E+00,-9.773689E-01,3.046744E-09,-4.812587E-11,0,0,0,0
Rh_3d32,258,4.88102031E+00,-1.002560E+00,-9.773473E-01,1.596661E-09,-2.527746E-11,0,0,0,0
Rh_3d32,259,5.01896752E+00,-1.001950E+00,-9.774707E-01,8.268486E-10,-1.311809E-11,0,0,0,0
Rh_3d32,260,5.15942559E+00,-1.001479E+00,-9.777040E-01,4.230979E-10,-6.726002E-12,0,0,0,0
Rh_3d32,261,5.30240972E+00,-1.001115E+00,-9.780192E-01,2.139063E-10,-3.406903E-12,0,0,0,0
Rh_3d32,262,5.44793486E+00,-1.000837E+00,-9.783940E-01,1.068416E-10,-1.747657E-12,0,0,0,0
Rh_3d32,263,5.59601573E+00,-1.000625E+00,-9.788109E-01,5.271791E-11,-7.384284E-13,0,0,0,0
Rh_3d52,0,2.22222222E-08,-1.426115E-02,5.625436E+06,2.911478E-20,-4.344619E-25,0,0,0,0
Rh_3d52,1,2.43686888E-08,-1.563865E-02,5.129949E+06,3.829400E-20,-6.277579E-25,0,0,0,0
Rh_3d52,2,2.67224847E-08,-1.714921E-02,4.678106E+06,5.041486E-20,-9.064699E-25,0,0,0,0
Rh_3d52,3,2.93035852E-08,-1.880563E-02,4.266069E+06,6.641186E-20,-1.308977E-24,0,0,0,0
Rh_3d52,4,3.21339917E-08,-2.062205E-02,3.890324E+06,8.751781E-20,-1.890710E-24,0,0,0,0
Rh_3d52,5,3.52377847E-08,-2.261392E-02,3.547675E+06,1.153587E-19,-2.731752E-24,0,0,0,0
Rh_3d52,6,3.86413030E-08,-2.479813E-02,3.235212E+06,1.520787E-19,-3.947838E-24,0,0,0,0
Rh_3d52,7,4.23735575E-08,-2.719331E-02,2.950269E+06,2.005058E-19,-5.706332E-24,0,0,0,0
Rh_3d52,8,4.64662192E-08,-2.981978E-02,2.690429E+06,2.643689E-19,-8.249147E-24,0,0,0,0
Rh_3d52,9,5.09540830E-08,-3.269988E-02,2.453478E+06,3.485851E-19,-1.192609E-23,0,0,0,0
Rh_3d52,10,5.58753999E-08,-3.585814E-02,2.237396E+06,4.596385E-19,-1.724306E-23,0,0,0,0
Rh_3d52,11,6.12719276E-08,-3.932137E-02,2.040350E+06,6.060789E-19,-2.493134E-23,0,0,0,0
Rh_3d52,12,6.71896597E-08,-4.311908E-02,1.860658E+06,7.991804E-19,-3.604860E-23,0,0,0,0
Rh_3d52,13,7.36788069E-08,-4.728350E-02,1.696794E+06,1.053808E-18,-5.212375E-23,0,0,0,0
Rh_3d52,14,8.07945326E-08,-5.185002E-02,1.547365E+06,1.389563E-18,-7.536768E-23,0,0,0,0
Rh_3d52,15,8.85974782E-08,-5.685758E-02,1.411096E+06,1.832291E-18,-1.089777E-22,0,0,0,0
Rh_3d52,16,9.71538449E-08,-6.234864E-02,1.286830E+06,2.416070E-18,-1.575756E-22,0,0,0,0
Rh_3d52,17,1.06536364E-07,-6.836988E-02,1.173510E+06,3.185835E-18,-2.278446E-22,0,0,0,0
Rh_3d52,18,1.16824785E-07,-7.497249E-02,1.070172E+06,4.200832E-18,-3.294477E-22,0,0,0,0
Rh_3d52,19,1.28106557E-07,-8.221258E-02,9.759356E+05,5.539180E-18,-4.763563E-22,0,0,0,0
Rh_3d52,20,1.40477809E-07,-9.015183E-02,8.899979E+05,7.303886E-18,-6.887752E-22,0,0,0,0
Rh_3d52,21,1.54043217E-07,-9.885743E-02,8.116309E+05,9.630749E-18,-9.959033E-22,0,0,0,0
Rh_3d52,22,1.68918585E-07,-1.084037E-01,7.401649E+05,1.269885E-17,-1.439982E-21,0,0,0,0
Rh_3d52,23,1.85229766E-07,-1.188714E-01,6.749944E+05,1.674425E-17,-2.082048E-21,0,0,0,0
Rh_3d52,24,2.03115995E-07,-1.303499E-01,6.155626E+05,2.207828E-17,-3.010403E-21,0,0,0,0
Rh_3d52,25,2.22728585E-07,-1.429362E-01,5.613661E+05,2.911132E-17,-4.352634E-21,0,0,0,0
Rh_3d52,26,2.44234514E-07,-1.567376E-01,5.119427E+05,3.838449E-17,-6.293279E-21,0,0,0,0
Rh_3d52,27,2.67816518E-07,-1.718713E-01,4.668719E+05,5.061125E-17,-9.099106E-21,0,0,0,0
Rh_3d52,28,2.93674455E-07,-1.884656E-01,4.257711E+05,6.673213E-17,-1.315572E-20,0,0,0,0
Rh_3d52,29,3.22029000E-07,-2.066620E-01,3.882891E+05,8.798738E-17,-1.902086E-20,0,0,0,0
Rh_3d52,30,3.53119360E-07,-2.266141E-01,3.541092E+05,1.160117E-16,-2.750024E-20,0,0,0,0
Rh_3d52,31,3.87210673E-07,-2.484919E-01,3.229392E+05,1.529608E-16,-3.975944E-20,0,0,0,0
Rh_3d52,32,4.24592535E-07,-2.724814E-01,2.945141E+05,2.016765E-16,-5.748318E-20,0,0,0,0
Rh_3d52,33,4.65581675E-07,-2.987857E-01,2.685925E+05,2.659049E-16,-8.310648E-20,0,0,0,0
Rh_3d52,34,5.10526032E-07,-3.276282E-01,2.449539E+05,3.505850E-16,-1.201498E-19,0,0,0,0
Rh_3d52,35,5.59808063E-07,-3.592541E-01,2.233969E+05,4.622284E-16,-1.737032E-19,0,0,0,0
Rh_3d52,36,6.13844178E-07,-3.939307E-01,2.037388E+05,6.094178E-16,-2.511213E-19,0,0,0,0
Rh_3d52,37,6.73095020E-07,-4.319535E-01,1.858117E+05,8.034697E-16,-3.630415E-19,0,0,0,0
Rh_3d52,38,7.38061153E-07,-4.736436E-01,1.694638E+05,1.059300E-15,-5.248312E-19,0,0,0,0
Rh_3d52,39,8.09294905E-07,-5.193552E-01,1.545557E+05,1.396572E-15,-7.587123E-19,0,0,0,0
Rh_3d52,40,8.87400674E-07,-5.694762E-01,1.409606E+05,1.841207E-15,-1.096802E-18,0,0,0,0
Rh_3d52,41,9.73041115E-07,-6.244313E-01,1.285629E+05,2.427374E-15,-1.585524E-18,0,0,0,0
Rh_3d52,42,1.06694090E-06,-6.846855E-01,1.172574E+05,3.200111E-15,-2.291964E-18,0,0,0,0
Rh_3d52,43,1.16989756E-06,-7.507500E-01,1.069478E+05,4.218786E-15,-3.313107E-18,0,0,0,0
Rh_3d52,44,1.28278253E-06,-8.231832E-01,9.754656E+04,5.561648E-15,-4.789095E-18,0,0,0,0
Rh_3d52,45,1.40655260E-06,-9.025987E-01,8.897370E+04,7.331841E-15,-6.922484E-18,0,0,0,0
Rh_3d52,46,1.54225798E-06,-9.896691E-01,8.115625E+04,9.665312E-15,-1.000603E-17,0,0,0,0
Rh_3d52,47,1.69104604E-06,-1.085129E+00,7.402790E+04,1.274123E-14,-1.446273E-17,0,0,0,0
Rh_3d52,48,1.85417702E-06,-1.189786E+00,6.752802E+04,1.679575E-14,-2.090390E-17,0,0,0,0
Rh_3d52,49,2.03303422E-06,-1.304525E+00,6.160130E+04,2.214010E-14,-3.021300E-17,0,0,0,0
Rh_3d52,50,2.22912879E-06,-1.430313E+00,5.619744E+04,2.918444E-14,-4.366631E-17,0,0,0,0
Rh_3d52,51,2.44412209E-06,-1.568210E+00,5.127046E+04,3.846933E-14,-6.310829E-17,0,0,0,0
Rh_3d52,52,2.67983341E-06,-1.719380E+00,4.677851E+04,5.070709E-14,-9.120370E-17,0,0,0,0
Rh_3d52,53,2.93825503E-06,-1.885093E+00,4.268343E+04,6.683644E-14,-1.318022E-16,0,0,0,0
Rh_3d52,54,3.22157153E-06,-2.066741E+00,3.895042E+04,8.809430E-14,-1.904654E-16,0,0,0,0
Rh_3d52,55,3.53218026E-06,-2.265849E+00,3.554776E+04,1.161106E-13,-2.752279E-16,0,0,0,0
Rh_3d52,56,3.87270272E-06,-2.484082E+00,3.244656E+04,1.530329E-13,-3.976936E-16,0,0,0,0
Rh_3d52,57,4.24601843E-06,-2.723267E+00,2.962045E+04,2.016909E-13,-5.746250E-16,0,0,0,0
Rh_3d52,58,4.65527750E-06,-2.985394E+00,2.704545E+04,2.658125E-13,-8.302277E-16,0,0,0,0
Rh_3d52,59,5.10393592E-06,-3.272641E+00,2.469970E+04,3.503093E-13,-1.199458E-15,0,0,0,0
Rh_3d52,60,5.59577840E-06,-3.587386E+00,2.256327E+04,4.616517E-13,-1.732786E-15,0,0,0,0
Rh_3d52,61,6.13495341E-06,-3.932222E+00,2.061803E+04,6.083632E-13,-2.503079E-15,0,0,0,0
Rh_3d52,62,6.72600836E-06,-4.309977E+00,1.884749E+04,8.016714E-13,-3.615517E-15,0,0,0,0
Rh_3d52,63,7.37392185E-06,-4.723727E+00,1.723597E+04,1.056365E-12,-5.221897E-15,0,0,0,0
Rh_3d52,64,8.08415363E-06,-5.176819E+00,1.577138E+04,1.391921E-12,-7.541264E-15,0,0,0,0
Rh_3d52,65,8.86268273E-06,-5.672883E+00,1.444050E+04,1.833993E-12,-1.088961E-14,0,0,0,0
Rh_3d52,66,9.71605824E-06,-6.215851E+00,1.323121E+04,2.416361E-12,-1.572267E-14,0,0,0,0
Rh_3d52,67,1.06514605E-05,-6.809973E+00,1.213442E+04,3.183507E-12,-2.269756E-14,0,0,0,0
Rh_3d52,68,1.16767499E-05,-7.459821E+00,1.114076E+04,4.194001E-12,-3.276135E-14,0,0,0,0
Rh_3d52,69,1.28005423E-05,-8.170303E+00,1.024163E+04,5.524953E-12,-4.727856E-14,0,0,0,0
Rh_3d52,70,1.40322695E-05,-8.946653E+00,9.428991E+03,7.277870E-12,-6.821406E-14,0,0,0,0
Rh_3d52,71,1.53822682E-05,-9.794433E+00,8.697338E+03,9.586367E-12,-9.839577E-14,0,0,0,0
Rh_3d52,72,1.68618598E-05,-1.071949E+01,8.040182E+03,1.262629E-11,-1.418909E-13,0,0,0,0
Rh_3d52,73,1.84834363E-05,-1.172790E+01,7.451417E+03,1.662906E-11,-2.045443E-13,0,0,0,0
Rh_3d52,74,2.02605792E-05,-1.282594E+01,6.927598E+03,2.189915E-11,-2.947476E-13,0,0,0,0
Rh_3d52,75,2.22081559E-05,-1.401992E+01,6.464381E+03,2.883710E-11,-4.245352E-13,0,0,0,0
Rh_3d52,76,2.43424471E-05,-1.531602E+01,6.058271E+03,3.796977E-11,-6.111419E-13,0,0,0,0
Rh_3d52,77,2.66812790E-05,-1.672010E+01,5.707155E+03,4.998998E-11,-8.792096E-13,0,0,0,0
Rh_3d52,78,2.92441716E-05,-1.823732E+01,5.408828E+03,6.580861E-11,-1.263902E-12,0,0,0,0
Rh_3d52,79,3.20524919E-05,-1.987173E+01,5.162723E+03,8.662300E-11,-1.815275E-12,0,0,0,0
Rh_3d52,80,3.51296338E-05,-2.162560E+01,4.968958E+03,1.140065E-10,-2.604379E-12,0,0,0,0
Rh_3d52,81,3.85012014E-05,-2.349864E+01,4.828454E+03,1.500261E-10,-3.731700E-12,0,0,0,0
Rh_3d52,82,4.21952215E-05,-2.548687E+01,4.744179E+03,1.973963E-10,-5.338726E-12,0,0,0,0
Rh_3d52,83,4.62423676E-05,-2.758111E+01,4.720265E+03,2.596808E-10,-7.623594E-12,0,0,0,0
Rh_3d52,84,5.06762051E-05,-2.976509E+01,4.763031E+03,3.415566E-10,-1.086185E-11,0,0,0,0
Rh_3d52,85,5.55334622E-05,-3.201291E+01,4.880904E+03,4.491599E-10,-1.543337E-11,0,0,0,0
Rh_3d52,86,6.08543274E-05,-3.428592E+01,5.082921E+03,5.905378E-10,-2.185600E-11,0,0,0,0
Rh_3d52,87,6.66827627E-05,-3.652908E+01,5.375344E+03,7.762420E-10,-3.082553E-11,0,0,0,0
Rh_3d52,88,7.30668595E-05,-3.866753E+01,5.747428E+03,1.020105E-09,-4.325941E-11,0,0,0,0
Rh_3d52,89,8.00592177E-05,-4.060557E+01,6.132026E+03,1.340261E-09,-6.033844E-11,0,0,0,0
Rh_3d52,90,8.77173610E-05,-4.223422E+01,6.342787E+03,1.760468E-09,-8.353919E-11,0,0,0,0
Rh_3d52,91,9.61041931E-05,-4.345839E+01,6.109126E+03,2.311809E-09,-1.146578E-10,0,0,0,0
Rh_3d52,92,1.05288485E-04,-4.424784E+01,5.339217E+03,3.034992E-09,-1.558617E-10,0,0,0,0
Rh_3d52,93,1.15345422E-04,-4.467262E+01,4.314008E+03,3.983553E-09,-2.098535E-10,0,0,0,0
Rh_3d52,94,1.26357184E-04,-4.486359E+01,3.428200E+03,5.227765E-09,-2.801928E-10,0,0,0,0
Rh_3d52,95,1.38413580E-04,-4.493632E+01,2.827552E+03,6.859447E-09,-3.717044E-10,0,0,0,0
Rh_3d52,96,1.51612748E-04,-4.495925E+01,2.434297E+03,8.998694E-09,-4.908923E-10,0,0,0,0
Rh_3d52,97,1.66061904E-04,-4.496400E+01,2.146746E+03,1.180281E-08,-6.463956E-10,0,0,0,0
Rh_3d52,98,1.81878167E-04,-4.496280E+01,1.910505E+03,1.547771E-08,-8.495761E-10,0,0,0,0
Rh_3d52,99,1.99189447E-04,-4.495974E+01,1.703669E+03,2.029282E-08,-1.115306E-09,0,0,0,0
Rh_3d52,100,2.18135417E-04,-4.495597E+01,1.518109E+03,2.660047E-08,-1.463020E-09,0,0,0,0
Rh_3d52,101,2.38868560E-04,-4.495175E+01,1.350511E+03,3.486132E-08,-1.918104E-09,0,0,0,0
Rh_3d52,102,2.61555319E-04,-4.494711E+01,1.199024E+03,4.567738E-08,-2.513711E-09,0,0,0,0
Rh_3d52,103,2.86377324E-04,-4.494204E+01,1.062225E+03,5.983521E-08,-3.293134E-09,0,0,0,0
Rh_3d52,104,3.13532746E-04,-4.493647E+01,9.388536E+02,7.836198E-08,-4.312893E-09,0,0,0,0
Rh_3d52,105,3.43237752E-04,-4.493038E+01,8.277589E+02,1.025986E-07,-5.646753E-09,0,0,0,0
Rh_3d52,106,3.75728075E-04,-4.492370E+01,7.278826E+02,1.342950E-07,-7.390944E-09,0,0,0,0
Rh_3d52,107,4.11260733E-04,-4.491640E+01,6.382505E+02,1.757332E-07,-9.670959E-09,0,0,0,0
Rh_3d52,108,4.50115867E-04,-4.490839E+01,5.579650E+02,2.298886E-07,-1.265036E-08,0,0,0,0
Rh_3d52,109,4.92598745E-04,-4.489963E+01,4.861979E+02,3.006381E-07,-1.654225E-08,0,0,0,0
Rh_3d52,110,5.39041925E-04,-4.489004E+01,4.221839E+02,3.930306E-07,-2.162408E-08,0,0,0,0
Rh_3d52,111,5.89807581E-04,-4.487954E+01,3.652153E+02,5.136381E-07,-2.825692E-08,0,0,0,0
Rh_3d52,112,6.45290023E-04,-4.486804E+01,3.146370E+02,6.710096E-07,-3.691033E-08,0,0,0,0
Rh_3d52,113,7.05918418E-04,-4.485546E+01,2.698426E+02,8.762593E-07,-4.819462E-08,0,0,0,0
Rh_3d52,114,7.72159708E-04,-4.484170E+01,2.302707E+02,1.143827E-06,-6.290248E-08,0,0,0,0
Rh_3d52,115,8.44521763E-04,-4.482664E+01,1.954018E+02,1.492459E-06,-8.206270E-08,0,0,0,0
Rh_3d52,116,9.23556778E-04,-4.481017E+01,1.647560E+02,1.946479E-06,-1.070096E-07,0,0,0,0
Rh_3d52,117,1.00986491E-03,-4.479215E+01,1.378902E+02,2.537416E-06,-1.394721E-07,0,0,0,0
Rh_3d52,118,1.10409819E-03,-4.477245E+01,1.143972E+02,3.306112E-06,-1.816890E-07,0,0,0,0
Rh_3d52,119,1.20696472E-03,-4.475091E+01,9.390273E+01,4.305428E-06,-2.365563E-07,0,0,0,0
Rh_3d52,120,1.31923320E-03,-4.472735E+01,7.606492E+01,5.603712E-06,-3.078168E-07,0,0,0,0
Rh_3d52,121,1.44173773E-03,-4.470161E+01,6.057219E+01,7.289261E-06,-4.003028E-07,0,0,0,0
Rh_3d52,122,1.57538293E-03,-4.467349E+01,4.714199E+01,9.476025E-06,-5.202465E-07,0,0,0,0
Rh_3d52,123,1.72114953E-03,-4.464276E+01,3.551929E+01,1.231090E-05,-6.756768E-07,0,0,0,0
Rh_3d52,124,1.88010018E-03,-4.460920E+01,2.547503E+01,1.598305E-05,-8.769246E-07,0,0,0,0
Rh_3d52,125,2.05338577E-03,-4.457255E+01,1.680455E+01,2.073577E-05,-1.137266E-06,0,0,0,0
Rh_3d52,126,2.24225204E-03,-4.453255E+01,9.325979E+00,2.688159E-05,-1.473741E-06,0,0,0,0
Rh_3d52,127,2.44804675E-03,-4.448890E+01,2.878559E+00,3.482144E-05,-1.908185E-06,0,0,0,0
Rh_3d52,128,2.67222716E-03,-4.444129E+01,-2.679054E+00,4.506892E-05,-2.468540E-06,0,0,0,0
Rh_3d52,129,2.91636804E-03,-4.438938E+01,-7.470479E+00,5.828103E-05,-3.190506E-06,0,0,0,0
Rh_3d52,130,3.18217011E-03,-4.433281E+01,-1.160328E+01,7.529682E-05,-4.119615E-06,0,0,0,0
Rh_3d52,131,3.47146901E-03,-4.427118E+01,-1.517060E+01,9.718608E-05,-5.313836E-06,0,0,0,0
Rh_3d52,132,3.78624466E-03,-4.420409E+01,-1.825274E+01,1.253104E-04,-6.846831E-06,0,0,0,0
Rh_3d52,133,4.12863129E-03,-4.413109E+01,-2.091858E+01,1.613995E-04,-8.812011E-06,0,0,0,0
Rh_3d52,134,4.50092781E-03,-4.405173E+01,-2.322706E+01,2.076463E-04,-1.132759E-05,0,0,0,0
Rh_3d52,135,4.90560879E-03,-4.396549E+01,-2.522837E+01,2.668255E-04,-1.454279E-05,0,0,0,0
Rh_3d52,136,5.34533597E-03,-4.387188E+01,-2.696512E+01,3.424397E-04,-1.864559E-05,0,0,0,0
Rh_3d52,137,5.82297026E-03,-4.377034E+01,-2.847345E+01,4.389000E-04,-2.387212E-05,0,0,0,0
Rh_3d52,138,6.34158424E-03,-4.366031E+01,-2.978387E+01,5.617479E-04,-3.051818E-05,0,0,0,0
Rh_3d52,139,6.90447521E-03,-4.354120E+01,-3.092214E+01,7.179265E-04,-3.895332E-05,0,0,0,0
Rh_3d52,140,7.51517875E-03,-4.341241E+01,-3.190999E+01,9.161103E-04,-4.963770E-05,0,0,0,0
Rh_3d52,141,8.17748271E-03,-4.327333E+01,-3.276570E+01,1.167105E-03,-6.314253E-05,0,0,0,0
Rh_3d52,142,8.89544175E-03,-4.312332E+01,-3.350467E+01,1.484328E-03,-8.017436E-05,0,0,0,0
Rh_3d52,143,9.67339220E-03,-4.296174E+01,-3.413989E+01,1.884384E-03,-1.016039E-04,0,0,0,0
Rh_3d52,144,1.05159675E-02,-4.278796E+01,-3.468230E+01,2.387749E-03,-1.284999E-04,0,0,0,0
Rh_3d52,145,1.14281138E-02,-4.260133E+01,-3.514115E+01,3.019574E-03,-1.621690E-04,0,0,0,0
Rh_3d52,146,1.24151062E-02,-4.240122E+01,-3.552423E+01,3.810632E-03,-2.042010E-04,0,0,0,0
Rh_3d52,147,1.34825648E-02,-4.218700E+01,-3.583817E+01,4.798410E-03,-2.565218E-04,0,0,0,0
Rh_3d52,148,1.46364718E-02,-4.195804E+01,-3.608860E+01,6.028365E-03,-3.214520E-04,0,0,0,0
Rh_3d52,149,1.58831875E-02,-4.171373E+01,-3.628031E+01,7.555347E-03,-4.017731E-04,0,0,0,0
Rh_3d52,150,1.72294681E-02,-4.145346E+01,-3.641736E+01,9.445199E-03,-5.007995E-04,0,0,0,0
Rh_3d52,151,1.86824817E-02,-4.117665E+01,-3.650327E+01,1.177652E-02,-6.224565E-04,0,0,0,0
Rh_3d52,152,2.02498260E-02,-4.088270E+01,-3.654102E+01,1.464257E-02,-7.713615E-04,0,0,0,0
Rh_3d52,153,2.19395442E-02,-4.057105E+01,-3.653318E+01,1.815330E-02,-9.529075E-04,0,0,0,0
Rh_3d52,154,2.37601426E-02,-4.024114E+01,-3.648197E+01,2.243745E-02,-1.173344E-03,0,0,0,0
Rh_3d52,155,2.57206060E-02,-3.989244E+01,-3.638930E+01,2.764467E-02,-1.439853E-03,0,0,0,0
Rh_3d52,156,2.78304141E-02,-3.952443E+01,-3.625686E+01,3.394748E-02,-1.760612E-03,0,0,0,0
Rh_3d52,157,3.00995567E-02,-3.913670E+01,-3.608613E+01,4.154306E-02,-2.144840E-03,0,0,0,0
Rh_3d52,158,3.25385485E-02,-3.872889E+01,-3.587850E+01,5.065468E-02,-2.602814E-03,0,0,0,0
Rh_3d52,159,3.51584436E-02,-3.830076E+01,-3.563526E+01,6.153250E-02,-3.145856E-03,0,0,0,0
Rh_3d52,160,3.79708483E-02,-3.785224E+01,-3.535767E+01,7.445365E-02,-3.786272E-03,0,0,0,0
Rh_3d52,161,4.09879343E-02,-3.738337E+01,-3.504700E+01,8.972122E-02,-4.537233E-03,0,0,0,0
Rh_3d52,162,4.42224493E-02,-3.689434E+01,-3.470451E+01,1.076619E-01,-5.412594E-03,0,0,0,0
Rh_3d52,163,4.76877285E-02,-3.638540E+01,-3.433143E+01,1.286223E-01,-6.426633E-03,0,0,0,0
Rh_3d52,164,5.13977028E-02,-3.585677E+01,-3.392888E+01,1.529627E-01,-7.593698E-03,0,0,0,0
Rh_3d52,165,5.53669077E-02,-3.530861E+01,-3.349785E+01,1.810496E-01,-8.927753E-03,0,0,0,0
Rh_3d52,166,5.96104891E-02,-3.474097E+01,-3.303916E+01,2.132452E-01,-1.044181E-02,0,0,0,0
Rh_3d52,167,6.41442095E-02,-3.415384E+01,-3.255351E+01,2.498950E-01,-1.214729E-02,0,0,0,0
Rh_3d52,168,6.89844506E-02,-3.354727E+01,-3.204155E+01,2.913125E-01,-1.405321E-02,0,0,0,0
Rh_3d52,169,7.41482165E-02,-3.292147E+01,-3.150404E+01,3.377618E-01,-1.616545E-02,0,0,0,0
Rh_3d52,170,7.96531339E-02,-3.227687E+01,-3.094192E+01,3.894393E-01,-1.848583E-02,0,0,0,0
Rh_3d52,171,8.55174508E-02,-3.161418E+01,-3.035631E+01,4.464524E-01,-2.101134E-02,0,0,0,0
Rh_3d52,172,9.17600344E-02,-3.093435E+01,-2.974858E+01,5.087989E-01,-2.373333E-02,0,0,0,0
Rh_3d52,173,9.84003662E-02,-3.023849E+01,-2.912021E+01,5.763467E-01,-2.663686E-02,0,0,0,0
Rh_3d52,174,1.05458536E-01,-2.952784E+01,-2.847275E+01,6.488142E-01,-2.970012E-02,0,0,0,0
Rh_3d52,175,1.12955235E-01,-2.880360E+01,-2.780776E+01,7.257550E-01,-3.289412E-02,0,0,0,0
Rh_3d52,176,1.20911745E-01,-2.806695E+01,-2.712668E+01,8.065454E-01,-3.618253E-02,0,0,0,0
Rh_3d52,177,1.29349929E-01,-2.731905E+01,-2.643096E+01,8.903791E-01,-3.952193E-02,0,0,0,0
Rh_3d52,178,1.38292216E-01,-2.656108E+01,-2.572201E+01,9.762686E-01,-4.286228E-02,0,0,0,0
Rh_3d52,179,1.47761591E-01,-2.579442E+01,-2.500145E+01,1.063055E+00,-4.614791E-02,0,0,0,0
Rh_3d52,180,1.57781575E-01,-2.502074E+01,-2.427114E+01,1.149425E+00,-4.931893E-02,0,0,0,0
Rh_3d52,181,1.68376212E-01,-2.424207E+01,-2.353331E+01,1.233941E+00,-5.231303E-02,0,0,0,0
Rh_3d52,182,1.79570046E-01,-2.346077E+01,-2.279043E+01,1.315077E+00,-5.506758E-02,0,0,0,0
Rh_3d52,183,1.91388107E-01,-2.267915E+01,-2.204502E+01,1.391257E+00,-5.752192E-02,0,0,0,0
Rh_3d52,184,2.03855884E-01,-2.189930E+01,-2.129925E+01,1.460909E+00,-5.961947E-02,0,0,0,0
Rh_3d52,185,2.16999312E-01,-2.112282E+01,-2.055490E+01,1.522512E+00,-6.130971E-02,0,0,0,0
Rh_3d52,186,2.30844738E-01,-2.035096E+01,-1.981333E+01,1.574660E+00,-6.255001E-02,0,0,0,0
Rh_3d52,187,2.45418909E-01,-1.958502E+01,-1.907598E+01,1.616107E+00,-6.330732E-02,0,0,0,0
Rh_3d52,188,2.60748939E-01,-1.882649E+01,-1.834443E+01,1.645827E+00,-6.355980E-02,0,0,0,0
Rh_3d52,189,2.76862289E-01,-1.807748E+01,-1.762087E+01,1.663054E+00,-6.329814E-02,0,0,0,0
Rh_3d52,190,2.93786740E-01,-1.734037E+01,-1.690779E+01,1.667315E+00,-6.252636E-02,0,0,0,0
Rh_3d52,191,3.11550369E-01,-1.661780E+01,-1.620790E+01,1.658450E+00,-6.128815E-02,0,0,0,0
Rh_3d52,192,3.30181523E-01,-1.591224E+01,-1.552374E+01,1.636618E+00,-5.958915E-02,0,0,0,0
Rh_3d52,193,3.49708788E-01,-1.522575E+01,-1.485743E+01,1.602285E+00,-5.747017E-02,0,0,0,0
Rh_3d52,194,3.70160971E-01,-1.455967E+01,-1.421041E+01,1.556206E+00,-5.498101E-02,0,0,0,0
Rh_3d52,195,3.91567070E-01,-1.391461E+01,-1.358333E+01,1.499392E+00,-5.217816E-02,0,0,0,0
Rh_3d52,196,4.13956246E-01,-1.329038E+01,-1.297606E+01,1.433074E+00,-4.912224E-02,0,0,0,0
Rh_3d52,197,4.37357801E-01,-1.268624E+01,-1.238794E+01,1.358656E+00,-4.587577E-02,0,0,0,0
Rh_3d52,198,4.61801153E-01,-1.210111E+01,-1.181793E+01,1.277671E+00,-4.250112E-02,0,0,0,0
Rh_3d52,199,4.87315808E-01,-1.153392E+01,-1.126502E+01,1.191728E+00,-3.905878E-02,0,0,0,0
Rh_3d52,200,5.13931339E-01,-1.098404E+01,-1.072861E+01,1.102465E+00,-3.560600E-02,0,0,0,0
Rh_3d52,201,5.41677359E-01,-1.045133E+01,-1.020862E+01,1.011494E+00,-3.219563E-02,0,0,0,0
Rh_3d52,202,5.70583501E-01,-9.936309E+00,-9.705612E+00,9.203553E-01,-2.887518E-02,0,0,0,0
Rh_3d52,203,6.00679395E-01,-9.439808E+00,-9.220450E+00,8.304735E-01,-2.568592E-02,0,0,0,0
Rh_3d52,204,6.31994644E-01,-8.962447E+00,-8.753789E+00,7.431170E-01,-2.266215E-02,0,0,0,0
Rh_3d52,205,6.64558806E-01,-8.504099E+00,-8.305540E+00,6.593734E-01,-1.983067E-02,0,0,0,0
Rh_3d52,206,6.98401370E-01,-8.063714E+00,-7.874691E+00,5.801324E-01,-1.721062E-02,0,0,0,0
Rh_3d52,207,7.33551743E-01,-7.639614E+00,-7.459600E+00,5.060809E-01,-1.481376E-02,0,0,0,0
Rh_3d52,208,7.70039224E-01,-7.230092E+00,-7.058590E+00,4.377073E-01,-1.264511E-02,0,0,0,0
Rh_3d52,209,8.07892992E-01,-6.833761E+00,-6.670306E+00,3.753114E-01,-1.070387E-02,0,0,0,0
Rh_3d52,210,8.47142087E-01,-6.450021E+00,-6.294174E+00,3.190201E-01,-8.984394E-03,0,0,0,0
Rh_3d52,211,8.87815393E-01,-6.078773E+00,-5.930120E+00,2.688060E-01,-7.477127E-03,0,0,0,0
Rh_3d52,212,9.29941626E-01,-5.720469E+00,-5.578619E+00,2.245089E-01,-6.169483E-03,0,0,0,0
Rh_3d52,213,9.73549318E-01,-5.375815E+00,-5.240402E+00,1.858591E-01,-5.046669E-03,0,0,0,0
Rh_3d52,214,1.01866680E+00,-5.045607E+00,-4.916284E+00,1.525017E-01,-4.092429E-03,0,0,0,0
Rh_3d52,215,1.06532220E+00,-4.730582E+00,-4.607023E+00,1.240204E-01,-3.289730E-03,0,0,0,0
Rh_3d52,216,1.11354343E+00,-4.431322E+00,-4.313220E+00,9.996027E-02,-2.621372E-03,0,0,0,0
Rh_3d52,217,1.16335815E+00,-4.148201E+00,-4.035268E+00,7.984855E-02,-2.070500E-03,0,0,0,0
Rh_3d52,218,1.21479379E+00,-3.881358E+00,-3.773322E+00,6.321229E-02,-1.621030E-03,0,0,0,0
Rh_3d52,219,1.26787754E+00,-3.630724E+00,-3.527330E+00,4.959294E-02,-1.257962E-03,0,0,0,0
Rh_3d52,220,1.32263631E+00,-3.396024E+00,-3.297031E+00,3.855761E-02,-9.676003E-04,0,0,0,0
Rh_3d52,221,1.37909677E+00,-3.176817E+00,-3.081996E+00,2.970703E-02,-7.376788E-04,0,0,0,0
Rh_3d52,222,1.43728528E+00,-2.972548E+00,-2.881687E+00,2.268049E-02,-5.574043E-04,0,0,0,0
Rh_3d52,223,1.49722796E+00,-2.782548E+00,-2.695444E+00,1.715825E-02,-4.174383E-04,0,0,0,0
Rh_3d52,224,1.55895062E+00,-2.606110E+00,-2.522574E+00,1.286183E-02,-3.098262E-04,0,0,0,0
Rh_3d52,225,1.62247878E+00,-2.442473E+00,-2.362325E+00,9.552595E-03,-2.278927E-04,0,0,0,0
Rh_3d52,226,1.68783768E+00,-2.290872E+00,-2.213944E+00,7.029215E-03,-1.661153E-04,0,0,0,0
Rh_3d52,227,1.75505224E+00,-2.150546E+00,-2.076677E+00,5.124309E-03,-1.199869E-04,0,0,0,0
Rh_3d52,228,1.82414712E+00,-2.020748E+00,-1.949787E+00,3.700681E-03,-8.587732E-05,0,0,0,0
Rh_3d52,229,1.89514662E+00,-1.900750E+00,-1.832557E+00,2.647397E-03,-6.090001E-05,0,0,0,0
Rh_3d52,230,1.96807478E+00,-1.789858E+00,-1.724297E+00,1.875944E-03,-4.278799E-05,0,0,0,0
Rh_3d52,231,2.04295531E+00,-1.687406E+00,-1.624351E+00,1.316606E-03,-2.978250E-05,0,0,0,0
Rh_3d52,232,2.11981162E+00,-1.592763E+00,-1.532096E+00,9.151656E-04,-2.053532E-05,0,0,0,0
Rh_3d52,233,2.19866681E+00,-1.507401E+00,-1.449009E+00,6.299806E-04,-1.402523E-05,0,0,0,0
Rh_3d52,234,2.27954366E+00,-1.432604E+00,-1.376377E+00,4.294526E-04,-9.487725E-06,0,0,0,0
Rh_3d52,235,2.36246467E+00,-1.367349E+00,-1.313187E+00,2.898938E-04,-6.356766E-06,0,0,0,0
Rh_3d52,236,2.44745199E+00,-1.310668E+00,-1.258476E+00,1.937631E-04,-4.218006E-06,0,0,0,0
Rh_3d52,237,2.53452750E+00,-1.261654E+00,-1.211340E+00,1.282278E-04,-2.771704E-06,0,0,0,0
Rh_3d52,238,2.62371274E+00,-1.219458E+00,-1.170937E+00,8.401203E-05,-1.803536E-06,0,0,0,0
Rh_3d52,239,2.71502897E+00,-1.183295E+00,-1.136486E+00,5.448992E-05,-1.162006E-06,0,0,0,0
Rh_3d52,240,2.80849713E+00,-1.152443E+00,-1.107269E+00,3.498424E-05,-7.412468E-07,0,0,0,0
Rh_3d52,241,2.90413787E+00,-1.126241E+00,-1.082630E+00,2.223182E-05,-4.681149E-07,0,0,0,0
Rh_3d52,242,3.00197152E+00,-1.104092E+00,-1.061975E+00,1.398260E-05,-2.926439E-07,0,0,0,0
Rh_3d52,243,3.10201813E+00,-1.085456E+00,-1.044767E+00,8.703108E-06,-1.810863E-07,0,0,0,0
Rh_3d52,244,3.20429744E+00,-1.069848E+00,-1.030525E+00,5.360396E-06,-1.109050E-07,0,0,0,0
Rh_3d52,245,3.30882892E+00,-1.056837E+00,-1.018822E+00,3.266763E-06,-6.721959E-08,0,0,0,0
Rh_3d52,246,3.41563171E+00,-1.046044E+00,-1.009280E+00,1.969693E-06,-4.031618E-08,0,0,0,0
Rh_3d52,247,3.52472471E+00,-1.037132E+00,-1.001567E+00,1.174901E-06,-2.392548E-08,0,0,0,0
Rh_3d52,248,3.63612649E+00,-1.029809E+00,-9.953923E-01,6.932459E-07,-1.404748E-08,0,0,0,0
Rh_3d52,249,3.74985537E+00,-1.023820E+00,-9.905046E-01,4.045931E-07,-8.159280E-09,0,0,0,0
Rh_3d52,250,3.86592937E+00,-1.018947E+00,-9.866865E-01,2.335375E-07,-4.687912E-09,0,0,0,0
Rh_3d52,251,3.98436626E+00,-1.015001E+00,-9.837521E-01,1.333104E-07,-2.664038E-09,0,0,0,0
Rh_3d52,252,4.10518351E+00,-1.011821E+00,-9.815429E-01,7.524929E-08,-1.497250E-09,0,0,0,0
Rh_3d52,253,4.22839834E+00,-1.009271E+00,-9.799248E-01,4.199860E-08,-8.321475E-10,0,0,0,0
Rh_3d52,254,4.35402770E+00,-1.007237E+00,-9.787848E-01,2.317524E-08,-4.573186E-10,0,0,0,0
Rh_3d52,255,4.48208827E+00,-1.005622E+00,-9.780288E-01,1.264253E-08,-2.484908E-10,0,0,0,0
Rh_3d52,256,4.61259649E+00,-1.004346E+00,-9.775784E-01,6.817548E-09,-1.334859E-10,0,0,0,0
Rh_3d52,257,4.74556853E+00,-1.003344E+00,-9.773689E-01,3.633883E-09,-7.088526E-11,0,0,0,0
Rh_3d52,258,4.88102031E+00,-1.002560E+00,-9.773473E-01,1.914375E-09,-3.720777E-11,0,0,0,0
Rh_3d52,259,5.01896752E+00,-1.001950E+00,-9.774707E-01,9.966933E-10,-1.930327E-11,0,0,0,0
Rh_3d52,260,5.15942559E+00,-1.001479E+00,-9.777040E-01,5.127912E-10,-9.897170E-12,0,0,0,0
Rh_3d52,261,5.30240972E+00,-1.001115E+00,-9.780192E-01,2.606935E-10,-5.014612E-12,0,0,0,0
Rh_3d52,262,5.44793486E+00,-1.000837E+00,-9.783940E-01,1.309475E-10,-2.558771E-12,0,0,0,0
Rh_3d52,263,5.59601573E+00,-1.000625E+00,-9.788109E-01,6.498431E-11,-1.125913E-12,0,0,0,0
Rh_3p12,0,2.22222222E-08,-1.426115E-02,5.625436E+06,1.377670E-11,3.744160E-07,0,0,0,0
Rh_3p12,1,2.43686888E-08,-1.563865E-02,5.129949E+06,1.655828E-11,4.105746E-07,0,0,0,0
Rh_3p12,2,2.67224847E-08,-1.714921E-02,4.678106E+06,1.990389E-11,4.502342E-07,0,0,0,0
Rh_3p12,3,2.93035852E-08,-1.880563E-02,4.266069E+06,2.392764E-11,4.937231E-07,0,0,0,0
Rh_3p12,4,3.21339917E-08,-2.062205E-02,3.890324E+06,2.876681E-11,5.414082E-07,0,0,0,0
Rh_3p12,5,3.52377847E-08,-2.261392E-02,3.547675E+06,3.458648E-11,5.937022E-07,0,0,0,0
Rh_3p12,6,3.86413030E-08,-2.479813E-02,3.235212E+06,4.158508E-11,6.510463E-07,0,0,0,0
Rh_3p12,7,4.23735575E-08,-2.719331E-02,2.950269E+06,5.000132E-11,7.139275E-07,0,0,0,0
Rh_3p12,8,4.64662192E-08,-2.981978E-02,2.690429E+06,6.012216E-11,7.828870E-07,0,0,0,0
Rh_3p12,9,5.09540830E-08,-3.269988E-02,2.453478E+06,7.229268E-11,8.585007E-07,0,0,0,0
Rh_3p12,10,5.58753999E-08,-3.585814E-02,2.237396E+06,8.692791E-11,9.414165E-07,0,0,0,0
Rh_3p12,11,6.12719276E-08,-3.932137E-02,2.040350E+06,1.045268E-10,1.032339E-06,0,0,0,0
Rh_3p12,12,6.71896597E-08,-4.311908E-02,1.860658E+06,1.256893E-10,1.132041E-06,0,0,0,0
Rh_3p12,13,7.36788069E-08,-4.728350E-02,1.696794E+06,1.511370E-10,1.241379E-06,0,0,0,0
Rh_3p12,14,8.07945326E-08,-5.185002E-02,1.547365E+06,1.817372E-10,1.361266E-06,0,0,0,0
Rh_3p12,15,8.85974782E-08,-5.685758E-02,1.411096E+06,2.185332E-10,1.492727E-06,0,0,0,0
Rh_3p12,16,9.71538449E-08,-6.234864E-02,1.286830E+06,2.627793E-10,1.636893E-06,0,0,0,0
Rh_3p12,17,1.06536364E-07,-6.836988E-02,1.173510E+06,3.159834E-10,1.794977E-06,0,0,0,0
Rh_3p12,18,1.16824785E-07,-7.497249E-02,1.070172E+06,3.799590E-10,1.968327E-06,0,0,0,0
Rh_3p12,19,1.28106557E-07,-8.221258E-02,9.759356E+05,4.568864E-10,2.158398E-06,0,0,0,0
Rh_3p12,20,1.40477809E-07,-9.015183E-02,8.899979E+05,5.493880E-10,2.366835E-06,0,0,0,0
Rh_3p12,21,1.54043217E-07,-9.885743E-02,8.116309E+05,6.606151E-10,2.595395E-06,0,0,0,0
Rh_3p12,22,1.68918585E-07,-1.084037E-01,7.401649E+05,7.943593E-10,2.846019E-06,0,0,0,0
Rh_3p12,23,1.85229766E-07,-1.188714E-01,6.749944E+05,9.551765E-10,3.120839E-06,0,0,0,0
Rh_3p12,24,2.03115995E-07,-1.303499E-01,6.155626E+05,1.148548E-09,3.422182E-06,0,0,0,0
Rh_3p12,25,2.22728585E-07,-1.429362E-01,5.613661E+05,1.381060E-09,3.752642E-06,0,0,0,0
Rh_3p12,26,2.44234514E-07,-1.567376E-01,5.119427E+05,1.660636E-09,4.114971E-06,0,0,0,0
Rh_3p12,27,2.67816518E-07,-1.718713E-01,4.668719E+05,1.996800E-09,4.512303E-06,0,0,0,0
Rh_3p12,28,2.93674455E-07,-1.884656E-01,4.257711E+05,2.401002E-09,4.947952E-06,0,0,0,0
Rh_3p12,29,3.22029000E-07,-2.066620E-01,3.882891E+05,2.887014E-09,5.425674E-06,0,0,0,0
Rh_3p12,30,3.53119360E-07,-2.266141E-01,3.541092E+05,3.471382E-09,5.949549E-06,0,0,0,0
Rh_3p12,31,3.87210673E-07,-2.484919E-01,3.229392E+05,4.174014E-09,6.523893E-06,0,0,0,0
Rh_3p12,32,4.24592535E-07,-2.724814E-01,2.945141E+05,5.018838E-09,7.153702E-06,0,0,0,0
Rh_3p12,33,4.65581675E-07,-2.987857E-01,2.685925E+05,6.034617E-09,7.844335E-06,0,0,0,0
Rh_3p12,34,5.10526032E-07,-3.276282E-01,2.449539E+05,7.255938E-09,8.601547E-06,0,0,0,0
Rh_3p12,35,5.59808063E-07,-3.592541E-01,2.233969E+05,8.724386E-09,9.431873E-06,0,0,0,0
Rh_3p12,36,6.13844178E-07,-3.939307E-01,2.037388E+05,1.048994E-08,1.034231E-05,0,0,0,0
Rh_3p12,37,6.73095020E-07,-4.319535E-01,1.858117E+05,1.261270E-08,1.134057E-05,0,0,0,0
Rh_3p12,38,7.38061153E-07,-4.736436E-01,1.694638E+05,1.516490E-08,1.243521E-05,0,0,0,0
Rh_3p12,39,8.09294905E-07,-5.193552E-01,1.545557E+05,1.823341E-08,1.363536E-05,0,0,0,0
Rh_3p12,40,8.87400674E-07,-5.694762E-01,1.409606E+05,2.192262E-08,1.495125E-05,0,0,0,0
Rh_3p12,41,9.73041115E-07,-6.244313E-01,1.285629E+05,2.635806E-08,1.639415E-05,0,0,0,0
Rh_3p12,42,1.06694090E-06,-6.846855E-01,1.172574E+05,3.169058E-08,1.797621E-05,0,0,0,0
Rh_3p12,43,1.16989756E-06,-7.507500E-01,1.069478E+05,3.810155E-08,1.971081E-05,0,0,0,0
Rh_3p12,44,1.28278253E-06,-8.231832E-01,9.754656E+04,4.580897E-08,2.161277E-05,0,0,0,0
Rh_3p12,45,1.40655260E-06,-9.025987E-01,8.897370E+04,5.507488E-08,2.369802E-05,0,0,0,0
Rh_3p12,46,1.54225798E-06,-9.896691E-01,8.115625E+04,6.621427E-08,2.598433E-05,0,0,0,0
Rh_3p12,47,1.69104604E-06,-1.085129E+00,7.402790E+04,7.960567E-08,2.849120E-05,0,0,0,0
Rh_3p12,48,1.85417702E-06,-1.189786E+00,6.752802E+04,9.570409E-08,3.123957E-05,0,0,0,0
Rh_3p12,49,2.03303422E-06,-1.304525E+00,6.160130E+04,1.150564E-07,3.425287E-05,0,0,0,0
Rh_3p12,50,2.22912879E-06,-1.430313E+00,5.619744E+04,1.383198E-07,3.755667E-05,0,0,0,0
Rh_3p12,51,2.44412209E-06,-1.568210E+00,5.127046E+04,1.662841E-07,4.117866E-05,0,0,0,0
Rh_3p12,52,2.67983341E-06,-1.719380E+00,4.677851E+04,1.998984E-07,4.514969E-05,0,0,0,0
Rh_3p12,53,2.93825503E-06,-1.885093E+00,4.268343E+04,2.403031E-07,4.950338E-05,0,0,0,0
Rh_3p12,54,3.22157153E-06,-2.066741E+00,3.895042E+04,2.888685E-07,5.427626E-05,0,0,0,0
Rh_3p12,55,3.53218026E-06,-2.265849E+00,3.554776E+04,3.472410E-07,5.950881E-05,0,0,0,0
Rh_3p12,56,3.87270272E-06,-2.484082E+00,3.244656E+04,4.173983E-07,6.524521E-05,0,0,0,0
Rh_3p12,57,4.24601843E-06,-2.723267E+00,2.962045E+04,5.017164E-07,7.153375E-05,0,0,0,0
Rh_3p12,58,4.65527750E-06,-2.985394E+00,2.704545E+04,6.030487E-07,7.842757E-05,0,0,0,0
Rh_3p12,59,5.10393592E-06,-3.272641E+00,2.469970E+04,7.248224E-07,8.598464E-05,0,0,0,0
Rh_3p12,60,5.59577840E-06,-3.587386E+00,2.256327E+04,8.711523E-07,9.426874E-05,0,0,0,0
Rh_3p12,61,6.13495341E-06,-3.932222E+00,2.061803E+04,1.046979E-06,1.033493E-04,0,0,0,0
Rh_3p12,62,6.72600836E-06,-4.309977E+00,1.884749E+04,1.258232E-06,1.133029E-04,0,0,0,0
Rh_3p12,63,7.37392185E-06,-4.723727E+00,1.723597E+04,1.512026E-06,1.242130E-04,0,0,0,0
Rh_3p12,64,8.08415363E-06,-5.176819E+00,1.577138E+04,1.816899E-06,1.361709E-04,0,0,0,0
Rh_3p12,65,8.86268273E-06,-5.672883E+00,1.444050E+04,2.183089E-06,1.492770E-04,0,0,0,0
Rh_3p12,66,9.71605824E-06,-6.215851E+00,1.323121E+04,2.622867E-06,1.636408E-04,0,0,0,0
Rh_3p12,67,1.06514605E-05,-6.809973E+00,1.213442E+04,3.150938E-06,1.793819E-04,0,0,0,0
Rh_3p12,68,1.16767499E-05,-7.459821E+00,1.114076E+04,3.784914E-06,1.966315E-04,0,0,0,0
Rh_3p12,69,1.28005423E-05,-8.170303E+00,1.024163E+04,4.545868E-06,2.155329E-04,0,0,0,0
Rh_3p12,70,1.40322695E-05,-8.946653E+00,9.428991E+03,5.459001E-06,2.362428E-04,0,0,0,0
Rh_3p12,71,1.53822682E-05,-9.794433E+00,8.697338E+03,6.554419E-06,2.589314E-04,0,0,0,0
Rh_3p12,72,1.68618598E-05,-1.071949E+01,8.040182E+03,7.868046E-06,2.837858E-04,0,0,0,0
Rh_3p12,73,1.84834363E-05,-1.172790E+01,7.451417E+03,9.442687E-06,3.110094E-04,0,0,0,0
Rh_3p12,74,2.02605792E-05,-1.282594E+01,6.927598E+03,1.132926E-05,3.408231E-04,0,0,0,0
Rh_3p12,75,2.22081559E-05,-1.401992E+01,6.464381E+03,1.358823E-05,3.734683E-04,0,0,0,0
Rh_3p12,76,2.43424471E-05,-1.531602E+01,6.058271E+03,1.629117E-05,4.092072E-04,0,0,0,0
Rh_3p12,77,2.66812790E-05,-1.672010E+01,5.707155E+03,1.952261E-05,4.483238E-04,0,0,0,0
Rh_3p12,78,2.92441716E-05,-1.823732E+01,5.408828E+03,2.338196E-05,4.911262E-04,0,0,0,0
Rh_3p12,79,3.20524919E-05,-1.987173E+01,5.162723E+03,2.798560E-05,5.379478E-04,0,0,0,0
Rh_3p12,80,3.51296338E-05,-2.162560E+01,4.968958E+03,3.346903E-05,5.891478E-04,0,0,0,0
Rh_3p12,81,3.85012014E-05,-2.349864E+01,4.828454E+03,3.998878E-05,6.451136E-04,0,0,0,0
Rh_3p12,82,4.21952215E-05,-2.548687E+01,4.744179E+03,4.772409E-05,7.062606E-04,0,0,0,0
Rh_3p12,83,4.62423676E-05,-2.758111E+01,4.720265E+03,5.687767E-05,7.730343E-04,0,0,0,0
Rh_3p12,84,5.06762051E-05,-2.976509E+01,4.763031E+03,6.767515E-05,8.459112E-04,0,0,0,0
Rh_3p12,85,5.55334622E-05,-3.201291E+01,4.880904E+03,8.036221E-05,9.253993E-04,0,0,0,0
Rh_3p12,86,6.08543274E-05,-3.428592E+01,5.082921E+03,9.519823E-05,1.012042E-03,0,0,0,0
Rh_3p12,87,6.66827627E-05,-3.652908E+01,5.375344E+03,1.124449E-04,1.106424E-03,0,0,0,0
Rh_3p12,88,7.30668595E-05,-3.866753E+01,5.747428E+03,1.323475E-04,1.209175E-03,0,0,0,0
Rh_3p12,89,8.00592177E-05,-4.060557E+01,6.132026E+03,1.551085E-04,1.320962E-03,0,0,0,0
Rh_3p12,90,8.77173610E-05,-4.223422E+01,6.342787E+03,1.808531E-04,1.442415E-03,0,0,0,0
Rh_3p12,91,9.61041931E-05,-4.345839E+01,6.109126E+03,2.095997E-04,1.574244E-03,0,0,0,0
Rh_3p12,92,1.05288485E-04,-4.424784E+01,5.339217E+03,2.412750E-04,1.717630E-03,0,0,0,0
Rh_3p12,93,1.15345422E-04,-4.467262E+01,4.314008E+03,2.758069E-04,1.873955E-03,0,0,0,0
Rh_3p12,94,1.26357184E-04,-4.486359E+01,3.428200E+03,3.132211E-04,2.044068E-03,0,0,0,0
Rh_3p12,95,1.38413580E-04,-4.493632E+01,2.827552E+03,3.536756E-04,2.228761E-03,0,0,0,0
Rh_3p12,96,1.51612748E-04,-4.495925E+01,2.434297E+03,3.974596E-04,2.429424E-03,0,0,0,0
Rh_3p12,97,1.66061904E-04,-4.496400E+01,2.146746E+03,4.449702E-04,2.647673E-03,0,0,0,0
Rh_3p12,98,1.81878167E-04,-4.496280E+01,1.910505E+03,4.966863E-04,2.885088E-03,0,0,0,0
Rh_3p12,99,1.99189447E-04,-4.495974E+01,1.703669E+03,5.531561E-04,3.143304E-03,0,0,0,0
Rh_3p12,100,2.18135417E-04,-4.495597E+01,1.518109E+03,6.149988E-04,3.424083E-03,0,0,0,0
Rh_3p12,101,2.38868560E-04,-4.495175E+01,1.350511E+03,6.829114E-04,3.729338E-03,0,0,0,0
Rh_3p12,102,2.61555319E-04,-4.494711E+01,1.199024E+03,7.576811E-04,4.061141E-03,0,0,0,0
Rh_3p12,103,2.86377324E-04,-4.494204E+01,1.062225E+03,8.401987E-04,4.421734E-03,0,0,0,0
Rh_3p12,104,3.13532746E-04,-4.493647E+01,9.388536E+02,9.314750E-04,4.813529E-03,0,0,0,0
Rh_3p12,105,3.43237752E-04,-4.493038E+01,8.277589E+02,1.032660E-03,5.239129E-03,0,0,0,0
Rh_3p12,106,3.75728075E-04,-4.492370E+01,7.278826E+02,1.145066E-03,5.701333E-03,0,0,0,0
Rh_3p12,107,4.11260733E-04,-4.491640E+01,6.382505E+02,1.270191E-03,6.203148E-03,0,0,0,0
Rh_3p12,108,4.50115867E-04,-4.490839E+01,5.579650E+02,1.409750E-03,6.747802E-03,0,0,0,0
Rh_3p12,109,4.92598745E-04,-4.489963E+01,4.861979E+02,1.565709E-03,7.338757E-03,0,0,0,0
Rh_3p12,110,5.39041925E-04,-4.489004E+01,4.221839E+02,1.740327E-03,7.979717E-03,0,0,0,0
Rh_3p12,111,5.89807581E-04,-4.487954E+01,3.652153E+02,1.936201E-03,8.674643E-03,0,0,0,0
Rh_3p12,112,6.45290023E-04,-4.486804E+01,3.146370E+02,2.156320E-03,9.427760E-03,0,0,0,0
Rh_3p12,113,7.05918418E-04,-4.485546E+01,2.698426E+02,2.404130E-03,1.024357E-02,0,0,0,0
Rh_3p12,114,7.72159708E-04,-4.484170E+01,2.302707E+02,2.683606E-03,1.112685E-02,0,0,0,0
Rh_3p12,115,8.44521763E-04,-4.482664E+01,1.954018E+02,2.999335E-03,1.208267E-02,0,0,0,0
Rh_3p12,116,9.23556778E-04,-4.481017E+01,1.647560E+02,3.356617E-03,1.311639E-02,0,0,0,0
Rh_3p12,117,1.00986491E-03,-4.479215E+01,1.378902E+02,3.761576E-03,1.423368E-02,0,0,0,0
Rh_3p12,118,1.10409819E-03,-4.477245E+01,1.143972E+02,4.221292E-03,1.544046E-02,0,0,0,0
Rh_3p12,119,1.20696472E-03,-4.475091E+01,9.390273E+01,4.743946E-03,1.674295E-02,0,0,0,0
Rh_3p12,120,1.31923320E-03,-4.472735E+01,7.606492E+01,5.339000E-03,1.814765E-02,0,0,0,0
Rh_3p12,121,1.44173773E-03,-4.470161E+01,6.057219E+01,6.017385E-03,1.966127E-02,0,0,0,0
Rh_3p12,122,1.57538293E-03,-4.467349E+01,4.714199E+01,6.791733E-03,2.129078E-02,0,0,0,0
Rh_3p12,123,1.72114953E-03,-4.464276E+01,3.551929E+01,7.676628E-03,2.304327E-02,0,0,0,0
Rh_3p12,124,1.88010018E-03,-4.460920E+01,2.547503E+01,8.688897E-03,2.492602E-02,0,0,0,0
Rh_3p12,125,2.05338577E-03,-4.457255E+01,1.680455E+01,9.847939E-03,2.694632E-02,0,0,0,0
Rh_3p12,126,2.24225204E-03,-4.453255E+01,9.325979E+00,1.117609E-02,2.911147E-02,0,0,0,0
Rh_3p12,127,2.44804675E-03,-4.448890E+01,2.878559E+00,1.269904E-02,3.142866E-02,0,0,0,0
Rh_3p12,128,2.67222716E-03,-4.444129E+01,-2.679054E+00,1.444627E-02,3.390486E-02,0,0,0,0
Rh_3p12,129,2.91636804E-03,-4.438938E+01,-7.470479E+00,1.645160E-02,3.654667E-02,0,0,0,0
Rh_3p12,130,3.18217011E-03,-4.433281E+01,-1.160328E+01,1.875368E-02,3.936019E-02,0,0,0,0
Rh_3p12,131,3.47146901E-03,-4.427118E+01,-1.517060E+01,2.139665E-02,4.235079E-02,0,0,0,0
Rh_3p12,132,3.78624466E-03,-4.420409E+01,-1.825274E+01,2.443074E-02,4.552293E-02,0,0,0,0
Rh_3p12,133,4.12863129E-03,-4.413109E+01,-2.091858E+01,2.791298E-02,4.887990E-02,0,0,0,0
Rh_3p12,134,4.50092781E-03,-4.405173E+01,-2.322706E+01,3.190787E-02,5.242356E-02,0,0,0,0
Rh_3p12,135,4.90560879E-03,-4.396549E+01,-2.522837E+01,3.648816E-02,5.615398E-02,0,0,0,0
Rh_3p12,136,5.34533597E-03,-4.387188E+01,-2.696512E+01,4.173551E-02,6.006914E-02,0,0,0,0
Rh_3p12,137,5.82297026E-03,-4.377034E+01,-2.847345E+01,4.774122E-02,6.416450E-02,0,0,0,0
Rh_3p12,138,6.34158424E-03,-4.366031E+01,-2.978387E+01,5.460684E-02,6.843262E-02,0,0,0,0
Rh_3p12,139,6.90447521E-03,-4.354120E+01,-3.092214E+01,6.244465E-02,7.286269E-02,0,0,0,0
Rh_3p12,140,7.51517875E-03,-4.341241E+01,-3.190999E+01,7.137806E-02,7.744008E-02,0,0,0,0
Rh_3p12,141,8.17748271E-03,-4.327333E+01,-3.276570E+01,8.154168E-02,8.214579E-02,0,0,0,0
Rh_3p12,142,8.89544175E-03,-4.312332E+01,-3.350467E+01,9.308114E-02,8.695602E-02,0,0,0,0
Rh_3p12,143,9.67339220E-03,-4.296174E+01,-3.413989E+01,1.061525E-01,9.184162E-02,0,0,0,0
Rh_3p12,144,1.05159675E-02,-4.278796E+01,-3.468230E+01,1.209210E-01,9.676765E-02,0,0,0,0
Rh_3p12,145,1.14281138E-02,-4.260133E+01,-3.514115E+01,1.375595E-01,1.016929E-01,0,0,0,0
Rh_3p12,146,1.24151062E-02,-4.240122E+01,-3.552423E+01,1.562458E-01,1.065696E-01,0,0,0,0
Rh_3p12,147,1.34825648E-02,-4.218700E+01,-3.583817E+01,1.771590E-01,1.113432E-01,0,0,0,0
Rh_3p12,148,1.46364718E-02,-4.195804E+01,-3.608860E+01,2.004751E-01,1.159518E-01,0,0,0,0
Rh_3p12,149,1.58831875E-02,-4.171373E+01,-3.628031E+01,2.263612E-01,1.203268E-01,0,0,0,0
Rh_3p12,150,1.72294681E-02,-4.145346E+01,-3.641736E+01,2.549681E-01,1.243928E-01,0,0,0,0
Rh_3p12,151,1.86824817E-02,-4.117665E+01,-3.650327E+01,2.864216E-01,1.280682E-01,0,0,0,0
Rh_3p12,152,2.02498260E-02,-4.088270E+01,-3.654102E+01,3.208120E-01,1.312655E-01,0,0,0,0
Rh_3p12,153,2.19395442E-02,-4.057105E+01,-3.653318E+01,3.581826E-01,1.338934E-01,0,0,0,0
Rh_3p12,154,2.37601426E-02,-4.024114E+01,-3.648197E+01,3.985153E-01,1.358570E-01,0,0,0,0
Rh_3p12,155,2.57206060E-02,-3.989244E+01,-3.638930E+01,4.417164E-01,1.370609E-01,0,0,0,0
Rh_3p12,156,2.78304141E-02,-3.952443E+01,-3.625686E+01,4.875998E-01,1.374105E-01,0,0,0,0
Rh_3p12,157,3.00995567E-02,-3.913670E+01,-3.608613E+01,5.358705E-01,1.368153E-01,0,0,0,0
Rh_3p12,158,3.25385485E-02,-3.872889E+01,-3.587850E+01,5.861074E-01,1.351913E-01,0,0,0,0
Rh_3p12,159,3.51584436E-02,-3.830076E+01,-3.563526E+01,6.377468E-01,1.324653E-01,0,0,0,0
Rh_3p12,160,3.79708483E-02,-3.785224E+01,-3.535767E+01,6.900682E-01,1.285772E-01,0,0,0,0
Rh_3p12,161,4.09879343E-02,-3.738337E+01,-3.504700E+01,7.421821E-01,1.234850E-01,0,0,0,0
Rh_3p12,162,4.42224493E-02,-3.689434E+01,-3.470451E+01,7.930223E-01,1.171676E-01,0,0,0,0
Rh_3p12,163,4.76877285E-02,-3.638540E+01,-3.433143E+01,8.413443E-01,1.096284E-01,0,0,0,0
Rh_3p12,164,5.13977028E-02,-3.585677E+01,-3.392888E+01,8.857300E-01,1.008990E-01,0,0,0,0
Rh_3p12,165,5.53669077E-02,-3.530861E+01,-3.349785E+01,9.246023E-01,9.104147E-02,0,0,0,0
Rh_3p12,166,5.96104891E-02,-3.474097E+01,-3.303916E+01,9.562487E-01,8.015013E-02,0,0,0,0
Rh_3p12,167,6.41442095E-02,-3.415384E+01,-3.255351E+01,9.788577E-01,6.835277E-02,0,0,0,0
Rh_3p12,168,6.89844506E-02,-3.354727E+01,-3.204155E+01,9.905659E-01,5.581003E-02,0,0,0,0
Rh_3p12,169,7.41482165E-02,-3.292147E+01,-3.150404E+01,9.895180E-01,4.271342E-02,0,0,0,0
Rh_3p12,170,7.96531339E-02,-3.227687E+01,-3.094192E+01,9.739376E-01,2.928197E-02,0,0,0,0
Rh_3p12,171,8.55174508E-02,-3.161418E+01,-3.035631E+01,9.422074E-01,1.575701E-02,0,0,0,0
Rh_3p12,172,9.17600344E-02,-3.093435E+01,-2.974858E+01,8.929562E-01,2.395517E-03,0,0,0,0
Rh_3p12,173,9.84003662E-02,-3.023849E+01,-2.912021E+01,8.251480E-01,-1.053783E-02,0,0,0,0
Rh_3p12,174,1.05458536E-01,-2.952784E+01,-2.847275E+01,7.381703E-01,-2.277966E-02,0,0,0,0
Rh_3p12,175,1.12955235E-01,-2.880360E+01,-2.780776E+01,6.319147E-01,-3.407749E-02,0,0,0,0
Rh_3p12,176,1.20911745E-01,-2.806695E+01,-2.712668E+01,5.068450E-01,-4.419956E-02,0,0,0,0
Rh_3p12,177,1.29349929E-01,-2.731905E+01,-2.643096E+01,3.640461E-01,-5.294436E-02,0,0,0,0
Rh_3p12,178,1.38292216E-01,-2.656108E+01,-2.572201E+01,2.052497E-01,-6.014932E-02,0,0,0,0
Rh_3p12,179,1.47761591E-01,-2.579442E+01,-2.500145E+01,3.282967E-02,-6.569815E-02,0,0,0,0
Rh_3p12,180,1.57781575E-01,-2.502074E+01,-2.427114E+01,-1.502344E-01,-6.952624E-02,0,0,0,0
Rh_3p12,181,1.68376212E-01,-2.424207E+01,-2.353331E+01,-3.404273E-01,-7.162361E-02,0,0,0,0
Rh_3p12,182,1.79570046E-01,-2.346077E+01,-2.279043E+01,-5.338014E-01,-7.203520E-02,0,0,0,0
Rh_3p12,183,1.91388107E-01,-2.267915E+01,-2.204502E+01,-7.261082E-01,-7.085825E-02,0,0,0,0
Rh_3p12,184,2.03855884E-01,-2.189930E+01,-2.129925E+01,-9.129535E-01,-6.823730E-02,0,0,0,0
Rh_3p12,185,2.16999312E-01,-2.112282E+01,-2.055490E+01,-1.089968E+00,-6.435689E-02,0,0,0,0
Rh_3p12,186,2.30844738E-01,-2.035096E+01,-1.981333E+01,-1.252984E+00,-5.943277E-02,0,0,0,0
Rh_3p12,187,2.45418909E-01,-1.958502E+01,-1.907598E+01,-1.398213E+00,-5.370159E-02,0,0,0,0
Rh_3p12,188,2.60748939E-01,-1.882649E+01,-1.834443E+01,-1.522402E+00,-4.740996E-02,0,0,0,0
Rh_3p12,189,2.76862289E-01,-1.807748E+01,-1.762087E+01,-1.622977E+00,-4.080310E-02,0,0,0,0
Rh_3p12,190,2.93786740E-01,-1.734037E+01,-1.690779E+01,-1.698139E+00,-3.411404E-02,0,0,0,0
Rh_3p12,191,3.11550369E-01,-1.661780E+01,-1.620790E+01,-1.746931E+00,-2.755423E-02,0,0,0,0
Rh_3p12,192,3.30181523E-01,-1.591224E+01,-1.552374E+01,-1.769250E+00,-2.130607E-02,0,0,0,0
Rh_3p12,193,3.49708788E-01,-1.522575E+01,-1.485743E+01,-1.765823E+00,-1.551794E-02,0,0,0,0
Rh_3p12,194,3.70160971E-01,-1.455967E+01,-1.421041E+01,-1.738138E+00,-1.030175E-02,0,0,0,0
Rh_3p12,195,3.91567070E-01,-1.391461E+01,-1.358333E+01,-1.688345E+00,-5.732784E-03,0,0,0,0
Rh_3p12,196,4.13956246E-01,-1.329038E+01,-1.297606E+01,-1.619135E+00,-1.851558E-03,0,0,0,0
Rh_3p12,197,4.37357801E-01,-1.268624E+01,-1.238794E+01,-1.533592E+00,1.332895E-03,0,0,0,0
Rh_3p12,198,4.61801153E-01,-1.210111E+01,-1.181793E+01,-1.435054E+00,3.838763E-03,0,0,0,0
Rh_3p12,199,4.87315808E-01,-1.153392E+01,-1.126502E+01,-1.326960E+00,5.706605E-03,0,0,0,0
Rh_3p12,200,5.13931339E-01,-1.098404E+01,-1.072861E+01,-1.212711E+00,6.994309E-03,0,0,0,0
Rh_3p12,201,5.41677359E-01,-1.045133E+01,-1.020862E+01,-1.095546E+00,7.772008E-03,0,0,0,0
Rh_3p12,202,5.70583501E-01,-9.936309E+00,-9.705612E+00,-9.784266E-01,8.117141E-03,0,0,0,0
Rh_3p12,203,6.00679395E-01,-9.439808E+00,-9.220450E+00,-8.639523E-01,8.109801E-03,0,0,0,0
Rh_3p12,204,6.31994644E-01,-8.962447E+00,-8.753789E+00,-7.543024E-01,7.828531E-03,0,0,0,0
Rh_3p12,205,6.64558806E-01,-8.504099E+00,-8.305540E+00,-6.512019E-01,7.346786E-03,0,0,0,0
Rh_3p12,206,6.98401370E-01,-8.063714E+00,-7.874691E+00,-5.559185E-01,6.730299E-03,0,0,0,0
Rh_3p12,207,7.33551743E-01,-7.639614E+00,-7.459600E+00,-4.692821E-01,6.035479E-03,0,0,0,0
Rh_3p12,208,7.70039224E-01,-7.230092E+00,-7.058590E+00,-3.917232E-01,5.308786E-03,0,0,0,0
Rh_3p12,209,8.07892992E-01,-6.833761E+00,-6.670306E+00,-3.233233E-01,4.586830E-03,0,0,0,0
Rh_3p12,210,8.47142087E-01,-6.450021E+00,-6.294174E+00,-2.638725E-01,3.897002E-03,0,0,0,0
Rh_3p12,211,8.87815393E-01,-6.078773E+00,-5.930120E+00,-2.129296E-01,3.258396E-03,0,0,0,0
Rh_3p12,212,9.29941626E-01,-5.720469E+00,-5.578619E+00,-1.698820E-01,2.682930E-03,0,0,0,0
Rh_3p12,213,9.73549318E-01,-5.375815E+00,-5.240402E+00,-1.340026E-01,2.176544E-03,0,0,0,0
Rh_3p12,214,1.01866680E+00,-5.045607E+00,-4.916284E+00,-1.045006E-01,1.740437E-03,0,0,0,0
Rh_3p12,215,1.06532220E+00,-4.730582E+00,-4.607023E+00,-8.056552E-02,1.372240E-03,0,0,0,0
Rh_3p12,216,1.11354343E+00,-4.431322E+00,-4.313220E+00,-6.140293E-02,1.067105E-03,0,0,0,0
Rh_3p12,217,1.16335815E+00,-4.148201E+00,-4.035268E+00,-4.626182E-02,8.186393E-04,0,0,0,0
Rh_3p12,218,1.21479379E+00,-3.881358E+00,-3.773322E+00,-3.445348E-02,6.196886E-04,0,0,0,0
Rh_3p12,219,1.26787754E+00,-3.630724E+00,-3.527330E+00,-2.536305E-02,4.629364E-04,0,0,0,0
Rh_3p12,220,1.32263631E+00,-3.396024E+00,-3.297031E+00,-1.845474E-02,3.413460E-04,0,0,0,0
Rh_3p12,221,1.37909677E+00,-3.176817E+00,-3.081996E+00,-1.327181E-02,2.484510E-04,0,0,0,0
Rh_3p12,222,1.43728528E+00,-2.972548E+00,-2.881687E+00,-9.432866E-03,1.785234E-04,0,0,0,0
Rh_3p12,223,1.49722796E+00,-2.782548E+00,-2.695444E+00,-6.625553E-03,1.266441E-04,0,0,0,0
Rh_3p12,224,1.55895062E+00,-2.606110E+00,-2.522574E+00,-4.598719E-03,8.870079E-05,0,0,0,0
Rh_3p12,225,1.62247878E+00,-2.442473E+00,-2.362325E+00,-3.153967E-03,6.133854E-05,0,0,0,0
Rh_3p12,226,1.68783768E+00,-2.290872E+00,-2.213944E+00,-2.137226E-03,4.187993E-05,0,0,0,0
Rh_3p12,227,1.75505224E+00,-2.150546E+00,-2.076677E+00,-1.430810E-03,2.823202E-05,0,0,0,0
Rh_3p12,228,1.82414712E+00,-2.020748E+00,-1.949787E+00,-9.462716E-04,1.879027E-05,0,0,0,0
Rh_3p12,229,1.89514662E+00,-1.900750E+00,-1.832557E+00,-6.181787E-04,1.234711E-05,0,0,0,0
Rh_3p12,230,1.96807478E+00,-1.789858E+00,-1.724297E+00,-3.988759E-04,8.009793E-06,0,0,0,0
Rh_3p12,231,2.04295531E+00,-1.687406E+00,-1.624351E+00,-2.541835E-04,5.129534E-06,0,0,0,0
Rh_3p12,232,2.11981162E+00,-1.592763E+00,-1.532096E+00,-1.599571E-04,3.242705E-06,0,0,0,0
Rh_3p12,233,2.19866681E+00,-1.507401E+00,-1.449009E+00,-9.939609E-05,2.023394E-06,0,0,0,0
Rh_3p12,234,2.27954366E+00,-1.432604E+00,-1.376377E+00,-6.098307E-05,1.246160E-06,0,0,0,0
Rh_3p12,235,2.36246467E+00,-1.367349E+00,-1.313187E+00,-3.693911E-05,7.574737E-07,0,0,0,0
Rh_3p12,236,2.44745199E+00,-1.310668E+00,-1.258476E+00,-2.208828E-05,4.543978E-07,0,0,0,0
Rh_3p12,237,2.53452750E+00,-1.261654E+00,-1.211340E+00,-1.303752E-05,2.689994E-07,0,0,0,0
Rh_3p12,238,2.62371274E+00,-1.219458E+00,-1.170937E+00,-7.595274E-06,1.571379E-07,0,0,0,0
Rh_3p12,239,2.71502897E+00,-1.183295E+00,-1.136486E+00,-4.366807E-06,9.057137E-08,0,0,0,0
Rh_3p12,240,2.80849713E+00,-1.152443E+00,-1.107269E+00,-2.477491E-06,5.150441E-08,0,0,0,0
Rh_3p12,241,2.90413787E+00,-1.126241E+00,-1.082630E+00,-1.386891E-06,2.889366E-08,0,0,0,0
Rh_3p12,242,3.00197152E+00,-1.104092E+00,-1.061975E+00,-7.659642E-07,1.598914E-08,0,0,0,0
Rh_3p12,243,3.10201813E+00,-1.085456E+00,-1.044767E+00,-4.173150E-07,8.727104E-09,0,0,0,0
Rh_3p12,244,3.20429744E+00,-1.069848E+00,-1.030525E+00,-2.242651E-07,4.697801E-09,0,0,0,0
Rh_3p12,245,3.30882892E+00,-1.056837E+00,-1.018822E+00,-1.188650E-07,2.493759E-09,0,0,0,0
Rh_3p12,246,3.41563171E+00,-1.046044E+00,-1.009280E+00,-6.212890E-08,1.305284E-09,0,0,0,0
Rh_3p12,247,3.52472471E+00,-1.037132E+00,-1.001567E+00,-3.202084E-08,6.735982E-10,0,0,0,0
Rh_3p12,248,3.63612649E+00,-1.029809E+00,-9.953923E-01,-1.627135E-08,3.426860E-10,0,0,0,0
Rh_3p12,249,3.74985537E+00,-1.023820E+00,-9.905046E-01,-8.151154E-09,1.718483E-10,0,0,0,0
Rh_3p12,250,3.86592937E+00,-1.018947E+00,-9.866865E-01,-4.025053E-09,8.493792E-11,0,0,0,0
Rh_3p12,251,3.98436626E+00,-1.015001E+00,-9.837521E-01,-1.958999E-09,4.137317E-11,0,0,0,0
Rh_3p12,252,4.10518351E+00,-1.011821E+00,-9.815429E-01,-9.396366E-10,1.985870E-11,0,0,0,0
Rh_3p12,253,4.22839834E+00,-1.009271E+00,-9.799248E-01,-4.441224E-10,9.391849E-12,0,0,0,0
Rh_3p12,254,4.35402770E+00,-1.007237E+00,-9.787848E-01,-2.068313E-10,4.533955E-12,0,0,0,0
Rh_3p12,255,4.48208827E+00,-1.005622E+00,-9.780288E-01,-9.489757E-11,1.623054E-12,0,0,0,0
Rh_3p32,0,2.22222222E-08,-1.426115E-02,5.625436E+06,6.240713E-13,-1.300500E-17,0,0,0,0
Rh_3p32,1,2.43686888E-08,-1.563865E-02,5.129949E+06,7.500743E-13,-1.714561E-17,0,0,0,0
Rh_3p32,2,2.67224847E-08,-1.714921E-02,4.678106E+06,9.016269E-13,-2.260254E-17,0,0,0,0
Rh_3p32,3,2.93035852E-08,-1.880563E-02,4.266069E+06,1.083899E-12,-2.979567E-17,0,0,0,0
Rh_3p32,4,3.21339917E-08,-2.062205E-02,3.890324E+06,1.303109E-12,-3.927882E-17,0,0,0,0
Rh_3p32,5,3.52377847E-08,-2.261392E-02,3.547675E+06,1.566735E-12,-5.178208E-17,0,0,0,0
Rh_3p32,6,3.86413030E-08,-2.479813E-02,3.235212E+06,1.883765E-12,-6.826776E-17,0,0,0,0
Rh_3p32,7,4.23735575E-08,-2.719331E-02,2.950269E+06,2.265014E-12,-9.000540E-17,0,0,0,0
Rh_3p32,8,4.64662192E-08,-2.981978E-02,2.690429E+06,2.723479E-12,-1.186681E-16,0,0,0,0
Rh_3p32,9,5.09540830E-08,-3.269988E-02,2.453478E+06,3.274794E-12,-1.564624E-16,0,0,0,0
Rh_3p32,10,5.58753999E-08,-3.585814E-02,2.237396E+06,3.937757E-12,-2.062988E-16,0,0,0,0
Rh_3p32,11,6.12719276E-08,-3.932137E-02,2.040350E+06,4.734971E-12,-2.720128E-16,0,0,0,0
Rh_3p32,12,6.71896597E-08,-4.311908E-02,1.860658E+06,5.693619E-12,-3.586648E-16,0,0,0,0
Rh_3p32,13,7.36788069E-08,-4.728350E-02,1.696794E+06,6.846377E-12,-4.729238E-16,0,0,0,0
Rh_3p32,14,8.07945326E-08,-5.185002E-02,1.547365E+06,8.232543E-12,-6.235848E-16,0,0,0,0
Rh_3p32,15,8.85974782E-08,-5.685758E-02,1.411096E+06,9.899377E-12,-8.222484E-16,0,0,0,0
Rh_3p32,16,9.71538449E-08,-6.234864E-02,1.286830E+06,1.190369E-11,-1.084203E-15,0,0,0,0
Rh_3p32,17,1.06536364E-07,-6.836988E-02,1.173510E+06,1.431380E-11,-1.429612E-15,0,0,0,0
Rh_3p32,18,1.16824785E-07,-7.497249E-02,1.070172E+06,1.721185E-11,-1.885058E-15,0,0,0,0
Rh_3p32,19,1.28106557E-07,-8.221258E-02,9.759356E+05,2.069661E-11,-2.485595E-15,0,0,0,0
Rh_3p32,20,1.40477809E-07,-9.015183E-02,8.899979E+05,2.488687E-11,-3.277456E-15,0,0,0,0
Rh_3p32,21,1.54043217E-07,-9.885743E-02,8.116309E+05,2.992539E-11,-4.321548E-15,0,0,0,0
Rh_3p32,22,1.68918585E-07,-1.084037E-01,7.401649E+05,3.598391E-11,-5.698261E-15,0,0,0,0
Rh_3p32,23,1.85229766E-07,-1.188714E-01,6.749944E+05,4.326883E-11,-7.513481E-15,0,0,0,0
Rh_3p32,24,2.03115995E-07,-1.303499E-01,6.155626E+05,5.202845E-11,-9.906958E-15,0,0,0,0
Rh_3p32,25,2.22728585E-07,-1.429362E-01,5.613661E+05,6.256113E-11,-1.306276E-14,0,0,0,0
Rh_3p32,26,2.44234514E-07,-1.567376E-01,5.119427E+05,7.522578E-11,-1.722375E-14,0,0,0,0
Rh_3p32,27,2.67816518E-07,-1.718713E-01,4.668719E+05,9.045384E-11,-2.271005E-14,0,0,0,0
Rh_3p32,28,2.93674455E-07,-1.884656E-01,4.257711E+05,1.087640E-10,-2.994362E-14,0,0,0,0
Rh_3p32,29,3.22029000E-07,-2.066620E-01,3.882891E+05,1.307801E-10,-3.948120E-14,0,0,0,0
Rh_3p32,30,3.53119360E-07,-2.266141E-01,3.541092E+05,1.572518E-10,-5.205585E-14,0,0,0,0
Rh_3p32,31,3.87210673E-07,-2.484919E-01,3.229392E+05,1.890808E-10,-6.863517E-14,0,0,0,0
Rh_3p32,32,4.24592535E-07,-2.724814E-01,2.945141E+05,2.273511E-10,-9.049436E-14,0,0,0,0
Rh_3p32,33,4.65581675E-07,-2.987857E-01,2.685925E+05,2.733657E-10,-1.193141E-13,0,0,0,0
Rh_3p32,34,5.10526032E-07,-3.276282E-01,2.449539E+05,3.286914E-10,-1.573103E-13,0,0,0,0
Rh_3p32,35,5.59808063E-07,-3.592541E-01,2.233969E+05,3.952120E-10,-2.074055E-13,0,0,0,0
Rh_3p32,36,6.13844178E-07,-3.939307E-01,2.037388E+05,4.751915E-10,-2.734492E-13,0,0,0,0
Rh_3p32,37,6.73095020E-07,-4.319535E-01,1.858117E+05,5.713532E-10,-3.605209E-13,0,0,0,0
Rh_3p32,38,7.38061153E-07,-4.736436E-01,1.694638E+05,6.869689E-10,-4.753105E-13,0,0,0,0
Rh_3p32,39,8.09294905E-07,-5.193552E-01,1.545557E+05,8.259738E-10,-6.266424E-13,0,0,0,0
Rh_3p32,40,8.87400674E-07,-5.694762E-01,1.409606E+05,9.930980E-10,-8.261471E-13,0,0,0,0
Rh_3p32,41,9.73041115E-07,-6.244313E-01,1.285629E+05,1.194028E-09,-1.089156E-12,0,0,0,0
Rh_3p32,42,1.06694090E-06,-6.846855E-01,1.172574E+05,1.435598E-09,-1.435871E-12,0,0,0,0
Rh_3p32,43,1.16989756E-06,-7.507500E-01,1.069478E+05,1.726026E-09,-1.892934E-12,0,0,0,0
Rh_3p32,44,1.28278253E-06,-8.231832E-01,9.754656E+04,2.075189E-09,-2.495445E-12,0,0,0,0
Rh_3p32,45,1.40655260E-06,-9.025987E-01,8.897370E+04,2.494959E-09,-3.289676E-12,0,0,0,0
Rh_3p32,46,1.54225798E-06,-9.896691E-01,8.115625E+04,2.999610E-09,-4.336626E-12,0,0,0,0
Rh_3p32,47,1.69104604E-06,-1.085129E+00,7.402790E+04,3.606295E-09,-5.716654E-12,0,0,0,0
Rh_3p32,48,1.85417702E-06,-1.189786E+00,6.752802E+04,4.335633E-09,-7.535688E-12,0,0,0,0
Rh_3p32,49,2.03303422E-06,-1.304525E+00,6.160130E+04,5.212411E-09,-9.933352E-12,0,0,0,0
Rh_3p32,50,2.22912879E-06,-1.430313E+00,5.619744E+04,6.266413E-09,-1.309357E-11,0,0,0,0
Rh_3p32,51,2.44412209E-06,-1.568210E+00,5.127046E+04,7.533445E-09,-1.725879E-11,0,0,0,0
Rh_3p32,52,2.67983341E-06,-1.719380E+00,4.677851E+04,9.056535E-09,-2.274846E-11,0,0,0,0
Rh_3p32,53,2.93825503E-06,-1.885093E+00,4.268343E+04,1.088740E-08,-2.998342E-11,0,0,0,0
Rh_3p32,54,3.22157153E-06,-2.066741E+00,3.895042E+04,1.308818E-08,-3.951818E-11,0,0,0,0
Rh_3p32,55,3.53218026E-06,-2.265849E+00,3.554776E+04,1.573356E-08,-5.208339E-11,0,0,0,0
Rh_3p32,56,3.87270272E-06,-2.484082E+00,3.244656E+04,1.891330E-08,-6.864130E-11,0,0,0,0
Rh_3p32,57,4.24601843E-06,-2.723267E+00,2.962045E+04,2.273525E-08,-9.045975E-11,0,0,0,0
Rh_3p32,58,4.65527750E-06,-2.985394E+00,2.704545E+04,2.732898E-08,-1.192083E-10,0,0,0,0
Rh_3p32,59,5.10393592E-06,-3.272641E+00,2.469970E+04,3.285023E-08,-1.570860E-10,0,0,0,0
Rh_3p32,60,5.59577840E-06,-3.587386E+00,2.256327E+04,3.948606E-08,-2.069882E-10,0,0,0,0
Rh_3p32,61,6.13495341E-06,-3.932222E+00,2.061803E+04,4.746124E-08,-2.727272E-10,0,0,0,0
Rh_3p32,62,6.72600836E-06,-4.309977E+00,1.884749E+04,5.704581E-08,-3.593217E-10,0,0,0,0
Rh_3p32,63,7.37392185E-06,-4.723727E+00,1.723597E+04,6.856413E-08,-4.733764E-10,0,0,0,0
Rh_3p32,64,8.08415363E-06,-5.176819E+00,1.577138E+04,8.240584E-08,-6.235827E-10,0,0,0,0
Rh_3p32,65,8.86268273E-06,-5.672883E+00,1.444050E+04,9.903895E-08,-8.213741E-10,0,0,0,0
Rh_3p32,66,9.71605824E-06,-6.215851E+00,1.323121E+04,1.190255E-07,-1.081786E-09,0,0,0,0
Rh_3p32,67,1.06514605E-05,-6.809973E+00,1.213442E+04,1.430405E-07,-1.424587E-09,0,0,0,0
Rh_3p32,68,1.16767499E-05,-7.459821E+00,1.114076E+04,1.718945E-07,-1.875753E-09,0,0,0,0
Rh_3p32,69,1.28005423E-05,-8.170303E+00,1.024163E+04,2.065604E-07,-2.469404E-09,0,0,0,0
Rh_3p32,70,1.40322695E-05,-8.946653E+00,9.428991E+03,2.482066E-07,-3.250324E-09,0,0,0,0
Rh_3p32,71,1.53822682E-05,-9.794433E+00,8.697338E+03,2.982351E-07,-4.277268E-09,0,0,0,0
Rh_3p32,72,1.68618598E-05,-1.071949E+01,8.040182E+03,3.583285E-07,-5.627240E-09,0,0,0,0
Rh_3p32,73,1.84834363E-05,-1.172790E+01,7.451417E+03,4.305059E-07,-7.401065E-09,0,0,0,0
Rh_3p32,74,2.02605792E-05,-1.282594E+01,6.927598E+03,5.171891E-07,-9.730618E-09,0,0,0,0
Rh_3p32,75,2.22081559E-05,-1.401992E+01,6.464381E+03,6.212827E-07,-1.278812E-08,0,0,0,0
Rh_3p32,76,2.43424471E-05,-1.531602E+01,6.058271E+03,7.462690E-07,-1.679809E-08,0,0,0,0
Rh_3p32,77,2.66812790E-05,-1.672010E+01,5.707155E+03,8.963220E-07,-2.205264E-08,0,0,0,0
Rh_3p32,78,2.92441716E-05,-1.823732E+01,5.408828E+03,1.076443E-06,-2.893088E-08,0,0,0,0
Rh_3p32,79,3.20524919E-05,-1.987173E+01,5.162723E+03,1.292620E-06,-3.792321E-08,0,0,0,0
Rh_3p32,80,3.51296338E-05,-2.162560E+01,4.968958E+03,1.552024E-06,-4.966170E-08,0,0,0,0
Rh_3p32,81,3.85012014E-05,-2.349864E+01,4.828454E+03,1.863234E-06,-6.495708E-08,0,0,0,0
Rh_3p32,82,4.21952215E-05,-2.548687E+01,4.744179E+03,2.236508E-06,-8.484319E-08,0,0,0,0
Rh_3p32,83,4.62423676E-05,-2.758111E+01,4.720265E+03,2.684109E-06,-1.106286E-07,0,0,0,0
Rh_3p32,84,5.06762051E-05,-2.976509E+01,4.763031E+03,3.220684E-06,-1.439538E-07,0,0,0,0
Rh_3p32,85,5.55334622E-05,-3.201291E+01,4.880904E+03,3.863721E-06,-1.868505E-07,0,0,0,0
Rh_3p32,86,6.08543274E-05,-3.428592E+01,5.082921E+03,4.634091E-06,-2.417941E-07,0,0,0,0
Rh_3p32,87,6.66827627E-05,-3.652908E+01,5.375344E+03,5.556698E-06,-3.117360E-07,0,0,0,0
Rh_3p32,88,7.30668595E-05,-3.866753E+01,5.747428E+03,6.661269E-06,-4.000911E-07,0,0,0,0
Rh_3p32,89,8.00592177E-05,-4.060557E+01,6.132026E+03,7.983305E-06,-5.106542E-07,0,0,0,0
Rh_3p32,90,8.77173610E-05,-4.223422E+01,6.342787E+03,9.565160E-06,-6.474225E-07,0,0,0,0
Rh_3p32,91,9.61041931E-05,-4.345839E+01,6.109126E+03,1.145718E-05,-8.143740E-07,0,0,0,0
Rh_3p32,92,1.05288485E-04,-4.424784E+01,5.339217E+03,1.371948E-05,-1.015408E-06,0,0,0,0
Rh_3p32,93,1.15345422E-04,-4.467262E+01,4.314008E+03,1.642484E-05,-1.254758E-06,0,0,0,0
Rh_3p32,94,1.26357184E-04,-4.486359E+01,3.428200E+03,1.966068E-05,-1.537852E-06,0,0,0,0
Rh_3p32,95,1.38413580E-04,-4.493632E+01,2.827552E+03,2.353044E-05,-1.872084E-06,0,0,0,0
Rh_3p32,96,1.51612748E-04,-4.495925E+01,2.434297E+03,2.815713E-05,-2.267154E-06,0,0,0,0
Rh_3p32,97,1.66061904E-04,-4.496400E+01,2.146746E+03,3.368786E-05,-2.735180E-06,0,0,0,0
Rh_3p32,98,1.81878167E-04,-4.496280E+01,1.910505E+03,4.029837E-05,-3.290853E-06,0,0,0,0
Rh_3p32,99,1.99189447E-04,-4.495974E+01,1.703669E+03,4.819826E-05,-3.951737E-06,0,0,0,0
Rh_3p32,100,2.18135417E-04,-4.495597E+01,1.518109E+03,5.763732E-05,-4.738732E-06,0,0,0,0
Rh_3p32,101,2.38868560E-04,-4.495175E+01,1.350511E+03,6.891323E-05,-5.676677E-06,0,0,0,0
Rh_3p32,102,2.61555319E-04,-4.494711E+01,1.199024E+03,8.238054E-05,-6.795089E-06,0,0,0,0
Rh_3p32,103,2.86377324E-04,-4.494204E+01,1.062225E+03,9.846147E-05,-8.129058E-06,0,0,0,0
Rh_3p32,104,3.13532746E-04,-4.493647E+01,9.388536E+02,1.176585E-04,-9.720297E-06,0,0,0,0
Rh_3p32,105,3.43237752E-04,-4.493038E+01,8.277589E+02,1.405697E-04,-1.161839E-05,0,0,0,0
Rh_3p32,106,3.75728075E-04,-4.492370E+01,7.278826E+02,1.679058E-04,-1.388229E-05,0,0,0,0
Rh_3p32,107,4.11260733E-04,-4.491640E+01,6.382505E+02,2.005122E-04,-1.658200E-05,0,0,0,0
Rh_3p32,108,4.50115867E-04,-4.490839E+01,5.579650E+02,2.393928E-04,-1.980071E-05,0,0,0,0
Rh_3p32,109,4.92598745E-04,-4.489963E+01,4.861979E+02,2.857396E-04,-2.363715E-05,0,0,0,0
Rh_3p32,110,5.39041925E-04,-4.489004E+01,4.221839E+02,3.409671E-04,-2.820846E-05,0,0,0,0
Rh_3p32,111,5.89807581E-04,-4.487954E+01,3.652153E+02,4.067526E-04,-3.365357E-05,0,0,0,0
Rh_3p32,112,6.45290023E-04,-4.486804E+01,3.146370E+02,4.850838E-04,-4.013709E-05,0,0,0,0
Rh_3p32,113,7.05918418E-04,-4.485546E+01,2.698426E+02,5.783142E-04,-4.785396E-05,0,0,0,0
Rh_3p32,114,7.72159708E-04,-4.484170E+01,2.302707E+02,6.892287E-04,-5.703485E-05,0,0,0,0
Rh_3p32,115,8.44521763E-04,-4.482664E+01,1.954018E+02,8.211195E-04,-6.795249E-05,0,0,0,0
Rh_3p32,116,9.23556778E-04,-4.481017E+01,1.647560E+02,9.778753E-04,-8.092903E-05,0,0,0,0
Rh_3p32,117,1.00986491E-03,-4.479215E+01,1.378902E+02,1.164085E-03,-9.634470E-05,0,0,0,0
Rh_3p32,118,1.10409819E-03,-4.477245E+01,1.143972E+02,1.385157E-03,-1.146477E-04,0,0,0,0
Rh_3p32,119,1.20696472E-03,-4.475091E+01,9.390273E+01,1.647462E-03,-1.363660E-04,0,0,0,0
Rh_3p32,120,1.31923320E-03,-4.472735E+01,7.606492E+01,1.958491E-03,-1.621206E-04,0,0,0,0
Rh_3p32,121,1.44173773E-03,-4.470161E+01,6.057219E+01,2.327043E-03,-1.926410E-04,0,0,0,0
Rh_3p32,122,1.57538293E-03,-4.467349E+01,4.714199E+01,2.763442E-03,-2.287832E-04,0,0,0,0
Rh_3p32,123,1.72114953E-03,-4.464276E+01,3.551929E+01,3.279777E-03,-2.715500E-04,0,0,0,0
Rh_3p32,124,1.88010018E-03,-4.460920E+01,2.547503E+01,3.890190E-03,-3.221147E-04,0,0,0,0
Rh_3p32,125,2.05338577E-03,-4.457255E+01,1.680455E+01,4.611192E-03,-3.818473E-04,0,0,0,0
Rh_3p32,126,2.24225204E-03,-4.453255E+01,9.325979E+00,5.462022E-03,-4.523448E-04,0,0,0,0
Rh_3p32,127,2.44804675E-03,-4.448890E+01,2.878559E+00,6.465061E-03,-5.354656E-04,0,0,0,0
Rh_3p32,128,2.67222716E-03,-4.444129E+01,-2.679054E+00,7.646284E-03,-6.333672E-04,0,0,0,0
Rh_3p32,129,2.91636804E-03,-4.438938E+01,-7.470479E+00,9.035773E-03,-7.485492E-04,0,0,0,0
Rh_3p32,130,3.18217011E-03,-4.433281E+01,-1.160328E+01,1.066828E-02,-8.839001E-04,0,0,0,0
Rh_3p32,131,3.47146901E-03,-4.427118E+01,-1.517060E+01,1.258383E-02,-1.042749E-03,0,0,0,0
Rh_3p32,132,3.78624466E-03,-4.420409E+01,-1.825274E+01,1.482841E-02,-1.228924E-03,0,0,0,0
Rh_3p32,133,4.12863129E-03,-4.413109E+01,-2.091858E+01,1.745469E-02,-1.446809E-03,0,0,0,0
Rh_3p32,134,4.50092781E-03,-4.405173E+01,-2.322706E+01,2.052275E-02,-1.701411E-03,0,0,0,0
Rh_3p32,135,4.90560879E-03,-4.396549E+01,-2.522837E+01,2.410091E-02,-1.998429E-03,0,0,0,0
Rh_3p32,136,5.34533597E-03,-4.387188E+01,-2.696512E+01,2.826652E-02,-2.344318E-03,0,0,0,0
Rh_3p32,137,5.82297026E-03,-4.377034E+01,-2.847345E+01,3.310673E-02,-2.746365E-03,0,0,0,0
Rh_3p32,138,6.34158424E-03,-4.366031E+01,-2.978387E+01,3.871929E-02,-3.212751E-03,0,0,0,0
Rh_3p32,139,6.90447521E-03,-4.354120E+01,-3.092214E+01,4.521320E-02,-3.752616E-03,0,0,0,0
Rh_3p32,140,7.51517875E-03,-4.341241E+01,-3.190999E+01,5.270925E-02,-4.376110E-03,0,0,0,0
Rh_3p32,141,8.17748271E-03,-4.327333E+01,-3.276570E+01,6.134038E-02,-5.094432E-03,0,0,0,0
Rh_3p32,142,8.89544175E-03,-4.312332E+01,-3.350467E+01,7.125175E-02,-5.919852E-03,0,0,0,0
Rh_3p32,143,9.67339220E-03,-4.296174E+01,-3.413989E+01,8.260045E-02,-6.865703E-03,0,0,0,0
Rh_3p32,144,1.05159675E-02,-4.278796E+01,-3.468230E+01,9.555474E-02,-7.946339E-03,0,0,0,0
Rh_3p32,145,1.14281138E-02,-4.260133E+01,-3.514115E+01,1.102927E-01,-9.177052E-03,0,0,0,0
Rh_3p32,146,1.24151062E-02,-4.240122E+01,-3.552423E+01,1.270000E-01,-1.057394E-02,0,0,0,0
Rh_3p32,147,1.34825648E-02,-4.218700E+01,-3.583817E+01,1.458671E-01,-1.215369E-02,0,0,0,0
Rh_3p32,148,1.46364718E-02,-4.195804E+01,-3.608860E+01,1.670851E-01,-1.393331E-02,0,0,0,0
Rh_3p32,149,1.58831875E-02,-4.171373E+01,-3.628031E+01,1.908404E-01,-1.592979E-02,0,0,0,0
Rh_3p32,150,1.72294681E-02,-4.145346E+01,-3.641736E+01,2.173081E-01,-1.815958E-02,0,0,0,0
Rh_3p32,151,1.86824817E-02,-4.117665E+01,-3.650327E+01,2.466437E-01,-2.063807E-02,0,0,0,0
Rh_3p32,152,2.02498260E-02,-4.088270E+01,-3.654102E+01,2.789732E-01,-2.337888E-02,0,0,0,0
Rh_3p32,153,2.19395442E-02,-4.057105E+01,-3.653318E+01,3.143818E-01,-2.639304E-02,0,0,0,0
Rh_3p32,154,2.37601426E-02,-4.024114E+01,-3.648197E+01,3.529004E-01,-2.968809E-02,0,0,0,0
Rh_3p32,155,2.57206060E-02,-3.989244E+01,-3.638930E+01,3.944906E-01,-3.326701E-02,0,0,0,0
Rh_3p32,156,2.78304141E-02,-3.952443E+01,-3.625686E+01,4.390286E-01,-3.712711E-02,0,0,0,0
Rh_3p32,157,3.00995567E-02,-3.913670E+01,-3.608613E+01,4.862882E-01,-4.125885E-02,0,0,0,0
Rh_3p32,158,3.25385485E-02,-3.872889E+01,-3.587850E+01,5.359222E-01,-4.564457E-02,0,0,0,0
Rh_3p32,159,3.51584436E-02,-3.830076E+01,-3.563526E+01,5.874459E-01,-5.025739E-02,0,0,0,0
Rh_3p32,160,3.79708483E-02,-3.785224E+01,-3.535767E+01,6.402201E-01,-5.506006E-02,0,0,0,0
Rh_3p32,161,4.09879343E-02,-3.738337E+01,-3.504700E+01,6.934376E-01,-6.000410E-02,0,0,0,0
Rh_3p32,162,4.42224493E-02,-3.689434E+01,-3.470451E+01,7.461127E-01,-6.502913E-02,0,0,0,0
Rh_3p32,163,4.76877285E-02,-3.638540E+01,-3.433143E+01,7.970758E-01,-7.006254E-02,0,0,0,0
Rh_3p32,164,5.13977028E-02,-3.585677E+01,-3.392888E+01,8.449754E-01,-7.501958E-02,0,0,0,0
Rh_3p32,165,5.53669077E-02,-3.530861E+01,-3.349785E+01,8.882877E-01,-7.980396E-02,0,0,0,0
Rh_3p32,166,5.96104891E-02,-3.474097E+01,-3.303916E+01,9.253365E-01,-8.430897E-02,0,0,0,0
Rh_3p32,167,6.41442095E-02,-3.415384E+01,-3.255351E+01,9.543242E-01,-8.841936E-02,0,0,0,0
Rh_3p32,168,6.89844506E-02,-3.354727E+01,-3.204155E+01,9.733751E-01,-9.201395E-02,0,0,0,0
Rh_3p32,169,7.41482165E-02,-3.292147E+01,-3.150404E+01,9.805910E-01,-9.496907E-02,0,0,0,0
Rh_3p32,170,7.96531339E-02,-3.227687E+01,-3.094192E+01,9.741181E-01,-9.717449E-02,0,0,0,0
Rh_3p32,171,8.55174508E-02,-3.161418E+01,-3.035631E+01,9.522253E-01,-9.850545E-02,0,0,0,0
Rh_3p32,172,9.17600344E-02,-3.093435E+01,-2.974858E+01,9.133894E-01,-9.885818E-02,0,0,0,0
Rh_3p32,173,9.84003662E-02,-3.023849E+01,-2.912021E+01,8.563852E-01,-9.814589E-02,0,0,0,0
Rh_3p32,174,1.05458536E-01,-2.952784E+01,-2.847275E+01,7.803760E-01,-9.630386E-02,0,0,0,0
Rh_3p32,175,1.12955235E-01,-2.880360E+01,-2.780776E+01,6.849989E-01,-9.329424E-02,0,0,0,0
Rh_3p32,176,1.20911745E-01,-2.806695E+01,-2.712668E+01,5.704394E-01,-8.911009E-02,0,0,0,0
Rh_3p32,177,1.29349929E-01,-2.731905E+01,-2.643096E+01,4.374899E-01,-8.377834E-02,0,0,0,0
Rh_3p32,178,1.38292216E-01,-2.656108E+01,-2.572201E+01,2.875850E-01,-7.736161E-02,0,0,0,0
Rh_3p32,179,1.47761591E-01,-2.579442E+01,-2.500145E+01,1.228103E-01,-6.995833E-02,0,0,0,0
Rh_3p32,180,1.57781575E-01,-2.502074E+01,-2.427114E+01,-5.412144E-02,-6.170124E-02,0,0,0,0
Rh_3p32,181,1.68376212E-01,-2.424207E+01,-2.353331E+01,-2.399270E-01,-5.275392E-02,0,0,0,0
Rh_3p32,182,1.79570046E-01,-2.346077E+01,-2.279043E+01,-4.308431E-01,-4.330555E-02,0,0,0,0
Rh_3p32,183,1.91388107E-01,-2.267915E+01,-2.204502E+01,-6.227472E-01,-3.356401E-02,0,0,0,0
Rh_3p32,184,2.03855884E-01,-2.189930E+01,-2.129925E+01,-8.113033E-01,-2.374792E-02,0,0,0,0
Rh_3p32,185,2.16999312E-01,-2.112282E+01,-2.055490E+01,-9.921272E-01,-1.407805E-02,0,0,0,0
Rh_3p32,186,2.30844738E-01,-2.035096E+01,-1.981333E+01,-1.160962E+00,-4.768641E-03,0,0,0,0
Rh_3p32,187,2.45418909E-01,-1.958502E+01,-1.907598E+01,-1.313853E+00,3.981032E-03,0,0,0,0
Rh_3p32,188,2.60748939E-01,-1.882649E+01,-1.834443E+01,-1.447319E+00,1.199454E-02,0,0,0,0
Rh_3p32,189,2.76862289E-01,-1.807748E+01,-1.762087E+01,-1.558493E+00,1.912520E-02,0,0,0,0
Rh_3p32,190,2.93786740E-01,-1.734037E+01,-1.690779E+01,-1.645242E+00,2.526144E-02,0,0,0,0
Rh_3p32,191,3.11550369E-01,-1.661780E+01,-1.620790E+01,-1.706242E+00,3.033020E-02,0,0,0,0
Rh_3p32,192,3.30181523E-01,-1.591224E+01,-1.552374E+01,-1.741012E+00,3.429802E-02,0,0,0,0
Rh_3p32,193,3.49708788E-01,-1.522575E+01,-1.485743E+01,-1.749905E+00,3.716981E-02,0,0,0,0
Rh_3p32,194,3.70160971E-01,-1.455967E+01,-1.421041E+01,-1.734056E+00,3.898555E-02,0,0,0,0
Rh_3p32,195,3.91567070E-01,-1.391461E+01,-1.358333E+01,-1.695299E+00,3.981534E-02,0,0,0,0
Rh_3p32,196,4.13956246E-01,-1.329038E+01,-1.297606E+01,-1.636053E+00,3.975348E-02,0,0,0,0
Rh_3p32,197,4.37357801E-01,-1.268624E+01,-1.238794E+01,-1.559195E+00,3.891197E-02,0,0,0,0
Rh_3p32,198,4.61801153E-01,-1.210111E+01,-1.181793E+01,-1.467913E+00,3.741414E-02,0,0,0,0
Rh_3p32,199,4.87315808E-01,-1.153392E+01,-1.126502E+01,-1.365564E+00,3.538861E-02,0,0,0,0
Rh_3p32,200,5.13931339E-01,-1.098404E+01,-1.072861E+01,-1.255532E+00,3.296389E-02,0,0,0,0
Rh_3p32,201,5.41677359E-01,-1.045133E+01,-1.020862E+01,-1.141094E+00,3.026367E-02,0,0,0,0
Rh_3p32,202,5.70583501E-01,-9.936309E+00,-9.705612E+00,-1.025307E+00,2.740285E-02,0,0,0,0
Rh_3p32,203,6.00679395E-01,-9.439808E+00,-9.220450E+00,-9.109043E-01,2.448434E-02,0,0,0,0
Rh_3p32,204,6.31994644E-01,-8.962447E+00,-8.753789E+00,-8.002316E-01,2.159662E-02,0,0,0,0
Rh_3p32,205,6.64558806E-01,-8.504099E+00,-8.305540E+00,-6.951997E-01,1.881227E-02,0,0,0,0
Rh_3p32,206,6.98401370E-01,-8.063714E+00,-7.874691E+00,-5.972705E-01,1.618739E-02,0,0,0,0
Rh_3p32,207,7.33551743E-01,-7.639614E+00,-7.459600E+00,-5.074668E-01,1.376216E-02,0,0,0,0
Rh_3p32,208,7.70039224E-01,-7.230092E+00,-7.058590E+00,-4.264021E-01,1.156214E-02,0,0,0,0
Rh_3p32,209,8.07892992E-01,-6.833761E+00,-6.670306E+00,-3.543242E-01,9.600173E-03,0,0,0,0
Rh_3p32,210,8.47142087E-01,-6.450021E+00,-6.294174E+00,-2.911677E-01,7.878421E-03,0,0,0,0
Rh_3p32,211,8.87815393E-01,-6.078773E+00,-5.930120E+00,-2.366118E-01,6.390559E-03,0,0,0,0
Rh_3p32,212,9.29941626E-01,-5.720469E+00,-5.578619E+00,-1.901380E-01,5.123791E-03,0,0,0,0
Rh_3p32,213,9.73549318E-01,-5.375815E+00,-5.240402E+00,-1.510879E-01,4.060752E-03,0,0,0,0
Rh_3p32,214,1.01866680E+00,-5.045607E+00,-4.916284E+00,-1.187155E-01,3.181206E-03,0,0,0,0
Rh_3p32,215,1.06532220E+00,-4.730582E+00,-4.607023E+00,-9.223406E-02,2.463505E-03,0,0,0,0
Rh_3p32,216,1.11354343E+00,-4.431322E+00,-4.313220E+00,-7.085480E-02,1.885805E-03,0,0,0,0
Rh_3p32,217,1.16335815E+00,-4.148201E+00,-4.035268E+00,-5.381817E-02,1.427005E-03,0,0,0,0
Rh_3p32,218,1.21479379E+00,-3.881358E+00,-3.773322E+00,-4.041630E-02,1.067434E-03,0,0,0,0
Rh_3p32,219,1.26787754E+00,-3.630724E+00,-3.527330E+00,-3.000798E-02,7.893029E-04,0,0,0,0
Rh_3p32,220,1.32263631E+00,-3.396024E+00,-3.297031E+00,-2.202685E-02,5.769388E-04,0,0,0,0
Rh_3p32,221,1.37909677E+00,-3.176817E+00,-3.081996E+00,-1.598395E-02,4.168627E-04,0,0,0,0
Rh_3p32,222,1.43728528E+00,-2.972548E+00,-2.881687E+00,-1.146596E-02,2.977308E-04,0,0,0,0
Rh_3p32,223,1.49722796E+00,-2.782548E+00,-2.695444E+00,-8.130322E-03,2.101886E-04,0,0,0,0
Rh_3p32,224,1.55895062E+00,-2.606110E+00,-2.522574E+00,-5.698360E-03,1.466671E-04,0,0,0,0
Rh_3p32,225,1.62247878E+00,-2.442473E+00,-2.362325E+00,-3.947378E-03,1.011520E-04,0,0,0,0
Rh_3p32,226,1.68783768E+00,-2.290872E+00,-2.213944E+00,-2.702428E-03,6.894636E-05,0,0,0,0
Rh_3p32,227,1.75505224E+00,-2.150546E+00,-2.076677E+00,-1.828328E-03,4.644274E-05,0,0,0,0
Rh_3p32,228,1.82414712E+00,-2.020748E+00,-1.949787E+00,-1.222290E-03,3.091469E-05,0,0,0,0
Rh_3p32,229,1.89514662E+00,-1.900750E+00,-1.832557E+00,-8.073832E-04,2.033393E-05,0,0,0,0
Rh_3p32,230,1.96807478E+00,-1.789858E+00,-1.724297E+00,-5.269063E-04,1.321458E-05,0,0,0,0
Rh_3p32,231,2.04295531E+00,-1.687406E+00,-1.624351E+00,-3.397019E-04,8.484466E-06,0,0,0,0
Rh_3p32,232,2.11981162E+00,-1.592763E+00,-1.532096E+00,-2.163396E-04,5.381401E-06,0,0,0,0
Rh_3p32,233,2.19866681E+00,-1.507401E+00,-1.449009E+00,-1.360859E-04,3.371527E-06,0,0,0,0
Rh_3p32,234,2.27954366E+00,-1.432604E+00,-1.376377E+00,-8.454652E-05,2.086342E-06,0,0,0,0
Rh_3p32,235,2.36246467E+00,-1.367349E+00,-1.313187E+00,-5.187391E-05,1.275091E-06,0,0,0,0
Rh_3p32,236,2.44745199E+00,-1.310668E+00,-1.258476E+00,-3.142938E-05,7.695920E-07,0,0,0,0
Rh_3p32,237,2.53452750E+00,-1.261654E+00,-1.211340E+00,-1.880259E-05,4.586768E-07,0,0,0,0
Rh_3p32,238,2.62371274E+00,-1.219458E+00,-1.170937E+00,-1.110590E-05,2.699239E-07,0,0,0,0
Rh_3p32,239,2.71502897E+00,-1.183295E+00,-1.136486E+00,-6.475941E-06,1.568280E-07,0,0,0,0
Rh_3p32,240,2.80849713E+00,-1.152443E+00,-1.107269E+00,-3.727538E-06,8.995213E-08,0,0,0,0
Rh_3p32,241,2.90413787E+00,-1.126241E+00,-1.082630E+00,-2.117715E-06,5.092851E-08,0,0,0,0
Rh_3p32,242,3.00197152E+00,-1.104092E+00,-1.061975E+00,-1.187393E-06,2.845951E-08,0,0,0,0
Rh_3p32,243,3.10201813E+00,-1.085456E+00,-1.044767E+00,-6.569896E-07,1.569512E-08,0,0,0,0
Rh_3p32,244,3.20429744E+00,-1.069848E+00,-1.030525E+00,-3.586851E-07,8.541344E-09,0,0,0,0
Rh_3p32,245,3.30882892E+00,-1.056837E+00,-1.018822E+00,-1.932027E-07,4.586323E-09,0,0,0,0
Rh_3p32,246,3.41563171E+00,-1.046044E+00,-1.009280E+00,-1.026626E-07,2.429586E-09,0,0,0,0
Rh_3p32,247,3.52472471E+00,-1.037132E+00,-1.001567E+00,-5.381009E-08,1.269642E-09,0,0,0,0
Rh_3p32,248,3.63612649E+00,-1.029809E+00,-9.953923E-01,-2.781774E-08,6.544295E-10,0,0,0,0
Rh_3p32,249,3.74985537E+00,-1.023820E+00,-9.905046E-01,-1.418210E-08,3.326820E-10,0,0,0,0
Rh_3p32,250,3.86592937E+00,-1.018947E+00,-9.866865E-01,-7.129737E-09,1.667755E-10,0,0,0,0
Rh_3p32,251,3.98436626E+00,-1.015001E+00,-9.837521E-01,-3.534072E-09,8.243731E-11,0,0,0,0
Rh_3p32,252,4.10518351E+00,-1.011821E+00,-9.815429E-01,-1.727034E-09,4.017499E-11,0,0,0,0
Rh_3p32,253,4.22839834E+00,-1.009271E+00,-9.799248E-01,-8.319639E-10,1.930104E-11,0,0,0,0
Rh_3p32,254,4.35402770E+00,-1.007237E+00,-9.787848E-01,-3.950406E-10,9.397275E-12,0,0,0,0
Rh_3p32,255,4.48208827E+00,-1.005622E+00,-9.780288E-01,-1.848708E-10,3.641906E-12,0,0,0,0
Rh_3s12,0,2.22222222E-08,-1.426115E-02,5.625436E+06,2.625248E-06,-9.115729E-11,0,0,0,0
Rh_3s12,1,2.43686888E-08,-1.563865E-02,5.129949E+06,2.878776E-06,-1.096092E-10,0,0,0,0
Rh_3s12,2,2.67224847E-08,-1.714921E-02,4.678106E+06,3.156791E-06,-1.317982E-10,0,0,0,0
Rh_3s12,3,2.93035852E-08,-1.880563E-02,4.266069E+06,3.461656E-06,-1.584802E-10,0,0,0,0
Rh_3s12,4,3.21339917E-08,-2.062205E-02,3.890324E+06,3.795965E-06,-1.905657E-10,0,0,0,0
Rh_3s12,5,3.52377847E-08,-2.261392E-02,3.547675E+06,4.162564E-06,-2.291488E-10,0,0,0,0
Rh_3s12,6,3.86413030E-08,-2.479813E-02,3.235212E+06,4.564566E-06,-2.755443E-10,0,0,0,0
Rh_3s12,7,4.23735575E-08,-2.719331E-02,2.950269E+06,5.005395E-06,-3.313348E-10,0,0,0,0
Rh_3s12,8,4.64662192E-08,-2.981978E-02,2.690429E+06,5.488794E-06,-3.984216E-10,0,0,0,0
Rh_3s12,9,5.09540830E-08,-3.269988E-02,2.453478E+06,6.018874E-06,-4.790916E-10,0,0,0,0
Rh_3s12,10,5.58753999E-08,-3.585814E-02,2.237396E+06,6.600149E-06,-5.760964E-10,0,0,0,0
Rh_3s12,11,6.12719276E-08,-3.932137E-02,2.040350E+06,7.237554E-06,-6.927416E-10,0,0,0,0
Rh_3s12,12,6.71896597E-08,-4.311908E-02,1.860658E+06,7.936517E-06,-8.330058E-10,0,0,0,0
Rh_3s12,13,7.36788069E-08,-4.728350E-02,1.696794E+06,8.702974E-06,-1.001668E-09,0,0,0,0
Rh_3s12,14,8.07945326E-08,-5.185002E-02,1.547365E+06,9.543441E-06,-1.204478E-09,0,0,0,0
Rh_3s12,15,8.85974782E-08,-5.685758E-02,1.411096E+06,1.046507E-05,-1.448352E-09,0,0,0,0
Rh_3s12,16,9.71538449E-08,-6.234864E-02,1.286830E+06,1.147570E-05,-1.741599E-09,0,0,0,0
Rh_3s12,17,1.06536364E-07,-6.836988E-02,1.173510E+06,1.258390E-05,-2.094214E-09,0,0,0,0
Rh_3s12,18,1.16824785E-07,-7.497249E-02,1.070172E+06,1.379911E-05,-2.518215E-09,0,0,0,0
Rh_3s12,19,1.28106557E-07,-8.221258E-02,9.759356E+05,1.513164E-05,-3.028052E-09,0,0,0,0
Rh_3s12,20,1.40477809E-07,-9.015183E-02,8.899979E+05,1.659285E-05,-3.641112E-09,0,0,0,0
Rh_3s12,21,1.54043217E-07,-9.885743E-02,8.116309E+05,1.819512E-05,-4.378264E-09,0,0,0,0
Rh_3s12,22,1.68918585E-07,-1.084037E-01,7.401649E+05,1.995209E-05,-5.264655E-09,0,0,0,0
Rh_3s12,23,1.85229766E-07,-1.188714E-01,6.749944E+05,2.187867E-05,-6.330458E-09,0,0,0,0
Rh_3s12,24,2.03115995E-07,-1.303499E-01,6.155626E+05,2.399127E-05,-7.612028E-09,0,0,0,0
Rh_3s12,25,2.22728585E-07,-1.429362E-01,5.613661E+05,2.630779E-05,-9.152985E-09,0,0,0,0
Rh_3s12,26,2.44234514E-07,-1.567376E-01,5.119427E+05,2.884793E-05,-1.100585E-08,0,0,0,0
Rh_3s12,27,2.67816518E-07,-1.718713E-01,4.668719E+05,3.163328E-05,-1.323376E-08,0,0,0,0
Rh_3s12,28,2.93674455E-07,-1.884656E-01,4.257711E+05,3.468747E-05,-1.591255E-08,0,0,0,0
Rh_3s12,29,3.22029000E-07,-2.066620E-01,3.882891E+05,3.803650E-05,-1.913359E-08,0,0,0,0
Rh_3s12,30,3.53119360E-07,-2.266141E-01,3.541092E+05,4.170871E-05,-2.300639E-08,0,0,0,0
Rh_3s12,31,3.87210673E-07,-2.484919E-01,3.229392E+05,4.573536E-05,-2.766299E-08,0,0,0,0
Rh_3s12,32,4.24592535E-07,-2.724814E-01,2.945141E+05,5.015065E-05,-3.326200E-08,0,0,0,0
Rh_3s12,33,4.65581675E-07,-2.987857E-01,2.685925E+05,5.499201E-05,-3.999396E-08,0,0,0,0
Rh_3s12,34,5.10526032E-07,-3.276282E-01,2.449539E+05,6.030055E-05,-4.808809E-08,0,0,0,0
Rh_3s12,35,5.59808063E-07,-3.592541E-01,2.233969E+05,6.612138E-05,-5.782012E-08,0,0,0,0
Rh_3s12,36,6.13844178E-07,-3.939307E-01,2.037388E+05,7.250379E-05,-6.952098E-08,0,0,0,0
Rh_3s12,37,6.73095020E-07,-4.319535E-01,1.858117E+05,7.950205E-05,-8.358941E-08,0,0,0,0
Rh_3s12,38,7.38061153E-07,-4.736436E-01,1.694638E+05,8.717543E-05,-1.005037E-07,0,0,0,0
Rh_3s12,39,8.09294905E-07,-5.193552E-01,1.545557E+05,9.558908E-05,-1.208397E-07,0,0,0,0
Rh_3s12,40,8.87400674E-07,-5.694762E-01,1.409606E+05,1.048144E-04,-1.452894E-07,0,0,0,0
Rh_3s12,41,9.73041115E-07,-6.244313E-01,1.285629E+05,1.149295E-04,-1.746847E-07,0,0,0,0
Rh_3s12,42,1.06694090E-06,-6.846855E-01,1.172574E+05,1.260203E-04,-2.100251E-07,0,0,0,0
Rh_3s12,43,1.16989756E-06,-7.507500E-01,1.069478E+05,1.381806E-04,-2.525129E-07,0,0,0,0
Rh_3s12,44,1.28278253E-06,-8.231832E-01,9.754656E+04,1.515137E-04,-3.035926E-07,0,0,0,0
Rh_3s12,45,1.40655260E-06,-9.025987E-01,8.897370E+04,1.661323E-04,-3.650006E-07,0,0,0,0
Rh_3s12,46,1.54225798E-06,-9.896691E-01,8.115625E+04,1.821605E-04,-4.388253E-07,0,0,0,0
Rh_3s12,47,1.69104604E-06,-1.085129E+00,7.402790E+04,1.997339E-04,-5.275743E-07,0,0,0,0
Rh_3s12,48,1.85417702E-06,-1.189786E+00,6.752802E+04,2.190012E-04,-6.342631E-07,0,0,0,0
Rh_3s12,49,2.03303422E-06,-1.304525E+00,6.160130E+04,2.401257E-04,-7.625171E-07,0,0,0,0
Rh_3s12,50,2.22912879E-06,-1.430313E+00,5.619744E+04,2.632860E-04,-9.166897E-07,0,0,0,0
Rh_3s12,51,2.44412209E-06,-1.568210E+00,5.127046E+04,2.886780E-04,-1.102016E-06,0,0,0,0
Rh_3s12,52,2.67983341E-06,-1.719380E+00,4.677851E+04,3.165165E-04,-1.324787E-06,0,0,0,0
Rh_3s12,53,2.93825503E-06,-1.885093E+00,4.268343E+04,3.470369E-04,-1.592559E-06,0,0,0,0
Rh_3s12,54,3.22157153E-06,-2.066741E+00,3.895042E+04,3.804967E-04,-1.914411E-06,0,0,0,0
Rh_3s12,55,3.53218026E-06,-2.265849E+00,3.554776E+04,4.171790E-04,-2.301256E-06,0,0,0,0
Rh_3s12,56,3.87270272E-06,-2.484082E+00,3.244656E+04,4.573929E-04,-2.766198E-06,0,0,0,0
Rh_3s12,57,4.24601843E-06,-2.723267E+00,2.962045E+04,5.014781E-04,-3.324983E-06,0,0,0,0
Rh_3s12,58,4.65527750E-06,-2.985394E+00,2.704545E+04,5.498061E-04,-3.996517E-06,0,0,0,0
Rh_3s12,59,5.10393592E-06,-3.272641E+00,2.469970E+04,6.027841E-04,-4.803510E-06,0,0,0,0
Rh_3s12,60,5.59577840E-06,-3.587386E+00,2.256327E+04,6.608581E-04,-5.773226E-06,0,0,0,0
Rh_3s12,61,6.13495341E-06,-3.932222E+00,2.061803E+04,7.245166E-04,-6.938396E-06,0,0,0,0
Rh_3s12,62,6.72600836E-06,-4.309977E+00,1.884749E+04,7.942948E-04,-8.338311E-06,0,0,0,0
Rh_3s12,63,7.37392185E-06,-4.723727E+00,1.723597E+04,8.707781E-04,-1.002011E-05,0,0,0,0
Rh_3s12,64,8.08415363E-06,-5.176819E+00,1.577138E+04,9.546081E-04,-1.204033E-05,0,0,0,0
Rh_3s12,65,8.86268273E-06,-5.672883E+00,1.444050E+04,1.046486E-03,-1.446680E-05,0,0,0,0
Rh_3s12,66,9.71605824E-06,-6.215851E+00,1.323121E+04,1.147181E-03,-1.738079E-05,0,0,0,0
Rh_3s12,67,1.06514605E-05,-6.809973E+00,1.213442E+04,1.257532E-03,-2.087969E-05,0,0,0,0
Rh_3s12,68,1.16767499E-05,-7.459821E+00,1.114076E+04,1.378458E-03,-2.508007E-05,0,0,0,0
Rh_3s12,69,1.28005423E-05,-8.170303E+00,1.024163E+04,1.510964E-03,-3.012147E-05,0,0,0,0
Rh_3s12,70,1.40322695E-05,-8.946653E+00,9.428991E+03,1.656146E-03,-3.617065E-05,0,0,0,0
Rh_3s12,71,1.53822682E-05,-9.794433E+00,8.697338E+03,1.815202E-03,-4.342679E-05,0,0,0,0
Rh_3s12,72,1.68618598E-05,-1.071949E+01,8.040182E+03,1.989440E-03,-5.212751E-05,0,0,0,0
Rh_3s12,73,1.84834363E-05,-1.172790E+01,7.451417E+03,2.180285E-03,-6.255576E-05,0,0,0,0
Rh_3s12,74,2.02605792E-05,-1.282594E+01,6.927598E+03,2.389289E-03,-7.504803E-05,0,0,0,0
Rh_3s12,75,2.22081559E-05,-1.401992E+01,6.464381E+03,2.618143E-03,-9.000351E-05,0,0,0,0
Rh_3s12,76,2.43424471E-05,-1.531602E+01,6.058271E+03,2.868682E-03,-1.078945E-04,0,0,0,0
Rh_3s12,77,2.66812790E-05,-1.672010E+01,5.707155E+03,3.142900E-03,-1.292782E-04,0,0,0,0
Rh_3s12,78,2.92441716E-05,-1.823732E+01,5.408828E+03,3.442956E-03,-1.548090E-04,0,0,0,0
Rh_3s12,79,3.20524919E-05,-1.987173E+01,5.162723E+03,3.771185E-03,-1.852520E-04,0,0,0,0
Rh_3s12,80,3.51296338E-05,-2.162560E+01,4.968958E+03,4.130106E-03,-2.214961E-04,0,0,0,0
Rh_3s12,81,3.85012014E-05,-2.349864E+01,4.828454E+03,4.522431E-03,-2.645657E-04,0,0,0,0
Rh_3s12,82,4.21952215E-05,-2.548687E+01,4.744179E+03,4.951074E-03,-3.156301E-04,0,0,0,0
Rh_3s12,83,4.62423676E-05,-2.758111E+01,4.720265E+03,5.419154E-03,-3.760057E-04,0,0,0,0
Rh_3s12,84,5.06762051E-05,-2.976509E+01,4.763031E+03,5.930003E-03,-4.471492E-04,0,0,0,0
Rh_3s12,85,5.55334622E-05,-3.201291E+01,4.880904E+03,6.487180E-03,-5.306336E-04,0,0,0,0
Rh_3s12,86,6.08543274E-05,-3.428592E+01,5.082921E+03,7.094475E-03,-6.280987E-04,0,0,0,0
Rh_3s12,87,6.66827627E-05,-3.652908E+01,5.375344E+03,7.755948E-03,-7.411650E-04,0,0,0,0
Rh_3s12,88,7.30668595E-05,-3.866753E+01,5.747428E+03,8.475963E-03,-8.712979E-04,0,0,0,0
Rh_3s12,89,8.00592177E-05,-4.060557E+01,6.132026E+03,9.259270E-03,-1.019614E-03,0,0,0,0
Rh_3s12,90,8.77173610E-05,-4.223422E+01,6.342787E+03,1.011101E-02,-1.186647E-03,0,0,0,0
Rh_3s12,91,9.61041931E-05,-4.345839E+01,6.109126E+03,1.103658E-02,-1.372162E-03,0,0,0,0
Rh_3s12,92,1.05288485E-04,-4.424784E+01,5.339217E+03,1.204197E-02,-1.575217E-03,0,0,0,0
Rh_3s12,93,1.15345422E-04,-4.467262E+01,4.314008E+03,1.313460E-02,-1.794658E-03,0,0,0,0
Rh_3s12,94,1.26357184E-04,-4.486359E+01,3.428200E+03,1.432290E-02,-2.029819E-03,0,0,0,0
Rh_3s12,95,1.38413580E-04,-4.493632E+01,2.827552E+03,1.561516E-02,-2.280914E-03,0,0,0,0
Rh_3s12,96,1.51612748E-04,-4.495925E+01,2.434297E+03,1.702006E-02,-2.548953E-03,0,0,0,0
Rh_3s12,97,1.66061904E-04,-4.496400E+01,2.146746E+03,1.854718E-02,-2.835485E-03,0,0,0,0
Rh_3s12,98,1.81878167E-04,-4.496280E+01,1.910505E+03,2.020703E-02,-3.142389E-03,0,0,0,0
Rh_3s12,99,1.99189447E-04,-4.495974E+01,1.703669E+03,2.201095E-02,-3.471763E-03,0,0,0,0
Rh_3s12,100,2.18135417E-04,-4.495597E+01,1.518109E+03,2.397115E-02,-3.825876E-03,0,0,0,0
Rh_3s12,101,2.38868560E-04,-4.495175E+01,1.350511E+03,2.610075E-02,-4.207161E-03,0,0,0,0
Rh_3s12,102,2.61555319E-04,-4.494711E+01,1.199024E+03,2.841388E-02,-4.618219E-03,0,0,0,0
Rh_3s12,103,2.86377324E-04,-4.494204E+01,1.062225E+03,3.092569E-02,-5.061828E-03,0,0,0,0
Rh_3s12,104,3.13532746E-04,-4.493647E+01,9.388536E+02,3.365247E-02,-5.540958E-03,0,0,0,0
Rh_3s12,105,3.43237752E-04,-4.493038E+01,8.277589E+02,3.661169E-02,-6.058785E-03,0,0,0,0
Rh_3s12,106,3.75728075E-04,-4.492370E+01,7.278826E+02,3.982204E-02,-6.618701E-03,0,0,0,0
Rh_3s12,107,4.11260733E-04,-4.491640E+01,6.382505E+02,4.330348E-02,-7.224332E-03,0,0,0,0
Rh_3s12,108,4.50115867E-04,-4.490839E+01,5.579650E+02,4.707735E-02,-7.879551E-03,0,0,0,0
Rh_3s12,109,4.92598745E-04,-4.489963E+01,4.861979E+02,5.116632E-02,-8.588488E-03,0,0,0,0
Rh_3s12,110,5.39041925E-04,-4.489004E+01,4.221839E+02,5.559452E-02,-9.355545E-03,0,0,0,0
Rh_3s12,111,5.89807581E-04,-4.487954E+01,3.652153E+02,6.038749E-02,-1.018541E-02,0,0,0,0
Rh_3s12,112,6.45290023E-04,-4.486804E+01,3.146370E+02,6.557224E-02,-1.108306E-02,0,0,0,0
Rh_3s12,113,7.05918418E-04,-4.485546E+01,2.698426E+02,7.117719E-02,-1.205377E-02,0,0,0,0
Rh_3s12,114,7.72159708E-04,-4.484170E+01,2.302707E+02,7.723220E-02,-1.310314E-02,0,0,0,0
Rh_3s12,115,8.44521763E-04,-4.482664E+01,1.954018E+02,8.376847E-02,-1.423708E-02,0,0,0,0
Rh_3s12,116,9.23556778E-04,-4.481017E+01,1.647560E+02,9.081843E-02,-1.546178E-02,0,0,0,0
Rh_3s12,117,1.00986491E-03,-4.479215E+01,1.378902E+02,9.841568E-02,-1.678378E-02,0,0,0,0
Rh_3s12,118,1.10409819E-03,-4.477245E+01,1.143972E+02,1.065947E-01,-1.820989E-02,0,0,0,0
Rh_3s12,119,1.20696472E-03,-4.475091E+01,9.390273E+01,1.153908E-01,-1.974721E-02,0,0,0,0
Rh_3s12,120,1.31923320E-03,-4.472735E+01,7.606492E+01,1.248395E-01,-2.140310E-02,0,0,0,0
Rh_3s12,121,1.44173773E-03,-4.470161E+01,6.057219E+01,1.349764E-01,-2.318513E-02,0,0,0,0
Rh_3s12,122,1.57538293E-03,-4.467349E+01,4.714199E+01,1.458368E-01,-2.510106E-02,0,0,0,0
Rh_3s12,123,1.72114953E-03,-4.464276E+01,3.551929E+01,1.574546E-01,-2.715877E-02,0,0,0,0
Rh_3s12,124,1.88010018E-03,-4.460920E+01,2.547503E+01,1.698623E-01,-2.936618E-02,0,0,0,0
Rh_3s12,125,2.05338577E-03,-4.457255E+01,1.680455E+01,1.830895E-01,-3.173115E-02,0,0,0,0
Rh_3s12,126,2.24225204E-03,-4.453255E+01,9.325979E+00,1.971624E-01,-3.426143E-02,0,0,0,0
Rh_3s12,127,2.44804675E-03,-4.448890E+01,2.878559E+00,2.121023E-01,-3.696445E-02,0,0,0,0
Rh_3s12,128,2.67222716E-03,-4.444129E+01,-2.679054E+00,2.279243E-01,-3.984720E-02,0,0,0,0
Rh_3s12,129,2.91636804E-03,-4.438938E+01,-7.470479E+00,2.446360E-01,-4.291607E-02,0,0,0,0
Rh_3s12,130,3.18217011E-03,-4.433281E+01,-1.160328E+01,2.622351E-01,-4.617657E-02,0,0,0,0
Rh_3s12,131,3.47146901E-03,-4.427118E+01,-1.517060E+01,2.807080E-01,-4.963313E-02,0,0,0,0
Rh_3s12,132,3.78624466E-03,-4.420409E+01,-1.825274E+01,3.000269E-01,-5.328882E-02,0,0,0,0
Rh_3s12,133,4.12863129E-03,-4.413109E+01,-2.091858E+01,3.201477E-01,-5.714498E-02,0,0,0,0
Rh_3s12,134,4.50092781E-03,-4.405173E+01,-2.322706E+01,3.410066E-01,-6.120090E-02,0,0,0,0
Rh_3s12,135,4.90560879E-03,-4.396549E+01,-2.522837E+01,3.625175E-01,-6.545337E-02,0,0,0,0
Rh_3s12,136,5.34533597E-03,-4.387188E+01,-2.696512E+01,3.845683E-01,-6.989630E-02,0,0,0,0
Rh_3s12,137,5.82297026E-03,-4.377034E+01,-2.847345E+01,4.070173E-01,-7.452017E-02,0,0,0,0
Rh_3s12,138,6.34158424E-03,-4.366031E+01,-2.978387E+01,4.296898E-01,-7.931155E-02,0,0,0,0
Rh_3s12,139,6.90447521E-03,-4.354120E+01,-3.092214E+01,4.523736E-01,-8.425252E-02,0,0,0,0
Rh_3s12,140,7.51517875E-03,-4.341241E+01,-3.190999E+01,4.748159E-01,-8.932017E-02,0,0,0,0
Rh_3s12,141,8.17748271E-03,-4.327333E+01,-3.276570E+01,4.967191E-01,-9.448595E-02,0,0,0,0
Rh_3s12,142,8.89544175E-03,-4.312332E+01,-3.350467E+01,5.177378E-01,-9.971515E-02,0,0,0,0
Rh_3s12,143,9.67339220E-03,-4.296174E+01,-3.413989E+01,5.374759E-01,-1.049664E-01,0,0,0,0
Rh_3s12,144,1.05159675E-02,-4.278796E+01,-3.468230E+01,5.554843E-01,-1.101910E-01,0,0,0,0
Rh_3s12,145,1.14281138E-02,-4.260133E+01,-3.514115E+01,5.712606E-01,-1.153329E-01,0,0,0,0
Rh_3s12,146,1.24151062E-02,-4.240122E+01,-3.552423E+01,5.842490E-01,-1.203280E-01,0,0,0,0
Rh_3s12,147,1.34825648E-02,-4.218700E+01,-3.583817E+01,5.938432E-01,-1.251044E-01,0,0,0,0
Rh_3s12,148,1.46364718E-02,-4.195804E+01,-3.608860E+01,5.993905E-01,-1.295823E-01,0,0,0,0
Rh_3s12,149,1.58831875E-02,-4.171373E+01,-3.628031E+01,6.001999E-01,-1.336744E-01,0,0,0,0
Rh_3s12,150,1.72294681E-02,-4.145346E+01,-3.641736E+01,5.955519E-01,-1.372913E-01,0,0,0,0
Rh_3s12,151,1.86824817E-02,-4.117665E+01,-3.650327E+01,5.847134E-01,-1.403292E-01,0,0,0,0
Rh_3s12,152,2.02498260E-02,-4.088270E+01,-3.654102E+01,5.669552E-01,-1.426835E-01,0,0,0,0
Rh_3s12,153,2.19395442E-02,-4.057105E+01,-3.653318E+01,5.415753E-01,-1.442474E-01,0,0,0,0
Rh_3s12,154,2.37601426E-02,-4.024114E+01,-3.648197E+01,5.079257E-01,-1.449135E-01,0,0,0,0
Rh_3s12,155,2.57206060E-02,-3.989244E+01,-3.638930E+01,4.654440E-01,-1.445772E-01,0,0,0,0
Rh_3s12,156,2.78304141E-02,-3.952443E+01,-3.625686E+01,4.136891E-01,-1.431396E-01,0,0,0,0
Rh_3s12,157,3.00995567E-02,-3.913670E+01,-3.608613E+01,3.523813E-01,-1.405112E-01,0,0,0,0
Rh_3s12,158,3.25385485E-02,-3.872889E+01,-3.587850E+01,2.814438E-01,-1.366165E-01,0,0,0,0
Rh_3s12,159,3.51584436E-02,-3.830076E+01,-3.563526E+01,2.010469E-01,-1.313978E-01,0,0,0,0
Rh_3s12,160,3.79708483E-02,-3.785224E+01,-3.535767E+01,1.116506E-01,-1.248203E-01,0,0,0,0
Rh_3s12,161,4.09879343E-02,-3.738337E+01,-3.504700E+01,1.404493E-02,-1.168762E-01,0,0,0,0
Rh_3s12,162,4.42224493E-02,-3.689434E+01,-3.470451E+01,-9.061508E-02,-1.075888E-01,0,0,0,0
Rh_3s12,163,4.76877285E-02,-3.638540E+01,-3.433143E+01,-2.007835E-01,-9.701656E-02,0,0,0,0
Rh_3s12,164,5.13977028E-02,-3.585677E+01,-3.392888E+01,-3.145089E-01,-8.525546E-02,0,0,0,0
Rh_3s12,165,5.53669077E-02,-3.530861E+01,-3.349785E+01,-4.294357E-01,-7.244105E-02,0,0,0,0
Rh_3s12,166,5.96104891E-02,-3.474097E+01,-3.303916E+01,-5.428236E-01,-5.874875E-02,0,0,0,0
Rh_3s12,167,6.41442095E-02,-3.415384E+01,-3.255351E+01,-6.515890E-01,-4.439272E-02,0,0,0,0
Rh_3s12,168,6.89844506E-02,-3.354727E+01,-3.204155E+01,-7.523694E-01,-2.962287E-02,0,0,0,0
Rh_3s12,169,7.41482165E-02,-3.292147E+01,-3.150404E+01,-8.416140E-01,-1.471983E-02,0,0,0,0
Rh_3s12,170,7.96531339E-02,-3.227687E+01,-3.094192E+01,-9.156969E-01,1.213666E-05,0,0,0,0
Rh_3s12,171,8.55174508E-02,-3.161418E+01,-3.035631E+01,-9.710537E-01,1.425425E-02,0,0,0,0
Rh_3s12,172,9.17600344E-02,-3.093435E+01,-2.974858E+01,-1.004335E+00,2.768399E-02,0,0,0,0
Rh_3s12,173,9.84003662E-02,-3.023849E+01,-2.912021E+01,-1.012573E+00,3.998719E-02,0,0,0,0
Rh_3s12,174,1.05458536E-01,-2.952784E+01,-2.847275E+01,-9.933488E-01,5.087080E-02,0,0,0,0
Rh_3s12,175,1.12955235E-01,-2.880360E+01,-2.780776E+01,-9.449567E-01,6.007571E-02,0,0,0,0
Rh_3s12,176,1.20911745E-01,-2.806695E+01,-2.712668E+01,-8.665517E-01,6.738885E-02,0,0,0,0
Rh_3s12,177,1.29349929E-01,-2.731905E+01,-2.643096E+01,-7.582672E-01,7.265392E-02,0,0,0,0
Rh_3s12,178,1.38292216E-01,-2.656108E+01,-2.572201E+01,-6.212969E-01,7.578000E-02,0,0,0,0
Rh_3s12,179,1.47761591E-01,-2.579442E+01,-2.500145E+01,-4.579271E-01,7.674730E-02,0,0,0,0
Rh_3s12,180,1.57781575E-01,-2.502074E+01,-2.427114E+01,-2.715154E-01,7.560970E-02,0,0,0,0
Rh_3s12,181,1.68376212E-01,-2.424207E+01,-2.353331E+01,-6.640920E-02,7.249336E-02,0,0,0,0
Rh_3s12,182,1.79570046E-01,-2.346077E+01,-2.279043E+01,1.521927E-01,6.759152E-02,0,0,0,0
Rh_3s12,183,1.91388107E-01,-2.267915E+01,-2.204502E+01,3.784330E-01,6.115547E-02,0,0,0,0
Rh_3s12,184,2.03855884E-01,-2.189930E+01,-2.129925E+01,6.060322E-01,5.348249E-02,0,0,0,0
Rh_3s12,185,2.16999312E-01,-2.112282E+01,-2.055490E+01,8.285567E-01,4.490153E-02,0,0,0,0
Rh_3s12,186,2.30844738E-01,-2.035096E+01,-1.981333E+01,1.039703E+00,3.575763E-02,0,0,0,0
Rh_3s12,187,2.45418909E-01,-1.958502E+01,-1.907598E+01,1.233584E+00,2.639586E-02,0,0,0,0
Rh_3s12,188,2.60748939E-01,-1.882649E+01,-1.834443E+01,1.404989E+00,1.714574E-02,0,0,0,0
Rh_3s12,189,2.76862289E-01,-1.807748E+01,-1.762087E+01,1.549619E+00,8.306752E-03,0,0,0,0
Rh_3s12,190,2.93786740E-01,-1.734037E+01,-1.690779E+01,1.664261E+00,1.361886E-04,0,0,0,0
Rh_3s12,191,3.11550369E-01,-1.661780E+01,-1.620790E+01,1.746900E+00,-7.159974E-03,0,0,0,0
Rh_3s12,192,3.30181523E-01,-1.591224E+01,-1.552374E+01,1.796762E+00,-1.343252E-02,0,0,0,0
Rh_3s12,193,3.49708788E-01,-1.522575E+01,-1.485743E+01,1.814288E+00,-1.859052E-02,0,0,0,0
Rh_3s12,194,3.70160971E-01,-1.455967E+01,-1.421041E+01,1.801042E+00,-2.259923E-02,0,0,0,0
Rh_3s12,195,3.91567070E-01,-1.391461E+01,-1.358333E+01,1.759564E+00,-2.547489E-02,0,0,0,0
Rh_3s12,196,4.13956246E-01,-1.329038E+01,-1.297606E+01,1.693191E+00,-2.727725E-02,0,0,0,0
Rh_3s12,197,4.37357801E-01,-1.268624E+01,-1.238794E+01,1.605842E+00,-2.810082E-02,0,0,0,0
Rh_3s12,198,4.61801153E-01,-1.210111E+01,-1.181793E+01,1.501803E+00,-2.806550E-02,0,0,0,0
Rh_3s12,199,4.87315808E-01,-1.153392E+01,-1.126502E+01,1.385502E+00,-2.730734E-02,0,0,0,0
Rh_3s12,200,5.13931339E-01,-1.098404E+01,-1.072861E+01,1.261311E+00,-2.596998E-02,0,0,0,0
Rh_3s12,201,5.41677359E-01,-1.045133E+01,-1.020862E+01,1.133358E+00,-2.419700E-02,0,0,0,0
Rh_3s12,202,5.70583501E-01,-9.936309E+00,-9.705612E+00,1.005379E+00,-2.212535E-02,0,0,0,0
Rh_3s12,203,6.00679395E-01,-9.439808E+00,-9.220450E+00,8.806041E-01,-1.988007E-02,0,0,0,0
Rh_3s12,204,6.31994644E-01,-8.962447E+00,-8.753789E+00,7.616842E-01,-1.757033E-02,0,0,0,0
Rh_3s12,205,6.64558806E-01,-8.504099E+00,-8.305540E+00,6.506588E-01,-1.528683E-02,0,0,0,0
Rh_3s12,206,6.98401370E-01,-8.063714E+00,-7.874691E+00,5.489636E-01,-1.310085E-02,0,0,0,0
Rh_3s12,207,7.33551743E-01,-7.639614E+00,-7.459600E+00,4.574688E-01,-1.106454E-02,0,0,0,0
Rh_3s12,208,7.70039224E-01,-7.230092E+00,-7.058590E+00,3.765422E-01,-9.212490E-03,0,0,0,0
Rh_3s12,209,8.07892992E-01,-6.833761E+00,-6.670306E+00,3.061251E-01,-7.563949E-03,0,0,0,0
Rh_3s12,210,8.47142087E-01,-6.450021E+00,-6.294174E+00,2.458167E-01,-6.125425E-03,0,0,0,0
Rh_3s12,211,8.87815393E-01,-6.078773E+00,-5.930120E+00,1.949583E-01,-4.893353E-03,0,0,0,0
Rh_3s12,212,9.29941626E-01,-5.720469E+00,-5.578619E+00,1.527139E-01,-3.856653E-03,0,0,0,0
Rh_3s12,213,9.73549318E-01,-5.375815E+00,-5.240402E+00,1.181435E-01,-2.999086E-03,0,0,0,0
Rh_3s12,214,1.01866680E+00,-5.045607E+00,-4.916284E+00,9.026546E-02,-2.301305E-03,0,0,0,0
Rh_3s12,215,1.06532220E+00,-4.730582E+00,-4.607023E+00,6.810823E-02,-1.742581E-03,0,0,0,0
Rh_3s12,216,1.11354343E+00,-4.431322E+00,-4.313220E+00,5.074909E-02,-1.302167E-03,0,0,0,0
Rh_3s12,217,1.16335815E+00,-4.148201E+00,-4.035268E+00,3.734140E-02,-9.603117E-04,0,0,0,0
Rh_3s12,218,1.21479379E+00,-3.881358E+00,-3.773322E+00,2.713113E-02,-6.989425E-04,0,0,0,0
Rh_3s12,219,1.26787754E+00,-3.630724E+00,-3.527330E+00,1.946433E-02,-5.020669E-04,0,0,0,0
Rh_3s12,220,1.32263631E+00,-3.396024E+00,-3.297031E+00,1.378741E-02,-3.559389E-04,0,0,0,0
Rh_3s12,221,1.37909677E+00,-3.176817E+00,-3.081996E+00,9.642109E-03,-2.490466E-04,0,0,0,0
Rh_3s12,222,1.43728528E+00,-2.972548E+00,-2.881687E+00,6.657027E-03,-1.719770E-04,0,0,0,0
Rh_3s12,223,1.49722796E+00,-2.782548E+00,-2.695444E+00,4.537092E-03,-1.172015E-04,0,0,0,0
Rh_3s12,224,1.55895062E+00,-2.606110E+00,-2.522574E+00,3.052331E-03,-7.882305E-05,0,0,0,0
Rh_3s12,225,1.62247878E+00,-2.442473E+00,-2.362325E+00,2.026787E-03,-5.231310E-05,0,0,0,0
Rh_3s12,226,1.68783768E+00,-2.290872E+00,-2.213944E+00,1.328221E-03,-3.425950E-05,0,0,0,0
Rh_3s12,227,1.75505224E+00,-2.150546E+00,-2.076677E+00,8.589745E-04,-2.213796E-05,0,0,0,0
Rh_3s12,228,1.82414712E+00,-2.020748E+00,-1.949787E+00,5.481474E-04,-1.411398E-05,0,0,0,0
Rh_3s12,229,1.89514662E+00,-1.900750E+00,-1.832557E+00,3.451278E-04,-8.877338E-06,0,0,0,0
Rh_3s12,230,1.96807478E+00,-1.789858E+00,-1.724297E+00,2.143804E-04,-5.508094E-06,0,0,0,0
Rh_3s12,231,2.04295531E+00,-1.687406E+00,-1.624351E+00,1.313616E-04,-3.371056E-06,0,0,0,0
Rh_3s12,232,2.11981162E+00,-1.592763E+00,-1.532096E+00,7.939379E-05,-2.034857E-06,0,0,0,0
Rh_3s12,233,2.19866681E+00,-1.507401E+00,-1.449009E+00,4.732577E-05,-1.211330E-06,0,0,0,0
Rh_3s12,234,2.27954366E+00,-1.432604E+00,-1.376377E+00,2.782030E-05,-7.110720E-07,0,0,0,0
Rh_3s12,235,2.36246467E+00,-1.367349E+00,-1.313187E+00,1.612639E-05,-4.115785E-07,0,0,0,0
Rh_3s12,236,2.44745199E+00,-1.310668E+00,-1.258476E+00,9.216809E-06,-2.348774E-07,0,0,0,0
Rh_3s12,237,2.53452750E+00,-1.261654E+00,-1.211340E+00,5.193338E-06,-1.321412E-07,0,0,0,0
Rh_3s12,238,2.62371274E+00,-1.219458E+00,-1.170937E+00,2.884621E-06,-7.328246E-08,0,0,0,0
Rh_3s12,239,2.71502897E+00,-1.183295E+00,-1.136486E+00,1.579281E-06,-4.005729E-08,0,0,0,0
Rh_3s12,240,2.80849713E+00,-1.152443E+00,-1.107269E+00,8.521375E-07,-2.157922E-08,0,0,0,0
Rh_3s12,241,2.90413787E+00,-1.126241E+00,-1.082630E+00,4.530959E-07,-1.145550E-08,0,0,0,0
Rh_3s12,242,3.00197152E+00,-1.104092E+00,-1.061975E+00,2.373834E-07,-5.991935E-09,0,0,0,0
Rh_3s12,243,3.10201813E+00,-1.085456E+00,-1.044767E+00,1.225292E-07,-3.087763E-09,0,0,0,0
Rh_3s12,244,3.20429744E+00,-1.069848E+00,-1.030525E+00,6.230262E-08,-1.567449E-09,0,0,0,0
Rh_3s12,245,3.30882892E+00,-1.056837E+00,-1.018822E+00,3.120322E-08,-7.837242E-10,0,0,0,0
Rh_3s12,246,3.41563171E+00,-1.046044E+00,-1.009280E+00,1.539101E-08,-3.859233E-10,0,0,0,0
Rh_3s12,247,3.52472471E+00,-1.037132E+00,-1.001567E+00,7.475804E-09,-1.871344E-10,0,0,0,0
Rh_3s12,248,3.63612649E+00,-1.029809E+00,-9.953923E-01,3.575360E-09,-8.934452E-11,0,0,0,0
Rh_3s12,249,3.74985537E+00,-1.023820E+00,-9.905046E-01,1.683455E-09,-4.199434E-11,0,0,0,0
Rh_3s12,250,3.86592937E+00,-1.018947E+00,-9.866865E-01,7.802821E-10,-1.942982E-11,0,0,0,0
Rh_3s12,251,3.98436626E+00,-1.015001E+00,-9.837521E-01,3.559746E-10,-8.848076E-12,0,0,0,0
Rh_3s12,252,4.10518351E+00,-1.011821E+00,-9.815429E-01,1.598280E-10,-4.129612E-12,0,0,0,0
Rh_3s12,253,4.22839834E+00,-1.009271E+00,-9.799248E-01,7.061594E-11,-1.345715E-12,0,0,0,0
Rh_4d32,0,2.22222222E-08,-1.426115E-02,5.625436E+06,1.784537E-19,8.043805E-15,0,0,0,0
Rh_4d32,1,2.43686888E-08,-1.563865E-02,5.129949E+06,2.347161E-19,9.672298E-15,0,0,0,0
Rh_4d32,2,2.67224847E-08,-1.714921E-02,4.678106E+06,3.090087E-19,1.163123E-14,0,0,0,0
Rh_4d32,3,2.93035852E-08,-1.880563E-02,4.266069E+06,4.070593E-19,1.398669E-14,0,0,0,0
Rh_4d32,4,3.21339917E-08,-2.062205E-02,3.890324E+06,5.364242E-19,1.681900E-14,0,0,0,0
Rh_4d32,5,3.52377847E-08,-2.261392E-02,3.547675E+06,7.070696E-19,2.022497E-14,0,0,0,0
Rh_4d32,6,3.86413030E-08,-2.479813E-02,3.235212E+06,9.321379E-19,2.432062E-14,0,0,0,0
Rh_4d32,7,4.23735575E-08,-2.719331E-02,2.950269E+06,1.228963E-18,2.924558E-14,0,0,0,0
Rh_4d32,8,4.64662192E-08,-2.981978E-02,2.690429E+06,1.620399E-18,3.516803E-14,0,0,0,0
Rh_4d32,9,5.09540830E-08,-3.269988E-02,2.453478E+06,2.136585E-18,4.228947E-14,0,0,0,0
Rh_4d32,10,5.58753999E-08,-3.585814E-02,2.237396E+06,2.817265E-18,5.085287E-14,0,0,0,0
Rh_4d32,11,6.12719276E-08,-3.932137E-02,2.040350E+06,3.714841E-18,6.115020E-14,0,0,0,0
Rh_4d32,12,6.71896597E-08,-4.311908E-02,1.860658E+06,4.898417E-18,7.353239E-14,0,0,0,0
Rh_4d32,13,7.36788069E-08,-4.728350E-02,1.696794E+06,6.459104E-18,8.842224E-14,0,0,0,0
Rh_4d32,14,8.07945326E-08,-5.185002E-02,1.547365E+06,8.517042E-18,1.063262E-13,0,0,0,0
Rh_4d32,15,8.85974782E-08,-5.685758E-02,1.411096E+06,1.123065E-17,1.278550E-13,0,0,0,0
Rh_4d32,16,9.71538449E-08,-6.234864E-02,1.286830E+06,1.480880E-17,1.537433E-13,0,0,0,0
Rh_4d32,17,1.06536364E-07,-6.836988E-02,1.173510E+06,1.952691E-17,1.848730E-13,0,0,0,0
Rh_4d32,18,1.16824785E-07,-7.497249E-02,1.070172E+06,2.574811E-17,2.223052E-13,0,0,0,0
Rh_4d32,19,1.28106557E-07,-8.221258E-02,9.759356E+05,3.395122E-17,2.673138E-13,0,0,0,0
Rh_4d32,20,1.40477809E-07,-9.015183E-02,8.899979E+05,4.476760E-17,3.214358E-13,0,0,0,0
Rh_4d32,21,1.54043217E-07,-9.885743E-02,8.116309E+05,5.902958E-17,3.865143E-13,0,0,0,0
Rh_4d32,22,1.68918585E-07,-1.084037E-01,7.401649E+05,7.783479E-17,4.647665E-13,0,0,0,0
Rh_4d32,23,1.85229766E-07,-1.188714E-01,6.749944E+05,1.026302E-16,5.588595E-13,0,0,0,0
Rh_4d32,24,2.03115995E-07,-1.303499E-01,6.155626E+05,1.353239E-16,6.719978E-13,0,0,0,0
Rh_4d32,25,2.22728585E-07,-1.429362E-01,5.613661E+05,1.784312E-16,8.080431E-13,0,0,0,0
Rh_4d32,26,2.44234514E-07,-1.567376E-01,5.119427E+05,2.352689E-16,9.716184E-13,0,0,0,0
Rh_4d32,27,2.67816518E-07,-1.718713E-01,4.668719E+05,3.102098E-16,1.168310E-12,0,0,0,0
Rh_4d32,28,2.93674455E-07,-1.884656E-01,4.257711E+05,4.090188E-16,1.404802E-12,0,0,0,0
Rh_4d32,29,3.22029000E-07,-2.066620E-01,3.882891E+05,5.392974E-16,1.689164E-12,0,0,0,0
Rh_4d32,30,3.53119360E-07,-2.266141E-01,3.541092E+05,7.110654E-16,2.031093E-12,0,0,0,0
Rh_4d32,31,3.87210673E-07,-2.484919E-01,3.229392E+05,9.375350E-16,2.442188E-12,0,0,0,0
Rh_4d32,32,4.24592535E-07,-2.724814E-01,2.945141E+05,1.236124E-15,2.936489E-12,0,0,0,0
Rh_4d32,33,4.65581675E-07,-2.987857E-01,2.685925E+05,1.629794E-15,3.530838E-12,0,0,0,0
Rh_4d32,34,5.10526032E-07,-3.276282E-01,2.449539E+05,2.148816E-15,4.245423E-12,0,0,0,0
Rh_4d32,35,5.59808063E-07,-3.592541E-01,2.233969E+05,2.833099E-15,5.104624E-12,0,0,0,0
Rh_4d32,36,6.13844178E-07,-3.939307E-01,2.037388E+05,3.735249E-15,6.137668E-12,0,0,0,0
Rh_4d32,37,6.73095020E-07,-4.319535E-01,1.858117E+05,4.924625E-15,7.379705E-12,0,0,0,0
Rh_4d32,38,7.38061153E-07,-4.736436E-01,1.694638E+05,6.492642E-15,8.873081E-12,0,0,0,0
Rh_4d32,39,8.09294905E-07,-5.193552E-01,1.545557E+05,8.559822E-15,1.066849E-11,0,0,0,0
Rh_4d32,40,8.87400674E-07,-5.694762E-01,1.409606E+05,1.128503E-14,1.282707E-11,0,0,0,0
Rh_4d32,41,9.73041115E-07,-6.244313E-01,1.285629E+05,1.487768E-14,1.542235E-11,0,0,0,0
Rh_4d32,42,1.06694090E-06,-6.846855E-01,1.172574E+05,1.961379E-14,1.854257E-11,0,0,0,0
Rh_4d32,43,1.16989756E-06,-7.507500E-01,1.069478E+05,2.585721E-14,2.229381E-11,0,0,0,0
Rh_4d32,44,1.28278253E-06,-8.231832E-01,9.754656E+04,3.408748E-14,2.680379E-11,0,0,0,0
Rh_4d32,45,1.40655260E-06,-9.025987E-01,8.897370E+04,4.493669E-14,3.222564E-11,0,0,0,0
Rh_4d32,46,1.54225798E-06,-9.896691E-01,8.115625E+04,5.923794E-14,3.874384E-11,0,0,0,0
Rh_4d32,47,1.69104604E-06,-1.085129E+00,7.402790E+04,7.808916E-14,4.658019E-11,0,0,0,0
Rh_4d32,48,1.85417702E-06,-1.189786E+00,6.752802E+04,1.029374E-13,5.600056E-11,0,0,0,0
Rh_4d32,49,2.03303422E-06,-1.304525E+00,6.160130E+04,1.356895E-13,6.732537E-11,0,0,0,0
Rh_4d32,50,2.22912879E-06,-1.430313E+00,5.619744E+04,1.788587E-13,8.093951E-11,0,0,0,0
Rh_4d32,51,2.44412209E-06,-1.568210E+00,5.127046E+04,2.357564E-13,9.730488E-11,0,0,0,0
Rh_4d32,52,2.67983341E-06,-1.719380E+00,4.677851E+04,3.107462E-13,1.169778E-10,0,0,0,0
Rh_4d32,53,2.93825503E-06,-1.885093E+00,4.268343E+04,4.095777E-13,1.406263E-10,0,0,0,0
Rh_4d32,54,3.22157153E-06,-2.066741E+00,3.895042E+04,5.398260E-13,1.690526E-10,0,0,0,0
Rh_4d32,55,3.53218026E-06,-2.265849E+00,3.554776E+04,7.114714E-13,2.032217E-10,0,0,0,0
Rh_4d32,56,3.87270272E-06,-2.484082E+00,3.244656E+04,9.376611E-13,2.442930E-10,0,0,0,0
Rh_4d32,57,4.24601843E-06,-2.723267E+00,2.962045E+04,1.235714E-12,2.936592E-10,0,0,0,0
Rh_4d32,58,4.65527750E-06,-2.985394E+00,2.704545E+04,1.628440E-12,3.529946E-10,0,0,0,0
Rh_4d32,59,5.10393592E-06,-3.272641E+00,2.469970E+04,2.145880E-12,4.243101E-10,0,0,0,0
Rh_4d32,60,5.59577840E-06,-3.587386E+00,2.256327E+04,2.827595E-12,5.100227E-10,0,0,0,0
Rh_4d32,61,6.13495341E-06,-3.932222E+00,2.061803E+04,3.725669E-12,6.130348E-10,0,0,0,0
Rh_4d32,62,6.72600836E-06,-4.309977E+00,1.884749E+04,4.908672E-12,7.368348E-10,0,0,0,0
Rh_4d32,63,7.37392185E-06,-4.723727E+00,1.723597E+04,6.466852E-12,8.856128E-10,0,0,0,0
Rh_4d32,64,8.08415363E-06,-5.176819E+00,1.577138E+04,8.518971E-12,1.064401E-09,0,0,0,0
Rh_4d32,65,8.86268273E-06,-5.672883E+00,1.444050E+04,1.122127E-11,1.279245E-09,0,0,0,0
Rh_4d32,66,9.71605824E-06,-6.215851E+00,1.323121E+04,1.477925E-11,1.537406E-09,0,0,0,0
Rh_4d32,67,1.06514605E-05,-6.809973E+00,1.213442E+04,1.946307E-11,1.847599E-09,0,0,0,0
Rh_4d32,68,1.16767499E-05,-7.459821E+00,1.114076E+04,2.562782E-11,2.220297E-09,0,0,0,0
Rh_4d32,69,1.28005423E-05,-8.170303E+00,1.024163E+04,3.373995E-11,2.668067E-09,0,0,0,0
Rh_4d32,70,1.40322695E-05,-8.946653E+00,9.428991E+03,4.441185E-11,3.206002E-09,0,0,0,0
Rh_4d32,71,1.53822682E-05,-9.794433E+00,8.697338E+03,5.844699E-11,3.852205E-09,0,0,0,0
Rh_4d32,72,1.68618598E-05,-1.071949E+01,8.040182E+03,7.689876E-11,4.628419E-09,0,0,0,0
Rh_4d32,73,1.84834363E-05,-1.172790E+01,7.451417E+03,1.011468E-10,5.560722E-09,0,0,0,0
Rh_4d32,74,2.02605792E-05,-1.282594E+01,6.927598E+03,1.329962E-10,6.680391E-09,0,0,0,0
Rh_4d32,75,2.22081559E-05,-1.401992E+01,6.464381E+03,1.748053E-10,8.024950E-09,0,0,0,0
Rh_4d32,76,2.43424471E-05,-1.531602E+01,6.058271E+03,2.296503E-10,9.639384E-09,0,0,0,0
Rh_4d32,77,2.66812790E-05,-1.672010E+01,5.707155E+03,3.015361E-10,1.157760E-08,0,0,0,0
Rh_4d32,78,2.92441716E-05,-1.823732E+01,5.408828E+03,3.956638E-10,1.390421E-08,0,0,0,0
Rh_4d32,79,3.20524919E-05,-1.987173E+01,5.162723E+03,5.187689E-10,1.669656E-08,0,0,0,0
Rh_4d32,80,3.51296338E-05,-2.162560E+01,4.968958E+03,6.795423E-10,2.004729E-08,0,0,0,0
Rh_4d32,81,3.85012014E-05,-2.349864E+01,4.828454E+03,8.891485E-10,2.406721E-08,0,0,0,0
Rh_4d32,82,4.21952215E-05,-2.548687E+01,4.744179E+03,1.161851E-09,2.888884E-08,0,0,0,0
Rh_4d32,83,4.62423676E-05,-2.758111E+01,4.720265E+03,1.515749E-09,3.467060E-08,0,0,0,0
Rh_4d32,84,5.06762051E-05,-2.976509E+01,4.763031E+03,1.973603E-09,4.160171E-08,0,0,0,0
Rh_4d32,85,5.55334622E-05,-3.201291E+01,4.880904E+03,2.563719E-09,4.990810E-08,0,0,0,0
Rh_4d32,86,6.08543274E-05,-3.428592E+01,5.082921E+03,3.320780E-09,5.985941E-08,0,0,0,0
Rh_4d32,87,6.66827627E-05,-3.652908E+01,5.375344E+03,4.286463E-09,7.177749E-08,0,0,0,0
Rh_4d32,88,7.30668595E-05,-3.866753E+01,5.747428E+03,5.509539E-09,8.604638E-08,0,0,0,0
Rh_4d32,89,8.00592177E-05,-4.060557E+01,6.132026E+03,7.045110E-09,1.031235E-07,0,0,0,0
Rh_4d32,90,8.77173610E-05,-4.223422E+01,6.342787E+03,8.952643E-09,1.235510E-07,0,0,0,0
Rh_4d32,91,9.61041931E-05,-4.345839E+01,6.109126E+03,1.129343E-08,1.479776E-07,0,0,0,0
Rh_4d32,92,1.05288485E-04,-4.424784E+01,5.339217E+03,1.413078E-08,1.772019E-07,0,0,0,0
Rh_4d32,93,1.15345422E-04,-4.467262E+01,4.314008E+03,1.753767E-08,2.121811E-07,0,0,0,0
Rh_4d32,94,1.26357184E-04,-4.486359E+01,3.428200E+03,2.160897E-08,2.540173E-07,0,0,0,0
Rh_4d32,95,1.38413580E-04,-4.493632E+01,2.827552E+03,2.647156E-08,3.040208E-07,0,0,0,0
Rh_4d32,96,1.51612748E-04,-4.495925E+01,2.434297E+03,3.229119E-08,3.637955E-07,0,0,0,0
Rh_4d32,97,1.66061904E-04,-4.496400E+01,2.146746E+03,3.927736E-08,4.352633E-07,0,0,0,0
Rh_4d32,98,1.81878167E-04,-4.496280E+01,1.910505E+03,4.768903E-08,5.207030E-07,0,0,0,0
Rh_4d32,99,1.99189447E-04,-4.495974E+01,1.703669E+03,5.784341E-08,6.228256E-07,0,0,0,0
Rh_4d32,100,2.18135417E-04,-4.495597E+01,1.518109E+03,7.012846E-08,7.448635E-07,0,0,0,0
Rh_4d32,101,2.38868560E-04,-4.495175E+01,1.350511E+03,8.501916E-08,8.906710E-07,0,0,0,0
Rh_4d32,102,2.61555319E-04,-4.494711E+01,1.199024E+03,1.030982E-07,1.064842E-06,0,0,0,0
Rh_4d32,103,2.86377324E-04,-4.494204E+01,1.062225E+03,1.250819E-07,1.272848E-06,0,0,0,0
Rh_4d32,104,3.13532746E-04,-4.493647E+01,9.388536E+02,1.518525E-07,1.521205E-06,0,0,0,0
Rh_4d32,105,3.43237752E-04,-4.493038E+01,8.277589E+02,1.844985E-07,1.817671E-06,0,0,0,0
Rh_4d32,106,3.75728075E-04,-4.492370E+01,7.278826E+02,2.243655E-07,2.171472E-06,0,0,0,0
Rh_4d32,107,4.11260733E-04,-4.491640E+01,6.382505E+02,2.731196E-07,2.593582E-06,0,0,0,0
Rh_4d32,108,4.50115867E-04,-4.490839E+01,5.579650E+02,3.328273E-07,3.097046E-06,0,0,0,0
Rh_4d32,109,4.92598745E-04,-4.489963E+01,4.861979E+02,4.060558E-07,3.697360E-06,0,0,0,0
Rh_4d32,110,5.39041925E-04,-4.489004E+01,4.221839E+02,4.959997E-07,4.412924E-06,0,0,0,0
Rh_4d32,111,5.89807581E-04,-4.487954E+01,3.652153E+02,6.066402E-07,5.265572E-06,0,0,0,0
Rh_4d32,112,6.45290023E-04,-4.486804E+01,3.146370E+02,7.429461E-07,6.281201E-06,0,0,0,0
Rh_4d32,113,7.05918418E-04,-4.485546E+01,2.698426E+02,9.111283E-07,7.490501E-06,0,0,0,0
Rh_4d32,114,7.72159708E-04,-4.484170E+01,2.302707E+02,1.118960E-06,8.929819E-06,0,0,0,0
Rh_4d32,115,8.44521763E-04,-4.482664E+01,1.954018E+02,1.376184E-06,1.064217E-05,0,0,0,0
Rh_4d32,116,9.23556778E-04,-4.481017E+01,1.647560E+02,1.695024E-06,1.267843E-05,0,0,0,0
Rh_4d32,117,1.00986491E-03,-4.479215E+01,1.378902E+02,2.090835E-06,1.509869E-05,0,0,0,0
Rh_4d32,118,1.10409819E-03,-4.477245E+01,1.143972E+02,2.582924E-06,1.797391E-05,0,0,0,0
Rh_4d32,119,1.20696472E-03,-4.475091E+01,9.390273E+01,3.195592E-06,2.138775E-05,0,0,0,0
Rh_4d32,120,1.31923320E-03,-4.472735E+01,7.606492E+01,3.959447E-06,2.543879E-05,0,0,0,0
Rh_4d32,121,1.44173773E-03,-4.470161E+01,6.057219E+01,4.913065E-06,3.024303E-05,0,0,0,0
Rh_4d32,122,1.57538293E-03,-4.467349E+01,4.714199E+01,6.105099E-06,3.593683E-05,0,0,0,0
Rh_4d32,123,1.72114953E-03,-4.464276E+01,3.551929E+01,7.596926E-06,4.268028E-05,0,0,0,0
Rh_4d32,124,1.88010018E-03,-4.460920E+01,2.547503E+01,9.466008E-06,5.066105E-05,0,0,0,0
Rh_4d32,125,2.05338577E-03,-4.457255E+01,1.680455E+01,1.181011E-05,6.009886E-05,0,0,0,0
Rh_4d32,126,2.24225204E-03,-4.453255E+01,9.325979E+00,1.475264E-05,7.125056E-05,0,0,0,0
Rh_4d32,127,2.44804675E-03,-4.448890E+01,2.878559E+00,1.844934E-05,8.441590E-05,0,0,0,0
Rh_4d32,128,2.67222716E-03,-4.444129E+01,-2.679054E+00,2.309668E-05,9.994405E-05,0,0,0,0
Rh_4d32,129,2.91636804E-03,-4.438938E+01,-7.470479E+00,2.894246E-05,1.182411E-04,0,0,0,0
Rh_4d32,130,3.18217011E-03,-4.433281E+01,-1.160328E+01,3.629898E-05,1.397780E-04,0,0,0,0
Rh_4d32,131,3.47146901E-03,-4.427118E+01,-1.517060E+01,4.555957E-05,1.651005E-04,0,0,0,0
Rh_4d32,132,3.78624466E-03,-4.420409E+01,-1.825274E+01,5.721914E-05,1.948387E-04,0,0,0,0
Rh_4d32,133,4.12863129E-03,-4.413109E+01,-2.091858E+01,7.189977E-05,2.297187E-04,0,0,0,0
Rh_4d32,134,4.50092781E-03,-4.405173E+01,-2.322706E+01,9.038240E-05,2.705749E-04,0,0,0,0
Rh_4d32,135,4.90560879E-03,-4.396549E+01,-2.522837E+01,1.136460E-04,3.183631E-04,0,0,0,0
Rh_4d32,136,5.34533597E-03,-4.387188E+01,-2.696512E+01,1.429160E-04,3.741751E-04,0,0,0,0
Rh_4d32,137,5.82297026E-03,-4.377034E+01,-2.847345E+01,1.797232E-04,4.392534E-04,0,0,0,0
Rh_4d32,138,6.34158424E-03,-4.366031E+01,-2.978387E+01,2.259768E-04,5.150069E-04,0,0,0,0
Rh_4d32,139,6.90447521E-03,-4.354120E+01,-3.092214E+01,2.840520E-04,6.030264E-04,0,0,0,0
Rh_4d32,140,7.51517875E-03,-4.341241E+01,-3.190999E+01,3.568976E-04,7.051004E-04,0,0,0,0
Rh_4d32,141,8.17748271E-03,-4.327333E+01,-3.276570E+01,4.481646E-04,8.232300E-04,0,0,0,0
Rh_4d32,142,8.89544175E-03,-4.312332E+01,-3.350467E+01,5.623607E-04,9.596418E-04,0,0,0,0
Rh_4d32,143,9.67339220E-03,-4.296174E+01,-3.413989E+01,7.050351E-04,1.116799E-03,0,0,0,0
Rh_4d32,144,1.05159675E-02,-4.278796E+01,-3.468230E+01,8.829964E-04,1.297409E-03,0,0,0,0
Rh_4d32,145,1.14281138E-02,-4.260133E+01,-3.514115E+01,1.104569E-03,1.504426E-03,0,0,0,0
Rh_4d32,146,1.24151062E-02,-4.240122E+01,-3.552423E+01,1.379892E-03,1.741046E-03,0,0,0,0
Rh_4d32,147,1.34825648E-02,-4.218700E+01,-3.583817E+01,1.721265E-03,2.010699E-03,0,0,0,0
Rh_4d32,148,1.46364718E-02,-4.195804E+01,-3.608860E+01,2.143541E-03,2.317021E-03,0,0,0,0
Rh_4d32,149,1.58831875E-02,-4.171373E+01,-3.628031E+01,2.664574E-03,2.663825E-03,0,0,0,0
Rh_4d32,150,1.72294681E-02,-4.145346E+01,-3.641736E+01,3.305711E-03,3.055050E-03,0,0,0,0
Rh_4d32,151,1.86824817E-02,-4.117665E+01,-3.650327E+01,4.092343E-03,3.494699E-03,0,0,0,0
Rh_4d32,152,2.02498260E-02,-4.088270E+01,-3.654102E+01,5.054485E-03,3.986749E-03,0,0,0,0
Rh_4d32,153,2.19395442E-02,-4.057105E+01,-3.653318E+01,6.227394E-03,4.535050E-03,0,0,0,0
Rh_4d32,154,2.37601426E-02,-4.024114E+01,-3.648197E+01,7.652197E-03,5.143198E-03,0,0,0,0
Rh_4d32,155,2.57206060E-02,-3.989244E+01,-3.638930E+01,9.376508E-03,5.814379E-03,0,0,0,0
Rh_4d32,156,2.78304141E-02,-3.952443E+01,-3.625686E+01,1.145500E-02,6.551198E-03,0,0,0,0
Rh_4d32,157,3.00995567E-02,-3.913670E+01,-3.608613E+01,1.394989E-02,7.355475E-03,0,0,0,0
Rh_4d32,158,3.25385485E-02,-3.872889E+01,-3.587850E+01,1.693127E-02,8.228036E-03,0,0,0,0
Rh_4d32,159,3.51584436E-02,-3.830076E+01,-3.563526E+01,2.047729E-02,9.168467E-03,0,0,0,0
Rh_4d32,160,3.79708483E-02,-3.785224E+01,-3.535767E+01,2.467396E-02,1.017487E-02,0,0,0,0
Rh_4d32,161,4.09879343E-02,-3.738337E+01,-3.504700E+01,2.961468E-02,1.124363E-02,0,0,0,0
Rh_4d32,162,4.42224493E-02,-3.689434E+01,-3.470451E+01,3.539928E-02,1.236913E-02,0,0,0,0
Rh_4d32,163,4.76877285E-02,-3.638540E+01,-3.433143E+01,4.213248E-02,1.354359E-02,0,0,0,0
Rh_4d32,164,5.13977028E-02,-3.585677E+01,-3.392888E+01,4.992173E-02,1.475681E-02,0,0,0,0
Rh_4d32,165,5.53669077E-02,-3.530861E+01,-3.349785E+01,5.887431E-02,1.599608E-02,0,0,0,0
Rh_4d32,166,5.96104891E-02,-3.474097E+01,-3.303916E+01,6.909357E-02,1.724613E-02,0,0,0,0
Rh_4d32,167,6.41442095E-02,-3.415384E+01,-3.255351E+01,8.067442E-02,1.848910E-02,0,0,0,0
Rh_4d32,168,6.89844506E-02,-3.354727E+01,-3.204155E+01,9.369790E-02,1.970475E-02,0,0,0,0
Rh_4d32,169,7.41482165E-02,-3.292147E+01,-3.150404E+01,1.082250E-01,2.087065E-02,0,0,0,0
Rh_4d32,170,7.96531339E-02,-3.227687E+01,-3.094192E+01,1.242899E-01,2.196258E-02,0,0,0,0
Rh_4d32,171,8.55174508E-02,-3.161418E+01,-3.035631E+01,1.418923E-01,2.295504E-02,0,0,0,0
Rh_4d32,172,9.17600344E-02,-3.093435E+01,-2.974858E+01,1.609904E-01,2.382185E-02,0,0,0,0
Rh_4d32,173,9.84003662E-02,-3.023849E+01,-2.912021E+01,1.814928E-01,2.453688E-02,0,0,0,0
Rh_4d32,174,1.05458536E-01,-2.952784E+01,-2.847275E+01,2.032519E-01,2.507488E-02,0,0,0,0
Rh_4d32,175,1.12955235E-01,-2.880360E+01,-2.780776E+01,2.260574E-01,2.541240E-02,0,0,0,0
Rh_4d32,176,1.20911745E-01,-2.806695E+01,-2.712668E+01,2.496321E-01,2.552869E-02,0,0,0,0
Rh_4d32,177,1.29349929E-01,-2.731905E+01,-2.643096E+01,2.736290E-01,2.540668E-02,0,0,0,0
Rh_4d32,178,1.38292216E-01,-2.656108E+01,-2.572201E+01,2.976313E-01,2.503384E-02,0,0,0,0
Rh_4d32,179,1.47761591E-01,-2.579442E+01,-2.500145E+01,3.211550E-01,2.440293E-02,0,0,0,0
Rh_4d32,180,1.57781575E-01,-2.502074E+01,-2.427114E+01,3.436553E-01,2.351261E-02,0,0,0,0
Rh_4d32,181,1.68376212E-01,-2.424207E+01,-2.353331E+01,3.645360E-01,2.236777E-02,0,0,0,0
Rh_4d32,182,1.79570046E-01,-2.346077E+01,-2.279043E+01,3.831615E-01,2.097961E-02,0,0,0,0
Rh_4d32,183,1.91388107E-01,-2.267915E+01,-2.204502E+01,3.988731E-01,1.936550E-02,0,0,0,0
Rh_4d32,184,2.03855884E-01,-2.189930E+01,-2.129925E+01,4.110065E-01,1.754864E-02,0,0,0,0
Rh_4d32,185,2.16999312E-01,-2.112282E+01,-2.055490E+01,4.189125E-01,1.555750E-02,0,0,0,0
Rh_4d32,186,2.30844738E-01,-2.035096E+01,-1.981333E+01,4.219787E-01,1.342512E-02,0,0,0,0
Rh_4d32,187,2.45418909E-01,-1.958502E+01,-1.907598E+01,4.196523E-01,1.118810E-02,0,0,0,0
Rh_4d32,188,2.60748939E-01,-1.882649E+01,-1.834443E+01,4.114619E-01,8.885442E-03,0,0,0,0
Rh_4d32,189,2.76862289E-01,-1.807748E+01,-1.762087E+01,3.970379E-01,6.557213E-03,0,0,0,0
Rh_4d32,190,2.93786740E-01,-1.734037E+01,-1.690779E+01,3.761290E-01,4.243154E-03,0,0,0,0
Rh_4d32,191,3.11550369E-01,-1.661780E+01,-1.620790E+01,3.486157E-01,1.981427E-03,0,0,0,0
Rh_4d32,192,3.30181523E-01,-1.591224E+01,-1.552374E+01,3.145182E-01,-1.924925E-04,0,0,0,0
Rh_4d32,193,3.49708788E-01,-1.522575E+01,-1.485743E+01,2.740007E-01,-2.246671E-03,0,0,0,0
Rh_4d32,194,3.70160971E-01,-1.455967E+01,-1.421041E+01,2.273707E-01,-4.153350E-03,0,0,0,0
Rh_4d32,195,3.91567070E-01,-1.391461E+01,-1.358333E+01,1.750743E-01,-5.889366E-03,0,0,0,0
Rh_4d32,196,4.13956246E-01,-1.329038E+01,-1.297606E+01,1.176882E-01,-7.436426E-03,0,0,0,0
Rh_4d32,197,4.37357801E-01,-1.268624E+01,-1.238794E+01,5.590675E-02,-8.781262E-03,0,0,0,0
Rh_4d32,198,4.61801153E-01,-1.210111E+01,-1.181793E+01,-9.473347E-03,-9.915684E-03,0,0,0,0
Rh_4d32,199,4.87315808E-01,-1.153392E+01,-1.126502E+01,-7.757291E-02,-1.083654E-02,0,0,0,0
Rh_4d32,200,5.13931339E-01,-1.098404E+01,-1.072861E+01,-1.474527E-01,-1.154551E-02,0,0,0,0
Rh_4d32,201,5.41677359E-01,-1.045133E+01,-1.020862E+01,-2.181383E-01,-1.204878E-02,0,0,0,0
Rh_4d32,202,5.70583501E-01,-9.936309E+00,-9.705612E+00,-2.886456E-01,-1.235644E-02,0,0,0,0
Rh_4d32,203,6.00679395E-01,-9.439808E+00,-9.220450E+00,-3.580056E-01,-1.248178E-02,0,0,0,0
Rh_4d32,204,6.31994644E-01,-8.962447E+00,-8.753789E+00,-4.252872E-01,-1.244057E-02,0,0,0,0
Rh_4d32,205,6.64558806E-01,-8.504099E+00,-8.305540E+00,-4.896173E-01,-1.225027E-02,0,0,0,0
Rh_4d32,206,6.98401370E-01,-8.063714E+00,-7.874691E+00,-5.501976E-01,-1.192958E-02,0,0,0,0
Rh_4d32,207,7.33551743E-01,-7.639614E+00,-7.459600E+00,-6.063212E-01,-1.149796E-02,0,0,0,0
Rh_4d32,208,7.70039224E-01,-7.230092E+00,-7.058590E+00,-6.573867E-01,-1.097526E-02,0,0,0,0
Rh_4d32,209,8.07892992E-01,-6.833761E+00,-6.670306E+00,-7.029100E-01,-1.038132E-02,0,0,0,0
Rh_4d32,210,8.47142087E-01,-6.450021E+00,-6.294174E+00,-7.425337E-01,-9.735402E-03,0,0,0,0
Rh_4d32,211,8.87815393E-01,-6.078773E+00,-5.930120E+00,-7.760306E-01,-9.055685E-03,0,0,0,0
Rh_4d32,212,9.29941626E-01,-5.720469E+00,-5.578619E+00,-8.033025E-01,-8.358801E-03,0,0,0,0
Rh_4d32,213,9.73549318E-01,-5.375815E+00,-5.240402E+00,-8.243742E-01,-7.659450E-03,0,0,0,0
Rh_4d32,214,1.01866680E+00,-5.045607E+00,-4.916284E+00,-8.393819E-01,-6.970164E-03,0,0,0,0
Rh_4d32,215,1.06532220E+00,-4.730582E+00,-4.607023E+00,-8.485596E-01,-6.301240E-03,0,0,0,0
Rh_4d32,216,1.11354343E+00,-4.431322E+00,-4.313220E+00,-8.522222E-01,-5.660763E-03,0,0,0,0
Rh_4d32,217,1.16335815E+00,-4.148201E+00,-4.035268E+00,-8.507487E-01,-5.054722E-03,0,0,0,0
Rh_4d32,218,1.21479379E+00,-3.881358E+00,-3.773322E+00,-8.445644E-01,-4.487245E-03,0,0,0,0
Rh_4d32,219,1.26787754E+00,-3.630724E+00,-3.527330E+00,-8.341256E-01,-3.960829E-03,0,0,0,0
Rh_4d32,220,1.32263631E+00,-3.396024E+00,-3.297031E+00,-8.199044E-01,-3.476603E-03,0,0,0,0
Rh_4d32,221,1.37909677E+00,-3.176817E+00,-3.081996E+00,-8.023766E-01,-3.034589E-03,0,0,0,0
Rh_4d32,222,1.43728528E+00,-2.972548E+00,-2.881687E+00,-7.820112E-01,-2.633937E-03,0,0,0,0
Rh_4d32,223,1.49722796E+00,-2.782548E+00,-2.695444E+00,-7.592616E-01,-2.273142E-03,0,0,0,0
Rh_4d32,224,1.55895062E+00,-2.606110E+00,-2.522574E+00,-7.345599E-01,-1.950230E-03,0,0,0,0
Rh_4d32,225,1.62247878E+00,-2.442473E+00,-2.362325E+00,-7.083116E-01,-1.662911E-03,0,0,0,0
Rh_4d32,226,1.68783768E+00,-2.290872E+00,-2.213944E+00,-6.808928E-01,-1.408711E-03,0,0,0,0
Rh_4d32,227,1.75505224E+00,-2.150546E+00,-2.076677E+00,-6.526482E-01,-1.185066E-03,0,0,0,0
Rh_4d32,228,1.82414712E+00,-2.020748E+00,-1.949787E+00,-6.238906E-01,-9.894088E-04,0,0,0,0
Rh_4d32,229,1.89514662E+00,-1.900750E+00,-1.832557E+00,-5.949007E-01,-8.192225E-04,0,0,0,0
Rh_4d32,230,1.96807478E+00,-1.789858E+00,-1.724297E+00,-5.659284E-01,-6.720868E-04,0,0,0,0
Rh_4d32,231,2.04295531E+00,-1.687406E+00,-1.624351E+00,-5.371933E-01,-5.457097E-04,0,0,0,0
Rh_4d32,232,2.11981162E+00,-1.592763E+00,-1.532096E+00,-5.088874E-01,-4.379522E-04,0,0,0,0
Rh_4d32,233,2.19866681E+00,-1.507401E+00,-1.449009E+00,-4.811756E-01,-3.466937E-04,0,0,0,0
Rh_4d32,234,2.27954366E+00,-1.432604E+00,-1.376377E+00,-4.541933E-01,-2.697262E-04,0,0,0,0
Rh_4d32,235,2.36246467E+00,-1.367349E+00,-1.313187E+00,-4.280442E-01,-2.049675E-04,0,0,0,0
Rh_4d32,236,2.44745199E+00,-1.310668E+00,-1.258476E+00,-4.028045E-01,-1.506175E-04,0,0,0,0
Rh_4d32,237,2.53452750E+00,-1.261654E+00,-1.211340E+00,-3.785269E-01,-1.051255E-04,0,0,0,0
Rh_4d32,238,2.62371274E+00,-1.219458E+00,-1.170937E+00,-3.552449E-01,-6.716267E-05,0,0,0,0
Rh_4d32,239,2.71502897E+00,-1.183295E+00,-1.136486E+00,-3.329759E-01,-3.559519E-05,0,0,0,0
Rh_4d32,240,2.80849713E+00,-1.152443E+00,-1.107269E+00,-3.117245E-01,-9.459815E-06,0,0,0,0
Rh_4d32,241,2.90413787E+00,-1.126241E+00,-1.082630E+00,-2.914848E-01,1.205967E-05,0,0,0,0
Rh_4d32,242,3.00197152E+00,-1.104092E+00,-1.061975E+00,-2.722432E-01,2.965367E-05,0,0,0,0
Rh_4d32,243,3.10201813E+00,-1.085456E+00,-1.044767E+00,-2.539796E-01,4.390573E-05,0,0,0,0
Rh_4d32,244,3.20429744E+00,-1.069848E+00,-1.030525E+00,-2.366698E-01,5.530930E-05,0,0,0,0
Rh_4d32,245,3.30882892E+00,-1.056837E+00,-1.018822E+00,-2.202859E-01,6.428218E-05,0,0,0,0
Rh_4d32,246,3.41563171E+00,-1.046044E+00,-1.009280E+00,-2.047980E-01,7.117895E-05,0,0,0,0
Rh_4d32,247,3.52472471E+00,-1.037132E+00,-1.001567E+00,-1.901746E-01,7.630152E-05,0,0,0,0
Rh_4d32,248,3.63612649E+00,-1.029809E+00,-9.953923E-01,-1.763836E-01,7.990799E-05,0,0,0,0
Rh_4d32,249,3.74985537E+00,-1.023820E+00,-9.905046E-01,-1.633924E-01,8.221998E-05,0,0,0,0
Rh_4d32,250,3.86592937E+00,-1.018947E+00,-9.866865E-01,-1.511687E-01,8.342876E-05,0,0,0,0
Rh_4d32,251,3.98436626E+00,-1.015001E+00,-9.837521E-01,-1.396801E-01,8.370019E-05,0,0,0,0
Rh_4d32,252,4.10518351E+00,-1.011821E+00,-9.815429E-01,-1.288952E-01,8.317888E-05,0,0,0,0
Rh_4d32,253,4.22839834E+00,-1.009271E+00,-9.799248E-01,-1.187829E-01,8.199142E-05,0,0,0,0
Rh_4d32,254,4.35402770E+00,-1.007237E+00,-9.787848E-01,-1.093128E-01,8.024909E-05,0,0,0,0
Rh_4d32,255,4.48208827E+00,-1.005622E+00,-9.780288E-01,-1.004555E-01,7.805002E-05,0,0,0,0
Rh_4d32,256,4.61259649E+00,-1.004346E+00,-9.775784E-01,-9.218217E-02,7.548094E-05,0,0,0,0
Rh_4d32,257,4.74556853E+00,-1.003344E+00,-9.773689E-01,-8.446474E-02,7.261858E-05,0,0,0,0
Rh_4d32,258,4.88102031E+00,-1.002560E+00,-9.773473E-01,-7.727598E-02,6.953083E-05,0,0,0,0
Rh_4d32,259,5.01896752E+00,-1.001950E+00,-9.774707E-01,-7.058942E-02,6.627765E-05,0,0,0,0
Rh_4d32,260,5.15942559E+00,-1.001479E+00,-9.777040E-01,-6.437930E-02,6.291194E-05,0,0,0,0
Rh_4d32,261,5.30240972E+00,-1.001115E+00,-9.780192E-01,-5.862062E-02,5.948010E-05,0,0,0,0
Rh_4d32,262,5.44793486E+00,-1.000837E+00,-9.783940E-01,-5.328908E-02,5.602268E-05,0,0,0,0
Rh_4d32,263,5.59601573E+00,-1.000625E+00,-9.788109E-01,-4.836113E-02,5.257485E-05,0,0,0,0
Rh_4d32,264,5.74666685E+00,-1.000464E+00,-9.792558E-01,-4.381390E-02,4.916683E-05,0,0,0,0
Rh_4d32,265,5.89990247E+00,-1.000343E+00,-9.797182E-01,-3.962526E-02,4.582434E-05,0,0,0,0
Rh_4d32,266,6.05573665E+00,-1.000252E+00,-9.801897E-01,-3.577377E-02,4.256897E-05,0,0,0,0
Rh_4d32,267,6.21418324E+00,-1.000185E+00,-9.806640E-01,-3.223872E-02,3.941848E-05,0,0,0,0
Rh_4d32,268,6.37525583E+00,-1.000134E+00,-9.811364E-01,-2.900012E-02,3.638721E-05,0,0,0,0
Rh_4d32,269,6.53896785E+00,-1.000097E+00,-9.816035E-01,-2.603873E-02,3.348638E-05,0,0,0,0
Rh_4d32,270,6.70533249E+00,-1.000070E+00,-9.820627E-01,-2.333604E-02,3.072437E-05,0,0,0,0
Rh_4d32,271,6.87436275E+00,-1.000050E+00,-9.825123E-01,-2.087426E-02,2.810701E-05,0,0,0,0
Rh_4d32,272,7.04607142E+00,-1.000036E+00,-9.829511E-01,-1.863639E-02,2.563791E-05,0,0,0,0
Rh_4d32,273,7.22047112E+00,-1.000025E+00,-9.833784E-01,-1.660618E-02,2.331867E-05,0,0,0,0
Rh_4d32,274,7.39757424E+00,-1.000018E+00,-9.837936E-01,-1.476813E-02,2.114917E-05,0,0,0,0
Rh_4d32,275,7.57739300E+00,-1.000013E+00,-9.841968E-01,-1.310750E-02,1.912778E-05,0,0,0,0
Rh_4d32,276,7.75993943E+00,-1.000009E+00,-9.845877E-01,-1.161033E-02,1.725161E-05,0,0,0,0
Rh_4d32,277,7.94522537E+00,-1.000006E+00,-9.849667E-01,-1.026339E-02,1.551668E-05,0,0,0,0
Rh_4d32,278,8.13326250E+00,-1.000004E+00,-9.853338E-01,-9.054209E-03,1.391816E-05,0,0,0,0
Rh_4d32,279,8.32406229E+00,-1.000003E+00,-9.856894E-01,-7.971057E-03,1.245051E-05,0,0,0,0
Rh_4d32,280,8.51763607E+00,-1.000002E+00,-9.860338E-01,-7.002924E-03,1.110765E-05,0,0,0,0
Rh_4d32,281,8.71399497E+00,-1.000001E+00,-9.863674E-01,-6.139510E-03,9.883109E-06,0,0,0,0
Rh_4d32,282,8.91314998E+00,-1.000001E+00,-9.866904E-01,-5.371205E-03,8.770163E-06,0,0,0,0
Rh_4d32,283,9.11511189E+00,-1.000001E+00,-9.870033E-01,-4.689069E-03,7.761929E-06,0,0,0,0
Rh_4d32,284,9.31989135E+00,-1.000000E+00,-9.873064E-01,-4.084809E-03,6.851479E-06,0,0,0,0
Rh_4d32,285,9.52749887E+00,-1.000000E+00,-9.876000E-01,-3.550755E-03,6.031926E-06,0,0,0,0
Rh_4d32,286,9.73794475E+00,-1.000000E+00,-9.878846E-01,-3.079835E-03,5.296493E-06,0,0,0,0
Rh_4d32,287,9.95123920E+00,-1.000000E+00,-9.881604E-01,-2.665543E-03,4.638580E-06,0,0,0,0
Rh_4d32,288,1.01673922E+01,-1.000000E+00,-9.884277E-01,-2.301918E-03,4.051807E-06,0,0,0,0
Rh_4d32,289,1.03864137E+01,-1.000000E+00,-9.886870E-01,-1.983510E-03,3.530062E-06,0,0,0,0
Rh_4d32,290,1.06083134E+01,-1.000000E+00,-9.889384E-01,-1.705350E-03,3.067525E-06,0,0,0,0
Rh_4d32,291,1.08331008E+01,-1.000000E+00,-9.891823E-01,-1.462926E-03,2.658692E-06,0,0,0,0
Rh_4d32,292,1.10607855E+01,-1.000000E+00,-9.894189E-01,-1.252148E-03,2.298391E-06,0,0,0,0
Rh_4d32,293,1.12913768E+01,-1.000000E+00,-9.896486E-01,-1.069321E-03,1.981789E-06,0,0,0,0
Rh_4d32,294,1.15248837E+01,-1.000000E+00,-9.898715E-01,-9.111199E-04,1.704393E-06,0,0,0,0
Rh_4d32,295,1.17613155E+01,-1.000000E+00,-9.900879E-01,-7.745561E-04,1.462049E-06,0,0,0,0
Rh_4d32,296,1.20006809E+01,-1.000000E+00,-9.902981E-01,-6.569551E-04,1.250937E-06,0,0,0,0
Rh_4d32,297,1.22429888E+01,-1.000000E+00,-9.905022E-01,-5.559293E-04,1.067556E-06,0,0,0,0
Rh_4d32,298,1.24882478E+01,-1.000000E+00,-9.907006E-01,-4.693537E-04,9.087164E-07,0,0,0,0
Rh_4d32,299,1.27364664E+01,-1.000000E+00,-9.908933E-01,-3.953426E-04,7.715234E-07,0,0,0,0
Rh_4d32,300,1.29876532E+01,-1.000000E+00,-9.910806E-01,-3.322276E-04,6.533611E-07,0,0,0,0
Rh_4d32,301,1.32418163E+01,-1.000000E+00,-9.912626E-01,-2.785367E-04,5.518755E-07,0,0,0,0
Rh_4d32,302,1.34989639E+01,-1.000000E+00,-9.914397E-01,-2.329754E-04,4.649571E-07,0,0,0,0
Rh_4d32,303,1.37591042E+01,-1.000000E+00,-9.916118E-01,-1.944084E-04,3.907227E-07,0,0,0,0
Rh_4d32,304,1.40222450E+01,-1.000000E+00,-9.917793E-01,-1.618428E-04,3.274978E-07,0,0,0,0
Rh_4d32,305,1.42883942E+01,-1.000000E+00,-9.919422E-01,-1.344133E-04,2.737991E-07,0,0,0,0
Rh_4d32,306,1.45575596E+01,-1.000000E+00,-9.921007E-01,-1.113672E-04,2.283177E-07,0,0,0,0
Rh_4d32,307,1.48297487E+01,-1.000000E+00,-9.922550E-01,-9.205261E-05,1.899025E-07,0,0,0,0
Rh_4d32,308,1.51049691E+01,-1.000000E+00,-9.924052E-01,-7.590580E-05,1.575452E-07,0,0,0,0
Rh_4d32,309,1.53832281E+01,-1.000000E+00,-9.925514E-01,-6.244113E-05,1.303654E-07,0,0,0,0
Rh_4d32,310,1.56645332E+01,-1.000000E+00,-9.926937E-01,-5.124134E-05,1.075976E-07,0,0,0,0
Rh_4d32,311,1.59488914E+01,-1.000000E+00,-9.928324E-01,-4.194895E-05,8.857777E-08,0,0,0,0
Rh_4d32,312,1.62363100E+01,-1.000000E+00,-9.929675E-01,-3.425861E-05,7.273254E-08,0,0,0,0
Rh_4d32,313,1.65267960E+01,-1.000000E+00,-9.930991E-01,-2.791023E-05,5.956813E-08,0,0,0,0
Rh_4d32,314,1.68203562E+01,-1.000000E+00,-9.932274E-01,-2.268294E-05,4.866087E-08,0,0,0,0
Rh_4d32,315,1.71169975E+01,-1.000000E+00,-9.933524E-01,-1.838972E-05,3.964842E-08,0,0,0,0
Rh_4d32,316,1.74167266E+01,-1.000000E+00,-9.934742E-01,-1.487263E-05,3.222193E-08,0,0,0,0
Rh_4d32,317,1.77195502E+01,-1.000000E+00,-9.935931E-01,-1.199871E-05,2.611897E-08,0,0,0,0
Rh_4d32,318,1.80254749E+01,-1.000000E+00,-9.937089E-01,-9.656362E-06,2.111732E-08,0,0,0,0
Rh_4d32,319,1.83345071E+01,-1.000000E+00,-9.938219E-01,-7.752142E-06,1.702939E-08,0,0,0,0
Rh_4d32,320,1.86466532E+01,-1.000000E+00,-9.939321E-01,-6.208073E-06,1.369734E-08,0,0,0,0
Rh_4d32,321,1.89619196E+01,-1.000000E+00,-9.940397E-01,-4.959255E-06,1.098879E-08,0,0,0,0
Rh_4d32,322,1.92803124E+01,-1.000000E+00,-9.941446E-01,-3.951831E-06,8.793034E-09,0,0,0,0
Rh_4d32,323,1.96018378E+01,-1.000000E+00,-9.942470E-01,-3.141234E-06,7.017823E-09,0,0,0,0
Rh_4d32,324,1.99265018E+01,-1.000000E+00,-9.943470E-01,-2.490691E-06,5.586503E-09,0,0,0,0
Rh_4d32,325,2.02543106E+01,-1.000000E+00,-9.944446E-01,-1.969950E-06,4.435584E-09,0,0,0,0
Rh_4d32,326,2.05852698E+01,-1.000000E+00,-9.945399E-01,-1.554189E-06,3.512644E-09,0,0,0,0
Rh_4d32,327,2.09193855E+01,-1.000000E+00,-9.946330E-01,-1.223105E-06,2.774527E-09,0,0,0,0
Rh_4d32,328,2.12566633E+01,-1.000000E+00,-9.947238E-01,-9.601372E-07,2.185822E-09,0,0,0,0
Rh_4d32,329,2.15971089E+01,-1.000000E+00,-9.948126E-01,-7.518134E-07,1.717555E-09,0,0,0,0
Rh_4d32,330,2.19407280E+01,-1.000000E+00,-9.948994E-01,-5.872083E-07,1.346095E-09,0,0,0,0
Rh_4d32,331,2.22875261E+01,-1.000000E+00,-9.949842E-01,-4.574860E-07,1.052226E-09,0,0,0,0
Rh_4d32,332,2.26375086E+01,-1.000000E+00,-9.950670E-01,-3.555208E-07,8.203708E-10,0,0,0,0
Rh_4d32,333,2.29906811E+01,-1.000000E+00,-9.951480E-01,-2.755827E-07,6.379375E-10,0,0,0,0
Rh_4d32,334,2.33470488E+01,-1.000000E+00,-9.952271E-01,-2.130771E-07,4.947798E-10,0,0,0,0
Rh_4d32,335,2.37066169E+01,-1.000000E+00,-9.953045E-01,-1.643303E-07,3.827463E-10,0,0,0,0
Rh_4d32,336,2.40693908E+01,-1.000000E+00,-9.953802E-01,-1.264134E-07,2.953074E-10,0,0,0,0
Rh_4d32,337,2.44353755E+01,-1.000000E+00,-9.954542E-01,-9.699763E-08,2.272485E-10,0,0,0,0
Rh_4d32,338,2.48045762E+01,-1.000000E+00,-9.955266E-01,-7.423696E-08,1.744177E-10,0,0,0,0
Rh_4d32,339,2.51769978E+01,-1.000000E+00,-9.955975E-01,-5.667201E-08,1.335186E-10,0,0,0,0
Rh_4d32,340,2.55526454E+01,-1.000000E+00,-9.956668E-01,-4.315238E-08,1.019422E-10,0,0,0,0
Rh_4d32,341,2.59315238E+01,-1.000000E+00,-9.957346E-01,-3.277382E-08,7.762946E-11,0,0,0,0
Rh_4d32,342,2.63136378E+01,-1.000000E+00,-9.958009E-01,-2.482755E-08,5.896011E-11,0,0,0,0
Rh_4d32,343,2.66989923E+01,-1.000000E+00,-9.958659E-01,-1.875961E-08,4.466307E-11,0,0,0,0
Rh_4d32,344,2.70875920E+01,-1.000000E+00,-9.959295E-01,-1.413823E-08,3.374399E-11,0,0,0,0
Rh_4d32,345,2.74794416E+01,-1.000000E+00,-9.959917E-01,-1.062788E-08,2.542736E-11,0,0,0,0
Rh_4d32,346,2.78745456E+01,-1.000000E+00,-9.960527E-01,-7.968500E-09,1.911006E-11,0,0,0,0
Rh_4d32,347,2.82729086E+01,-1.000000E+00,-9.961124E-01,-5.959141E-09,1.432445E-11,0,0,0,0
Rh_4d32,348,2.86745352E+01,-1.000000E+00,-9.961709E-01,-4.444946E-09,1.070899E-11,0,0,0,0
Rh_4d32,349,2.90794298E+01,-1.000000E+00,-9.962282E-01,-3.306920E-09,7.984951E-12,0,0,0,0
Rh_4d32,350,2.94875968E+01,-1.000000E+00,-9.962843E-01,-2.453883E-09,5.938119E-12,0,0,0,0
Rh_4d32,351,2.98990405E+01,-1.000000E+00,-9.963393E-01,-1.816166E-09,4.404306E-12,0,0,0,0
Rh_4d32,352,3.03137653E+01,-1.000000E+00,-9.963931E-01,-1.340687E-09,3.258046E-12,0,0,0,0
Rh_4d32,353,3.07317755E+01,-1.000000E+00,-9.964459E-01,-9.871166E-10,2.403739E-12,0,0,0,0
Rh_4d32,354,3.11530752E+01,-1.000000E+00,-9.964977E-01,-7.248983E-10,1.768751E-12,0,0,0,0
Rh_4d32,355,3.15776686E+01,-1.000000E+00,-9.965484E-01,-5.309482E-10,1.298061E-12,0,0,0,0
Rh_4d32,356,3.20055597E+01,-1.000000E+00,-9.965982E-01,-3.878755E-10,9.501043E-13,0,0,0,0
Rh_4d32,357,3.24367528E+01,-1.000000E+00,-9.966469E-01,-2.826158E-10,6.935769E-13,0,0,0,0
Rh_4d32,358,3.28712517E+01,-1.000000E+00,-9.966947E-01,-2.053825E-10,5.049686E-13,0,0,0,0
Rh_4d32,359,3.33090605E+01,-1.000000E+00,-9.967416E-01,-1.488647E-10,3.666736E-13,0,0,0,0
Rh_4d32,360,3.37501832E+01,-1.000000E+00,-9.967877E-01,-1.076169E-10,2.657889E-13,0,0,0,0
Rh_4d32,361,3.41946235E+01,-1.000000E+00,-9.968328E-01,-7.759405E-11,1.912565E-13,0,0,0,0
Rh_4d52,0,2.22222222E-08,-1.426115E-02,5.625436E+06,9.033357E-21,-1.346309E-25,0,0,0,0
Rh_4d52,1,2.43686888E-08,-1.563865E-02,5.129949E+06,1.188137E-20,-1.945294E-25,0,0,0,0
Rh_4d52,2,2.67224847E-08,-1.714921E-02,4.678106E+06,1.564207E-20,-2.808966E-25,0,0,0,0
Rh_4d52,3,2.93035852E-08,-1.880563E-02,4.266069E+06,2.060542E-20,-4.056255E-25,0,0,0,0
Rh_4d52,4,3.21339917E-08,-2.062205E-02,3.890324E+06,2.715390E-20,-5.858926E-25,0,0,0,0
Rh_4d52,5,3.52377847E-08,-2.261392E-02,3.547675E+06,3.579200E-20,-8.465144E-25,0,0,0,0
Rh_4d52,6,3.86413030E-08,-2.479813E-02,3.235212E+06,4.718502E-20,-1.223355E-24,0,0,0,0
Rh_4d52,7,4.23735575E-08,-2.719331E-02,2.950269E+06,6.221037E-20,-1.768276E-24,0,0,0,0
Rh_4d52,8,4.64662192E-08,-2.981978E-02,2.690429E+06,8.202497E-20,-2.556243E-24,0,0,0,0
Rh_4d52,9,5.09540830E-08,-3.269988E-02,2.453478E+06,1.081545E-19,-3.695654E-24,0,0,0,0
Rh_4d52,10,5.58753999E-08,-3.585814E-02,2.237396E+06,1.426107E-19,-5.343275E-24,0,0,0,0
Rh_4d52,11,6.12719276E-08,-3.932137E-02,2.040350E+06,1.880463E-19,-7.725715E-24,0,0,0,0
Rh_4d52,12,6.71896597E-08,-4.311908E-02,1.860658E+06,2.479594E-19,-1.117073E-23,0,0,0,0
Rh_4d52,13,7.36788069E-08,-4.728350E-02,1.696794E+06,3.269619E-19,-1.615209E-23,0,0,0,0
Rh_4d52,14,8.07945326E-08,-5.185002E-02,1.547365E+06,4.311355E-19,-2.335491E-23,0,0,0,0
Rh_4d52,15,8.85974782E-08,-5.685758E-02,1.411096E+06,5.684995E-19,-3.376998E-23,0,0,0,0
Rh_4d52,16,9.71538449E-08,-6.234864E-02,1.286830E+06,7.496271E-19,-4.882948E-23,0,0,0,0
Rh_4d52,17,1.06536364E-07,-6.836988E-02,1.173510E+06,9.884597E-19,-7.060440E-23,0,0,0,0
Rh_4d52,18,1.16824785E-07,-7.497249E-02,1.070172E+06,1.303380E-18,-1.020891E-22,0,0,0,0
Rh_4d52,19,1.28106557E-07,-8.221258E-02,9.759356E+05,1.718625E-18,-1.476131E-22,0,0,0,0
Rh_4d52,20,1.40477809E-07,-9.015183E-02,8.899979E+05,2.266155E-18,-2.134374E-22,0,0,0,0
Rh_4d52,21,1.54043217E-07,-9.885743E-02,8.116309E+05,2.988104E-18,-3.086102E-22,0,0,0,0
Rh_4d52,22,1.68918585E-07,-1.084037E-01,7.401649E+05,3.940034E-18,-4.462210E-22,0,0,0,0
Rh_4d52,23,1.85229766E-07,-1.188714E-01,6.749944E+05,5.195191E-18,-6.451844E-22,0,0,0,0
Rh_4d52,24,2.03115995E-07,-1.303499E-01,6.155626E+05,6.850165E-18,-9.328625E-22,0,0,0,0
Rh_4d52,25,2.22728585E-07,-1.429362E-01,5.613661E+05,9.032284E-18,-1.348793E-21,0,0,0,0
Rh_4d52,26,2.44234514E-07,-1.567376E-01,5.119427E+05,1.190945E-17,-1.950159E-21,0,0,0,0
Rh_4d52,27,2.67816518E-07,-1.718713E-01,4.668719E+05,1.570300E-17,-2.819628E-21,0,0,0,0
Rh_4d52,28,2.93674455E-07,-1.884656E-01,4.257711E+05,2.070479E-17,-4.076690E-21,0,0,0,0
Rh_4d52,29,3.22029000E-07,-2.066620E-01,3.882891E+05,2.729959E-17,-5.894177E-21,0,0,0,0
Rh_4d52,30,3.53119360E-07,-2.266141E-01,3.541092E+05,3.599463E-17,-8.521766E-21,0,0,0,0
Rh_4d52,31,3.87210673E-07,-2.484919E-01,3.229392E+05,4.745871E-17,-1.232064E-20,0,0,0,0
Rh_4d52,32,4.24592535E-07,-2.724814E-01,2.945141E+05,6.257357E-17,-1.781287E-20,0,0,0,0
Rh_4d52,33,4.65581675E-07,-2.987857E-01,2.685925E+05,8.250153E-17,-2.575301E-20,0,0,0,0
Rh_4d52,34,5.10526032E-07,-3.276282E-01,2.449539E+05,1.087750E-16,-3.723198E-20,0,0,0,0
Rh_4d52,35,5.59808063E-07,-3.592541E-01,2.233969E+05,1.434142E-16,-5.382710E-20,0,0,0,0
Rh_4d52,36,6.13844178E-07,-3.939307E-01,2.037388E+05,1.890823E-16,-7.781740E-20,0,0,0,0
Rh_4d52,37,6.73095020E-07,-4.319535E-01,1.858117E+05,2.492902E-16,-1.124992E-19,0,0,0,0
Rh_4d52,38,7.38061153E-07,-4.736436E-01,1.694638E+05,3.286658E-16,-1.626345E-19,0,0,0,0
Rh_4d52,39,8.09294905E-07,-5.193552E-01,1.545557E+05,4.333103E-16,-2.351095E-19,0,0,0,0
Rh_4d52,40,8.87400674E-07,-5.694762E-01,1.409606E+05,5.712660E-16,-3.398767E-19,0,0,0,0
Rh_4d52,41,9.73041115E-07,-6.244313E-01,1.285629E+05,7.531344E-16,-4.913216E-19,0,0,0,0
Rh_4d52,42,1.06694090E-06,-6.846855E-01,1.172574E+05,9.928891E-16,-7.102329E-19,0,0,0,0
Rh_4d52,43,1.16989756E-06,-7.507500E-01,1.069478E+05,1.308950E-15,-1.026664E-18,0,0,0,0
Rh_4d52,44,1.28278253E-06,-8.231832E-01,9.754656E+04,1.725596E-15,-1.484043E-18,0,0,0,0
Rh_4d52,45,1.40655260E-06,-9.025987E-01,8.897370E+04,2.274829E-15,-2.145137E-18,0,0,0,0
Rh_4d52,46,1.54225798E-06,-9.896691E-01,8.115625E+04,2.998828E-15,-3.100667E-18,0,0,0,0
Rh_4d52,47,1.69104604E-06,-1.085129E+00,7.402790E+04,3.953185E-15,-4.481708E-18,0,0,0,0
Rh_4d52,48,1.85417702E-06,-1.189786E+00,6.752802E+04,5.211168E-15,-6.477694E-18,0,0,0,0
Rh_4d52,49,2.03303422E-06,-1.304525E+00,6.160130E+04,6.869344E-15,-9.362393E-18,0,0,0,0
Rh_4d52,50,2.22912879E-06,-1.430313E+00,5.619744E+04,9.054971E-15,-1.353130E-17,0,0,0,0
Rh_4d52,51,2.44412209E-06,-1.568210E+00,5.127046E+04,1.193577E-14,-1.955598E-17,0,0,0,0
Rh_4d52,52,2.67983341E-06,-1.719380E+00,4.677851E+04,1.573274E-14,-2.826217E-17,0,0,0,0
Rh_4d52,53,2.93825503E-06,-1.885093E+00,4.268343E+04,2.073715E-14,-4.084283E-17,0,0,0,0
Rh_4d52,54,3.22157153E-06,-2.066741E+00,3.895042E+04,2.733276E-14,-5.902135E-17,0,0,0,0
Rh_4d52,55,3.53218026E-06,-2.265849E+00,3.554776E+04,3.602530E-14,-8.528752E-17,0,0,0,0
Rh_4d52,56,3.87270272E-06,-2.484082E+00,3.244656E+04,4.748107E-14,-1.232372E-16,0,0,0,0
Rh_4d52,57,4.24601843E-06,-2.723267E+00,2.962045E+04,6.257804E-14,-1.780646E-16,0,0,0,0
Rh_4d52,58,4.65527750E-06,-2.985394E+00,2.704545E+04,8.247287E-14,-2.572707E-16,0,0,0,0
Rh_4d52,59,5.10393592E-06,-3.272641E+00,2.469970E+04,1.086895E-13,-3.716876E-16,0,0,0,0
Rh_4d52,60,5.59577840E-06,-3.587386E+00,2.256327E+04,1.432353E-13,-5.369553E-16,0,0,0,0
Rh_4d52,61,6.13495341E-06,-3.932222E+00,2.061803E+04,1.887551E-13,-7.756532E-16,0,0,0,0
Rh_4d52,62,6.72600836E-06,-4.309977E+00,1.884749E+04,2.487323E-13,-1.120375E-15,0,0,0,0
Rh_4d52,63,7.37392185E-06,-4.723727E+00,1.723597E+04,3.277552E-13,-1.618160E-15,0,0,0,0
Rh_4d52,64,8.08415363E-06,-5.176819E+00,1.577138E+04,4.318674E-13,-2.336884E-15,0,0,0,0
Rh_4d52,65,8.86268273E-06,-5.672883E+00,1.444050E+04,5.690277E-13,-3.374469E-15,0,0,0,0
Rh_4d52,66,9.71605824E-06,-6.215851E+00,1.323121E+04,7.497171E-13,-4.872135E-15,0,0,0,0
Rh_4d52,67,1.06514605E-05,-6.809973E+00,1.213442E+04,9.877374E-13,-7.033512E-15,0,0,0,0
Rh_4d52,68,1.16767499E-05,-7.459821E+00,1.114076E+04,1.301260E-12,-1.015208E-14,0,0,0,0
Rh_4d52,69,1.28005423E-05,-8.170303E+00,1.024163E+04,1.714211E-12,-1.465067E-14,0,0,0,0
Rh_4d52,70,1.40322695E-05,-8.946653E+00,9.428991E+03,2.258083E-12,-2.113815E-14,0,0,0,0
Rh_4d52,71,1.53822682E-05,-9.794433E+00,8.697338E+03,2.974334E-12,-3.049085E-14,0,0,0,0
Rh_4d52,72,1.68618598E-05,-1.071949E+01,8.040182E+03,3.917524E-12,-4.396912E-14,0,0,0,0
Rh_4d52,73,1.84834363E-05,-1.172790E+01,7.451417E+03,5.159450E-12,-6.338413E-14,0,0,0,0
Rh_4d52,74,2.02605792E-05,-1.282594E+01,6.927598E+03,6.794584E-12,-9.133631E-14,0,0,0,0
Rh_4d52,75,2.22081559E-05,-1.401992E+01,6.464381E+03,8.947203E-12,-1.315549E-13,0,0,0,0
Rh_4d52,76,2.43424471E-05,-1.531602E+01,6.058271E+03,1.178077E-11,-1.893805E-13,0,0,0,0
Rh_4d52,77,2.66812790E-05,-1.672010E+01,5.707155E+03,1.551024E-11,-2.724493E-13,0,0,0,0
Rh_4d52,78,2.92441716E-05,-1.823732E+01,5.408828E+03,2.041825E-11,-3.916577E-13,0,0,0,0
Rh_4d52,79,3.20524919E-05,-1.987173E+01,5.162723E+03,2.687626E-11,-5.625171E-13,0,0,0,0
Rh_4d52,80,3.51296338E-05,-2.162560E+01,4.968958E+03,3.537247E-11,-8.070446E-13,0,0,0,0
Rh_4d52,81,3.85012014E-05,-2.349864E+01,4.828454E+03,4.654815E-11,-1.156379E-12,0,0,0,0
Rh_4d52,82,4.21952215E-05,-2.548687E+01,4.744179E+03,6.124555E-11,-1.654364E-12,0,0,0,0
Rh_4d52,83,4.62423676E-05,-2.758111E+01,4.720265E+03,8.057038E-11,-2.362399E-12,0,0,0,0
Rh_4d52,84,5.06762051E-05,-2.976509E+01,4.763031E+03,1.059738E-10,-3.365870E-12,0,0,0,0
Rh_4d52,85,5.55334622E-05,-3.201291E+01,4.880904E+03,1.393595E-10,-4.782493E-12,0,0,0,0
Rh_4d52,86,6.08543274E-05,-3.428592E+01,5.082921E+03,1.832244E-10,-6.772740E-12,0,0,0,0
Rh_4d52,87,6.66827627E-05,-3.652908E+01,5.375344E+03,2.408423E-10,-9.552225E-12,0,0,0,0
Rh_4d52,88,7.30668595E-05,-3.866753E+01,5.747428E+03,3.165050E-10,-1.340524E-11,0,0,0,0
Rh_4d52,89,8.00592177E-05,-4.060557E+01,6.132026E+03,4.158387E-10,-1.869772E-11,0,0,0,0
Rh_4d52,90,8.77173610E-05,-4.223422E+01,6.342787E+03,5.462149E-10,-2.588720E-11,0,0,0,0
Rh_4d52,91,9.61041931E-05,-4.345839E+01,6.109126E+03,7.172780E-10,-3.553028E-11,0,0,0,0
Rh_4d52,92,1.05288485E-04,-4.424784E+01,5.339217E+03,9.416578E-10,-4.829867E-11,0,0,0,0
Rh_4d52,93,1.15345422E-04,-4.467262E+01,4.314008E+03,1.235965E-09,-6.502982E-11,0,0,0,0
Rh_4d52,94,1.26357184E-04,-4.486359E+01,3.428200E+03,1.622002E-09,-8.682687E-11,0,0,0,0
Rh_4d52,95,1.38413580E-04,-4.493632E+01,2.827552E+03,2.128259E-09,-1.151850E-10,0,0,0,0
Rh_4d52,96,1.51612748E-04,-4.495925E+01,2.434297E+03,2.791996E-09,-1.521197E-10,0,0,0,0
Rh_4d52,97,1.66061904E-04,-4.496400E+01,2.146746E+03,3.662019E-09,-2.003083E-10,0,0,0,0
Rh_4d52,98,1.81878167E-04,-4.496280E+01,1.910505E+03,4.802219E-09,-2.632717E-10,0,0,0,0
Rh_4d52,99,1.99189447E-04,-4.495974E+01,1.703669E+03,6.296186E-09,-3.456188E-10,0,0,0,0
Rh_4d52,100,2.18135417E-04,-4.495597E+01,1.518109E+03,8.253239E-09,-4.533726E-10,0,0,0,0
Rh_4d52,101,2.38868560E-04,-4.495175E+01,1.350511E+03,1.081630E-08,-5.944001E-10,0,0,0,0
Rh_4d52,102,2.61555319E-04,-4.494711E+01,1.199024E+03,1.417216E-08,-7.789760E-10,0,0,0,0
Rh_4d52,103,2.86377324E-04,-4.494204E+01,1.062225E+03,1.856486E-08,-1.020517E-09,0,0,0,0
Rh_4d52,104,3.13532746E-04,-4.493647E+01,9.388536E+02,2.431309E-08,-1.336540E-09,0,0,0,0
Rh_4d52,105,3.43237752E-04,-4.493038E+01,8.277589E+02,3.183290E-08,-1.749906E-09,0,0,0,0
Rh_4d52,106,3.75728075E-04,-4.492370E+01,7.278826E+02,4.166719E-08,-2.290439E-09,0,0,0,0
Rh_4d52,107,4.11260733E-04,-4.491640E+01,6.382505E+02,5.452405E-08,-2.997032E-09,0,0,0,0
Rh_4d52,108,4.50115867E-04,-4.490839E+01,5.579650E+02,7.132661E-08,-3.920382E-09,0,0,0,0
Rh_4d52,109,4.92598745E-04,-4.489963E+01,4.861979E+02,9.327772E-08,-5.126532E-09,0,0,0,0
Rh_4d52,110,5.39041925E-04,-4.489004E+01,4.221839E+02,1.219439E-07,-6.701481E-09,0,0,0,0
Rh_4d52,111,5.89807581E-04,-4.487954E+01,3.652153E+02,1.593642E-07,-8.757141E-09,0,0,0,0
Rh_4d52,112,6.45290023E-04,-4.486804E+01,3.146370E+02,2.081910E-07,-1.143906E-08,0,0,0,0
Rh_4d52,113,7.05918418E-04,-4.485546E+01,2.698426E+02,2.718727E-07,-1.493641E-08,0,0,0,0
Rh_4d52,114,7.72159708E-04,-4.484170E+01,2.302707E+02,3.548894E-07,-1.949491E-08,0,0,0,0
Rh_4d52,115,8.44521763E-04,-4.482664E+01,1.954018E+02,4.630575E-07,-2.543347E-08,0,0,0,0
Rh_4d52,116,9.23556778E-04,-4.481017E+01,1.647560E+02,6.039231E-07,-3.316571E-08,0,0,0,0
Rh_4d52,117,1.00986491E-03,-4.479215E+01,1.378902E+02,7.872691E-07,-4.322765E-08,0,0,0,0
Rh_4d52,118,1.10409819E-03,-4.477245E+01,1.143972E+02,1.025767E-06,-5.631333E-08,0,0,0,0
Rh_4d52,119,1.20696472E-03,-4.475091E+01,9.390273E+01,1.335817E-06,-7.332062E-08,0,0,0,0
Rh_4d52,120,1.31923320E-03,-4.472735E+01,7.606492E+01,1.738624E-06,-9.540997E-08,0,0,0,0
Rh_4d52,121,1.44173773E-03,-4.470161E+01,6.057219E+01,2.261584E-06,-1.240797E-07,0,0,0,0
Rh_4d52,122,1.57538293E-03,-4.467349E+01,4.714199E+01,2.940050E-06,-1.612623E-07,0,0,0,0
Rh_4d52,123,1.72114953E-03,-4.464276E+01,3.551929E+01,3.819597E-06,-2.094476E-07,0,0,0,0
Rh_4d52,124,1.88010018E-03,-4.460920E+01,2.547503E+01,4.958912E-06,-2.718395E-07,0,0,0,0
Rh_4d52,125,2.05338577E-03,-4.457255E+01,1.680455E+01,6.433478E-06,-3.525556E-07,0,0,0,0
Rh_4d52,126,2.24225204E-03,-4.453255E+01,9.325979E+00,8.340256E-06,-4.568810E-07,0,0,0,0
Rh_4d52,127,2.44804675E-03,-4.448890E+01,2.878559E+00,1.080363E-05,-5.915892E-07,0,0,0,0
Rh_4d52,128,2.67222716E-03,-4.444129E+01,-2.679054E+00,1.398294E-05,-7.653489E-07,0,0,0,0
Rh_4d52,129,2.91636804E-03,-4.438938E+01,-7.470479E+00,1.808202E-05,-9.892365E-07,0,0,0,0
Rh_4d52,130,3.18217011E-03,-4.433281E+01,-1.160328E+01,2.336115E-05,-1.277381E-06,0,0,0,0
Rh_4d52,131,3.47146901E-03,-4.427118E+01,-1.517060E+01,3.015222E-05,-1.647771E-06,0,0,0,0
Rh_4d52,132,3.78624466E-03,-4.420409E+01,-1.825274E+01,3.887761E-05,-2.123272E-06,0,0,0,0
Rh_4d52,133,4.12863129E-03,-4.413109E+01,-2.091858E+01,5.007390E-05,-2.732881E-06,0,0,0,0
Rh_4d52,134,4.50092781E-03,-4.405173E+01,-2.322706E+01,6.442138E-05,-3.513300E-06,0,0,0,0
Rh_4d52,135,4.90560879E-03,-4.396549E+01,-2.522837E+01,8.278071E-05,-4.510873E-06,0,0,0,0
Rh_4d52,136,5.34533597E-03,-4.387188E+01,-2.696512E+01,1.062383E-04,-5.783983E-06,0,0,0,0
Rh_4d52,137,5.82297026E-03,-4.377034E+01,-2.847345E+01,1.361624E-04,-7.405985E-06,0,0,0,0
Rh_4d52,138,6.34158424E-03,-4.366031E+01,-2.978387E+01,1.742717E-04,-9.468804E-06,0,0,0,0
Rh_4d52,139,6.90447521E-03,-4.354120E+01,-3.092214E+01,2.227194E-04,-1.208730E-05,0,0,0,0
Rh_4d52,140,7.51517875E-03,-4.341241E+01,-3.190999E+01,2.841957E-04,-1.540454E-05,0,0,0,0
Rh_4d52,141,8.17748271E-03,-4.327333E+01,-3.276570E+01,3.620512E-04,-1.959817E-05,0,0,0,0
Rh_4d52,142,8.89544175E-03,-4.312332E+01,-3.350467E+01,4.604461E-04,-2.488801E-05,0,0,0,0
Rh_4d52,143,9.67339220E-03,-4.296174E+01,-3.413989E+01,5.845280E-04,-3.154504E-05,0,0,0,0
Rh_4d52,144,1.05159675E-02,-4.278796E+01,-3.468230E+01,7.406438E-04,-3.990204E-05,0,0,0,0
Rh_4d52,145,1.14281138E-02,-4.260133E+01,-3.514115E+01,9.365886E-04,-5.036594E-05,0,0,0,0
Rh_4d52,146,1.24151062E-02,-4.240122E+01,-3.552423E+01,1.181898E-03,-6.343225E-05,0,0,0,0
Rh_4d52,147,1.34825648E-02,-4.218700E+01,-3.583817E+01,1.488184E-03,-7.970140E-05,0,0,0,0
Rh_4d52,148,1.46364718E-02,-4.195804E+01,-3.608860E+01,1.869525E-03,-9.989737E-05,0,0,0,0
Rh_4d52,149,1.58831875E-02,-4.171373E+01,-3.628031E+01,2.342902E-03,-1.248884E-04,0,0,0,0
Rh_4d52,150,1.72294681E-02,-4.145346E+01,-3.641736E+01,2.928691E-03,-1.557099E-04,0,0,0,0
Rh_4d52,151,1.86824817E-02,-4.117665E+01,-3.650327E+01,3.651203E-03,-1.935889E-04,0,0,0,0
Rh_4d52,152,2.02498260E-02,-4.088270E+01,-3.654102E+01,4.539267E-03,-2.399701E-04,0,0,0,0
Rh_4d52,153,2.19395442E-02,-4.057105E+01,-3.653318E+01,5.626849E-03,-2.965420E-04,0,0,0,0
Rh_4d52,154,2.37601426E-02,-4.024114E+01,-3.648197E+01,6.953682E-03,-3.652638E-04,0,0,0,0
Rh_4d52,155,2.57206060E-02,-3.989244E+01,-3.638930E+01,8.565899E-03,-4.483889E-04,0,0,0,0
Rh_4d52,156,2.78304141E-02,-3.952443E+01,-3.625686E+01,1.051662E-02,-5.484861E-04,0,0,0,0
Rh_4d52,157,3.00995567E-02,-3.913670E+01,-3.608613E+01,1.286645E-02,-6.684552E-04,0,0,0,0
Rh_4d52,158,3.25385485E-02,-3.872889E+01,-3.587850E+01,1.568388E-02,-8.115338E-04,0,0,0,0
Rh_4d52,159,3.51584436E-02,-3.830076E+01,-3.563526E+01,1.904547E-02,-9.812940E-04,0,0,0,0
Rh_4d52,160,3.79708483E-02,-3.785224E+01,-3.535767E+01,2.303572E-02,-1.181625E-03,0,0,0,0
Rh_4d52,161,4.09879343E-02,-3.738337E+01,-3.504700E+01,2.774670E-02,-1.416696E-03,0,0,0,0
Rh_4d52,162,4.42224493E-02,-3.689434E+01,-3.470451E+01,3.327713E-02,-1.690906E-03,0,0,0,0
Rh_4d52,163,4.76877285E-02,-3.638540E+01,-3.433143E+01,3.973095E-02,-2.008796E-03,0,0,0,0
Rh_4d52,164,5.13977028E-02,-3.585677E+01,-3.392888E+01,4.721528E-02,-2.374942E-03,0,0,0,0
Rh_4d52,165,5.53669077E-02,-3.530861E+01,-3.349785E+01,5.583761E-02,-2.793813E-03,0,0,0,0
Rh_4d52,166,5.96104891E-02,-3.474097E+01,-3.303916E+01,6.570223E-02,-3.269591E-03,0,0,0,0
Rh_4d52,167,6.41442095E-02,-3.415384E+01,-3.255351E+01,7.690578E-02,-3.805959E-03,0,0,0,0
Rh_4d52,168,6.89844506E-02,-3.354727E+01,-3.204155E+01,8.953200E-02,-4.405856E-03,0,0,0,0
Rh_4d52,169,7.41482165E-02,-3.292147E+01,-3.150404E+01,1.036457E-01,-5.071218E-03,0,0,0,0
Rh_4d52,170,7.96531339E-02,-3.227687E+01,-3.094192E+01,1.192859E-01,-5.802695E-03,0,0,0,0
Rh_4d52,171,8.55174508E-02,-3.161418E+01,-3.035631E+01,1.364589E-01,-6.599375E-03,0,0,0,0
Rh_4d52,172,9.17600344E-02,-3.093435E+01,-2.974858E+01,1.551301E-01,-7.458519E-03,0,0,0,0
Rh_4d52,173,9.84003662E-02,-3.023849E+01,-2.912021E+01,1.752173E-01,-8.375324E-03,0,0,0,0
Rh_4d52,174,1.05458536E-01,-2.952784E+01,-2.847275E+01,1.965828E-01,-9.342718E-03,0,0,0,0
Rh_4d52,175,1.12955235E-01,-2.880360E+01,-2.780776E+01,2.190279E-01,-1.035122E-02,0,0,0,0
Rh_4d52,176,1.20911745E-01,-2.806695E+01,-2.712668E+01,2.422876E-01,-1.138888E-02,0,0,0,0
Rh_4d52,177,1.29349929E-01,-2.731905E+01,-2.643096E+01,2.660281E-01,-1.244125E-02,0,0,0,0
Rh_4d52,178,1.38292216E-01,-2.656108E+01,-2.572201E+01,2.898459E-01,-1.349161E-02,0,0,0,0
Rh_4d52,179,1.47761591E-01,-2.579442E+01,-2.500145E+01,3.132708E-01,-1.452115E-02,0,0,0,0
Rh_4d52,180,1.57781575E-01,-2.502074E+01,-2.427114E+01,3.357711E-01,-1.550944E-02,0,0,0,0
Rh_4d52,181,1.68376212E-01,-2.424207E+01,-2.353331E+01,3.567625E-01,-1.643496E-02,0,0,0,0
Rh_4d52,182,1.79570046E-01,-2.346077E+01,-2.279043E+01,3.756206E-01,-1.727578E-02,0,0,0,0
Rh_4d52,183,1.91388107E-01,-2.267915E+01,-2.204502E+01,3.916953E-01,-1.801027E-02,0,0,0,0
Rh_4d52,184,2.03855884E-01,-2.189930E+01,-2.129925E+01,4.043287E-01,-1.861782E-02,0,0,0,0
Rh_4d52,185,2.16999312E-01,-2.112282E+01,-2.055490E+01,4.128754E-01,-1.907955E-02,0,0,0,0
Rh_4d52,186,2.30844738E-01,-2.035096E+01,-1.981333E+01,4.167233E-01,-1.937889E-02,0,0,0,0
Rh_4d52,187,2.45418909E-01,-1.958502E+01,-1.907598E+01,4.153166E-01,-1.950799E-02,0,0,0,0
Rh_4d52,188,2.60748939E-01,-1.882649E+01,-1.834443E+01,4.081773E-01,-1.945213E-02,0,0,0,0
Rh_4d52,189,2.76862289E-01,-1.807748E+01,-1.762087E+01,3.949252E-01,-1.920560E-02,0,0,0,0
Rh_4d52,190,2.93786740E-01,-1.734037E+01,-1.690779E+01,3.752954E-01,-1.876723E-02,0,0,0,0
Rh_4d52,191,3.11550369E-01,-1.661780E+01,-1.620790E+01,3.491512E-01,-1.814051E-02,0,0,0,0
Rh_4d52,192,3.30181523E-01,-1.591224E+01,-1.552374E+01,3.164927E-01,-1.733348E-02,0,0,0,0
Rh_4d52,193,3.49708788E-01,-1.522575E+01,-1.485743E+01,2.774618E-01,-1.635834E-02,0,0,0,0
Rh_4d52,194,3.70160971E-01,-1.455967E+01,-1.421041E+01,2.323417E-01,-1.523091E-02,0,0,0,0
Rh_4d52,195,3.91567070E-01,-1.391461E+01,-1.358333E+01,1.815530E-01,-1.397002E-02,0,0,0,0
Rh_4d52,196,4.13956246E-01,-1.329038E+01,-1.297606E+01,1.256463E-01,-1.259684E-02,0,0,0,0
Rh_4d52,197,4.37357801E-01,-1.268624E+01,-1.238794E+01,6.529012E-02,-1.113425E-02,0,0,0,0
Rh_4d52,198,4.61801153E-01,-1.210111E+01,-1.181793E+01,1.255910E-03,-9.606211E-03,0,0,0,0
Rh_4d52,199,4.87315808E-01,-1.153392E+01,-1.126502E+01,-6.560077E-02,-8.037267E-03,0,0,0,0
Rh_4d52,200,5.13931339E-01,-1.098404E+01,-1.072861E+01,-1.343622E-01,-6.451929E-03,0,0,0,0
Rh_4d52,201,5.41677359E-01,-1.045133E+01,-1.020862E+01,-2.040729E-01,-4.874101E-03,0,0,0,0
Rh_4d52,202,5.70583501E-01,-9.936309E+00,-9.705612E+00,-2.737642E-01,-3.326462E-03,0,0,0,0
Rh_4d52,203,6.00679395E-01,-9.439808E+00,-9.220450E+00,-3.424795E-01,-1.829851E-03,0,0,0,0
Rh_4d52,204,6.31994644E-01,-8.962447E+00,-8.753789E+00,-4.092962E-01,-4.027730E-04,0,0,0,0
Rh_4d52,205,6.64558806E-01,-8.504099E+00,-8.305540E+00,-4.733458E-01,9.389103E-04,0,0,0,0
Rh_4d52,206,6.98401370E-01,-8.063714E+00,-7.874691E+00,-5.338314E-01,2.182062E-03,0,0,0,0
Rh_4d52,207,7.33551743E-01,-7.639614E+00,-7.459600E+00,-5.900434E-01,3.316202E-03,0,0,0,0
Rh_4d52,208,7.70039224E-01,-7.230092E+00,-7.058590E+00,-6.413746E-01,4.333410E-03,0,0,0,0
Rh_4d52,209,8.07892992E-01,-6.833761E+00,-6.670306E+00,-6.873320E-01,5.228270E-03,0,0,0,0
Rh_4d52,210,8.47142087E-01,-6.450021E+00,-6.294174E+00,-7.275462E-01,5.997876E-03,0,0,0,0
Rh_4d52,211,8.87815393E-01,-6.078773E+00,-5.930120E+00,-7.617756E-01,6.641832E-03,0,0,0,0
Rh_4d52,212,9.29941626E-01,-5.720469E+00,-5.578619E+00,-7.899059E-01,7.162173E-03,0,0,0,0
Rh_4d52,213,9.73549318E-01,-5.375815E+00,-5.240402E+00,-8.119440E-01,7.563210E-03,0,0,0,0
Rh_4d52,214,1.01866680E+00,-5.045607E+00,-4.916284E+00,-8.280079E-01,7.851260E-03,0,0,0,0
Rh_4d52,215,1.06532220E+00,-4.730582E+00,-4.607023E+00,-8.383128E-01,8.034289E-03,0,0,0,0
Rh_4d52,216,1.11354343E+00,-4.431322E+00,-4.313220E+00,-8.431552E-01,8.121515E-03,0,0,0,0
Rh_4d52,217,1.16335815E+00,-4.148201E+00,-4.035268E+00,-8.428961E-01,8.122990E-03,0,0,0,0
Rh_4d52,218,1.21479379E+00,-3.881358E+00,-3.773322E+00,-8.379444E-01,8.049192E-03,0,0,0,0
Rh_4d52,219,1.26787754E+00,-3.630724E+00,-3.527330E+00,-8.287406E-01,7.910668E-03,0,0,0,0
Rh_4d52,220,1.32263631E+00,-3.396024E+00,-3.297031E+00,-8.157431E-01,7.717724E-03,0,0,0,0
Rh_4d52,221,1.37909677E+00,-3.176817E+00,-3.081996E+00,-7.994152E-01,7.480180E-03,0,0,0,0
Rh_4d52,222,1.43728528E+00,-2.972548E+00,-2.881687E+00,-7.802151E-01,7.207195E-03,0,0,0,0
Rh_4d52,223,1.49722796E+00,-2.782548E+00,-2.695444E+00,-7.585873E-01,6.907140E-03,0,0,0,0
Rh_4d52,224,1.55895062E+00,-2.606110E+00,-2.522574E+00,-7.349562E-01,6.587533E-03,0,0,0,0
Rh_4d52,225,1.62247878E+00,-2.442473E+00,-2.362325E+00,-7.097214E-01,6.255012E-03,0,0,0,0
Rh_4d52,226,1.68783768E+00,-2.290872E+00,-2.213944E+00,-6.832544E-01,5.915344E-03,0,0,0,0
Rh_4d52,227,1.75505224E+00,-2.150546E+00,-2.076677E+00,-6.558966E-01,5.573456E-03,0,0,0,0
Rh_4d52,228,1.82414712E+00,-2.020748E+00,-1.949787E+00,-6.279587E-01,5.233490E-03,0,0,0,0
Rh_4d52,229,1.89514662E+00,-1.900750E+00,-1.832557E+00,-5.997204E-01,4.898863E-03,0,0,0,0
Rh_4d52,230,1.96807478E+00,-1.789858E+00,-1.724297E+00,-5.714313E-01,4.572334E-03,0,0,0,0
Rh_4d52,231,2.04295531E+00,-1.687406E+00,-1.624351E+00,-5.433119E-01,4.256078E-03,0,0,0,0
Rh_4d52,232,2.11981162E+00,-1.592763E+00,-1.532096E+00,-5.155555E-01,3.951744E-03,0,0,0,0
Rh_4d52,233,2.19866681E+00,-1.507401E+00,-1.449009E+00,-4.883290E-01,3.660675E-03,0,0,0,0
Rh_4d52,234,2.27954366E+00,-1.432604E+00,-1.376377E+00,-4.617702E-01,3.384038E-03,0,0,0,0
Rh_4d52,235,2.36246467E+00,-1.367349E+00,-1.313187E+00,-4.359855E-01,3.122642E-03,0,0,0,0
Rh_4d52,236,2.44745199E+00,-1.310668E+00,-1.258476E+00,-4.110538E-01,2.876861E-03,0,0,0,0
Rh_4d52,237,2.53452750E+00,-1.261654E+00,-1.211340E+00,-3.870308E-01,2.646726E-03,0,0,0,0
Rh_4d52,238,2.62371274E+00,-1.219458E+00,-1.170937E+00,-3.639528E-01,2.432004E-03,0,0,0,0
Rh_4d52,239,2.71502897E+00,-1.183295E+00,-1.136486E+00,-3.418401E-01,2.232266E-03,0,0,0,0
Rh_4d52,240,2.80849713E+00,-1.152443E+00,-1.107269E+00,-3.207001E-01,2.046941E-03,0,0,0,0
Rh_4d52,241,2.90413787E+00,-1.126241E+00,-1.082630E+00,-3.005297E-01,1.875359E-03,0,0,0,0
Rh_4d52,242,3.00197152E+00,-1.104092E+00,-1.061975E+00,-2.813179E-01,1.716791E-03,0,0,0,0
Rh_4d52,243,3.10201813E+00,-1.085456E+00,-1.044767E+00,-2.630474E-01,1.570472E-03,0,0,0,0
Rh_4d52,244,3.20429744E+00,-1.069848E+00,-1.030525E+00,-2.456964E-01,1.435628E-03,0,0,0,0
Rh_4d52,245,3.30882892E+00,-1.056837E+00,-1.018822E+00,-2.292396E-01,1.311495E-03,0,0,0,0
Rh_4d52,246,3.41563171E+00,-1.046044E+00,-1.009280E+00,-2.136495E-01,1.197323E-03,0,0,0,0
Rh_4d52,247,3.52472471E+00,-1.037132E+00,-1.001567E+00,-1.988971E-01,1.092393E-03,0,0,0,0
Rh_4d52,248,3.63612649E+00,-1.029809E+00,-9.953923E-01,-1.849524E-01,9.960200E-04,0,0,0,0
Rh_4d52,249,3.74985537E+00,-1.023820E+00,-9.905046E-01,-1.717852E-01,9.075566E-04,0,0,0,0
Rh_4d52,250,3.86592937E+00,-1.018947E+00,-9.866865E-01,-1.593654E-01,8.263947E-04,0,0,0,0
Rh_4d52,251,3.98436626E+00,-1.015001E+00,-9.837521E-01,-1.476630E-01,7.519663E-04,0,0,0,0
Rh_4d52,252,4.10518351E+00,-1.011821E+00,-9.815429E-01,-1.366484E-01,6.837433E-04,0,0,0,0
Rh_4d52,253,4.22839834E+00,-1.009271E+00,-9.799248E-01,-1.262928E-01,6.212358E-04,0,0,0,0
Rh_4d52,254,4.35402770E+00,-1.007237E+00,-9.787848E-01,-1.165678E-01,5.639909E-04,0,0,0,0
Rh_4d52,255,4.48208827E+00,-1.005622E+00,-9.780288E-01,-1.074459E-01,5.115902E-04,0,0,0,0
Rh_4d52,256,4.61259649E+00,-1.004346E+00,-9.775784E-01,-9.890025E-02,4.636479E-04,0,0,0,0
Rh_4d52,257,4.74556853E+00,-1.003344E+00,-9.773689E-01,-9.090461E-02,4.198084E-04,0,0,0,0
Rh_4d52,258,4.88102031E+00,-1.002560E+00,-9.773473E-01,-8.343352E-02,3.797442E-04,0,0,0,0
Rh_4d52,259,5.01896752E+00,-1.001950E+00,-9.774707E-01,-7.646217E-02,3.431537E-04,0,0,0,0
Rh_4d52,260,5.15942559E+00,-1.001479E+00,-9.777040E-01,-6.996640E-02,3.097590E-04,0,0,0,0
Rh_4d52,261,5.30240972E+00,-1.001115E+00,-9.780192E-01,-6.392271E-02,2.793040E-04,0,0,0,0
Rh_4d52,262,5.44793486E+00,-1.000837E+00,-9.783940E-01,-5.830821E-02,2.515525E-04,0,0,0,0
Rh_4d52,263,5.59601573E+00,-1.000625E+00,-9.788109E-01,-5.310062E-02,2.262869E-04,0,0,0,0
Rh_4d52,264,5.74666685E+00,-1.000464E+00,-9.792558E-01,-4.827827E-02,2.033062E-04,0,0,0,0
Rh_4d52,265,5.89990247E+00,-1.000343E+00,-9.797182E-01,-4.382010E-02,1.824246E-04,0,0,0,0
Rh_4d52,266,6.05573665E+00,-1.000252E+00,-9.801897E-01,-3.970565E-02,1.634707E-04,0,0,0,0
Rh_4d52,267,6.21418324E+00,-1.000185E+00,-9.806640E-01,-3.591504E-02,1.462859E-04,0,0,0,0
Rh_4d52,268,6.37525583E+00,-1.000134E+00,-9.811364E-01,-3.242905E-02,1.307236E-04,0,0,0,0
Rh_4d52,269,6.53896785E+00,-1.000097E+00,-9.816035E-01,-2.922904E-02,1.166482E-04,0,0,0,0
Rh_4d52,270,6.70533249E+00,-1.000070E+00,-9.820627E-01,-2.629702E-02,1.039342E-04,0,0,0,0
Rh_4d52,271,6.87436275E+00,-1.000050E+00,-9.825123E-01,-2.361566E-02,9.246544E-05,0,0,0,0
Rh_4d52,272,7.04607142E+00,-1.000036E+00,-9.829511E-01,-2.116824E-02,8.213458E-05,0,0,0,0
Rh_4d52,273,7.22047112E+00,-1.000025E+00,-9.833784E-01,-1.893874E-02,7.284230E-05,0,0,0,0
Rh_4d52,274,7.39757424E+00,-1.000018E+00,-9.837936E-01,-1.691178E-02,6.449681E-05,0,0,0,0
Rh_4d52,275,7.57739300E+00,-1.000013E+00,-9.841968E-01,-1.507270E-02,5.701329E-05,0,0,0,0
Rh_4d52,276,7.75993943E+00,-1.000009E+00,-9.845877E-01,-1.340748E-02,5.031345E-05,0,0,0,0
Rh_4d52,277,7.94522537E+00,-1.000006E+00,-9.849667E-01,-1.190280E-02,4.432509E-05,0,0,0,0
Rh_4d52,278,8.13326250E+00,-1.000004E+00,-9.853338E-01,-1.054604E-02,3.898167E-05,0,0,0,0
Rh_4d52,279,8.32406229E+00,-1.000003E+00,-9.856894E-01,-9.325226E-03,3.422194E-05,0,0,0,0
Rh_4d52,280,8.51763607E+00,-1.000002E+00,-9.860338E-01,-8.229092E-03,2.998962E-05,0,0,0,0
Rh_4d52,281,8.71399497E+00,-1.000001E+00,-9.863674E-01,-7.247022E-03,2.623301E-05,0,0,0,0
Rh_4d52,282,8.91314998E+00,-1.000001E+00,-9.866904E-01,-6.369060E-03,2.290477E-05,0,0,0,0
Rh_4d52,283,9.11511189E+00,-1.000001E+00,-9.870033E-01,-5.585890E-03,1.996153E-05,0,0,0,0
Rh_4d52,284,9.31989135E+00,-1.000000E+00,-9.873064E-01,-4.888821E-03,1.736369E-05,0,0,0,0
Rh_4d52,285,9.52749887E+00,-1.000000E+00,-9.876000E-01,-4.269766E-03,1.507514E-05,0,0,0,0
Rh_4d52,286,9.73794475E+00,-1.000000E+00,-9.878846E-01,-3.721227E-03,1.306297E-05,0,0,0,0
Rh_4d52,287,9.95123920E+00,-1.000000E+00,-9.881604E-01,-3.236267E-03,1.129732E-05,0,0,0,0
Rh_4d52,288,1.01673922E+01,-1.000000E+00,-9.884277E-01,-2.808490E-03,9.751083E-06,0,0,0,0
Rh_4d52,289,1.03864137E+01,-1.000000E+00,-9.886870E-01,-2.432015E-03,8.399749E-06,0,0,0,0
Rh_4d52,290,1.06083134E+01,-1.000000E+00,-9.889384E-01,-2.101450E-03,7.221171E-06,0,0,0,0
Rh_4d52,291,1.08331008E+01,-1.000000E+00,-9.891823E-01,-1.811865E-03,6.195397E-06,0,0,0,0
Rh_4d52,292,1.10607855E+01,-1.000000E+00,-9.894189E-01,-1.558769E-03,5.304487E-06,0,0,0,0
Rh_4d52,293,1.12913768E+01,-1.000000E+00,-9.896486E-01,-1.338079E-03,4.532347E-06,0,0,0,0
Rh_4d52,294,1.15248837E+01,-1.000000E+00,-9.898715E-01,-1.146096E-03,3.864573E-06,0,0,0,0
Rh_4d52,295,1.17613155E+01,-1.000000E+00,-9.900879E-01,-9.794790E-04,3.288302E-06,0,0,0,0
Rh_4d52,296,1.20006809E+01,-1.000000E+00,-9.902981E-01,-8.352173E-04,2.792076E-06,0,0,0,0
Rh_4d52,297,1.22429888E+01,-1.000000E+00,-9.905022E-01,-7.106075E-04,2.365712E-06,0,0,0,0
Rh_4d52,298,1.24882478E+01,-1.000000E+00,-9.907006E-01,-6.032283E-04,2.000181E-06,0,0,0,0
Rh_4d52,299,1.27364664E+01,-1.000000E+00,-9.908933E-01,-5.109180E-04,1.687500E-06,0,0,0,0
Rh_4d52,300,1.29876532E+01,-1.000000E+00,-9.910806E-01,-4.317520E-04,1.420626E-06,0,0,0,0
Rh_4d52,301,1.32418163E+01,-1.000000E+00,-9.912626E-01,-3.640217E-04,1.193360E-06,0,0,0,0
Rh_4d52,302,1.34989639E+01,-1.000000E+00,-9.914397E-01,-3.062147E-04,1.000262E-06,0,0,0,0
Rh_4d52,303,1.37591042E+01,-1.000000E+00,-9.916118E-01,-2.569965E-04,8.365679E-07,0,0,0,0
Rh_4d52,304,1.40222450E+01,-1.000000E+00,-9.917793E-01,-2.151925E-04,6.981183E-07,0,0,0,0
Rh_4d52,305,1.42883942E+01,-1.000000E+00,-9.919422E-01,-1.797721E-04,5.812891E-07,0,0,0,0
Rh_4d52,306,1.45575596E+01,-1.000000E+00,-9.921007E-01,-1.498337E-04,4.829321E-07,0,0,0,0
Rh_4d52,307,1.48297487E+01,-1.000000E+00,-9.922550E-01,-1.245906E-04,4.003189E-07,0,0,0,0
Rh_4d52,308,1.51049691E+01,-1.000000E+00,-9.924052E-01,-1.033586E-04,3.310914E-07,0,0,0,0
Rh_4d52,309,1.53832281E+01,-1.000000E+00,-9.925514E-01,-8.554419E-05,2.732165E-07,0,0,0,0
Rh_4d52,310,1.56645332E+01,-1.000000E+00,-9.926937E-01,-7.063397E-05,2.249465E-07,0,0,0,0
Rh_4d52,311,1.59488914E+01,-1.000000E+00,-9.928324E-01,-5.818528E-05,1.847824E-07,0,0,0,0
Rh_4d52,312,1.62363100E+01,-1.000000E+00,-9.929675E-01,-4.781742E-05,1.514423E-07,0,0,0,0
Rh_4d52,313,1.65267960E+01,-1.000000E+00,-9.930991E-01,-3.920396E-05,1.238326E-07,0,0,0,0
Rh_4d52,314,1.68203562E+01,-1.000000E+00,-9.932274E-01,-3.206577E-05,1.010231E-07,0,0,0,0
Rh_4d52,315,1.71169975E+01,-1.000000E+00,-9.933524E-01,-2.616488E-05,8.222429E-08,0,0,0,0
Rh_4d52,316,1.74167266E+01,-1.000000E+00,-9.934742E-01,-2.129897E-05,6.676828E-08,0,0,0,0
Rh_4d52,317,1.77195502E+01,-1.000000E+00,-9.935931E-01,-1.729651E-05,5.409128E-08,0,0,0,0
Rh_4d52,318,1.80254749E+01,-1.000000E+00,-9.937089E-01,-1.401252E-05,4.371878E-08,0,0,0,0
Rh_4d52,319,1.83345071E+01,-1.000000E+00,-9.938219E-01,-1.132477E-05,3.525245E-08,0,0,0,0
Rh_4d52,320,1.86466532E+01,-1.000000E+00,-9.939321E-01,-9.130511E-06,2.835880E-08,0,0,0,0
Rh_4d52,321,1.89619196E+01,-1.000000E+00,-9.940397E-01,-7.343643E-06,2.275940E-08,0,0,0,0
Rh_4d52,322,1.92803124E+01,-1.000000E+00,-9.941446E-01,-5.892185E-06,1.822237E-08,0,0,0,0
Rh_4d52,323,1.96018378E+01,-1.000000E+00,-9.942470E-01,-4.716147E-06,1.455517E-08,0,0,0,0
Rh_4d52,324,1.99265018E+01,-1.000000E+00,-9.943470E-01,-3.765669E-06,1.159832E-08,0,0,0,0
Rh_4d52,325,2.02543106E+01,-1.000000E+00,-9.944446E-01,-2.999431E-06,9.220101E-09,0,0,0,0
Rh_4d52,326,2.05852698E+01,-1.000000E+00,-9.945399E-01,-2.383281E-06,7.312001E-09,0,0,0,0
Rh_4d52,327,2.09193855E+01,-1.000000E+00,-9.946330E-01,-1.889076E-06,5.784877E-09,0,0,0,0
Rh_4d52,328,2.12566633E+01,-1.000000E+00,-9.947238E-01,-1.493686E-06,4.565694E-09,0,0,0,0
Rh_4d52,329,2.15971089E+01,-1.000000E+00,-9.948126E-01,-1.178156E-06,3.594776E-09,0,0,0,0
Rh_4d52,330,2.19407280E+01,-1.000000E+00,-9.948994E-01,-9.269974E-07,2.823492E-09,0,0,0,0
Rh_4d52,331,2.22875261E+01,-1.000000E+00,-9.949842E-01,-7.275855E-07,2.212324E-09,0,0,0,0
Rh_4d52,332,2.26375086E+01,-1.000000E+00,-9.950670E-01,-5.696627E-07,1.729242E-09,0,0,0,0
Rh_4d52,333,2.29906811E+01,-1.000000E+00,-9.951480E-01,-4.449158E-07,1.348360E-09,0,0,0,0
Rh_4d52,334,2.33470488E+01,-1.000000E+00,-9.952271E-01,-3.466271E-07,1.048809E-09,0,0,0,0
Rh_4d52,335,2.37066169E+01,-1.000000E+00,-9.953045E-01,-2.693830E-07,8.138141E-10,0,0,0,0
Rh_4d52,336,2.40693908E+01,-1.000000E+00,-9.953802E-01,-2.088329E-07,6.299271E-10,0,0,0,0
Rh_4d52,337,2.44353755E+01,-1.000000E+00,-9.954542E-01,-1.614906E-07,4.863954E-10,0,0,0,0
Rh_4d52,338,2.48045762E+01,-1.000000E+00,-9.955266E-01,-1.245700E-07,3.746456E-10,0,0,0,0
Rh_4d52,339,2.51769978E+01,-1.000000E+00,-9.955975E-01,-9.585081E-08,2.878604E-10,0,0,0,0
Rh_4d52,340,2.55526454E+01,-1.000000E+00,-9.956668E-01,-7.356868E-08,2.206334E-10,0,0,0,0
Rh_4d52,341,2.59315238E+01,-1.000000E+00,-9.957346E-01,-5.632527E-08,1.686890E-10,0,0,0,0
Rh_4d52,342,2.63136378E+01,-1.000000E+00,-9.958009E-01,-4.301553E-08,1.286550E-10,0,0,0,0
Rh_4d52,343,2.66989923E+01,-1.000000E+00,-9.958659E-01,-3.276856E-08,9.787889E-11,0,0,0,0
Rh_4d52,344,2.70875920E+01,-1.000000E+00,-9.959295E-01,-2.489993E-08,7.428002E-11,0,0,0,0
Rh_4d52,345,2.74794416E+01,-1.000000E+00,-9.959917E-01,-1.887323E-08,5.623074E-11,0,0,0,0
Rh_4d52,346,2.78745456E+01,-1.000000E+00,-9.960527E-01,-1.426921E-08,4.246125E-11,0,0,0,0
Rh_4d52,347,2.82729086E+01,-1.000000E+00,-9.961124E-01,-1.076114E-08,3.198359E-11,0,0,0,0
Rh_4d52,348,2.86745352E+01,-1.000000E+00,-9.961709E-01,-8.095053E-09,2.403120E-11,0,0,0,0
Rh_4d52,349,2.90794298E+01,-1.000000E+00,-9.962282E-01,-6.074111E-09,1.801091E-11,0,0,0,0
Rh_4d52,350,2.94875968E+01,-1.000000E+00,-9.962843E-01,-4.546175E-09,1.346501E-11,0,0,0,0
Rh_4d52,351,2.98990405E+01,-1.000000E+00,-9.963393E-01,-3.393975E-09,1.004122E-11,0,0,0,0
Rh_4d52,352,3.03137653E+01,-1.000000E+00,-9.963931E-01,-2.527371E-09,7.469192E-12,0,0,0,0
Rh_4d52,353,3.07317755E+01,-1.000000E+00,-9.964459E-01,-1.877266E-09,5.542003E-12,0,0,0,0
Rh_4d52,354,3.11530752E+01,-1.000000E+00,-9.964977E-01,-1.390843E-09,4.101703E-12,0,0,0,0
Rh_4d52,355,3.15776686E+01,-1.000000E+00,-9.965484E-01,-1.027837E-09,3.028062E-12,0,0,0,0
Rh_4d52,356,3.20055597E+01,-1.000000E+00,-9.965982E-01,-7.576405E-10,2.229804E-12,0,0,0,0
Rh_4d52,357,3.24367528E+01,-1.000000E+00,-9.966469E-01,-5.570496E-10,1.637830E-12,0,0,0,0
Rh_4d52,358,3.28712517E+01,-1.000000E+00,-9.966947E-01,-4.085216E-10,1.199967E-12,0,0,0,0
Rh_4d52,359,3.33090605E+01,-1.000000E+00,-9.967416E-01,-2.988309E-10,8.769353E-13,0,0,0,0
Rh_4d52,360,3.37501832E+01,-1.000000E+00,-9.967877E-01,-2.180340E-10,6.392366E-13,0,0,0,0
Rh_4d52,361,3.41946235E+01,-1.000000E+00,-9.968328E-01,-1.586756E-10,4.647832E-13,0,0,0,0
Rh_4d52,362,3.46423853E+01,-1.000000E+00,-9.968771E-01,-1.151813E-10,3.373179E-13,0,0,0,0
Rh_4d52,363,3.50934725E+01,-1.000000E+00,-9.969205E-01,-8.339470E-11,2.433109E-13,0,0,0,0
Rh_4p12,0,2.22222222E-08,-1.426115E-02,5.625436E+06,5.590772E-12,1.519393E-07,0,0,0,0
Rh_4p12,1,2.43686888E-08,-1.563865E-02,5.129949E+06,6.719575E-12,1.666126E-07,0,0,0,0
Rh_4p12,2,2.67224847E-08,-1.714921E-02,4.678106E+06,8.077266E-12,1.827067E-07,0,0,0,0
Rh_4p12,3,2.93035852E-08,-1.880563E-02,4.266069E+06,9.710158E-12,2.003546E-07,0,0,0,0
Rh_4p12,4,3.21339917E-08,-2.062205E-02,3.890324E+06,1.167396E-11,2.197054E-07,0,0,0,0
Rh_4p12,5,3.52377847E-08,-2.261392E-02,3.547675E+06,1.403566E-11,2.409265E-07,0,0,0,0
Rh_4p12,6,3.86413030E-08,-2.479813E-02,3.235212E+06,1.687579E-11,2.641969E-07,0,0,0,0
Rh_4p12,7,4.23735575E-08,-2.719331E-02,2.950269E+06,2.029121E-11,2.897143E-07,0,0,0,0
Rh_4p12,8,4.64662192E-08,-2.981978E-02,2.690429E+06,2.439838E-11,3.176983E-07,0,0,0,0
Rh_4p12,9,5.09540830E-08,-3.269988E-02,2.453478E+06,2.933735E-11,3.483826E-07,0,0,0,0
Rh_4p12,10,5.58753999E-08,-3.585814E-02,2.237396E+06,3.527652E-11,3.820302E-07,0,0,0,0
Rh_4p12,11,6.12719276E-08,-3.932137E-02,2.040350E+06,4.241837E-11,4.189271E-07,0,0,0,0
Rh_4p12,12,6.71896597E-08,-4.311908E-02,1.860658E+06,5.100643E-11,4.593863E-07,0,0,0,0
Rh_4p12,13,7.36788069E-08,-4.728350E-02,1.696794E+06,6.133342E-11,5.037559E-07,0,0,0,0
Rh_4p12,14,8.07945326E-08,-5.185002E-02,1.547365E+06,7.375140E-11,5.524064E-07,0,0,0,0
Rh_4p12,15,8.85974782E-08,-5.685758E-02,1.411096E+06,8.868374E-11,6.057541E-07,0,0,0,0
Rh_4p12,16,9.71538449E-08,-6.234864E-02,1.286830E+06,1.066394E-10,6.642569E-07,0,0,0,0
Rh_4p12,17,1.06536364E-07,-6.836988E-02,1.173510E+06,1.282303E-10,7.284080E-07,0,0,0,0
Rh_4p12,18,1.16824785E-07,-7.497249E-02,1.070172E+06,1.541925E-10,7.987540E-07,0,0,0,0
Rh_4p12,19,1.28106557E-07,-8.221258E-02,9.759356E+05,1.854107E-10,8.758858E-07,0,0,0,0
Rh_4p12,20,1.40477809E-07,-9.015183E-02,8.899979E+05,2.229491E-10,9.604701E-07,0,0,0,0
Rh_4p12,21,1.54043217E-07,-9.885743E-02,8.116309E+05,2.680865E-10,1.053221E-06,0,0,0,0
Rh_4p12,22,1.68918585E-07,-1.084037E-01,7.401649E+05,3.223617E-10,1.154925E-06,0,0,0,0
Rh_4p12,23,1.85229766E-07,-1.188714E-01,6.749944E+05,3.876235E-10,1.266447E-06,0,0,0,0
Rh_4p12,24,2.03115995E-07,-1.303499E-01,6.155626E+05,4.660963E-10,1.388734E-06,0,0,0,0
Rh_4p12,25,2.22728585E-07,-1.429362E-01,5.613661E+05,5.604530E-10,1.522836E-06,0,0,0,0
Rh_4p12,26,2.44234514E-07,-1.567376E-01,5.119427E+05,6.739087E-10,1.669870E-06,0,0,0,0
Rh_4p12,27,2.67816518E-07,-1.718713E-01,4.668719E+05,8.103286E-10,1.831109E-06,0,0,0,0
Rh_4p12,28,2.93674455E-07,-1.884656E-01,4.257711E+05,9.743591E-10,2.007897E-06,0,0,0,0
Rh_4p12,29,3.22029000E-07,-2.066620E-01,3.882891E+05,1.171589E-09,2.201758E-06,0,0,0,0
Rh_4p12,30,3.53119360E-07,-2.266141E-01,3.541092E+05,1.408734E-09,2.414348E-06,0,0,0,0
Rh_4p12,31,3.87210673E-07,-2.484919E-01,3.229392E+05,1.693871E-09,2.647419E-06,0,0,0,0
Rh_4p12,32,4.24592535E-07,-2.724814E-01,2.945141E+05,2.036712E-09,2.902998E-06,0,0,0,0
Rh_4p12,33,4.65581675E-07,-2.987857E-01,2.685925E+05,2.448929E-09,3.183259E-06,0,0,0,0
Rh_4p12,34,5.10526032E-07,-3.276282E-01,2.449539E+05,2.944558E-09,3.490539E-06,0,0,0,0
Rh_4p12,35,5.59808063E-07,-3.592541E-01,2.233969E+05,3.540474E-09,3.827488E-06,0,0,0,0
Rh_4p12,36,6.13844178E-07,-3.939307E-01,2.037388E+05,4.256958E-09,4.196947E-06,0,0,0,0
Rh_4p12,37,6.73095020E-07,-4.319535E-01,1.858117E+05,5.118404E-09,4.602043E-06,0,0,0,0
Rh_4p12,38,7.38061153E-07,-4.736436E-01,1.694638E+05,6.154122E-09,5.046255E-06,0,0,0,0
Rh_4p12,39,8.09294905E-07,-5.193552E-01,1.545557E+05,7.399363E-09,5.533277E-06,0,0,0,0
Rh_4p12,40,8.87400674E-07,-5.694762E-01,1.409606E+05,8.896496E-09,6.067271E-06,0,0,0,0
Rh_4p12,41,9.73041115E-07,-6.244313E-01,1.285629E+05,1.069646E-08,6.652804E-06,0,0,0,0
Rh_4p12,42,1.06694090E-06,-6.846855E-01,1.172574E+05,1.286046E-08,7.294812E-06,0,0,0,0
Rh_4p12,43,1.16989756E-06,-7.507500E-01,1.069478E+05,1.546213E-08,7.998717E-06,0,0,0,0
Rh_4p12,44,1.28278253E-06,-8.231832E-01,9.754656E+04,1.858990E-08,8.770540E-06,0,0,0,0
Rh_4p12,45,1.40655260E-06,-9.025987E-01,8.897370E+04,2.235013E-08,9.616740E-06,0,0,0,0
Rh_4p12,46,1.54225798E-06,-9.896691E-01,8.115625E+04,2.687065E-08,1.054453E-05,0,0,0,0
Rh_4p12,47,1.69104604E-06,-1.085129E+00,7.402790E+04,3.230506E-08,1.156183E-05,0,0,0,0
Rh_4p12,48,1.85417702E-06,-1.189786E+00,6.752802E+04,3.883801E-08,1.267713E-05,0,0,0,0
Rh_4p12,49,2.03303422E-06,-1.304525E+00,6.160130E+04,4.669145E-08,1.389994E-05,0,0,0,0
Rh_4p12,50,2.22912879E-06,-1.430313E+00,5.619744E+04,5.613205E-08,1.524063E-05,0,0,0,0
Rh_4p12,51,2.44412209E-06,-1.568210E+00,5.127046E+04,6.748034E-08,1.671045E-05,0,0,0,0
Rh_4p12,52,2.67983341E-06,-1.719380E+00,4.677851E+04,8.112147E-08,1.832190E-05,0,0,0,0
Rh_4p12,53,2.93825503E-06,-1.885093E+00,4.268343E+04,9.751825E-08,2.008865E-05,0,0,0,0
Rh_4p12,54,3.22157153E-06,-2.066741E+00,3.895042E+04,1.172267E-07,2.202550E-05,0,0,0,0
Rh_4p12,55,3.53218026E-06,-2.265849E+00,3.554776E+04,1.409151E-07,2.414889E-05,0,0,0,0
Rh_4p12,56,3.87270272E-06,-2.484082E+00,3.244656E+04,1.693859E-07,2.647674E-05,0,0,0,0
Rh_4p12,57,4.24601843E-06,-2.723267E+00,2.962045E+04,2.036033E-07,2.902865E-05,0,0,0,0
Rh_4p12,58,4.65527750E-06,-2.985394E+00,2.704545E+04,2.447253E-07,3.182619E-05,0,0,0,0
Rh_4p12,59,5.10393592E-06,-3.272641E+00,2.469970E+04,2.941427E-07,3.489288E-05,0,0,0,0
Rh_4p12,60,5.59577840E-06,-3.587386E+00,2.256327E+04,3.535254E-07,3.825459E-05,0,0,0,0
Rh_4p12,61,6.13495341E-06,-3.932222E+00,2.061803E+04,4.248781E-07,4.193954E-05,0,0,0,0
Rh_4p12,62,6.72600836E-06,-4.309977E+00,1.884749E+04,5.106074E-07,4.597872E-05,0,0,0,0
Rh_4p12,63,7.37392185E-06,-4.723727E+00,1.723597E+04,6.136007E-07,5.040607E-05,0,0,0,0
Rh_4p12,64,8.08415363E-06,-5.176819E+00,1.577138E+04,7.373223E-07,5.525863E-05,0,0,0,0
Rh_4p12,65,8.86268273E-06,-5.672883E+00,1.444050E+04,8.859269E-07,6.057715E-05,0,0,0,0
Rh_4p12,66,9.71605824E-06,-6.215851E+00,1.323121E+04,1.064395E-06,6.640601E-05,0,0,0,0
Rh_4p12,67,1.06514605E-05,-6.809973E+00,1.213442E+04,1.278693E-06,7.279381E-05,0,0,0,0
Rh_4p12,68,1.16767499E-05,-7.459821E+00,1.114076E+04,1.535969E-06,7.979378E-05,0,0,0,0
Rh_4p12,69,1.28005423E-05,-8.170303E+00,1.024163E+04,1.844775E-06,8.746404E-05,0,0,0,0
Rh_4p12,70,1.40322695E-05,-8.946653E+00,9.428991E+03,2.215337E-06,9.586815E-05,0,0,0,0
Rh_4p12,71,1.53822682E-05,-9.794433E+00,8.697338E+03,2.659872E-06,1.050753E-04,0,0,0,0
Rh_4p12,72,1.68618598E-05,-1.071949E+01,8.040182E+03,3.192960E-06,1.151613E-04,0,0,0,0
Rh_4p12,73,1.84834363E-05,-1.172790E+01,7.451417E+03,3.831970E-06,1.262087E-04,0,0,0,0
Rh_4p12,74,2.02605792E-05,-1.282594E+01,6.927598E+03,4.597569E-06,1.383072E-04,0,0,0,0
Rh_4p12,75,2.22081559E-05,-1.401992E+01,6.464381E+03,5.514288E-06,1.515548E-04,0,0,0,0
Rh_4p12,76,2.43424471E-05,-1.531602E+01,6.058271E+03,6.611179E-06,1.660577E-04,0,0,0,0
Rh_4p12,77,2.66812790E-05,-1.672010E+01,5.707155E+03,7.922541E-06,1.819314E-04,0,0,0,0
Rh_4p12,78,2.92441716E-05,-1.823732E+01,5.408828E+03,9.488717E-06,1.993008E-04,0,0,0,0
Rh_4p12,79,3.20524919E-05,-1.987173E+01,5.162723E+03,1.135694E-05,2.183011E-04,0,0,0,0
Rh_4p12,80,3.51296338E-05,-2.162560E+01,4.968958E+03,1.358219E-05,2.390782E-04,0,0,0,0
Rh_4p12,81,3.85012014E-05,-2.349864E+01,4.828454E+03,1.622800E-05,2.617893E-04,0,0,0,0
Rh_4p12,82,4.21952215E-05,-2.548687E+01,4.744179E+03,1.936709E-05,2.866030E-04,0,0,0,0
Rh_4p12,83,4.62423676E-05,-2.758111E+01,4.720265E+03,2.308175E-05,3.136999E-04,0,0,0,0
Rh_4p12,84,5.06762051E-05,-2.976509E+01,4.763031E+03,2.746351E-05,3.432736E-04,0,0,0,0
Rh_4p12,85,5.55334622E-05,-3.201291E+01,4.880904E+03,3.261211E-05,3.755301E-04,0,0,0,0
Rh_4p12,86,6.08543274E-05,-3.428592E+01,5.082921E+03,3.863278E-05,4.106900E-04,0,0,0,0
Rh_4p12,87,6.66827627E-05,-3.652908E+01,5.375344E+03,4.563172E-05,4.489903E-04,0,0,0,0
Rh_4p12,88,7.30668595E-05,-3.866753E+01,5.747428E+03,5.370851E-05,4.906872E-04,0,0,0,0
Rh_4p12,89,8.00592177E-05,-4.060557E+01,6.132026E+03,6.294529E-05,5.360503E-04,0,0,0,0
Rh_4p12,90,8.77173610E-05,-4.223422E+01,6.342787E+03,7.339287E-05,5.853366E-04,0,0,0,0
Rh_4p12,91,9.61041931E-05,-4.345839E+01,6.109126E+03,8.505872E-05,6.388327E-04,0,0,0,0
Rh_4p12,92,1.05288485E-04,-4.424784E+01,5.339217E+03,9.791314E-05,6.970189E-04,0,0,0,0
Rh_4p12,93,1.15345422E-04,-4.467262E+01,4.314008E+03,1.119269E-04,7.604562E-04,0,0,0,0
Rh_4p12,94,1.26357184E-04,-4.486359E+01,3.428200E+03,1.271104E-04,8.294879E-04,0,0,0,0
Rh_4p12,95,1.38413580E-04,-4.493632E+01,2.827552E+03,1.435277E-04,9.044366E-04,0,0,0,0
Rh_4p12,96,1.51612748E-04,-4.495925E+01,2.434297E+03,1.612963E-04,9.858656E-04,0,0,0,0
Rh_4p12,97,1.66061904E-04,-4.496400E+01,2.146746E+03,1.805774E-04,1.074431E-03,0,0,0,0
Rh_4p12,98,1.81878167E-04,-4.496280E+01,1.910505E+03,2.015653E-04,1.170774E-03,0,0,0,0
Rh_4p12,99,1.99189447E-04,-4.495974E+01,1.703669E+03,2.244825E-04,1.275558E-03,0,0,0,0
Rh_4p12,100,2.18135417E-04,-4.495597E+01,1.518109E+03,2.495803E-04,1.389497E-03,0,0,0,0
Rh_4p12,101,2.38868560E-04,-4.495175E+01,1.350511E+03,2.771417E-04,1.513369E-03,0,0,0,0
Rh_4p12,102,2.61555319E-04,-4.494711E+01,1.199024E+03,3.074861E-04,1.648014E-03,0,0,0,0
Rh_4p12,103,2.86377324E-04,-4.494204E+01,1.062225E+03,3.409751E-04,1.794341E-03,0,0,0,0
Rh_4p12,104,3.13532746E-04,-4.493647E+01,9.388536E+02,3.780190E-04,1.953329E-03,0,0,0,0
Rh_4p12,105,3.43237752E-04,-4.493038E+01,8.277589E+02,4.190847E-04,2.126035E-03,0,0,0,0
Rh_4p12,106,3.75728075E-04,-4.492370E+01,7.278826E+02,4.647045E-04,2.313595E-03,0,0,0,0
Rh_4p12,107,4.11260733E-04,-4.491640E+01,6.382505E+02,5.154866E-04,2.517227E-03,0,0,0,0
Rh_4p12,108,4.50115867E-04,-4.490839E+01,5.579650E+02,5.721272E-04,2.738243E-03,0,0,0,0
Rh_4p12,109,4.92598745E-04,-4.489963E+01,4.861979E+02,6.354245E-04,2.978046E-03,0,0,0,0
Rh_4p12,110,5.39041925E-04,-4.489004E+01,4.221839E+02,7.062951E-04,3.238139E-03,0,0,0,0
Rh_4p12,111,5.89807581E-04,-4.487954E+01,3.652153E+02,7.857932E-04,3.520130E-03,0,0,0,0
Rh_4p12,112,6.45290023E-04,-4.486804E+01,3.146370E+02,8.751321E-04,3.825733E-03,0,0,0,0
Rh_4p12,113,7.05918418E-04,-4.485546E+01,2.698426E+02,9.757105E-04,4.156772E-03,0,0,0,0
Rh_4p12,114,7.72159708E-04,-4.484170E+01,2.302707E+02,1.089142E-03,4.515188E-03,0,0,0,0
Rh_4p12,115,8.44521763E-04,-4.482664E+01,1.954018E+02,1.217288E-03,4.903038E-03,0,0,0,0
Rh_4p12,116,9.23556778E-04,-4.481017E+01,1.647560E+02,1.362301E-03,5.322495E-03,0,0,0,0
Rh_4p12,117,1.00986491E-03,-4.479215E+01,1.378902E+02,1.526665E-03,5.775853E-03,0,0,0,0
Rh_4p12,118,1.10409819E-03,-4.477245E+01,1.143972E+02,1.713255E-03,6.265521E-03,0,0,0,0
Rh_4p12,119,1.20696472E-03,-4.475091E+01,9.390273E+01,1.925391E-03,6.794021E-03,0,0,0,0
Rh_4p12,120,1.31923320E-03,-4.472735E+01,7.606492E+01,2.166914E-03,7.363983E-03,0,0,0,0
Rh_4p12,121,1.44173773E-03,-4.470161E+01,6.057219E+01,2.442260E-03,7.978135E-03,0,0,0,0
Rh_4p12,122,1.57538293E-03,-4.467349E+01,4.714199E+01,2.756556E-03,8.639292E-03,0,0,0,0
Rh_4p12,123,1.72114953E-03,-4.464276E+01,3.551929E+01,3.115722E-03,9.350340E-03,0,0,0,0
Rh_4p12,124,1.88010018E-03,-4.460920E+01,2.547503E+01,3.526587E-03,1.011422E-02,0,0,0,0
Rh_4p12,125,2.05338577E-03,-4.457255E+01,1.680455E+01,3.997023E-03,1.093388E-02,0,0,0,0
Rh_4p12,126,2.24225204E-03,-4.453255E+01,9.325979E+00,4.536095E-03,1.181229E-02,0,0,0,0
Rh_4p12,127,2.44804675E-03,-4.448890E+01,2.878559E+00,5.154226E-03,1.275235E-02,0,0,0,0
Rh_4p12,128,2.67222716E-03,-4.444129E+01,-2.679054E+00,5.863385E-03,1.375687E-02,0,0,0,0
Rh_4p12,129,2.91636804E-03,-4.438938E+01,-7.470479E+00,6.677286E-03,1.482854E-02,0,0,0,0
Rh_4p12,130,3.18217011E-03,-4.433281E+01,-1.160328E+01,7.611619E-03,1.596979E-02,0,0,0,0
Rh_4p12,131,3.47146901E-03,-4.427118E+01,-1.517060E+01,8.684286E-03,1.718280E-02,0,0,0,0
Rh_4p12,132,3.78624466E-03,-4.420409E+01,-1.825274E+01,9.915663E-03,1.846935E-02,0,0,0,0
Rh_4p12,133,4.12863129E-03,-4.413109E+01,-2.091858E+01,1.132888E-02,1.983075E-02,0,0,0,0
Rh_4p12,134,4.50092781E-03,-4.405173E+01,-2.322706E+01,1.295010E-02,2.126772E-02,0,0,0,0
Rh_4p12,135,4.90560879E-03,-4.396549E+01,-2.522837E+01,1.480881E-02,2.278024E-02,0,0,0,0
Rh_4p12,136,5.34533597E-03,-4.387188E+01,-2.696512E+01,1.693813E-02,2.436744E-02,0,0,0,0
Rh_4p12,137,5.82297026E-03,-4.377034E+01,-2.847345E+01,1.937504E-02,2.602743E-02,0,0,0,0
Rh_4p12,138,6.34158424E-03,-4.366031E+01,-2.978387E+01,2.216070E-02,2.775709E-02,0,0,0,0
Rh_4p12,139,6.90447521E-03,-4.354120E+01,-3.092214E+01,2.534058E-02,2.955196E-02,0,0,0,0
Rh_4p12,140,7.51517875E-03,-4.341241E+01,-3.190999E+01,2.896463E-02,3.140597E-02,0,0,0,0
Rh_4p12,141,8.17748271E-03,-4.327333E+01,-3.276570E+01,3.308731E-02,3.331130E-02,0,0,0,0
Rh_4p12,142,8.89544175E-03,-4.312332E+01,-3.350467E+01,3.776750E-02,3.525811E-02,0,0,0,0
Rh_4p12,143,9.67339220E-03,-4.296174E+01,-3.413989E+01,4.306822E-02,3.723440E-02,0,0,0,0
Rh_4p12,144,1.05159675E-02,-4.278796E+01,-3.468230E+01,4.905617E-02,3.922573E-02,0,0,0,0
Rh_4p12,145,1.14281138E-02,-4.260133E+01,-3.514115E+01,5.580094E-02,4.121513E-02,0,0,0,0
Rh_4p12,146,1.24151062E-02,-4.240122E+01,-3.552423E+01,6.337399E-02,4.318287E-02,0,0,0,0
Rh_4p12,147,1.34825648E-02,-4.218700E+01,-3.583817E+01,7.184716E-02,4.510640E-02,0,0,0,0
Rh_4p12,148,1.46364718E-02,-4.195804E+01,-3.608860E+01,8.129071E-02,4.696023E-02,0,0,0,0
Rh_4p12,149,1.58831875E-02,-4.171373E+01,-3.628031E+01,9.177094E-02,4.871599E-02,0,0,0,0
Rh_4p12,150,1.72294681E-02,-4.145346E+01,-3.641736E+01,1.033471E-01,5.034246E-02,0,0,0,0
Rh_4p12,151,1.86824817E-02,-4.117665E+01,-3.650327E+01,1.160679E-01,5.180582E-02,0,0,0,0
Rh_4p12,152,2.02498260E-02,-4.088270E+01,-3.654102E+01,1.299668E-01,5.306991E-02,0,0,0,0
Rh_4p12,153,2.19395442E-02,-4.057105E+01,-3.653318E+01,1.450575E-01,5.409671E-02,0,0,0,0
Rh_4p12,154,2.37601426E-02,-4.024114E+01,-3.648197E+01,1.613277E-01,5.484691E-02,0,0,0,0
Rh_4p12,155,2.57206060E-02,-3.989244E+01,-3.638930E+01,1.787333E-01,5.528069E-02,0,0,0,0
Rh_4p12,156,2.78304141E-02,-3.952443E+01,-3.625686E+01,1.971913E-01,5.535867E-02,0,0,0,0
Rh_4p12,157,3.00995567E-02,-3.913670E+01,-3.608613E+01,2.165728E-01,5.504298E-02,0,0,0,0
Rh_4p12,158,3.25385485E-02,-3.872889E+01,-3.587850E+01,2.366956E-01,5.429856E-02,0,0,0,0
Rh_4p12,159,3.51584436E-02,-3.830076E+01,-3.563526E+01,2.573177E-01,5.309453E-02,0,0,0,0
Rh_4p12,160,3.79708483E-02,-3.785224E+01,-3.535767E+01,2.781309E-01,5.140573E-02,0,0,0,0
Rh_4p12,161,4.09879343E-02,-3.738337E+01,-3.504700E+01,2.987557E-01,4.921431E-02,0,0,0,0
Rh_4p12,162,4.42224493E-02,-3.689434E+01,-3.470451E+01,3.187380E-01,4.651129E-02,0,0,0,0
Rh_4p12,163,4.76877285E-02,-3.638540E+01,-3.433143E+01,3.375488E-01,4.329811E-02,0,0,0,0
Rh_4p12,164,5.13977028E-02,-3.585677E+01,-3.392888E+01,3.545857E-01,3.958809E-02,0,0,0,0
Rh_4p12,165,5.53669077E-02,-3.530861E+01,-3.349785E+01,3.691798E-01,3.540756E-02,0,0,0,0
Rh_4p12,166,5.96104891E-02,-3.474097E+01,-3.303916E+01,3.806056E-01,3.079693E-02,0,0,0,0
Rh_4p12,167,6.41442095E-02,-3.415384E+01,-3.255351E+01,3.880975E-01,2.581110E-02,0,0,0,0
Rh_4p12,168,6.89844506E-02,-3.354727E+01,-3.204155E+01,3.908700E-01,2.051938E-02,0,0,0,0
Rh_4p12,169,7.41482165E-02,-3.292147E+01,-3.150404E+01,3.881451E-01,1.500495E-02,0,0,0,0
Rh_4p12,170,7.96531339E-02,-3.227687E+01,-3.094192E+01,3.791836E-01,9.363495E-03,0,0,0,0
Rh_4p12,171,8.55174508E-02,-3.161418E+01,-3.035631E+01,3.633214E-01,3.701145E-03,0,0,0,0
Rh_4p12,172,9.17600344E-02,-3.093435E+01,-2.974858E+01,3.400100E-01,-1.868209E-03,0,0,0,0
Rh_4p12,173,9.84003662E-02,-3.023849E+01,-2.912021E+01,3.088574E-01,-7.226257E-03,0,0,0,0
Rh_4p12,174,1.05458536E-01,-2.952784E+01,-2.847275E+01,2.696706E-01,-1.225410E-02,0,0,0,0
Rh_4p12,175,1.12955235E-01,-2.880360E+01,-2.780776E+01,2.224941E-01,-1.683644E-02,0,0,0,0
Rh_4p12,176,1.20911745E-01,-2.806695E+01,-2.712668E+01,1.676452E-01,-2.086598E-02,0,0,0,0
Rh_4p12,177,1.29349929E-01,-2.731905E+01,-2.643096E+01,1.057397E-01,-2.424777E-02,0,0,0,0
Rh_4p12,178,1.38292216E-01,-2.656108E+01,-2.572201E+01,3.770877E-02,-2.690339E-02,0,0,0,0
Rh_4p12,179,1.47761591E-01,-2.579442E+01,-2.500145E+01,-3.519877E-02,-2.877457E-02,0,0,0,0
Rh_4p12,180,1.57781575E-01,-2.502074E+01,-2.427114E+01,-1.114279E-01,-2.982616E-02,0,0,0,0
Rh_4p12,181,1.68376212E-01,-2.424207E+01,-2.353331E+01,-1.891458E-01,-3.004801E-02,0,0,0,0
Rh_4p12,182,1.79570046E-01,-2.346077E+01,-2.279043E+01,-2.662868E-01,-2.945582E-02,0,0,0,0
Rh_4p12,183,1.91388107E-01,-2.267915E+01,-2.204502E+01,-3.406120E-01,-2.809069E-02,0,0,0,0
Rh_4p12,184,2.03855884E-01,-2.189930E+01,-2.129925E+01,-4.097833E-01,-2.601753E-02,0,0,0,0
Rh_4p12,185,2.16999312E-01,-2.112282E+01,-2.055490E+01,-4.714476E-01,-2.332249E-02,0,0,0,0
Rh_4p12,186,2.30844738E-01,-2.035096E+01,-1.981333E+01,-5.233285E-01,-2.010939E-02,0,0,0,0
Rh_4p12,187,2.45418909E-01,-1.958502E+01,-1.907598E+01,-5.633209E-01,-1.649541E-02,0,0,0,0
Rh_4p12,188,2.60748939E-01,-1.882649E+01,-1.834443E+01,-5.895831E-01,-1.260614E-02,0,0,0,0
Rh_4p12,189,2.76862289E-01,-1.807748E+01,-1.762087E+01,-6.006208E-01,-8.570228E-03,0,0,0,0
Rh_4p12,190,2.93786740E-01,-1.734037E+01,-1.690779E+01,-5.953589E-01,-4.514092E-03,0,0,0,0
Rh_4p12,191,3.11550369E-01,-1.661780E+01,-1.620790E+01,-5.731944E-01,-5.569404E-04,0,0,0,0
Rh_4p12,192,3.30181523E-01,-1.591224E+01,-1.552374E+01,-5.340301E-01,3.193444E-03,0,0,0,0
Rh_4p12,193,3.49708788E-01,-1.522575E+01,-1.485743E+01,-4.782861E-01,6.644005E-03,0,0,0,0
Rh_4p12,194,3.70160971E-01,-1.455967E+01,-1.421041E+01,-4.068895E-01,9.718699E-03,0,0,0,0
Rh_4p12,195,3.91567070E-01,-1.391461E+01,-1.358333E+01,-3.212448E-01,1.235981E-02,0,0,0,0
Rh_4p12,196,4.13956246E-01,-1.329038E+01,-1.297606E+01,-2.231844E-01,1.452841E-02,0,0,0,0
Rh_4p12,197,4.37357801E-01,-1.268624E+01,-1.238794E+01,-1.149043E-01,1.620407E-02,0,0,0,0
Rh_4p12,198,4.61801153E-01,-1.210111E+01,-1.181793E+01,1.114208E-03,1.738399E-02,0,0,0,0
Rh_4p12,199,4.87315808E-01,-1.153392E+01,-1.126502E+01,1.221937E-01,1.808157E-02,0,0,0,0
Rh_4p12,200,5.13931339E-01,-1.098404E+01,-1.072861E+01,2.455556E-01,1.832448E-02,0,0,0,0
Rh_4p12,201,5.41677359E-01,-1.045133E+01,-1.020862E+01,3.684175E-01,1.815229E-02,0,0,0,0
Rh_4p12,202,5.70583501E-01,-9.936309E+00,-9.705612E+00,4.880881E-01,1.761367E-02,0,0,0,0
Rh_4p12,203,6.00679395E-01,-9.439808E+00,-9.220450E+00,6.020523E-01,1.676344E-02,0,0,0,0
Rh_4p12,204,6.31994644E-01,-8.962447E+00,-8.753789E+00,7.080454E-01,1.565965E-02,0,0,0,0
Rh_4p12,205,6.64558806E-01,-8.504099E+00,-8.305540E+00,8.041105E-01,1.436101E-02,0,0,0,0
Rh_4p12,206,6.98401370E-01,-8.063714E+00,-7.874691E+00,8.886426E-01,1.292488E-02,0,0,0,0
Rh_4p12,207,7.33551743E-01,-7.639614E+00,-7.459600E+00,9.604180E-01,1.140570E-02,0,0,0,0
Rh_4p12,208,7.70039224E-01,-7.230092E+00,-7.058590E+00,1.018611E+00,9.853708E-03,0,0,0,0
Rh_4p12,209,8.07892992E-01,-6.833761E+00,-6.670306E+00,1.062795E+00,8.313865E-03,0,0,0,0
Rh_4p12,210,8.47142087E-01,-6.450021E+00,-6.294174E+00,1.092936E+00,6.824914E-03,0,0,0,0
Rh_4p12,211,8.87815393E-01,-6.078773E+00,-5.930120E+00,1.109359E+00,5.418695E-03,0,0,0,0
Rh_4p12,212,9.29941626E-01,-5.720469E+00,-5.578619E+00,1.112717E+00,4.119813E-03,0,0,0,0
Rh_4p12,213,9.73549318E-01,-5.375815E+00,-5.240402E+00,1.103935E+00,2.945658E-03,0,0,0,0
Rh_4p12,214,1.01866680E+00,-5.045607E+00,-4.916284E+00,1.084156E+00,1.906794E-03,0,0,0,0
Rh_4p12,215,1.06532220E+00,-4.730582E+00,-4.607023E+00,1.054682E+00,1.007645E-03,0,0,0,0
Rh_4p12,216,1.11354343E+00,-4.431322E+00,-4.313220E+00,1.016912E+00,2.473701E-04,0,0,0,0
Rh_4p12,217,1.16335815E+00,-4.148201E+00,-4.035268E+00,9.722884E-01,-3.791447E-04,0,0,0,0
Rh_4p12,218,1.21479379E+00,-3.881358E+00,-3.773322E+00,9.222486E-01,-8.802776E-04,0,0,0,0
Rh_4p12,219,1.26787754E+00,-3.630724E+00,-3.527330E+00,8.681805E-01,-1.266711E-03,0,0,0,0
Rh_4p12,220,1.32263631E+00,-3.396024E+00,-3.297031E+00,8.113897E-01,-1.550568E-03,0,0,0,0
Rh_4p12,221,1.37909677E+00,-3.176817E+00,-3.081996E+00,7.530743E-01,-1.744662E-03,0,0,0,0
Rh_4p12,222,1.43728528E+00,-2.972548E+00,-2.881687E+00,6.943070E-01,-1.861902E-03,0,0,0,0
Rh_4p12,223,1.49722796E+00,-2.782548E+00,-2.695444E+00,6.360249E-01,-1.914811E-03,0,0,0,0
Rh_4p12,224,1.55895062E+00,-2.606110E+00,-2.522574E+00,5.790252E-01,-1.915180E-03,0,0,0,0
Rh_4p12,225,1.62247878E+00,-2.442473E+00,-2.362325E+00,5.239661E-01,-1.873836E-03,0,0,0,0
Rh_4p12,226,1.68783768E+00,-2.290872E+00,-2.213944E+00,4.713723E-01,-1.800489E-03,0,0,0,0
Rh_4p12,227,1.75505224E+00,-2.150546E+00,-2.076677E+00,4.216430E-01,-1.703671E-03,0,0,0,0
Rh_4p12,228,1.82414712E+00,-2.020748E+00,-1.949787E+00,3.750627E-01,-1.590724E-03,0,0,0,0
Rh_4p12,229,1.89514662E+00,-1.900750E+00,-1.832557E+00,3.318132E-01,-1.467834E-03,0,0,0,0
Rh_4p12,230,1.96807478E+00,-1.789858E+00,-1.724297E+00,2.919861E-01,-1.340104E-03,0,0,0,0
Rh_4p12,231,2.04295531E+00,-1.687406E+00,-1.624351E+00,2.555962E-01,-1.211635E-03,0,0,0,0
Rh_4p12,232,2.11981162E+00,-1.592763E+00,-1.532096E+00,2.225941E-01,-1.085633E-03,0,0,0,0
Rh_4p12,233,2.19866681E+00,-1.507401E+00,-1.449009E+00,1.928785E-01,-9.645679E-04,0,0,0,0
Rh_4p12,234,2.27954366E+00,-1.432604E+00,-1.376377E+00,1.663053E-01,-8.503122E-04,0,0,0,0
Rh_4p12,235,2.36246467E+00,-1.367349E+00,-1.313187E+00,1.426968E-01,-7.441372E-04,0,0,0,0
Rh_4p12,236,2.44745199E+00,-1.310668E+00,-1.258476E+00,1.218532E-01,-6.467645E-04,0,0,0,0
Rh_4p12,237,2.53452750E+00,-1.261654E+00,-1.211340E+00,1.035611E-01,-5.584872E-04,0,0,0,0
Rh_4p12,238,2.62371274E+00,-1.219458E+00,-1.170937E+00,8.760120E-02,-4.792715E-04,0,0,0,0
Rh_4p12,239,2.71502897E+00,-1.183295E+00,-1.136486E+00,7.375474E-02,-4.088424E-04,0,0,0,0
Rh_4p12,240,2.80849713E+00,-1.152443E+00,-1.107269E+00,6.180800E-02,-3.467541E-04,0,0,0,0
Rh_4p12,241,2.90413787E+00,-1.126241E+00,-1.082630E+00,5.155597E-02,-2.924476E-04,0,0,0,0
Rh_4p12,242,3.00197152E+00,-1.104092E+00,-1.061975E+00,4.280497E-02,-2.452964E-04,0,0,0,0
Rh_4p12,243,3.10201813E+00,-1.085456E+00,-1.044767E+00,3.537440E-02,-2.046425E-04,0,0,0,0
Rh_4p12,244,3.20429744E+00,-1.069848E+00,-1.030525E+00,2.909778E-02,-1.698230E-04,0,0,0,0
Rh_4p12,245,3.30882892E+00,-1.056837E+00,-1.018822E+00,2.382323E-02,-1.401912E-04,0,0,0,0
Rh_4p12,246,3.41563171E+00,-1.046044E+00,-1.009280E+00,1.941349E-02,-1.151300E-04,0,0,0,0
Rh_4p12,247,3.52472471E+00,-1.037132E+00,-1.001567E+00,1.574562E-02,-9.406198E-05,0,0,0,0
Rh_4p12,248,3.63612649E+00,-1.029809E+00,-9.953923E-01,1.271038E-02,-7.645528E-05,0,0,0,0
Rh_4p12,249,3.74985537E+00,-1.023820E+00,-9.905046E-01,1.021148E-02,-6.182645E-05,0,0,0,0
Rh_4p12,250,3.86592937E+00,-1.018947E+00,-9.866865E-01,8.164655E-03,-4.974128E-05,0,0,0,0
Rh_4p12,251,3.98436626E+00,-1.015001E+00,-9.837521E-01,6.496703E-03,-3.981395E-05,0,0,0,0
Rh_4p12,252,4.10518351E+00,-1.011821E+00,-9.815429E-01,5.144472E-03,-3.170491E-05,0,0,0,0
Rh_4p12,253,4.22839834E+00,-1.009271E+00,-9.799248E-01,4.053849E-03,-2.511808E-05,0,0,0,0
Rh_4p12,254,4.35402770E+00,-1.007237E+00,-9.787848E-01,3.178770E-03,-1.979745E-05,0,0,0,0
Rh_4p12,255,4.48208827E+00,-1.005622E+00,-9.780288E-01,2.480284E-03,-1.552344E-05,0,0,0,0
Rh_4p12,256,4.61259649E+00,-1.004346E+00,-9.775784E-01,1.925662E-03,-1.210917E-05,0,0,0,0
Rh_4p12,257,4.74556853E+00,-1.003344E+00,-9.773689E-01,1.487582E-03,-9.396798E-06,0,0,0,0
Rh_4p12,258,4.88102031E+00,-1.002560E+00,-9.773473E-01,1.143377E-03,-7.253963E-06,0,0,0,0
Rh_4p12,259,5.01896752E+00,-1.001950E+00,-9.774707E-01,8.743628E-04,-5.570458E-06,0,0,0,0
Rh_4p12,260,5.15942559E+00,-1.001479E+00,-9.777040E-01,6.652327E-04,-4.255167E-06,0,0,0,0
Rh_4p12,261,5.30240972E+00,-1.001115E+00,-9.780192E-01,5.035253E-04,-3.233272E-06,0,0,0,0
Rh_4p12,262,5.44793486E+00,-1.000837E+00,-9.783940E-01,3.791587E-04,-2.443753E-06,0,0,0,0
Rh_4p12,263,5.59601573E+00,-1.000625E+00,-9.788109E-01,2.840267E-04,-1.837179E-06,0,0,0,0
Rh_4p12,264,5.74666685E+00,-1.000464E+00,-9.792558E-01,2.116520E-04,-1.373770E-06,0,0,0,0
Rh_4p12,265,5.89990247E+00,-1.000343E+00,-9.797182E-01,1.568909E-04,-1.021727E-06,0,0,0,0
Rh_4p12,266,6.05573665E+00,-1.000252E+00,-9.801897E-01,1.156837E-04,-7.557929E-07,0,0,0,0
Rh_4p12,267,6.21418324E+00,-1.000185E+00,-9.806640E-01,8.484627E-05,-5.560425E-07,0,0,0,0
Rh_4p12,268,6.37525583E+00,-1.000134E+00,-9.811364E-01,6.189666E-05,-4.068551E-07,0,0,0,0
Rh_4p12,269,6.53896785E+00,-1.000097E+00,-9.816035E-01,4.491208E-05,-2.960657E-07,0,0,0,0
Rh_4p12,270,6.70533249E+00,-1.000070E+00,-9.820627E-01,3.241221E-05,-2.142607E-07,0,0,0,0
Rh_4p12,271,6.87436275E+00,-1.000050E+00,-9.825123E-01,2.326439E-05,-1.542032E-07,0,0,0,0
Rh_4p12,272,7.04607142E+00,-1.000036E+00,-9.829511E-01,1.660736E-05,-1.103647E-07,0,0,0,0
Rh_4p12,273,7.22047112E+00,-1.000025E+00,-9.833784E-01,1.179028E-05,-7.854948E-08,0,0,0,0
Rh_4p12,274,7.39757424E+00,-1.000018E+00,-9.837936E-01,8.324361E-06,-5.559339E-08,0,0,0,0
Rh_4p12,275,7.57739300E+00,-1.000013E+00,-9.841968E-01,5.844802E-06,-3.912550E-08,0,0,0,0
Rh_4p12,276,7.75993943E+00,-1.000009E+00,-9.845877E-01,4.081032E-06,-2.738068E-08,0,0,0,0
Rh_4p12,277,7.94522537E+00,-1.000006E+00,-9.849667E-01,2.833615E-06,-1.905314E-08,0,0,0,0
Rh_4p12,278,8.13326250E+00,-1.000004E+00,-9.853338E-01,1.956464E-06,-1.318311E-08,0,0,0,0
Rh_4p12,279,8.32406229E+00,-1.000003E+00,-9.856894E-01,1.343237E-06,-9.069615E-09,0,0,0,0
Rh_4p12,280,8.51763607E+00,-1.000002E+00,-9.860338E-01,9.170082E-07,-6.203982E-09,0,0,0,0
Rh_4p12,281,8.71399497E+00,-1.000001E+00,-9.863674E-01,6.224774E-07,-4.219432E-09,0,0,0,0
Rh_4p12,282,8.91314998E+00,-1.000001E+00,-9.866904E-01,4.201398E-07,-2.853189E-09,0,0,0,0
Rh_4p12,283,9.11511189E+00,-1.000001E+00,-9.870033E-01,2.819515E-07,-1.918189E-09,0,0,0,0
Rh_4p12,284,9.31989135E+00,-1.000000E+00,-9.873064E-01,1.881291E-07,-1.282118E-09,0,0,0,0
Rh_4p12,285,9.52749887E+00,-1.000000E+00,-9.876000E-01,1.248041E-07,-8.519854E-10,0,0,0,0
Rh_4p12,286,9.73794475E+00,-1.000000E+00,-9.878846E-01,8.231601E-08,-5.628533E-10,0,0,0,0
Rh_4p12,287,9.95123920E+00,-1.000000E+00,-9.881604E-01,5.397754E-08,-3.696657E-10,0,0,0,0
Rh_4p12,288,1.01673922E+01,-1.000000E+00,-9.884277E-01,3.518896E-08,-2.413602E-10,0,0,0,0
Rh_4p12,289,1.03864137E+01,-1.000000E+00,-9.886870E-01,2.280633E-08,-1.566596E-10,0,0,0,0
Rh_4p12,290,1.06083134E+01,-1.000000E+00,-9.889384E-01,1.469439E-08,-1.010823E-10,0,0,0,0
Rh_4p12,291,1.08331008E+01,-1.000000E+00,-9.891823E-01,9.412104E-09,-6.483539E-11,0,0,0,0
Rh_4p12,292,1.10607855E+01,-1.000000E+00,-9.894189E-01,5.993108E-09,-4.133905E-11,0,0,0,0
Rh_4p12,293,1.12913768E+01,-1.000000E+00,-9.896486E-01,3.793497E-09,-2.620068E-11,0,0,0,0
Rh_4p12,294,1.15248837E+01,-1.000000E+00,-9.898715E-01,2.386940E-09,-1.650672E-11,0,0,0,0
Rh_4p12,295,1.17613155E+01,-1.000000E+00,-9.900879E-01,1.492965E-09,-1.033708E-11,0,0,0,0
Rh_4p12,296,1.20006809E+01,-1.000000E+00,-9.902981E-01,9.282309E-10,-6.434521E-12,0,0,0,0
Rh_4p12,297,1.22429888E+01,-1.000000E+00,-9.905022E-01,5.736581E-10,-3.981154E-12,0,0,0,0
Rh_4p12,298,1.24882478E+01,-1.000000E+00,-9.907006E-01,3.523980E-10,-2.448324E-12,0,0,0,0
Rh_4p12,299,1.27364664E+01,-1.000000E+00,-9.908933E-01,2.151737E-10,-1.496542E-12,0,0,0,0
Rh_4p12,300,1.29876532E+01,-1.000000E+00,-9.910806E-01,1.305910E-10,-9.142104E-13,0,0,0,0
Rh_4p12,301,1.32418163E+01,-1.000000E+00,-9.912626E-01,7.877682E-11,-5.373720E-13,0,0,0,0
Rh_4p32,0,2.22222222E-08,-1.426115E-02,5.625436E+06,2.522134E-13,-5.255946E-18,0,0,0,0
Rh_4p32,1,2.43686888E-08,-1.563865E-02,5.129949E+06,3.031365E-13,-6.929363E-18,0,0,0,0
Rh_4p32,2,2.67224847E-08,-1.714921E-02,4.678106E+06,3.643852E-13,-9.134773E-18,0,0,0,0
Rh_4p32,3,2.93035852E-08,-1.880563E-02,4.266069E+06,4.380490E-13,-1.204186E-17,0,0,0,0
Rh_4p32,4,3.21339917E-08,-2.062205E-02,3.890324E+06,5.266411E-13,-1.587446E-17,0,0,0,0
Rh_4p32,5,3.52377847E-08,-2.261392E-02,3.547675E+06,6.331832E-13,-2.092762E-17,0,0,0,0
Rh_4p32,6,3.86413030E-08,-2.479813E-02,3.235212E+06,7.613085E-13,-2.759028E-17,0,0,0,0
Rh_4p32,7,4.23735575E-08,-2.719331E-02,2.950269E+06,9.153871E-13,-3.637550E-17,0,0,0,0
Rh_4p32,8,4.64662192E-08,-2.981978E-02,2.690429E+06,1.100672E-12,-4.795948E-17,0,0,0,0
Rh_4p32,9,5.09540830E-08,-3.269988E-02,2.453478E+06,1.323481E-12,-6.323398E-17,0,0,0,0
Rh_4p32,10,5.58753999E-08,-3.585814E-02,2.237396E+06,1.591413E-12,-8.337524E-17,0,0,0,0
Rh_4p32,11,6.12719276E-08,-3.932137E-02,2.040350E+06,1.913600E-12,-1.099334E-16,0,0,0,0
Rh_4p32,12,6.71896597E-08,-4.311908E-02,1.860658E+06,2.301030E-12,-1.449537E-16,0,0,0,0
Rh_4p32,13,7.36788069E-08,-4.728350E-02,1.696794E+06,2.766908E-12,-1.911312E-16,0,0,0,0
Rh_4p32,14,8.07945326E-08,-5.185002E-02,1.547365E+06,3.327116E-12,-2.520205E-16,0,0,0,0
Rh_4p32,15,8.85974782E-08,-5.685758E-02,1.411096E+06,4.000753E-12,-3.323101E-16,0,0,0,0
Rh_4p32,16,9.71538449E-08,-6.234864E-02,1.286830E+06,4.810780E-12,-4.381786E-16,0,0,0,0
Rh_4p32,17,1.06536364E-07,-6.836988E-02,1.173510E+06,5.784806E-12,-5.777747E-16,0,0,0,0
Rh_4p32,18,1.16824785E-07,-7.497249E-02,1.070172E+06,6.956029E-12,-7.618425E-16,0,0,0,0
Rh_4p32,19,1.28106557E-07,-8.221258E-02,9.759356E+05,8.364368E-12,-1.004548E-15,0,0,0,0
Rh_4p32,20,1.40477809E-07,-9.015183E-02,8.899979E+05,1.005783E-11,-1.324577E-15,0,0,0,0
Rh_4p32,21,1.54043217E-07,-9.885743E-02,8.116309E+05,1.209410E-11,-1.746545E-15,0,0,0,0
Rh_4p32,22,1.68918585E-07,-1.084037E-01,7.401649E+05,1.454261E-11,-2.302941E-15,0,0,0,0
Rh_4p32,23,1.85229766E-07,-1.188714E-01,6.749944E+05,1.748675E-11,-3.036558E-15,0,0,0,0
Rh_4p32,24,2.03115995E-07,-1.303499E-01,6.155626E+05,2.102688E-11,-4.003877E-15,0,0,0,0
Rh_4p32,25,2.22728585E-07,-1.429362E-01,5.613661E+05,2.528358E-11,-5.279289E-15,0,0,0,0
Rh_4p32,26,2.44234514E-07,-1.567376E-01,5.119427E+05,3.040189E-11,-6.960944E-15,0,0,0,0
Rh_4p32,27,2.67816518E-07,-1.718713E-01,4.668719E+05,3.655619E-11,-9.178223E-15,0,0,0,0
Rh_4p32,28,2.93674455E-07,-1.884656E-01,4.257711E+05,4.395609E-11,-1.210165E-14,0,0,0,0
Rh_4p32,29,3.22029000E-07,-2.066620E-01,3.882891E+05,5.285373E-11,-1.595625E-14,0,0,0,0
Rh_4p32,30,3.53119360E-07,-2.266141E-01,3.541092E+05,6.355204E-11,-2.103827E-14,0,0,0,0
Rh_4p32,31,3.87210673E-07,-2.484919E-01,3.229392E+05,7.641546E-11,-2.773877E-14,0,0,0,0
Rh_4p32,32,4.24592535E-07,-2.724814E-01,2.945141E+05,9.188210E-11,-3.657311E-14,0,0,0,0
Rh_4p32,33,4.65581675E-07,-2.987857E-01,2.685925E+05,1.104785E-10,-4.822054E-14,0,0,0,0
Rh_4p32,34,5.10526032E-07,-3.276282E-01,2.449539E+05,1.328380E-10,-6.357664E-14,0,0,0,0
Rh_4p32,35,5.59808063E-07,-3.592541E-01,2.233969E+05,1.597217E-10,-8.382253E-14,0,0,0,0
Rh_4p32,36,6.13844178E-07,-3.939307E-01,2.037388E+05,1.920448E-10,-1.105139E-13,0,0,0,0
Rh_4p32,37,6.73095020E-07,-4.319535E-01,1.858117E+05,2.309078E-10,-1.457038E-13,0,0,0,0
Rh_4p32,38,7.38061153E-07,-4.736436E-01,1.694638E+05,2.776329E-10,-1.920958E-13,0,0,0,0
Rh_4p32,39,8.09294905E-07,-5.193552E-01,1.545557E+05,3.338106E-10,-2.532563E-13,0,0,0,0
Rh_4p32,40,8.87400674E-07,-5.694762E-01,1.409606E+05,4.013525E-10,-3.338857E-13,0,0,0,0
Rh_4p32,41,9.73041115E-07,-6.244313E-01,1.285629E+05,4.825567E-10,-4.401802E-13,0,0,0,0
Rh_4p32,42,1.06694090E-06,-6.846855E-01,1.172574E+05,5.801853E-10,-5.803044E-13,0,0,0,0
Rh_4p32,43,1.16989756E-06,-7.507500E-01,1.069478E+05,6.975595E-10,-7.650253E-13,0,0,0,0
Rh_4p32,44,1.28278253E-06,-8.231832E-01,9.754656E+04,8.386708E-10,-1.008529E-12,0,0,0,0
Rh_4p32,45,1.40655260E-06,-9.025987E-01,8.897370E+04,1.008317E-09,-1.329516E-12,0,0,0,0
Rh_4p32,46,1.54225798E-06,-9.896691E-01,8.115625E+04,1.212268E-09,-1.752639E-12,0,0,0,0
Rh_4p32,47,1.69104604E-06,-1.085129E+00,7.402790E+04,1.457455E-09,-2.310374E-12,0,0,0,0
Rh_4p32,48,1.85417702E-06,-1.189786E+00,6.752802E+04,1.752211E-09,-3.045533E-12,0,0,0,0
Rh_4p32,49,2.03303422E-06,-1.304525E+00,6.160130E+04,2.106554E-09,-4.014544E-12,0,0,0,0
Rh_4p32,50,2.22912879E-06,-1.430313E+00,5.619744E+04,2.532520E-09,-5.291741E-12,0,0,0,0
Rh_4p32,51,2.44412209E-06,-1.568210E+00,5.127046E+04,3.044581E-09,-6.975107E-12,0,0,0,0
Rh_4p32,52,2.67983341E-06,-1.719380E+00,4.677851E+04,3.660126E-09,-9.193744E-12,0,0,0,0
Rh_4p32,53,2.93825503E-06,-1.885093E+00,4.268343E+04,4.400054E-09,-1.211774E-11,0,0,0,0
Rh_4p32,54,3.22157153E-06,-2.066741E+00,3.895042E+04,5.289480E-09,-1.597119E-11,0,0,0,0
Rh_4p32,55,3.53218026E-06,-2.265849E+00,3.554776E+04,6.358592E-09,-2.104940E-11,0,0,0,0
Rh_4p32,56,3.87270272E-06,-2.484082E+00,3.244656E+04,7.643658E-09,-2.774124E-11,0,0,0,0
Rh_4p32,57,4.24601843E-06,-2.723267E+00,2.962045E+04,9.188266E-09,-3.655913E-11,0,0,0,0
Rh_4p32,58,4.65527750E-06,-2.985394E+00,2.704545E+04,1.104479E-08,-4.817780E-11,0,0,0,0
Rh_4p32,59,5.10393592E-06,-3.272641E+00,2.469970E+04,1.327615E-08,-6.348599E-11,0,0,0,0
Rh_4p32,60,5.59577840E-06,-3.587386E+00,2.256327E+04,1.595797E-08,-8.365387E-11,0,0,0,0
Rh_4p32,61,6.13495341E-06,-3.932222E+00,2.061803E+04,1.918108E-08,-1.102222E-10,0,0,0,0
Rh_4p32,62,6.72600836E-06,-4.309977E+00,1.884749E+04,2.305460E-08,-1.452192E-10,0,0,0,0
Rh_4p32,63,7.37392185E-06,-4.723727E+00,1.723597E+04,2.770964E-08,-1.913141E-10,0,0,0,0
Rh_4p32,64,8.08415363E-06,-5.176819E+00,1.577138E+04,3.330366E-08,-2.520197E-10,0,0,0,0
Rh_4p32,65,8.86268273E-06,-5.672883E+00,1.444050E+04,4.002579E-08,-3.319567E-10,0,0,0,0
Rh_4p32,66,9.71605824E-06,-6.215851E+00,1.323121E+04,4.810320E-08,-4.372018E-10,0,0,0,0
Rh_4p32,67,1.06514605E-05,-6.809973E+00,1.213442E+04,5.780867E-08,-5.757442E-10,0,0,0,0
Rh_4p32,68,1.16767499E-05,-7.459821E+00,1.114076E+04,6.946975E-08,-7.580820E-10,0,0,0,0
Rh_4p32,69,1.28005423E-05,-8.170303E+00,1.024163E+04,8.347973E-08,-9.980047E-10,0,0,0,0
Rh_4p32,70,1.40322695E-05,-8.946653E+00,9.428991E+03,1.003107E-07,-1.313612E-09,0,0,0,0
Rh_4p32,71,1.53822682E-05,-9.794433E+00,8.697338E+03,1.205293E-07,-1.728649E-09,0,0,0,0
Rh_4p32,72,1.68618598E-05,-1.071949E+01,8.040182E+03,1.448156E-07,-2.274238E-09,0,0,0,0
Rh_4p32,73,1.84834363E-05,-1.172790E+01,7.451417E+03,1.739855E-07,-2.991126E-09,0,0,0,0
Rh_4p32,74,2.02605792E-05,-1.282594E+01,6.927598E+03,2.090178E-07,-3.932611E-09,0,0,0,0
Rh_4p32,75,2.22081559E-05,-1.401992E+01,6.464381E+03,2.510864E-07,-5.168293E-09,0,0,0,0
Rh_4p32,76,2.43424471E-05,-1.531602E+01,6.058271E+03,3.015986E-07,-6.788915E-09,0,0,0,0
Rh_4p32,77,2.66812790E-05,-1.672010E+01,5.707155E+03,3.622413E-07,-8.912535E-09,0,0,0,0
Rh_4p32,78,2.92441716E-05,-1.823732E+01,5.408828E+03,4.350355E-07,-1.169236E-08,0,0,0,0
Rh_4p32,79,3.20524919E-05,-1.987173E+01,5.162723E+03,5.224018E-07,-1.532660E-08,0,0,0,0
Rh_4p32,80,3.51296338E-05,-2.162560E+01,4.968958E+03,6.272379E-07,-2.007069E-08,0,0,0,0
Rh_4p32,81,3.85012014E-05,-2.349864E+01,4.828454E+03,7.530107E-07,-2.625230E-08,0,0,0,0
Rh_4p32,82,4.21952215E-05,-2.548687E+01,4.744179E+03,9.038665E-07,-3.428924E-08,0,0,0,0
Rh_4p32,83,4.62423676E-05,-2.758111E+01,4.720265E+03,1.084761E-06,-4.471037E-08,0,0,0,0
Rh_4p32,84,5.06762051E-05,-2.976509E+01,4.763031E+03,1.301613E-06,-5.817871E-08,0,0,0,0
Rh_4p32,85,5.55334622E-05,-3.201291E+01,4.880904E+03,1.561491E-06,-7.551537E-08,0,0,0,0
Rh_4p32,86,6.08543274E-05,-3.428592E+01,5.082921E+03,1.872830E-06,-9.772082E-08,0,0,0,0
Rh_4p32,87,6.66827627E-05,-3.652908E+01,5.375344E+03,2.245694E-06,-1.259878E-07,0,0,0,0
Rh_4p32,88,7.30668595E-05,-3.866753E+01,5.747428E+03,2.692097E-06,-1.616965E-07,0,0,0,0
Rh_4p32,89,8.00592177E-05,-4.060557E+01,6.132026E+03,3.226386E-06,-2.063807E-07,0,0,0,0
Rh_4p32,90,8.77173610E-05,-4.223422E+01,6.342787E+03,3.865679E-06,-2.616558E-07,0,0,0,0
Rh_4p32,91,9.61041931E-05,-4.345839E+01,6.109126E+03,4.630324E-06,-3.291296E-07,0,0,0,0
Rh_4p32,92,1.05288485E-04,-4.424784E+01,5.339217E+03,5.544612E-06,-4.103781E-07,0,0,0,0
Rh_4p32,93,1.15345422E-04,-4.467262E+01,4.314008E+03,6.637957E-06,-5.071126E-07,0,0,0,0
Rh_4p32,94,1.26357184E-04,-4.486359E+01,3.428200E+03,7.945693E-06,-6.215271E-07,0,0,0,0
Rh_4p32,95,1.38413580E-04,-4.493632E+01,2.827552E+03,9.509621E-06,-7.566099E-07,0,0,0,0
Rh_4p32,96,1.51612748E-04,-4.495925E+01,2.434297E+03,1.137945E-05,-9.162821E-07,0,0,0,0
Rh_4p32,97,1.66061904E-04,-4.496400E+01,2.146746E+03,1.361465E-05,-1.105441E-06,0,0,0,0
Rh_4p32,98,1.81878167E-04,-4.496280E+01,1.910505E+03,1.628622E-05,-1.330025E-06,0,0,0,0
Rh_4p32,99,1.99189447E-04,-4.495974E+01,1.703669E+03,1.947888E-05,-1.597134E-06,0,0,0,0
Rh_4p32,100,2.18135417E-04,-4.495597E+01,1.518109E+03,2.329359E-05,-1.915216E-06,0,0,0,0
Rh_4p32,101,2.38868560E-04,-4.495175E+01,1.350511E+03,2.785063E-05,-2.294310E-06,0,0,0,0
Rh_4p32,102,2.61555319E-04,-4.494711E+01,1.199024E+03,3.329330E-05,-2.746349E-06,0,0,0,0
Rh_4p32,103,2.86377324E-04,-4.494204E+01,1.062225E+03,3.979223E-05,-3.285516E-06,0,0,0,0
Rh_4p32,104,3.13532746E-04,-4.493647E+01,9.388536E+02,4.755052E-05,-3.928674E-06,0,0,0,0
Rh_4p32,105,3.43237752E-04,-4.493038E+01,8.277589E+02,5.680978E-05,-4.695870E-06,0,0,0,0
Rh_4p32,106,3.75728075E-04,-4.492370E+01,7.278826E+02,6.785737E-05,-5.610928E-06,0,0,0,0
Rh_4p32,107,4.11260733E-04,-4.491640E+01,6.382505E+02,8.103484E-05,-6.702160E-06,0,0,0,0
Rh_4p32,108,4.50115867E-04,-4.490839E+01,5.579650E+02,9.674792E-05,-8.003189E-06,0,0,0,0
Rh_4p32,109,4.92598745E-04,-4.489963E+01,4.861979E+02,1.154784E-04,-9.553935E-06,0,0,0,0
Rh_4p32,110,5.39041925E-04,-4.489004E+01,4.221839E+02,1.377978E-04,-1.140176E-05,0,0,0,0
Rh_4p32,111,5.89807581E-04,-4.487954E+01,3.652153E+02,1.643841E-04,-1.360284E-05,0,0,0,0
Rh_4p32,112,6.45290023E-04,-4.486804E+01,3.146370E+02,1.960404E-04,-1.622373E-05,0,0,0,0
Rh_4p32,113,7.05918418E-04,-4.485546E+01,2.698426E+02,2.337180E-04,-1.934326E-05,0,0,0,0
Rh_4p32,114,7.72159708E-04,-4.484170E+01,2.302707E+02,2.785422E-04,-2.305472E-05,0,0,0,0
Rh_4p32,115,8.44521763E-04,-4.482664E+01,1.954018E+02,3.318435E-04,-2.746839E-05,0,0,0,0
Rh_4p32,116,9.23556778E-04,-4.481017E+01,1.647560E+02,3.951933E-04,-3.271457E-05,0,0,0,0
Rh_4p32,117,1.00986491E-03,-4.479215E+01,1.378902E+02,4.704461E-04,-3.894706E-05,0,0,0,0
Rh_4p32,118,1.10409819E-03,-4.477245E+01,1.143972E+02,5.597877E-04,-4.634716E-05,0,0,0,0
Rh_4p32,119,1.20696472E-03,-4.475091E+01,9.390273E+01,6.657921E-04,-5.512844E-05,0,0,0,0
Rh_4p32,120,1.31923320E-03,-4.472735E+01,7.606492E+01,7.914865E-04,-6.554213E-05,0,0,0,0
Rh_4p32,121,1.44173773E-03,-4.470161E+01,6.057219E+01,9.404267E-04,-7.788343E-05,0,0,0,0
Rh_4p32,122,1.57538293E-03,-4.467349E+01,4.714199E+01,1.116784E-03,-9.249873E-05,0,0,0,0
Rh_4p32,123,1.72114953E-03,-4.464276E+01,3.551929E+01,1.325444E-03,-1.097939E-04,0,0,0,0
Rh_4p32,124,1.88010018E-03,-4.460920E+01,2.547503E+01,1.572121E-03,-1.302438E-04,0,0,0,0
Rh_4p32,125,2.05338577E-03,-4.457255E+01,1.680455E+01,1.863486E-03,-1.544031E-04,0,0,0,0
Rh_4p32,126,2.24225204E-03,-4.453255E+01,9.325979E+00,2.207312E-03,-1.829184E-04,0,0,0,0
Rh_4p32,127,2.44804675E-03,-4.448890E+01,2.878559E+00,2.612642E-03,-2.165423E-04,0,0,0,0
Rh_4p32,128,2.67222716E-03,-4.444129E+01,-2.679054E+00,3.089971E-03,-2.561487E-04,0,0,0,0
Rh_4p32,129,2.91636804E-03,-4.438938E+01,-7.470479E+00,3.651452E-03,-3.027503E-04,0,0,0,0
Rh_4p32,130,3.18217011E-03,-4.433281E+01,-1.160328E+01,4.311120E-03,-3.575176E-04,0,0,0,0
Rh_4p32,131,3.47146901E-03,-4.427118E+01,-1.517060E+01,5.085149E-03,-4.218001E-04,0,0,0,0
Rh_4p32,132,3.78624466E-03,-4.420409E+01,-1.825274E+01,5.992112E-03,-4.971496E-04,0,0,0,0
Rh_4p32,133,4.12863129E-03,-4.413109E+01,-2.091858E+01,7.053276E-03,-5.853445E-04,0,0,0,0
Rh_4p32,134,4.50092781E-03,-4.405173E+01,-2.322706E+01,8.292909E-03,-6.884163E-04,0,0,0,0
Rh_4p32,135,4.90560879E-03,-4.396549E+01,-2.522837E+01,9.738593E-03,-8.086776E-04,0,0,0,0
Rh_4p32,136,5.34533597E-03,-4.387188E+01,-2.696512E+01,1.142155E-02,-9.487501E-04,0,0,0,0
Rh_4p32,137,5.82297026E-03,-4.377034E+01,-2.847345E+01,1.337697E-02,-1.111594E-03,0,0,0,0
Rh_4p32,138,6.34158424E-03,-4.366031E+01,-2.978387E+01,1.564428E-02,-1.300534E-03,0,0,0,0
Rh_4p32,139,6.90447521E-03,-4.354120E+01,-3.092214E+01,1.826746E-02,-1.519288E-03,0,0,0,0
Rh_4p32,140,7.51517875E-03,-4.341241E+01,-3.190999E+01,2.129522E-02,-1.771985E-03,0,0,0,0
Rh_4p32,141,8.17748271E-03,-4.327333E+01,-3.276570E+01,2.478114E-02,-2.063188E-03,0,0,0,0
Rh_4p32,142,8.89544175E-03,-4.312332E+01,-3.350467E+01,2.878369E-02,-2.397896E-03,0,0,0,0
Rh_4p32,143,9.67339220E-03,-4.296174E+01,-3.413989E+01,3.336612E-02,-2.781549E-03,0,0,0,0
Rh_4p32,144,1.05159675E-02,-4.278796E+01,-3.468230E+01,3.859608E-02,-3.220008E-03,0,0,0,0
Rh_4p32,145,1.14281138E-02,-4.260133E+01,-3.514115E+01,4.454512E-02,-3.719525E-03,0,0,0,0
Rh_4p32,146,1.24151062E-02,-4.240122E+01,-3.552423E+01,5.128771E-02,-4.286690E-03,0,0,0,0
Rh_4p32,147,1.34825648E-02,-4.218700E+01,-3.583817E+01,5.890009E-02,-4.928346E-03,0,0,0,0
Rh_4p32,148,1.46364718E-02,-4.195804E+01,-3.608860E+01,6.745850E-02,-5.651483E-03,0,0,0,0
Rh_4p32,149,1.58831875E-02,-4.171373E+01,-3.628031E+01,7.703702E-02,-6.463090E-03,0,0,0,0
Rh_4p32,150,1.72294681E-02,-4.145346E+01,-3.641736E+01,8.770477E-02,-7.369966E-03,0,0,0,0
Rh_4p32,151,1.86824817E-02,-4.117665E+01,-3.650327E+01,9.952254E-02,-8.378487E-03,0,0,0,0
Rh_4p32,152,2.02498260E-02,-4.088270E+01,-3.654102E+01,1.125386E-01,-9.494330E-03,0,0,0,0
Rh_4p32,153,2.19395442E-02,-4.057105E+01,-3.653318E+01,1.267841E-01,-1.072214E-02,0,0,0,0
Rh_4p32,154,2.37601426E-02,-4.024114E+01,-3.648197E+01,1.422671E-01,-1.206513E-02,0,0,0,0
Rh_4p32,155,2.57206060E-02,-3.989244E+01,-3.638930E+01,1.589669E-01,-1.352470E-02,0,0,0,0
Rh_4p32,156,2.78304141E-02,-3.952443E+01,-3.625686E+01,1.768268E-01,-1.509992E-02,0,0,0,0
Rh_4p32,157,3.00995567E-02,-3.913670E+01,-3.608613E+01,1.957473E-01,-1.678705E-02,0,0,0,0
Rh_4p32,158,3.25385485E-02,-3.872889E+01,-3.587850E+01,2.155781E-01,-1.857902E-02,0,0,0,0
Rh_4p32,159,3.51584436E-02,-3.830076E+01,-3.563526E+01,2.361113E-01,-2.046495E-02,0,0,0,0
Rh_4p32,160,3.79708483E-02,-3.785224E+01,-3.535767E+01,2.570742E-01,-2.242965E-02,0,0,0,0
Rh_4p32,161,4.09879343E-02,-3.738337E+01,-3.504700E+01,2.781238E-01,-2.445323E-02,0,0,0,0
Rh_4p32,162,4.42224493E-02,-3.689434E+01,-3.470451E+01,2.988419E-01,-2.651081E-02,0,0,0,0
Rh_4p32,163,4.76877285E-02,-3.638540E+01,-3.433143E+01,3.187333E-01,-2.857230E-02,0,0,0,0
Rh_4p32,164,5.13977028E-02,-3.585677E+01,-3.392888E+01,3.372266E-01,-3.060243E-02,0,0,0,0
Rh_4p32,165,5.53669077E-02,-3.530861E+01,-3.349785E+01,3.536782E-01,-3.256088E-02,0,0,0,0
Rh_4p32,166,5.96104891E-02,-3.474097E+01,-3.303916E+01,3.673809E-01,-3.440275E-02,0,0,0,0
Rh_4p32,167,6.41442095E-02,-3.415384E+01,-3.255351E+01,3.775777E-01,-3.607924E-02,0,0,0,0
Rh_4p32,168,6.89844506E-02,-3.354727E+01,-3.204155E+01,3.834806E-01,-3.753870E-02,0,0,0,0
Rh_4p32,169,7.41482165E-02,-3.292147E+01,-3.150404E+01,3.842949E-01,-3.872798E-02,0,0,0,0
Rh_4p32,170,7.96531339E-02,-3.227687E+01,-3.094192E+01,3.792495E-01,-3.959896E-02,0,0,0,0
Rh_4p32,171,8.55174508E-02,-3.161418E+01,-3.035631E+01,3.676312E-01,-4.009721E-02,0,0,0,0
Rh_4p32,172,9.17600344E-02,-3.093435E+01,-2.974858E+01,3.488241E-01,-4.017652E-02,0,0,0,0
Rh_4p32,173,9.84003662E-02,-3.023849E+01,-2.912021E+01,3.223503E-01,-3.979735E-02,0,0,0,0
Rh_4p32,174,1.05458536E-01,-2.952784E+01,-2.847275E+01,2.879130E-01,-3.892913E-02,0,0,0,0
Rh_4p32,175,1.12955235E-01,-2.880360E+01,-2.780776E+01,2.454365E-01,-3.755243E-02,0,0,0,0
Rh_4p32,176,1.20911745E-01,-2.806695E+01,-2.712668E+01,1.951034E-01,-3.566087E-02,0,0,0,0
Rh_4p32,177,1.29349929E-01,-2.731905E+01,-2.643096E+01,1.373846E-01,-3.326265E-02,0,0,0,0
Rh_4p32,178,1.38292216E-01,-2.656108E+01,-2.572201E+01,7.306003E-02,-3.038164E-02,0,0,0,0
Rh_4p32,179,1.47761591E-01,-2.579442E+01,-2.500145E+01,3.227137E-03,-2.705776E-02,0,0,0,0
Rh_4p32,180,1.57781575E-01,-2.502074E+01,-2.427114E+01,-7.070511E-02,-2.334675E-02,0,0,0,0
Rh_4p32,181,1.68376212E-01,-2.424207E+01,-2.353331E+01,-1.470377E-01,-1.931898E-02,0,0,0,0
Rh_4p32,182,1.79570046E-01,-2.346077E+01,-2.279043E+01,-2.238196E-01,-1.505761E-02,0,0,0,0
Rh_4p32,183,1.91388107E-01,-2.267915E+01,-2.204502E+01,-2.989011E-01,-1.065584E-02,0,0,0,0
Rh_4p32,184,2.03855884E-01,-2.189930E+01,-2.129925E+01,-3.700024E-01,-6.213740E-03,0,0,0,0
Rh_4p32,185,2.16999312E-01,-2.112282E+01,-2.055490E+01,-4.347922E-01,-1.834568E-03,0,0,0,0
Rh_4p32,186,2.30844738E-01,-2.035096E+01,-1.981333E+01,-4.909769E-01,2.378999E-03,0,0,0,0
Rh_4p32,187,2.45418909E-01,-1.958502E+01,-1.907598E+01,-5.363927E-01,6.328798E-03,0,0,0,0
Rh_4p32,188,2.60748939E-01,-1.882649E+01,-1.834443E+01,-5.690979E-01,9.924992E-03,0,0,0,0
Rh_4p32,189,2.76862289E-01,-1.807748E+01,-1.762087E+01,-5.874595E-01,1.308963E-02,0,0,0,0
Rh_4p32,190,2.93786740E-01,-1.734037E+01,-1.690779E+01,-5.902284E-01,1.575964E-02,0,0,0,0
Rh_4p32,191,3.11550369E-01,-1.661780E+01,-1.620790E+01,-5.765983E-01,1.788905E-02,0,0,0,0
Rh_4p32,192,3.30181523E-01,-1.591224E+01,-1.552374E+01,-5.462468E-01,1.945024E-02,0,0,0,0
Rh_4p32,193,3.49708788E-01,-1.522575E+01,-1.485743E+01,-4.993548E-01,2.043414E-02,0,0,0,0
Rh_4p32,194,3.70160971E-01,-1.455967E+01,-1.421041E+01,-4.366057E-01,2.084960E-02,0,0,0,0
Rh_4p32,195,3.91567070E-01,-1.391461E+01,-1.358333E+01,-3.591642E-01,2.072189E-02,0,0,0,0
Rh_4p32,196,4.13956246E-01,-1.329038E+01,-1.297606E+01,-2.686361E-01,2.009073E-02,0,0,0,0
Rh_4p32,197,4.37357801E-01,-1.268624E+01,-1.238794E+01,-1.670123E-01,1.900793E-02,0,0,0,0
Rh_4p32,198,4.61801153E-01,-1.210111E+01,-1.181793E+01,-5.659739E-02,1.753485E-02,0,0,0,0
Rh_4p32,199,4.87315808E-01,-1.153392E+01,-1.126502E+01,6.007258E-02,1.573975E-02,0,0,0,0
Rh_4p32,200,5.13931339E-01,-1.098404E+01,-1.072861E+01,1.803210E-01,1.369511E-02,0,0,0,0
Rh_4p32,201,5.41677359E-01,-1.045133E+01,-1.020862E+01,3.014251E-01,1.147486E-02,0,0,0,0
Rh_4p32,202,5.70583501E-01,-9.936309E+00,-9.705612E+00,4.207096E-01,9.151702E-03,0,0,0,0
Rh_4p32,203,6.00679395E-01,-9.439808E+00,-9.220450E+00,5.356336E-01,6.794564E-03,0,0,0,0
Rh_4p32,204,6.31994644E-01,-8.962447E+00,-8.753789E+00,6.438665E-01,4.466480E-03,0,0,0,0
Rh_4p32,205,6.64558806E-01,-8.504099E+00,-8.305540E+00,7.433508E-01,2.223018E-03,0,0,0,0
Rh_4p32,206,6.98401370E-01,-8.063714E+00,-7.874691E+00,8.323509E-01,1.113866E-04,0,0,0,0
Rh_4p32,207,7.33551743E-01,-7.639614E+00,-7.459600E+00,9.094888E-01,-1.829930E-03,0,0,0,0
Rh_4p32,208,7.70039224E-01,-7.230092E+00,-7.058590E+00,9.737666E-01,-3.571228E-03,0,0,0,0
Rh_4p32,209,8.07892992E-01,-6.833761E+00,-6.670306E+00,1.024577E+00,-5.091473E-03,0,0,0,0
Rh_4p32,210,8.47142087E-01,-6.450021E+00,-6.294174E+00,1.061697E+00,-6.378085E-03,0,0,0,0
Rh_4p32,211,8.87815393E-01,-6.078773E+00,-5.930120E+00,1.085271E+00,-7.426535E-03,0,0,0,0
Rh_4p32,212,9.29941626E-01,-5.720469E+00,-5.578619E+00,1.095777E+00,-8.239685E-03,0,0,0,0
Rh_4p32,213,9.73549318E-01,-5.375815E+00,-5.240402E+00,1.093978E+00,-8.826909E-03,0,0,0,0
Rh_4p32,214,1.01866680E+00,-5.045607E+00,-4.916284E+00,1.080878E+00,-9.202975E-03,0,0,0,0
Rh_4p32,215,1.06532220E+00,-4.730582E+00,-4.607023E+00,1.057656E+00,-9.386807E-03,0,0,0,0
Rh_4p32,216,1.11354343E+00,-4.431322E+00,-4.313220E+00,1.025614E+00,-9.400215E-03,0,0,0,0
Rh_4p32,217,1.16335815E+00,-4.148201E+00,-4.035268E+00,9.861236E-01,-9.266662E-03,0,0,0,0
Rh_4p32,218,1.21479379E+00,-3.881358E+00,-3.773322E+00,9.405699E-01,-9.010158E-03,0,0,0,0
Rh_4p32,219,1.26787754E+00,-3.630724E+00,-3.527330E+00,8.903136E-01,-8.654319E-03,0,0,0,0
Rh_4p32,220,1.32263631E+00,-3.396024E+00,-3.297031E+00,8.366531E-01,-8.221616E-03,0,0,0,0
Rh_4p32,221,1.37909677E+00,-3.176817E+00,-3.081996E+00,7.807972E-01,-7.732814E-03,0,0,0,0
Rh_4p32,222,1.43728528E+00,-2.972548E+00,-2.881687E+00,7.238444E-01,-7.206598E-03,0,0,0,0
Rh_4p32,223,1.49722796E+00,-2.782548E+00,-2.695444E+00,6.667701E-01,-6.659359E-03,0,0,0,0
Rh_4p32,224,1.55895062E+00,-2.606110E+00,-2.522574E+00,6.104196E-01,-6.105115E-03,0,0,0,0
Rh_4p32,225,1.62247878E+00,-2.442473E+00,-2.362325E+00,5.555063E-01,-5.555538E-03,0,0,0,0
Rh_4p32,226,1.68783768E+00,-2.290872E+00,-2.213944E+00,5.026143E-01,-5.020066E-03,0,0,0,0
Rh_4p32,227,1.75505224E+00,-2.150546E+00,-2.076677E+00,4.522045E-01,-4.506066E-03,0,0,0,0
Rh_4p32,228,1.82414712E+00,-2.020748E+00,-1.949787E+00,4.046236E-01,-4.019040E-03,0,0,0,0
Rh_4p32,229,1.89514662E+00,-1.900750E+00,-1.832557E+00,3.601137E-01,-3.562837E-03,0,0,0,0
Rh_4p32,230,1.96807478E+00,-1.789858E+00,-1.724297E+00,3.188244E-01,-3.139891E-03,0,0,0,0
Rh_4p32,231,2.04295531E+00,-1.687406E+00,-1.624351E+00,2.808245E-01,-2.751434E-03,0,0,0,0
Rh_4p32,232,2.11981162E+00,-1.592763E+00,-1.532096E+00,2.461139E-01,-2.397707E-03,0,0,0,0
Rh_4p32,233,2.19866681E+00,-1.507401E+00,-1.449009E+00,2.146355E-01,-2.078224E-03,0,0,0,0
Rh_4p32,234,2.27954366E+00,-1.432604E+00,-1.376377E+00,1.862836E-01,-1.791960E-03,0,0,0,0
Rh_4p32,235,2.36246467E+00,-1.367349E+00,-1.313187E+00,1.609133E-01,-1.537392E-03,0,0,0,0
Rh_4p32,236,2.44745199E+00,-1.310668E+00,-1.258476E+00,1.383514E-01,-1.312588E-03,0,0,0,0
Rh_4p32,237,2.53452750E+00,-1.261654E+00,-1.211340E+00,1.184060E-01,-1.115361E-03,0,0,0,0
Rh_4p32,238,2.62371274E+00,-1.219458E+00,-1.170937E+00,1.008745E-01,-9.433892E-04,0,0,0,0
Rh_4p32,239,2.71502897E+00,-1.183295E+00,-1.136486E+00,8.555010E-02,-7.943131E-04,0,0,0,0
Rh_4p32,240,2.80849713E+00,-1.152443E+00,-1.107269E+00,7.222719E-02,-6.658044E-04,0,0,0,0
Rh_4p32,241,2.90413787E+00,-1.126241E+00,-1.082630E+00,6.070550E-02,-5.556195E-04,0,0,0,0
Rh_4p32,242,3.00197152E+00,-1.104092E+00,-1.061975E+00,5.079313E-02,-4.616360E-04,0,0,0,0
Rh_4p32,243,3.10201813E+00,-1.085456E+00,-1.044767E+00,4.230887E-02,-3.818772E-04,0,0,0,0
Rh_4p32,244,3.20429744E+00,-1.069848E+00,-1.030525E+00,3.508363E-02,-3.145249E-04,0,0,0,0
Rh_4p32,245,3.30882892E+00,-1.056837E+00,-1.018822E+00,2.896138E-02,-2.579261E-04,0,0,0,0
Rh_4p32,246,3.41563171E+00,-1.046044E+00,-1.009280E+00,2.379955E-02,-2.105922E-04,0,0,0,0
Rh_4p32,247,3.52472471E+00,-1.037132E+00,-1.001567E+00,1.946904E-02,-1.711952E-04,0,0,0,0
Rh_4p32,248,3.63612649E+00,-1.029809E+00,-9.953923E-01,1.585394E-02,-1.385592E-04,0,0,0,0
Rh_4p32,249,3.74985537E+00,-1.023820E+00,-9.905046E-01,1.285097E-02,-1.116515E-04,0,0,0,0
Rh_4p32,250,3.86592937E+00,-1.018947E+00,-9.866865E-01,1.036881E-02,-8.957108E-05,0,0,0,0
Rh_4p32,251,3.98436626E+00,-1.015001E+00,-9.837521E-01,8.327291E-03,-7.153736E-05,0,0,0,0
Rh_4p32,252,4.10518351E+00,-1.011821E+00,-9.815429E-01,6.656533E-03,-5.687824E-05,0,0,0,0
Rh_4p32,253,4.22839834E+00,-1.009271E+00,-9.799248E-01,5.296006E-03,-4.501873E-05,0,0,0,0
Rh_4p32,254,4.35402770E+00,-1.007237E+00,-9.787848E-01,4.193643E-03,-3.546982E-05,0,0,0,0
Rh_4p32,255,4.48208827E+00,-1.005622E+00,-9.780288E-01,3.304939E-03,-2.781815E-05,0,0,0,0
Rh_4p32,256,4.61259649E+00,-1.004346E+00,-9.775784E-01,2.592093E-03,-2.171625E-05,0,0,0,0
Rh_4p32,257,4.74556853E+00,-1.003344E+00,-9.773689E-01,2.023201E-03,-1.687381E-05,0,0,0,0
Rh_4p32,258,4.88102031E+00,-1.002560E+00,-9.773473E-01,1.571503E-03,-1.304960E-05,0,0,0,0
Rh_4p32,259,5.01896752E+00,-1.001950E+00,-9.774707E-01,1.214690E-03,-1.004433E-05,0,0,0,0
Rh_4p32,260,5.15942559E+00,-1.001479E+00,-9.777040E-01,9.342782E-04,-7.694285E-06,0,0,0,0
Rh_4p32,261,5.30240972E+00,-1.001115E+00,-9.780192E-01,7.150458E-04,-5.865751E-06,0,0,0,0
Rh_4p32,262,5.44793486E+00,-1.000837E+00,-9.783940E-01,5.445343E-04,-4.450117E-06,0,0,0,0
Rh_4p32,263,5.59601573E+00,-1.000625E+00,-9.788109E-01,4.126076E-04,-3.359668E-06,0,0,0,0
Rh_4p32,264,5.74666685E+00,-1.000464E+00,-9.792558E-01,3.110692E-04,-2.523964E-06,0,0,0,0
Rh_4p32,265,5.89990247E+00,-1.000343E+00,-9.797182E-01,2.333307E-04,-1.886762E-06,0,0,0,0
Rh_4p32,266,6.05573665E+00,-1.000252E+00,-9.801897E-01,1.741282E-04,-1.403407E-06,0,0,0,0
Rh_4p32,267,6.21418324E+00,-1.000185E+00,-9.806640E-01,1.292816E-04,-1.038648E-06,0,0,0,0
Rh_4p32,268,6.37525583E+00,-1.000134E+00,-9.811364E-01,9.549100E-05,-7.648170E-07,0,0,0,0
Rh_4p32,269,6.53896785E+00,-1.000097E+00,-9.816035E-01,7.016725E-05,-5.603212E-07,0,0,0,0
Rh_4p32,270,6.70533249E+00,-1.000070E+00,-9.820627E-01,5.129099E-05,-4.084073E-07,0,0,0,0
Rh_4p32,271,6.87436275E+00,-1.000050E+00,-9.825123E-01,3.729675E-05,-2.961515E-07,0,0,0,0
Rh_4p32,272,7.04607142E+00,-1.000036E+00,-9.829511E-01,2.697818E-05,-2.136413E-07,0,0,0,0
Rh_4p32,273,7.22047112E+00,-1.000025E+00,-9.833784E-01,1.941133E-05,-1.533186E-07,0,0,0,0
Rh_4p32,274,7.39757424E+00,-1.000018E+00,-9.837936E-01,1.389274E-05,-1.094537E-07,0,0,0,0
Rh_4p32,275,7.57739300E+00,-1.000013E+00,-9.841968E-01,9.890081E-06,-7.772838E-08,0,0,0,0
Rh_4p32,276,7.75993943E+00,-1.000009E+00,-9.845877E-01,7.002944E-06,-5.490741E-08,0,0,0,0
Rh_4p32,277,7.94522537E+00,-1.000006E+00,-9.849667E-01,4.931966E-06,-3.858092E-08,0,0,0,0
Rh_4p32,278,8.13326250E+00,-1.000004E+00,-9.853338E-01,3.454681E-06,-2.696455E-08,0,0,0,0
Rh_4p32,279,8.32406229E+00,-1.000003E+00,-9.856894E-01,2.406768E-06,-1.874483E-08,0,0,0,0
Rh_4p32,280,8.51763607E+00,-1.000002E+00,-9.860338E-01,1.667590E-06,-1.296065E-08,0,0,0,0
Rh_4p32,281,8.71399497E+00,-1.000001E+00,-9.863674E-01,1.149115E-06,-8.912879E-09,0,0,0,0
Rh_4p32,282,8.91314998E+00,-1.000001E+00,-9.866904E-01,7.874947E-07,-6.096000E-09,0,0,0,0
Rh_4p32,283,9.11511189E+00,-1.000001E+00,-9.870033E-01,5.367006E-07,-4.146649E-09,0,0,0,0
Rh_4p32,284,9.31989135E+00,-1.000000E+00,-9.873064E-01,3.637540E-07,-2.805206E-09,0,0,0,0
Rh_4p32,285,9.52749887E+00,-1.000000E+00,-9.876000E-01,2.451692E-07,-1.887286E-09,0,0,0,0
Rh_4p32,286,9.73794475E+00,-1.000000E+00,-9.878846E-01,1.643227E-07,-1.262717E-09,0,0,0,0
Rh_4p32,287,9.95123920E+00,-1.000000E+00,-9.881604E-01,1.095201E-07,-8.401570E-10,0,0,0,0
Rh_4p32,288,1.01673922E+01,-1.000000E+00,-9.884277E-01,7.258498E-08,-5.558935E-10,0,0,0,0
Rh_4p32,289,1.03864137E+01,-1.000000E+00,-9.886870E-01,4.783519E-08,-3.657549E-10,0,0,0,0
Rh_4p32,290,1.06083134E+01,-1.000000E+00,-9.889384E-01,3.134641E-08,-2.393025E-10,0,0,0,0
Rh_4p32,291,1.08331008E+01,-1.000000E+00,-9.891823E-01,2.042489E-08,-1.556875E-10,0,0,0,0
Rh_4p32,292,1.10607855E+01,-1.000000E+00,-9.894189E-01,1.323290E-08,-1.007166E-10,0,0,0,0
Rh_4p32,293,1.12913768E+01,-1.000000E+00,-9.896486E-01,8.524445E-09,-6.478597E-11,0,0,0,0
Rh_4p32,294,1.15248837E+01,-1.000000E+00,-9.898715E-01,5.459904E-09,-4.143665E-11,0,0,0,0
Rh_4p32,295,1.17613155E+01,-1.000000E+00,-9.900879E-01,3.476996E-09,-2.635141E-11,0,0,0,0
Rh_4p32,296,1.20006809E+01,-1.000000E+00,-9.902981E-01,2.201487E-09,-1.666213E-11,0,0,0,0
Rh_4p32,297,1.22429888E+01,-1.000000E+00,-9.905022E-01,1.385841E-09,-1.047507E-11,0,0,0,0
Rh_4p32,298,1.24882478E+01,-1.000000E+00,-9.907006E-01,8.673382E-10,-6.547487E-12,0,0,0,0
Rh_4p32,299,1.27364664E+01,-1.000000E+00,-9.908933E-01,5.396778E-10,-4.068894E-12,0,0,0,0
Rh_4p32,300,1.29876532E+01,-1.000000E+00,-9.910806E-01,3.338446E-10,-2.513937E-12,0,0,0,0
Rh_4p32,301,1.32418163E+01,-1.000000E+00,-9.912626E-01,2.053104E-10,-1.544192E-12,0,0,0,0
Rh_4p32,302,1.34989639E+01,-1.000000E+00,-9.914397E-01,1.255242E-10,-9.473286E-13,0,0,0,0
Rh_4p32,303,1.37591042E+01,-1.000000E+00,-9.916118E-01,7.629345E-11,-5.624361E-13,0,0,0,0
Rh_4s12,0,2.22222222E-08,-1.426115E-02,5.625436E+06,1.129999E-06,-3.923839E-11,0,0,0,0
Rh_4s12,1,2.43686888E-08,-1.563865E-02,5.129949E+06,1.239126E-06,-4.718097E-11,0,0,0,0
Rh_4s12,2,2.67224847E-08,-1.714921E-02,4.678106E+06,1.358794E-06,-5.673213E-11,0,0,0,0
Rh_4s12,3,2.93035852E-08,-1.880563E-02,4.266069E+06,1.490018E-06,-6.821735E-11,0,0,0,0
Rh_4s12,4,3.21339917E-08,-2.062205E-02,3.890324E+06,1.633917E-06,-8.202846E-11,0,0,0,0
Rh_4s12,5,3.52377847E-08,-2.261392E-02,3.547675E+06,1.791714E-06,-9.863643E-11,0,0,0,0
Rh_4s12,6,3.86413030E-08,-2.479813E-02,3.235212E+06,1.964750E-06,-1.186072E-10,0,0,0,0
Rh_4s12,7,4.23735575E-08,-2.719331E-02,2.950269E+06,2.154498E-06,-1.426221E-10,0,0,0,0
Rh_4s12,8,4.64662192E-08,-2.981978E-02,2.690429E+06,2.362570E-06,-1.714994E-10,0,0,0,0
Rh_4s12,9,5.09540830E-08,-3.269988E-02,2.453478E+06,2.590735E-06,-2.062236E-10,0,0,0,0
Rh_4s12,10,5.58753999E-08,-3.585814E-02,2.237396E+06,2.840936E-06,-2.479790E-10,0,0,0,0
Rh_4s12,11,6.12719276E-08,-3.932137E-02,2.040350E+06,3.115298E-06,-2.981886E-10,0,0,0,0
Rh_4s12,12,6.71896597E-08,-4.311908E-02,1.860658E+06,3.416156E-06,-3.585649E-10,0,0,0,0
Rh_4s12,13,7.36788069E-08,-4.728350E-02,1.696794E+06,3.746066E-06,-4.311651E-10,0,0,0,0
Rh_4s12,14,8.07945326E-08,-5.185002E-02,1.547365E+06,4.107833E-06,-5.184638E-10,0,0,0,0
Rh_4s12,15,8.85974782E-08,-5.685758E-02,1.411096E+06,4.504535E-06,-6.234387E-10,0,0,0,0
Rh_4s12,16,9.71538449E-08,-6.234864E-02,1.286830E+06,4.939543E-06,-7.496662E-10,0,0,0,0
Rh_4s12,17,1.06536364E-07,-6.836988E-02,1.173510E+06,5.416553E-06,-9.014484E-10,0,0,0,0
Rh_4s12,18,1.16824785E-07,-7.497249E-02,1.070172E+06,5.939620E-06,-1.083958E-09,0,0,0,0
Rh_4s12,19,1.28106557E-07,-8.221258E-02,9.759356E+05,6.513191E-06,-1.303416E-09,0,0,0,0
Rh_4s12,20,1.40477809E-07,-9.015183E-02,8.899979E+05,7.142145E-06,-1.567306E-09,0,0,0,0
Rh_4s12,21,1.54043217E-07,-9.885743E-02,8.116309E+05,7.831817E-06,-1.884611E-09,0,0,0,0
Rh_4s12,22,1.68918585E-07,-1.084037E-01,7.401649E+05,8.588082E-06,-2.266156E-09,0,0,0,0
Rh_4s12,23,1.85229766E-07,-1.188714E-01,6.749944E+05,9.417351E-06,-2.724927E-09,0,0,0,0
Rh_4s12,24,2.03115995E-07,-1.303499E-01,6.155626E+05,1.032669E-05,-3.276575E-09,0,0,0,0
Rh_4s12,25,2.22728585E-07,-1.429362E-01,5.613661E+05,1.132380E-05,-3.939875E-09,0,0,0,0
Rh_4s12,26,2.44234514E-07,-1.567376E-01,5.119427E+05,1.241716E-05,-4.737437E-09,0,0,0,0
Rh_4s12,27,2.67816518E-07,-1.718713E-01,4.668719E+05,1.361608E-05,-5.696432E-09,0,0,0,0
Rh_4s12,28,2.93674455E-07,-1.884656E-01,4.257711E+05,1.493071E-05,-6.849510E-09,0,0,0,0
Rh_4s12,29,3.22029000E-07,-2.066620E-01,3.882891E+05,1.637225E-05,-8.235996E-09,0,0,0,0
Rh_4s12,30,3.53119360E-07,-2.266141E-01,3.541092E+05,1.795290E-05,-9.903033E-09,0,0,0,0
Rh_4s12,31,3.87210673E-07,-2.484919E-01,3.229392E+05,1.968611E-05,-1.190745E-08,0,0,0,0
Rh_4s12,32,4.24592535E-07,-2.724814E-01,2.945141E+05,2.158660E-05,-1.431753E-08,0,0,0,0
Rh_4s12,33,4.65581675E-07,-2.987857E-01,2.685925E+05,2.367050E-05,-1.721528E-08,0,0,0,0
Rh_4s12,34,5.10526032E-07,-3.276282E-01,2.449539E+05,2.595548E-05,-2.069938E-08,0,0,0,0
Rh_4s12,35,5.59808063E-07,-3.592541E-01,2.233969E+05,2.846097E-05,-2.488850E-08,0,0,0,0
Rh_4s12,36,6.13844178E-07,-3.939307E-01,2.037388E+05,3.120818E-05,-2.992510E-08,0,0,0,0
Rh_4s12,37,6.73095020E-07,-4.319535E-01,1.858117E+05,3.422048E-05,-3.598081E-08,0,0,0,0
Rh_4s12,38,7.38061153E-07,-4.736436E-01,1.694638E+05,3.752337E-05,-4.326151E-08,0,0,0,0
Rh_4s12,39,8.09294905E-07,-5.193552E-01,1.545557E+05,4.114490E-05,-5.201507E-08,0,0,0,0
Rh_4s12,40,8.87400674E-07,-5.694762E-01,1.409606E+05,4.511578E-05,-6.253938E-08,0,0,0,0
Rh_4s12,41,9.73041115E-07,-6.244313E-01,1.285629E+05,4.946971E-05,-7.519252E-08,0,0,0,0
Rh_4s12,42,1.06694090E-06,-6.846855E-01,1.172574E+05,5.424355E-05,-9.040467E-08,0,0,0,0
Rh_4s12,43,1.16989756E-06,-7.507500E-01,1.069478E+05,5.947780E-05,-1.086934E-07,0,0,0,0
Rh_4s12,44,1.28278253E-06,-8.231832E-01,9.754656E+04,6.521680E-05,-1.306805E-07,0,0,0,0
Rh_4s12,45,1.40655260E-06,-9.025987E-01,8.897370E+04,7.150918E-05,-1.571134E-07,0,0,0,0
Rh_4s12,46,1.54225798E-06,-9.896691E-01,8.115625E+04,7.840829E-05,-1.888911E-07,0,0,0,0
Rh_4s12,47,1.69104604E-06,-1.085129E+00,7.402790E+04,8.597248E-05,-2.270928E-07,0,0,0,0
Rh_4s12,48,1.85417702E-06,-1.189786E+00,6.752802E+04,9.426581E-05,-2.730167E-07,0,0,0,0
Rh_4s12,49,2.03303422E-06,-1.304525E+00,6.160130E+04,1.033585E-04,-3.282233E-07,0,0,0,0
Rh_4s12,50,2.22912879E-06,-1.430313E+00,5.619744E+04,1.133275E-04,-3.945864E-07,0,0,0,0
Rh_4s12,51,2.44412209E-06,-1.568210E+00,5.127046E+04,1.242572E-04,-4.743597E-07,0,0,0,0
Rh_4s12,52,2.67983341E-06,-1.719380E+00,4.677851E+04,1.362398E-04,-5.702508E-07,0,0,0,0
Rh_4s12,53,2.93825503E-06,-1.885093E+00,4.268343E+04,1.493769E-04,-6.855122E-07,0,0,0,0
Rh_4s12,54,3.22157153E-06,-2.066741E+00,3.895042E+04,1.637792E-04,-8.240525E-07,0,0,0,0
Rh_4s12,55,3.53218026E-06,-2.265849E+00,3.554776E+04,1.795685E-04,-9.905690E-07,0,0,0,0
Rh_4s12,56,3.87270272E-06,-2.484082E+00,3.244656E+04,1.968780E-04,-1.190702E-06,0,0,0,0
Rh_4s12,57,4.24601843E-06,-2.723267E+00,2.962045E+04,2.158538E-04,-1.431229E-06,0,0,0,0
Rh_4s12,58,4.65527750E-06,-2.985394E+00,2.704545E+04,2.366559E-04,-1.720289E-06,0,0,0,0
Rh_4s12,59,5.10393592E-06,-3.272641E+00,2.469970E+04,2.594595E-04,-2.067657E-06,0,0,0,0
Rh_4s12,60,5.59577840E-06,-3.587386E+00,2.256327E+04,2.844565E-04,-2.485068E-06,0,0,0,0
Rh_4s12,61,6.13495341E-06,-3.932222E+00,2.061803E+04,3.118574E-04,-2.986612E-06,0,0,0,0
Rh_4s12,62,6.72600836E-06,-4.309977E+00,1.884749E+04,3.418924E-04,-3.589202E-06,0,0,0,0
Rh_4s12,63,7.37392185E-06,-4.723727E+00,1.723597E+04,3.748135E-04,-4.313125E-06,0,0,0,0
Rh_4s12,64,8.08415363E-06,-5.176819E+00,1.577138E+04,4.108969E-04,-5.182726E-06,0,0,0,0
Rh_4s12,65,8.86268273E-06,-5.672883E+00,1.444050E+04,4.504445E-04,-6.227194E-06,0,0,0,0
Rh_4s12,66,9.71605824E-06,-6.215851E+00,1.323121E+04,4.937871E-04,-7.481512E-06,0,0,0,0
Rh_4s12,67,1.06514605E-05,-6.809973E+00,1.213442E+04,5.412861E-04,-8.987600E-06,0,0,0,0
Rh_4s12,68,1.16767499E-05,-7.459821E+00,1.114076E+04,5.933370E-04,-1.079564E-05,0,0,0,0
Rh_4s12,69,1.28005423E-05,-8.170303E+00,1.024163E+04,6.503720E-04,-1.296570E-05,0,0,0,0
Rh_4s12,70,1.40322695E-05,-8.946653E+00,9.428991E+03,7.128634E-04,-1.556955E-05,0,0,0,0
Rh_4s12,71,1.53822682E-05,-9.794433E+00,8.697338E+03,7.813268E-04,-1.869294E-05,0,0,0,0
Rh_4s12,72,1.68618598E-05,-1.071949E+01,8.040182E+03,8.563249E-04,-2.243814E-05,0,0,0,0
Rh_4s12,73,1.84834363E-05,-1.172790E+01,7.451417E+03,9.384711E-04,-2.692695E-05,0,0,0,0
Rh_4s12,74,2.02605792E-05,-1.282594E+01,6.927598E+03,1.028434E-03,-3.230421E-05,0,0,0,0
Rh_4s12,75,2.22081559E-05,-1.401992E+01,6.464381E+03,1.126941E-03,-3.874175E-05,0,0,0,0
Rh_4s12,76,2.43424471E-05,-1.531602E+01,6.058271E+03,1.234781E-03,-4.644290E-05,0,0,0,0
Rh_4s12,77,2.66812790E-05,-1.672010E+01,5.707155E+03,1.352815E-03,-5.564744E-05,0,0,0,0
Rh_4s12,78,2.92441716E-05,-1.823732E+01,5.408828E+03,1.481969E-03,-6.663711E-05,0,0,0,0
Rh_4s12,79,3.20524919E-05,-1.987173E+01,5.162723E+03,1.623250E-03,-7.974123E-05,0,0,0,0
Rh_4s12,80,3.51296338E-05,-2.162560E+01,4.968958E+03,1.777742E-03,-9.534240E-05,0,0,0,0
Rh_4s12,81,3.85012014E-05,-2.349864E+01,4.828454E+03,1.946613E-03,-1.138816E-04,0,0,0,0
Rh_4s12,82,4.21952215E-05,-2.548687E+01,4.744179E+03,2.131116E-03,-1.358622E-04,0,0,0,0
Rh_4s12,83,4.62423676E-05,-2.758111E+01,4.720265E+03,2.332593E-03,-1.618507E-04,0,0,0,0
Rh_4s12,84,5.06762051E-05,-2.976509E+01,4.763031E+03,2.552480E-03,-1.924743E-04,0,0,0,0
Rh_4s12,85,5.55334622E-05,-3.201291E+01,4.880904E+03,2.792308E-03,-2.284100E-04,0,0,0,0
Rh_4s12,86,6.08543274E-05,-3.428592E+01,5.082921E+03,3.053709E-03,-2.703637E-04,0,0,0,0
Rh_4s12,87,6.66827627E-05,-3.652908E+01,5.375344E+03,3.338429E-03,-3.190330E-04,0,0,0,0
Rh_4s12,88,7.30668595E-05,-3.866753E+01,5.747428E+03,3.648349E-03,-3.750487E-04,0,0,0,0
Rh_4s12,89,8.00592177E-05,-4.060557E+01,6.132026E+03,3.985510E-03,-4.388914E-04,0,0,0,0
Rh_4s12,90,8.77173610E-05,-4.223422E+01,6.342787E+03,4.352126E-03,-5.107910E-04,0,0,0,0
Rh_4s12,91,9.61041931E-05,-4.345839E+01,6.109126E+03,4.750525E-03,-5.906463E-04,0,0,0,0
Rh_4s12,92,1.05288485E-04,-4.424784E+01,5.339217E+03,5.183277E-03,-6.780521E-04,0,0,0,0
Rh_4s12,93,1.15345422E-04,-4.467262E+01,4.314008E+03,5.653581E-03,-7.725116E-04,0,0,0,0
Rh_4s12,94,1.26357184E-04,-4.486359E+01,3.428200E+03,6.165061E-03,-8.737388E-04,0,0,0,0
Rh_4s12,95,1.38413580E-04,-4.493632E+01,2.827552E+03,6.721292E-03,-9.818254E-04,0,0,0,0
Rh_4s12,96,1.51612748E-04,-4.495925E+01,2.434297E+03,7.326002E-03,-1.097207E-03,0,0,0,0
Rh_4s12,97,1.66061904E-04,-4.496400E+01,2.146746E+03,7.983323E-03,-1.220549E-03,0,0,0,0
Rh_4s12,98,1.81878167E-04,-4.496280E+01,1.910505E+03,8.697773E-03,-1.352663E-03,0,0,0,0
Rh_4s12,99,1.99189447E-04,-4.495974E+01,1.703669E+03,9.474234E-03,-1.494450E-03,0,0,0,0
Rh_4s12,100,2.18135417E-04,-4.495597E+01,1.518109E+03,1.031796E-02,-1.646888E-03,0,0,0,0
Rh_4s12,101,2.38868560E-04,-4.495175E+01,1.350511E+03,1.123460E-02,-1.811025E-03,0,0,0,0
Rh_4s12,102,2.61555319E-04,-4.494711E+01,1.199024E+03,1.223023E-02,-1.987981E-03,0,0,0,0
Rh_4s12,103,2.86377324E-04,-4.494204E+01,1.062225E+03,1.331138E-02,-2.178953E-03,0,0,0,0
Rh_4s12,104,3.13532746E-04,-4.493647E+01,9.388536E+02,1.448505E-02,-2.385218E-03,0,0,0,0
Rh_4s12,105,3.43237752E-04,-4.493038E+01,8.277589E+02,1.575877E-02,-2.608146E-03,0,0,0,0
Rh_4s12,106,3.75728075E-04,-4.492370E+01,7.278826E+02,1.714058E-02,-2.849198E-03,0,0,0,0
Rh_4s12,107,4.11260733E-04,-4.491640E+01,6.382505E+02,1.863906E-02,-3.109936E-03,0,0,0,0
Rh_4s12,108,4.50115867E-04,-4.490839E+01,5.579650E+02,2.026341E-02,-3.392028E-03,0,0,0,0
Rh_4s12,109,4.92598745E-04,-4.489963E+01,4.861979E+02,2.202337E-02,-3.697253E-03,0,0,0,0
Rh_4s12,110,5.39041925E-04,-4.489004E+01,4.221839E+02,2.392934E-02,-4.027509E-03,0,0,0,0
Rh_4s12,111,5.89807581E-04,-4.487954E+01,3.652153E+02,2.599230E-02,-4.384816E-03,0,0,0,0
Rh_4s12,112,6.45290023E-04,-4.486804E+01,3.146370E+02,2.822387E-02,-4.771319E-03,0,0,0,0
Rh_4s12,113,7.05918418E-04,-4.485546E+01,2.698426E+02,3.063628E-02,-5.189296E-03,0,0,0,0
Rh_4s12,114,7.72159708E-04,-4.484170E+01,2.302707E+02,3.324238E-02,-5.641155E-03,0,0,0,0
Rh_4s12,115,8.44521763E-04,-4.482664E+01,1.954018E+02,3.605560E-02,-6.129444E-03,0,0,0,0
Rh_4s12,116,9.23556778E-04,-4.481017E+01,1.647560E+02,3.908988E-02,-6.656841E-03,0,0,0,0
Rh_4s12,117,1.00986491E-03,-4.479215E+01,1.378902E+02,4.235968E-02,-7.226162E-03,0,0,0,0
Rh_4s12,118,1.10409819E-03,-4.477245E+01,1.143972E+02,4.587983E-02,-7.840347E-03,0,0,0,0
Rh_4s12,119,1.20696472E-03,-4.475091E+01,9.390273E+01,4.966549E-02,-8.502461E-03,0,0,0,0
Rh_4s12,120,1.31923320E-03,-4.472735E+01,7.606492E+01,5.373196E-02,-9.215682E-03,0,0,0,0
Rh_4s12,121,1.44173773E-03,-4.470161E+01,6.057219E+01,5.809456E-02,-9.983282E-03,0,0,0,0
Rh_4s12,122,1.57538293E-03,-4.467349E+01,4.714199E+01,6.276839E-02,-1.080861E-02,0,0,0,0
Rh_4s12,123,1.72114953E-03,-4.464276E+01,3.551929E+01,6.776809E-02,-1.169508E-02,0,0,0,0
Rh_4s12,124,1.88010018E-03,-4.460920E+01,2.547503E+01,7.310755E-02,-1.264611E-02,0,0,0,0
Rh_4s12,125,2.05338577E-03,-4.457255E+01,1.680455E+01,7.879951E-02,-1.366512E-02,0,0,0,0
Rh_4s12,126,2.24225204E-03,-4.453255E+01,9.325979E+00,8.485516E-02,-1.475546E-02,0,0,0,0
Rh_4s12,127,2.44804675E-03,-4.448890E+01,2.878559E+00,9.128361E-02,-1.592035E-02,0,0,0,0
Rh_4s12,128,2.67222716E-03,-4.444129E+01,-2.679054E+00,9.809130E-02,-1.716283E-02,0,0,0,0
Rh_4s12,129,2.91636804E-03,-4.438938E+01,-7.470479E+00,1.052813E-01,-1.848569E-02,0,0,0,0
Rh_4s12,130,3.18217011E-03,-4.433281E+01,-1.160328E+01,1.128527E-01,-1.989134E-02,0,0,0,0
Rh_4s12,131,3.47146901E-03,-4.427118E+01,-1.517060E+01,1.207993E-01,-2.138173E-02,0,0,0,0
Rh_4s12,132,3.78624466E-03,-4.420409E+01,-1.825274E+01,1.291090E-01,-2.295821E-02,0,0,0,0
Rh_4s12,133,4.12863129E-03,-4.413109E+01,-2.091858E+01,1.377627E-01,-2.462143E-02,0,0,0,0
Rh_4s12,134,4.50092781E-03,-4.405173E+01,-2.322706E+01,1.467325E-01,-2.637112E-02,0,0,0,0
Rh_4s12,135,4.90560879E-03,-4.396549E+01,-2.522837E+01,1.559812E-01,-2.820597E-02,0,0,0,0
Rh_4s12,136,5.34533597E-03,-4.387188E+01,-2.696512E+01,1.654601E-01,-3.012341E-02,0,0,0,0
Rh_4s12,137,5.82297026E-03,-4.377034E+01,-2.847345E+01,1.751078E-01,-3.211939E-02,0,0,0,0
Rh_4s12,138,6.34158424E-03,-4.366031E+01,-2.978387E+01,1.848483E-01,-3.418819E-02,0,0,0,0
Rh_4s12,139,6.90447521E-03,-4.354120E+01,-3.092214E+01,1.945900E-01,-3.632217E-02,0,0,0,0
Rh_4s12,140,7.51517875E-03,-4.341241E+01,-3.190999E+01,2.042230E-01,-3.851148E-02,0,0,0,0
Rh_4s12,141,8.17748271E-03,-4.327333E+01,-3.276570E+01,2.136184E-01,-4.074389E-02,0,0,0,0
Rh_4s12,142,8.89544175E-03,-4.312332E+01,-3.350467E+01,2.226266E-01,-4.300447E-02,0,0,0,0
Rh_4s12,143,9.67339220E-03,-4.296174E+01,-3.413989E+01,2.310756E-01,-4.527537E-02,0,0,0,0
Rh_4s12,144,1.05159675E-02,-4.278796E+01,-3.468230E+01,2.387709E-01,-4.753565E-02,0,0,0,0
Rh_4s12,145,1.14281138E-02,-4.260133E+01,-3.514115E+01,2.454945E-01,-4.976105E-02,0,0,0,0
Rh_4s12,146,1.24151062E-02,-4.240122E+01,-3.552423E+01,2.510054E-01,-5.192386E-02,0,0,0,0
Rh_4s12,147,1.34825648E-02,-4.218700E+01,-3.583817E+01,2.550406E-01,-5.399292E-02,0,0,0,0
Rh_4s12,148,1.46364718E-02,-4.195804E+01,-3.608860E+01,2.573170E-01,-5.593357E-02,0,0,0,0
Rh_4s12,149,1.58831875E-02,-4.171373E+01,-3.628031E+01,2.575347E-01,-5.770784E-02,0,0,0,0
Rh_4s12,150,1.72294681E-02,-4.145346E+01,-3.641736E+01,2.553818E-01,-5.927678E-02,0,0,0,0
Rh_4s12,151,1.86824817E-02,-4.117665E+01,-3.650327E+01,2.505402E-01,-6.059499E-02,0,0,0,0
Rh_4s12,152,2.02498260E-02,-4.088270E+01,-3.654102E+01,2.426940E-01,-6.161676E-02,0,0,0,0
Rh_4s12,153,2.19395442E-02,-4.057105E+01,-3.653318E+01,2.315392E-01,-6.229510E-02,0,0,0,0
Rh_4s12,154,2.37601426E-02,-4.024114E+01,-3.648197E+01,2.167958E-01,-6.258271E-02,0,0,0,0
Rh_4s12,155,2.57206060E-02,-3.989244E+01,-3.638930E+01,1.982217E-01,-6.243322E-02,0,0,0,0
Rh_4s12,156,2.78304141E-02,-3.952443E+01,-3.625686E+01,1.756286E-01,-6.180257E-02,0,0,0,0
Rh_4s12,157,3.00995567E-02,-3.913670E+01,-3.608613E+01,1.488997E-01,-6.065070E-02,0,0,0,0
Rh_4s12,158,3.25385485E-02,-3.872889E+01,-3.587850E+01,1.180082E-01,-5.894328E-02,0,0,0,0
Rh_4s12,159,3.51584436E-02,-3.830076E+01,-3.563526E+01,8.303735E-02,-5.665373E-02,0,0,0,0
Rh_4s12,160,3.79708483E-02,-3.785224E+01,-3.535767E+01,4.419958E-02,-5.376521E-02,0,0,0,0
Rh_4s12,161,4.09879343E-02,-3.738337E+01,-3.504700E+01,1.854741E-03,-5.027265E-02,0,0,0,0
Rh_4s12,162,4.42224493E-02,-3.689434E+01,-3.470451E+01,-4.347383E-02,-4.618464E-02,0,0,0,0
Rh_4s12,163,4.76877285E-02,-3.638540E+01,-3.433143E+01,-9.108715E-02,-4.152519E-02,0,0,0,0
Rh_4s12,164,5.13977028E-02,-3.585677E+01,-3.392888E+01,-1.401036E-01,-3.633507E-02,0,0,0,0
Rh_4s12,165,5.53669077E-02,-3.530861E+01,-3.349785E+01,-1.894587E-01,-3.067281E-02,0,0,0,0
Rh_4s12,166,5.96104891E-02,-3.474097E+01,-3.303916E+01,-2.379139E-01,-2.461507E-02,0,0,0,0
Rh_4s12,167,6.41442095E-02,-3.415384E+01,-3.255351E+01,-2.840743E-01,-1.825637E-02,0,0,0,0
Rh_4s12,168,6.89844506E-02,-3.354727E+01,-3.204155E+01,-3.264180E-01,-1.170801E-02,0,0,0,0
Rh_4s12,169,7.41482165E-02,-3.292147E+01,-3.150404E+01,-3.633376E-01,-5.096080E-03,0,0,0,0
Rh_4s12,170,7.96531339E-02,-3.227687E+01,-3.094192E+01,-3.931925E-01,1.441451E-03,0,0,0,0
Rh_4s12,171,8.55174508E-02,-3.161418E+01,-3.035631E+01,-4.143726E-01,7.758604E-03,0,0,0,0
Rh_4s12,172,9.17600344E-02,-3.093435E+01,-2.974858E+01,-4.253719E-01,1.370607E-02,0,0,0,0
Rh_4s12,173,9.84003662E-02,-3.023849E+01,-2.912021E+01,-4.248675E-01,1.913658E-02,0,0,0,0
Rh_4s12,174,1.05458536E-01,-2.952784E+01,-2.847275E+01,-4.118033E-01,2.391067E-02,0,0,0,0
Rh_4s12,175,1.12955235E-01,-2.880360E+01,-2.780776E+01,-3.854714E-01,2.790269E-02,0,0,0,0
Rh_4s12,176,1.20911745E-01,-2.806695E+01,-2.712668E+01,-3.455881E-01,3.100655E-02,0,0,0,0
Rh_4s12,177,1.29349929E-01,-2.731905E+01,-2.643096E+01,-2.923580E-01,3.314114E-02,0,0,0,0
Rh_4s12,178,1.38292216E-01,-2.656108E+01,-2.572201E+01,-2.265215E-01,3.425486E-02,0,0,0,0
Rh_4s12,179,1.47761591E-01,-2.579442E+01,-2.500145E+01,-1.493799E-01,3.432908E-02,0,0,0,0
Rh_4s12,180,1.57781575E-01,-2.502074E+01,-2.427114E+01,-6.279440E-02,3.338016E-02,0,0,0,0
Rh_4s12,181,1.68376212E-01,-2.424207E+01,-2.353331E+01,3.084455E-02,3.145978E-02,0,0,0,0
Rh_4s12,182,1.79570046E-01,-2.346077E+01,-2.279043E+01,1.286780E-01,2.865353E-02,0,0,0,0
Rh_4s12,183,1.91388107E-01,-2.267915E+01,-2.204502E+01,2.274684E-01,2.507760E-02,0,0,0,0
Rh_4s12,184,2.03855884E-01,-2.189930E+01,-2.129925E+01,3.237167E-01,2.087402E-02,0,0,0,0
Rh_4s12,185,2.16999312E-01,-2.112282E+01,-2.055490E+01,4.137996E-01,1.620448E-02,0,0,0,0
Rh_4s12,186,2.30844738E-01,-2.035096E+01,-1.981333E+01,4.941227E-01,1.124335E-02,0,0,0,0
Rh_4s12,187,2.45418909E-01,-1.958502E+01,-1.907598E+01,5.612802E-01,6.170086E-03,0,0,0,0
Rh_4s12,188,2.60748939E-01,-1.882649E+01,-1.834443E+01,6.122133E-01,1.161339E-03,0,0,0,0
Rh_4s12,189,2.76862289E-01,-1.807748E+01,-1.762087E+01,6.443557E-01,-3.616658E-03,0,0,0,0
Rh_4s12,190,2.93786740E-01,-1.734037E+01,-1.690779E+01,6.557587E-01,-8.015042E-03,0,0,0,0
Rh_4s12,191,3.11550369E-01,-1.661780E+01,-1.620790E+01,6.451871E-01,-1.190805E-02,0,0,0,0
Rh_4s12,192,3.30181523E-01,-1.591224E+01,-1.552374E+01,6.121802E-01,-1.519719E-02,0,0,0,0
Rh_4s12,193,3.49708788E-01,-1.522575E+01,-1.485743E+01,5.570758E-01,-1.781362E-02,0,0,0,0
Rh_4s12,194,3.70160971E-01,-1.455967E+01,-1.421041E+01,4.809964E-01,-1.971881E-02,0,0,0,0
Rh_4s12,195,3.91567070E-01,-1.391461E+01,-1.358333E+01,3.857997E-01,-2.090362E-02,0,0,0,0
Rh_4s12,196,4.13956246E-01,-1.329038E+01,-1.297606E+01,2.739973E-01,-2.138609E-02,0,0,0,0
Rh_4s12,197,4.37357801E-01,-1.268624E+01,-1.238794E+01,1.486462E-01,-2.120837E-02,0,0,0,0
Rh_4s12,198,4.61801153E-01,-1.210111E+01,-1.181793E+01,1.321892E-02,-2.043282E-02,0,0,0,0
Rh_4s12,199,4.87315808E-01,-1.153392E+01,-1.126502E+01,-1.285419E-01,-1.913784E-02,0,0,0,0
Rh_4s12,200,5.13931339E-01,-1.098404E+01,-1.072861E+01,-2.727770E-01,-1.741322E-02,0,0,0,0
Rh_4s12,201,5.41677359E-01,-1.045133E+01,-1.020862E+01,-4.156640E-01,-1.535546E-02,0,0,0,0
Rh_4s12,202,5.70583501E-01,-9.936309E+00,-9.705612E+00,-5.535622E-01,-1.306307E-02,0,0,0,0
Rh_4s12,203,6.00679395E-01,-9.439808E+00,-9.220450E+00,-6.831409E-01,-1.063216E-02,0,0,0,0
Rh_4s12,204,6.31994644E-01,-8.962447E+00,-8.753789E+00,-8.014853E-01,-8.152581E-03,0,0,0,0
Rh_4s12,205,6.64558806E-01,-8.504099E+00,-8.305540E+00,-9.061757E-01,-5.705106E-03,0,0,0,0
Rh_4s12,206,6.98401370E-01,-8.063714E+00,-7.874691E+00,-9.953402E-01,-3.359488E-03,0,0,0,0
Rh_4s12,207,7.33551743E-01,-7.639614E+00,-7.459600E+00,-1.067684E+00,-1.173472E-03,0,0,0,0
Rh_4s12,208,7.70039224E-01,-7.230092E+00,-7.058590E+00,-1.122493E+00,8.076379E-04,0,0,0,0
Rh_4s12,209,8.07892992E-01,-6.833761E+00,-6.670306E+00,-1.159620E+00,2.551006E-03,0,0,0,0
Rh_4s12,210,8.47142087E-01,-6.450021E+00,-6.294174E+00,-1.179447E+00,4.035980E-03,0,0,0,0
Rh_4s12,211,8.87815393E-01,-6.078773E+00,-5.930120E+00,-1.182824E+00,5.253429E-03,0,0,0,0
Rh_4s12,212,9.29941626E-01,-5.720469E+00,-5.578619E+00,-1.171001E+00,6.204665E-03,0,0,0,0
Rh_4s12,213,9.73549318E-01,-5.375815E+00,-5.240402E+00,-1.145540E+00,6.900025E-03,0,0,0,0
Rh_4s12,214,1.01866680E+00,-5.045607E+00,-4.916284E+00,-1.108226E+00,7.357162E-03,0,0,0,0
Rh_4s12,215,1.06532220E+00,-4.730582E+00,-4.607023E+00,-1.060979E+00,7.599202E-03,0,0,0,0
Rh_4s12,216,1.11354343E+00,-4.431322E+00,-4.313220E+00,-1.005769E+00,7.652900E-03,0,0,0,0
Rh_4s12,217,1.16335815E+00,-4.148201E+00,-4.035268E+00,-9.445414E-01,7.546919E-03,0,0,0,0
Rh_4s12,218,1.21479379E+00,-3.881358E+00,-3.773322E+00,-8.791543E-01,7.310314E-03,0,0,0,0
Rh_4s12,219,1.26787754E+00,-3.630724E+00,-3.527330E+00,-8.113287E-01,6.971286E-03,0,0,0,0
Rh_4s12,220,1.32263631E+00,-3.396024E+00,-3.297031E+00,-7.426123E-01,6.556228E-03,0,0,0,0
Rh_4s12,221,1.37909677E+00,-3.176817E+00,-3.081996E+00,-6.743564E-01,6.089041E-03,0,0,0,0
Rh_4s12,222,1.43728528E+00,-2.972548E+00,-2.881687E+00,-6.077040E-01,5.590722E-03,0,0,0,0
Rh_4s12,223,1.49722796E+00,-2.782548E+00,-2.695444E+00,-5.435878E-01,5.079166E-03,0,0,0,0
Rh_4s12,224,1.55895062E+00,-2.606110E+00,-2.522574E+00,-4.827366E-01,4.569151E-03,0,0,0,0
Rh_4s12,225,1.62247878E+00,-2.442473E+00,-2.362325E+00,-4.256878E-01,4.072459E-03,0,0,0,0
Rh_4s12,226,1.68783768E+00,-2.290872E+00,-2.213944E+00,-3.728042E-01,3.598096E-03,0,0,0,0
Rh_4s12,227,1.75505224E+00,-2.150546E+00,-2.076677E+00,-3.242943E-01,3.152575E-03,0,0,0,0
Rh_4s12,228,1.82414712E+00,-2.020748E+00,-1.949787E+00,-2.802335E-01,2.740236E-03,0,0,0,0
Rh_4s12,229,1.89514662E+00,-1.900750E+00,-1.832557E+00,-2.405859E-01,2.363575E-03,0,0,0,0
Rh_4s12,230,1.96807478E+00,-1.789858E+00,-1.724297E+00,-2.052260E-01,2.023570E-03,0,0,0,0
Rh_4s12,231,2.04295531E+00,-1.687406E+00,-1.624351E+00,-1.739585E-01,1.719984E-03,0,0,0,0
Rh_4s12,232,2.11981162E+00,-1.592763E+00,-1.532096E+00,-1.465372E-01,1.451647E-03,0,0,0,0
Rh_4s12,233,2.19866681E+00,-1.507401E+00,-1.449009E+00,-1.226808E-01,1.216738E-03,0,0,0,0
Rh_4s12,234,2.27954366E+00,-1.432604E+00,-1.376377E+00,-1.020863E-01,1.013011E-03,0,0,0,0
Rh_4s12,235,2.36246467E+00,-1.367349E+00,-1.313187E+00,-8.444021E-02,8.378978E-04,0,0,0,0
Rh_4s12,236,2.44745199E+00,-1.310668E+00,-1.258476E+00,-6.942980E-02,6.886430E-04,0,0,0,0
Rh_4s12,237,2.53452750E+00,-1.261654E+00,-1.211340E+00,-5.675123E-02,5.624413E-04,0,0,0,0
Rh_4s12,238,2.62371274E+00,-1.219458E+00,-1.170937E+00,-4.611590E-02,4.565455E-04,0,0,0,0
Rh_4s12,239,2.71502897E+00,-1.183295E+00,-1.136486E+00,-3.725470E-02,3.683404E-04,0,0,0,0
Rh_4s12,240,2.80849713E+00,-1.152443E+00,-1.107269E+00,-2.992068E-02,2.953930E-04,0,0,0,0
Rh_4s12,241,2.90413787E+00,-1.126241E+00,-1.082630E+00,-2.389041E-02,2.354815E-04,0,0,0,0
Rh_4s12,242,3.00197152E+00,-1.104092E+00,-1.061975E+00,-1.896428E-02,1.866093E-04,0,0,0,0
Rh_4s12,243,3.10201813E+00,-1.085456E+00,-1.044767E+00,-1.496601E-02,1.470072E-04,0,0,0,0
Rh_4s12,244,3.20429744E+00,-1.069848E+00,-1.030525E+00,-1.174157E-02,1.151270E-04,0,0,0,0
Rh_4s12,245,3.30882892E+00,-1.056837E+00,-1.018822E+00,-9.157751E-03,8.962930E-05,0,0,0,0
Rh_4s12,246,3.41563171E+00,-1.046044E+00,-1.009280E+00,-7.100427E-03,6.936722E-05,0,0,0,0
Rh_4s12,247,3.52472471E+00,-1.037132E+00,-1.001567E+00,-5.472704E-03,5.336846E-05,0,0,0,0
Rh_4s12,248,3.63612649E+00,-1.029809E+00,-9.953923E-01,-4.193040E-03,4.081629E-05,0,0,0,0
Rh_4s12,249,3.74985537E+00,-1.023820E+00,-9.905046E-01,-3.193395E-03,3.103066E-05,0,0,0,0
Rh_4s12,250,3.86592937E+00,-1.018947E+00,-9.866865E-01,-2.417457E-03,2.345017E-05,0,0,0,0
Rh_4s12,251,3.98436626E+00,-1.015001E+00,-9.837521E-01,-1.819001E-03,1.761513E-05,0,0,0,0
Rh_4s12,252,4.10518351E+00,-1.011821E+00,-9.815429E-01,-1.360379E-03,1.315216E-05,0,0,0,0
Rh_4s12,253,4.22839834E+00,-1.009271E+00,-9.799248E-01,-1.011171E-03,9.760346E-06,0,0,0,0
Rh_4s12,254,4.35402770E+00,-1.007237E+00,-9.787848E-01,-7.469844E-04,7.199050E-06,0,0,0,0
Rh_4s12,255,4.48208827E+00,-1.005622E+00,-9.780288E-01,-5.484090E-04,5.277296E-06,0,0,0,0
Rh_4s12,256,4.61259649E+00,-1.004346E+00,-9.775784E-01,-4.001179E-04,3.844663E-06,0,0,0,0
Rh_4s12,257,4.74556853E+00,-1.003344E+00,-9.773689E-01,-2.900989E-04,2.783553E-06,0,0,0,0
Rh_4s12,258,4.88102031E+00,-1.002560E+00,-9.773473E-01,-2.090079E-04,2.002714E-06,0,0,0,0
Rh_4s12,259,5.01896752E+00,-1.001950E+00,-9.774707E-01,-1.496313E-04,1.431860E-06,0,0,0,0
Rh_4s12,260,5.15942559E+00,-1.001479E+00,-9.777040E-01,-1.064411E-04,1.017250E-06,0,0,0,0
Rh_4s12,261,5.30240972E+00,-1.001115E+00,-9.780192E-01,-7.523290E-05,7.180998E-07,0,0,0,0
Rh_4s12,262,5.44793486E+00,-1.000837E+00,-9.783940E-01,-5.283268E-05,5.036810E-07,0,0,0,0
Rh_4s12,263,5.59601573E+00,-1.000625E+00,-9.788109E-01,-3.686197E-05,3.510137E-07,0,0,0,0
Rh_4s12,264,5.74666685E+00,-1.000464E+00,-9.792558E-01,-2.555174E-05,2.430383E-07,0,0,0,0
Rh_4s12,265,5.89990247E+00,-1.000343E+00,-9.797182E-01,-1.759599E-05,1.671829E-07,0,0,0,0
Rh_4s12,266,6.05573665E+00,-1.000252E+00,-9.801897E-01,-1.203769E-05,1.142511E-07,0,0,0,0
Rh_4s12,267,6.21418324E+00,-1.000185E+00,-9.806640E-01,-8.180782E-06,7.756485E-08,0,0,0,0
Rh_4s12,268,6.37525583E+00,-1.000134E+00,-9.811364E-01,-5.522735E-06,5.231073E-08,0,0,0,0
Rh_4s12,269,6.53896785E+00,-1.000097E+00,-9.816035E-01,-3.703456E-06,3.504476E-08,0,0,0,0
Rh_4s12,270,6.70533249E+00,-1.000070E+00,-9.820627E-01,-2.466835E-06,2.332102E-08,0,0,0,0
Rh_4s12,271,6.87436275E+00,-1.000050E+00,-9.825123E-01,-1.632071E-06,1.541522E-08,0,0,0,0
Rh_4s12,272,7.04607142E+00,-1.000036E+00,-9.829511E-01,-1.072484E-06,1.012082E-08,0,0,0,0
Rh_4s12,273,7.22047112E+00,-1.000025E+00,-9.833784E-01,-6.999745E-07,6.599818E-09,0,0,0,0
Rh_4s12,274,7.39757424E+00,-1.000018E+00,-9.837936E-01,-4.537325E-07,4.274492E-09,0,0,0,0
Rh_4s12,275,7.57739300E+00,-1.000013E+00,-9.841968E-01,-2.920997E-07,2.749540E-09,0,0,0,0
Rh_4s12,276,7.75993943E+00,-1.000009E+00,-9.845877E-01,-1.867511E-07,1.756489E-09,0,0,0,0
Rh_4s12,277,7.94522537E+00,-1.000006E+00,-9.849667E-01,-1.185724E-07,1.114366E-09,0,0,0,0
Rh_4s12,278,8.13326250E+00,-1.000004E+00,-9.853338E-01,-7.476190E-08,7.020922E-10,0,0,0,0
Rh_4s12,279,8.32406229E+00,-1.000003E+00,-9.856894E-01,-4.681025E-08,4.392707E-10,0,0,0,0
Rh_4s12,280,8.51763607E+00,-1.000002E+00,-9.860338E-01,-2.910406E-08,2.729163E-10,0,0,0,0
Rh_4s12,281,8.71399497E+00,-1.000001E+00,-9.863674E-01,-1.796828E-08,1.683735E-10,0,0,0,0
Rh_4s12,282,8.91314998E+00,-1.000001E+00,-9.866904E-01,-1.101509E-08,1.031461E-10,0,0,0,0
Rh_4s12,283,9.11511189E+00,-1.000001E+00,-9.870033E-01,-6.704817E-09,6.274155E-11,0,0,0,0
Rh_4s12,284,9.31989135E+00,-1.000000E+00,-9.873064E-01,-4.052209E-09,3.789389E-11,0,0,0,0
Rh_4s12,285,9.52749887E+00,-1.000000E+00,-9.876000E-01,-2.431597E-09,2.272392E-11,0,0,0,0
Rh_4s12,286,9.73794475E+00,-1.000000E+00,-9.878846E-01,-1.448690E-09,1.352963E-11,0,0,0,0
Rh_4s12,287,9.95123920E+00,-1.000000E+00,-9.881604E-01,-8.569042E-10,7.997722E-12,0,0,0,0
Rh_4s12,288,1.01673922E+01,-1.000000E+00,-9.884277E-01,-5.032129E-10,4.693678E-12,0,0,0,0
Rh_4s12,289,1.03864137E+01,-1.000000E+00,-9.886870E-01,-2.933751E-10,2.734741E-12,0,0,0,0
Rh_4s12,290,1.06083134E+01,-1.000000E+00,-9.889384E-01,-1.697995E-10,1.593770E-12,0,0,0,0
Rh_4s12,291,1.08331008E+01,-1.000000E+00,-9.891823E-01,-9.756214E-11,8.803338E-13,0,0,0,0
Rh_5s12,0,2.22222222E-08,-1.426115E-02,5.625436E+06,2.769782E-07,-9.617900E-12,0,0,0,0
Rh_5s12,1,2.43686888E-08,-1.563865E-02,5.129949E+06,3.037268E-07,-1.156474E-11,0,0,0,0
Rh_5s12,2,2.67224847E-08,-1.714921E-02,4.678106E+06,3.330589E-07,-1.390587E-11,0,0,0,0
Rh_5s12,3,2.93035852E-08,-1.880563E-02,4.266069E+06,3.652238E-07,-1.672106E-11,0,0,0,0
Rh_5s12,4,3.21339917E-08,-2.062205E-02,3.890324E+06,4.004953E-07,-2.010637E-11,0,0,0,0
Rh_5s12,5,3.52377847E-08,-2.261392E-02,3.547675E+06,4.391735E-07,-2.417722E-11,0,0,0,0
Rh_5s12,6,3.86413030E-08,-2.479813E-02,3.235212E+06,4.815870E-07,-2.907236E-11,0,0,0,0
Rh_5s12,7,4.23735575E-08,-2.719331E-02,2.950269E+06,5.280968E-07,-3.495875E-11,0,0,0,0
Rh_5s12,8,4.64662192E-08,-2.981978E-02,2.690429E+06,5.790981E-07,-4.203700E-11,0,0,0,0
Rh_5s12,9,5.09540830E-08,-3.269988E-02,2.453478E+06,6.350245E-07,-5.054839E-11,0,0,0,0
Rh_5s12,10,5.58753999E-08,-3.585814E-02,2.237396E+06,6.963521E-07,-6.078327E-11,0,0,0,0
Rh_5s12,11,6.12719276E-08,-3.932137E-02,2.040350E+06,7.636019E-07,-7.309036E-11,0,0,0,0
Rh_5s12,12,6.71896597E-08,-4.311908E-02,1.860658E+06,8.373464E-07,-8.788947E-11,0,0,0,0
Rh_5s12,13,7.36788069E-08,-4.728350E-02,1.696794E+06,9.182118E-07,-1.056848E-10,0,0,0,0
Rh_5s12,14,8.07945326E-08,-5.185002E-02,1.547365E+06,1.006886E-06,-1.270830E-10,0,0,0,0
Rh_5s12,15,8.85974782E-08,-5.685758E-02,1.411096E+06,1.104123E-06,-1.528139E-10,0,0,0,0
Rh_5s12,16,9.71538449E-08,-6.234864E-02,1.286830E+06,1.210749E-06,-1.837541E-10,0,0,0,0
Rh_5s12,17,1.06536364E-07,-6.836988E-02,1.173510E+06,1.327671E-06,-2.209581E-10,0,0,0,0
Rh_5s12,18,1.16824785E-07,-7.497249E-02,1.070172E+06,1.455882E-06,-2.656940E-10,0,0,0,0
Rh_5s12,19,1.28106557E-07,-8.221258E-02,9.759356E+05,1.596472E-06,-3.194863E-10,0,0,0,0
Rh_5s12,20,1.40477809E-07,-9.015183E-02,8.899979E+05,1.750637E-06,-3.841695E-10,0,0,0,0
Rh_5s12,21,1.54043217E-07,-9.885743E-02,8.116309E+05,1.919685E-06,-4.619455E-10,0,0,0,0
Rh_5s12,22,1.68918585E-07,-1.084037E-01,7.401649E+05,2.105056E-06,-5.554677E-10,0,0,0,0
Rh_5s12,23,1.85229766E-07,-1.188714E-01,6.749944E+05,2.308321E-06,-6.679192E-10,0,0,0,0
Rh_5s12,24,2.03115995E-07,-1.303499E-01,6.155626E+05,2.531212E-06,-8.031363E-10,0,0,0,0
Rh_5s12,25,2.22728585E-07,-1.429362E-01,5.613661E+05,2.775617E-06,-9.657208E-10,0,0,0,0
Rh_5s12,26,2.44234514E-07,-1.567376E-01,5.119427E+05,3.043616E-06,-1.161215E-09,0,0,0,0
Rh_5s12,27,2.67816518E-07,-1.718713E-01,4.668719E+05,3.337486E-06,-1.396278E-09,0,0,0,0
Rh_5s12,28,2.93674455E-07,-1.884656E-01,4.257711E+05,3.659720E-06,-1.678915E-09,0,0,0,0
Rh_5s12,29,3.22029000E-07,-2.066620E-01,3.882891E+05,4.013061E-06,-2.018762E-09,0,0,0,0
Rh_5s12,30,3.53119360E-07,-2.266141E-01,3.541092E+05,4.400500E-06,-2.427378E-09,0,0,0,0
Rh_5s12,31,3.87210673E-07,-2.484919E-01,3.229392E+05,4.825333E-06,-2.918690E-09,0,0,0,0
Rh_5s12,32,4.24592535E-07,-2.724814E-01,2.945141E+05,5.291171E-06,-3.509435E-09,0,0,0,0
Rh_5s12,33,4.65581675E-07,-2.987857E-01,2.685925E+05,5.801961E-06,-4.219716E-09,0,0,0,0
Rh_5s12,34,5.10526032E-07,-3.276282E-01,2.449539E+05,6.362041E-06,-5.073718E-09,0,0,0,0
Rh_5s12,35,5.59808063E-07,-3.592541E-01,2.233969E+05,6.976171E-06,-6.100534E-09,0,0,0,0
Rh_5s12,36,6.13844178E-07,-3.939307E-01,2.037388E+05,7.649550E-06,-7.335078E-09,0,0,0,0
Rh_5s12,37,6.73095020E-07,-4.319535E-01,1.858117E+05,8.387906E-06,-8.819421E-09,0,0,0,0
Rh_5s12,38,7.38061153E-07,-4.736436E-01,1.694638E+05,9.197489E-06,-1.060403E-08,0,0,0,0
Rh_5s12,39,8.09294905E-07,-5.193552E-01,1.545557E+05,1.008518E-05,-1.274965E-08,0,0,0,0
Rh_5s12,40,8.87400674E-07,-5.694762E-01,1.409606E+05,1.105849E-05,-1.532931E-08,0,0,0,0
Rh_5s12,41,9.73041115E-07,-6.244313E-01,1.285629E+05,1.212570E-05,-1.843078E-08,0,0,0,0
Rh_5s12,42,1.06694090E-06,-6.846855E-01,1.172574E+05,1.329583E-05,-2.215950E-08,0,0,0,0
Rh_5s12,43,1.16989756E-06,-7.507500E-01,1.069478E+05,1.457882E-05,-2.664235E-08,0,0,0,0
Rh_5s12,44,1.28278253E-06,-8.231832E-01,9.754656E+04,1.598553E-05,-3.203170E-08,0,0,0,0
Rh_5s12,45,1.40655260E-06,-9.025987E-01,8.897370E+04,1.752788E-05,-3.851079E-08,0,0,0,0
Rh_5s12,46,1.54225798E-06,-9.896691E-01,8.115625E+04,1.921894E-05,-4.629995E-08,0,0,0,0
Rh_5s12,47,1.69104604E-06,-1.085129E+00,7.402790E+04,2.107303E-05,-5.566375E-08,0,0,0,0
Rh_5s12,48,1.85417702E-06,-1.189786E+00,6.752802E+04,2.310584E-05,-6.692036E-08,0,0,0,0
Rh_5s12,49,2.03303422E-06,-1.304525E+00,6.160130E+04,2.533459E-05,-8.045230E-08,0,0,0,0
Rh_5s12,50,2.22912879E-06,-1.430313E+00,5.619744E+04,2.777812E-05,-9.671887E-08,0,0,0,0
Rh_5s12,51,2.44412209E-06,-1.568210E+00,5.127046E+04,3.045712E-05,-1.162725E-07,0,0,0,0
Rh_5s12,52,2.67983341E-06,-1.719380E+00,4.677851E+04,3.339424E-05,-1.397768E-07,0,0,0,0
Rh_5s12,53,2.93825503E-06,-1.885093E+00,4.268343E+04,3.661430E-05,-1.680290E-07,0,0,0,0
Rh_5s12,54,3.22157153E-06,-2.066741E+00,3.895042E+04,4.014451E-05,-2.019872E-07,0,0,0,0
Rh_5s12,55,3.53218026E-06,-2.265849E+00,3.554776E+04,4.401468E-05,-2.428029E-07,0,0,0,0
Rh_5s12,56,3.87270272E-06,-2.484082E+00,3.244656E+04,4.825748E-05,-2.918583E-07,0,0,0,0
Rh_5s12,57,4.24601843E-06,-2.723267E+00,2.962045E+04,5.290871E-05,-3.508151E-07,0,0,0,0
Rh_5s12,58,4.65527750E-06,-2.985394E+00,2.704545E+04,5.800758E-05,-4.216678E-07,0,0,0,0
Rh_5s12,59,5.10393592E-06,-3.272641E+00,2.469970E+04,6.359705E-05,-5.068127E-07,0,0,0,0
Rh_5s12,60,5.59577840E-06,-3.587386E+00,2.256327E+04,6.972418E-05,-6.091263E-07,0,0,0,0
Rh_5s12,61,6.13495341E-06,-3.932222E+00,2.061803E+04,7.644051E-05,-7.320621E-07,0,0,0,0
Rh_5s12,62,6.72600836E-06,-4.309977E+00,1.884749E+04,8.380249E-05,-8.797655E-07,0,0,0,0
Rh_5s12,63,7.37392185E-06,-4.723727E+00,1.723597E+04,9.187190E-05,-1.057210E-06,0,0,0,0
Rh_5s12,64,8.08415363E-06,-5.176819E+00,1.577138E+04,1.007164E-04,-1.270362E-06,0,0,0,0
Rh_5s12,65,8.86268273E-06,-5.672883E+00,1.444050E+04,1.104101E-04,-1.526376E-06,0,0,0,0
Rh_5s12,66,9.71605824E-06,-6.215851E+00,1.323121E+04,1.210339E-04,-1.833827E-06,0,0,0,0
Rh_5s12,67,1.06514605E-05,-6.809973E+00,1.213442E+04,1.326766E-04,-2.202992E-06,0,0,0,0
Rh_5s12,68,1.16767499E-05,-7.459821E+00,1.114076E+04,1.454350E-04,-2.646170E-06,0,0,0,0
Rh_5s12,69,1.28005423E-05,-8.170303E+00,1.024163E+04,1.594151E-04,-3.178082E-06,0,0,0,0
Rh_5s12,70,1.40322695E-05,-8.946653E+00,9.428991E+03,1.747325E-04,-3.816323E-06,0,0,0,0
Rh_5s12,71,1.53822682E-05,-9.794433E+00,8.697338E+03,1.915138E-04,-4.581911E-06,0,0,0,0
Rh_5s12,72,1.68618598E-05,-1.071949E+01,8.040182E+03,2.098969E-04,-5.499914E-06,0,0,0,0
Rh_5s12,73,1.84834363E-05,-1.172790E+01,7.451417E+03,2.300321E-04,-6.600186E-06,0,0,0,0
Rh_5s12,74,2.02605792E-05,-1.282594E+01,6.927598E+03,2.520832E-04,-7.918232E-06,0,0,0,0
Rh_5s12,75,2.22081559E-05,-1.401992E+01,6.464381E+03,2.762285E-04,-9.496168E-06,0,0,0,0
Rh_5s12,76,2.43424471E-05,-1.531602E+01,6.058271E+03,3.026618E-04,-1.138383E-05,0,0,0,0
Rh_5s12,77,2.66812790E-05,-1.672010E+01,5.707155E+03,3.315933E-04,-1.364000E-05,0,0,0,0
Rh_5s12,78,2.92441716E-05,-1.823732E+01,5.408828E+03,3.632508E-04,-1.633373E-05,0,0,0,0
Rh_5s12,79,3.20524919E-05,-1.987173E+01,5.162723E+03,3.978807E-04,-1.954574E-05,0,0,0,0
Rh_5s12,80,3.51296338E-05,-2.162560E+01,4.968958E+03,4.357488E-04,-2.336981E-05,0,0,0,0
Rh_5s12,81,3.85012014E-05,-2.349864E+01,4.828454E+03,4.771413E-04,-2.791405E-05,0,0,0,0
Rh_5s12,82,4.21952215E-05,-2.548687E+01,4.744179E+03,5.223654E-04,-3.330179E-05,0,0,0,0
Rh_5s12,83,4.62423676E-05,-2.758111E+01,4.720265E+03,5.717503E-04,-3.967197E-05,0,0,0,0
Rh_5s12,84,5.06762051E-05,-2.976509E+01,4.763031E+03,6.256477E-04,-4.717826E-05,0,0,0,0
Rh_5s12,85,5.55334622E-05,-3.201291E+01,4.880904E+03,6.844328E-04,-5.598663E-05,0,0,0,0
Rh_5s12,86,6.08543274E-05,-3.428592E+01,5.082921E+03,7.485057E-04,-6.627010E-05,0,0,0,0
Rh_5s12,87,6.66827627E-05,-3.652908E+01,5.375344E+03,8.182944E-04,-7.819967E-05,0,0,0,0
Rh_5s12,88,7.30668595E-05,-3.866753E+01,5.747428E+03,8.942598E-04,-9.192993E-05,0,0,0,0
Rh_5s12,89,8.00592177E-05,-4.060557E+01,6.132026E+03,9.769027E-04,-1.075787E-04,0,0,0,0
Rh_5s12,90,8.77173610E-05,-4.223422E+01,6.342787E+03,1.066765E-03,-1.252024E-04,0,0,0,0
Rh_5s12,91,9.61041931E-05,-4.345839E+01,6.109126E+03,1.164418E-03,-1.447761E-04,0,0,0,0
Rh_5s12,92,1.05288485E-04,-4.424784E+01,5.339217E+03,1.270491E-03,-1.662006E-04,0,0,0,0
Rh_5s12,93,1.15345422E-04,-4.467262E+01,4.314008E+03,1.385769E-03,-1.893541E-04,0,0,0,0
Rh_5s12,94,1.26357184E-04,-4.486359E+01,3.428200E+03,1.511140E-03,-2.141664E-04,0,0,0,0
Rh_5s12,95,1.38413580E-04,-4.493632E+01,2.827552E+03,1.647479E-03,-2.406602E-04,0,0,0,0
Rh_5s12,96,1.51612748E-04,-4.495925E+01,2.434297E+03,1.795702E-03,-2.689420E-04,0,0,0,0
Rh_5s12,97,1.66061904E-04,-4.496400E+01,2.146746E+03,1.956820E-03,-2.991753E-04,0,0,0,0
Rh_5s12,98,1.81878167E-04,-4.496280E+01,1.910505E+03,2.131941E-03,-3.315584E-04,0,0,0,0
Rh_5s12,99,1.99189447E-04,-4.495974E+01,1.703669E+03,2.322262E-03,-3.663128E-04,0,0,0,0
Rh_5s12,100,2.18135417E-04,-4.495597E+01,1.518109E+03,2.529070E-03,-4.036781E-04,0,0,0,0
Rh_5s12,101,2.38868560E-04,-4.495175E+01,1.350511E+03,2.753750E-03,-4.439111E-04,0,0,0,0
Rh_5s12,102,2.61555319E-04,-4.494711E+01,1.199024E+03,2.997792E-03,-4.872862E-04,0,0,0,0
Rh_5s12,103,2.86377324E-04,-4.494204E+01,1.062225E+03,3.262796E-03,-5.340968E-04,0,0,0,0
Rh_5s12,104,3.13532746E-04,-4.493647E+01,9.388536E+02,3.550479E-03,-5.846565E-04,0,0,0,0
Rh_5s12,105,3.43237752E-04,-4.493038E+01,8.277589E+02,3.862683E-03,-6.393006E-04,0,0,0,0
Rh_5s12,106,3.75728075E-04,-4.492370E+01,7.278826E+02,4.201380E-03,-6.983873E-04,0,0,0,0
Rh_5s12,107,4.11260733E-04,-4.491640E+01,6.382505E+02,4.568678E-03,-7.622996E-04,0,0,0,0
Rh_5s12,108,4.50115867E-04,-4.490839E+01,5.579650E+02,4.966825E-03,-8.314464E-04,0,0,0,0
Rh_5s12,109,4.92598745E-04,-4.489963E+01,4.861979E+02,5.398214E-03,-9.062641E-04,0,0,0,0
Rh_5s12,110,5.39041925E-04,-4.489004E+01,4.221839E+02,5.865389E-03,-9.872176E-04,0,0,0,0
Rh_5s12,111,5.89807581E-04,-4.487954E+01,3.652153E+02,6.371044E-03,-1.074802E-03,0,0,0,0
Rh_5s12,112,6.45290023E-04,-4.486804E+01,3.146370E+02,6.918027E-03,-1.169544E-03,0,0,0,0
Rh_5s12,113,7.05918418E-04,-4.485546E+01,2.698426E+02,7.509337E-03,-1.272001E-03,0,0,0,0
Rh_5s12,114,7.72159708E-04,-4.484170E+01,2.302707E+02,8.148121E-03,-1.382764E-03,0,0,0,0
Rh_5s12,115,8.44521763E-04,-4.482664E+01,1.954018E+02,8.837670E-03,-1.502458E-03,0,0,0,0
Rh_5s12,116,9.23556778E-04,-4.481017E+01,1.647560E+02,9.581404E-03,-1.631740E-03,0,0,0,0
Rh_5s12,117,1.00986491E-03,-4.479215E+01,1.378902E+02,1.038286E-02,-1.771298E-03,0,0,0,0
Rh_5s12,118,1.10409819E-03,-4.477245E+01,1.143972E+02,1.124569E-02,-1.921856E-03,0,0,0,0
Rh_5s12,119,1.20696472E-03,-4.475091E+01,9.390273E+01,1.217358E-02,-2.084164E-03,0,0,0,0
Rh_5s12,120,1.31923320E-03,-4.472735E+01,7.606492E+01,1.317031E-02,-2.259001E-03,0,0,0,0
Rh_5s12,121,1.44173773E-03,-4.470161E+01,6.057219E+01,1.423962E-02,-2.447171E-03,0,0,0,0
Rh_5s12,122,1.57538293E-03,-4.467349E+01,4.714199E+01,1.538521E-02,-2.649495E-03,0,0,0,0
Rh_5s12,123,1.72114953E-03,-4.464276E+01,3.551929E+01,1.661066E-02,-2.866809E-03,0,0,0,0
Rh_5s12,124,1.88010018E-03,-4.460920E+01,2.547503E+01,1.791939E-02,-3.099953E-03,0,0,0,0
Rh_5s12,125,2.05338577E-03,-4.457255E+01,1.680455E+01,1.931451E-02,-3.349764E-03,0,0,0,0
Rh_5s12,126,2.24225204E-03,-4.453255E+01,9.325979E+00,2.079877E-02,-3.617065E-03,0,0,0,0
Rh_5s12,127,2.44804675E-03,-4.448890E+01,2.878559E+00,2.237438E-02,-3.902648E-03,0,0,0,0
Rh_5s12,128,2.67222716E-03,-4.444129E+01,-2.679054E+00,2.404294E-02,-4.207260E-03,0,0,0,0
Rh_5s12,129,2.91636804E-03,-4.438938E+01,-7.470479E+00,2.580520E-02,-4.531581E-03,0,0,0,0
Rh_5s12,130,3.18217011E-03,-4.433281E+01,-1.160328E+01,2.766090E-02,-4.876207E-03,0,0,0,0
Rh_5s12,131,3.47146901E-03,-4.427118E+01,-1.517060E+01,2.960854E-02,-5.241617E-03,0,0,0,0
Rh_5s12,132,3.78624466E-03,-4.420409E+01,-1.825274E+01,3.164515E-02,-5.628145E-03,0,0,0,0
Rh_5s12,133,4.12863129E-03,-4.413109E+01,-2.091858E+01,3.376601E-02,-6.035948E-03,0,0,0,0
Rh_5s12,134,4.50092781E-03,-4.405173E+01,-2.322706E+01,3.596433E-02,-6.464966E-03,0,0,0,0
Rh_5s12,135,4.90560879E-03,-4.396549E+01,-2.522837E+01,3.823093E-02,-6.914878E-03,0,0,0,0
Rh_5s12,136,5.34533597E-03,-4.387188E+01,-2.696512E+01,4.055386E-02,-7.385054E-03,0,0,0,0
Rh_5s12,137,5.82297026E-03,-4.377034E+01,-2.847345E+01,4.291806E-02,-7.874509E-03,0,0,0,0
Rh_5s12,138,6.34158424E-03,-4.366031E+01,-2.978387E+01,4.530492E-02,-8.381840E-03,0,0,0,0
Rh_5s12,139,6.90447521E-03,-4.354120E+01,-3.092214E+01,4.769190E-02,-8.905175E-03,0,0,0,0
Rh_5s12,140,7.51517875E-03,-4.341241E+01,-3.190999E+01,5.005208E-02,-9.442105E-03,0,0,0,0
Rh_5s12,141,8.17748271E-03,-4.327333E+01,-3.276570E+01,5.235382E-02,-9.989628E-03,0,0,0,0
Rh_5s12,142,8.89544175E-03,-4.312332E+01,-3.350467E+01,5.456038E-02,-1.054409E-02,0,0,0,0
Rh_5s12,143,9.67339220E-03,-4.296174E+01,-3.413989E+01,5.662961E-02,-1.110111E-02,0,0,0,0
Rh_5s12,144,1.05159675E-02,-4.278796E+01,-3.468230E+01,5.851374E-02,-1.165556E-02,0,0,0,0
Rh_5s12,145,1.14281138E-02,-4.260133E+01,-3.514115E+01,6.015929E-02,-1.220149E-02,0,0,0,0
Rh_5s12,146,1.24151062E-02,-4.240122E+01,-3.552423E+01,6.150712E-02,-1.273210E-02,0,0,0,0
Rh_5s12,147,1.34825648E-02,-4.218700E+01,-3.583817E+01,6.249268E-02,-1.323974E-02,0,0,0,0
Rh_5s12,148,1.46364718E-02,-4.195804E+01,-3.608860E+01,6.304651E-02,-1.371591E-02,0,0,0,0
Rh_5s12,149,1.58831875E-02,-4.171373E+01,-3.628031E+01,6.309502E-02,-1.415128E-02,0,0,0,0
Rh_5s12,150,1.72294681E-02,-4.145346E+01,-3.641736E+01,6.256164E-02,-1.453629E-02,0,0,0,0
Rh_5s12,151,1.86824817E-02,-4.117665E+01,-3.650327E+01,6.136834E-02,-1.485980E-02,0,0,0,0
Rh_5s12,152,2.02498260E-02,-4.088270E+01,-3.654102E+01,5.943760E-02,-1.511055E-02,0,0,0,0
Rh_5s12,153,2.19395442E-02,-4.057105E+01,-3.653318E+01,5.669485E-02,-1.527701E-02,0,0,0,0
Rh_5s12,154,2.37601426E-02,-4.024114E+01,-3.648197E+01,5.307141E-02,-1.534753E-02,0,0,0,0
Rh_5s12,155,2.57206060E-02,-3.989244E+01,-3.638930E+01,4.850795E-02,-1.531069E-02,0,0,0,0
Rh_5s12,156,2.78304141E-02,-3.952443E+01,-3.625686E+01,4.295836E-02,-1.515565E-02,0,0,0,0
Rh_5s12,157,3.00995567E-02,-3.913670E+01,-3.608613E+01,3.639414E-02,-1.487253E-02,0,0,0,0
Rh_5s12,158,3.25385485E-02,-3.872889E+01,-3.587850E+01,2.880901E-02,-1.445284E-02,0,0,0,0
Rh_5s12,159,3.51584436E-02,-3.830076E+01,-3.563526E+01,2.022372E-02,-1.389000E-02,0,0,0,0
Rh_5s12,160,3.79708483E-02,-3.785224E+01,-3.535767E+01,1.069089E-02,-1.317981E-02,0,0,0,0
Rh_5s12,161,4.09879343E-02,-3.738337E+01,-3.504700E+01,2.994745E-04,-1.232097E-02,0,0,0,0
Rh_5s12,162,4.42224493E-02,-3.689434E+01,-3.470451E+01,-1.082126E-02,-1.131554E-02,0,0,0,0
Rh_5s12,163,4.76877285E-02,-3.638540E+01,-3.433143E+01,-2.249872E-02,-1.016935E-02,0,0,0,0
Rh_5s12,164,5.13977028E-02,-3.585677E+01,-3.392888E+01,-3.451523E-02,-8.892379E-03,0,0,0,0
Rh_5s12,165,5.53669077E-02,-3.530861E+01,-3.349785E+01,-4.660801E-02,-7.498988E-03,0,0,0,0
Rh_5s12,166,5.96104891E-02,-3.474097E+01,-3.303916E+01,-5.847123E-02,-6.008015E-03,0,0,0,0
Rh_5s12,167,6.41442095E-02,-3.415384E+01,-3.255351E+01,-6.976047E-02,-4.442722E-03,0,0,0,0
Rh_5s12,168,6.89844506E-02,-3.354727E+01,-3.204155E+01,-8.009997E-02,-2.830541E-03,0,0,0,0
Rh_5s12,169,7.41482165E-02,-3.292147E+01,-3.150404E+01,-8.909280E-02,-1.202590E-03,0,0,0,0
Rh_5s12,170,7.96531339E-02,-3.227687E+01,-3.094192E+01,-9.633393E-02,4.070367E-04,0,0,0,0
Rh_5s12,171,8.55174508E-02,-3.161418E+01,-3.035631E+01,-1.014261E-01,1.962210E-03,0,0,0,0
Rh_5s12,172,9.17600344E-02,-3.093435E+01,-2.974858E+01,-1.039978E-01,3.425920E-03,0,0,0,0
Rh_5s12,173,9.84003662E-02,-3.023849E+01,-2.912021E+01,-1.037236E-01,4.761592E-03,0,0,0,0
Rh_5s12,174,1.05458536E-01,-2.952784E+01,-2.847275E+01,-1.003443E-01,5.934521E-03,0,0,0,0
Rh_5s12,175,1.12955235E-01,-2.880360E+01,-2.780776E+01,-9.368814E-02,6.913351E-03,0,0,0,0
Rh_5s12,176,1.20911745E-01,-2.806695E+01,-2.712668E+01,-8.368918E-02,7.671524E-03,0,0,0,0
Rh_5s12,177,1.29349929E-01,-2.731905E+01,-2.643096E+01,-7.040403E-02,8.188626E-03,0,0,0,0
Rh_5s12,178,1.38292216E-01,-2.656108E+01,-2.572201E+01,-5.402374E-02,8.451541E-03,0,0,0,0
Rh_5s12,179,1.47761591E-01,-2.579442E+01,-2.500145E+01,-3.488043E-02,8.455338E-03,0,0,0,0
Rh_5s12,180,1.57781575E-01,-2.502074E+01,-2.427114E+01,-1.344723E-02,8.203810E-03,0,0,0,0
Rh_5s12,181,1.68376212E-01,-2.424207E+01,-2.353331E+01,9.669084E-03,7.709604E-03,0,0,0,0
Rh_5s12,182,1.79570046E-01,-2.346077E+01,-2.279043E+01,3.374317E-02,6.993899E-03,0,0,0,0
Rh_5s12,183,1.91388107E-01,-2.267915E+01,-2.204502E+01,5.795375E-02,6.085645E-03,0,0,0,0
Rh_5s12,184,2.03855884E-01,-2.189930E+01,-2.129925E+01,8.141300E-02,5.020396E-03,0,0,0,0
Rh_5s12,185,2.16999312E-01,-2.112282E+01,-2.055490E+01,1.032016E-01,3.838829E-03,0,0,0,0
Rh_5s12,186,2.30844738E-01,-2.035096E+01,-1.981333E+01,1.224081E-01,2.585009E-03,0,0,0,0
Rh_5s12,187,2.45418909E-01,-1.958502E+01,-1.907598E+01,1.381696E-01,1.304506E-03,0,0,0,0
Rh_5s12,188,2.60748939E-01,-1.882649E+01,-1.834443E+01,1.497138E-01,4.242123E-05,0,0,0,0
Rh_5s12,189,2.76862289E-01,-1.807748E+01,-1.762087E+01,1.563967E-01,-1.158541E-03,0,0,0,0
Rh_5s12,190,2.93786740E-01,-1.734037E+01,-1.690779E+01,1.577366E-01,-2.259856E-03,0,0,0,0
Rh_5s12,191,3.11550369E-01,-1.661780E+01,-1.620790E+01,1.534403E-01,-3.228667E-03,0,0,0,0
Rh_5s12,192,3.30181523E-01,-1.591224E+01,-1.552374E+01,1.434210E-01,-4.038901E-03,0,0,0,0
Rh_5s12,193,3.49708788E-01,-1.522575E+01,-1.485743E+01,1.278064E-01,-4.671947E-03,0,0,0,0
Rh_5s12,194,3.70160971E-01,-1.455967E+01,-1.421041E+01,1.069376E-01,-5.116913E-03,0,0,0,0
Rh_5s12,195,3.91567070E-01,-1.391461E+01,-1.358333E+01,8.135824E-02,-5.370488E-03,0,0,0,0
Rh_5s12,196,4.13956246E-01,-1.329038E+01,-1.297606E+01,5.179486E-02,-5.436488E-03,0,0,0,0
Rh_5s12,197,4.37357801E-01,-1.268624E+01,-1.238794E+01,1.912998E-02,-5.325155E-03,0,0,0,0
Rh_5s12,198,4.61801153E-01,-1.210111E+01,-1.181793E+01,-1.563155E-02,-5.052264E-03,0,0,0,0
Rh_5s12,199,4.87315808E-01,-1.153392E+01,-1.126502E+01,-5.140102E-02,-4.638098E-03,0,0,0,0
Rh_5s12,200,5.13931339E-01,-1.098404E+01,-1.072861E+01,-8.704744E-02,-4.106316E-03,0,0,0,0
Rh_5s12,201,5.41677359E-01,-1.045133E+01,-1.020862E+01,-1.214402E-01,-3.482749E-03,0,0,0,0
Rh_5s12,202,5.70583501E-01,-9.936309E+00,-9.705612E+00,-1.534904E-01,-2.794174E-03,0,0,0,0
Rh_5s12,203,6.00679395E-01,-9.439808E+00,-9.220450E+00,-1.821889E-01,-2.067144E-03,0,0,0,0
Rh_5s12,204,6.31994644E-01,-8.962447E+00,-8.753789E+00,-2.066389E-01,-1.326941E-03,0,0,0,0
Rh_5s12,205,6.64558806E-01,-8.504099E+00,-8.305540E+00,-2.260822E-01,-5.967651E-04,0,0,0,0
Rh_5s12,206,6.98401370E-01,-8.063714E+00,-7.874691E+00,-2.399191E-01,1.028492E-04,0,0,0,0
Rh_5s12,207,7.33551743E-01,-7.639614E+00,-7.459600E+00,-2.477217E-01,7.544066E-04,0,0,0,0
Rh_5s12,208,7.70039224E-01,-7.230092E+00,-7.058590E+00,-2.492407E-01,1.343693E-03,0,0,0,0
Rh_5s12,209,8.07892992E-01,-6.833761E+00,-6.670306E+00,-2.444052E-01,1.859911E-03,0,0,0,0
Rh_5s12,210,8.47142087E-01,-6.450021E+00,-6.294174E+00,-2.333163E-01,2.295728E-03,0,0,0,0
Rh_5s12,211,8.87815393E-01,-6.078773E+00,-5.930120E+00,-2.162337E-01,2.647188E-03,0,0,0,0
Rh_5s12,212,9.29941626E-01,-5.720469E+00,-5.578619E+00,-1.935566E-01,2.913497E-03,0,0,0,0
Rh_5s12,213,9.73549318E-01,-5.375815E+00,-5.240402E+00,-1.658009E-01,3.096681E-03,0,0,0,0
Rh_5s12,214,1.01866680E+00,-5.045607E+00,-4.916284E+00,-1.335735E-01,3.201137E-03,0,0,0,0
Rh_5s12,215,1.06532220E+00,-4.730582E+00,-4.607023E+00,-9.754545E-02,3.233130E-03,0,0,0,0
Rh_5s12,216,1.11354343E+00,-4.431322E+00,-4.313220E+00,-5.842647E-02,3.200277E-03,0,0,0,0
Rh_5s12,217,1.16335815E+00,-4.148201E+00,-4.035268E+00,-1.694052E-02,3.111040E-03,0,0,0,0
Rh_5s12,218,1.21479379E+00,-3.881358E+00,-3.773322E+00,2.619535E-02,2.974278E-03,0,0,0,0
Rh_5s12,219,1.26787754E+00,-3.630724E+00,-3.527330E+00,7.028908E-02,2.798861E-03,0,0,0,0
Rh_5s12,220,1.32263631E+00,-3.396024E+00,-3.297031E+00,1.146883E-01,2.593361E-03,0,0,0,0
Rh_5s12,221,1.37909677E+00,-3.176817E+00,-3.081996E+00,1.587913E-01,2.365819E-03,0,0,0,0
Rh_5s12,222,1.43728528E+00,-2.972548E+00,-2.881687E+00,2.020551E-01,2.123581E-03,0,0,0,0
Rh_5s12,223,1.49722796E+00,-2.782548E+00,-2.695444E+00,2.440007E-01,1.873201E-03,0,0,0,0
Rh_5s12,224,1.55895062E+00,-2.606110E+00,-2.522574E+00,2.842151E-01,1.620393E-03,0,0,0,0
Rh_5s12,225,1.62247878E+00,-2.442473E+00,-2.362325E+00,3.223522E-01,1.370024E-03,0,0,0,0
Rh_5s12,226,1.68783768E+00,-2.290872E+00,-2.213944E+00,3.581312E-01,1.126139E-03,0,0,0,0
Rh_5s12,227,1.75505224E+00,-2.150546E+00,-2.076677E+00,3.913341E-01,8.920072E-04,0,0,0,0
Rh_5s12,228,1.82414712E+00,-2.020748E+00,-1.949787E+00,4.218023E-01,6.701882E-04,0,0,0,0
Rh_5s12,229,1.89514662E+00,-1.900750E+00,-1.832557E+00,4.494321E-01,4.625983E-04,0,0,0,0
Rh_5s12,230,1.96807478E+00,-1.789858E+00,-1.724297E+00,4.741697E-01,2.705882E-04,0,0,0,0
Rh_5s12,231,2.04295531E+00,-1.687406E+00,-1.624351E+00,4.960069E-01,9.501984E-05,0,0,0,0
Rh_5s12,232,2.11981162E+00,-1.592763E+00,-1.532096E+00,5.149757E-01,-6.365405E-05,0,0,0,0
Rh_5s12,233,2.19866681E+00,-1.507401E+00,-1.449009E+00,5.311426E-01,-2.054786E-04,0,0,0,0
Rh_5s12,234,2.27954366E+00,-1.432604E+00,-1.376377E+00,5.445984E-01,-3.310744E-04,0,0,0,0
Rh_5s12,235,2.36246467E+00,-1.367349E+00,-1.313187E+00,5.554472E-01,-4.413785E-04,0,0,0,0
Rh_5s12,236,2.44745199E+00,-1.310668E+00,-1.258476E+00,5.638017E-01,-5.374037E-04,0,0,0,0
Rh_5s12,237,2.53452750E+00,-1.261654E+00,-1.211340E+00,5.697806E-01,-6.202091E-04,0,0,0,0
Rh_5s12,238,2.62371274E+00,-1.219458E+00,-1.170937E+00,5.735055E-01,-6.908531E-04,0,0,0,0
Rh_5s12,239,2.71502897E+00,-1.183295E+00,-1.136486E+00,5.750995E-01,-7.503578E-04,0,0,0,0
Rh_5s12,240,2.80849713E+00,-1.152443E+00,-1.107269E+00,5.746862E-01,-7.997037E-04,0,0,0,0
Rh_5s12,241,2.90413787E+00,-1.126241E+00,-1.082630E+00,5.723882E-01,-8.398123E-04,0,0,0,0
Rh_5s12,242,3.00197152E+00,-1.104092E+00,-1.061975E+00,5.683274E-01,-8.715405E-04,0,0,0,0
Rh_5s12,243,3.10201813E+00,-1.085456E+00,-1.044767E+00,5.626239E-01,-8.956784E-04,0,0,0,0
Rh_5s12,244,3.20429744E+00,-1.069848E+00,-1.030525E+00,5.553964E-01,-9.129509E-04,0,0,0,0
Rh_5s12,245,3.30882892E+00,-1.056837E+00,-1.018822E+00,5.467622E-01,-9.240207E-04,0,0,0,0
Rh_5s12,246,3.41563171E+00,-1.046044E+00,-1.009280E+00,5.368367E-01,-9.294933E-04,0,0,0,0
Rh_5s12,247,3.52472471E+00,-1.037132E+00,-1.001567E+00,5.257338E-01,-9.299220E-04,0,0,0,0
Rh_5s12,248,3.63612649E+00,-1.029809E+00,-9.953923E-01,5.135660E-01,-9.258135E-04,0,0,0,0
Rh_5s12,249,3.74985537E+00,-1.023820E+00,-9.905046E-01,5.004439E-01,-9.176338E-04,0,0,0,0
Rh_5s12,250,3.86592937E+00,-1.018947E+00,-9.866865E-01,4.864765E-01,-9.058127E-04,0,0,0,0
Rh_5s12,251,3.98436626E+00,-1.015001E+00,-9.837521E-01,4.717709E-01,-8.907488E-04,0,0,0,0
Rh_5s12,252,4.10518351E+00,-1.011821E+00,-9.815429E-01,4.564318E-01,-8.728133E-04,0,0,0,0
Rh_5s12,253,4.22839834E+00,-1.009271E+00,-9.799248E-01,4.405620E-01,-8.523534E-04,0,0,0,0
Rh_5s12,254,4.35402770E+00,-1.007237E+00,-9.787848E-01,4.242612E-01,-8.296952E-04,0,0,0,0
Rh_5s12,255,4.48208827E+00,-1.005622E+00,-9.780288E-01,4.076261E-01,-8.051455E-04,0,0,0,0
Rh_5s12,256,4.61259649E+00,-1.004346E+00,-9.775784E-01,3.907503E-01,-7.789938E-04,0,0,0,0
Rh_5s12,257,4.74556853E+00,-1.003344E+00,-9.773689E-01,3.737233E-01,-7.515134E-04,0,0,0,0
Rh_5s12,258,4.88102031E+00,-1.002560E+00,-9.773473E-01,3.566307E-01,-7.229619E-04,0,0,0,0
Rh_5s12,259,5.01896752E+00,-1.001950E+00,-9.774707E-01,3.395538E-01,-6.935822E-04,0,0,0,0
Rh_5s12,260,5.15942559E+00,-1.001479E+00,-9.777040E-01,3.225688E-01,-6.636025E-04,0,0,0,0
Rh_5s12,261,5.30240972E+00,-1.001115E+00,-9.780192E-01,3.057472E-01,-6.332365E-04,0,0,0,0
Rh_5s12,262,5.44793486E+00,-1.000837E+00,-9.783940E-01,2.891551E-01,-6.026831E-04,0,0,0,0
Rh_5s12,263,5.59601573E+00,-1.000625E+00,-9.788109E-01,2.728532E-01,-5.721271E-04,0,0,0,0
Rh_5s12,264,5.74666685E+00,-1.000464E+00,-9.792558E-01,2.568965E-01,-5.417381E-04,0,0,0,0
Rh_5s12,265,5.89990247E+00,-1.000343E+00,-9.797182E-01,2.413344E-01,-5.116716E-04,0,0,0,0
Rh_5s12,266,6.05573665E+00,-1.000252E+00,-9.801897E-01,2.262107E-01,-4.820681E-04,0,0,0,0
Rh_5s12,267,6.21418324E+00,-1.000185E+00,-9.806640E-01,2.115633E-01,-4.530535E-04,0,0,0,0
Rh_5s12,268,6.37525583E+00,-1.000134E+00,-9.811364E-01,1.974247E-01,-4.247394E-04,0,0,0,0
Rh_5s12,269,6.53896785E+00,-1.000097E+00,-9.816035E-01,1.838217E-01,-3.972234E-04,0,0,0,0
Rh_5s12,270,6.70533249E+00,-1.000070E+00,-9.820627E-01,1.707757E-01,-3.705890E-04,0,0,0,0
Rh_5s12,271,6.87436275E+00,-1.000050E+00,-9.825123E-01,1.583034E-01,-3.449065E-04,0,0,0,0
Rh_5s12,272,7.04607142E+00,-1.000036E+00,-9.829511E-01,1.464160E-01,-3.202334E-04,0,0,0,0
Rh_5s12,273,7.22047112E+00,-1.000025E+00,-9.833784E-01,1.351204E-01,-2.966148E-04,0,0,0,0
Rh_5s12,274,7.39757424E+00,-1.000018E+00,-9.837936E-01,1.244193E-01,-2.740842E-04,0,0,0,0
Rh_5s12,275,7.57739300E+00,-1.000013E+00,-9.841968E-01,1.143111E-01,-2.526645E-04,0,0,0,0
Rh_5s12,276,7.75993943E+00,-1.000009E+00,-9.845877E-01,1.047907E-01,-2.323682E-04,0,0,0,0
Rh_5s12,277,7.94522537E+00,-1.000006E+00,-9.849667E-01,9.584967E-02,-2.131988E-04,0,0,0,0
Rh_5s12,278,8.13326250E+00,-1.000004E+00,-9.853338E-01,8.747648E-02,-1.951510E-04,0,0,0,0
Rh_5s12,279,8.32406229E+00,-1.000003E+00,-9.856894E-01,7.965710E-02,-1.782124E-04,0,0,0,0
Rh_5s12,280,8.51763607E+00,-1.000002E+00,-9.860338E-01,7.237521E-02,-1.623633E-04,0,0,0,0
Rh_5s12,281,8.71399497E+00,-1.000001E+00,-9.863674E-01,6.561252E-02,-1.475785E-04,0,0,0,0
Rh_5s12,282,8.91314998E+00,-1.000001E+00,-9.866904E-01,5.934918E-02,-1.338275E-04,0,0,0,0
Rh_5s12,283,9.11511189E+00,-1.000001E+00,-9.870033E-01,5.356403E-02,-1.210755E-04,0,0,0,0
Rh_5s12,284,9.31989135E+00,-1.000000E+00,-9.873064E-01,4.823493E-02,-1.092842E-04,0,0,0,0
Rh_5s12,285,9.52749887E+00,-1.000000E+00,-9.876000E-01,4.333906E-02,-9.841253E-05,0,0,0,0
Rh_5s12,286,9.73794475E+00,-1.000000E+00,-9.878846E-01,3.885313E-02,-8.841706E-05,0,0,0,0
Rh_5s12,287,9.95123920E+00,-1.000000E+00,-9.881604E-01,3.475366E-02,-7.925300E-05,0,0,0,0
Rh_5s12,288,1.01673922E+01,-1.000000E+00,-9.884277E-01,3.101719E-02,-7.087453E-05,0,0,0,0
Rh_5s12,289,1.03864137E+01,-1.000000E+00,-9.886870E-01,2.762048E-02,-6.323542E-05,0,0,0,0
Rh_5s12,290,1.06083134E+01,-1.000000E+00,-9.889384E-01,2.454064E-02,-5.628947E-05,0,0,0,0
Rh_5s12,291,1.08331008E+01,-1.000000E+00,-9.891823E-01,2.175534E-02,-4.999091E-05,0,0,0,0
Rh_5s12,292,1.10607855E+01,-1.000000E+00,-9.894189E-01,1.924290E-02,-4.429478E-05,0,0,0,0
Rh_5s12,293,1.12913768E+01,-1.000000E+00,-9.896486E-01,1.698239E-02,-3.915725E-05,0,0,0,0
Rh_5s12,294,1.15248837E+01,-1.000000E+00,-9.898715E-01,1.495376E-02,-3.453588E-05,0,0,0,0
Rh_5s12,295,1.17613155E+01,-1.000000E+00,-9.900879E-01,1.313785E-02,-3.038978E-05,0,0,0,0
Rh_5s12,296,1.20006809E+01,-1.000000E+00,-9.902981E-01,1.151648E-02,-2.667988E-05,0,0,0,0
Rh_5s12,297,1.22429888E+01,-1.000000E+00,-9.905022E-01,1.007247E-02,-2.336896E-05,0,0,0,0
Rh_5s12,298,1.24882478E+01,-1.000000E+00,-9.907006E-01,8.789663E-03,-2.042182E-05,0,0,0,0
Rh_5s12,299,1.27364664E+01,-1.000000E+00,-9.908933E-01,7.652930E-03,-1.780529E-05,0,0,0,0
Rh_5s12,300,1.29876532E+01,-1.000000E+00,-9.910806E-01,6.648163E-03,-1.548828E-05,0,0,0,0
Rh_5s12,301,1.32418163E+01,-1.000000E+00,-9.912626E-01,5.762266E-03,-1.344178E-05,0,0,0,0
Rh_5s12,302,1.34989639E+01,-1.000000E+00,-9.914397E-01,4.983125E-03,-1.163885E-05,0,0,0,0
Rh_5s12,303,1.37591042E+01,-1.000000E+00,-9.916118E-01,4.299583E-03,-1.005455E-05,0,0,0,0
Rh_5s12,304,1.40222450E+01,-1.000000E+00,-9.917793E-01,3.701402E-03,-8.665912E-06,0,0,0,0
Rh_5s12,305,1.42883942E+01,-1.000000E+00,-9.919422E-01,3.179219E-03,-7.451869E-06,0,0,0,0
Rh_5s12,306,1.45575596E+01,-1.000000E+00,-9.921007E-01,2.724510E-03,-6.393152E-06,0,0,0,0
Rh_5s12,307,1.48297487E+01,-1.000000E+00,-9.922550E-01,2.329535E-03,-5.472219E-06,0,0,0,0
Rh_5s12,308,1.51049691E+01,-1.000000E+00,-9.924052E-01,1.987294E-03,-4.673156E-06,0,0,0,0
Rh_5s12,309,1.53832281E+01,-1.000000E+00,-9.925514E-01,1.691478E-03,-3.981578E-06,0,0,0,0
Rh_5s12,310,1.56645332E+01,-1.000000E+00,-9.926937E-01,1.436418E-03,-3.384527E-06,0,0,0,0
Rh_5s12,311,1.59488914E+01,-1.000000E+00,-9.928324E-01,1.217040E-03,-2.870372E-06,0,0,0,0
Rh_5s12,312,1.62363100E+01,-1.000000E+00,-9.929675E-01,1.028817E-03,-2.428709E-06,0,0,0,0
Rh_5s12,313,1.65267960E+01,-1.000000E+00,-9.930991E-01,8.677190E-04,-2.050263E-06,0,0,0,0
Rh_5s12,314,1.68203562E+01,-1.000000E+00,-9.932274E-01,7.301758E-04,-1.726792E-06,0,0,0,0
Rh_5s12,315,1.71169975E+01,-1.000000E+00,-9.933524E-01,6.130306E-04,-1.450996E-06,0,0,0,0
Rh_5s12,316,1.74167266E+01,-1.000000E+00,-9.934742E-01,5.135024E-04,-1.216433E-06,0,0,0,0
Rh_5s12,317,1.77195502E+01,-1.000000E+00,-9.935931E-01,4.291486E-04,-1.017431E-06,0,0,0,0
Rh_5s12,318,1.80254749E+01,-1.000000E+00,-9.937089E-01,3.578302E-04,-8.490175E-07,0,0,0,0
Rh_5s12,319,1.83345071E+01,-1.000000E+00,-9.938219E-01,2.976799E-04,-7.068420E-07,0,0,0,0
Rh_5s12,320,1.86466532E+01,-1.000000E+00,-9.939321E-01,2.470726E-04,-5.871131E-07,0,0,0,0
Rh_5s12,321,1.89619196E+01,-1.000000E+00,-9.940397E-01,2.045979E-04,-4.865353E-07,0,0,0,0
Rh_5s12,322,1.92803124E+01,-1.000000E+00,-9.941446E-01,1.690359E-04,-4.022534E-07,0,0,0,0
Rh_5s12,323,1.96018378E+01,-1.000000E+00,-9.942470E-01,1.393339E-04,-3.318006E-07,0,0,0,0
Rh_5s12,324,1.99265018E+01,-1.000000E+00,-9.943470E-01,1.145866E-04,-2.730527E-07,0,0,0,0
Rh_5s12,325,2.02543106E+01,-1.000000E+00,-9.944446E-01,9.401767E-05,-2.241852E-07,0,0,0,0
Rh_5s12,326,2.05852698E+01,-1.000000E+00,-9.945399E-01,7.696319E-05,-1.836361E-07,0,0,0,0
Rh_5s12,327,2.09193855E+01,-1.000000E+00,-9.946330E-01,6.285701E-05,-1.500718E-07,0,0,0,0
Rh_5s12,328,2.12566633E+01,-1.000000E+00,-9.947238E-01,5.121777E-05,-1.223573E-07,0,0,0,0
Rh_5s12,329,2.15971089E+01,-1.000000E+00,-9.948126E-01,4.163735E-05,-9.952904E-08,0,0,0,0
Rh_5s12,330,2.19407280E+01,-1.000000E+00,-9.948994E-01,3.377073E-05,-8.077151E-08,0,0,0,0
Rh_5s12,331,2.22875261E+01,-1.000000E+00,-9.949842E-01,2.732699E-05,-6.539650E-08,0,0,0,0
Rh_5s12,332,2.26375086E+01,-1.000000E+00,-9.950670E-01,2.206157E-05,-5.282485E-08,0,0,0,0
Rh_5s12,333,2.29906811E+01,-1.000000E+00,-9.951480E-01,1.776944E-05,-4.257051E-08,0,0,0,0
Rh_5s12,334,2.33470488E+01,-1.000000E+00,-9.952271E-01,1.427917E-05,-3.422675E-08,0,0,0,0
Rh_5s12,335,2.37066169E+01,-1.000000E+00,-9.953045E-01,1.144783E-05,-2.745417E-08,0,0,0,0
Rh_5s12,336,2.40693908E+01,-1.000000E+00,-9.953802E-01,9.156590E-06,-2.197031E-08,0,0,0,0
Rh_5s12,337,2.44353755E+01,-1.000000E+00,-9.954542E-01,7.306916E-06,-1.754076E-08,0,0,0,0
Rh_5s12,338,2.48045762E+01,-1.000000E+00,-9.955266E-01,5.817325E-06,-1.397156E-08,0,0,0,0
Rh_5s12,339,2.51769978E+01,-1.000000E+00,-9.955975E-01,4.620627E-06,-1.110260E-08,0,0,0,0
Rh_5s12,340,2.55526454E+01,-1.000000E+00,-9.956668E-01,3.661558E-06,-8.802126E-09,0,0,0,0
Rh_5s12,341,2.59315238E+01,-1.000000E+00,-9.957346E-01,2.894795E-06,-6.961979E-09,0,0,0,0
Rh_5s12,342,2.63136378E+01,-1.000000E+00,-9.958009E-01,2.283263E-06,-5.493633E-09,0,0,0,0
Rh_5s12,343,2.66989923E+01,-1.000000E+00,-9.958659E-01,1.796716E-06,-4.324817E-09,0,0,0,0
Rh_5s12,344,2.70875920E+01,-1.000000E+00,-9.959295E-01,1.410547E-06,-3.396694E-09,0,0,0,0
Rh_5s12,345,2.74794416E+01,-1.000000E+00,-9.959917E-01,1.104790E-06,-2.661492E-09,0,0,0,0
Rh_5s12,346,2.78745456E+01,-1.000000E+00,-9.960527E-01,8.632878E-07,-2.080527E-09,0,0,0,0
Rh_5s12,347,2.82729086E+01,-1.000000E+00,-9.961124E-01,6.729984E-07,-1.622559E-09,0,0,0,0
Rh_5s12,348,2.86745352E+01,-1.000000E+00,-9.961709E-01,5.234251E-07,-1.262427E-09,0,0,0,0
Rh_5s12,349,2.90794298E+01,-1.000000E+00,-9.962282E-01,4.061405E-07,-9.799174E-10,0,0,0,0
Rh_5s12,350,2.94875968E+01,-1.000000E+00,-9.962843E-01,3.143974E-07,-7.588396E-10,0,0,0,0
Rh_5s12,351,2.98990405E+01,-1.000000E+00,-9.963393E-01,2.428072E-07,-5.862558E-10,0,0,0,0
Rh_5s12,352,3.03137653E+01,-1.000000E+00,-9.963931E-01,1.870784E-07,-4.518564E-10,0,0,0,0
Rh_5s12,353,3.07317755E+01,-1.000000E+00,-9.964459E-01,1.438018E-07,-3.474475E-10,0,0,0,0
Rh_5s12,354,3.11530752E+01,-1.000000E+00,-9.964977E-01,1.102766E-07,-2.665342E-10,0,0,0,0
Rh_5s12,355,3.15776686E+01,-1.000000E+00,-9.965484E-01,8.436835E-08,-2.039817E-10,0,0,0,0
Rh_5s12,356,3.20055597E+01,-1.000000E+00,-9.965982E-01,6.439509E-08,-1.557411E-10,0,0,0,0
Rh_5s12,357,3.24367528E+01,-1.000000E+00,-9.966469E-01,4.903454E-08,-1.186284E-10,0,0,0,0
Rh_5s12,358,3.28712517E+01,-1.000000E+00,-9.966947E-01,3.725007E-08,-9.014603E-11,0,0,0,0
Rh_5s12,359,3.33090605E+01,-1.000000E+00,-9.967416E-01,2.823105E-08,-6.834029E-11,0,0,0,0
Rh_5s12,360,3.37501832E+01,-1.000000E+00,-9.967877E-01,2.134525E-08,-5.168669E-11,0,0,0,0
Rh_5s12,361,3.41946235E+01,-1.000000E+00,-9.968328E-01,1.610087E-08,-3.899884E-11,0,0,0,0
Rh_5s12,362,3.46423853E+01,-1.000000E+00,-9.968771E-01,1.211631E-08,-2.935589E-11,0,0,0,0
Rh_5s12,363,3.50934725E+01,-1.000000E+00,-9.969205E-01,9.096282E-09,-2.204493E-11,0,0,0,0
Rh_5s12,364,3.55478888E+01,-1.000000E+00,-9.969631E-01,6.812859E-09,-1.651550E-11,0,0,0,0
Rh_5s12,365,3.60056379E+01,-1.000000E+00,-9.970050E-01,5.090568E-09,-1.234365E-11,0,0,0,0
Rh_5s12,366,3.64667235E+01,-1.000000E+00,-9.970460E-01,3.794668E-09,-9.203734E-12,0,0,0,0
Rh_5s12,367,3.69311492E+01,-1.000000E+00,-9.970863E-01,2.821964E-09,-6.846241E-12,0,0,0,0
Rh_5s12,368,3.73989187E+01,-1.000000E+00,-9.971259E-01,2.093623E-09,-5.080514E-12,0,0,0,0
Rh_5s12,369,3.78700356E+01,-1.000000E+00,-9.971648E-01,1.549583E-09,-3.761231E-12,0,0,0,0
Rh_5s12,370,3.83445032E+01,-1.000000E+00,-9.972029E-01,1.144193E-09,-2.777912E-12,0,0,0,0
Rh_5s12,371,3.88223252E+01,-1.000000E+00,-9.972404E-01,8.428526E-10,-2.046788E-12,0,0,0,0
Rh_5s12,372,3.93035049E+01,-1.000000E+00,-9.972772E-01,6.194000E-10,-1.504500E-12,0,0,0,0
Rh_5s12,373,3.97880459E+01,-1.000000E+00,-9.973133E-01,4.541062E-10,-1.103256E-12,0,0,0,0
Rh_5s12,374,4.02759514E+01,-1.000000E+00,-9.973488E-01,3.321313E-10,-8.070954E-13,0,0,0,0
Rh_5s12,375,4.07672248E+01,-1.000000E+00,-9.973837E-01,2.423415E-10,-5.890293E-13,0,0,0,0
Rh_5s12,376,4.12618695E+01,-1.000000E+00,-9.974180E-01,1.764049E-10,-4.291775E-13,0,0,0,0
Rh_5s12,377,4.17598887E+01,-1.000000E+00,-9.974516E-01,1.281027E-10,-3.107795E-13,0,0,0,0
