Q,J_1s(2),J_2s(2),J_2p(6),J_3s(2),J_3p(6),J_4s(1),J_3d(10),J_total_Fe
0.0,0.03360463007305244,0.1273432084720545,0.06499916692599349,0.3553263666226436,0.22336283295937923,1.550605859400923,0.19864689377675937,7.05581349111014
0.05,0.03360422693281074,0.12732221214573247,0.06499916603640614,0.35482399574771506,0.22336243924966556,1.5144896082305244,0.19864689078404993,6.982531062534295
0.1,0.033603017528393314,0.12725923764632396,0.06499915803536488,0.35332187923319547,0.2233589143632819,1.41167258042536,0.19864679394653517,6.773742627737637
0.15000000000000002,0.03360100191448211,0.12715433126657538,0.0649991269521421,0.35083483410326455,0.22334531847203523,1.257221546840721,0.19864601098821202,6.459566166724422
0.2,0.03359818019945887,0.12700757868223392,0.06499904625536565,0.3473870193810241,0.22331038513884846,1.0717871107645434,0.19864254994954836,6.081271666117096
0.25,0.0335945525652702,0.1268191146802161,0.06499887898097284,0.34301123983760956,0.22323895456958387,0.8767742417759319,0.19863180362600064,5.6816161207774
0.30000000000000004,0.03359011928577281,0.12658913196211224,0.06499857790785595,0.33774814178702584,0.2231125481551918,0.6902741179555634,0.19860534576242098,5.2967018529337615
0.35000000000000003,0.03358488073870096,0.1263178865530911,0.06499808577798252,0.33164539065022347,0.2229100552194962,0.5247639906524711,0.19855006687836946,4.951373544444062
0.4,0.03357883740903326,0.12600569869249167,0.06499733555721574,0.32475687665162273,0.22260849840776362,0.3867007783005094,0.19844789144162447,4.658406734546936
0.45,0.03357198988436721,0.1256529495298566,0.06499625073272111,0.31714195010128354,0.22218384198490848,0.2774834056683101,0.19827618081013504,4.420438231534223
0.5,0.033564338844914166,0.12526007497409508,0.06499474564272868,0.3088646585901442,0.2216118074507412,0.1950386350899242,0.19800877906720932,4.23314740796223
0.55,0.033555885051472376,0.1248275584206113,0.06499272583450647,0.2999929513083683,0.22086866311597506,0.13541206935397532,0.19761753896162906,4.088450495741519
0.6000000000000001,0.03354662933436655,0.12435592388662527,0.0649900884466586,0.2905978265799806,0.21993195825272446,0.09401734515712741,0.19707409602936324,3.9770123062886773
0.65,0.03353657258532696,0.12384573056018346,0.06498672261224679,0.28075241844234805,0.21878117767045344,0.06644486490346269,0.19635164638642186,3.889876452997375
0.7000000000000001,0.033525715753118926,0.12329756917175466,0.06498250987969702,0.27053103769482467,0.21739829856279105,0.048883691767903636,0.19542651838041836,3.819319989712642
0.75,0.03351405984277539,0.12271206010895412,0.064977324648947,0.2600081965476025,0.21576823772393502,0.038268672888468046,0.19427939230025346,3.759155706814413
0.8,0.0335016059176841,0.12208985289210825,0.06497103462076807,0.2492576518868957,0.21387918330356007,0.03226358647002994,0.19289609596716198,3.7047032776823765
0.8500000000000001,0.033488355103533124,0.1214316265075638,0.06496350125762236,0.23835150112168269,0.2117228108014711,0.02916436071361765,0.19126797113829636,3.6525973860771335
0.9,0.03347430859313665,0.12073809011034432,0.06495458025476598,0.22735935884180117,0.2092943877457858,0.02777605710020099,0.18939185632425304,3.6005405752397954
0.9500000000000001,0.03345946765133719,0.12000998370077391,0.06494412202056639,0.2163476345299516,0.2065927753039326,0.02729303037713705,0.18726976229533526,3.5470601902374055
1.0,0.033443833619416385,0.11924807850236074,0.06493197216516121,0.20537892327372267,0.20362033789235406,0.027195521071577942,0.18490832858415635,3.491296544784185
1.05,0.03342740791867926,0.11845317688759613,0.0649179719966527,0.194511514051741,0.20038277370545232,0.027166567220926825,0.1823181469017203,3.4328306877808386
1.1,0.03341019205307103,0.11762611179667486,0.06490195902401603,0.18379901430618667,0.19688888006245409,0.02702838315751276,0.17951302574761355,3.3715505916313924
1.1500000000000001,0.033392187610828065,0.11676774566526257,0.06488376746581806,0.17329008527913914,0.1931502676956938,0.02669538114489594,0.17650925439997386,3.307550536769166
1.2000000000000002,0.03337339626525638,0.11587896892225273,0.06486322876371456,0.16302827982209206,0.18918103771740372,0.02614051855922994,0.17332490759908717,3.2410573716188953
1.25,0.033353819774780726,0.11496069814146846,0.06484017209953719,0.15305197280178917,0.18499743414997843,0.025371858828193445,0.16997921696927057,3.1723776384051807
1.3,0.033333459982424846,0.1140138739381187,0.06481442491461484,0.1433943735139087,0.18061748372438483,0.02441670985866305,0.16649202277118352,3.1018604230473295
1.35,0.03331231881487977,0.11303945869689325,0.06478581342981386,0.13408360940513658,0.17606063326502208,0.023311234123871725,0.16288331028135242,3.0298717839386926
1.4000000000000001,0.03329039828130052,0.11203843420833978,0.06475416316464004,0.12514287067659297,0.17134739348964276,0.022093913379973365,0.15917282874244834,2.9567775454728
1.4500000000000002,0.033267700471948505,0.1110117992769602,0.06471929945363235,0.11659060583984399,0.16649899654214556,0.020801662829937395,0.1553797869171765,2.882932034315107
1.5,0.033244227556772143,0.1099605673506071,0.06468104795820026,0.10844075891528207,0.1615370731066512,0.01946771867199644,0.15152261722219265,2.80867097471158
1.55,0.03321998178399471,0.1088857642077045,0.0646392351720152,0.10070303963631269,0.15648335356813065,0.018120676548677807,0.1476187996600033,2.7343072547542744
1.6,0.03319496547875716,0.10778842572736243,0.06459368891806427,0.09338321871486636,0.15135939641784243,0.01678424832335305,0.1436847368426882,2.6601286495602476
1.6500000000000001,0.03316918104184625,0.10666959575794208,0.06454423883550717,0.08648344091592938,0.14618634596867813,0.01547744344301065,0.13973567195929507,2.5863968628983387
1.7000000000000002,0.03314263094852416,0.10553032409209942,0.06449071685454313,0.08000254937327117,0.14098472045449129,0.014214980423460305,0.13578564233210522,2.513347447521548
1.75,0.033115317747465116,0.10437166455064896,0.06443295765758864,0.07393641525263439,0.1357742307397861,0.01300780349691553,0.1318474620762633,2.4411903049371557
1.8,0.03308724405979665,0.10319467317351454,0.06437079912518318,0.06827826753127256,0.1305736291578658,0.01186362709582452,0.12793272822900195,2.370110562793122
1.85,0.03305841257823804,0.10200040651330053,0.06430408276517526,0.0630190183125018,0.12540058741926222,0.010787462770223707,0.1240518455011097,2.3002696944618113
1.9000000000000001,0.033028826066324866,0.10078992002535664,0.06423265412388734,0.058147579728382616,0.12027160207826099,0.009782104008297553,0.12021406550583329,2.231806789904613
1.9500000000000002,0.032998487357706954,0.09956426654737696,0.06415636317811327,0.05365116909902284,0.11520192570249804,0.00884855768696527,0.11642753693740374,2.164839916290234
2.0,0.03296739935550636,0.09832449486135315,0.06407506470695919,0.04951559960857177,0.11020552164711332,0.00798641899674939,0.11269936370958458,2.0994675260263036
2.0500000000000003,0.03293556503172214,0.09707164833091461,0.06398861864269711,0.04572555432052906,0.10529504017878095,0.007194191408872145,0.10903566853393006,2.035769882316525
2.1,0.032902987426669326,0.09580676360759013,0.06389689039995332,0.042264841883282216,0.10048181361420336,0.0064695557889467275,0.10544165982779832,1.9738104804647068
2.15,0.03286966964844079,0.09453086940020175,0.06379975118270269,0.03911663276601948,0.09577586812087543,0.005809593927881933,0.10192170020226718,1.9136374485201597
2.2,0.03283561487238171,0.09324498530236781,0.06369707826868003,0.036263675311352384,0.09118594986420908,0.005210972098898923,0.09847937509687557,1.8552849145485897
2.25,0.03280082634056786,0.09195012067388388,0.06358875527095122,0.03368849129116663,0.08671956326429257,0.004670090111946464,0.0951175604068224,1.7987743304875268
2.3000000000000003,0.03276530736128027,0.09064727357252238,0.06347467237650854,0.03137355100461782,0.08238301923831917,0.004183200946484512,0.09183848819283094,1.7441157446157618
2.35,0.03272906130847003,0.08933742973351598,0.06335472656186673,0.029301428261198123,0.0781814914426168,0.0037465055381021356,0.08864380977733634,1.691309016373492
2.4000000000000004,0.03269209162120822,0.08802156159464358,0.06322882178573742,0.027454935847952194,0.07411907868373357,0.0033562267554662485,0.08553465571540117,1.6403449687477734
2.45,0.0326544018031171,0.086700627365415,0.06309686915895207,0.025817242289765393,0.07019887183462223,0.00300866607783428,0.08251169228695138,1.5912064747554175
2.5,0.03261599542177956,0.08537557013934263,0.0629587870918853,0.024371970877587475,0.06642302376397302,0.0027002459938740477,0.07957517429057404,1.5438694757437617
2.5500000000000003,0.032576876108124715,0.08404731704869935,0.06281450141970443,0.023103282064583862,0.06279282095943928,0.002427540700543391,0.07672499403026244,1.4983039303003394
2.6,0.032537047555788276,0.08271677846149234,0.06266394550583607,0.02199594041811249,0.059308755694987385,0.0021872972892568125,0.07396072647719651,1.4544746935174195
2.6500000000000004,0.032496513520446794,0.08138484722063917,0.06250706032409813,0.02103536737002702,0.05597059775579532,0.0019764492641977144,0.07128167066101954,1.4123423271960993
2.7,0.03245527781912559,0.08005239792552186,0.06234379451999679,0.020207681033188766,0.052777464888648665,0.0017921239409506595,0.06868688740123587,1.3718638422968619
2.75,0.032413344329480454,0.07872028625622252,0.06217410445173199,0.019499724352336666,0.049727891289913735,0.0016316450182360875,0.06617523353139783,1.3329933755508128
2.8000000000000003,0.03237071698905352,0.07738934834082002,0.061997954211494205,0.018899082836631723,0.046819893575753356,0.0014925313968188558,0.06374539279869734,1.2956828026423177
2.85,0.03232739979450409,0.07606040016615628,0.061815315627669246,0.018394093083084394,0.04405103379961916,0.001372493133172391,0.06139590364133284,1.2598822907655618
2.9000000000000004,0.03228339680081531,0.07473423703247042,0.061626168248597075,0.017973843248258185,0.04141847918994977,0.0012694252570844636,0.059125184057353425,1.2255407936526586
2.95,0.03223871212047779,0.07341163305225756,0.06143049930855626,0.017628166563380013,0.03891905837650582,0.0011814000483608236,0.05693155378319271,1.1926064923784812
3.0,0.03219334992265129,0.07209334069363907,0.06122830367666738,0.01734762891819846,0.03654931395722189,0.001106658254801456,0.05481325399921657,1.1610271853772158
3.0500000000000003,0.03214731443230584,0.07078009036844136,0.06101958378942745,0.017123511464185413,0.03430555132940888,0.001043599638764563,0.05276846477457319,1.1307506311678515
3.1,0.032100609929343514,0.0694725900650736,0.06080434956760305,0.016947789110191857,0.03218388377029234,0.000990773160327508,0.05079532045551476,1.1017248472903336
3.1500000000000004,0.032053240747702244,0.06817152502617584,0.06058261831822274,0.016813105705320647,0.03018027380303026,0.0009468670390571435,0.048891923191062094,1.0738983689104022
3.2,0.03200521127444299,0.0668775574708832,0.06035441462241992,0.01671274662612117,0.02829057092637975,0.0009106988817570848,0.04705635477815155,1.0472204704681163
3.25,0.031956525948821576,0.06559132636141941,0.060119770209885404,0.016640609409495338,0.026510545819966508,0.0008812060185644677,0.04528668699584152,1.0216413536307623
3.3000000000000003,0.031907189261346544,0.06431344721360067,0.059878723820694826,0.016591172999914517,0.02483592116354868,0.0008574361529471125,0.043580990585246705,0.997112304672559
3.35,0.0318572057528242,0.06304451195069757,0.05963132105528007,0.016559466110421972,0.023262399228624903,0.0008385384012261604,0.041937343018982984,0.9735858242476676
3.4000000000000004,0.03180658001339219,0.06178508879997334,0.05937761421331542,0.01654103513196457,0.021785686415050402,0.0008237547731172022,0.04035383519132532,0.9510157323550416
3.45,0.03175531668154271,0.060535722231091514,0.05911766212228937,0.016531911965207254,0.020401514914778505,0.0008124121254970884,0.038828577148210225,0.9293572511183457
3.5,0.03170342044313646,0.059296932935466395,0.05885152995653073,0.016528582093327207,0.019105661690163565,0.0008039146063521081,0.03735970296478991,0.9085670678254696
3.5500000000000003,0.03165089603040854,0.05806921784551799,0.05857928904745413,0.016527953163427672,0.017893964956112472,0.0007977365939530994,0.035945374867559554,0.8886033804933715
3.6,0.031597748220967184,0.056853050192688666,0.0583010166857841,0.016527324298116593,0.01676233835435512,0.0007934161271451114,0.034583786688176354,0.8694259280477287
3.6500000000000004,0.03154398183678636,0.05564887960298341,0.058016795916509815,0.016524356317343808,0.015706783004758616,0.0007905488157347152,0.033273166726987574,0.8509960070352327
3.7,0.031489601743193214,0.05445713222870962,0.057726715327313424,0.01651704301360075,0.014723397613411555,0.0007887822148864961,0.03201178009597697,0.8332764766209918
3.75,0.03143461284785113,0.05327821091501522,0.05743086883120416,0.016503683590831358,0.013808386810568524,0.0007878106438488247,0.030797930603297954,0.8162317534655169
3.8000000000000003,0.03137902009973931,0.052112495399757534,0.05712935544407817,0.016482856348622354,0.012958067883834102,0.0007873704269230352,0.029629962234753213,0.7998277979260774
3.85,0.03132282848812957,0.05096034254517741,0.05682227905791033,0.016453393668155923,0.01216887606348755,0.0007872355331246944,0.028506260281456874,0.7840320928863037
3.9000000000000004,0.031266043041561206,0.04982208659980569,0.05650974821026876,0.016414358334727996,0.011437368507867552,0.0007872135902582069,0.027425252157428037,0.7688136163860922
3.95,0.031208668826814452,0.04869803948899105,0.05619187585082638,0.016365021213068525,0.010760227127470528,0.0007871422489699921,0.026385407945962454,0.7541428091012442
4.0,0.031150710947883287,0.0475884911324083,0.05586877910552576,0.016304840275957612,0.01013426037704741,0.0007868858726246721,0.025385240709258662,0.7399915376087388
4.05,0.03109217454494816,0.04649370978688689,0.0555405790390344,0.016233440973432958,0.009556404135661596,0.0007863325294524429,0.024423306591887774,0.7263330542689435
4.1000000000000005,0.031033064793349163,0.04541394241288631,0.05520740041610707,0.016150597918962083,0.009023721785512955,0.0007853912642546879,0.023498204745241977,0.7131419544600766
4.15,0.030973386902560233,0.044349415062941926,0.054869371462450967,0.01605621786005371,0.008533403591433229,0.0007839896279573902,0.022608577097031894,0.7003941318125232
4.2,0.03091314611516479,0.04330033329040743,0.05452662362566657,0.015950323893669734,0.008082765474387492,0.0007820714444111192,0.021753107987183874,0.6880667320107337
4.25,0.030852347705833373,0.04226688257683117,0.054179291336814525,0.015833040881252997,0.007669247264127924,0.0007795947950076391,0.020930523689078266,0.6761381056579747
4.3,0.030790996980303607,0.04124922877631995,0.0538275117731347,0.0157045820140045,0.007290410508375449,0.0007765302028817417,0.02013959183293148,0.6645877606336693
4.3500000000000005,0.03072909927436295,0.04024751857526689,0.0534714246224193,0.015565236476042825,0.0069439359085763565,0.0007728589996661374,0.01937912074622878,0.6533963143140242
4.4,0.03066665995283459,0.03926187996584832,0.05311117184951697,0.015415358151091584,0.006627620445406807,0.0007685718589471232,0.01864795872443181,0.6425454459735768
4.45,0.030603684408566815,0.038292422731727116,0.052746897465419225,0.015255355317217181,0.00633937425078165,0.0007636674817145609,0.017944993243689672,0.6320178496377947
4.5,0.03054017806142619,0.03733923894443842,0.05237874729935534,0.015085681273745075,0.006077217277162343,0.0007581514202009942,0.017269150125953855,0.6217971876144505
4.55,0.030476146357294866,0.03640240346897386,0.05200686877429553,0.014906825844698018,0.005839275809441925,0.0007520350275544103,0.01661939266571386,0.6118680448937501
4.6000000000000005,0.030411594767072257,0.03548197447712599,0.051631410686236535,0.014719307703819018,0.0056237788596002454,0.0007453345217827868,0.015994720726516663,0.6022158845737208
4.65,0.030346528785681393,0.03457799396720193,0.05125252298761785,0.014523667467371689,0.005429054479652734,0.0007380701533437923,0.015394169814492882,0.5928270044377785
4.7,0.03028095393108017,0.033690488288765225,0.050870356575190685,0.014320461502369923,0.0052535260241418314,0.0007302654666290449,0.014816810135272319,0.5836884947853177
4.75,0.03021487574327773,0.032819468671117555,0.050485063082636526,0.014110256399606641,0.005095708389521373,0.0007219466464096222,0.014261745639921117,0.5747881975932972
4.800000000000001,0.030148299783356182,0.031964931754285275,0.05009679467820638,0.013893624062766263,0.004954204254238556,0.0007131419410693418,0.013728113064859956,0.5661146670667835
4.8500000000000005,0.030081231632497884,0.03112686012133122,0.04970570386762703,0.013671137366965186,0.004827700340104001,0.0007038811551566807,0.01321508097012076,0.5576571316190128
4.9,0.030013676891018446,0.030305222830867864,0.04931194330249582,0.013443366342223517,0.004714963712635262,0.0006941952044374453,0.012721848779758864,0.5494054573064341
4.95,0.029945641177405655,0.02949997594870506,0.048915665594361606,0.013210874839591968,0.004614838135441427,0.0006841157272311494,0.01224764582775318,0.5413501127312049
5.0,0.029877130127364475,0.02871106307762196,0.048517023134665785,0.012974217639907477,0.004526240491364485,0.0006736747463673384,0.01179173041229132,0.5334821354124519
5.050000000000001,0.02980814939286828,0.0279384158843099,0.04811616792069442,0.012733937967403491,0.004448157280986592,0.0006629043766067535,0.011353388860945956,0.5257930996181387
5.1000000000000005,0.029738704641216453,0.027181954622589783,0.04771325138767033,0.012490565372633532,0.004379641207231317,0.0006518365728391976,0.01093193460889755,0.5182750856413532
5.15,0.029668801554098536,0.02644158865206328,0.04730842424709233,0.012244613951361626,0.004319807853112658,0.0006405029147980977,0.01052670729204316,0.510920650498132
5.2,0.02959844582666498,0.025717216951413307,0.04690183633140809,0.011996580868216134,0.0042678324582003605,0.0006289344244239034,0.010137071856548253,0.5037228000183769
5.25,0.029527643166604705,0.02500872862562326,0.04649363644508721,0.011746945155982598,0.0042229467980570284,0.0006171614123672454,0.00976241768614424,0.4966749622968865
5.300000000000001,0.029456399293229518,0.024316003406438504,0.046083972222141584,0.011496166763418077,0.004184436169746175,0.0006052133504508015,0.009402157748247006,0.4897709624678824
5.3500000000000005,0.02938471993656555,0.02363891214544595,0.045672989990122356,0.011244685826397153,0.004151636485496059,0.0005931187672084674,0.009055727759767974,0.4830049987635525
5.4,0.029312610836451765,0.02297731729919845,0.04526083464060465,0.010992922139043753,0.004123931475718399,0.0005809051638939753,0.008722585373306889,0.4763716198149555
5.45,0.02924007774164569,0.022331073405860945,0.044847649506155315,0.010741274803260432,0.004100750001811308,0.0005685989486006759,0.008402209384253265,0.4698657031520547
5.5,0.02916712640893642,0.021700027552902987,0.04443357624376272,0.010490122036735518,0.004081563478510527,0.0005562253863617521,0.008094098959178411,0.4634824348585833
5.550000000000001,0.02909376260226503,0.021084019835409213,0.044018754724693195,0.010239821121088611,0.004065883404981552,0.0005438085633075098,0.007797772885771522,0.4572172903368184
5.6000000000000005,0.029019992091852423,0.020482883804624284,0.04360332293072459,0.009990708473306392,0.004053259003357971,0.0005313713631452859,0.007512768844459437,0.4510660161371088
5.65,0.02894582065333474,0.01989644690639188,0.0431874168566944,0.009743099825024701,0.004043274963019103,0.0005189354543994765,0.007238642701748971,0.44502461280707645
5.7,0.02887125406690642,0.01932453090918927,0.04277117041928804,0.00949729049553147,0.004035549288554961,0.0005065212870056865,0.006974967825242519,0.43908931871577883
5.75,0.028796298116470918,0.018766952321498463,0.04235471537198114,0.009253555745600125,0.004029731249081075,0.0004941480969953239,0.006721334420199958,0.4332565948087027
5.800000000000001,0.028720958588799233,0.018223522798293115,0.041938181226039824,0.009012151200417687,0.004025499426333121,0.0004818339181363673,0.006477348887452554,0.42752311025024575
5.8500000000000005,0.028645241272696277,0.017694049536456674,0.041521695177472985,0.008773313330948579,0.004022559858785549,0.0004695955995136054,0.006242633202416091,0.421885728911278
5.9,0.02856915195817513,0.017178335658981553,0.04110538203982201,0.008537259984077297,0.004020644278893886,0.0004574488281384272,0.0060168243149001195,0.41634149666044096
5.95,0.02849269643563929,0.016676180587832143,0.04068936418266556,0.008304190952804243,0.004019508440452135,0.0004454081557751716,0.005799573569367487,0.4108876294190128
6.0,0.028415880495072952,0.016187380405385147,0.04027376147570969,0.008074288578631947,0.004018930532980263,0.00043348702925896133,0.005590546145261947,0.4055215019404094
6.050000000000001,0.028338709925239375,0.015711728204390166,0.03985869123832735,0.007847718379077665,0.0040187096800080035,0.00042169782365966636,0.005389420516991531,0.400240637276695
6.1000000000000005,0.02826119051288742,0.01524901442642103,0.039444268194405656,0.0076246296939859355,0.004018664518096531,0.0004100518777188632,0.005195887933130552,0.39504269689582294
6.15,0.028183328041966257,0.014799027188814099,0.039030604432354246,0.0074051563449946435,0.0040186318534357335,0.0003985595310520387,0.005009651914383049,0.3899254714146922
6.2,0.028105128292848388,0.01436155260011431,0.03861780937012404,0.007189417303133968,0.004018465392868853,0.0003872301626674496,0.0048304277698349996,0.3848868719144956
6.25,0.02802659704156092,0.013936375064072217,0.038205989725081824,0.006977517360112185,0.00401803454622557,0.00037607223040651144,0.004657942131010682,0.3799249218062121
6.300000000000001,0.027947740059025245,0.013523277572256498,0.03779524948858334,0.006769547799369228,0.004017223296886947,0.0003650933109588859,0.004491932503240332,0.37503774921548344
6.3500000000000005,0.027868563110305104,0.013122041985366144,0.03738568990508507,0.006565587063460974,0.004015929137558788,0.0003543001401490041,0.00433214683384091,0.37022357985747106
6.4,0.02778907195386312,0.01273244930334456,0.03697740945563295,0.006365701414777425,0.004014062068292252,0.00034369865323002636,0.004178343096609158,0.36548073037363643
6.45,0.027709272340825812,0.012354279924414891,0.036570503845565344,0.0061699455869993055,0.004011543653860212,0.0003332940249565966,0.004030288892125961,0.3608076021037023
6.5,0.02762917001425718,0.011987313893171106,0.03616506599626633,0.005978363425062427,0.004008306137673543,0.0003230907092395262,0.003887761063372766,0.35620267526733634
6.550000000000001,0.027548770708440844,0.011631331137873652,0.03576118604080544,0.005790988511730444,0.004004291609501919,0.0003130924782140826,0.003750545326164517,0.35166450353134937
6.6000000000000005,0.027468080148170836,0.011286111697111465,0.03535895132329991,0.00560784477917659,0.0039994512243477255,0.00030330246057914294,0.003618435913908735,0.34719170893941426
6.65,0.027387104048051024,0.010951435936003657,0.03495844640183603,0.005428947104245831,0.0039937444699084034,0.0002937231790873697,0.0034912352362068823,0.34278297718248363
6.7,0.02730584811180326,0.01062708475212502,0.03455975305478737,0.005254301886313215,0.003987138480150969,0.0002843565870870295,0.0033687535508219076,0.3384370531892185
6.75,0.027224318031584257,0.01031283977134881,0.0341629502903686,0.005083907606873528,0.003979607392612051,0.0002752041040343164,0.0032508086485444317,0.3341527370168323
6.800000000000001,0.02714251948731122,0.010008483533808753,0.0337681143592655,0.004917755370194099,0.003971131747126724,0.0002662666499112739,0.00313722555049954,0.3299288800238012
6.8500000000000005,0.027060458145996304,0.00971379967018974,0.033375318770183626,0.004755829424538332,0.003961697923779272,0.0002575446784988196,0.0030278362174462553,0.3257643813069013
6.9,0.026978139661089886,0.00942857306856306,0.03298463430816021,0.004598107663623969,0.003951297617958264,0.0002490382094671263,0.002922479270632373,0.3216581843859932
6.95,0.02689556967183269,0.009152590031987828,0.03259612905548657,0.00444456210811896,0.0039399273504865965,0.0002407468592568758,0.002820999723778479,0.3176092741209026
7.0,0.026812753802616843,0.008885638427104835,0.03220986841509069,0.004295159367100427,0.003927588010884053,0.00023266987073479754,0.002723248725776277,0.3136166738456199
7.050000000000001,0.026729697662355785,0.008627507823953192,0.031825915136232855,0.004149861079510087,0.003914284431905271,0.0002248061416155843,0.002629083313698004,0.3096794427058861
7.1000000000000005,0.02664640684386319,0.008377989627243263,0.03144432934237011,0.004008624335733935,0.0039000249935794455,0.00021715425164984815,0.0025383661757254635,0.3057966731870306
7.15,0.026562886923240787,0.00813687719932191,0.031065168561048594,0.0038714020795160447,0.0038848212550595426,0.00020971248858435066,0.0024509654236189978,0.301967488819689
7.2,0.02647914345927522,0.007903965975067984,0.030688487755686302,0.0037381434904873918,0.003868687612668016,0.0002024788729064215,0.002366754374358639,0.2981910420517518
7.25,0.02639518199284387,0.007679053568957112,0.030314339359112343,0.003608794347651366,0.0038516409826029564,0.0001954511813893422,0.002285611340601408,0.2944665122755836
7.300000000000001,0.02631100804632975,0.007461939874535567,0.02994277330873221,0.0034832973742193437,0.0038337005068431284,0.00018862696945961527,0.0022074194296105,0.2907931040002036
7.3500000000000005,0.0262266271230454,0.007252427156543025,0.029573837083192604,0.00336159256423309,0.00381488728086243,0.00018200359241053054,0.002132066350323687,0.2871700451587364
7.4,0.026142044706665864,0.007050320135923596,0.029207575740422875,0.0032436174914466207,0.0037952241018338576,0.0001755782254893452,0.002059444228239681,0.2835965855420294
7.45,0.026057266260670744,0.0068554260679636984,0.028844031956934215,0.003129307600969446,0.003774735236070131,0.000169347882887786,0.0019894494278125028,0.2800719953498844
7.5,0.025972297227795323,0.00666755481379391,0.0284832460682615,0.0030185964841962162,0.003753446204512625,0.0001633094356675021,0.001921982382054891,0.27659556385188
7.550000000000001,0.02588714302949079,0.006486518905490249,0.02812525611043666,0.002911416137565622,0.0037313835851422662,0.00015745962865360976,0.001856947429062633,0.2731665981502499
7.6000000000000005,0.02580180906539359,0.006312133605008235,0.02777009786238644,0.0028076972057043998,0.0037085748312455477,0.00015179509633061518,0.0017942526551822545,0.26978442203775915
7.65,0.025716300712803845,0.006144216957180547,0.02741780488915124,0.0027073692095209577,0.003685048104525838,0.00014631237777582132,0.001733809744554788,0.26644837494395357
7.7,0.025630623326172945,0.005982589837006446,0.027068408585825897,0.0026103607598181554,0.0036608321221047848,0.0001410079306658635,0.0016755338347784147,0.2631578109635814
7.75,0.02554478223660022,0.005827075991457954,0.026721938222126967,0.0025165997569962933,0.0036359560165108227,0.00013587814439230045,0.0016193433784424905,0.2599120979613752
7.800000000000001,0.025458782751338765,0.005677502076024522,0.02637842098749509,0.0024260135774160866,0.0036104492078017033,0.00013091935232225518,0.001565160010294966,0.25671061674775386
7.8500000000000005,0.025372630153310375,0.005533697686214376,0.02603788203664494,0.002338529246987506,0.003584341287015609,0.0001261278432399748,0.0015129084198143954,0.2535527603203542
7.9,0.025286329700629617,0.005395495384226895,0.025700344535478946,0.0022540736025442355,0.0035576619101908265,0.00012149987200488609,0.0014625162289666138,0.25043793316662954
7.95,0.02519988662613702,0.005262730721006521,0.025365829707284942,0.0021725734415555206,0.003530440702237266,0.00011703166946129323,0.0014139138749348131,0.2473655506230628
8.0,0.025113306136941377,0.005135242253884476,0.025034356879141465,0.002093955660717474,0.0035027071699843203,0.00011271945163430709,0.00136703449762004,0.24433503828683023
8.05,0.025026593413971183,0.0050128715600103665,0.024705943528458178,0.002018147383954876,0.0034744906237687795,0.00010855942824593873,0.0013218138317172116,0.24134583147602975
8.1,0.024939753611535154,0.00489546324577133,0.024380605329582524,0.0019450760803522932,0.0034458201069638016,0.00010454781058454595,0.0012781901031795077,0.23839737473484165
8.15,0.02485279185689184,0.004782864952391821,0.024058356200407076,0.0018746696725201275,0.00341672433288535,0.00010068081876000415,0.0012361039298914764,0.235489121380231
8.200000000000001,0.024765713249828354,0.004674927357902683,0.023739208348915828,0.0018068566358873214,0.003387231628546165,9.695468837610329e-05,0.001195498226378458,0.23262053308703162
8.25,0.02467852286224814,0.004571504175663256,0.02342317231961066,0.0017415660893977702,0.0033573698847592,9.336567665074716e-05,0.0011563181123868302,0.22979107950845995
8.3,0.02459122573776779,0.004472452149615726,0.02311025703976276,0.0016787278780725236,0.003327166512122736,8.99100680135797e-05,0.0011185108251763301,0.22700023792931018
8.35,0.02450382689132296,0.004377631046446066,0.022800469865437063,0.0016182726478844649,0.003296648402448047,8.658417920968134e-05,0.0010820256353721526,0.2242474929492699
8.4,0.024416331308783217,0.004286903644821016,0.022493816627240468,0.001560131913376463,0.0032658418952176142,8.338436393697371e-05,0.0010468137662306874,0.22153233619396795
8.450000000000001,0.024328743946575977,0.0042001357218659,0.022190301675748304,0.0015042381184383774,0.0032347727486876244,8.030701704396719e-05,0.0010128283161787944,0.21885426605153677
8.5,0.024241069731319363,0.004117196037043001,0.02188992792656574,0.0014505246906423915,0.003203466115272728,7.734857831346398e-05,0.0009800241844921825,0.21621278743262032
8.55,0.024153313559464026,0.004037956313585534,0.0215926969049842,0.0013989260895205,0.003171946520874071,7.450553585681953e-05,0.0009483579999840125,0.2136074115519075
8.6,0.02406548029694394,0.003962291217637384,0.021298608790195503,0.001349377849152341,0.0031402378478333002,7.177442914235702e-05,0.0009177880525801386,0.21103765572940567
8.65,0.02397757477883602,0.0038900783352438474,0.021007662459028843,0.0013018166154160527,0.0031083633212157197,6.915185168052801e-05,0.0008882742276624454,0.20850304320979493
8.700000000000001,0.023889601809028726,0.0038211981473340057,0.020719855529178776,0.001256180178239694,0.003076345498145191,6.663445338743445e-05,0.0008597779430666828,0.2060031029983236
8.75,0.023801566159899385,0.0037555340028304425,0.020435184401894405,0.001212407499175716,0.003044206259931567,6.421894264735385e-05,0.0008322620886258228,0.20353736971181657
8.8,0.023713472572000422,0.0036929720900173942,0.020153644304102634,0.0011704387346063551,0.0030119668067486996,6.190208809396614e-05,0.0008056909681545002,0.2011053834434713
8.85,0.02362532575375433,0.0036334014062937756,0.019875229329940694,0.0011302152548734936,0.002979647654637299,5.968072012905331e-05,0.0007800302437744086,0.19870668964021573
8.9,0.02353713038115737,0.0035767137264328262,0.019599932481675013,0.0010916796596124997,0.0029472686346221624,5.7551732196538147e-05,0.0007552468824846292,0.1963408389914893
8.950000000000001,0.02344889109749201,0.0035228035694657186,0.019327745709986174,0.001054775789556053,0.0029148488937477427,5.5512081828854205e-05,0.0007313091048848922,0.19400738732839812
9.0,0.023360612513048006,0.00347156816430187,0.019058659953601193,0.0010194487350606725,0.0028824068978495192,5.3558791481782876e-05,0.0007081863359635239,0.1917058955322701
9.05,0.023272299204852093,0.0034229074141943748,0.01879266517825663,0.0009856448415959344,0.002849960435891402,5.168894917307052e-05,0.0006858491578655193,0.18943592945171223
9.1,0.023183955716406315,0.003376723860154657,0.018529750414977963,0.0009533117124239741,0.0028175266257113862,4.9899708939340566e-05,0.0006642692645596733,0.18719705982734272
9.15,0.02309558655743482,0.0033329226434161176,0.01826990379766205,0.0009223982086848842,0.0027851219210288853,4.818829112504244e-05,0.0006434194183270366,0.18498886222342956
9.200000000000001,0.023007196203639203,0.0032914114670425025,0.018013112599951725,0.0008928544470921482,0.0027527621195778075,4.655198251644061e-05,0.0006232734079962182,0.1828109169657351
9.25,0.02291878909646229,0.0032521005567725417,0.017759363271392707,0.0008646317954310879,0.0027204623722393005,4.498813633292874e-05,0.0006038060088541002,0.18066280908491436
9.3,0.022830369642860275,0.00321490262118848,0.017508641472864902,0.0008376828660426655,0.0026882371930574424,4.349417208726982e-05,0.0005849929441635123,0.17854412826487248
9.35,0.02274194221508326,0.0031797328112922216,0.01726093211128151,0.0008119615074647232,0.0026561004700298855,4.206757532570383e-05,0.0005668108482222454,0.17645446879553367
9.4,0.022653511150464063,0.003146508679568955,0.017016219373550582,0.000787422794392871,0.0026240654765736096,4.070589725823114e-05,0.0005492372309004731,0.17439342952951623
9.450000000000001,0.022565080751215265,0.0031151501386144907,0.01677448675979536,0.0007640230161138615,0.0025921448835736715,3.940675428877828e-05,0.000532250443596293,0.17236061384225676
9.5,0.022476655284234467,0.0030855794193988466,0.016535717115830566,0.0007417196635552142,0.0025603507719299495,3.816782745437129e-05,0.000515829646551554,0.1703556295951582
9.55,0.022388238980917637,0.003057721029235152,0.016299892664893255,0.0007204714150862594,0.002528694645523649,3.698686178189171e-05,0.000499954777472549,0.16837808910137864
9.600000000000001,0.02229983603698059,0.003031501709519496,0.016066995038627938,0.00070023812119753,0.0024971874445316104,3.586166557046293e-05,0.00048460652140244195,0.16642760909390808
9.65,0.022211450612288432,0.003006850393303999,0.015837005307326547,0.0006809807881775457,0.0024658395590223137,3.479010960701112e-05,0.0004697662817944791,0.164503810695614
9.700000000000001,0.022123086830692987,0.0029836981627621726,0.015609904009424967,0.0006626615608985615,0.0024346608427729833,3.377012632206785e-05,0.00045541615273714833,0.16260631939096212
9.75,0.02203474877987811,0.002961978206602504,0.015385671180258818,0.0006452437048157174,0.0024036606272523292,3.279970889242593e-05,0.0004415388922844716,0.16073476499915126
9.8,0.02194644051121282,0.0029416257774831154,0.015164286380081769,0.000628691587277206,0.0023728477357182025,3.187691029682661e-05,0.0004281178968465258,0.15888878164841888
9.850000000000001,0.021858166039612232,0.0029225781494774668,0.014945728721350854,0.0006129706582366608,0.002342230497383959,3.099984233044684e-05,0.00041513717659716625,0.1570680077513055
9.9,0.02176992934340616,0.0029047745756381562,0.014729976895283664,0.0005980474304527952,0.002311816761611424,3.0166674583563782e-05,0.00040258133185767556,0.15527208598067793
9.950000000000001,0.021681734364215357,0.0028881562457031573,0.014517009197693186,0.0005838894592555295,0.0022816139120922585,2.9375633389405302e-05,0.0003904355304167757,0.1535006632463402
10.0,0.021593585006835347,0.0028726662439861606,0.014306803554106757,0.0005704653219523182,0.0022516288809831257,2.862500074584483e-05,0.0003786854857490705,0.15175339067207305
10.05,0.02150548513912772,0.0028582495074900914,0.014099337544175927,0.0005577445969431465,0.002221868162963373,2.7913113215266736e-05,0.0003673174360955311,0.1500299235729614
10.100000000000001,0.021417438591918903,0.002844852784280434,0.013894588425384987,0.0005456978426077405,0.0021923378291871126,2.7238360806616432e-05,0.00035631812437115834,0.14832992143288695
10.15,0.021329449158906236,0.0028324245921525644,0.01369253315606604,0.0005342965760238278,0.002163043541104417,2.659918584335174e-05,0.00034567477886636433,0.14665304788207287
10.200000000000001,0.02124152059657136,0.0028209151776250126,0.013493148417729193,0.0005235132515708738,0.0021339905641290587,2.5994081820733486e-05,0.0003353750947100062,0.14499897067458553
10.25,0.021153656624100844,0.002810276475288362,0.013296410636716915,0.0005133212394695401,0.002105183781132721,2.5421592255629348e-05,0.0003254072160633208,0.14336736166570646
10.3,0.021065860923313882,0.002800462067537339,0.013102296005191706,0.0005036948043031508,0.0020766277057478544,2.4880309531755532e-05,0.0003157597190152587,0.14175789678910117
10.350000000000001,0.020978137138597135,0.0027914271447116307,0.012910780501467,0.0004946090835637576,0.002048326495463556,2.436887374304791e-05,0.0003064215951509449,0.14017025603372013
10.4,0.0208904888768465,0.002783128465668979,0.01272183990969113,0.0004860400662618637,0.002020283964500752,2.388597153763252e-05,0.000297382235766135,0.13860412342037806
10.450000000000001,0.02080291970741581,0.002775524318812225,0.012535449838894732,0.00047796457163558803,0.001992503596454821,2.3430334964658906e-05,0.00028863141670165855,0.13705918697796382
10.5,0.020715433162072378,0.0027685744835901824,0.012351585741412208,0.00047036022799194,0.0019649885566954636,2.3000740326064765e-05,0.0002801592837729058,0.13553513871924458
10.55,0.020628032734959282,0.002762240192490459,0.01217022293068785,0.00046320545170995265,0.001937741704515151,2.2596007035157032e-05,0.0002719563387704248,0.13403167461623028
10.600000000000001,0.02054072188256434,0.0027564840935407307,0.011991336598477788,0.000456479426432697,0.0019107656050189371,2.2214996483723862e-05,0.00026401342600869155,0.13254849457507545
10.65,0.02045350402369566,0.0027512702133333637,0.011814901831458757,0.00045016208247261624,0.0018840625407496898,2.1856610919230235e-05,0.00025632171940103733,0.13108530241049865
10.700000000000001,0.02036638253946373,0.0027465639205867757,0.011640893627254977,0.0004442340764522185,0.0018576345230440178,2.151979233350001e-05,0.00024887271003962684,0.1296418058197042
10.75,0.02027936077326993,0.0027423318902555028,0.011469286909894648,0.0004386767711999104,0.0018314833031152708,2.120352136414626e-05,0.00024165819426024332,0.12821771635579993
10.8,0.02019244203080139,0.0027385420681995416,0.011300056544707346,0.00043347221591863514,0.0018056103828609565,2.090681620987962e-05,0.00023467026217245315,0.12681274940070342
10.850000000000001,0.020105629580032144,0.002735163636422255,0.011133177352674082,0.00042860312664301617,0.0017800170253928918,2.0628731560702156e-05,0.00022790128663652953,0.12542662413753722
10.9,0.020018926651230437,0.00273216697888486,0.010968624124241452,0.0004240528669988549,0.0017547042652891818,2.0368357543878804e-05,0.00022134391266926038,0.12405906352251542
10.950000000000001,0.019932336436972165,0.002729523647904363,0.010806371632611592,0.00041980542927711693,0.001729672918567916,2.0124818686472035e-05,0.00021499104726150232,0.12270979425632629
11.0,0.019845862092160327,0.0027272063311406607,0.010646394646519616,0.00041584541583294016,0.0017049235923831544,1.9897272895125737e-05,0.00020883584959104068,0.12137854675502097
11.05,0.019759506734050396,0.002725188819177477,0.010488667942510048,0.00041215802081869934,0.0016804566944443715,1.9684910453691513e-05,0.00020287172161497627,0.12006505512041689
11.100000000000001,0.01967327344228157,0.002723445973700799,0.010333166316724027,0.00040872901225878544,0.0016562724421611316,1.9486953039205062e-05,0.00019709229902651452,0.11876905711003076
11.15,0.019587165258913766,0.0027219536962775092,0.010179864596208727,0.0004055447144724606,0.0016323708715152273,1.9302652756640094e-05,0.00019149144256163484,0.11749029410655429
11.200000000000001,0.0195011851884703,0.0027206888977360285,0.010028737649760568,0.0004025919908499614,0.0016087518456629956,1.9131291192793653e-05,0.0001860632296417161,0.11622851108688984
11.25,0.019415336197986174,0.002719629468149918,0.009879760398313751,0.0003998582269859157,0.0015854150632709275,1.897217848958822e-05,0.0001808019463387591,0.11498345659076382
11.3,0.019329621217061853,0.0027187542474246024,0.009732907824885374,0.0003973313141731132,0.001562360066588017,1.8824652437012685e-05,0.00017570207965038255,0.1137548826889358
11.350000000000001,0.01924404313792247,0.0027180429964866106,0.009588154984088567,0.0003949996332587292,0.0015395862492586566,1.8688077585866254e-05,0.0001707583100722995,0.11254254495102449
11.4,0.019158604815482382,0.0027174763690740317,0.00944547701122475,0.0003928520388642263,0.0015170928638801187,1.856184438041534e-05,0.00016596550445646937,0.11134620241297011
11.450000000000001,0.01907330906741494,0.0027170358841262132,0.009304849130966146,0.00039087784396936106,0.0014948790293089344,1.8445368311024363e-05,0.00016131870914360544,0.1101656175441552
11.5,0.018988158674227464,0.002716703898770109,0.009166246665639607,0.00038906680485998577,0.0014729437377206855,1.8338089086776038e-05,0.00015681314335917566,0.10900055621420547
11.55,0.018903156379341257,0.002716463581900105,0.009029645043122439,0.00038740910643865923,0.0014512858614278855,1.823946982805509e-05,0.00015244419286246851,0.10785078765949292
11.600000000000001,0.01881830488917663,0.0027162988883476014,0.008895019804361158,0.000385895347896468,0.001429904159460808,1.8148996279031648e-05,0.00014820740383872627,0.10671608444936362
11.65,0.018733606873242815,0.002716194533636132,0.008762346610523608,0.0003845165287438924,0.001408797283916213,1.8066176039945838e-05,0.00014409847702474328,0.10559622245211296
11.700000000000001,0.018649064964232687,0.0027161359693173284,0.008631601249794948,0.0003832640351980434,0.0013879637860790468,1.7990537819063673e-05,0.00014011326205872016,0.10449098080073052
11.75,0.01856468175812224,0.0027161093588825972,0.008502759643827846,0.0003821296269231314,0.001367402122322266,1.792163070414601e-05,0.0001362477520455366,0.10340014185843814
11.8,0.018480459814274663,0.0027161015542449866,0.008375797853856911,0.0003811054241206074,0.0013471106597899827,1.7859023453246343e-05,0.0001324980783289562,0.1023234911840421
11.850000000000001,0.018396401655548997,0.0027161000727853337,0.008250692086487486,0.0003801838949650414,0.001327087681869197,1.7802303804630257e-05,0.00012886050546262793,0.10126081749712386
11.9,0.018312509768413254,0.0027160930749564574,0.008127418699168481,0.00037935784338146165,0.0013073313934553778,1.775107780558844e-05,0.0001253314263720671,0.10021191264308908
11.950000000000001,0.018228786603061892,0.0027160693424388353,0.008005954205358986,0.00037862039715957826,0.0012878399260171864,1.7704969159896614e-05,0.00012190735770012017,0.09917657155809816
12.0,0.018145234573537623,0.0027160182568409293,0.007886275279398159,0.000377964996400045,0.0012686113424656335,1.7663618593659366e-05,0.0001185849353287172,0.09815459223389958
12.05,0.018061856057857373,0.002715929778937063,0.0077683587610876,0.0003773853822876769,0.0012496436418329212,1.7626683239260138e-05,0.00011536091007000241,0.0971457756825859
12.100000000000001,0.017978653398142412,0.002715794428435511,0.0076521816599954854,0.000376875586186334,0.0012309347637662349,1.7593836037127137e-05,0.00011223214352021613,0.09614992590129438
12.15,0.017895628900752494,0.002715603264269268,0.007537721159491315,0.000376429919050002,0.0012124825928416744,1.7564765155013663e-05,0.000109195604069962,0.09516684983687126
12.200000000000001,0.01781278483642393,0.002715347865401758,0.007424954620520091,0.00037604296114444657,0.001194284962703492,1.753917342448192e-05,0.0001062483630647519,0.09419635735051925
12.25,0.017730123440411548,0.0027150203121395957,0.007313859585124589,0.00037570955207368733,0.0011763396600337536,1.751677779427139e-05,0.00010338759110996656,0.09323826118244806
12.3,0.01764764691263442,0.0027146131679443505,0.007204413779724043,0.0003754247811054294,0.0011586444283574534,1.7497308800225928e-05,0.00010061055451460001,0.09229237691654543
12.350000000000001,0.01756535741782527,0.002714119461735151,0.007096595118157611,0.00037518397778950216,0.001141196971688083,1.7480510051448456e-05,9.7914611868388e-05,0.09135852294508723
12.4,0.017483257085683525,0.0027135326706738505,0.0069903817045006015,0.00037498270286328607,0.0011239949580185472,1.7466137732347556e-05,9.529721074713039e-05,0.0904365204335037
12.450000000000001,0.017401348011031815,0.002712846703424383,0.006885751835661381,0.0003748167394380553,0.0011070360226622647,1.7453960120237136e-05,9.275588454122851e-05,0.08952619328521821
12.5,0.017319632253976015,0.002712055883877876,0.006782684003766726,0.00037468208446013,0.001090317771449209,1.7443757118147885e-05,9.02882494026572e-05,0.08862736810657587
12.55,0.01723811184006854,0.002711154935335007,0.006681156898343047,0.0003745749404407096,0.0010738377837815377,1.743531980250778e-05,8.78920013057789e-05,0.08773987417187572
12.600000000000001,0.01715678876047499,0.00271013896513707,0.006581149408300965,0.0003744917074482516,0.0010575936155534068,1.7428449985348347e-05,8.556491321759495e-05,0.08686354338852313
12.65,0.017075664972143953,0.0027090034497371696,0.006482640623730325,0.00037442897535726544,0.0010415828019394355,1.7422959790693368e-05,8.330483237320015e-05,0.08599821026231591
12.700000000000001,0.0169947423979799,0.002707744220202944,0.006385609837512694,0.0003743835163474074,0.0010258028600562245,1.7418671244787637e-05,8.110967765237794e-05,0.08514371186287785
12.75,0.016914022927019146,0.002706357448142231,0.006290036546758211,0.00037435227764678886,0.001010251291501225,1.7415415879824656e-05,7.89774370534351e-05,0.08429988778925322
12.8,0.016833508414608726,0.0027048396320430677,0.006195900454073361,0.0003743323745134478,0.0009949255847731485,1.741303435083424e-05,7.69061652605272e-05,0.08346658013567437
12.850000000000001,0.016753200682588162,0.0027031875840194558,0.006103181468666274,0.0003743210834489771,0.0009798232175780336,1.7411376065393412e-05,7.4893981300879e-05,0.0826436334575151
12.9,0.016673101519473987,0.00270139841695434,0.006011859707295787,0.00037431583563835643,0.0009649416590249644,1.7410298825826975e-05,7.293906628844247e-05,0.08183089473744018
12.950000000000001,0.016593212680646993,0.002699469532031282,0.005921915495070453,0.0003743142106100953,0.0009502783717153496,1.7409668483567494e-05,7.103966125067464e-05,0.08102821335176275
13.0,0.016513535888542118,0.002697398606646362,0.005833329366103538,0.0003743139301108592,0.0009358308137295783,1.7409358605348154e-05,6.919406503524903e-05,0.08023544103701956
13.05,0.01643407283284085,0.0026951835826918894,0.005746082064029738,0.00037431285218882473,0.0009215964405147455,1.7409250150906095e-05,6.740063229363767e-05,0.07945243185677367
13.100000000000001,0.016354825170666137,0.0026928226552035608,0.005660154542389398,0.00037430896548008467,0.000907572706677078,1.7409231161878114e-05,6.565777153862578e-05,0.07867904216865393
13.15,0.01627579452677968,0.002690314261362782,0.005575527964885664,0.00037430038369250696,0.0008937570676825598,1.7409196461575373e-05,6.396394327293335e-05,0.07791513059164003
13.200000000000001,0.016196982493781525,0.002687657069845933,0.005492183705519953,0.0003742853402815362,0.0008801469814691794,1.740904736532856e-05,6.231765818623165e-05,0.07716055797360083
13.25,0.016118390632311946,0.002684849970512434,0.005410103348610985,0.0003742621833125152,0.0008667399099741268,1.74086914011e-05,6.07174754179495e-05,0.07641518735909436
13.3,0.016040020471255436,0.00268189206442357,0.005329268688702357,0.00037422937050419634,0.0008535333205791522,1.74080420400646e-05,5.916200088336467e-05,0.07567888395743577
13.350000000000001,0.01596187350794686,0.0026787826541841025,0.005249661730363649,0.00037418546444820653,0.0008405246874772351,1.7407018436866692e-05,5.764988566057724e-05,0.07495151511104084
13.4,0.015883951208379574,0.002675521234598802,0.005171264687889765,0.0003741291279993267,0.0008277114929635919,1.7405545179265637e-05,5.617982443605336e-05,0.07423295026405041
13.450000000000001,0.01580625500741551,0.002672107483636135,0.005094059984903149,0.0003740591198315448,0.0008150912286539751,1.740355204688838e-05,5.4750554006520275e-05,0.07352306093124202
13.5,0.015728786308997166,0.0026685412536914368,0.005018030253863395,0.00037397429015494137,0.000802661396633129,1.7400973778813118e-05,5.336085183508055e-05,0.07282172066723436
13.55,0.015651546486361342,0.0026648225631420055,0.0049431583354885185,0.00037387357658856757,0.0007904195105361613,1.7397749849713876e-05,5.200953465949507e-05,0.0721288050359883
13.600000000000001,0.015574536882254679,0.0026609515881866703,0.004869427278092185,0.00037375600018457804,0.0007783630965655289,1.739382425430161e-05,5.069545715066744e-05,0.07144419158061074
13.65,0.01549775880915081,0.0026569286549624877,0.004796820336840915,0.0003736206615989824,0.0007664896944462265,1.7389145299803353e-05,4.94175106194365e-05,0.07076775979346364
13.700000000000001,0.015421213549469126,0.002652754231931341,0.004725320972935232,0.0003734667374044831,0.0007547968583216994,1.73836654062268e-05,4.8174621769859445e-05,0.07009939108658311
13.75,0.015344902355795092,0.002648428922529334,0.00465491285271861,0.00037329347654096984,0.0007432821575929195,1.73773409141635e-05,4.69657514972386e-05,0.06943896876241173
13.8,0.01526882645110197,0.002643953458071977,0.0045855798467178575,0.00037310019689934293,0.0007319431777029693,1.737013189988985e-05,4.578989372921169e-05,0.06878637798484659
13.850000000000001,0.015192987028973993,0.0026393286909083004,0.004517306028618594,0.0003728862820344417,0.0007207775208694242,1.7362001997530722e-05,4.464607430829298e-05,0.06814150575060642
13.9,0.015117385253830835,0.002634555587817135,0.00445007567417922,0.00037265117800295547,0.0007097828067667233,1.735291822805659e-05,4.3533349914313126e-05,0.06750424086091951
13.950000000000001,0.015042022261153334,0.0026296352236389285,0.004383873260086752,0.0003723943903222956,0.00069895667316066,1.7342850834890594e-05,4.2450807025267267e-05,0.06687447389353499
14.0,0.014966899157710453,0.0026245687751365863,0.004318683462757788,0.000372115481046509,0.0006882967764970514,1.7331773125907848e-05,4.1397560915138606e-05,0.06625209717505878
14.05,0.01489201702178733,0.0026193575150789492,0.004254491157087657,0.000371814065955412,0.000677800792446559,1.7319661321614916e-05,4.0372754687318924e-05,0.06563700475361582
14.100000000000001,0.014817376903414434,0.0026140028065406453,0.004191281415150858,0.0003714898118532232,0.0006674664164075878,1.730649440930296e-05,3.937555834230285e-05,0.0650290923718397
14.15,0.014742979824597718,0.002608506097412168,0.004129039504855629,0.0003711424339730709,0.000657291363969101,1.7292254002973676e-05,3.84051678783818e-05,0.06442825744019053
14.200000000000001,0.014668826779549709,0.002602868915114171,0.004067750888555492,0.0003707716934838479,0.0006472733713351377,1.7276924208842542e-05,3.7460804424113994e-05,0.06383439901060162
14.25,0.014594918734921518,0.0025970928615100743,0.004007401221620508,0.0003703773950959806,0.0006374101957127543,1.726049149622932e-05,3.6541713401393964e-05,0.06324741775045556
14.3,0.014521256630035641,0.002591179608011218,0.003947976350970794,0.0003699593847627737,0.0006276996156650382,1.7242944573651072e-05,3.564716371798924e-05,0.0626672159168895
14.350000000000001,0.01444784137711957,0.0025851308908689105,0.0038894623135748993,0.0003695175474740851,0.000618139431430801,1.722427426993816e-05,3.477644698845717e-05,0.062093697331429956
14.4,0.01437467386154008,0.0025789485066478376,0.0038318453349154152,0.00036905180513917355,0.0006087274652124817,1.7204473420198836e-05,3.3928876782394834e-05,0.06152676735495633
14.450000000000001,0.014301754942038199,0.002572634307875433,0.0037751118274241746,0.0003685621145556548,0.0005994615614337433,1.7183536756463076e-05,3.31037878990162e-05,0.060966332862993106
14.5,0.014229085450964773,0.002566190198861918,0.0037192483888893193,0.0003680484654615861,0.0005903395869681949,1.7161460802841296e-05,3.2300535667089284e-05,0.06041230222132986
14.55,0.014156666194516556,0.0025596181316858437,0.0036642418008363564,0.00036751087866778766,0.0005813594313406042,1.7138243775038347e-05,3.151849526930205e-05,0.059864585261968035
14.600000000000001,0.014084497952972822,0.002552920102340086,0.003610079026885344,0.00036694940426759237,0.0005725190069019303,1.711388548406812e-05,3.0757061090162785e-05,0.05932309325939376
14.65,0.014012581480932398,0.0025460981470333587,0.003556747211086168,0.00036636411992129906,0.0005638162489794425,1.7088387244018515e-05,3.0015646086573523e-05,0.05878773890717526
14.700000000000001,0.013940917507551064,0.0025391543386424323,0.003504233676233856,0.0003657551292126845,0.0005552491160031509,1.7061751783721333e-05,2.9293681180248613e-05,0.05825843629488334
14.75,0.01386950673677933,0.0025320907833103505,0.0034525259221658056,0.0003651225600750103,0.0005468155896097271,1.703398316218596e-05,2.8590614671182265e-05,0.05773510088533405
14.8,0.013798349847600443,0.002524909617186059,0.0034016116240426523,0.0003644665632840366,0.0005385136747250381,1.7005086687660086e-05,2.7905911671398047e-05,0.057217649492150933
14.850000000000001,0.013727447494268664,0.0025176130033009708,0.003351478630614548,0.00036378731101563205,0.00053034139962639,1.6975068840185077e-05,2.7239053558243982e-05,0.056706000257646
14.9,0.013656800306547714,0.0025102031285780964,0.0033021149624744436,0.0003630849954656428,0.0005222968159855166,1.6943937197517604e-05,2.6589537446523343e-05,0.05620007263101683
14.950000000000001,0.013586408889949338,0.0025026822009694837,0.003253508810299961,0.00036235982752975607,0.0005143779988933186,1.6911700364293366e-05,2.5956875678778987e-05,0.05569978734685809
15.0,0.013516273825971991,0.0024950524467178183,0.003205648533085389,0.00036161203554116477,0.0005065830468673197,1.6878367904312616e-05,2.5340595333074865e-05,0.055205066403985266
15.05,0.013446395672339519,0.002487316107738136,0.0031585226563651965,0.0003608418640639086,0.0004989100818427548,1.6843950275831048e-05,2.4740237747642317e-05,0.05471583304456835
15.100000000000001,0.013376774963239873,0.0024794754391157105,0.0031121198704305002,0.00036004957273983416,0.0004913572491481874,1.6808458769743473e-05,2.4155358061783797e-05,0.05423201173357315
15.15,0.013307412209563746,0.0024715327067162734,0.0030664290285397694,0.0003592354351871829,0.0004839227174664992,1.6771905450551256e-05,2.358552477244838e-05,0.05375352813850781
15.200000000000001,0.013238307899143115,0.002463490184904832,0.0030214391451250534,0.0003583997379488792,0.0004766046787820698,1.6734303100008145e-05,2.303031930591613e-05,0.0532803091094719
15.25,0.013169462496989668,0.002455350154369444,0.0029771393939949545,0.000357542779488654,0.0004694013483149332,1.6695665163342583e-05,2.2489335604049556e-05,0.05281228265950584
15.3,0.013100876445533,0.0024471149000464096,0.0029335191065354674,0.00035666486923319863,0.000462310964442653,1.665600569795797e-05,2.196217972458997e-05,0.0523493779452374
15.350000000000001,0.013032550164858643,0.0024387867091434324,0.002890567769909835,0.00035576632665860553,0.0004553317886106437,1.661533932451563e-05,2.1448469454997197e-05,0.05189152524782325
15.4,0.012964484052945787,0.002430367869257399,0.0028482750252584394,0.0003548474804194063,0.0004484621052316199,1.6573681180308484e-05,2.094783393934875e-05,0.051438655954182254
15.450000000000001,0.012896678485904704,0.002421860666583513,0.002806630665899748,0.00035390866751857655,0.0004417002215748352,1.653104687483647e-05,2.0459913317833368e-05,0.05099070253851776
15.5,0.012829133818213849,0.0024132673842126215,0.002765624635533287,0.000352950232516931,0.00043504446764574455,1.6487452447497853e-05,1.9984358378391044e-05,0.05054759854412633
15.55,0.012761850382956543,0.002404590300513641,0.0027252470264455195,0.000351972526780383,0.00042849319605668896,1.6442914327313446e-05,1.9520830220067806e-05,0.050109278565489426
15.600000000000001,0.012694828492057268,0.0023958316875980967,0.002685488077719544,0.00035097590776359775,0.00042204478188918675,1.6397449294603664e-05,1.9068999927670447e-05,0.04967567823064553
15.65,0.01262806843651748,0.00238699380986386,0.002646338173449398,0.0003499607383286148,0.00041569762254837947,1.635107444454107e-05,1.86285482573209e-05,0.049246734183839576
15.700000000000001,0.012561570486650925,0.0023780789226152577,0.0026077878409597696,0.0003489273860970667,0.0004094501376101632,1.6303807152503766e-05,1.8199165332525316e-05,0.04882238406844625
15.75,0.012495334892318459,0.002369089270756812,0.002569827749031879,0.00034787622283466717,0.0004033007686615132,1.6255665041157617e-05,1.7780550350387224e-05,0.04840256651016487
15.8,0.012429361883162248,0.0023600270875579346,0.0025324487061361943,0.0003468076238666856,0.0003972479791344793,1.6206665949197785e-05,1.737241129760716e-05,0.047987221100481814
15.850000000000001,0.012363651668839423,0.0023508945934859983,0.002495641658672702,0.000345721967523174,0.00039129025413432044,1.6156827901682542e-05,1.6974464675925322e-05,0.047576288380398235
15.9,0.01229820443925507,0.0023416939951052644,0.002459397689219326,0.0003446196346127501,0.0003854261002622125,1.6106169081894693e-05,1.6586435236675537e-05,0.047169709824419245
15.950000000000001,0.012233020364794556,0.0023324274840392342,0.0024237080147891106,0.00034350100792378616,0.000379654045432954,1.6054707804668215e-05,1.6208055724131565e-05,0.046767427824801665
16.0,0.01216809959655519,0.0023230972359940564,0.0023885639850967475,0.0003423664717518918,0.0003739726386880715,1.600246249112004e-05,1.583906662733849e-05,0.04636938567605745
16.05,0.01210344226657711,0.002313705409840695,0.002353957080834948,0.00034121641145261854,0.0003683804500047034,1.5949451644728956e-05,1.5479215940132673e-05,0.045975527559709004
16.1,0.012039048488073453,0.0023042541467536396,0.002319878911961202,0.0003400512130183525,0.00036287607010063286,1.58956938287058e-05,1.512825892906541e-05,0.0455857985292937
16.150000000000002,0.011974918355659716,0.0022947455694039913,0.002286321215995365,0.00033887126267839783,0.00035745811023581283,1.5841207644601078e-05,1.4785957908955026e-05,0.04520014449561421
16.2,0.011911051945582316,0.002285181781204841,0.0022532758563285405,0.00033767694652129014,0.00035212520201071806,1.578601171209816e-05,1.4452082025802818e-05,0.04481851221223146
16.25,0.01184744931594628,0.002275564865606908,0.0022207348205436554,0.0003364686501384119,0.0003468759971618362,1.573012464994202e-05,1.4126407046817395e-05,0.04444084926119693
16.3,0.011784110506942114,0.002265896885442484,0.0021886902187481507,0.00033524675828801905,0.000341709167354605,1.5673565057955495e-05,1.3808715157301872e-05,0.04406710403902149
16.35,0.011721035541071716,0.0022561798823157674,0.002157134281919111,0.00033401165457881584,0.00033662340397407314,1.561635150009657e-05,1.3498794764166446e-05,0.0436972257428769
16.400000000000002,0.011658224423373418,0.002246415876037757,0.0021260593602612085,0.0003327637211722499,0.0003316174179135626,1.555850248851218e-05,1.3196440305838292e-05,0.04333116435702753
16.45,0.011595677141646046,0.0022366068641039146,0.002095457921577761,0.00033150333850272853,0.00032668993936158934,1.5500036468545476e-05,1.2901452068348526e-05,0.04296887063948866
16.5,0.011533393666672007,0.00222675482121287,0.002065322549655195,0.0003302308850149869,0.0003218397175872856,1.5440971804655232e-05,1.2613636007383955e-05,0.04261029610890822
16.55,0.01147137395243942,0.0022168616988245005,0.0020356459426612143,0.0003289467369178674,0.0003170655207245625,1.538132676720761e-05,1.2332803576099376e-05,0.04225539303166925
16.6,0.011409617936363182,0.0022069294247557616,0.0020064209115568813,0.0003276512679537963,0.0003123661355552274,1.5321119520101926e-05,1.2058771558492862e-05,0.04190411440920929
16.650000000000002,0.011348125539505007,0.0021969599028127036,0.0019776403785228816,0.0003263448491832716,0.0003077403672912706,1.526036810919364e-05,1.1791361908154278e-05,0.04155641396555419
16.7,0.011286896666792421,0.0021869550124571637,0.0019492973754001639,0.00032502784878370096,0.00030318703935651854,1.5199090451479063e-05,1.1530401592203637e-05,0.04121224613506285
16.75,0.011225931207236629,0.002176916608506663,0.0019213850421451462,0.00032370063186195296,0.00029870499316784116,1.5137304325007749e-05,1.1275722440242574e-05,0.04087156605037988
16.8,0.011165229034149331,0.0021668465208661016,0.0018938966252996896,0.00032236356028001134,0.0002942930879160954,1.507502735948977e-05,1.102716099814881e-05,0.04053432953059347
16.85,0.011104790005358378,0.0021567465542898664,0.0018668254764759617,0.0003210169924931417,0.0002899502003469681,1.5012277027566361e-05,1.0784558386548988e-05,0.04020049306959477
16.900000000000002,0.011044613963422285,0.002146618488173045,0.0018401650508563586,0.0003196612834000053,0.000285675224541882,1.494907063671366e-05,1.0547760163811745e-05,0.0398700138246364
16.95,0.010984700735843598,0.0021364640763704553,0.0018139089057086055,0.0003182967842041752,0.00028146707169911424,1.4885425321750417e-05,1.0316616193408133e-05,0.03954284960508673
17.0,0.010925050135281056,0.0021262850470422576,0.0017880506989161361,0.0003169238422865309,0.00027732466991526786,1.482135803792168e-05,1.0090980515491986e-05,0.03921895886137691
17.05,0.010865661959760593,0.0021160831025249594,0.0017625841875238775,0.0003155428010880287,0.000273246963967235,1.4756885554531674e-05,9.87071122255836e-06,0.03889830067413824
17.1,0.010806535992885084,0.002105859919226654,0.0017375032262994864,0.00031415400000236326,0.00026923291509477215,1.4692024449099908e-05,9.655670339042628e-06,0.03858083474352621
17.150000000000002,0.010747672004042887,0.002095617147545383,0.001712801766310136,0.0003127577742780553,0.0002652815007838103,1.4626791102015839e-05,9.445723704728266e-06,0.038266521378728734
17.2,0.01068906974861513,0.0020853564118095487,0.001688473853514901,0.0003113544549295194,0.00026139171455061126,1.4561201691668228e-05,9.240740861835669e-06,0.03795532148765582
17.25,0.010630728968181723,0.002075079310239332,0.0016645136273727805,0.0003099443686566819,0.0002575625657268729,1.4495272190026316e-05,9.040594945668868e-06,0.03764719656680746
17.3,0.010572649390726128,0.0020647874149281303,0.0016409153194664185,0.0003085278377727371,0.0002537930792458862,1.4429018358650944e-05,8.845162578701643e-06,0.037342108691317336
17.35,0.010514830730838809,0.002054482271843031,0.001617673252141509,0.000307105180139646,0.000250082295429831,1.4362455745114465e-05,8.654323767988159e-06,0.03704002050516917
17.400000000000002,0.010457272689919384,0.0020441654008434037,0.0015947818371619307,0.0003056767091109965,0.00024642926977830066,1.4295599679809294e-05,8.46796180578782e-06,0.03674089521158331
17.45,0.010399974956377477,0.0020338382957167055,0.0015722355743806005,0.0003042427334818614,0.00024283307275813537,1.4228465273125713e-05,8.285963173297597e-06,0.03644469656357054
17.5,0.010342937205832207,0.0020235024242306336,0.0015500290504260371,0.00030280355744530273,0.00023929278959463745,1.4161067412980294e-05,8.108217447388786e-06,0.03615138885465062
17.55,0.010286159101310394,0.0020131592282008007,0.0015281569374046393,0.00030135948055518805,0.00023580752006424288,1.4093420762677159e-05,7.934617210249107e-06,0.03586093690973291
17.6,0.01022964029344335,0.0020028101235731125,0.0015066139916186283,0.000299910797694994,0.00023237637828870918,1.402553975908491e-05,7.765057961833925e-06,0.035573306076156115
17.650000000000002,0.01017338042066235,0.0019924565005200847,0.0014853950522996442,0.00029845779905228963,0.00022899849253088368,1.3957438611112889e-05,7.599438035034276e-06,0.03528846221488505
17.7,0.010117379109392723,0.001982099723550353,0.0014644950403579506,0.00029700077009860203,0.00022567300499210684,1.3889131298471036e-05,7.437658513472283e-06,0.03500637169186147
17.75,0.01006163597424654,0.0019717411316306473,0.0014439089571471925,0.00029553999157437967,0.0002223990716113012,1.3820631570698254e-05,7.2796231518376524e-06,0.03472700136950652
17.8,0.010006150618213945,0.001961382038319554,0.0014236318832446797,0.0002940757394787823,0.00021917586186579683,1.3751952946444937e-05,7.1252382986821595e-06,0.0344503185983724
17.85,0.00995092263285306,0.0019510237319123867,0.0014036589772471032,0.00029260828506403333,0.00021600255857393252,1.368310871299574e-05,6.9744128215915275e-06,0.03417629120894072
17.900000000000002,0.00989595159847849,0.0019406674755965323,0.0013839854745816426,0.00029113789483408716,0.00021287835769947576,1.3614111926019434e-05,6.8270580346572445e-06,0.03390488750356491
17.95,0.009841237084348416,0.0019303145076166547,0.0013646066863323852,0.00028966483054736967,0.0002098024681578971,1.3544975409533144e-05,6.683087628173314e-06,0.03363607624855468
18.0,0.009786778648850246,0.0019199660414491605,0.0013455179980819737,0.0002881893492233623,0.0002067741116245306,1.347571175606881e-05,6.542417600485539e-06,0.033369826666399614
18.05,0.009732575839684874,0.0019096232659853655,0.0013267148687684193,0.00028671170315281135,0.00020379252234465375,1.3406333327030367e-05,6.404966191923595e-06,0.03310610842813014
18.1,0.009678628194049462,0.0018992873457228034,0.0013081928295569662,0.0002852321399113492,0.0002008569469455089,1.3336852253230394e-05,6.2706538207482e-06,0.03284489164581302
18.150000000000002,0.009624935238818801,0.0018889594209641584,0.0012899474827269377,0.0002837509023763281,0.00019796664425029352,1.3267280435595719e-05,6.139403021048355e-06,0.032586146865179445
18.2,0.00957149649072522,0.0018786406080233138,0.0012719745005734574,0.00028226822874667217,0.00019512088509413973,1.3197629546031771e-05,6.011138382525643e-06,0.03232984505838321
18.25,0.009518311456537023,0.001868331999438028,0.0012542696243239434,0.0002807843525655637,0.0001923189521420999,1.3127911028435957e-05,5.885786492104715e-06,0.03207595761688699
18.3,0.009465379633235514,0.001858034664188783,0.0012368286630692871,0.00027929950274578765,0.00018956013970915792,1.3058136099850827e-05,5.763275877311372e-06,0.03182445634447441
18.35,0.009412700508190505,0.0018477496479233418,0.0012196474927095855,0.00027781390359756403,0.00018684375358227578,1.2988315751748087e-05,5.643536951361297e-06,0.03157531345038566
18.400000000000002,0.009360273559334392,0.0018374779731866009,0.001202722054914335,0.00027632777485870854,0.0001841691108444896,1.291846075143503e-05,5.526501959904745e-06,0.031328501542574654
18.45,0.00930809825533475,0.0018272206396553168,0.0011860483560969656,0.00027484133172696654,0.0001815355397010639,1.2848581643575277e-05,5.412104929374174e-06,0.031083993621085642
18.5,0.009256174055765443,0.0018169786243773143,0.0011696224664035939,0.00027335478489437217,0.00017894237930771005,1.2778688751816053e-05,5.300281616883586e-06,0.030841763071547013
18.55,0.009204500411276286,0.0018067528820148056,0.0011534405187158933,0.00027186834058349433,0.00017638897960087763,1.2708792180514738e-05,5.190969461630249e-06,0.0306017836587806
18.6,0.009153076763761203,0.0017965443450914452,0.0011374987076679353,0.0002703822005854323,0.00017387470113011823,1.2638901816557482e-05,5.084107537750834e-06,0.030364029520524104
18.650000000000002,0.009101902546524909,0.0017863539242427844,0.0011217932886768947,0.0002688965622994352,0.00017139891489252663,1.2569027331263313e-05,4.979636508585893e-06,0.030128475161264826
18.7,0.00905097718444812,0.0017761825084697896,0.0011063205769874897,0.0002674116187740212,0.00016896100216925875,1.249917818236725e-05,4.877498582308023e-06,0.029895095446182938
18.75,0.009000300094151254,0.0017660309653951024,0.0010910769467300198,0.00026592755874948055,0.00016656035436412426,1.2429363616076328e-05,4.777637468870505e-06,0.029663865595201913
18.8,0.008949870684156687,0.0017559001415217502,0.001076058829991891,0.0002644445667016524,0.00016419637284425403,1.2359592669192775e-05,4.679998338234826e-06,0.02943476117714484
18.85,0.008899688355049482,0.001745790862494,0.0010612627159024733,0.0002629628228868665,0.00016186846878283478,1.2289874171298671e-05,4.584527779836637e-06,0.02920775810399416
18.900000000000002,0.008849752499636659,0.0017357039333600903,0.0010466851497311755,0.000261482503387951,0.00015957606300390855,1.2220216746996944e-05,4.491173763251284e-06,0.028982832625253408
18.95,0.008800062503104961,0.0017256401388365717,0.001032322731998597,0.0002600037801612099,0.0001573185858292295,1.215062881820359e-05,4.399885600021186e-06,0.02875996132240898
19.0,0.008750617743177137,0.001715600243573998,0.0010181721176006167,0.000258526821084277,0.00015509547692716996,1.2081118606486347e-05,4.310613906608616e-06,0.028539121103490172
19.05,0.008701417590266753,0.0017055849924237398,0.0010042300149452987,0.0002570517900047615,0.0001529061851636694,1.2011694135445336e-05,4.223310568438756e-06,0.028320289197725838
19.1,0.008652461407631507,0.0016955951107056719,0.0009904931851024584,0.0002555788467896,0.0001507501684552134,1.1942363233131248e-05,4.137928704998845e-06,0.028103443150295844
19.150000000000002,0.00860374855152505,0.0016856313044765288,0.0009769584409657632,0.00025410814737503726,0.00014862689362383501,1.1873133534497028e-05,4.054422635960582e-06,0.02788856081717558
19.200000000000003,0.00855527837134734,0.0016756942607987126,0.0009636226464272288,0.00025263984381716076,0.00014653583625412573,1.1804012483879155e-05,3.972747848293912e-06,0.027675620360072074
19.25,0.008507050209793516,0.0016657846480093563,0.0009504827155639702,0.0002511740843429173,0.00014447648055224442,1.1735007337504775e-05,3.8928609643413914e-06,0.027464600241449928
19.3,0.008459063403001269,0.0016559031159894468,0.0009375356118370648,0.0002497110134015442,0.00014244831920691043,1.166612516602118e-05,3.814719710823328e-06,0.027255479219645353
19.35,0.008411317280696773,0.0016460502964328412,0.0009247783473024021,0.0002482507717163516,0.0001404508532523694,1.1597372857044357e-05,3.738282888744957e-06,0.02704823634406712
19.400000000000002,0.008363811166339111,0.0016362268031149864,0.0009122079818333615,0.00024679349633679396,0.00013848359193331455,1.1528757117723335e-05,3.6635103441776863e-06,0.02684285095048235
19.450000000000003,0.008316544377263242,0.0016264332321611927,0.0008998216223551929,0.0002453393206907734,0.00013654605257175097,1.1460284477317427e-05,3.5903629398875227e-06,0.026639302656386043
19.5,0.008269516224821496,0.0016166701623143026,0.0008876164220909564,0.00024388837463712104,0.00013463776043578634,1.1391961289783485e-05,3.5188025277845825e-06,0.02643757135645257
19.55,0.008222726014523597,0.0016069381552016049,0.0008755895798188768,0.00024244078451820318,0.00013275824861033197,1.1323793736370496e-05,3.4487919221684287e-06,0.026237637218067822
19.6,0.008176173046175248,0.0015972377556008636,0.0008637383391409867,0.00024099667321260504,0.0001309070578696993,1.1255787828219003e-05,3.3802948737448994e-06,0.026039480676940455
19.650000000000002,0.008129856614015224,0.0015875694917053208,0.0008520599877629027,0.00023955616018784406,0.00012908373655207259,1.118794940896291e-05,3.313276044390706e-06,0.025843082432790897
19.700000000000003,0.008083776006851033,0.0015779338753875542,0.0008405518567846075,0.0002381193615530705,0.0001272878404358424,1.112028415733144e-05,3.2477009826430253e-06,0.025648423445116537
19.75,0.008037930508193122,0.0015683314024620726,0.0008292113200020976,0.0002366863901117133,0.00012551893261778175,1.1052797589749109e-05,3.183536099891948e-06,0.025455484929031942
19.8,0.007992319396387618,0.0015587625529465327,0.0008180357932197523,0.00023525735541403214,0.000123776583393046,1.0985495062931666e-05,3.1207486472543488e-06,0.025264248351182544
19.85,0.007946941944747668,0.0015492277913214843,0.000807022733573301,0.0002338323638095403,0.00012206037013698062,1.0918381776476197e-05,3.0593066931085415e-06,0.025074695425730674
19.900000000000002,0.007901797421683295,0.0015397275667885305,0.0007961696388632342,0.00023241151849926202,0.00012036987718871516,1.0851462775443488e-05,2.999179101269584e-06,0.024886808110412377
19.950000000000003,0.007856885090829853,0.0015302623135268231,0.0007854740468985359,0.00023099491958779314,0.00011870469573652721,1.0784742952931058e-05,2.940335509785886e-06,0.024700568602663897
20.0,0.007812204211175048,0.0015208324509477988,0.0007749335348505962,0.0002295826641351343,0.0001170644237049561,1.0718227052635257e-05,2.882746310338326e-06,0.024515959335816576
20.05,0.007767754037184513,0.001511438383948076,0.0007645457186171676,0.0002281748462082674,0.00011544866564364716,1.0651919671400941e-05,2.8263826282236678e-06,0.024332962975358745
20.1,0.007723533818926018,0.001502080503160442,0.0007543082521962405,0.00022677155693245012,0.00011385703261790842,1.0585825261757404e-05,2.7712163029047386e-06,0.024151562415263658
20.150000000000002,0.007679542802192213,0.0014927591852028493,0.0007442188270696918,0.00022537288454220134,0.00011228914210095844,1.0519948134439179e-05,2.717219869110254e-06,0.02397174077438197
20.200000000000003,0.007635780228622004,0.0014834747929253617,0.0007342751715965831,0.00022397891443195548,0.00011074461786784705,1.0454292460890588e-05,2.6643665384678402e-06,0.023793481392897813
20.25,0.007592245335820512,0.0014742276756549869,0.000724475050415977,0.0002225897292063636,0.00010922308989102894,1.0388862275752854e-05,2.612630181654268e-06,0.023616767828847193
20.3,0.007548937357477634,0.0014650181694383336,0.0007148162638591334,0.00022120540873022,0.00010772419423756971,1.0323661479332744e-05,2.561985311047407e-06,0.023441583854697544
20.35,0.007505855523485244,0.0014558465972820515,0.0007052966473709707,0.00021982603017799718,0.00010624757296796625,1.0258693840051815e-05,2.51240706386498e-06,0.0232679134539875
20.400000000000002,0.007462999060052984,0.0014467132693909888,0.000695914070940647,0.0002184516680829694,0.0001047928740365593,1.0193962996875288e-05,2.4638711857755355e-06,0.023095740818025526
20.450000000000003,0.007420367189822693,0.0014376184834040354,0.0006866664385411451,0.00021708239438591017,0.0001033597511935201,1.0129472461719757e-05,2.416354014967648e-06,0.022925050342646514
20.5,0.007377959131981473,0.0014285625246276046,0.0006775516875777326,0.00021571827848334782,0.00010194786388839064,1.0065225621838942e-05,2.3698324666637198e-06,0.02275582662502525
20.55,0.007335774102373378,0.0014195456662667119,0.0006685677883451663,0.00021435938727536533,0.00010055687717515692,1.0001225742186779e-05,2.3242840180651883e-06,0.022588054460545615
20.6,0.007293811313609776,0.0014105681696536276,0.0006597127434935282,0.0002130057852129326,9.918646161883732e-05,9.937475967757224e-06,2.279686693716426e-06,0.022421718839724682
20.650000000000002,0.007252069975178342,0.0014016302844740585,0.0006509845875025568,0.0002116575343447578,9.783629320356374e-05,9.873979325900124e-06,2.2360190512749008e-06,0.02225680494519049
20.700000000000003,0.007210549293550716,0.0013927322489908384,0.0006423813861643609,0.0002103146943636487,9.650605324213759e-05,9.81073872861267e-06,2.193260167675666e-06,0.022093298148712675
20.75,0.0071692484722888404,0.0013838742902651019,0.0006339012360743924,0.00020897732265237357,9.519542828704029e-05,9.747756974805855e-06,2.151389625678558e-06,0.021931184008284914
20.8,0.00712816671214995,0.0013750566243749137,0.0006255422641305548,0.00020764547432901265,9.390411004287819e-05,9.68503675254556e-06,2.1103875007868416e-06,0.021770448265258164
20.85,0.007087303211190278,0.001366279456631344,0.0006173026270403388,0.00020631920229179364,9.263179528024367e-05,9.622580641267887e-06,2.0702343485264625e-06,0.021611076841524024
20.900000000000002,0.007046657164867419,0.0013575429817919617,0.0006091805108358561,0.0002049985572634024,9.137818575097122e-05,9.560391113968288e-06,2.0309111920752786e-06,0.021453055836746913
20.950000000000003,0.007006227766141412,0.001348847384271737,0.0006011741303966619,0.000203683587834764,9.014298810477039e-05,9.498470539364254e-06,1.992399510232095e-06,0.021296371525644536
21.0,0.006966014205574523,0.0013401928383513424,0.0005932817289802515,0.00020237434050828797,8.892591380721592e-05,9.436821184031257e-06,1.9546812257155667e-06,0.02114101035531547
21.05,0.006926015671429732,0.0013315795083828352,0.0005855015777601126,0.00020107085974057314,8.772667905907563e-05,9.375445214511702e-06,1.9177386937833606e-06,0.020986958942613133
21.1,0.006886231349767964,0.0013230075489927269,0.00057783197537123,0.0001997731879845686,8.654500471695796e-05,9.314344699396716e-06,1.8815546911622962e-06,0.02083420407156542
21.150000000000002,0.006846660424544032,0.0013144771052824174,0.0005702712474629193,0.0001984813657311862,8.538061621525898e-05,9.253521611380537e-06,1.8461124052803952e-06,0.020682732690838784
21.200000000000003,0.00680730207770132,0.001305988313026003,0.0005628177462588907,0.00019719543155036274,8.423324348939113e-05,9.19297782928743e-06,1.8113954237921259e-06,0.02053253191124639
21.25,0.006768155489265222,0.0012975412988654518,0.000555469850124428,0.00019591542213156948,8.310262090027467e-05,9.132715140070975e-06,1.7773877243883547e-06,0.020383589003299174
21.3,0.006729219837435321,0.0012891361805031434,0.0005482259631405757,0.00019464137232376653,8.198848716007308e-05,9.072735240785654e-06,1.7440736648827766e-06,0.020235891394799223
21.35,0.006690494298676353,0.0012807730668917838,0.0005410845146852338,0.00019337331517480265,8.089058525915526e-05,9.013039740530721e-06,1.7114379735668876e-06,0.02008942666847468
21.400000000000002,0.00665197804780792,0.0012724520584216868,0.0005340439590210469,0.0001921112819702578,7.980866239426468e-05,8.953630162366242e-06,1.6794657398257274e-06,0.01994418255965528
21.450000000000003,0.006613670258092997,0.001264173247105436,0.00052710277488999,0.00019085530227172965,7.874246989787883e-05,8.894507945201374e-06,1.648142405006939e-06,0.019800146953987983
21.5,0.006575570101325224,0.0012559367167599299,0.0005202594651145467,0.00018960540395456394,7.769176316874063e-05,8.835674445654864e-06,1.6174537535358748e-06,0.019657307885191683
21.55,0.006537676747914986,0.0012477425431858152,0.0005135125562053772,0.0001883616132450288,7.665630160354392e-05,8.777130939887785e-06,1.5873859042696923e-06,0.019515653532850577
21.6,0.006499989366974326,0.0012395907943443258,0.000506860597975381,0.00018712395475693544,7.563584852975639e-05,8.718878625408645e-06,1.5579253020836456e-06,0.019375172220245318
21.650000000000002,0.006462507126400642,0.0012314815305315267,0.0005003021631600498,0.00018589245152770496,7.463017113956157e-05,8.660918622850829e-06,1.5290587096829044e-06,0.019235852412221213
21.700000000000003,0.006425229192959223,0.0012234148045499804,0.0004938358470440157,0.00018466712505388442,7.363904042490345e-05,8.603251977722557e-06,1.5007731996335196e-06,0.019097682713092937
21.75,0.006388154732364619,0.0012153906618778496,0.0004874602670937009,0.0001834479953261135,7.266223111361669e-05,8.545879662129444e-06,1.4730561466062904e-06,0.018960651864584968
21.8,0.006351282909360839,0.0012074091408354414,0.0004811740625959678,0.0001822350808635442,7.169952160662522e-05,8.48880257646974e-06,1.4458952198274785e-06,0.01882474874380711
21.85,0.006314612887800423,0.0011994702727492204,0.00047497589430268544,0.00018102839874771734,7.075069391619364e-05,8.432021551102482e-06,1.4192783757305476e-06,0.018689962361264585
21.900000000000002,0.006278143830722349,0.001191574082113292,0.00046886444408110895,0.000179827964655897,6.981553360521379e-05,8.375537347988618e-06,1.3931938508032009e-06,0.01855628185890181
21.950000000000003,0.00624187490042882,0.0011837205867483824,0.0004628384145699886,0.00017863379289386757,6.889382972751119e-05,8.319350662305323e-06,1.367630154624234e-06,0.0184236965081795
22.0,0.006205805258560928,0.0011759097979583265,0.00045689652884131567,0.00017744589642819657,6.798537476915506e-05,8.263462124033663e-06,1.342576063084843e-06,0.0182921957081843
22.05,0.006169934066173196,0.0011681417206840822,0.00045103753006761415,0.00017626428691796603,6.708996459075571e-05,8.20787229951981e-06,1.3180206117891908e-06,0.01816176898377048
22.1,0.006134260483807031,0.0011604163536552956,0.00044526018119469765,0.00017508897474597813,6.620739837073478e-05,8.152581693010003e-06,1.2939530896292241e-06,0.018032405983733003
22.150000000000002,0.0060987836715630656,0.001152733689539425,0.0004395632646197958,0.00017391996904943716,6.533747854955145e-05,8.097590748159443e-06,1.2703630325288197e-06,0.017904096479011433
22.200000000000003,0.006063502789172421,0.0011450937150884538,0.000433945581874972,0.00017275727775011333,6.448001077487038e-05,8.042899849515368e-06,1.2472402173525465e-06,0.017776830360924176
22.25,0.006028416996066892,0.0011374964112832058,0.0004284059533157454,0.00017160090758399258,6.363480384765608e-05,7.988509323974525e-06,1.2245746559744364e-06,0.017650597639432386
22.3,0.005993525451448054,0.0011299417534752865,0.0004229432178148335,0.00017045086413041633,6.280166966917842e-05,7.934419442215243e-06,1.2023565895022898e-06,0.017525388441433025
22.35,0.005958827314355332,0.0011224297115266738,0.00041755623246093865,0.00016930715184071735,6.198042318891566e-05,7.880630420104414e-06,1.1805764826532123e-06,0.017401193009080704
22.400000000000002,0.005924321743732997,0.0011149602499469745,0.00041224387226248985,0.00016816977406635468,6.117088235333917e-05,7.827142420079553e-06,1.1592250182761433e-06,0.01727800169813744
22.450000000000003,0.005890007898496137,0.0011075333280283722,0.00040700502985626736,0.00016703873308655402,6.037286805556654e-05,7.773955552506234e-06,1.1382930920173213e-06,0.017155804976350247
22.5,0.005855884937595587,0.0011001488999782903,0.00040183861522082866,0.000165914030135458,5.958620408586869e-05,7.721069877011147e-06,1.1177718071247153e-06,0.017034593421855627
22.55,0.005821952020081832,0.0010928069150497866,0.0003967435553946575,0.00016479566542879144,5.8810717083016746e-05,7.668485403791023e-06,1.0976524693875764e-06,0.016914357721610773
22.6,0.005788208305167922,0.0010855073176697148,0.000391718794198965,0.00016368363819004738,5.804623648645584e-05,7.616202094897754e-06,1.0779265822073964e-06,0.01679508866985093
22.650000000000002,0.005754652952291349,0.0010782500475646625,0.00038676329196506116,0.00016257794667619857,5.729259448929116e-05,7.564219865499885e-06,1.058585841796619e-06,0.016676777166572312
22.700000000000003,0.005721285121174953,0.0010710350398846977,0.00038187602526622733,0.00016147858820293992,5.654962599207381e-05,7.512538585120817e-06,1.039622132501615e-06,0.01655941421604024
22.75,0.005688103971886832,0.0010638622253249478,0.00037705598665401603,0.00016038555916946787,5.581716855737293e-05,7.4611580788539875e-06,1.021027522246495e-06,0.016442990925322018
22.8,0.00565510866489927,0.0010567315302450293,0.0003723021843989041,0.0001592988550828013,5.5095062365121036e-05,7.4100781285552876e-06,1.002794258094438e-06,0.01632749850284403
22.85,0.005622298361146715,0.0010496428767863624,0.00036761364223523383,0.00015821847058165075,5.4383150168720345e-05,7.359298474013028e-06,9.849147619233417e-07,0.016212928256972747
22.900000000000002,0.005589672222082783,0.0010425961829873837,0.0003629893991103655,0.00015714439945984016,5.368127725189667e-05,7.308818814095705e-06,9.673816262126395e-07,0.016099271594619054
22.950000000000003,0.005557229409736314,0.001035591362896691,0.0003584285089379779,0.00015607663468928784,5.29892913862891e-05,7.258638807877865e-06,9.50187609938267e-07,0.01598652001986557
23.0,0.005524969086766498,0.0010286283266841396,0.00035393004035544774,0.00015501516844255173,5.230704278976304e-05,7.208758075744368e-06,9.333256345728283e-07,0.01587466513261657
23.05,0.005492890416517049,0.0010217069807499145,0.0003494930764852393,0.00015395999211494465,5.163438408543428e-05,7.1591762004733034e-06,9.167887801880912e-07,0.015763698627269937
23.1,0.00546099256306949,0.0010148272278316117,0.0003451167147002441,0.00015291109634622601,5.0971170261392994e-05,7.109892728297897e-06,9.005702816570514e-07,0.01565361229141101
23.150000000000002,0.005429274691295488,0.0010079889671093403,0.00034080006639299943,0.00015186847104187436,5.031725863111492e-05,7.060907169947631e-06,8.846635249528394e-07,0.015544398004527704
23.200000000000003,0.005397735966908313,0.0010011920943088812,0.0003365422567487267,0.0001508321053939476,4.9672508794548995e-05,7.0122190016689334e-06,8.690620435418694e-07,0.01543604773674653
23.25,0.0053663755565133845,0.0009944365018029228,0.000332342424522126,0.00014980198790153605,4.903678259986986e-05,6.9638276662256745e-06,8.537595148686737e-07,0.015328553547589325
23.3,0.005335192627657937,0.000987722078710398,0.000328199721817863,0.00014877810639081387,4.84099441058837e-05,6.915732573879773e-06,8.387497569299439e-07,0.015221907584750116
23.35,0.005304186348879819,0.0009810487109939525,0.00032411331387469246,0.00014776044803469575,4.7791859545077296e-05,6.867933103352239e-06,8.240267249353931e-07,0.015116102082891868
23.400000000000002,0.005273355889755407,0.0009744162815555624,0.0003200823788531526,0.0001467489993721026,4.718239728729836e-05,6.820428602764856e-06,8.095845080530801e-07,0.015011129362462697
23.450000000000003,0.0052427004209466685,0.0009678246703303309,0.00031610610762677546,0.00014574374632684366,4.658142780405724e-05,6.77321839056288e-06,7.954173262369448e-07,0.014906981828531231
23.5,0.005212219114247379,0.0009612737543784875,0.00031218370357675464,0.00014474467422611974,4.5988823633439304e-05,6.726301756418979e-06,7.815195271343449e-07,0.01480365196964078
23.55,0.005181911142628479,0.0009547634079756125,0.00030831438239001106,0.00014375176781865334,4.54044593456173e-05,6.6796779621187024e-06,7.678855830714467e-07,0.014701132356681927
23.6,0.0051517756802826305,0.0009482935027011175,0.0003044973718606056,0.00014276501129245205,4.4828211508954345e-05,6.63334624242782e-06,7.545100881144064e-07,0.014599415641783301
23.650000000000002,0.005121811902667915,0.0009418639075249986,0.00030073191169443717,0.00014178438829220934,4.4259958656686455e-05,6.587305805941731e-06,7.41387755204297e-07,0.014498494557220097
23.700000000000003,0.005092018986550739,0.0009354744888928921,0.00029701725331717627,0.00014080988193634973,4.3699581254175586e-05,6.541555835917271e-06,7.285134133638314e-07,0.01439836191434009
23.75,0.005062396110047925,0.0009291251108094557,0.00029335265968537927,0.00013984147483372296,4.3146961666723125e-05,6.496095491087191e-06,7.158820049739707e-07,0.01429901060250684
23.8,0.005032942452668,0.0009228156349200974,0.0002897374051007288,0.00013887914909995288,4.260198412793413e-05,6.450923906457557e-06,7.034885831185529e-07,0.014200433588059702
23.85,0.0050036571953517095,0.0009165459205910822,0.00028617077502735315,0.00013792288637344698,4.206453470862351e-05,6.406040194088398e-06,6.913283089951545e-07,0.014102623913290485
23.900000000000002,0.004974539520511735,0.0009103158249880321,0.0002826520659121673,0.00013697266783107117,4.153450128625411e-05,6.36144344385781e-06,6.79396449390414e-07,0.014005574695436262
23.950000000000003,0.004945588612071649,0.0009041252031528499,0.0002791805850081907,0.00013602847420349557,4.101177351489814e-05,6.317132724209826e-06,6.676883742181253e-07,0.013909279125688252
24.0,0.004916803655504106,0.0008979739080790877,0.00027575565020078945,0.00013509028579021694,4.049624279571286e-05,6.273107082886316e-06,6.561995541184425e-07,0.013813730468216318
24.05,0.004888183837868263,0.0008918617907857822,0.00027237658983679454,0.00013415808247426217,3.998780224792149e-05,6.229365547643152e-06,6.449255581165812e-07,0.013718922059208898
24.1,0.004859728347846488,0.0008857887003897862,0.0002690427425564505,0.00013323184373657945,3.948634668029119e-05,6.185907126950961e-06,6.338620513394632e-07,0.013624847305928098
24.150000000000002,0.004831436375780294,0.0008797544841766103,0.0002657534571281439,0.00013231154867012057,3.8991772563098964e-05,6.142730810680653e-06,6.230047927887659e-07,0.0135314996857796
24.200000000000003,0.004803307113705562,0.0008737589876698054,0.00026250809228586764,0.000131397175993621,3.850397800057748e-05,6.099835570774039e-06,6.12349633168912e-07,0.01343887274539721
24.25,0.004775339755387043,0.0008678020546989051,0.00025930601656937543,0.000130488704065082,3.802286270383255e-05,6.0572203618997614e-06,6.018925127685562e-07,0.01334696009974172
24.3,0.004747533496352132,0.0008618835274659504,0.0002561466081669795,0.00012958611089495983,3.754832796422381e-05,6.014884122094795e-06,5.916294593941649e-07,0.013255755431213857
24.35,0.004719887533923962,0.0008560032466106227,0.0002530292547609515,0.0001286893741590678,3.708027662720132e-05,5.9728257733918e-06,5.815565863543433e-07,0.01316525248878113
24.400000000000002,0.0046924010672537795,0.000850161051274002,0.000249953353375478,0.00012779847121119497,3.661861306658933e-05,5.9310442224325104e-06,5.716700904935719e-07,0.013075445087118184
24.450000000000003,0.004665073297352638,0.0008443567791609756,0.0002469183102271321,0.00012691337909544713,3.616324315931022e-05,5.889538361067464e-06,5.619662502740767e-07,0.012986327105760555
24.5,0.004637903427122417,0.0008385902666013192,0.000243923540577817,0.00012603407455831484,3.571407426054069e-05,5.848307066942283e-06,5.524414239045824e-07,0.012897892488271561
24.55,0.004610890661386155,0.0008328613486094681,0.00024096846859013974,0.0001251605340604727,3.527101517929266e-05,5.807349204070731e-06,5.430920475147243e-07,0.012810135241422018
24.6,0.004584034206917739,0.0008271698589430076,0.00023805252718517788,0.00012429273378831583,3.4833976154412e-05,5.766663623394839e-06,5.339146333739518e-07,0.012723049434382697
24.650000000000002,0.004557333272470913,0.0008215156301598944,0.00023517515790259406,0.0001234306496652364,3.44028688309872e-05,5.726249163332265e-06,5.249057681537577e-07,0.012636629197929163
24.700000000000003,0.004530787068807659,0.0008158984936744359,0.00023233581076306293,0.0001225742573626466,3.39776062371614e-05,5.686104650311152e-06,5.160621112321232e-07,0.012550868723658844
24.75,0.004504394808725923,0.0008103182798120471,0.00022953394413297043,0.00012172353231075145,3.355810276134067e-05,5.646228899292719e-06,5.073803930390901e-07,0.01246576226322013
24.8,0.004478155707086711,0.0008047748178628024,0.0002267690245913464,0.00012087844970907619,3.314427412979142e-05,5.6066207142817725e-06,4.988574134423962e-07,0.012381304127553226
24.85,0.004452068980840571,0.0007992679361338087,0.0002240405267989961,0.0001200389845367532,3.2736037384620735e-05,5.56727888882542e-06,4.904900401721568e-07,0.012297488686142654
24.900000000000002,0.004426133849053439,0.0007937974620004127,0.0002213479333697898,0.00011920511156257196,3.233331086213244e-05,5.5282022065001285e-06,4.822752072835734e-07,0.012214310366281083
24.950000000000003,0.00440034953293189,0.0007883632219562666,0.00021869073474407703,0.0001183768053547971,3.193601417155269e-05,5.489389441387402e-06,4.7420991365670995e-07,0.012131763652344401
25.0,0.004374715255847781,0.0007829650416622709,0.00021606842906418948,0.00011755404029075838,3.1544068174118655e-05,5.4508393585382685e-06,4.6629122153238213e-07,0.012049843085077738
25.05,0.004349230243362291,0.0007776027459944116,0.00021348052205199562,0.00011673679056621677,3.115739496252377e-05,5.412550714426774e-06,4.5851625508323525e-07,0.01196854326089231
25.1,0.004323893723249395,0.0007722761590905151,0.00021092652688847632,0.00011592503020451143,3.0775917840713896e-05,5.374522257392731e-06,4.508821990191222e-07,0.011887858831172883
25.150000000000002,0.004298704925518737,0.0007669851043959345,0.00020840596409528328,0.00011511873306549063,3.039956130402757e-05,5.336752728073857e-06,4.43386297225897e-07,0.011807784501595692
25.200000000000003,0.004273663082437939,0.000761729404708189,0.00020591836141825,0.00011431787285423142,3.0028251019674954e-05,5.299240859827578e-06,4.360258514367833e-07,0.011728315031456544
25.25,0.004248767428554349,0.000756508882220575,0.00020346325371282148,0.00011352242312955188,2.966191380754936e-05,5.261985379142646e-06,4.2879821993548624e-07,0.011649445233009072
25.3,0.004224017200716217,0.0007513233585647634,0.00020104018283136955,0.00011273235731231937,2.9300477621365476e-05,5.224985006040756e-06,4.2170081629024126e-07,0.011571169970812834
25.35,0.004199411638093344,0.0007461726548524076,0.00019864869751236495,0.00011194764869355966,2.8943871530118992e-05,5.188238454468424e-06,4.1473110811802785e-07,0.011493484161091172
25.400000000000002,0.00417494998219716,0.000741056591715772,0.00019628835327137122,0.00011116827044236951,2.8592025699861537e-05,5.151744432679234e-06,4.0788661587817045e-07,0.011416382771098629
25.450000000000003,0.004150631476900288,0.0007359749893474047,0.00019395871229383266,0.00011039419561363735,2.8244871375785817e-05,5.115501643606674e-06,4.01164911694596e-07,0.01133986081849775
25.5,0.004126455368455565,0.0007309276675388682,0.00019165934332962512,0.0001096253971555754,2.7902340864615442e-05,5.079508785227764e-06,3.945636182060232e-07,0.011263913370745152
25.55,0.0041024209055145425,0.0007259144457185445,0.00018938982158933938,0.00010886184791706669,2.756436751729401e-05,5.043764550917602e-06,3.8808040744337734e-07,0.011188535544486603
25.6,0.004078527339145482,0.0007209351429885367,0.0001871497286422703,0.00010810352065483124,2.723088571196861e-05,5.008267629795083e-06,3.817129997337564e-07,0.011113722504961124
25.650000000000002,0.004054773922850829,0.0007159895781606759,0.00018493865231607992,0.00010735038804041395,2.6901830837262133e-05,4.973016707059887e-06,3.754591626302693e-07,0.011039469465413789
25.700000000000003,0.004031159912584191,0.0007110775697916546,0.0001827561865981088,0.00010660242266699841,2.6577139275829778e-05,4.938010464320959e-06,3.693167098671077e-07,0.010965771686517163
25.75,0.004007684566766821,0.0007061989362173023,0.00018060193153830704,0.00010585959705604983,2.6256748388194583e-05,4.90324757991663e-06,3.6328350033921875e-07,0.010892624475801225
25.8,0.003984347146303607,0.0007013534955860162,0.000178475493153757,0.00010512188366379006,2.5940596496857122e-05,4.8687267292265436e-06,3.573574371059609e-07,0.0108200231870916
25.85,0.003961146914598593,0.0006965410658913678,0.0001763764833347633,0.00010438925488750903,2.5628622870674867e-05,4.834446584975581e-06,3.5153646641815155e-07,0.010747963219956028
25.900000000000002,0.003938083137570009,0.0006917614650038947,0.00017430451975248074,0.00010366168307171449,2.5320767709506096e-05,4.800405817529892e-06,3.4581857676791565e-07,0.010676440019158826
25.950000000000003,0.003915155083664846,0.0006870145107020964,0.0001722592257680564,0.0001029391405141244,2.5016972129114087e-05,4.7666030951852445e-06,3.402017979607751e-07,0.010605449074123292
26.0,0.003892362023872959,0.0006823000207026493,0.00017024023034326003,0.00010222159947150448,2.471717814632694e-05,4.733037084447817e-06,3.346842002094254e-07,0.0105349859184019
26.05,0.0038697032317407173,0.0006776178126898519,0.00016824716795257665,0.00010150903216535411,2.442132866444849e-05,4.699706450307579e-06,3.292638932486571e-07,0.010465046129154106
26.1,0.0038471779833842133,0.0006729677043443216,0.0001662796784967391,0.00010080141078744413,2.4129367458916226e-05,4.666609856504463e-06,3.2393902547090806e-07,0.010395625326631725
26.150000000000002,0.0038247855575020175,0.0006683495133709487,0.0001643374072176736,0.0001000987075052086,2.384123916320156e-05,4.633745965787407e-06,3.1870778308192855e-07,0.010326719173671667
26.200000000000003,0.003802525235387503,0.0006637630575261281,0.00016242000461483654,9.940089446699439e-05,2.3556889254948465e-05,4.601113440166455e-06,3.1356838927606535e-07,0.01025832337519595
26.25,0.0037803963009407403,0.0006592081546442809,0.0001605271263629184,9.87079438071709e-05,2.3276264042346302e-05,4.568710941158069e-06,3.0851910343068347e-07,0.010190433677718873
26.3,0.003758398040679959,0.0006546846226636766,0.0001586584332308914,9.801982765110286e-05,2.2999310650732614e-05,4.536537130023731e-06,3.0355822031924984e-07,0.010123045868861185
26.35,0.0037365297437526083,0.0006501922796515754,0.00015681359100238,9.733651811998948e-05,2.2725977009422197e-05,4.5045906680020495e-06,2.986840693426277e-07,0.01005615577687122
26.400000000000002,0.003714790701945989,0.000645730943828697,0.00015499227039732954,9.665798733557191e-05,2.2456211838758154e-05,4.472870216534474e-06,2.9389501377812816e-07,0.00998975927015278
26.450000000000003,0.0036931802096974884,0.0006413004335930337,0.0001531941469949534,9.598420742471238e-05,2.2189964637381296e-05,4.4413744374847255e-06,2.8918945004588587e-07,0.009923852256799722
26.5,0.0036716975641044136,0.0006369005675430187,0.00015141890115793607,9.531515052384734e-05,2.1927185669714062e-05,4.410101993352124e-06,2.8456580699213704e-07,0.009858430684137115
26.55,0.003650342064933424,0.0006325311645000611,0.00014966621795787079,9.46507887833171e-05,2.1667825953655098e-05,4.379051547478888e-06,2.800225451889835e-07,0.009793490538268852
26.6,0.00362911301462959,0.0006281920435304648,0.0001479357871019129,9.399109437157528e-05,2.1411837248481135e-05,4.348221764251594e-06,2.755581562502449e-07,0.009729027843631628
26.650000000000002,0.003608009718325054,0.0006238830239667361,0.00014622730286062584,9.333603947927943e-05,2.1159172042952176e-05,4.317611309296863e-06,2.711711621630048e-07,0.00966503866255518
26.700000000000003,0.003587031483847323,0.0006196039254282986,0.00014454046399700179,9.268559632326624e-05,2.0909783543616734e-05,4.287218849671424e-06,2.6686011463446673e-07,0.009601519094828636
26.75,0.003566177621727187,0.0006153545678416238,0.00014287497369663645,9.203973715041345e-05,2.0663625663313583e-05,4.257043054046677e-06,2.626235944537503e-07,0.009538465277272963
26.8,0.003545447445206269,0.0006111347714597887,0.00014123053949903833,9.139843424139059e-05,2.042065300986649e-05,4.227082592887859e-06,2.5846021086826766e-07,0.009475873383319313
26.85,0.0035248402702442254,0.0006069443568814759,0.00013960687323005485,9.076165991430152e-05,2.018082087496886e-05,4.197336138627951e-06,2.5436860097432545e-07,0.00941373962259325
26.900000000000002,0.0035043554155255786,0.0006027831450694215,0.0001380036909353947,9.012938652822042e-05,1.9944085223254615e-05,4.167802365836404e-06,2.5034742912160434e-07,0.00935206024050474
26.950000000000003,0.003483992202466208,0.0005986509573683263,0.00013642071281522934,8.950158648662388e-05,1.9710402681552405e-05,4.138479951382826e-06,2.463953863311862e-07,0.009290831517843759
27.0,0.0034637499552194963,0.0005945476155222399,0.0001348576631598552,8.887823224072128e-05,1.9479730528319804e-05,4.109367574595752e-06,2.4251118972680106e-07,0.009230049770381516
27.05,0.003443628000682132,0.0005904729416914267,0.00013331427028639845,8.825929629268528e-05,1.9252026683254342e-05,4.08046391741651e-06,2.3869358197897045e-07,0.009169711348477112
27.1,0.0034236256684995908,0.000586426758468729,0.0001317902664765461,8.764475119878538e-05,1.9027249697078534e-05,4.051767664548455e-06,2.3494133076174707e-07,0.009109812636689626
27.150000000000002,0.0034037422910712747,0.0005824088888954311,0.00013028538791528445,8.703456957242566e-05,1.8805358741495552e-05,4.023277503601541e-06,2.3125322822174025e-07,0.009050350053395476
27.200000000000003,0.0033839772035553373,0.0005784191564766396,0.00012879937463062936,8.642872408708946e-05,1.8586313599312853e-05,3.994992125232341e-06,2.276280904591321e-07,0.008991320050411006
27.25,0.0033643297438731906,0.0005744573851961889,0.00012733197043433148,8.582718747919279e-05,1.8370074654730753e-05,3.966910223279679e-06,2.2406475702040336e-07,0.0089327191126202
27.3,0.0033447992527136905,0.0005705233995310781,0.0001258829228635393,8.522993255084829e-05,1.815660288379302e-05,3.939030494895925e-06,2.2056209040248337e-07,0.008874543757607434
27.35,0.0033253850735370308,0.0005666170244654564,0.00012445198312340585,8.46369321725423e-05,1.7945859844996902e-05,3.9113516406740776e-06,2.171189755680551e-07,0.008816790535295231
27.400000000000002,0.0033060865525783192,0.0005627380855041578,0.0001230389060306211,8.40481592857261e-05,1.773780767005956e-05,3.883872364770691e-06,2.137343194717462e-07,0.00875945602758686
27.450000000000003,0.003286903038850863,0.0005588864086858013,0.00012164344995785579,8.346358690532383e-05,1.7532409054838356e-05,3.8565913750247725e-06,2.1040705059694923e-07,0.00870253684801377
27.5,0.0032678338841491614,0.0005550618205954624,0.00012026537677910179,8.288318812215884e-05,1.732962725040236e-05,3.829507383072728e-06,2.071361185030169e-07,0.008646029641387753
27.55,0.0032488784430516034,0.0005512641483769239,0.00011890445181589248,8.230693610529982e-05,1.7129426054252305e-05,3.8026191044594367e-06,2.0392049338258605e-07,0.008589931083457736
27.6,0.003230036072922895,0.0005474932197445208,0.00011756044378439073,8.173480410432943e-05,1.6931769801686653e-05,3.7759252587455678e-06,2.0075916562879207e-07,0.008534237880571218
27.650000000000002,0.0032113061339161956,0.0005437488629945796,0.00011623312474332764,8.116676545153605e-05,1.673662335731104e-05,3.7494245696111873e-06,1.97651145412136e-07,0.008478946769340148
27.700000000000003,0.003192687988974984,0.000540030907016467,0.0001149222700427795,8.060279356403119e-05,1.6543952106688714e-05,3.7231157649557716e-06,1.945954622667796e-07,0.008424054516311287
27.75,0.003174181003834659,0.0005363391813032537,0.00011362765827376827,8.004286194579396e-05,1.635372194812956e-05,3.696997576994694e-06,1.915911646860438e-07,0.008369557917640909
27.8,0.003155784547023866,0.0005326735159620014,0.00011234907121867167,7.948694418964393e-05,1.616589928461522e-05,3.671068742352263e-06,1.8863731972689256e-07,0.008315453798773811
27.85,0.0031374979898655753,0.0005290337417236838,0.0001110862938024305,7.893501397914487e-05,1.5980451015858147e-05,3.6453280021514073e-06,1.857330126231949e-07,0.008261739014126582
27.900000000000002,0.0031193207064778945,0.000525419689952745,0.00010983911404453833,7.838704509043984e-05,1.5797344530492035e-05,3.619774102100062e-06,1.8287734640755293e-07,0.008208410446774988
27.950000000000003,0.0031012520737746315,0.0005218311926563069,0.0001086073230118016,7.784301139402e-05,1.5616547698391568e-05,3.5944057925743537e-06,1.8006944154149854e-07,0.008155465008145471
28.0,0.003083291471465615,0.0005182680824930328,0.00010739071477185718,7.73028868564284e-05,1.5438028863119174e-05,3.569221828698645e-06,1.7730843555386164e-07,0.008102899637710732
28.05,0.0030654382820567614,0.0005147301927816517,0.00010618908634743399,7.676664554189998e-05,1.526175683449655e-05,3.544220970422507e-06,1.745934826871169e-07,0.00805071130268918
28.1,0.003047691890849918,0.000511217357509156,0.00010500223767134796,7.623426161393997e-05,1.5087700881298985e-05,3.5194019825947225e-06,1.7192375355152618e-07,0.007998896997748408
28.150000000000002,0.0030300516859424584,0.0005077294113386742,0.00010382997154221613,7.570570933684119e-05,1.4915830724070139e-05,3.4947636350343466e-06,1.6929843478689016e-07,0.007947453744712455
28.200000000000003,0.0030125170582266537,0.0005042661896170304,0.00010267209358087936,7.518096307714231e-05,1.4746116528055377e-05,3.470304702598922e-06,1.667167287317343e-07,0.00789637859227285
28.25,0.0029950874013888167,0.0005008275283819942,0.0001015284121875214,7.465999730502837e-05,1.4578528896251563e-05,3.4460239652499117e-06,1.6417785309975578e-07,0.007845668615703415
28.3,0.0029777621119082194,0.0004974132643692297,0.00010039873849947237,7.41427865956745e-05,1.4413038862571258e-05,3.421920208115401e-06,1.61681040663361e-07,0.00779532091657872
28.35,0.002960540589055802,0.0004940232350189511,9.928288634968649e-05,7.362930563053486e-05,1.4249617885119533e-05,3.397992221550166e-06,1.5922553894413192e-07,0.007745332622496178
28.400000000000002,0.0029434222348926585,0.0004906572784822893,9.81806722258813e-05,7.31195291985774e-05,1.4088237839581229e-05,3.374238801193132e-06,1.5681060991005672e-07,0.007695700886801673
28.450000000000003,0.0029264064542683143,0.000487315233627377,9.709191523032844e-05,7.261343219746616e-05,1.3928871012716947e-05,3.3506587480223073e-06,1.5443552967937104e-07,0.007646422888318708
28.5,0.0029094926548188004,0.00048399694004515965,9.601643704028508e-05,7.211098963469217e-05,1.3771490095965844e-05,3.327250868407255e-06,1.5209958823085542e-07,0.007597495831081009
28.55,0.0028926802469645173,0.00048070223805493666,9.495406186905466e-05,7.16121766286542e-05,1.3616068179153351e-05,3.304013974159144e-06,1.4980208912043942e-07,0.007548916944068506
28.6,0.002875968643907912,0.00047743096870964195,9.390461642766801e-05,7.111696840969074e-05,1.346257874430218e-05,3.2809468825784704e-06,1.475423492039696e-07,0.0075006834809466915
28.650000000000002,0.0028593572616309477,0.0004741829738008658,9.286792988717262e-05,7.062534032106404e-05,1.3310995659544639e-05,3.258048416500464e-06,1.4531969836599536e-07,0.007452792719809255
28.700000000000003,0.0028428455188923892,0.00047095809586362764,9.184383384152165e-05,7.013726781989766e-05,1.3161293173134676e-05,3.235317404338272e-06,1.4313347925443687e-07,0.0074052419629239705
28.75,0.002826432837224898,0.00046775617818090357,9.083216227105192e-05,6.96527264780685e-05,1.3013445907557903e-05,3.212752680123958e-06,1.4098304702099924e-07,0.007358028536481774
28.8,0.0028101186409319402,0.00046457706478791427,8.983275150654108e-05,6.917169198305441e-05,1.2867428853737862e-05,3.1903530835473643e-06,1.3886776906720037e-07,0.007311149790348989
28.85,0.002793902357084522,0.00046142060047618135,8.884544019383534e-05,6.869414013873872e-05,1.2723217365337057e-05,3.1681174599929184e-06,1.3678702479588576e-07,0.007264603097822681
28.900000000000002,0.0027777834155177394,0.00045828663079735383,8.787006925903688e-05,6.822004686617233e-05,1.2580787153150925e-05,3.146044660574398e-06,1.3474020536810191e-07,0.007218385855389016
28.950000000000003,0.0027617612488271565,0.00045517500206681286,8.690648187424287e-05,6.77493882042947e-05,1.24401142795933e-05,3.1241335421677284e-06,1.327267134652078e-07,0.007172495482484672
29.0,0.002745835292365017,0.0004520855613670596,8.595452342382651e-05,6.728214031061474e-05,1.2301175153271786e-05,3.1023829674418635e-06,1.3074596305610463e-07,0.007126929421261192
29.05,0.002730004984236281,0.00044901815655088947,8.5014041471251e-05,6.68182794618523e-05,1.2163946523651434e-05,3.080791804887776e-06,1.2879737916946594e-07,0.007081685136352253
29.1,0.0027142697652945084,0.0004459726362443622,8.408488572640843e-05,6.635778205454186e-05,1.2028405475805381e-05,3.059358928845643e-06,1.268803976708566e-07,0.007036760114643824
29.150000000000002,0.0026986290791375734,0.0004429488498495671,8.316690801347377e-05,6.590062460559862e-05,1.189452942525076e-05,3.0380832195302295e-06,1.249944650446266e-07,0.006992151865047153
29.200000000000003,0.0026830823721032252,0.00043994664754719293,8.225996223926647e-05,6.544678375284849e-05,1.17622961128686e-05,3.016963563054547e-06,1.2313903818047316e-07,0.006947857918274535
29.25,0.002667629093264496,0.0004369658802989049,8.136390436211083e-05,6.499623625552266e-05,1.1631683599906217e-05,2.99599885145182e-06,1.21313584164565e-07,0.006903875826617841
29.3,0.00265226869442495,0.00043400639984953344,8.047859236118685e-05,6.454895899471753e-05,1.1502670263060653e-05,2.975187982695802e-06,1.195175800751245e-07,0.00686020316372973
29.35,0.0026370006301138014,0.00043106805872908204,7.960388620636418e-05,6.410492897382145e-05,1.1375234789641946e-05,2.9545298607194983e-06,1.1775051278236954e-07,0.006816837524407581
29.400000000000002,0.0026218243575808703,0.00042815071025455436,7.873964782851026e-05,6.366412331890825e-05,1.1249356172814656e-05,2.934023395432305e-06,1.160118787527121e-07,0.0067737765243799965
29.450000000000003,0.002606739336791407,0.0004252542085316086,7.788574109026552e-05,6.322651927909917e-05,1.112501370691649e-05,2.913667502735648e-06,1.1430118385712136e-07,0.006731017800095935
29.5,0.002591745030420776,0.00042237840845604205,7.704203175727788e-05,6.279209422689367e-05,1.1002186982852654e-05,2.8934611045371305e-06,1.1261794318355641e-07,0.006688559008516382
29.55,0.0025768409038489986,0.0004195231657151093,7.620838746988854e-05,6.236082565846978e-05,1.0880855883564612e-05,2.873403128763233e-06,1.1096168085337674e-07,0.00664639782690852
29.6,0.002562026425155176,0.00041668833678868127,7.538467771526274e-05,6.193269119395539e-05,1.076100057957213e-05,2.8534925093706236e-06,1.0933192984164145e-07,0.006604531952642427
29.650000000000002,0.002547301065111768,0.000413873778950245,7.45707737999568e-05,6.150766857767043e-05,1.0642601524587182e-05,2.833728186356087e-06,1.0772823180120775e-07,0.0065629591029901495
29.700000000000003,0.0025326642971787547,0.00041107935026775145,7.376654882291533e-05,6.10857356783414e-05,1.0525639451198625e-05,2.8141091057651344e-06,1.0615013689054827e-07,0.006521677014927252
29.75,0.0025181155974976703,0.000408304909604314,7.297187764889131e-05,6.066687048928851e-05,1.0410095366626422e-05,2.7946342196993134e-06,1.0459720360519975e-07,0.006480683444936681
29.8,0.002503654444885512,0.0004055503166187608,7.21866368822816e-05,6.025105112858646e-05,1.0295950548544199e-05,2.7753024863222586e-06,1.0306899861276284e-07,0.006439976168814995
29.85,0.0024892803208285403,0.00040281543176604756,7.141070484137221e-05,5.983825583919955e-05,1.0183186540969079e-05,2.756112869864528e-06,1.0156509659137553e-07,0.006399552981480901
29.900000000000002,0.0024749927094759555,0.0004001001162975301,7.06439615329853e-05,5.942846298909154e-05,1.0071785150217524e-05,2.737064340627239e-06,1.0008508007158087e-07,0.006359411696786055
29.950000000000003,0.0024607910976334603,0.00039740423226110447,6.98862886275224e-05,5.9021651071311254e-05,9.96172844092618e-06,2.7181558749845486e-06,9.862853928151363e-08,0.006319550147328102
30.0,0.0024466749747567183,0.00039472764250121547,6.913756943439682e-05,5.861779870405451e-05,9.852998732136594e-06,2.699386455385011e-06,9.719507199533253e-08,0.00627996618426592
30.05,0.002432643832944696,0.00039207021065873796,6.839768887784892e-05,5.82168846307028e-05,9.745578593442682e-06,2.680755070351835e-06,9.578428338482602e-08,0.006240657677137034
30.1,0.002418697166932908,0.0003894318011707356,6.766653347313856e-05,5.781888771983984e-05,9.639450841200024e-06,2.662260714482095e-06,9.439578587412166e-08,0.006201622513677207
30.150000000000002,0.0024048344740865545,0.00038681227927009766,6.694399130310773e-05,5.7423786965246104e-05,9.534598534795772e-06,2.6439023884448896e-06,9.302919899742858e-08,0.006162858599642092
30.200000000000003,0.002391055254393558,0.0003842115109850596,6.622995199510793e-05,5.703156148587225e-05,9.43100497297829e-06,2.6256790989785076e-06,9.168414925974762e-08,0.006124363858631012
30.25,0.0023773590104575037,0.0003816293631386094,6.552430669828625e-05,5.6642190525792006e-05,9.328653690245464e-06,2.60758985888662e-06,9.036027000048314e-08,0.006086136231912777
30.3,0.0023637452474904817,0.00037906570334778273,6.482694806122397e-05,5.625565345413486e-05,9.227528453290674e-06,2.5896336870335197e-06,8.905720125989175e-08,0.006048173678253514
30.35,0.0023502134733058423,0.0003765204000228518,6.413777020992274e-05,5.5871929764999686e-05,9.12761325750557e-06,2.571809608338452e-06,8.777458964830682e-08,0.006010474173746523
30.400000000000002,0.002336763198310853,0.0003739933223664077,6.345666872613168e-05,5.5490999077349157e-05,9.028892323538546e-06,2.554116653769046e-06,8.651208821807607e-08,0.005973035711644088
30.450000000000003,0.002323393935499271,0.00037148434037234207,6.278354062601065e-05,5.511284113488599e-05,8.931350093908106e-06,2.5365538603338846e-06,8.526935633815369e-08,0.005935856302191207
30.5,0.0023101052004438293,0.00036899332482472996,6.211828433912389e-05,5.473743580591142e-05,8.834971229670134e-06,2.519120271074234e-06,8.404605957128839e-08,0.005898933972461281
30.55,0.002296896511288635,0.0003665201472966155,6.146079968775858e-05,5.436476308316628e-05,8.739740607138187e-06,2.501814935054956e-06,8.284186955374996e-08,0.005862266766193646
30.6,0.0022837673887414933,0.0003640646801487063,6.081098786656357e-05,5.399480308365557e-05,8.645643314655958e-06,2.484636907354643e-06,8.165646387754015e-08,0.005825852743633002
30.650000000000002,0.0022707173560661464,0.0003616267965279754,6.016875142250238e-05,5.362753604845655e-05,8.552664649420965e-06,2.4675852490549738e-06,8.048952597503156e-08,0.005789689981370656
30.700000000000003,0.002257745939074434,0.00035920637036617636,5.9533994235115855e-05,5.326294234251117e-05,8.46079011435868e-06,2.450659027229333e-06,7.934074500598299e-08,0.005753776572187585
30.75,0.0022448526661183834,0.00035680327637827296,5.890662149708945e-05,5.2901002454403245e-05,8.370005415046224e-06,2.4338573149307156e-06,7.82098157468791e-08,0.005718110624899275
30.8,0.0022320370680822196,0.00035441739006078515,5.8286539695119796e-05,5.2541696996120674e-05,8.280296456684771e-06,2.4171791911789267e-06,7.709643848254254e-08,0.005682690264202331
30.85,0.0022192986783743135,0.0003520485876900567,5.7673656591076514e-05,5.218500670280358e-05,8.191649341119972e-06,2.400623740947121e-06,7.600031889997157e-08,0.0056475136305228196
30.900000000000002,0.0022066370329190525,0.00034969674632044325,5.7067881203453585e-05,5.1830912432478236e-05,8.10405036390943e-06,2.384190055147675e-06,7.492116798435239e-08,0.005612578879866328
30.950000000000003,0.002194051670148647,0.00034736174378242565,5.646912378910625e-05,5.147939516577772e-05,8.017486011436565e-06,2.3678772306174366e-06,7.385870191719971e-08,0.005577884183669696
31.0,0.0021815421309948745,0.00034504345868065033,5.5877295825268606e-05,5.113043600564946e-05,7.93194295807007e-06,2.3516843701023624e-06,7.281264197658012e-08,0.005543427728654445
31.05,0.0021691079588807534,0.00034274177039189793,5.529230999184722e-05,5.078401617705008e-05,7.847408063368147e-06,2.335610582241559e-06,7.178271443937209e-08,0.005509207716681814
31.1,0.002156748699712166,0.00034045655906298503,5.471408015398687e-05,5.044011702662825e-05,7.763868369326898e-06,2.3196549815507638e-06,7.076865048551962e-08,0.0054752223646094555
31.150000000000002,0.002144463901869411,0.00033818770560859796,5.4142521344903254e-05,5.009872002239544e-05,7.681311097672005e-06,2.3038166884052606e-06,6.97701861042354e-08,0.005441469904149696
31.200000000000003,0.0021322531161987062,0.00033593509170906297,5.357754974897897e-05,4.975980675338546e-05,7.5997236471930636e-06,2.2880948290222714e-06,6.878706200211223e-08,0.005407948581729398
31.25,0.002120115896003634,0.00033369859980805425,5.3019082685118337e-05,4.942335892930284e-05,7.519093591119852e-06,2.272488535442831e-06,6.781902351310111e-08,0.005374656658351375
31.3,0.0021080517970365263,0.0003314781131102413,5.246703859035666e-05,4.9089358380160506e-05,7.4394086745398e-06,2.256996945513157e-06,6.686582051031589e-08,0.005341592409457323
31.35,0.00209606037748981,0.00032927351557887944,5.192133700372056e-05,4.8757787055907326e-05,7.360656811856073e-06,2.241619202865555e-06,6.592720731962585e-08,0.005308754124792302
31.400000000000002,0.0020841411979872905,0.0003270846919333428,5.138189855033438e-05,4.842862702604548e-05,7.2828260842854706e-06,2.226354456898846e-06,6.50029426349966e-08,0.0052761401082706836
31.450000000000003,0.002072293821575392,0.00032491152764660387,5.084864492576947e-05,4.810186047923834e-05,7.205904737395582e-06,2.211201862758355e-06,6.409278943554286e-08,0.005243748677843589
31.5,0.0020605178137143507,0.0003227539089426603,5.032149888063219e-05,4.777746972290908e-05,7.129881178680517e-06,2.196160581315471e-06,6.319651490425611e-08,0.005211578165367772
31.55,0.0020488127422693576,0.0003206117227939111,4.9800384205386585e-05,4.745543718283023e-05,7.0547439751745484e-06,2.1812297791467854e-06,6.23138903483708e-08,0.005179626916475949
31.6,0.002037178177501668,0.00031848485691848496,4.928522571540865e-05,4.7135745402704854e-05,6.980481851103127e-06,2.16640862851284e-06,6.144469112133533e-08,0.00514789329044854
31.650000000000002,0.0020256136920596577,0.00031637319977752054,4.877594923626761e-05,4.6818377043739144e-05,6.9070836855705355e-06,2.151696307336488e-06,6.058869654635226e-08,0.0051163756600868145
31.700000000000003,0.0020141188609698463,0.00031427664057240176,4.827248158923123e-05,4.650331488420722e-05,6.834538510283675e-06,2.1370919991808857e-06,5.974568984145487e-08,0.00508507241158741
31.75,0.0020026932616278776,0.0003121950692419501,4.777475057699134e-05,4.6190541819008195e-05,6.7628355073113515e-06,2.122594893227133e-06,5.891545804608765e-08,0.005053981944418219
31.8,0.001991336473789463,0.00031012837645957354,4.728268496960595e-05,4.588004085921571e-05,6.6919640068784525e-06,2.1082041842515653e-06,5.8097791949157914e-08,0.005023102671195609
31.85,0.001980048079561293,0.00030807645363037714,4.679621449065493e-05,4.5571795131620635e-05,6.621913485194531e-06,2.0939190726027314e-06,5.72924860185285e-08,0.0049924330175629954
31.900000000000002,0.001968827663391909,0.00030603919288823303,4.6315269803605245e-05,4.526578787826666e-05,6.552673562316118e-06,2.079738764178049e-06,5.649933833191969e-08,0.004961971422070693
31.950000000000003,0.001957674812062544,0.000304016487092814,4.583978249838288e-05,4.496200245597948e-05,6.48423400004229e-06,2.065662470400162e-06,5.571815050919144e-08,0.004931716336057081
32.0,0.0019465891146779354,0.0003020082298265912,4.5369685078148e-05,4.466042233588971e-05,6.416584699842921e-06,2.051689408193013e-06,5.494872764597638e-08,0.00490166622353104
32.050000000000004,0.001935570162657099,0.00030001431539179675,4.49049109462699e-05,4.4361031102949586e-05,6.349715700819064e-06,2.0378187999576333e-06,5.419087824863479e-08,0.004871819561055632
32.1,0.0019246175497240885,0.00029803463880735584,4.4445394393499364e-05,4.406381245544425e-05,6.283617177695028e-06,2.024049873547688e-06,5.344441417050461e-08,0.004842174837633061
32.15,0.0019137308718987101,0.00029606909580578343,4.399107058533385e-05,4.376875020449705e-05,6.218279438841453e-06,2.010381862244744e-06,5.27091505494174e-08,0.004812730554590819
32.2,0.0019029097274872245,0.00029411758283005423,4.3541875549574e-05,4.347582827356989e-05,6.153692924329076e-06,1.9968140047333184e-06,5.19849057464556e-08,0.004783485225469061
32.25,0.0018921537170730242,0.0002921799970304431,4.309774616406771e-05,4.318503069795858e-05,6.089848204012594e-06,1.9833455450756994e-06,5.127150128592403e-08,0.004754437375909202
32.300000000000004,0.0018814624435072732,0.0002902562362613359,4.2658620144638194e-05,4.289634162428293e-05,6.026735975644054e-06,1.9699757326865294e-06,5.056876179650921e-08,0.004725585543543629
32.35,0.001870835511899547,0.0002883461990780173,4.2224436033194686e-05,4.2609745309972875e-05,5.9643470630155015e-06,1.9567038223072116e-06,4.9876514953604046e-08,0.0046969282778866715
32.4,0.0018602725296084286,0.00028644978473343056,4.179513318602107e-05,4.232522612274962e-05,5.902672414130151e-06,1.9435290739800912e-06,4.919459142277043e-08,0.004668464140226623
32.45,0.0018497731062321015,0.0002845668931749153,4.13706517622411e-05,4.2042768540103026e-05,5.841703099401837e-06,1.9304507530224696e-06,4.8522824804318466e-08,0.004640191703518969
32.5,0.0018393368535989227,0.00028269742504092313,4.09509327124568e-05,4.176235714876506e-05,5.781430309882189e-06,1.917468130000442e-06,4.78610515789779e-08,0.00461210955228073
32.550000000000004,0.0018289633857579645,0.0002808412816577089,4.053591776755682e-05,4.148397664417907e-05,5.721845355515005e-06,1.9045804807025523e-06,4.720911105463815e-08,0.004584216282485868
32.6,0.0018186523189695632,0.00027899836503600574,4.01255494276934e-05,4.1207611829966147e-05,5.66293966341759e-06,1.8917870861133173e-06,4.6566845314136994e-08,0.0045565105014618475
32.65,0.0018084032716958298,0.0002771685778676767,3.971977095142362e-05,4.09332476173875e-05,5.604704776188368e-06,1.8790872323865755e-06,4.593409916407312e-08,0.004528990827787217
32.7,0.001798215864591162,0.0002753518235223512,3.931852634501381e-05,4.06608690248041e-05,5.547132350240555e-06,1.866480210818715e-06,4.5310720084623605e-08,0.004501655891190307
32.75,0.0017880897204927452,0.0002735480060440437,3.892176035190386e-05,4.0390461177133284e-05,5.490214154161385e-06,1.8539653178217736e-06,4.469655818034459e-08,0.004474504332448961
32.800000000000004,0.0017780244644110248,0.0002717570301477544,3.852941844232845e-05,4.012200930530225e-05,5.433942067096391e-06,1.8415418548963972e-06,4.4091466131933995e-08,0.004447534803291296
32.85,0.0017680197235201928,0.00026997880121605784,3.8141446803094177e-05,3.9855498745699414e-05,5.378308077158545e-06,1.829209128604713e-06,4.349529914893812e-08,0.00442074596629752
32.9,0.0017580751271486406,0.00026821322529567453,3.7757792327508255e-05,3.959091493962278e-05,5.3233042798616175e-06,1.8169664505430699e-06,4.2907914923380323e-08,0.004394136494802722
32.95,0.0017481903067694208,0.0002664602090940309,3.737840260545805e-05,3.9328243432726424e-05,5.268922876577545e-06,1.8048131373146992e-06,4.23291735842948e-08,0.004367705072800704
33.0,0.0017383648959906999,0.00026471965997580747,3.700322591363833e-05,3.906746987446477e-05,5.215156173017369e-06,1.7927485105022867e-06,4.175893765314576e-08,0.004341450394848801
33.050000000000004,0.001728598530546191,0.00026299148595947325,3.663221120592347e-05,3.880858001753458e-05,5.161996577735261e-06,1.7807718966404447e-06,4.1197072000113176e-08,0.0043153711659736325
33.1,0.001718890848285603,0.0002612755957138129,3.626530810388365e-05,3.855155971731569e-05,5.109436600655469e-06,1.768882627188132e-06,4.064344380122894e-08,0.004289466101577882
33.15,0.0017092414891650642,0.0002595718985544409,3.590246688744125e-05,3.829639493130944e-05,5.0574688516215935e-06,1.7570800385009864e-06,4.009792249634382e-08,0.004263733927347987
33.2,0.0016996500952375553,0.00025788030444030927,3.554363848566643e-05,3.804307171857601e-05,5.006086038968003e-06,1.7453634718036081e-06,3.9560379747910005e-08,0.004238173379162782
33.25,0.001690116310643343,0.0002562007239702071,3.51887744677094e-05,3.7791576239170405e-05,4.95528096811298e-06,1.7337322731617887e-06,3.9030689400561766e-08,0.004212783203003102
33.300000000000004,0.0016806397816003958,0.00025453306837925065,3.483782703386649e-05,3.75418947535767e-05,4.9050465401731576e-06,1.7221857934546774e-06,3.850872744147658e-08,0.0041875621548622425
33.35,0.0016712201563948198,0.00025287724953537054,3.449074900677944e-05,3.729401362214188e-05,4.855375750599102e-06,1.7107233883469298e-06,3.799437196150354e-08,0.004162509000657399
33.4,0.0016618570853712763,0.0002512331799357896,3.414749382276413e-05,3.704791930450797e-05,4.8062616878314675e-06,1.6993444182607978e-06,3.748750311704103e-08,0.004137622516141945
33.45,0.0016525502209234133,0.00024960077270349813,3.380801552326811e-05,3.680359835904387e-05,4.757697531977601e-06,1.6880482483482039e-06,3.6988003092648706e-08,0.004112901486818637
33.5,0.0016432992174842975,0.0002479799415837251,3.347226874645432e-05,3.656103744227627e-05,4.709676553508169e-06,1.6768342484627895e-06,3.6495756064379884e-08,0.004088344707853684
33.550000000000004,0.0016341037315168382,0.0002463706009404031,3.314020871890866e-05,3.63202233083197e-05,4.662192111973431e-06,1.6657017931319366e-06,3.601064816381822e-08,0.004063950983991661
33.6,0.0016249634215042335,0.0002447726657526342,3.281179124747058e-05,3.6081142808306646e-05,4.615237654739022e-06,1.6546502615287954e-06,3.5532567442805626e-08,0.004039719129471321
33.65,0.0016158779479404015,0.00024318605161114995,3.2486972711183444e-05,3.584378288981661e-05,4.568806715740714e-06,1.6436790374442808e-06,3.506140383884629e-08,0.004015647967942203
33.7,0.0016068469733204296,0.0002416106747147722,3.2165710053363885e-05,3.5608130596305405e-05,4.5228929142580425e-06,1.6327875092590849e-06,3.4597049141173864e-08,0.0039917363323821115
33.75,0.0015978701621310305,0.00024004645186687297,3.1847960773787936e-05,3.537417306653419e-05,4.477489953706408e-06,1.62197506991569e-06,3.413939695746819e-08,0.003967983065015417
33.800000000000004,0.001588947180840992,0.00023849330047183147,3.15336829209916e-05,3.514189753399812e-05,4.432591620447309e-06,1.6112411168903756e-06,3.3688342681207534e-08,0.003944387017232144
33.85,0.0015800776978916525,0.00023695113853149503,3.122283508468524e-05,3.491129132635557e-05,4.388191782616575e-06,1.6005850521652601e-06,3.3243783459645046e-08,0.003920947049507906
33.9,0.0015712613836873675,0.00023541988464163737,3.09153763882787e-05,3.468234186485695e-05,4.344284388970121e-06,1.5900062822003374e-06,3.2805618162395135e-08,0.003897662031324592
33.95,0.0015624979105859959,0.0002338994579884204,3.061126648151649e-05,3.4455036663774137e-05,4.300863467747098e-06,1.5795042179055494e-06,3.2373747350618725e-08,0.0038745308410918773
34.0,0.0015537869528893975,0.000232389778344858,3.0310465533220977e-05,3.422936332983018e-05,4.257923125550115e-06,1.5690782746128863e-06,3.194807324679504e-08,0.003851552366069504
34.050000000000004,0.0015451281868339277,0.00023089076606728004,3.0012934224141413e-05,3.4005309561629135e-05,4.215457546242187e-06,1.5587278720485004e-06,3.1528499705067075e-08,0.0038287255022903025
34.1,0.0015365212905809617,0.0002294023420918026,2.971863373990827e-05,3.378286314908688e-05,4.1734609898602956e-06,1.548452434304876e-06,3.111493218215088e-08,0.003806049154484017
34.15,0.0015279659442074126,0.0002279244279307985,2.942752576408997e-05,3.356201197286203e-05,4.131927791545132e-06,1.5382513898130181e-06,3.0707277708795725e-08,0.0037835222360018354
34.2,0.001519461829696273,0.0002264569456693737,2.9139572471351492e-05,3.3342744003787825e-05,4.0908523604869e-06,1.5281241713146947e-06,3.030544486178522e-08,0.0037611436687416994
34.25,0.001511008630927171,0.00022499981796184835,2.8854736520712846e-05,3.3125047302304826e-05,4.050229178886877e-06,1.5180702158347274e-06,2.990934373646825e-08,0.0037389123830743353
34.300000000000004,0.0015026060336669265,0.00022355296802824043,2.8572981048905508e-05,3.2908910017894066e-05,4.010052800934416e-06,1.5080889646533157e-06,2.9518885919808404e-08,0.003716827317769987
34.35,0.0014942537255601403,0.00022211631965075792,2.8294269663826273e-05,3.26943203885116e-05,3.970317851799301e-06,1.4981798632784356e-06,2.913398446394272e-08,0.003694887419925913
34.4,0.0014859513961197795,0.00022068979717029352,2.8018566438085867e-05,3.248126674002358e-05,3.931019026639032e-06,1.4883423614182721e-06,2.875455386023829e-08,0.0036730916448945404
34.45,0.0014776987367177915,0.00021927332548292772,2.7745835902651828e-05,3.2269737485642635e-05,3.892151089620947e-06,1.4785759129537288e-06,2.8380510013838004e-08,0.003651438956212351
34.5,0.0014694954405757325,0.00021786683003643825,2.7476043040583815e-05,3.2059721125365435e-05,3.8537088729589015e-06,1.4688799759109995e-06,2.801177021868498e-08,0.003629928325529463
34.550000000000004,0.001461341202755401,0.00021647023682681472,2.7209153280859562e-05,3.185120624541109e-05,3.815687275964206e-06,1.4592540124341863e-06,2.7648253133015687e-08,0.003608558732539862
34.6,0.0014532357201495064,0.00021508347239478326,2.6945132492291024e-05,3.164418151766125e-05,3.7780812641107446e-06,1.4496974887580154e-06,2.7289878755313922e-08,0.0035873291649123605
34.65,0.0014451786914723378,0.0002137064638223362,2.6683946977528198e-05,3.14386356991011e-05,3.7408858681138866e-06,1.4402098751805992e-06,2.6936568400714627e-08,0.003566238618222168
34.7,0.0014371698172504614,0.00021233913872927172,2.6425563467150233e-05,3.123455763126196e-05,3.7040961830231084e-06,1.4307906460362846e-06,2.6588244677850303e-08,0.00354528609588317
34.75,0.0014292087998134377,0.00021098142526974176,2.6169949113842094e-05,3.103193623966538e-05,3.6677073673280578e-06,1.421439279668584e-06,2.624483146612992e-08,0.0035244706090808444
34.800000000000004,0.0014212953432845453,0.0002096332521288069,2.591707148665512e-05,3.083076053326836e-05,3.631714642077798e-06,1.4121552584031702e-06,2.590625389344247e-08,0.0035037911767058063
34.85,0.001413429153571542,0.00020829454851900315,2.5666898565351115e-05,3.063101960391062e-05,3.5961132900131505e-06,1.4029380685209703e-06,2.5572438314277205e-08,0.003483246825288025
34.9,0.0014056099383574292,0.0002069652441769153,2.5419398734827598e-05,3.043270262576295e-05,3.5608986547117843e-06,1.3937872002313283e-06,2.5243312288250388e-08,0.003462836588931644
34.95,0.0013978374070912469,0.00020564526935976178,2.5174540779623863e-05,3.023579885477753e-05,3.5260661397459807e-06,1.3847021476452694e-06,2.491880455903325e-08,0.0034425595092504356
35.0,0.0013901112709788909,0.00020433455484198968,2.4932293878506292e-05,3.0040297628139948e-05,3.491611207852815e-06,1.3756824087488476e-06,2.459884503367108e-08,0.003422414635303896
35.050000000000004,0.0013824312429739393,0.00020303303191187796,2.469262759913133e-05,2.9846188363722662e-05,3.4575293801165168e-06,1.3667274853765763e-06,2.4283364762286368e-08,0.0034024010235338942
35.1,0.0013747970377685182,0.00020174063236815424,2.445551189278582e-05,2.965346055954065e-05,3.423816235162949e-06,1.3578368831849719e-06,2.3972295918159352e-08,0.003382517737701998
35.15,0.0013672083717841722,0.0002004572885166194,2.4220917089202527e-05,2.9462103793208505e-05,3.3904674083658605e-06,1.3490101116261704e-06,2.36655717781768e-08,0.0033627638488273326
35.2,0.0013596649631627698,0.00019918293316678528,2.3988813891450466e-05,2.9272107721399634e-05,3.3574785910648543e-06,1.3402466839216573e-06,2.336312670364363e-08,0.0033431384351250665
35.25,0.00135216653175743,0.0001979174996285237,2.375917337089868e-05,2.9083462079307413e-05,3.3248455297948415e-06,1.3315461170360959e-06,2.306489612144909e-08,0.0033236405819454845
35.300000000000004,0.001344712799123464,0.00019666092170872514,2.353196696225192e-05,2.8896156680108e-05,3.2925640255267515e-06,1.3229079316512433e-06,2.277081650558046e-08,0.0033042693817136024
35.35,0.001337303488509354,0.00019541313370797188,2.3307166458658034e-05,2.8710181414425533e-05,3.2606299329194474e-06,1.31433165213999e-06,2.2480825358978557e-08,0.0032850239338694017
35.4,0.001329938324847742,0.00019417407041722075,2.3084744006884938e-05,2.852552624979897e-05,3.2290391595825293e-06,1.305816806540484e-06,2.2194861195727056e-08,0.0032659033448085833
35.45,0.0013226170347464537,0.0001929436671144996,2.2864672102566977e-05,2.8342181230151248e-05,3.1977876653499675e-06,1.297362926530372e-06,2.1912863523570237e-08,0.003246906727823913
35.5,0.0013153393464795464,0.00019172185956161633,2.2646923585519275e-05,2.816013647526054e-05,3.1668714615643618e-06,1.288969547401152e-06,2.1634772826752e-08,0.003228033203047111
35.550000000000004,0.001308104989978373,0.00019050858400087886,2.2431471635118735e-05,2.7979382180233374e-05,3.1362866103716097e-06,1.2806362080326215e-06,2.1360530549169944e-08,0.003209281897391273
35.6,0.0013009136968226847,0.00018930377715183053,2.2218289765751473e-05,2.7799908614980295e-05,3.1060292240259367e-06,1.2723624508674467e-06,2.109007907783897e-08,0.0031906519444938573
35.65,0.0012937652002317475,0.00018810737620799582,2.2007351822324743e-05,2.762170612369335e-05,3.0760954642049965e-06,1.2641478218858385e-06,2.0823361726657614e-08,0.0031721424846601833
35.7,0.001286659235055492,0.00018691931883364112,2.1798631975843172e-05,2.7444765124326018e-05,3.046481541334996e-06,1.2559918705803506e-06,2.0560322720472017e-08,0.003153752664807471
35.75,0.0012795955377656921,0.00018573954316054885,2.159210471904798e-05,2.726907610807541e-05,3.0171837139256403e-06,1.2478941499307825e-06,2.030090717943093e-08,0.0031354816384094124
35.800000000000004,0.0012725738464471584,0.00018456798778480337,2.1387744862118007e-05,2.709462963886648e-05,2.988198287914715e-06,1.2398542163791943e-06,2.0045061103626525e-08,0.003117328565441233
35.85,0.0012655939007889757,0.0001834045917635931,2.1185527528432298e-05,2.6921416352838896e-05,2.959521616022252e-06,1.231871629805055e-06,1.979273135801603e-08,0.0030992926123253007
35.9,0.0012586554420757515,0.000182249294612024,2.0985428150392476e-05,2.6749426957835864e-05,2.9311500971140133e-06,1.2239459535004887e-06,1.9543865657617533e-08,0.0030813729518772083
35.95,0.0012517582131789022,0.0001811020362999488,2.078742246530471e-05,2.657865223289556e-05,2.90308017557425e-06,1.2160767541456546e-06,1.92984125529758e-08,0.0030635687632523754
36.0,0.0012449019585479687,0.00017996275724881,2.0591486511320122e-05,2.6409083027744908e-05,2.8753083406875515e-06,1.208263601784243e-06,1.9056321415892266e-08,0.003045879231893157
36.050000000000004,0.0012380864242019477,0.000178831398328496,2.039759662343244e-05,2.62407102622955e-05,2.8478311260296073e-06,1.2005060697990814e-06,1.881754242541412e-08,0.003028303549476401
36.1,0.001231311357720669,0.0001777079008542136,2.0205729429532754e-05,2.6073524926142297e-05,2.820645108866846e-06,1.192803734887882e-06,1.8582026554078158e-08,0.003010840913861547
36.15,0.0012245765082361845,0.00017659220658337277,2.0015861846519712e-05,2.5907518078064384e-05,2.793746909564692e-06,1.1851561770390906e-06,1.834972555440339e-08,0.002993490529039154
36.2,0.0012178816264241973,0.00017548425771248764,1.9827971076464972e-05,2.5742680845528412e-05,2.76713319100441e-06,1.1775629795078717e-06,1.812059194562861e-08,0.0029762516050799324
36.25,0.0012112264644955199,0.00017438399687409216,1.9642034602832826e-05,2.5579004424194494e-05,2.7408006580083663e-06,1.1700237287922167e-06,1.789457900068988e-08,0.002959123358084248
36.300000000000004,0.0012046107761875505,0.00017329136713366898,1.945803018675295e-05,2.5416480077424346e-05,2.7147460567735366e-06,1.1625380146091674e-06,1.7671640733433016e-08,0.0029421050101320653
36.35,0.0011980343167557954,0.00017220631198659574,1.9275935863346096e-05,2.5255099135792265e-05,2.688966174313235e-06,1.1551054298711775e-06,1.7451731886057218e-08,0.0029251957892333816
36.4,0.0011914968429654056,0.00017112877535510374,1.909572993810118e-05,2.5094852996598276e-05,2.6634578379068193e-06,1.1477255706625882e-06,1.723480791678472e-08,0.0029083949292790885
36.45,0.0011849981130827535,0.0001700587015852536,1.891739098330367e-05,2.4935733123384e-05,2.6382179145573515e-06,1.140398036216237e-06,1.702082498775289e-08,0.002891701669992307
36.5,0.0011785378868670391,0.0001689960354439259,1.8740897834514197e-05,2.477773104545108e-05,2.6132433104570476e-06,1.1331224288901931e-06,1.680973995312389e-08,0.0028751152568801588
36.550000000000004,0.0011721159255619177,0.00016794072211582554,1.8566229587096426e-05,2.4620838357381917e-05,2.5885309704603673e-06,1.125898354144612e-06,1.6601510347407855e-08,0.0028586349411859648
36.6,0.001165731991887172,0.0001668927072005038,1.8393365592794097e-05,2.4465046718563277e-05,2.5640778775647154e-06,1.1187254205187322e-06,1.639609437399612e-08,0.0028422599798419127
36.65,0.0011593858500304006,0.00016585193670939344,1.8222285456355703e-05,2.4310347852712156e-05,2.539881052398532e-06,1.1116032396079857e-06,1.619345089389965e-08,0.0028259896354221174
36.7,0.0011530772656387484,0.00016481835706286084,1.805296903220678e-05,2.415673354740442e-05,2.5159375527167463e-06,1.1045314260412463e-06,1.5993539414689404e-08,0.0028098231760961393
36.75,0.0011468060058106647,0.0001637919150872736,1.788539642116881e-05,2.4004195653606027e-05,2.492244472903454e-06,1.0975095974582044e-06,1.5796320079634475e-08,0.0027937598755829163
36.800000000000004,0.001140571839087687,0.00016277255801208228,1.7719547967223803e-05,2.3852726085206633e-05,2.468798943481661e-06,1.0905373744868636e-06,1.5601753657034177e-08,0.002777799013105101
36.85,0.0011343745354462675,0.00016176023346691992,1.755540425432454e-05,2.370231681855611e-05,2.4455981306300885e-06,1.083614380721182e-06,1.540980152974102e-08,0.002761939873343836
36.9,0.0011282138662896176,0.0001607548894787151,1.7392946103249023e-05,2.355295989200334e-05,2.4226392357068147e-06,1.0767402426988292e-06,1.5220425684870246e-08,0.0027461817463939136
36.95,0.0011220896044395949,0.00015975647446882205,1.7232154568499066e-05,2.3404647405437854e-05,2.3999194947797466e-06,1.0699145898790785e-06,1.503358870369265e-08,0.002730523927719363
37.0,0.0011160015241286193,0.00015876493725016679,1.7073010935242214e-05,2.3257371519834056e-05,2.3774361781637777e-06,1.0631370546208343e-06,1.4849253751707432e-08,0.002714965718109428
37.050000000000004,0.0011099494009916145,0.00015778022702440722,1.691549671629603e-05,2.311112445679788e-05,2.3551865899644998e-06,1.0564072721607758e-06,1.4667384568891246e-08,0.0026995064236349374
37.1,0.0011039330120579934,0.00015680229337911153,1.6759593649154764e-05,2.2965898498116377e-05,2.3331680676284526e-06,1.049724880591648e-06,1.4487945460120716e-08,0.002684145355605086
37.15,0.0010979521357436625,0.0001558310862849501,1.6605283693057044e-05,2.282168598530961e-05,2.3113779814997144e-06,1.0430895208406687e-06,1.4310901285764503e-08,0.0026688818305245806
37.2,0.0010920065518430682,0.00015486655609290486,1.6452549026094608e-05,2.2678479319185402e-05,2.2898137343828192e-06,1.0365008366480744e-06,1.4136217452442321e-08,0.0026537151700511924
37.25,0.0010860960415212742,0.00015390865353149437,1.630137204236118e-05,2.25362709593967e-05,2.2684727611118708e-06,1.0299584745457986e-06,1.3963859903947518e-08,0.0026386447009536843
37.300000000000004,0.0010802203873060637,0.00015295732970401364,1.6151735349140752e-05,2.2395053424001383e-05,2.2473525281257344e-06,1.0234620838362682e-06,1.3793795112329819e-08,0.002623669755070103
37.35,0.0010743793730800869,0.0001520125360857917,1.600362176413517e-05,2.2254819289025e-05,2.2264505330492874e-06,1.017011316571348e-06,1.3625990069136067e-08,0.0026087896692664715
37.4,0.0010685727840730273,0.00015107422452146325,1.5857014312729842e-05,2.211556118802585e-05,2.205764304280546e-06,1.0106058275314005e-06,1.346041227680511e-08,0.002594003785395819
37.45,0.0010628004068538109,0.00015014234722225754,1.5711896225297547e-05,2.1977271811662906e-05,2.185291400583661e-06,1.0042452742044826e-06,1.3297029740214134e-08,0.0025793114502576002
37.5,0.0010570620293228466,0.00014921685676330324,1.5568250934539526e-05,2.183994390726636e-05,2.165029410687658e-06,9.979293167656774e-07,1.3135810958374533e-08,0.002564712015557477
37.550000000000004,0.0010513574407042924,0.00014829770608094787,1.5426062072863157e-05,2.170357027841061e-05,2.144975952890809e-06,9.916576180565462e-07,1.2976724916273405e-08,0.002550204837867436
37.6,0.001045686431538366,0.00014738484847009529,1.528531346979617e-05,2.1568143784490195e-05,2.125128674670627e-06,9.854298435647216e-07,1.2819741076858258e-08,0.0025357892785862943
37.65,0.0010400487936736758,0.00014647823758155706,1.5145989149436245e-05,2.1433657340298048e-05,2.105485252299308e-06,9.79245661403619e-07,1.266482937316241e-08,0.0025214647039005214
37.7,0.001034444320259596,0.00014557782741942112,1.5008073327935984e-05,2.13001039156066e-05,2.0860433904646137e-06,9.731047422922879e-07,1.2511960200568621e-08,0.002507230484745439
37.75,0.00102887280573867,0.00014468357233843646,1.487155041102257e-05,2.116747653475149e-05,2.0668008218960865e-06,9.67006759535391e-07,1.2361104409208159e-08,0.0024930859967667537
37.800000000000004,0.0010233340458390427,0.0001437954270414123,1.4736404991551363e-05,2.103576827621773e-05,2.0477553069964834e-06,9.609513890033053e-07,1.2212233296492533e-08,0.002479030620282419
37.85,0.001017827837566938,0.00014291334657663525,1.4602621847093467e-05,2.0904972272228763e-05,2.0289046334784257e-06,9.549383091123669e-07,1.2065318599776181e-08,0.0024650637402448584
37.9,0.0010123539791991542,0.00014203728633530044,1.4470185937556161e-05,2.0775081708337884e-05,2.0102466160061045e-06,9.4896720080523e-07,1.1920332489146782e-08,0.002451184746203504
37.95,0.001006912270275605,0.0001411672020489598,1.433908240283622e-05,2.0646089823022428e-05,1.991779095842032e-06,9.430377475313628e-07,1.177724756034159e-08,0.0024373930322676694
38.0,0.0010015025115918908,0.00014030304978698613,1.4209296560505437e-05,2.0517989907280614e-05,1.9734999404987377e-06,9.371496352276731e-07,1.1636036827787087e-08,0.0024236879970697626
38.050000000000004,0.000996124505191897,0.0001394447859540519,1.4080813903527705e-05,2.039077530423078e-05,1.9554070433953096e-06,9.313025522992567e-07,1.1496673717759586e-08,0.0024100690437288026
38.1,0.0009907780543604364,0.00013859236728762579,1.3953620098007656e-05,2.0264439408713514e-05,1.9374983235187747e-06,9.254961896002827e-07,1.1359132061664996e-08,0.0023965355798142803
38.15,0.0009854629636159152,0.00013774575085548287,1.3827700980969852e-05,2.01389756668961e-05,1.919771725090168e-06,9.197302404149937e-07,1.1223386089434918e-08,0.0023830870173103154
38.2,0.0009801790387030376,0.0001369048940532322,1.370304255816854e-05,2.0014377575879747e-05,1.902225217235287e-06,9.140044004388457e-07,1.1089410423037658e-08,0.002369722772580138
38.25,0.0009749260865855459,0.0001360697546018599,1.3579631001927336e-05,1.9890638683309396e-05,1.8848567936600316e-06,9.083183677597711e-07,1.0957180070101353e-08,0.002356442266330895
38.300000000000004,0.0009697039154389859,0.0001352402905452868,1.3457452649008257e-05,1.976775258698595e-05,1.8676644723302442e-06,9.026718428395617e-07,1.0826670417647585e-08,0.0023432449235787334
38.35,0.0009645123346435173,0.0001344164602479436,1.3336493998510066e-05,1.964571293448131e-05,1.8506462951560402e-06,8.970645284953929e-07,1.0697857225933581e-08,0.0023301301736142277
38.400000000000006,0.0009593511547767445,0.00013359822239235978,1.321674170979503e-05,1.952451342275573e-05,1.8338003276804865e-06,8.914961298814573e-07,1.0570716622400299e-08,0.0023170974499680703
38.45,0.0009542201876065948,0.00013278553597677,1.3098182600444167e-05,1.9404147797778e-05,1.8171246587726436e-06,8.859663544707388e-07,1.0445225095725297e-08,0.0023041461903771025
38.5,0.0009491192460842175,0.00013197836031273423,1.2980803644240094e-05,1.9284609854147915e-05,1.8006174003248322e-06,8.804749120368983e-07,1.032135948997786e-08,0.0022912758367506026
38.550000000000004,0.0009440481443369239,0.00013117665502277476,1.2864591969177472e-05,1.9165893434721486e-05,1.784276686954121e-06,8.750215146362959e-07,1.0199096998875045e-08,0.0022784858351368956
38.6,0.000939006697661162,0.00013038038003802856,1.2749534855500487e-05,1.9047992430238662e-05,1.7681006757079483e-06,8.69605876590134e-07,1.0078415160136313e-08,0.0022657756356902503
38.650000000000006,0.0009339947225155162,0.00012958949559591407,1.2635619733766814e-05,1.8930900778953435e-05,1.752087545773798e-06,8.642277144667176e-07,9.959291849935041e-09,0.002253144692638044
38.7,0.0009290120365137521,0.00012880396223781496,1.2522834182938105e-05,1.881461246626671e-05,1.7362354981929226e-06,8.588867470638502e-07,9.841705277445763e-09,0.002240592464248246
38.75,0.0009240584584178834,0.00012802374080677763,1.2411165928496104e-05,1.8699121524361444e-05,1.7205427555779889e-06,8.535826953913423e-07,9.725633979484322e-09,0.0022281184127971496
38.800000000000004,0.0009191338081312798,0.00012724879244522524,1.2300602840584452e-05,1.858442203184045e-05,1.7050075618346436e-06,8.48315282653648e-07,9.611056815239976e-09,0.002215722004537404
38.85,0.0009142379066918085,0.0001264790785926869,1.2191132932175642e-05,1.8470508113366718e-05,1.6896281818869197e-06,8.43084234232625e-07,9.497952961097972e-09,0.002203402709666331
38.900000000000006,0.0009093705762650015,0.00012571456098354095,1.2082744357262589e-05,1.835737393930603e-05,1.6744029014064075e-06,8.378892776704109e-07,9.38630190555019e-09,0.0021911600022944855
38.95,0.0009045316401372672,0.00012495520164477526,1.1975425409074891e-05,1.824501372537233e-05,1.659330026545185e-06,8.327301426524285e-07,9.276083444192974e-09,0.00217899336041452
39.0,0.0008997209227091248,0.0001242009628937607,1.1869164518318925e-05,1.8133421732275293e-05,1.6444078836723879e-06,8.276065609905012e-07,9.167277674810073e-09,0.0021669022658702994
39.050000000000004,0.0008949382494884793,0.00012345180733604105,1.1763950251441837e-05,1.802259226537055e-05,1.6296348191144289e-06,8.225182666060989e-07,9.059864992539494e-09,0.0021548862043262867
39.1,0.0008901834470839289,0.00012270769786313783,1.165977130891894e-05,1.7912519674312325e-05,1.6150091988987798e-06,8.174649955137053e-07,8.953826085122695e-09,0.0021429446652372025
39.150000000000006,0.0008854563431981,0.00012196859765036895,1.1556616523564022e-05,1.7803198352708382e-05,1.60052940850125e-06,8.124464858042831e-07,8.849141928234246e-09,0.0021310771418179245
39.2,0.0008807567666210245,0.0001212344701546839,1.1454474858862598e-05,1.769462273777764e-05,1.5861938525967609e-06,8.074624776288864e-07,8.745793780891142e-09,0.0021192831310136713
39.25,0.0008760845472235409,0.00012050527911251229,1.135333540732738e-05,1.758678731000995e-05,1.5720009548135023e-06,8.025127131823823e-07,8.643763180939944e-09,0.0021075621334704217
39.300000000000004,0.0008714395159507349,0.0001197809885376281,1.1253187388875959e-05,1.7479686592828473e-05,1.5579491574904779e-06,7.975969366872755e-07,8.543031940620267e-09,0.0020959136535056004
39.35,0.0008668215048154137,0.0001190615627190288,1.1154020149230283e-05,1.7373315152254433e-05,1.5440369214383613e-06,7.927148943776695e-07,8.44358214220353e-09,0.0020843371990790145
39.400000000000006,0.0008622303468916054,0.00011834696621882791,1.1055823158337444e-05,1.7267667596574114e-05,1.5302627257036038e-06,7.878663344833307e-07,8.34539613370542e-09,0.00207283228176403
39.45,0.0008576658763081025,0.00011763716387016399,1.095858600881184e-05,1.7162738576008474e-05,1.5166250673357888e-06,7.830510072138793e-07,8.248456524670876e-09,0.002061398416719012
39.5,0.0008531279282420283,0.00011693212077512239,1.0862298414398002e-05,1.705852278238489e-05,1.5031224611581323e-06,7.782686647430827e-07,8.152746182030059e-09,0.002050035122658986
39.550000000000004,0.0008486163389124421,0.0001162318023026727,1.0766950208454102e-05,1.695501494881141e-05,1.4897534395411292e-06,7.735190611932832e-07,8.058248226024548e-09,0.0020387419218275667
39.6,0.0008441309455739779,0.00011553617408662046,1.0672531342455756e-05,1.6852209849353376e-05,1.4765165521792829e-06,7.68801952619925e-07,7.96494602620185e-09,0.0020275183399691104
39.650000000000006,0.0008396715865105087,0.00011484520202357242,1.0579031884519654e-05,1.6750102298712196e-05,1.4634103658708518e-06,7.641170969961867e-07,7.872823197477194e-09,0.002016363906301107
39.7,0.0008352381010288544,0.00011415885227091745,1.0486442017947112e-05,1.66486871519067e-05,1.450433464300619e-06,7.594642541977554e-07,7.781863596262073e-09,0.0020052781534868167
39.75,0.0008308303294525111,0.00011347709124482028,1.0394752039786834e-05,1.6547959303956563e-05,1.4375844478255836e-06,7.548431859876892e-07,7.692051316657312e-09,0.001994260617608126
39.800000000000004,0.0008264481131154207,0.00011279988561823034,1.0303952359416966e-05,1.64479136895682e-05,1.424861933263579e-06,7.502536560013995e-07,7.603370686710188e-09,0.0019833108381386447
39.85,0.0008220912943557721,0.00011212720231890477,1.021403349714601e-05,1.634854528282292e-05,1.4122645536847572e-06,7.456954297317492e-07,7.51580626473436e-09,0.001972428357917036
39.900000000000006,0.0008177597165098293,0.00011145900852744449,1.0124986082832238e-05,1.6249849096867256e-05,1.3997909582058787e-06,7.411682745142524e-07,7.429342835691189e-09,0.001961612723120553
39.95,0.0008134532239058006,0.00011079527167534563,1.0036800854521639e-05,1.615182018360574e-05,1.387439811787414e-06,7.366719595123971e-07,7.34396540763186e-09,0.0019508634832388289
40.0,0.0008091716618577312,0.00011013595944306355,9.949468657103753e-06,1.6054453633395752e-05,1.3752097950333628e-06,7.322062557030639e-07,7.259659208198736e-09,0.001940180191047859
40.050000000000004,0.0008049148766594343,0.00010948103975809152,9.862980440985492e-06,1.595774457474473e-05,1.3630996039937938e-06,7.277709358620616e-07,7.176409681185168e-09,0.0019295624025842282
40.1,0.0008006827155784536,0.00010883048079305329,9.777327260782513e-06,1.5861688174009636e-05,1.3511079499700522e-06,7.233657745497747e-07,7.094202483152788e-09,0.0019190096771195472
40.150000000000006,0.0007964750268500529,0.00010818425096380833,9.692500274027827e-06,1.5766279635098478e-05,1.3392335593225755e-06,7.189905480969084e-07,7.0130234801049585e-09,0.0019085215771350965
40.2,0.0007922916596712459,0.00010754231892757219,9.60849073989768e-06,1.5671514199174277e-05,1.3274751732813262e-06,7.146450345903522e-07,6.932858744215714e-09,0.001898097668296705
40.25,0.000788132464194849,0.00010690465358104895,9.525290017954084e-06,1.557738714436101e-05,1.315831547758751e-06,7.103290138591409e-07,6.85369455061305e-09,0.0018877375194298169
40.300000000000004,0.0007839972915235725,0.00010627122405857821,9.442889566904114e-06,1.5483893785451867e-05,1.3043014531652723e-06,7.060422674605285e-07,6.775517374215619e-09,0.0018774407024947878
40.35,0.0007798859937041429,0.00010564199973029537,9.361280943375567e-06,1.53910294736197e-05,1.2928836742272613e-06,7.01784578666165e-07,6.698313886621899e-09,0.0018672067925623848
40.400000000000006,0.0007757984237214513,0.00010501695020030447,9.280455800708662e-06,1.5298789596129496e-05,1.281577009807439e-06,6.975557324483749e-07,6.622070953050936e-09,0.0018570353677894824
40.45,0.0007717344354927424,0.00010439604530486558,9.200405887763839e-06,1.5207169576053181e-05,1.270380272727711e-06,6.933555154665503e-07,6.546775629333778e-09,0.0018469260093949807
40.5,0.0007676938838618254,0.00010377925511059419,9.121123047745095e-06,1.5116164871986383e-05,1.2592922895943523e-06,6.891837160536336e-07,6.4724151589545585e-09,0.0018368783016359095
40.550000000000004,0.000763676624593323,0.00010316654991267445,9.042599217038914e-06,1.5025770977767445e-05,1.2483119006255535e-06,6.850401242027141e-07,6.3989769701406006e-09,0.001826891831783743
40.6,0.0007596825143669517,0.00010255790023308567,8.964826424068465e-06,1.493598342219855e-05,1.2374379594812714e-06,6.809245315537255e-07,6.326448673000535e-09,0.0018169661901009158
40.650000000000006,0.0007557114107718265,0.00010195327681884086,8.887796788162742e-06,1.4846797768768814e-05,1.2266693330953408e-06,6.768367313802381e-07,6.254818056709464e-09,0.001807100969817522
40.7,0.000751763172300807,0.00010135265064023947,8.811502518440719e-06,1.475820961537967e-05,1.2160049015098535e-06,6.727765185763609e-07,6.1840730867406425e-09,0.001797295767108229
40.75,0.0007478376583448642,0.00010075599288913176,8.735935912709974e-06,1.4670214594072127e-05,1.2054435577117237e-06,6.687436896437439e-07,6.114201902142753e-09,0.0017875501810693667
40.800000000000004,0.0007439347291874857,0.00010016327497719684,8.661089356379859e-06,1.4582808370756222e-05,1.1949842074714505e-06,6.647380426786742e-07,6.04519281286182e-09,0.0017778638136962202
40.85,0.0007400542459991104,9.957446853423331e-05,8.586955321388901e-06,1.4495986644942531e-05,1.1846257691840266e-06,6.607593773592722e-07,5.977034297107128e-09,0.0017682362698605112
40.900000000000006,0.0007361960708315888,9.89895454064618e-05,8.513526365146136e-06,1.4409745149475584e-05,1.1743671737119536e-06,6.568074949327929e-07,5.909714998760395e-09,0.001758667157288059
40.95,0.0007323600666126825,9.840847765484131e-05,8.440795129486432e-06,1.43240796502695e-05,1.164207364230366e-06,6.52882198203023e-07,5.843223724827481e-09,0.0017491560865366422
41.0,0.000728546097140586,9.783123755339679e-05,8.368754339639317e-06,1.4238985946045452e-05,1.154145296074192e-06,6.489832915177714e-07,5.777549442931679e-09,0.0017397026709740308
41.050000000000004,0.0007247540270784837,9.725779758756e-05,8.297396803211356e-06,1.415445986807125e-05,1.1441799365873602e-06,6.451105807564622e-07,5.712681278848109e-09,0.0017303065267562081
41.1,0.0007209837219491386,9.668813045252268e-05,8.226715409181811e-06,1.4070497279902922e-05,1.1343102649740056e-06,6.412638733178194e-07,5.6486085140783724e-09,0.0017209672728057835
41.150000000000006,0.0007172350481295044,9.612220905160121e-05,8.156703126911283e-06,1.3987094077128154e-05,1.1245352721516355e-06,6.374429781076526e-07,5.5853205834648495e-09,0.0017116845307905612
41.2,0.0007135078728453769,9.556000649461473e-05,8.087353005163407e-06,1.3904246187111866e-05,1.114853960606262e-06,6.336477055267351e-07,5.5228070728438745e-09,0.0017024579251023154
41.25,0.000709802064166067,9.50014960962741e-05,8.018658171139141e-06,1.3821949568743565e-05,1.1052653442494293e-06,6.29877867458769e-07,5.4610577167369825e-09,0.0016932870828357189
41.300000000000004,0.0007061174909991092,9.44466513745838e-05,7.950611829523692e-06,1.374020021218677e-05,1.0957684482771478e-06,6.261332772584588e-07,5.4000623960800486e-09,0.0016841716337674584
41.35,0.0007024540230849995,9.389544604925581e-05,7.883207261545827e-06,1.3658994138630348e-05,1.0863623090306904e-06,6.224137497396703e-07,5.339811135989213e-09,0.0016751112103355257
41.400000000000006,0.0006988115309919581,9.334785404013455e-05,7.816437824049301e-06,1.3578327400041659e-05,1.0770459738592146e-06,6.187191011636786e-07,5.280294103562934e-09,0.0016661054476186684
41.45,0.0006951898861107295,9.280384946563497e-05,7.750296948576461e-06,1.3498196078921783e-05,1.0678185009842167e-06,6.150491492275173e-07,5.221501605719975e-09,0.001657153983316026
41.5,0.0006915889606494048,9.226340664119108e-05,7.68477814046359e-06,1.341859628806245e-05,1.0586789593657509e-06,6.114037130524108e-07,5.163424087072296e-09,0.00164825645772692
41.550000000000004,0.0006880086276282776,9.17265000777171e-05,7.6198749779480466e-06,1.3339524170304992e-05,1.0496264285704259e-06,6.077826131723022e-07,5.106052127832421e-09,0.0016394125137308218
41.6,0.0006844487608747303,9.119310448008018e-05,7.555581111286967e-06,1.3260975898301128e-05,1.0406599986411366e-06,6.04185671522472e-07,5.049376441754685e-09,0.0016306217967674873
41.650000000000006,0.0006809092350181438,9.066319474558384e-05,7.491890261887257e-06,1.3182947674275523e-05,1.031778769968496e-06,6.006127114282396e-07,4.993387874109704e-09,0.0016218839548172424
41.7,0.0006773899254848436,9.013674596246417e-05,7.428796221446961e-06,1.3105435729790339e-05,1.0229818531639751e-06,5.970635575937657e-07,4.938077399691662e-09,0.0016131986383814475
41.75,0.000673890708493069,8.961373340839617e-05,7.366292851107572e-06,1.3028436325511455e-05,1.0142683689346884e-06,5.935380360909309e-07,4.883436120857611e-09,0.001604565500463114
41.800000000000004,0.0006704114610479738,8.90941325490123e-05,7.304374080617366e-06,1.2951945750976623e-05,1.0056374479598348e-06,5.900359743483082e-07,4.829455265598407e-09,0.001595984196547679
41.85,0.0006669520609366576,8.85779190364322e-05,7.243033907505509e-06,1.287596032436542e-05,9.97088230768757e-07,5.865572011402258e-07,4.776126185640789e-09,0.0015874543845839505
41.900000000000006,0.0006635123867232201,8.80650687078029e-05,7.182266396266714e-06,1.2800476392270893e-05,9.88619867620584e-07,5.831015465759083e-07,4.723440354579945e-09,0.0015789757249651908
41.95,0.0006600923177438514,8.755555758385128e-05,7.122065677556513e-06,1.272549032947315e-05,9.80231518385468e-07,5.796688420887119e-07,4.671389366042037e-09,0.0015705478805103775
42.0,0.0006566917341019435,8.70493618674464e-05,7.06242594739674e-06,1.2650998538714553e-05,9.719223524273522e-07,5.762589204254389e-07,4.619964931876209e-09,0.0015621705164455954
42.050000000000004,0.0006533105166632343,8.654645794217362e-05,7.003341466391303e-06,1.2576997450476784e-05,9.63691548488286e-07,5.728716156357421e-07,4.5691588803757476e-09,0.0015538433003856006
42.1,0.0006499485470509814,8.604682237091964e-05,6.944806558952021e-06,1.2503483522759658e-05,9.555382945742447e-07,5.695067630616114e-07,4.518963154527571e-09,0.0015455659023155292
42.150000000000006,0.0006466057076411571,8.555043189446752e-05,6.8868156125343e-06,1.243045324086156e-05,9.474617878424291e-07,5.66164199326941e-07,4.469369810289729e-09,0.0015373379945727483
42.2,0.0006432818815576804,8.50572634301037e-05,6.8293630768827215e-06,1.2357903117161762e-05,9.394612344900492e-07,5.628437623271859e-07,4.420371014896625e-09,0.0015291592518288722
42.25,0.0006399769526676684,8.456729407023455e-05,6.772443463286172e-06,1.228582969090431e-05,9.315358496445371e-07,5.595452912190946e-07,4.371959045191081e-09,0.0015210293510719082
42.300000000000004,0.000636690805576721,8.408050108101427e-05,6.716051343842571e-06,1.221422952798369e-05,9.236848572552015e-07,5.562686264105283e-07,4.324126285983221e-09,0.0015129479715885615
42.35,0.0006334233256242327,8.359686190098334e-05,6.660181350733001e-06,1.2143099220732196e-05,9.159074899862869e-07,5.530136095503614e-07,4.276865228435472e-09,0.0015049147949466833
42.400000000000006,0.0006301743988787276,8.311635413971677e-05,6.6048281755050215e-06,1.2072435387708878e-05,9.082029891114116e-07,5.497800835184579e-07,4.230168468473134e-09,0.0014969295049778529
42.45,0.0006269439121332288,8.263895557648378e-05,6.54998656836525e-06,1.2002234673490289e-05,9.005706044093909e-07,5.465678924157344e-07,4.184028705220465e-09,0.001488991787760116
42.5,0.0006237317529006475,8.216464415891677e-05,6.49565133748084e-06,1.1932493748462748e-05,8.930095940613934e-07,5.433768815542971e-07,4.138438739461459e-09,0.0014811013316008528
42.550000000000004,0.0006205378094092047,8.169339800169133e-05,6.4418173482899315e-06,1.186320930861634e-05,8.855192245494398e-07,5.40206897447662e-07,4.093391472125132e-09,0.0014732578270197892
42.6,0.0006173619705978793,8.122519538521633e-05,6.388479522820884e-06,1.1794378075340541e-05,8.780987705562155e-07,5.370577878010523e-07,4.048879902794866e-09,0.0014654609667321536
42.650000000000006,0.0006142041261118792,8.076001475433357e-05,6.335632839020086e-06,1.1725996795221368e-05,8.707475148661679e-07,5.339294015017711e-07,4.004897128241305e-09,0.0014577104456319585
42.7,0.0006110641662981453,8.029783471702844e-05,6.283272330088416e-06,1.165806223984028e-05,8.63464748267896e-07,5.308215886096572e-07,3.9614363409785995e-09,0.001450005960775431
42.75,0.0006079419822008759,7.983863404314958e-05,6.231393083826022e-06,1.1590571205574528e-05,8.562497694577829e-07,5.277342003476111e-07,3.918490827843358e-09,0.0014423472113645655
42.800000000000004,0.0006048374655570821,7.938239166313917e-05,6.179990241985485e-06,1.1523520513399192e-05,8.491018849448837e-07,5.246670890922019e-07,3.876053968596128e-09,0.0014347338987308193
42.85,0.0006017505087921696,7.892908666677302e-05,6.129058999633178e-06,1.1456907008690778e-05,8.420204089570367e-07,5.216201083643491e-07,3.834119234545013e-09,0.001427165726318944
42.900000000000006,0.000598681005015542,7.847869830190983e-05,6.07859460451864e-06,1.1390727561032288e-05,8.350046633481742e-07,5.185931128200763e-07,3.792680187190854e-09,0.0014196423996709327
42.95,0.0005956288480162378,7.803120597325115e-05,6.0285923564520505e-06,1.1324979064019985e-05,8.280539775068395e-07,5.155859582413445e-07,3.751730476893857e-09,0.0014121636264101153
43.0,0.0005925939322585862,7.758658924110999e-05,5.979047606689449e-06,1.1259658435071553e-05,8.211676882658652e-07,5.125985015269546e-07,3.7112638415612046e-09,0.0014047291162253704
43.050000000000004,0.0005895761528778935,7.714482782018971e-05,5.9299557573258115e-06,1.1194762615235872e-05,8.143451398132205e-07,5.096306006835275e-07,3.671274105355319e-09,0.0013973385808554717
43.1,0.0005865754056761552,7.670590157837236e-05,5.881312260695776e-06,1.113028856900432e-05,8.075856836040028e-07,5.06682114816555e-07,3.631755177422386e-09,0.00138999173407356
43.150000000000006,0.0005835915871177901,7.626979053551593e-05,5.833112618781861e-06,1.106623328412348e-05,8.008886782735467e-07,5.037529041215213e-07,3.5927010506408463e-09,0.0013826882916717384
43.2,0.0005806245943254054,7.583647486226181e-05,5.785352382630253e-06,1.1002593771409488e-05,7.94253489551662e-07,5.008428298751016e-07,3.554105800389551e-09,0.0013754279714457973
43.25,0.0005776743250755819,7.54059348788508e-05,5.738027151773836e-06,1.0939367064563716e-05,7.876794901779529e-07,4.979517544264255e-07,3.5159635833351163e-09,0.0013682104931800564
43.300000000000004,0.0005747406777946884,7.497815105394875e-05,5.691132573662561e-06,1.087655021999003e-05,7.811660598182297e-07,4.950795411884171e-07,3.4782686362384317e-09,0.0013610355786323333
43.35,0.0005718235515547214,7.45531040034817e-05,5.64466434310097e-06,1.0814140316613495e-05,7.747125849819906e-07,4.922260546292025e-07,3.4410152747797072e-09,0.001353902951519038
43.400000000000006,0.0005689228460691656,7.413077448947926e-05,5.5986182016927225e-06,1.0752134455700468e-05,7.68318458940944e-07,4.893911602635836e-07,3.4041978924017865e-09,0.001346812337500374
43.45,0.000566038461688886,7.371114341892805e-05,5.5529899372921944e-06,1.0690529760680232e-05,7.619830816485865e-07,4.865747246445887e-07,3.3678109591717307e-09,0.0013397634641656774
43.5,0.0005631702993980383,7.329419184263328e-05,5.5077753834628546e-06,1.0629323376967952e-05,7.557058596607902e-07,4.837766153550873e-07,3.331849020660037e-09,0.001332756061018855
43.550000000000004,0.0005603182608100088,7.287990095408986e-05,5.4629704189425e-06,1.0568512471789132e-05,7.494862060574113e-07,4.809967009994722e-07,3.2963066968372885e-09,0.001325789859463955
43.6,0.0005574822481633782,7.246825208836223e-05,5.418570967115177e-06,1.0508094234005471e-05,7.433235403648958e-07,4.782348511954114e-07,3.2611786809880474e-09,0.0013188645927908488
43.650000000000006,0.0005546621643179066,7.205922672097257e-05,5.374572995489661e-06,1.0448065873942044e-05,7.372172884798597e-07,4.754909365656649e-07,3.2264597386415553e-09,0.0013119799961610228
43.7,0.0005518579127505484,7.165280646679856e-05,5.330972515184536e-06,1.0388424623215988e-05,7.311668825936531e-07,4.727648287299728e-07,3.192144706519123e-09,0.001305135806593494
43.75,0.0005490693975514859,7.124897307897889e-05,5.287765580419622e-06,1.032916773456645e-05,7.251717611178685e-07,4.7005640029700213e-07,3.1582284914977874e-09,0.0012983317629508306
43.800000000000004,0.0005462965234201907,7.084770844782807e-05,5.244948288013814e-06,1.027029248168597e-05,7.192313686108018e-07,4.673655248563648e-07,3.124706069590071e-09,0.0012915676059252874
43.85,0.0005435391956615098,7.044899459975966e-05,5.202516776889173e-06,1.0211796159053245e-05,7.133451557048473e-07,4.646920769707008e-07,3.0915724849395216e-09,0.0012848430780250607
43.900000000000006,0.0005407973201817708,7.005281369621754e-05,5.1604672275811525e-06,1.0153676081767125e-05,7.075125790347978e-07,4.6203593216782305e-07,3.058822848831884e-09,0.0012781579235606353
43.95,0.0005380708034849179,6.965914803261634e-05,5.118795861754996e-06,1.0095929585382097e-05,7.017331011670704e-07,4.5939696693292934e-07,3.0264523387214564e-09,0.0012715118886312633
44.0,0.0005353595526686644,6.926798003728945e-05,5.0774989417280786e-06,1.0038554025744958e-05,6.960061905298115e-07,4.567750587008719e-07,2.994456197272384e-09,0.0012649047211115302
44.050000000000004,0.0005326634754206744,6.887929227044594e-05,5.036572769998233e-06,9.981546778832888e-06,6.903313213438913e-07,4.541700858484981e-07,2.9628297314149843e-09,0.0012583361706380446
44.1,0.000529982480014766,6.849306742313557e-05,4.996013688777945e-06,9.924905240592835e-06,6.847079735547708e-07,4.515819276870505e-07,2.931568311416518e-09,0.0012518059885962278
44.150000000000006,0.0005273164753071361,6.810928831622156e-05,4.9558180795342644e-06,9.8686268267821e-06,6.791356327652185e-07,4.4901046445462546e-07,2.900667369966198e-09,0.0012453139281072055
44.2,0.0005246653707326123,6.772793789936228e-05,4.915982362534512e-06,9.812708972810352e-06,6.736137901688874e-07,4.464555773087001e-07,2.870122401274395e-09,0.0012388597440148152
44.25,0.0005220290763009232,6.734899925000012e-05,4.876502996397531e-06,9.757149133582779e-06,6.681419424847147e-07,4.4391714831871515e-07,2.839928960185634e-09,0.001232443192872704
44.300000000000004,0.0005194075025929956,6.697245557235894e-05,4.837376477650554e-06,9.701944783344596e-06,6.627195918921558e-07,4.413950604587181e-07,2.810082661305077e-09,0.00122606403293154
44.35,0.0005168005607572742,6.659829019644949e-05,4.798599340291543e-06,9.64709341552681e-06,6.57346245967231e-07,4.388891976000722e-07,2.7805791781386476e-09,0.0012197220241263226
44.400000000000006,0.0005142081625060602,6.62264865770821e-05,4.760168155356895e-06,9.592592542593151e-06,6.520214176193674e-07,4.363994445042211e-07,2.751414242246276e-09,0.0012134169280637902
44.45,0.0005116302201118787,6.585702829288808e-05,4.722079530494567e-06,9.538439695888358e-06,6.467446250290444e-07,4.3392568681551294e-07,2.7225836424079736e-09,0.0012071485080099374
44.5,0.0005090666464038624,6.548989904534797e-05,4.684330109542381e-06,9.484632425487575e-06,6.415153915862104e-07,4.314678110540834e-07,2.694083223802761e-09,0.0012009165288776184
44.550000000000004,0.0005065173547641619,6.512508265782817e-05,4.646916572111596e-06,9.431168300047049e-06,6.363332458294761e-07,4.2902570460879726e-07,2.6659088872001787e-09,0.0011947207572142614
44.6,0.0005039822591243784,6.476256307462508e-05,4.6098356331756e-06,9.378044906656033e-06,6.311977213860704e-07,4.2659925573024946e-07,2.638056588164062e-09,0.0011885609611896786
44.650000000000006,0.0005014612739620139,6.440232436001641e-05,4.573084042663625e-06,9.325259850689817e-06,6.261083569125389e-07,4.2418835352382137e-07,2.6105223362684984e-09,0.0011824369105839626
44.7,0.0004989543142969508,6.404435069732072e-05,4.536658585059523e-06,9.272810755664058e-06,6.210646960361934e-07,4.2179288794279474e-07,2.5833021943257803e-09,0.001176348376775497
44.75,0.0004964612956879459,6.368862638796372e-05,4.500556079005414e-06,9.220695263090181e-06,6.160662872972824e-07,4.1941274978152044e-07,2.5563922776260077e-09,0.0011702951327290446
44.800000000000004,0.0004939821342291515,6.333513585055248e-05,4.4647733769102445e-06,9.168911032332027e-06,6.111126840918902e-07,4.1704783066864893e-07,2.529788753188381e-09,0.001164276952983941
44.85,0.0004915167465466569,6.2983863619957e-05,4.429307364563149e-06,9.117455740463667e-06,6.062034446155457e-07,4.1469802306041267e-07,2.503487839023823e-09,0.001158293613642382
44.900000000000006,0.0004890650497950494,6.26347943463986e-05,4.394154960751508e-06,9.066327082128295e-06,6.013381318075278e-07,4.1236322023396024e-07,2.4774858034087094e-09,0.001152344892357795
44.95,0.00048662696165400067,6.228791279454628e-05,4.35931311688376e-06,9.015522769398368e-06,5.965163132958737e-07,4.1004331628075187e-07,2.4517789641697954e-09,0.001146430568323315
45.0,0.0004842024003248703,6.194320384261955e-05,4.324778816616753e-06,8.965040531636791e-06,5.917375613430604e-07,4.077382061000046e-07,2.4263636879798396e-09,0.0011405504222603401
45.050000000000004,0.0004817912845273332,6.160065248149895e-05,4.290549075487714e-06,8.914878115359284e-06,5.870014527923662e-07,4.054477853921935e-07,2.401236389663874e-09,0.0011347042364071855
45.1,0.0004793935334960289,6.126024381384352e-05,4.256620940550704e-06,8.865033284097874e-06,5.823075690149003e-07,4.031719506526067e-07,2.376393531516125e-09,0.0011288917945078284
45.150000000000006,0.00047700906697722804,6.092196305321499e-05,4.222991490017476e-06,8.81550381826543e-06,5.776554958572809e-07,4.009105991649504e-07,2.351831622627113e-09,0.0011231128818007315
45.2,0.0004746378052255249,6.05857955232095e-05,4.18965783290279e-06,8.766287515021403e-06,5.730448235899716e-07,3.9866362899501074e-07,2.327547218220944e-09,0.0011173672850077678
45.25,0.00047227966900054586,6.025172665659569e-05,4.156617108673968e-06,8.71738218813854e-06,5.684751468562475e-07,3.964309389843649e-07,2.303536919002671e-09,0.001111654792323224
45.300000000000004,0.0004699345795636817,5.9919741994460035e-05,4.123866486904782e-06,8.668785667870774e-06,5.639460646217997e-07,3.9421242874414534e-07,2.279797370515415e-09,0.0011059751934028958
45.35,0.0004676024586748405,5.9589827185359016e-05,4.091403166933551e-06,8.620495800822175e-06,5.594571801249599e-07,3.920079986488553e-07,2.2563252625071366e-09,0.0011003282793532673
45.400000000000006,0.000465283228589218,5.926196798447762e-05,4.059224377525346e-06,8.5725104498169e-06,5.55008100827537e-07,3.8981754983023357e-07,2.233117328307041e-09,0.001094713842720773
45.45,0.0004629768120540926,5.8936150252795245e-05,4.027327376538379e-06,8.524827493770305e-06,5.505984383662689e-07,3.876409841711733e-07,2.2101703442112744e-09,0.0010891316774811516
45.5,0.0004606831323056364,5.8612359956257544e-05,3.99570945059437e-06,8.477444827561008e-06,5.462278085048601e-07,3.854782042996871e-07,2.187481128877868e-09,0.001083581579028878
45.550000000000004,0.00045840211306574915,5.829058316495539e-05,3.964367914752963e-06,8.430360361904055e-06,5.418958310866205e-07,3.833291135829244e-07,2.1650465427308243e-09,0.001078063344166677
45.6,0.0004561336785389124,5.7970806052310384e-05,3.933300112190089e-06,8.383572023225126e-06,5.376021299876842e-07,3.811936161212383e-07,2.142863487372977e-09,0.0010725767710951292
45.650000000000006,0.0004538777534090604,5.765301489426639e-05,3.902503413880184e-06,8.337077753535696e-06,5.333463330707988e-07,3.7907161674229823e-07,2.120928905007743e-09,0.0010671216594023455
45.7,0.00045163426283647526,5.733719606848826e-05,3.871975218282319e-06,8.290875510309311e-06,5.291280721396913e-07,3.7696302099525557e-07,2.099239777869577e-09,0.0010616978100537354
45.75,0.0004494031324546975,5.7023336053566254e-05,3.841712951030062e-06,8.244963266358779e-06,5.24946982893985e-07,3.748677351449543e-07,2.077793127662845e-09,0.0010563050253818453
45.800000000000004,0.000447184288367459,5.67114214282273e-05,3.8117140646251366e-06,8.199339009714417e-06,5.208027048846762e-07,3.727856661661904e-07,2.0565860150090973e-09,0.0010509431090762829
45.85,0.00044497765714563537,5.6401438870552554e-05,3.7819760381347744e-06,8.154000743503307e-06,5.166948814701549e-07,3.707167217380189e-07,2.0356155389026143e-09,0.0010456118661737212
45.900000000000006,0.000442783165824215,5.6093375157200735e-05,3.752496376892684e-06,8.108946485829456e-06,5.126231597727604e-07,3.686608102381072e-07,2.0148788361740603e-09,0.0010403111030479765
45.95,0.00044060074189929143,5.578721716263842e-05,3.7232726122036858e-06,8.06417426965504e-06,5.085871906358759e-07,3.666178407371365e-07,1.994373080962117e-09,0.001035040627400167
46.0,0.00043843031332507055,5.5482951858375786e-05,3.6943023010518457e-06,8.019682142682515e-06,5.04586628581539e-07,3.6458772299324625e-07,1.9740954841929564e-09,0.0010298002482489496
46.050000000000004,0.00043627180851089984,5.518056631220892e-05,3.6655830258121642e-06,7.975468167237757e-06,5.006211317685764e-07,3.625703674465283e-07,1.954043293067492e-09,0.0010245897759208287
46.1,0.0004341251563183167,5.4880047687468215e-05,3.6371123939657334e-06,7.931530420154157e-06,4.966903619512493e-07,3.6056568521356546e-07,1.934213790556213e-09,0.0010194090220405501
46.150000000000006,0.0004319902860581121,5.458138324227231e-05,3.6088880378182796e-06,7.88786699265759e-06,4.927939844383978e-07,3.585735880820126e-07,1.914604294901559e-09,0.0010142577995215574
46.2,0.00042986712748741793,5.428456032878871e-05,3.5809076142221456e-06,7.844475990252433e-06,4.889316680530918e-07,3.565939885052259e-07,1.89521215912762e-09,0.0010091359225565348
46.25,0.0004277556108068083,5.398956639249964e-05,3.553168804301552e-06,7.801355532608398e-06,4.851030850927632e-07,3.5462679959693363e-07,1.8760347705570525e-09,0.0010040432066080159
46.300000000000004,0.0004256556666574222,5.3696388971474254e-05,3.525669313181192e-06,7.758503753448375e-06,4.813079112898313e-07,3.5267193512595393e-07,1.8570695503352879e-09,0.0009989794683990698
46.35,0.0004235672261181046,5.340501569564662e-05,3.498406869718081e-06,7.71591880043717e-06,4.775458257728051e-07,3.5072930951095447e-07,1.8383139529616638e-09,0.000993944525904062
46.400000000000006,0.0004214902207025631,5.311543428609914e-05,3.4713792262365743e-06,7.673598835071102e-06,4.7381651102785324e-07,3.487988378152537e-07,1.8197654658274986e-09,0.0009889381983394787
46.45,0.0004194245823565467,5.282763255435229e-05,3.4445841582666175e-06,7.631542032568594e-06,4.701196528608486e-07,3.468804357416697e-07,1.8014216087610142e-09,0.000983960306154836
46.5,0.00041737024345503876,5.254159840165945e-05,3.4180194642850673e-06,7.589746581761555e-06,4.6645494035986483e-07,3.449740196274068e-07,1.7832799335789164e-09,0.0009790106710236455
46.550000000000004,0.00041532713679947046,5.225731981830782e-05,3.3916829654601392e-06,7.548210684987724e-06,4.628220658581325e-07,3.4307950643898756e-07,1.7653380236446226e-09,0.0009740891158344614
46.6,0.0004132951956149524,5.197478488292491e-05,3.36557250539891e-06,7.506932557983879e-06,4.5922072489744505e-07,3.4119681376722507e-07,1.7475934934329842e-09,0.0009691954646819955
46.650000000000006,0.00041127435354752084,5.169398176179022e-05,3.3396859498977894e-06,7.465910429779875e-06,4.556506161920005e-07,3.3932585982223677e-07,1.7300439881013791e-09,0.0009643295428582936
46.7,0.000409264544661406,5.1414898708153014e-05,3.314021186696026e-06,7.425142542593622e-06,4.5211144159268873e-07,3.374665634285026e-07,1.7126871830671357e-09,0.000959491176843993
46.75,0.0004072657034363136,5.113752406155502e-05,3.2885761252320894e-06,7.384627151726841e-06,4.4860290605180293e-07,3.3561884401995813e-07,1.6955207835911322e-09,0.0009546801942996358
46.800000000000004,0.0004052777647647269,5.0861846247158895e-05,3.263348696402992e-06,7.344362525461726e-06,4.451247175881808e-07,3.337826216351332e-07,1.6785425243675566e-09,0.0009498964240570587
46.85,0.0004033006639492258,5.058785377508215e-05,3.238336852326468e-06,7.304346944958453e-06,4.416765872527676e-07,3.3195781691233006e-07,1.6617501691196268e-09,0.0009451396961108477
46.900000000000006,0.0004013343366998203,5.031553523973595e-05,3.2135385661059475e-06,7.26457870415347e-06,4.3825822909458864e-07,3.3014435108483874e-07,1.6451415102011708e-09,0.0009404098416098535
46.95,0.0003993787191313059,5.00448793191699e-05,3.1889518315983692e-06,7.225056109658699e-06,4.348693601271381e-07,3.2834214597619476e-07,1.6287143682041626e-09,0.0009357066928487836
47.0,0.0003974337477606311,4.977587477442141e-05,3.1645746631846966e-06,7.1857774806614806e-06,4.3150970029516547e-07,3.2655112399547364e-07,1.6124665915719052e-09,0.0009310300832598476
47.050000000000004,0.0003954993595042851,4.9508510448870775e-05,3.14040509554319e-06,7.1467411488253916e-06,4.2817897244186616e-07,3.2477120813262683e-07,1.596396056217883e-09,0.0009263798474044754
47.1,0.0003935754916757022,4.9242775267601344e-05,3.116441183425362e-06,7.107945458191875e-06,4.248769022764657e-07,3.23002321953856e-07,1.5805006651501964e-09,0.0009217558209651005
47.150000000000006,0.0003916620819826802,4.897865823676448e-05,3.0926810014345525e-06,7.069388765082612e-06,4.216032183421888e-07,3.212443895970219e-07,1.56477834810139e-09,0.0009171578407369979
47.2,0.00038975906852481965,4.871614844295021e-05,3.06912264380717e-06,7.031069438002786e-06,4.1835765198461884e-07,3.194973357670959e-07,1.5492270611637668e-09,0.0009125857446201973
47.25,0.0003878663897909753,4.845523505256232e-05,3.0457642241964697e-06,6.992985857545038e-06,4.151399373204299e-07,3.1776108573164633e-07,1.5338447864299482e-09,0.0009080393716114486
47.300000000000004,0.00038598398465672704,4.8195907311198864e-05,3.022603875458918e-06,6.955136416294285e-06,4.11949811206498e-07,3.1603556531636286e-07,1.5186295316386406e-09,0.0009035185617962554
47.35,0.00038411179238186696,4.793815454303768e-05,2.9996397494430754e-06,6.917519518733293e-06,4.0878701320938126e-07,3.143207009006185e-07,1.5035793298255995e-09,0.0008990231563409709
47.400000000000006,0.00038224975260789997,4.7681966150226425e-05,2.9768700167809367e-06,6.880133581148979e-06,4.056512855751606e-07,3.126164194130668e-07,1.4886922389796082e-09,0.0008945529974849474
47.45,0.0003803978053555649,4.742733161227806e-05,2.9542928666817777e-06,6.842977031539562e-06,4.0254237319964697e-07,3.1092264832727787e-07,1.4739663417034962e-09,0.0008901079285327583
47.5,0.0003785558910223671,4.7174240485470695e-05,2.9319065067283784e-06,6.806048309522387e-06,3.994600235989382e-07,3.0923931565740666e-07,1.4593997448800079e-09,0.0008856877938464684
47.550000000000004,0.00037672395038013026,4.6922682402252567e-05,2.9097091626756785e-06,6.7693458662425545e-06,3.9640398688033085e-07,3.075663499539009e-07,1.4449905793425143e-09,0.0008812924388379707
47.6,0.0003749019245725637,4.6672647070651804e-05,2.887699078251794e-06,6.732868164282303e-06,3.933740157135783e-07,3.0590368029924357e-07,1.4307369995505312e-09,0.0008769217099613835
47.650000000000006,0.0003730897551128429,4.642412427369061e-05,2.865874514961343e-06,6.696613677571075e-06,3.903698653024872e-07,3.0425123630372815e-07,1.4166371832698667e-09,0.0008725754547054993
47.7,0.00037128738388120974,4.617710386880463e-05,2.844233751891124e-06,6.660580891296395e-06,3.8739129335685817e-07,3.0260894810127214e-07,1.402689331257391e-09,0.0008682535215862996
47.75,0.0003694947531225842,4.5931575787266523e-05,2.822775085518025e-06,6.624768301815405e-06,3.844380600647529e-07,3.0097674634526263e-07,1.3888916669503788e-09,0.0008639557601395212
47.800000000000004,0.00036771180544419436,4.568753003361442e-05,2.8014968295192172e-06,6.589174416567165e-06,3.8150992806509595e-07,2.9935456220443735e-07,1.3752424361603203e-09,0.0008596820209132835
47.85,0.00036593848381322175,4.5444956685085095e-05,2.780397314584566e-06,6.553797753985673e-06,3.7860666242060076e-07,2.977423273588004e-07,1.3617399067711095e-09,0.0008554321554607742
47.900000000000006,0.00036417473155445925,4.520384589105122e-05,2.7594748882312095e-06,6.518636843413554e-06,3.7572803059101284e-07,2.961399739955696e-07,1.3483823684415874e-09,0.0008512060163329831
47.95,0.00036242049234798824,4.496418787246375e-05,2.738727914620347e-06,6.4836902250165145e-06,3.7287380240667635e-07,2.9454743480516047e-07,1.335168132312367e-09,0.0008470034570715033
48.0,0.00036067571022686704,4.472597292129822e-05,2.7181547743761234e-06,6.448956449698433e-06,3.700437500424068e-07,2.929646429771995e-07,1.3220955307168423e-09,0.0008428243322013772
48.050000000000004,0.00035894032957483674,4.448919140000586e-05,2.697753864406657e-06,6.414434079017188e-06,3.672376479916775e-07,2.913915321965736e-07,1.309162916896368e-09,0.0008386684972240041
48.1,0.0003572142951240421,4.4253833740969084e-05,2.6775235977271525e-06,6.380121685101175e-06,3.6445527304111093e-07,2.898280366395114e-07,1.2963686647194856e-09,0.0008345358086101017
48.150000000000006,0.0003554975519527647,4.401989044596108e-05,2.657462403285048e-06,6.346017850566454e-06,3.6169640424526707e-07,2.8827409096969474e-07,1.2837111684051877e-09,0.0008304261237927161
48.2,0.0003537900454831749,4.378735208561015e-05,2.637568725787238e-06,6.312121168434653e-06,3.5896082290173555e-07,2.8672963033440666e-07,1.2711888422501751e-09,0.0008263393011602955
48.25,0.00035209172147909393,4.355620929886796e-05,2.617841025529268e-06,6.2784302420514624e-06,3.562483125265154e-07,2.8519459036070634e-07,1.2588001203599406e-09,0.000822275200049805
48.300000000000004,0.0003504025260437741,4.3326452792482285e-05,2.5982777782265384e-06,6.244943685005846e-06,3.5355865882968857e-07,2.8366890715163865e-07,1.2465434563837149e-09,0.0008182336807399034
48.35,0.0003487224056176928,4.309807334047408e-05,2.5788774748474715e-06,6.211660121049914e-06,3.5089164969137994e-07,2.821525172824752e-07,1.2344173232532122e-09,0.0008142146044441712
48.400000000000006,0.0003470513069763583,4.287106178361836e-05,2.5596386214485847e-06,6.178578184019396e-06,3.4824707513799664e-07,2.806453577969832e-07,1.222420212925078e-09,0.0008102178333043832
48.45,0.0003453891772281343,4.264540902892976e-05,2.540559739011521e-06,6.145696517754843e-06,3.456247273187517e-07,2.7914736620372967e-07,1.2105506361270366e-09,0.0008062432303838437
48.5,0.000343735963812074,4.2421106049151766e-05,2.521639363281924e-06,6.113013776023393e-06,3.4302440048245846e-07,2.776584804724125e-07,1.1988071221075961e-09,0.0008022906596607622
48.550000000000004,0.0003420916144957719,4.21981438822503e-05,2.502876044610208e-06,6.08052862244123e-06,3.404458909546e-07,2.761786390302232e-07,1.1871882183893365e-09,0.0007983599860216866
48.6,0.0003404560773732285,4.197651363091146e-05,2.484268347794168e-06,6.04823973039667e-06,3.3788899711466833e-07,2.747077807582405e-07,1.1756924905257366e-09,0.0007944510752549858
48.650000000000006,0.0003388293008627273,4.175620646204288e-05,2.465814851923384e-06,6.01614578297383e-06,3.3535351937376504e-07,2.7324584498785117e-07,1.1643185218613623e-09,0.0007905637940443777
48.7,0.00033721123370472893,4.153721360627967e-05,2.447514150225464e-06,5.9842454728769925e-06,3.3283926015247003e-07,2.717927714972041e-07,1.1530649132955305e-09,0.000786698009962513
48.75,0.00033560182495977577,4.1319526357493746e-05,2.4293648499140183e-06,5.952537502355512e-06,3.3034602385896263e-07,2.7034850050768947e-07,1.1419302830493124e-09,0.0007828535914646015
48.800000000000004,0.00033400102400641226,4.1103136072307484e-05,2.4113655720384184e-06,5.921020583129382e-06,3.2787361686740284e-07,2.6891297268044954e-07,1.130913266435784e-09,0.0007790304078820927
48.85,0.00033240878053911904,4.0888034169611245e-05,2.393514951335283e-06,5.889693436315415e-06,3.254218474965654e-07,2.6748612911291935e-07,1.120012515633583e-09,0.0007752283294164021
48.900000000000006,0.0003308250445662584,4.0674212130084485e-05,2.3758116360816515e-06,5.858554792353968e-06,3.229905259887188e-07,2.6606791133539174e-07,1.1092266994636136e-09,0.0007714472271326833
48.95,0.00032924976640803626,4.046166149572113e-05,2.3582542879498854e-06,5.827603390936342e-06,3.205794644887565e-07,2.6465826130761466e-07,1.098554503168939e-09,0.0007676869729536537
49.0,0.00032768289669447457,4.0250373869358353e-05,2.3408415818641977e-06,5.796837980932705e-06,3.1818847702356483e-07,2.6325712141541447e-07,1.0879946281977631e-09,0.0007639474396534579
49.050000000000004,0.00032612438636339875,4.0040340914209375e-05,2.323572205858859e-06,5.766257320320641e-06,3.158173794816366e-07,2.6186443446734644e-07,1.0775457919894214e-09,0.0007602285008515871
49.1,0.00032457418665843876,3.9831554353400076e-05,2.306444860938029e-06,5.735860176114292e-06,3.134659895929199e-07,2.6048014369137884e-07,1.067206727763542e-09,0.0007565300310068412
49.150000000000006,0.0003230322491270407,3.962400596950898e-05,2.289458260937172e-06,5.705645324294019e-06,3.111341269088988e-07,2.5910419273159554e-07,1.0569761843119802e-09,0.000752851905411333
49.2,0.0003214985256184951,3.941768760411138e-05,2.2726111323861007e-06,5.675611549736719e-06,3.0882161278291007e-07,2.5773652564492805e-07,1.0468529257937123e-09,0.0007491940001845451
49.25,0.00031997296828197437,3.921259115732669e-05,2.2559022143735467e-06,5.64575764614663e-06,3.0652827035068366e-07,2.5637708689791966e-07,1.0368357315327248e-09,0.0007455561922674258
49.300000000000004,0.00031845552956458596,3.900870858736972e-05,2.2393302584133107e-06,5.616082415986747e-06,3.042539245111109e-07,2.5502582136351203e-07,1.026923395818665e-09,0.0007419383594165334
49.35,0.0003169461622094378,3.8806031910105533e-05,2.2228940283119392e-06,5.586584670410803e-06,3.0199840190723703e-07,2.53682674317859e-07,1.0171147277102627e-09,0.0007383403801982253
49.400000000000006,0.00031544481925371425,3.8604553198607594e-05,2.2065923000378935e-06,5.557263229195752e-06,2.99761530907471e-07,2.523475914371651e-07,1.0074085508415004e-09,0.0007347621339828867
49.45,0.00031395145402676836,3.840426458271988e-05,2.190423861592245e-06,5.528116920674872e-06,2.975431415870151e-07,2.510205187945537e-07,9.978037032305669e-10,0.0007312035009392104
49.5,0.00031246602014822306,3.820515824862208e-05,2.1743875128808117e-06,5.499144581671343e-06,2.953430657095061e-07,2.497014028569573e-07,9.882990370913975e-10,0.0007276643620285114
49.550000000000004,0.000310988471526087,3.800722643839856e-05,2.1584820655877776e-06,5.470345057432416e-06,2.9316113670887124e-07,2.4839019048203535e-07,9.78893418647924e-10,0.0007241445989990919
49.6,0.000309518762354883,3.781046144961078e-05,2.1427063430507496e-06,5.441717201564108e-06,2.90997189671394e-07,2.4708682891511757e-07,9.695857279508329e-10,0.0007206440943806466
49.650000000000006,0.0003080568471137864,3.7614855634872866e-05,2.1270591801372148e-06,5.413259875966396e-06,2.88851061317983e-07,2.457912657861703e-07,9.603748586969236e-10,0.0007171627314787072
49.7,0.000306602680564779,3.742040140143098e-05,2.111539423122437e-06,5.384971950768993e-06,2.867225899866501e-07,2.4450344910679123e-07,9.512597180510031e-10,0.0007137003943691345
49.75,0.000305156217750812,3.722709121074565e-05,2.0961459295687083e-06,5.356852304267588e-06,2.84611615615186e-07,2.43223327267225e-07,9.42239226470205e-10,0.0007102569678926471
49.800000000000004,0.000303717413993983,3.703491757807774e-05,2.0808775682059935e-06,5.328899822860647e-06,2.8251797972403677e-07,2.419508490334063e-07,9.333123175308038e-10,0.0007068323376493949
49.85,0.0003022862248937249,3.68438730720777e-05,2.0657332188139296e-06,5.301113400986721e-06,2.804415253993792e-07,2.406859635440263e-07,9.244779377573951e-10,0.0007034263899935731
49.900000000000006,0.0003008626063250052,3.6653950314377845e-05,2.0507117721051414e-06,5.273491941062231e-06,2.7838209727638645e-07,2.394286203076218e-07,9.157350464544609e-10,0.0007000390120280738
49.95,0.00029944651443653946,3.646514197918833e-05,2.035812129609912e-06,5.2460343534198165e-06,2.763395415226899e-07,2.3817876919969137e-07,9.070826155402943e-10,0.0006966700915991836
50.0,0.00029803790564901397,3.627744079289591e-05,2.0210332035621267e-06,5.218739556247121e-06,2.7431370582202734e-07,2.3693636045983207e-07,8.985196293831756e-10,0.0006933195172913149
50.050000000000004,0.000296636736653322,3.609083953366619e-05,2.00637391678653e-06,5.1916064755261195e-06,2.723044393580806e-07,2.3570134468890071e-07,8.900450846398379e-10,0.0006899871784217819
50.1,0.0002952429644088119,3.590533103104911e-05,1.991833202587256e-06,5.1646340449729375e-06,2.703115927984984e-07,2.344736728461997e-07,8.816579900962029e-10,0.0006866729650356155
50.150000000000006,0.0002938565461415442,3.572090816558722e-05,1.9774100046375966e-06,5.137821205978116e-06,2.6833501827909906e-07,2.3325329624668365e-07,8.733573665102671e-10,0.0006833767679004117
50.2,0.0002924774393425638,3.5537563868427545e-05,1.9631032768710475e-06,5.111166907547426e-06,2.663745693882589e-07,2.3204016655819175e-07,8.651422464571709e-10,0.0006800984785012284
50.25,0.0002911056017661802,3.5355291120936205e-05,1.9489119833735505e-06,5.0846701062431e-06,2.644301011514735e-07,2.3083423579870008e-07,8.570116741764238e-10,0.0006768379890355116
50.300000000000004,0.000289740991428261,3.517408295431627e-05,1.934835098276972e-06,5.058329766125579e-06,2.6250147001609835e-07,2.296354563335969e-07,8.489647054212178e-10,0.000673595192408064
50.35,0.0002883835666045371,3.499393244922872e-05,1.9208716056537793e-06,5.032144858695738e-06,2.6058853383626526e-07,2.2844378087298342e-07,8.410004073098146e-10,0.0006703699822260533
50.400000000000006,0.00028703328582891654,3.481483273541622e-05,1.9070204994128854e-06,5.0061143628375365e-06,2.5869115185796543e-07,2.2725916246899215e-07,8.331178581789989e-10,0.0006671622527940527
50.45,0.00028569010789181274,3.463677699133022e-05,1.8932807831966919e-06,4.98023726476119e-06,2.568091847043063e-07,2.2608155451313007e-07,8.253161474395163e-10,0.0006639718991091251
50.5,0.00028435399183848086,3.445975844376065e-05,1.8796514702792612e-06,4.954512557946752e-06,2.5494249436093506e-07,2.249109107336429e-07,8.175943754335218e-10,0.0006607988168559376
50.550000000000004,0.0002830248969673669,3.4283770367468896e-05,1.8661315834656508e-06,4.928939243088183e-06,2.530909441616282e-07,2.2374718519290025e-07,8.09951653293949e-10,0.0006576429024019171
50.6,0.0002817027828284679,3.410880608482361e-05,1.852720154992378e-06,4.903516328037879e-06,2.512543987740457e-07,2.2259033228480408e-07,8.023871028058524e-10,0.0006545040527924439
50.650000000000006,0.00028038760922170075,3.3934858965439274e-05,1.8394162264289797e-06,4.87824282775161e-06,2.4943272418564364e-07,2.2144030673221562e-07,7.948998562696486e-10,0.000651382165746073
50.7,0.00027907933619528505,3.376192242581794e-05,1.8262188485807058e-06,4.853117764233958e-06,2.476257876897508e-07,2.2029706358440622e-07,7.874890563661886e-10,0.0006482771396498036
50.75,0.00027777792404413336,3.358998992899351e-05,1.8131270813922721e-06,4.8281401664841435e-06,2.4583345787180005e-07,2.1916055821452626e-07,7.801538560236943e-10,0.0006451888735543717
50.800000000000004,0.00027648333330825437,3.3419054984179054e-05,1.8001399938527088e-06,4.80330907044233e-06,2.440556045957168e-07,2.1803074631709648e-07,7.72893418286519e-10,0.0006421172671695859
50.85,0.00027519552477116635,3.3249111146417014e-05,1.7872566639012728e-06,4.778623518936358e-06,2.422920989904623e-07,2.169075839055215e-07,7.657069161857221e-10,0.000639062220859698
50.900000000000006,0.0002739144594583192,3.3080152016231866e-05,1.7744761783343933e-06,4.754082561628876e-06,2.4054281343672664e-07,2.1579102730961915e-07,7.585935326113504e-10,0.0006360236356388014
50.95,0.00027264009863552997,3.291217123928597e-05,1.7617976327136813e-06,4.7296852549649525e-06,2.3880762155377585e-07,2.1468103317317404e-07,7.515524601865377e-10,0.0006330014131662739
51.0,0.00027137240380742573,3.274516250603779e-05,1.7492201312749403e-06,4.705430662120062e-06,2.3708639818644352e-07,2.1357755845150818e-07,7.445829011432248e-10,0.0006299954557422453
51.050000000000004,0.0002701113367158986,3.257911955140307e-05,1.7367427868382075e-06,4.681317852948521e-06,2.3537901939227157e-07,2.1248056040907348e-07,7.376840671996382e-10,0.0006270056663031048
51.1,0.0002688568593385711,3.241403615441873e-05,1.7243647207187967e-06,4.657345903932346e-06,2.3368536242879704e-07,2.1138999661706472e-07,7.308551794394622e-10,0.0006240319484170406
51.150000000000006,0.0002676089338872696,3.2249906137909155e-05,1.7120850626393141e-06,4.633513898130483e-06,2.3200530574097755e-07,2.103058249510484e-07,7.240954681925577e-10,0.0006210742062796114
51.2,0.0002663675228065109,3.2086723368155554e-05,1.6999029506426788e-06,4.60982092512851e-06,2.3033872894876354e-07,2.0922800358861453e-07,7.174041729173703e-10,0.0006181323447093534
51.25,0.0002651325887719959,3.192448175456755e-05,1.687817531006082e-06,4.586266080988685e-06,2.2868551283480745e-07,2.0815649100704542e-07,7.107805420849189e-10,0.0006152062691434162
51.300000000000004,0.000263904094689115,3.176317524935764e-05,1.6758279581559213e-06,4.562848468200432e-06,2.2704553933231133e-07,2.070912459810046e-07,7.042238330643553e-10,0.0006122958856332359
51.35,0.00026268200369146345,3.1602797847218285e-05,1.6639333945836759e-06,4.5395671956312354e-06,2.2541869151301213e-07,2.0603222758024457e-07,6.977333120100596e-10,0.0006094011008402387
51.400000000000006,0.00026146627913936496,3.1443343585001233e-05,1.6521330107626995e-06,4.516421378477883e-06,2.238048535752991e-07,2.0497939516733168e-07,6.913082537502686e-10,0.0006065218220315734
51.45,0.0002602568846184073,3.128480654139984e-05,1.6404259850659594e-06,4.493410138218169e-06,2.222039108324682e-07,2.0393270839539173e-07,6.849479416772115e-10,0.0006036579570758819
51.5,0.00025905378393798525,3.112718083663354e-05,1.6288115036846606e-06,4.4705326025629204e-06,2.206157497011046e-07,2.028921272058729e-07,6.786516676387475e-10,0.0006008094144390956
51.550000000000004,0.000257856941129855,3.0970460632135005e-05,1.6172887605477873e-06,4.4477879054084576e-06,2.190402576895971e-07,2.0185761182632675e-07,6.724187318314514e-10,0.0005979761031802646
51.6,0.0002566663204466977,3.0814640130239885e-05,1.6058569572425335e-06,4.425175186789426e-06,2.1747732338678162e-07,2.008291227682081e-07,6.662484426951303e-10,0.0005951579329474226
51.650000000000006,0.00025548188636069155,3.06597135738787e-05,1.5945153029355953e-06,4.402693592831985e-06,2.1592683645070926e-07,1.9980662082469056e-07,6.601401168087594e-10,0.0005923548139734725
51.7,0.00025430360356209483,3.0505675246271567e-05,1.5832630142953572e-06,4.380342275707418e-06,2.1438868759754265e-07,1.987900670685029e-07,6.540930787878343e-10,0.0005895666570721146
51.75,0.00025313143695783686,3.035251947062498e-05,1.5720993154149114e-06,4.358120393586066e-06,2.128627685905735e-07,1.9777942284978166e-07,6.481066611831079e-10,0.0005867933736337954
51.800000000000004,0.00025196535167011934,3.020024060983127e-05,1.5610234377359414e-06,4.336027110591669e-06,2.1134897222936493e-07,1.9677464979394043e-07,6.421802043806749e-10,0.0005840348756216906
51.85,0.0002508053130350271,3.0048833066170393e-05,1.5500346199734445e-06,4.314061596756073e-06,2.0984719233901397e-07,1.9577570979955833e-07,6.363130565034074e-10,0.0005812910755677199
51.900000000000006,0.00024965128660114634,2.9898291281013917e-05,1.539132108041266e-06,4.292223027974267e-06,2.08357323759532e-07,1.9478256503628302e-07,6.305045733136923e-10,0.0005785618865685862
51.95,0.00024850323812819475,2.9748609734531637e-05,1.528315154978476e-06,4.270510585959834e-06,2.068792623353469e-07,1.9379517794275344e-07,6.247541181174819e-10,0.0005758472222818496
52.0,0.00024736113358565776,2.959978294540023e-05,1.5175830208765306e-06,4.248923458200708e-06,2.054129049049181e-07,1.9281351122453795e-07,6.190610616696468e-10,0.0005731469969220251
52.050000000000004,0.000246224939151436,2.9451805470514414e-05,1.50693497280725e-06,4.227460837915326e-06,2.0395814929046974e-07,1.918375278520884e-07,6.134247820805707e-10,0.0005704611252567145
52.1,0.0002450946212105013,2.9304671904700402e-05,1.4963702847515859e-06,4.20612192400912e-06,2.0251489428783707e-07,1.908671910587135e-07,6.078446647240195e-10,0.0005677895226027639
52.150000000000006,0.00024397014635356014,2.915837688043142e-05,1.485888237529153e-06,4.1849059210313395e-06,2.0108303965642373e-07,1.8990246433856655e-07,6.023201021462269e-10,0.0005651321048224492
52.2,0.0002428514813757285,2.901291506754578e-05,1.4754881187285572e-06,4.163812039132263e-06,1.996624861092737e-07,1.889433114446502e-07,5.968504939761825e-10,0.0005624887883196934
52.25,0.00024173859327521283,2.88682811729669e-05,1.4651692226384629e-06,4.142839494020704e-06,1.9825313530324985e-07,1.8798969638683615e-07,5.914352468371313e-10,0.0005598594900363058
52.300000000000004,0.00024063144925200153,2.8724469940425713e-05,1.4549308501794284e-06,4.121987506921893e-06,1.9685488982932339e-07,1.8704158342990258e-07,5.860737742592412e-10,0.0005572441274482561
52.35,0.000239530016706565,2.8581476150185303e-05,1.4447723088364876e-06,4.101255304535695e-06,1.9546765320297053e-07,1.860989370915877e-07,5.807654965934543e-10,0.0005546426185619715
52.400000000000006,0.0002384342632385629,2.843929461876749e-05,1.4346929125924522e-06,4.080642118995133e-06,1.9409132985467339e-07,1.851617221406578e-07,5.755098409264724e-10,0.0005520548819106607
52.45,0.00023734415664556206,2.829792019868191e-05,1.4246919818619641e-06,4.060147187825292e-06,1.927258251205284e-07,1.842299035949888e-07,5.703062409968309e-10,0.0005494808365506695
52.5,0.0002362596649217608,2.8157347778156915e-05,1.414768843426245e-06,4.039769753902499e-06,1.9137104523295622e-07,1.833034467196678e-07,5.651541371121615e-10,0.0005469204020578577
52.550000000000004,0.0002351807562567231,2.8017572280872816e-05,1.404922830368571e-06,4.019509065413871e-06,1.9002689731151517e-07,1.8238231702511073e-07,5.600529760675416e-10,0.0005443734985240067
52.6,0.00023410739903412126,2.7878588665697208e-05,1.395153282010451e-06,3.99936437581718e-06,1.8869328935381622e-07,1.8146648026518925e-07,5.550022110648521e-10,0.0005418400465532538
52.650000000000006,0.00023303956183048525,2.7740391926422227e-05,1.385459543848484e-06,3.979334943801016e-06,1.8737013022653635e-07,1.8055590243537674e-07,5.500013016332763e-10,0.0005393199672585477
52.7,0.0002319772134139628,2.7602977091504143e-05,1.3758409674919234e-06,3.9594200332453e-06,1.8605732965653295e-07,1.7965054977090952e-07,5.450497135508308e-10,0.0005368131822581384
52.75,0.0002309203227430852,2.746633922380474e-05,1.3662969106009012e-06,3.939618913182087e-06,1.8475479822205344e-07,1.787503887449609e-07,5.401469187669241e-10,0.0005343196136720843
52.800000000000004,0.0002298688589655431,2.7330473420334918e-05,1.3568267368253342e-06,3.919930857756702e-06,1.834624473440435e-07,1.7785538606683185e-07,5.352923953259575e-10,0.0005318391841187915
52.85,0.0002288227914169701,2.7195374812000318e-05,1.3474298157444935e-06,3.900355146189183e-06,1.8218018927755044e-07,1.7696550868015614e-07,5.304856272919128e-10,0.0005293718167115756
52.900000000000006,0.00022778208961973315,2.7061038563348784e-05,1.3381055228072165e-06,3.880891062736015e-06,1.8090793710321902e-07,1.7608072376111845e-07,5.257261046739494e-10,0.0005269174350552487
52.95,0.0002267467232817331,2.6927459872320073e-05,1.328853239272785e-06,3.861537896652203e-06,1.7964560471888312e-07,1.7520099871668877e-07,5.210133233529851e-10,0.0005244759632427343
53.0,0.00022571666229521093,2.679463396999727e-05,1.3196723521524248e-06,3.84229494215361e-06,1.783931068312469e-07,1.7432630118286936e-07,5.163467850092279e-10,0.0005220473258517014
53.050000000000004,0.00022469187673556358,2.666255612036035e-05,1.3105622541514496e-06,3.823161498379626e-06,1.771503589476589e-07,1.7345659902295644e-07,5.117259970506595e-10,0.00051963144794123
53.1,0.00022367233686016735,2.6531221620041692e-05,1.301522343612032e-06,3.8041368693561265e-06,1.7591727736797589e-07,1.7259186032581695e-07,5.071504725424946e-10,0.0005172282550484972
53.150000000000006,0.00022265801310720782,2.6400625798083304e-05,1.2925520244565776e-06,3.7852203639587118e-06,1.7469377917651365e-07,1.7173205340417818e-07,5.026197301375433e-10,0.0005148376731854874
53.2,0.00022164887609451973,2.6270764015696263e-05,1.2836507061317316e-06,3.766411295876268e-06,1.7347978223408904e-07,1.708771467929315e-07,4.981332940074824e-10,0.0005124596288357293
53.25,0.0002206448966184322,2.6141631666021778e-05,1.2748178035529676e-06,3.7477089835747896e-06,1.7227520517014452e-07,1.7002710924744828e-07,4.936906937750041e-10,0.0005100940489510536
53.300000000000004,0.0002196460456526233,2.601322417389428e-05,1.2660527370497886e-06,3.729112750261509e-06,1.7107996737496225e-07,1.6918190974191155e-07,4.892914644468997e-10,0.0005077408609483772
53.35,0.0002186522943469819,2.5885536995606426e-05,1.2573549323115157e-06,3.7106219238493154e-06,1.6989398899196275e-07,1.6834151746766072e-07,4.849351463480363e-10,0.0005053999927065096
53.400000000000006,0.00021766361402647606,2.5758565618675726e-05,1.2487238203336493e-06,3.692235836921431e-06,1.687171909100841e-07,1.6750590183154845e-07,4.806212850561297e-10,0.0005030713725629822
53.45,0.0002166799761900306,2.5632305561613306e-05,1.2401588373648252e-06,3.6739538266964096e-06,1.6754949475624786e-07,1.6667503245431196e-07,4.763494313374045e-10,0.0005007549293109038
53.5,0.00021570135250941028,2.55067523736942e-05,1.231659424854322e-06,3.6557752349933684e-06,1.66390822887904e-07,1.6584887916895597e-07,4.721191410831051e-10,0.0004984505921958334
53.550000000000004,0.0002147277148281118,2.5381901634729636e-05,1.2232250294001435e-06,3.637699408197532e-06,1.6524109838565858e-07,1.650274120191502e-07,4.679299752468223e-10,0.0004961582909126825
53.6,0.0002137590351602629,2.525774895484111e-05,1.2148551026976593e-06,3.6197256972260436e-06,1.641002450459814e-07,1.6421060125763928e-07,4.6378149978264045e-10,0.0004938779556026361
53.650000000000006,0.0002127952856895277,2.513428997423606e-05,1.2065491014887833e-06,3.601853457494024e-06,1.6296818737399077e-07,1.6339841734466485e-07,4.596732855840906e-10,0.000491609516850095
53.7,0.00021183643876802104,2.5011520362985545e-05,1.1983064875117144e-06,3.5840820488809424e-06,1.618448505763193e-07,1.6259083094640118e-07,4.556049084238822e-10,0.0004893529056796466
53.75,0.00021088246691522826,2.4889435820803435e-05,1.1901267274511976e-06,3.5664108356972118e-06,1.6073016055405434e-07,1.6178781293340177e-07,4.5157594889444567e-10,0.00048710805355304946
53.800000000000004,0.0002099333428169333,2.4768032076827496e-05,1.1820092928893292e-06,3.5488391866510772e-06,1.5962404389575637e-07,1.6098933437906064e-07,4.475859923492492e-10,0.0004848748923662465
53.85,0.000208989039324154,2.464730488940218e-05,1.1739536602568868e-06,3.5313664748157676e-06,1.5852642787055292e-07,1.6019536655808435e-07,4.4363462884484263e-10,0.00048265335444639773
53.900000000000006,0.000208049529452083,2.4527250045862963e-05,1.1659593107851683e-06,3.5139920775968826e-06,1.574372404213053e-07,1.5940588094497648e-07,4.3972145308369557e-10,0.000480443372548933
53.95,0.00020711478637903795,2.4407863362322622e-05,1.1580257304583625e-06,3.496715376700077e-06,1.5635641015785187e-07,1.5862084921253582e-07,4.3584606435775107e-10,0.00047824487985462976
54.0,0.00020618478344541622,2.4289140683458925e-05,1.1501524099664094e-06,3.479535758098964e-06,1.5528386635032104e-07,1.578402432303641e-07,4.3200806649270946e-10,0.0004760578099667083
54.050000000000004,0.0002052594941526584,2.417107788230417e-05,1.1423388446583751e-06,3.4624526120032953e-06,1.5421953892251973e-07,1.570640350633869e-07,4.2820706779302483e-10,0.00047388209690795065
54.1,0.0002043388921622182,2.4053670860036354e-05,1.1345845344963231e-06,3.4454653328273978e-06,1.531633584453911e-07,1.5629219697038715e-07,4.244426809876562e-10,0.00047171767511784083
54.150000000000006,0.00020342295129453813,2.3936915545771828e-05,1.1268889840096647e-06,3.428573319158832e-06,1.5211525613054065e-07,1.5552470140254908e-07,4.207145231765077e-10,0.000469564479449723
54.2,0.00020251164552803394,2.3820807896359796e-05,1.1192517022500119e-06,3.41177597372734e-06,1.5107516382383672e-07,1.5476152100201433e-07,4.1702221577750445e-10,0.00046742244516798385
54.25,0.00020160494899808368,2.37053438961782e-05,1.1116722027464938e-06,3.395072703373998e-06,1.5004301399907585e-07,1.5400262860044996e-07,4.1336538447441513e-10,0.0004652915079452529
54.300000000000004,0.00020070283599602485,2.359051955693136e-05,1.104150003461558e-06,3.378462919020641e-06,1.4901873975171786e-07,1.5324799721762708e-07,4.097436591653214e-10,0.0004631716038596236
54.35,0.00019980528096815825,2.3476330917449174e-05,1.0966846267472403e-06,3.3619460356395283e-06,1.4800227479268836e-07,1.5249760006001136e-07,4.06156673911751e-10,0.000461062669391897
54.400000000000006,0.000198912258514757,2.336277404348776e-05,1.089275599301889e-06,3.3455214722232245e-06,1.4699355344224603e-07,1.5175141051936534e-07,4.026040668884704e-10,0.00045896464142284086
54.45,0.0001980237433890842,2.3249845027531873e-05,1.0819224521273617e-06,3.329188651754756e-06,1.4599251062391782e-07,1.5100940217136088e-07,3.990854803339195e-10,0.00045687745723047403
54.5,0.0001971397104964151,2.3137539988598614e-05,1.0746247204866606e-06,3.312947001177967e-06,1.4499908185849718e-07,1.502715487742026e-07,3.9560056050128476e-10,0.0004548010544873657
54.550000000000004,0.00019626013489306703,2.3025855072042872e-05,1.0673819438620269e-06,3.2967959513681325e-06,1.4401320325810746e-07,1.4953782426726375e-07,3.9214895761021535e-10,0.0004527353712579571
54.6,0.00019538499178543576,2.2914786449364234e-05,1.0601936659134761e-06,3.2807349371028067e-06,1.43034811520329e-07,1.4880820276973162e-07,3.8873032579912855e-10,0.0004506803459959027
54.650000000000006,0.00019451425652903701,2.2804330318015284e-05,1.0530594344377641e-06,3.264763397032873e-06,1.4206384392238776e-07,1.4808265857926394e-07,3.8534432307815355e-10,0.0004486359175414282
54.7,0.00019364790462755616,2.2694482901211606e-05,1.0459788013277982e-06,3.2488807736538645e-06,1.4110023831540791e-07,1.473611661706564e-07,3.8199061128265295e-10,0.0004466020251187115
54.75,0.0001927859117319024,2.2585240447743044e-05,1.0389513225324637e-06,3.2330865132774695e-06,1.4014393311872356e-07,1.4664370019452024e-07,3.7866885602735673e-10,0.0004445786083332782
54.800000000000004,0.00019192825363927043,2.247659923178659e-05,1.031976558016884e-06,3.217380066003288e-06,1.3919486731425234e-07,1.4593023547597178e-07,3.7537872666112256e-10,0.0004425656071694194
54.85,0.0001910749062922082,2.236855555272072e-05,1.0250540717230977e-06,3.201760885690811e-06,1.3825298044092914e-07,1.4522074701333053e-07,3.7211989622217823e-10,0.0004405629619876276
54.900000000000006,0.00019022584577768983,2.226110573494103e-05,1.0181834315311405e-06,3.1862284299316005e-06,1.3731821258919793e-07,1.4451520997682697e-07,3.6889204139397707e-10,0.00043857061352204897
54.95,0.00018938104832619642,2.2154246127677543e-05,1.011364209220551e-06,3.1707821600217144e-06,1.363905043955639e-07,1.4381359970732436e-07,3.6569484246168677e-10,0.0004365885028779575
55.0,0.00018854049031080097,2.2047973104813177e-05,1.0045959804322667e-06,3.1554215409343236e-06,1.3546979703720125e-07,1.4311589171504832e-07,3.625279832691565e-10,0.00043461657152924345
55.050000000000004,0.00018770414824626085,2.1942283064703822e-05,9.9787832463093e-07,3.140146041292564e-06,1.3455603222662003e-07,1.4242206167832515e-07,3.593911511764098e-10,0.0004326547613159235
55.1,0.000186871998788116,2.1837172429999777e-05,9.912108250675891e-07,3.1249551333426e-06,1.3364915220638932e-07,1.417320854423325e-07,3.562840370177881e-10,0.0004307030144416674
55.150000000000006,0.00018604401873179214,2.173263764746845e-05,9.845930687427813e-07,3.1098482929268807e-06,1.327490997439151e-07,1.410459390178602e-07,3.5320633506052426e-10,0.0004287612734713411
55.2,0.00018522018501171148,2.1628675187818646e-05,9.780246463700164e-07,3.0948249994576406e-06,1.3185581812627547e-07,1.4036359858007571e-07,3.501577429638314e-10,0.00042682948132857123
55.25,0.00018440047470040776,2.1525281545525993e-05,9.715051523396297e-07,3.0798847358905714e-06,1.3096925115510835e-07,1.3968504046730594e-07,3.471379617386162e-10,0.0004249075812933221
55.300000000000004,0.00018358486500764817,2.1422453238659886e-05,9.650341846830213e-07,3.0650269886987263e-06,1.3008934314155484e-07,1.390102411798296e-07,3.441466957076244e-10,0.0004229955169994949
55.35,0.00018277333327956113,2.132018680871177e-05,9.5861134503727e-07,3.050251247846627e-06,1.2921603890125596e-07,1.3833917737867146e-07,3.4118365246611014e-10,0.0004210932324325424
55.400000000000006,0.0001819658569977687,2.1218478820424583e-05,9.52236238610108e-07,3.035557006764554e-06,1.283492837494009e-07,1.3767182588441115e-07,3.3824854284300106e-10,0.00041920067192709865
55.45,0.0001811624137785264,2.1117325861623788e-05,9.459084741452741e-07,3.0209437623230697e-06,1.2748902349582936e-07,1.3700816367600192e-07,3.353410808625681e-10,0.0004173177801646303
55.5,0.0001803629813718671,2.101672454304945e-05,9.396276638882158e-07,3.0064110148077116e-06,1.2663520444018385e-07,1.3634816788959645e-07,3.3246098370655665e-10,0.0004154445021711004
55.550000000000004,0.0001795675376607516,2.091667149818979e-05,9.333934235521576e-07,2.991958267893903e-06,1.2578777336711441e-07,1.356918158173835e-07,3.296079716768087e-10,0.000413580783314651
55.6,0.00017877606066022504,2.081716338311601e-05,9.272053722845222e-07,2.9775850286220593e-06,1.2494667754153353e-07,1.3503908490643307e-07,3.2678176815837187e-10,0.0004117265693033044
55.650000000000006,0.00017798852851657734,2.0718196876318268e-05,9.210631326336939e-07,2.963290807372873e-06,1.2411186470391988e-07,1.3438995275755153e-07,3.239820995830453e-10,0.0004098818061826752
55.7,0.0001772049195065114,2.0619768678543116e-05,9.149663305161395e-07,2.9490751178428203e-06,1.2328328306567338e-07,1.337443971241453e-07,3.2120869539340544e-10,0.0004080464403337062
55.75,0.00017642521203631477,2.052187551263201e-05,9.089145951838586e-07,2.9349374770198273e-06,1.2246088130451718e-07,1.3310239591109138e-07,3.1846128800728133e-10,0.0004062204184704137
55.800000000000004,0.00017564938464103793,2.042451412336118e-05,9.029075591921807e-07,2.9208774051591507e-06,1.2164460855994909e-07,1.3246392717362155e-07,3.1573961278267534e-10,0.0004044036876376533
55.85,0.0001748774159836783,2.032768127728276e-05,8.969448583678971e-07,2.906894425759445e-06,1.2083441442874097e-07,1.3182896911621173e-07,3.1304340798311635e-10,0.00040259619520890115
55.900000000000006,0.00017410928485436808,2.0231373762567012e-05,8.910261317777133e-07,2.892988065538998e-06,1.2003024896048385e-07,1.3119750009147947e-07,3.103724147434584e-10,0.00040079788888404877
55.95,0.00017334497016956954,2.0135588388845936e-05,8.85151021697043e-07,2.879157854412178e-06,1.1923206265318147e-07,1.305694985990934e-07,3.0772637703611776e-10,0.00039900871668721696
56.0,0.0001725844509712737,2.0040321987057928e-05,8.793191735791115e-07,2.8654033254660445e-06,1.1843980644888854e-07,1.2994494328468962e-07,3.0510504163771895e-10,0.0003972286269645826
56.050000000000004,0.00017182770642620558,1.9945571409293752e-05,8.735302360243881e-07,2.85172401493715e-06,1.1765343172939547e-07,1.2932381293879574e-07,3.0250815809614983e-10,0.00039545756838222187
56.1,0.0001710747158250345,1.98513335286437e-05,8.677838607503336e-07,2.8381194621885314e-06,1.1687289031195829e-07,1.2870608649576416e-07,2.999354786980501e-10,0.00039369548992397097
56.150000000000006,0.00017032545858158878,1.9757605239045795e-05,8.620797025614537e-07,2.8245892096868583e-06,1.160981344450722e-07,1.280917430327145e-07,2.973867584367057e-10,0.0003919423408892981
56.2,0.00016957991423207692,1.9664383455135374e-05,8.564174193196727e-07,2.811132802979788e-06,1.1532911680429079e-07,1.2748076176848362e-07,2.9486175498033964e-10,0.0003901980708911948
56.25,0.0001688380624343127,1.9571665112095624e-05,8.507966719150016e-07,2.797749790673469e-06,1.1456579048808715e-07,1.2687312206258318e-07,2.923602286407903e-10,0.0003884626298540791
56.300000000000004,0.0001680998829669461,1.9479447165509398e-05,8.452171242365165e-07,2.784439724410241e-06,1.1380810901375937e-07,1.2626880341416685e-07,2.898819423425882e-10,0.0003867359680117155
56.35,0.00016736535572869953,1.9387726591212177e-05,8.396784431436363e-07,2.771202158846506e-06,1.130560263133787e-07,1.2566778546100522e-07,2.8742666159242015e-10,0.0003850180359051501
56.400000000000006,0.000166634460737608,1.929650038514604e-05,8.341802984376877e-07,2.7580366516307517e-06,1.123094967297786e-07,1.2507004797846748e-07,2.8499415444897867e-10,0.0003833087843806581
56.45,0.00016590717813026582,1.920576556321494e-05,8.287223628337763e-07,2.7449427633817798e-06,1.1156847501258732e-07,1.2447557087851288e-07,2.8258419149317756e-10,0.0003816081645877093
56.5,0.0001651834881610767,1.91155191611409e-05,8.233043119329325e-07,2.73192005766707e-06,1.1083291631430003e-07,1.2388433420868914e-07,2.8019654579873417e-10,0.00037991612797694496
56.550000000000004,0.00016446337120151001,1.9025758234321448e-05,8.179258241945544e-07,2.7189681009813343e-06,1.1010277618639291e-07,1.232963181511388e-07,2.7783099290313545e-10,0.0003782326262981709
56.6,0.0001637468077393617,1.893647985768816e-05,8.125865809091318e-07,2.706086462725235e-06,1.0937801057547746e-07,1.2271150302161373e-07,2.7548731077895185e-10,0.00037655761159836583
56.650000000000006,0.0001630337783780193,1.884768112556613e-05,8.072862661712429e-07,2.693274715184254e-06,1.0865857581949356e-07,1.2212986926849684e-07,2.73165279805511e-10,0.00037489103621969963
56.7,0.00016232426383573309,1.8759359151534736e-05,8.0202456685284e-07,2.6805324335077503e-06,1.0794442864394389e-07,1.2155139747183222e-07,2.7086468274092804e-10,0.000373232852797572
56.75,0.00016161824494489074,1.8671511068289283e-05,7.968011725767966e-07,2.667859195688153e-06,1.0723552615816548e-07,1.2097606834236158e-07,2.685853046944644e-10,0.000371583014258659
56.800000000000004,0.00016091570265129766,1.8584134027503817e-05,7.916157756907336e-07,2.655254582540337e-06,1.0653182585164081e-07,1.204038627205698e-07,2.6632693309925206e-10,0.0003699414738189776
56.85,0.00016021661801346207,1.849722519969501e-05,7.864680712411133e-07,2.6427181776811554e-06,1.0583328559034741e-07,1.1983476157573724e-07,2.6408935768534434e-10,0.0003683081849819629
56.900000000000006,0.0001595209722018838,1.8410781774086946e-05,7.81357756947591e-07,2.6302495675091135e-06,1.0513986361314394e-07,1.1926874600499835e-07,2.618723704530899e-10,0.0003666831015365568
56.95,0.00015882874649834932,1.8324800958477155e-05,7.762845331776387e-07,2.617848341184229e-06,1.0445151852819511e-07,1.1870579723240969e-07,2.596757656468678e-10,0.0003650661775553151
57.0,0.00015813992229522995,1.8239279979103452e-05,7.712481029214185e-07,2.605514090608019e-06,1.0376820930943197e-07,1.1814589660802418e-07,2.5749933972911727e-10,0.0003634573673925223
57.050000000000004,0.0001574544810947855,1.8154216080511956e-05,7.662481717669188e-07,2.593246410403662e-06,1.0308989529304982e-07,1.1758902560697258e-07,2.5534289135468927e-10,0.00036185662568232407
57.1,0.0001567724045084728,1.8069606525426084e-05,7.612844478753444e-07,2.581044897896313e-06,1.024165361740419e-07,1.1703516582855187e-07,2.532062213455287e-10,0.00036026390733687186
57.150000000000006,0.00015609367425625746,1.7985448594616455e-05,7.563566419567496e-07,2.5689091530935507e-06,1.0174809200276834e-07,1.1648429899532107e-07,2.5108913266566217e-10,0.00035867916754447866
57.2,0.00015541827216593198,1.7901739586771956e-05,7.514644672459305e-07,2.5568387786660077e-06,1.0108452318156139e-07,1.1593640695220498e-07,2.489914303964978e-10,0.0003571023617677916
57.25,0.00015474618017243658,1.7818476818371605e-05,7.466076394785524e-07,2.5448333799281184e-06,1.0042579046136412e-07,1.1539147166560323e-07,2.4691292171241784e-10,0.00035553344574197366
57.300000000000004,0.00015407738031718573,1.773565762355754e-05,7.417858768675264e-07,2.5328925648190377e-06,9.977185493840497e-08,1.1484947522250728e-07,2.4485341585668475e-10,0.0003539723754729003
57.35,0.00015341185474739886,1.765327935400895e-05,7.369989000796261e-07,2.521015943883705e-06,9.912267805090609e-08,1.1431039982962441e-07,2.428127241176322e-10,0.0003524191072353702
57.400000000000006,0.00015274958571543485,1.7571339378816853e-05,7.32246432212335e-07,2.5092031302540364e-06,9.847822157582456e-08,1.1377422781250765e-07,2.407906598051514e-10,0.0003508735975713243
57.45,0.0001520905555781319,1.7489835084360032e-05,7.275281987709388e-07,2.497453739630291e-06,9.783844762562862e-08,1.1324094161469377e-07,2.387870382274748e-10,0.00034933580328808263
57.5,0.0001514347467961508,1.7408763874181716e-05,7.228439276458405e-07,2.4857673902625515e-06,9.72033186451055e-08,1.1271052379684716e-07,2.3680167666823704e-10,0.0003478056814565895
57.550000000000004,0.00015078214193332308,1.732812316886732e-05,7.18193349090111e-07,2.474143702932368e-06,9.65727974082026e-08,1.1218295703591013e-07,2.348343943638085e-10,0.00034628318940967346
57.6,0.0001501327236560036,1.7247910405923134e-05,7.135761956972682e-07,2.46258230093454e-06,9.594684701490116e-08,1.1165822412426053e-07,2.328850124809253e-10,0.00034476828474031896
57.650000000000006,0.0001494864747324265,1.7168123039655794e-05,7.089922023792731e-07,2.4510828100590266e-06,9.532543088812095e-08,1.111363079688754e-07,2.309533540945816e-10,0.00034326092529994936
57.7,0.00014884337803206676,1.7088758541052873e-05,7.044411063447589e-07,2.4396448585730163e-06,9.470851277065805e-08,1.1061719159050131e-07,2.2903924416617722e-10,0.0003417610691967238
57.75,0.0001482034165250045,1.7009814397664187e-05,6.999226470774707e-07,2.428268077203113e-06,9.409605672215233e-08,1.1010085812283099e-07,2.271425095219633e-10,0.0003402686747938441
57.800000000000004,0.0001475665732812945,1.6931288113484128e-05,6.954365663149284e-07,2.416952099117674e-06,9.348802711608687e-08,1.0958729081168684e-07,2.2526297883173055e-10,0.00033878370070787513
57.85,0.00014693283147033972,1.685317720883489e-05,6.909826080273053e-07,2.4056965599092856e-06,9.288438863681804e-08,1.0907647301421042e-07,2.2340048258776746e-10,0.0003373061058070764
57.900000000000006,0.00014630217436026818,1.677547922025047e-05,6.865605183965138e-07,2.394501097577355e-06,9.228510627663475e-08,1.0856838819805737e-07,2.2155485308405903e-10,0.0003358358492097455
57.95,0.00014567458531731514,1.6698191700361712e-05,6.821700457955101e-07,2.3833653525108634e-06,9.169014533284912e-08,1.0806301994060069e-07,2.19725924395758e-10,0.0003343728902825732
58.0,0.00014505004780520817,1.6621312217782077e-05,6.778109407677994e-07,2.3722889674712223e-06,9.10994714049154e-08,1.0756035192813788e-07,2.1791353235889707e-10,0.00033291718863900964
58.050000000000004,0.000144428545384557,1.6544838356994364e-05,6.734829560071519e-07,2.361271587575284e-06,9.051305039157893e-08,1.0706036795510557e-07,2.161175145503375e-10,0.0003314687041376432
58.1,0.00014381006171224745,1.6468767718238315e-05,6.691858463375239e-07,2.3503128602784776e-06,8.993084848805418e-08,1.0656305192330043e-07,2.1433771026798203e-10,0.0003300273968805902
58.150000000000006,0.00014319458054083838,1.6393097917398945e-05,6.64919368693174e-07,2.3394124353580606e-06,8.935283218323062e-08,1.0606838784110461e-07,2.125739605112098e-10,0.0003285932272118945
58.2,0.00014258208571796407,1.631782658589589e-05,6.606832820989885e-07,2.328569964896522e-06,8.877896825690801e-08,1.0557635982271918e-07,2.1082610796156023e-10,0.00032716615571594154
58.25,0.00014197256118573905,1.6242951370573438e-05,6.564773476509942e-07,2.3177851032650895e-06,8.820922377705842e-08,1.0508695208740164e-07,2.0909399696364862e-10,0.00032574614321588004
58.300000000000004,0.00014136599098016784,1.6168469933591486e-05,6.523013284970737e-07,2.3070575071073784e-06,8.764356609711719e-08,1.0460014895871038e-07,2.0737747350630823e-10,0.00032433315077205706
58.35,0.00014076235923055845,1.6094379952317336e-05,6.48154989817873e-07,2.2963868353231663e-06,8.708196285330097e-08,1.0411593486375527e-07,2.0567638520395568e-10,0.0003229271396804636
58.400000000000006,0.0001401616501589389,1.6020679119218193e-05,6.440380988078949e-07,2.285772749052276e-06,8.652438196195211e-08,1.0363429433245258e-07,2.039905812781995e-10,0.00032152807147119036
58.45,0.00013956384807947895,1.5947365141754647e-05,6.3995042465679e-07,2.2752149116586035e-06,8.59707916169112e-08,1.0315521199678731e-07,2.0231991253966243e-10,0.0003201359079068954
58.5,0.00013896893739791423,1.587443574227479e-05,6.358917385308267e-07,2.26471298871425e-06,8.542116028691481e-08,1.0267867259008106e-07,2.0066423137000836e-10,0.0003187506109812813
58.550000000000004,0.00013837690261097498,1.580188865790925e-05,6.318618135545505e-07,2.2542666479837843e-06,8.487545671302043e-08,1.0220466094626212e-07,1.9902339170420388e-10,0.00031737214291758424
58.6,0.00013778772830581868,1.5729721640467006e-05,6.278604247926284e-07,2.2438755594086284e-06,8.433364990605736e-08,1.0173316199914595e-07,1.9739724901298993e-10,0.0003160004661670731
58.650000000000006,0.00013720139915946534,1.56579324563319e-05,6.238873492318677e-07,2.233539395091549e-06,8.379570914410226e-08,1.0126416078172109e-07,1.9578566028556873e-10,0.00031463554340755865
58.7,0.00013661789993823804,1.558651888636008e-05,6.199423657634221e-07,2.223257829281287e-06,8.326160396998158e-08,1.0079764242543635e-07,1.9418848401248976e-10,0.0003132773375419142
58.75,0.00013603721549720554,1.5515478725778047e-05,6.160252551651679e-07,2.2130305383572834e-06,8.273130418879795e-08,1.0033359215949607e-07,1.9260558016873513e-10,0.00031192581169660555
58.800000000000004,0.0001354593307796297,1.5444809784081604e-05,6.121358000842598e-07,2.2028572008145355e-06,8.220477986548197e-08,9.987199531016088e-08,1.9103681019702796e-10,0.00031058092922023166
58.85,0.00013488423081641626,1.5374509884935542e-05,6.082737850198615e-07,2.1927374972485705e-06,8.168200132236878e-08,9.941283730005414e-08,1.8948203699133578e-10,0.00030924265368207623
58.900000000000006,0.00013431190072556856,1.530457686607399e-05,6.044389963060421e-07,2.182671110340517e-06,8.116293913679828e-08,9.895610364747224e-08,1.87941124880559e-10,0.0003079109488706674
58.95,0.00013374232571164598,1.523500857920167e-05,6.006312220948499e-07,2.1726577248423128e-06,8.064756413874037e-08,9.85017799657018e-08,1.8641393961242512e-10,0.00030658577879235055
59.0,0.00013317549106522478,1.5165802889895735e-05,5.968502523395469e-07,2.1626970275620063e-06,8.013584740844302e-08,9.804985196234082e-08,1.8490034833756033e-10,0.0003052671076698677
59.050000000000004,0.00013261138216236315,1.5096957677508458e-05,5.930958787780152e-07,2.152788707349177e-06,7.962776027410437e-08,9.760030543862537e-08,1.8340021959380038e-10,0.00030395489994094907
59.1,0.00013204998446406994,1.5028470835070645e-05,5.89367894916327e-07,2.1429324550804727e-06,7.912327430956853e-08,9.71531262887627e-08,1.8191342329064003e-10,0.0003026491202569148
59.150000000000006,0.0001314912835157759,1.4960340269195679e-05,5.85666096012473e-07,2.133127963645246e-06,7.862236133204381e-08,9.67083004992677e-08,1.8043983069385592e-10,0.00030134973348128343
59.2,0.0001309352649468096,1.4892563899984432e-05,5.819902790602587e-07,2.123374927931311e-06,7.812499339984419e-08,9.62658141483055e-08,1.7897931441036812e-10,0.0003000567046883943
59.25,0.00013038191446987577,1.482513966093074e-05,5.783402427733536e-07,2.1136730448107954e-06,7.763114281015271e-08,9.582565340503846e-08,1.7753174837324486e-10,0.00029876999916203593
59.300000000000004,0.00012983121788053754,1.4758065498827699e-05,5.747157875695021e-07,2.1040220131261095e-06,7.714078209680802e-08,9.53878045289784e-08,1.760970078268976e-10,0.0002974895823940855
59.35,0.00012928316105670232,1.4691339373674645e-05,5.711167155548912e-07,2.094421533676025e-06,7.665388402811271e-08,9.495225386934468e-08,1.7467496931244824e-10,0.00029621542008315853
59.400000000000006,0.00012873772995811015,1.4624959258584753e-05,5.675428305086663e-07,2.084871309201844e-06,7.617042160466298e-08,9.451898786442561e-08,1.7326551065327573e-10,0.0002949474781332662
59.45,0.0001281949106258265,1.4558923139693465e-05,5.63993937867609e-07,2.075371044373691e-06,7.569036805720091e-08,9.408799304094573e-08,1.7186851094073054e-10,0.00029368572265248377
59.5,0.0001276546891817374,1.449322901606746e-05,5.604698447109571e-07,2.0659204457768956e-06,7.521369684448711e-08,9.36592560134374e-08,1.704838505200114e-10,0.00029243011995162615
59.550000000000004,0.00012711705182804844,1.4427874899614405e-05,5.569703597453792e-07,2.0565192218984824e-06,7.474038165119525e-08,9.323276348361812e-08,1.691114109762304e-10,0.0002911806365429352
59.6,0.00012658198484678722,1.436285881499338e-05,5.534952932900987e-07,2.0471670831137715e-06,7.427039638582743e-08,9.280850223977177e-08,1.677510751206263e-10,0.0002899372391387746
59.650000000000006,0.0001260494745993081,1.4298178799525884e-05,5.500444572621567e-07,2.0378637416730618e-06,7.380371517864963e-08,9.238645915613396e-08,1.664027269769417e-10,0.00028869989465033305
59.7,0.00012551950752580148,1.4233832903107636e-05,5.4661766516183e-07,2.028608911688437e-06,7.334031237964861e-08,9.196662119228418e-08,1.6506625176797616e-10,0.0002874685701863392
59.75,0.00012499207014480507,1.4169819188120913e-05,5.432147320581826e-07,2.019402309120652e-06,7.288016255650837e-08,9.154897539254038e-08,1.6374153590228035e-10,0.00028624323305178196
59.800000000000004,0.00012446714905271915,1.4106135729347619e-05,5.398354745747655e-07,2.010243651766131e-06,7.242324049260686e-08,9.113350888535909e-08,1.6242846696101883e-10,0.0002850238507466425
59.85,0.0001239447309233249,1.4042780613883016e-05,5.36479710875456e-07,2.001132659244063e-06,7.196952118503277e-08,9.072020888274073e-08,1.6112693368498568e-10,0.00028381039096463443
59.900000000000006,0.00012342480250730523,1.3979751941050003e-05,5.331472606504316e-07,1.9920690529835835e-06,7.151897984262156e-08,9.030906267963809e-08,1.5983682596177335e-10,0.00028260282159195096
59.95,0.0001229073506317698,1.3917047822314172e-05,5.298379451022875e-07,1.98305255621107e-06,7.107159188401136e-08,8.990005765337035e-08,1.585580348130946e-10,0.0002814011107060235
60.0,0.00012239236219978202,1.3854666381199363e-05,5.265515869322845e-07,1.9740828939375176e-06,7.062733293571759e-08,8.949318126304123e-08,1.572904523822546e-10,0.00028020522657428625
60.050000000000004,0.00012187982418988991,1.3792605753203936e-05,5.232880103267344e-07,1.965159792946019e-06,7.018617883022694e-08,8.908842104896144e-08,1.5603397192176244e-10,0.00027901513765295097
60.1,0.00012136972365565991,1.3730864085717675e-05,5.200470409435202e-07,1.956282981779341e-06,6.974810560411035e-08,8.868576463207557e-08,1.5478848778109135e-10,0.0002778308125857905
60.150000000000006,0.00012086204772521317,1.3669439537939214e-05,5.168285058987419e-07,1.94745219072758e-06,6.931308949615395e-08,8.828519971339343e-08,1.5355389539460143e-10,0.00027665222020292844
60.2,0.00012035678360076577,1.3608330280794212e-05,5.136322337535005e-07,1.938667151815934e-06,6.888110694550926e-08,8.788671407342601e-08,1.5233009126957944e-10,0.00027547932951964044
60.25,0.000119853918558171,1.3547534496854014e-05,5.104580545008035e-07,1.9299275987925402e-06,6.845213458986071e-08,8.749029557162471e-08,1.5111697297442548e-10,0.0002743121097351603
60.300000000000004,0.00011935343994646524,1.3487050380254996e-05,5.073057995526036e-07,1.921233267116425e-06,6.802614926361197e-08,8.709593214582599e-08,1.4991443912699116e-10,0.000273150530231497
60.35,0.00011885533518741679,1.342687613661851e-05,5.041753017269627e-07,1.9125838939455383e-06,6.760312799608987e-08,8.670361181169963e-08,1.4872238938304352e-10,0.00027199456057225963
60.400000000000006,0.00011835959177507703,1.3367009982971341e-05,5.010663952353365e-07,1.9039792181248672e-06,6.71830480097657e-08,8.631332266220095e-08,1.4754072442486208e-10,0.000270844170501488
60.45,0.00011786619727533544,1.3307450147666892e-05,4.979789156699899e-07,1.89541898017466e-06,6.676588671849456e-08,8.59250528670281e-08,1.4636934594998163e-10,0.00026969932994249464
60.5,0.00011737513932547654,1.3248194870306809e-05,4.949126999915286e-07,1.8869029222787167e-06,6.635162172577117e-08,8.553879067208207e-08,1.4520815666005314e-10,0.000268560008996712
60.550000000000004,0.00011688640563374035,1.3189242401663287e-05,4.918675865165548e-07,1.878430788272782e-06,6.594023082300354e-08,8.515452439893214e-08,1.440570602498396e-10,0.00026742617794254955
60.6,0.00011639998397888577,1.3130591003601946e-05,4.88843414905444e-07,1.870002323633024e-06,6.553169198780357e-08,8.477224244428475e-08,1.4291596139634736e-10,0.00026629780723425793
60.650000000000006,0.00011591586220975604,1.3072238949005201e-05,4.858400261502359e-07,1.861617275464588e-06,6.512598338229357e-08,8.439193327945588e-08,1.4178476574807537e-10,0.0002651748675008002
60.7,0.00011543402824484813,1.301418452169632e-05,4.828572625626486e-07,1.8532753924902536e-06,6.472308335143041e-08,8.40135854498487e-08,1.406633799143984e-10,0.0002640573295447331
60.75,0.00011495447007188381,1.2956426016363919e-05,4.798949677622031e-07,1.8449764250391592e-06,6.432297042134518e-08,8.363718757443386e-08,1.3955171145506642e-10,0.0002629451643410927
60.800000000000004,0.00011447717574738426,1.2898961738487113e-05,4.76952986664467e-07,1.8367201250356232e-06,6.392562329769965e-08,8.326272834523429e-08,1.3844966886982827e-10,0.0002618383430362907
60.85,0.00011400213339624743,1.28417900042612e-05,4.740311654694117e-07,1.8285062459880485e-06,6.353102086405881e-08,8.289019652681438e-08,1.3735716158817806e-10,0.00026073683694701735
60.900000000000006,0.00011352933121132741,1.2784909140523831e-05,4.711293516498781e-07,1.8203345429778975e-06,6.31391421802786e-08,8.251958095577195e-08,1.362740999592229e-10,0.0002596406175591506
60.95,0.00011305875745301764,1.2728317484681844e-05,4.682473939401601e-07,1.8122047726487685e-06,6.274996648091038e-08,8.215087054023483e-08,1.352003952416676e-10,0.00025854965652667483
61.0,0.00011259040044883572,1.2672013384638504e-05,4.6538514232469226e-07,1.8041166931955353e-06,6.23634731736201e-08,8.178405425936057e-08,1.3413595959390336e-10,0.0002574639256706057
61.050000000000004,0.00011212424859301164,1.2615995198721387e-05,4.625424480268504e-07,1.7960700643535804e-06,6.197964183762328e-08,8.141912116284068e-08,1.330807060642316e-10,0.0002563833969779221
61.1,0.00011166029034607868,1.2560261295610777e-05,4.597191634978606e-07,1.7880646473881074e-06,6.159845222213545e-08,8.105606037040834e-08,1.3203454858119304e-10,0.00025530804260050737
61.150000000000006,0.00011119851423446624,1.2504810054268518e-05,4.5691514240581057e-07,1.7801002050835224e-06,6.121988424483678e-08,8.06948610713496e-08,1.3099740194400747e-10,0.00025423783485409475
61.2,0.00011073890885009636,1.244963986386751e-05,4.5413023962477354e-07,1.7721765017329128e-06,6.084391799035276e-08,8.033551252401856e-08,1.2996918181312416e-10,0.0002531727462172233
61.25,0.00011028146284998188,1.2394749123721609e-05,4.513643112240301e-07,1.764293303127585e-06,6.047053370874893e-08,7.997800405535575e-08,1.2894980470087305e-10,0.00025211274933019775
61.300000000000004,0.00010982616495582778,1.2340136243216121e-05,4.4861721445739844e-07,1.7564503765466935e-06,6.009971181404047e-08,7.962232506040984e-08,1.2793918796225187e-10,0.0002510578169940584
61.35,0.00010937300395363519,1.2285799641738808e-05,4.458888077526663e-07,1.7486474907469469e-06,5.973143288271623e-08,7.92684650018641e-08,1.2693724978579202e-10,0.0002500079221695566
61.400000000000006,0.00010892196869330723,1.2231737748611323e-05,4.431789507011213e-07,1.740884415952379e-06,5.936567765227659e-08,7.891641340956605e-08,1.2594390918453046e-10,0.0002489630379761365
61.45,0.00010847304808825846,1.2177949003021275e-05,4.4048750404718714e-07,1.7331609238442123e-06,5.900242701978659e-08,7.856615988006031e-08,1.249590859871072e-10,0.0002479231376909257
61.5,0.00010802623111502582,1.2124431853954663e-05,4.3781432967815364e-07,1.7254767875507815e-06,5.864166204044198e-08,7.82176940761247e-08,1.2398270082895554e-10,0.00024688819474773135
61.550000000000004,0.00010758150681288277,1.20711847601289e-05,4.351592906140087e-07,1.717831781637542e-06,5.828336392614954e-08,7.787100572630978e-08,1.2301467514358045e-10,0.0002458581827360428
61.6,0.00010713886428345588,1.2018206189926316e-05,4.3252225099736803e-07,1.7102256820971533e-06,5.792751404412152e-08,7.75260846244829e-08,1.220549311539536e-10,0.0002448330754000436
61.650000000000006,0.00010669829269034336,1.1965494621328089e-05,4.299030760834976e-07,1.7026582663396238e-06,5.757409391548293e-08,7.718292062937429e-08,1.2110339186400703e-10,0.00024381284663762596
61.7,0.00010625978125873685,1.1913048541848756e-05,4.273016322304366e-07,1.695129313182547e-06,5.7223085213892885e-08,7.684150366412811e-08,1.2015998105021822e-10,0.00024279747049941685
61.75,0.00010582331927504489,1.1860866448471112e-05,4.2471778688920976e-07,1.6876386028413932e-06,5.687446976417877e-08,7.650182371585518e-08,1.1922462325328952e-10,0.00024178692118780637
61.800000000000004,0.00010538889608651929,1.1808946847581646e-05,4.2215140859413673e-07,1.680185916919883e-06,5.6528229540983934e-08,7.61638708351896e-08,1.182972437699268e-10,0.0002407811730559853
61.85,0.00010495650110088402,1.175728825490646e-05,4.1960236695323386e-07,1.672771038400434e-06,5.618434666742852e-08,7.582763513584992e-08,1.1737776864472007e-10,0.00023978020060698942
61.900000000000006,0.00010452612378596582,1.1705889195447583e-05,4.1707053263870396e-07,1.6653937516346655e-06,5.584280341378239e-08,7.549310679420157e-08,1.1646612466211085e-10,0.00023878397849274745
61.95,0.00010409775366932816,1.1654748203419853e-05,4.145557773775222e-07,1.6580538423339918e-06,5.550358219615213e-08,7.516027604882421e-08,1.1556223933844544e-10,0.00023779248151313973
62.0,0.00010367138033790661,1.1603863822188168e-05,4.120579739421063e-07,1.6507510975602673e-06,5.516666557517947e-08,7.48291332000814e-08,1.1466604091412503e-10,0.00023680568461505947
62.050000000000004,0.00010324699343764718,1.1553234604205255e-05,4.0957699614107906e-07,1.6434853057165126e-06,5.483203625475263e-08,7.449966860969348e-08,1.1377745834585122e-10,0.00023582356289148236
62.1,0.00010282458267314697,1.1502859110949906e-05,4.0711271881011884e-07,1.6362562565377086e-06,5.449967708073047e-08,7.417187270031437e-08,1.1289642129895044e-10,0.0002348460915805427
62.150000000000006,0.00010240413780729667,1.145273591286558e-05,4.0466501780289354e-07,1.6290637410816488e-06,5.41695710396781e-08,7.384573595511056e-08,1.1202286013978907e-10,0.0002338732460646143
62.2,0.000101985648660926,1.1402863589299576e-05,4.022337699820858e-07,1.6219075517198735e-06,5.384170125761542e-08,7.352124891734404e-08,1.1115670592828183e-10,0.00023290500186939935
62.25,0.00010156910511245084,1.1353240728442537e-05,3.9981885321049866e-07,1.6147874821286572e-06,5.3516050998776905e-08,7.31984021899578e-08,1.102978904104785e-10,0.00023194133466302206
62.300000000000004,0.00010115449709752298,1.1303865927268468e-05,3.974201463422482e-07,1.6077033272800718e-06,5.3192603664383747e-08,7.287718643516458e-08,1.0944634601123407e-10,0.00023098222025512923
62.35,0.00010074181460868231,1.1254737791475188e-05,3.9503752921404057e-07,1.600654883433116e-06,5.2871342791427836e-08,7.255759237403897e-08,1.0860200582697086e-10,0.0002300276345959971
62.400000000000006,0.00010033104769501054,1.1205854935425153e-05,3.9267088263652806e-07,1.5936419481248994e-06,5.2552252051466775e-08,7.223961078611192e-08,1.0776480361851191e-10,0.0002290775537756431
62.45,9.992218646178806e-05,1.1157215982086816e-05,3.903200883857517e-07,1.5866643201619082e-06,5.223531524943111e-08,7.192323250896894e-08,1.0693467380400694e-10,0.00022813195402294543
62.5,9.95152210701522e-05,1.1108819562976301e-05,3.879850291946602e-07,1.5797217996113182e-06,5.192051632244237e-08,7.160844843785063e-08,1.0611155145193227e-10,0.00022719081170476663
62.550000000000004,9.911014173675817e-05,1.1060664318099583e-05,3.856655887447122e-07,1.5728141877923833e-06,5.160783933864289e-08,7.129524952525652e-08,1.052953722741685e-10,0.0002262541033250846
62.6,9.870693873344223e-05,1.1012748895895081e-05,3.8336165165755826e-07,1.5659412872678878e-06,5.129726849603637e-08,7.098362678055234e-08,1.0448607261916035e-10,0.00022532180552412877
62.650000000000006,9.830560238688648e-05,1.0965071953176608e-05,3.810731034867976e-07,1.5591029018356493e-06,5.0988788121339573e-08,7.067357126957899e-08,1.0368358946515608e-10,0.00022439389507752225
62.7,9.79061230782866e-05,1.0917632155076828e-05,3.7879983070981795e-07,1.552298836520101e-06,5.068238266884555e-08,7.036507411426571e-08,1.0288786041352958e-10,0.00022347034889543004
62.75,9.750849124302091e-05,1.0870428174991034e-05,3.7654172071970727e-07,1.5455288975639213e-06,5.0378036719296674e-08,7.005812649224451e-08,1.0209882368214751e-10,0.00022255114402171234
62.800000000000004,9.711269737032215e-05,1.0823458694521396e-05,3.742986618172449e-07,1.5387928924197326e-06,5.007573497876901e-08,6.975271963646912e-08,1.0131641809884868e-10,0.00022163625763308418
62.85,9.671873200295127e-05,1.0776722403421618e-05,3.7207054320296834e-07,1.5320906297418638e-06,4.9775462277567385e-08,6.944884483483682e-08,1.0054058309499076e-10,0.00022072566703828096
62.900000000000006,9.632658573687292e-05,1.0730217999541923e-05,3.698572549693116e-07,1.5254219193781609e-06,4.9477203569130485e-08,6.914649342981124e-08,9.977125869904748e-11,0.0002198193496772285
62.95,9.593624922093364e-05,1.0683944188774548e-05,3.6765868809282184e-07,1.5187865723618753e-06,4.918094392894694e-08,6.884565681804923e-08,9.900838553028895e-11,0.00021891728312022
63.0,9.554771315654151e-05,1.0637899684999526e-05,3.654747344264447e-07,1.5121844009035926e-06,4.8886668553480993e-08,6.854632645003009e-08,9.825190479255396e-11,0.00021801944506709764
63.050000000000004,9.516096829734826e-05,1.0592083210030933e-05,3.6330528669188535e-07,1.505615218383234e-06,4.859436275910886e-08,6.824849382968847e-08,9.750175826807077e-11,0.0002171258133464398
63.1,9.477600544893343e-05,1.0546493493563524e-05,3.6115023847204097e-07,1.4990788393421174e-06,4.830401198106529e-08,6.795215051404892e-08,9.67578883113338e-11,0.00021623636591475474
63.150000000000006,9.439281546849012e-05,1.0501129273119687e-05,3.590094842035013e-07,1.4925750794750616e-06,4.801560177239941e-08,6.765728811286303e-08,9.60202378430852e-11,0.00021535108085567797
63.2,9.401138926451344e-05,1.0455989293996882e-05,3.568829191691243e-07,1.4861037556225677e-06,4.77291178029413e-08,6.736389828825016e-08,9.528875034434431e-11,0.0002144699363791767
63.25,9.363171779649016e-05,1.0411072309215367e-05,3.547704394906763e-07,1.4796646857630408e-06,4.744454585827744e-08,6.707197275434004e-08,9.45633698505043e-11,0.00021359291082075868
63.300000000000004,9.325379207459103e-05,1.0366377079466358e-05,3.5267194212154446e-07,1.4732576890050797e-06,4.716187183873655e-08,6.678150327691837e-08,9.384404094549422e-11,0.00021271998264068613
63.35,9.287760315936487e-05,1.0321902373060568e-05,3.5058732483951743e-07,1.4668825855798209e-06,4.688108175838485e-08,6.649248167307478e-08,9.313070875601073e-11,0.00021185113042319662
63.400000000000006,9.250314216143425e-05,1.0277646965877064e-05,3.485164862396302e-07,1.4605391968333304e-06,4.660216174403076e-08,6.620489981085391e-08,9.242331894583131e-11,0.00021098633287572666
63.45,9.213040024119381e-05,1.0233609641312572e-05,3.464593257270806e-07,1.4542273452190662e-06,4.632509803423892e-08,6.591874960890882e-08,9.172181771015373e-11,0.00021012556882814287
63.5,9.175936860850976e-05,1.0189789190231062e-05,3.4441574351020757e-07,1.4479468542903801e-06,4.6049876978352904e-08,6.563402303615603e-08,9.102615177001437e-11,0.00020926881723197673
63.550000000000004,9.139003852242183e-05,1.0146184410913766e-05,3.423856405935373e-07,1.4416975486930833e-06,4.5776485035528405e-08,6.535071211143425e-08,9.033626836678981e-11,0.00020841605715966484
63.6,9.102240129084712e-05,1.0102794109009542e-05,3.40368918770895e-07,1.4354792541580673e-06,4.5504908773774775e-08,6.506880890316539e-08,8.965211525673655e-11,0.00020756726780379533
63.650000000000006,9.065644827028533e-05,1.005961709748555e-05,3.383654806185774e-07,1.4292917974939693e-06,4.523513486900548e-08,6.478830552901781e-08,8.897364070560454e-11,0.00020672242847635745
63.7,9.029217086552665e-05,1.0016652196578367e-05,3.363752294885932e-07,1.423135006579904e-06,4.496715010409784e-08,6.450919415557216e-08,8.830079348329752e-11,0.00020588151860799803
63.75,8.992956052936072e-05,9.973898233745361e-06,3.3439806950196275e-07,1.4170087103582363e-06,4.470094136796114e-08,6.423146699798966e-08,8.763352285859965e-11,0.00020504451774728128
63.800000000000004,8.956860876228801e-05,9.931354043616481e-06,3.324339055420819e-07,1.4109127388274122e-06,4.443649565461399e-08,6.395511631968273e-08,8.697177859397227e-11,0.0002042114055599549
63.85,8.920930711223302e-05,9.889018467946397e-06,3.3048264324814845e-07,1.4048469230348456e-06,4.417380006227006e-08,6.368013443198808e-08,8.631551094039707e-11,0.00020338216182822066
63.900000000000006,8.885164717425876e-05,9.846890355566911e-06,3.285441890086462e-07,1.3988110950698459e-06,4.3912841792432307e-08,6.340651369384201e-08,8.566467063227723e-11,0.00020255676645000899
63.95,8.849562059028389e-05,9.804968562339818e-06,3.2661844995489395e-07,1.3928050880566109e-06,4.3653608148996056e-08,6.313424651145878e-08,8.501920888239268e-11,0.00020173519943826016
64.0,8.814121904880086e-05,9.76325195111e-06,3.247053339546502e-07,1.3868287361472576e-06,4.339608653735992e-08,6.286332533801044e-08,8.437907737691136e-11,0.0002009174409202086
64.05,8.778843428459642e-05,9.72173939165894e-06,3.228047496057801e-07,1.3808818745149123e-06,4.314026446354549e-08,6.259374267330939e-08,8.374422827046951e-11,0.00020010347113667278
64.10000000000001,8.743725807847356e-05,9.680429760658506e-06,3.209166062299793e-07,1.374964339346845e-06,4.288612953332506e-08,6.23254910634934e-08,8.311461418129809e-11,0.0001992932704413497
64.15,8.708768225697574e-05,9.639321941625155e-06,3.190408138665586e-07,1.369075967837664e-06,4.263366945135776e-08,6.205856310071297e-08,8.249018818639708e-11,0.00019848681930011516
64.2,8.673969869211194e-05,9.59841482487433e-06,3.1717728326628077e-07,1.3632165981825413e-06,4.2382872020333094e-08,6.179295142282028e-08,8.187090381677177e-11,0.00019768409829032583
64.25,8.63932993010844e-05,9.557707307475312e-06,3.1532592588526e-07,1.3573860695705058e-06,4.213372514012326e-08,6.152864871306127e-08,8.125671505271797e-11,0.0001968850881001292
64.3,8.604847604601766e-05,9.517198293206339e-06,3.134866538789148e-07,1.3515842221777751e-06,4.188621680694283e-08,6.126564769976939e-08,8.064757631915214e-11,0.00019608976952777615
64.35000000000001,8.570522093368925e-05,9.47688669251003e-06,3.116593800959768e-07,1.3458108971611363e-06,4.164033511251648e-08,6.100394115606207e-08,8.004344248101809e-11,0.0001952981234809388
64.4,8.536352601526267e-05,9.43677142244921e-06,3.098440180725572e-07,1.340065936651382e-06,4.139606824325466e-08,6.074352189953937e-08,7.944426883871808e-11,0.00019451013097603355
64.45,8.5023383386021e-05,9.396851406662914e-06,3.0804048202626337e-07,1.3343491837467795e-06,4.115340447943626e-08,6.048438279198364e-08,7.885001112360133e-11,0.00019372577313754629
64.5,8.468478518510326e-05,9.357125575322839e-06,3.0624868685037415e-07,1.3286604825066008e-06,4.09123321943996e-08,6.022651673906295e-08,7.826062549351344e-11,0.00019294503119736514
64.55,8.434772359524194e-05,9.317592865090035e-06,3.0446854810806663e-07,1.3229996779446936e-06,4.067283985374064e-08,5.996991669003597e-08,7.767606852838006e-11,0.00019216788649411543
64.60000000000001,8.401219084250214e-05,9.278252219071918e-06,3.02699982026696e-07,1.3173666160230968e-06,4.043491601451848e-08,5.971457563745915e-08,7.709629722585298e-11,0.00019139432047249986
64.65,8.367817919602296e-05,9.239102586779638e-06,3.009429054921303e-07,1.311761143645711e-06,4.019854932446884e-08,5.9460486616896584e-08,7.652126899700508e-11,0.000190624314682644
64.7,8.334568096775947e-05,9.20014292408564e-06,2.9919723604313257e-07,1.3061831086520007e-06,3.996372852122355e-08,5.920764270662913e-08,7.595094166202462e-11,0.0001898578507794436
64.75,8.301468851222734e-05,9.16137219318165e-06,2.974628918657992e-07,1.300632359810753e-06,3.9730442431538684e-08,5.895603702736931e-08,7.538527344602985e-11,0.0001890949105219189
64.8,8.268519422624857e-05,9.12278936253689e-06,2.9573979178804733e-07,1.2951087468138768e-06,3.949867997052951e-08,5.870566274197779e-08,7.48242229749209e-11,0.00018833547577257195
64.85000000000001,8.235719054869889e-05,9.084393406856599e-06,2.9402785527415237e-07,1.2896121202702463e-06,3.9268430140911716e-08,5.8456513055179424e-08,7.426774927121199e-11,0.00018757952849674783
64.9,8.203066996025719e-05,9.046183307040909e-06,2.9232700241933827e-07,1.284142331699597e-06,3.9039682032250616e-08,5.820858121328362e-08,7.371581174996634e-11,0.00018682705076200197
64.95,8.170562498315563e-05,9.008158050143894e-06,2.906371539444124e-07,1.2786992335264481e-06,3.8812424820216486e-08,5.796186050390535e-08,7.316837021475904e-11,0.00018607802473746883
65.0,8.138204818093223e-05,8.970316629333028e-06,2.8895823119045446e-07,1.2732826790740863e-06,3.858664776584751e-08,5.771634425568919e-08,7.262538485368854e-11,0.000185332432693237
65.05,8.10599321581846e-05,8.932658043848877e-06,2.872901561135515e-07,1.267892522558583e-06,3.836234021481915e-08,5.7472025838034954e-08,7.208681623542835e-11,0.0001845902569997278
65.10000000000001,8.073926956032522e-05,8.895181298965065e-06,2.856328512795811e-07,1.2625286190828573e-06,3.813949159671996e-08,5.722889866082539e-08,7.155262530532143e-11,0.00018385148012707757
65.15,8.042005307333877e-05,8.857885405948605e-06,2.839862398590445e-07,1.2571908246307869e-06,3.791809142433488e-08,5.6986956174155584e-08,7.102277338151671e-11,0.0001831160846445252
65.2,8.010227542353996e-05,8.820769382020372e-06,2.823502456219427e-07,1.2518789960613458e-06,3.769812929293444e-08,5.6746191868064446e-08,7.049722215115278e-11,0.00018238405321980162
65.25,7.978592937733397e-05,8.783832250315993e-06,2.80724792932703e-07,1.2465929911028016e-06,3.747959487957071e-08,5.6506599272268575e-08,6.997593366658339e-11,0.0001816553686185257
65.3,7.947100774097786e-05,8.74707303984694e-06,2.791098067451505e-07,1.2413326683469451e-06,3.726247794237985e-08,5.626817195589737e-08,6.945887034162861e-11,0.00018093001370360253
65.35000000000001,7.915750336034347e-05,8.710490785461914e-06,2.7750521259752504e-07,1.236097887243361e-06,3.7046768319890714e-08,5.6030903527230324e-08,6.894599494790153e-11,0.00018020797143462612
65.4,7.88454091206823e-05,8.674084527808547e-06,2.759109366075453e-07,1.2308885080937479e-06,3.683245593034042e-08,5.579478763343657e-08,6.843727061114115e-11,0.00017948922486728705
65.45,7.853471794639105e-05,8.63785331329527e-06,2.7432690546751395e-07,1.2257043920462643e-06,3.661953077099561e-08,5.5559817960315677e-08,6.793266080758898e-11,0.0001787737571527817
65.5,7.82254228007794e-05,8.601796194053566e-06,2.7275304643947197e-07,1.22054540108993e-06,3.640798291748012e-08,5.5325988232040485e-08,6.743212936041769e-11,0.00017806155153722776
65.55,7.791751668583895e-05,8.565912227900423e-06,2.7118928735039386e-07,1.2154113980490583e-06,3.619780252310899e-08,5.50932922109021e-08,6.693564043619792e-11,0.0001773525913610823
65.60000000000001,7.761099264201346e-05,8.53020047830107e-06,2.696355565874276e-07,1.21030224657773e-06,3.598897981822839e-08,5.4861723697056684e-08,6.64431585414086e-11,0.00017664686005856384
65.65,7.73058437479712e-05,8.494660014332012e-06,2.6809178309317926e-07,1.2052178111543136e-06,3.578150510956175e-08,5.463127652827384e-08,6.595464851896179e-11,0.00017594434115707913
65.7,7.700206312037761e-05,8.459289910644234e-06,2.6655789636103606e-07,1.20015795707601e-06,3.5575368779561496e-08,5.4401944579686574e-08,6.547007554478633e-11,0.00017524501827665193
65.75,7.66996439136705e-05,8.424089247426767e-06,2.650338264305365e-07,1.1951225504534505e-06,3.537056128576723e-08,5.4173721763543616e-08,6.49894051244429e-11,0.0001745488751293571
65.8,7.63985793198361e-05,8.389057110370451e-06,2.6351950388278024e-07,1.1901114582053264e-06,3.516707316016946e-08,5.394660202896324e-08,6.451260308977487e-11,0.00017385589551875794
65.85000000000001,7.609886256818653e-05,8.354192590631973e-06,2.6201485983587927e-07,1.1851245480530569e-06,3.496489500857907e-08,5.372057936168878e-08,6.403963559559399e-11,0.00017316606333934683
65.9,7.580048692513915e-05,8.319494784798185e-06,2.6051982594045264e-07,1.1801616885155014e-06,3.4764017510002986e-08,5.349564778384625e-08,6.357046911640666e-11,0.00017247936257599084
65.95,7.550344569399641e-05,8.28496279485059e-06,2.590343343751575e-07,1.1752227489036968e-06,3.4564431416024903e-08,5.3271801353703226e-08,6.310507044317268e-11,0.00017179577730337857
66.0,7.520773221472799e-05,8.250595728130182e-06,2.575583178422648e-07,1.1703075993156451e-06,3.436612755019219e-08,5.3049034165429695e-08,6.264340668009605e-11,0.00017111529168547333
66.05,7.49133398637538e-05,8.216392697302463e-06,2.56091709563273e-07,1.1654161106311311e-06,3.416909680740804e-08,5.282734034886031e-08,6.218544524145586e-11,0.00017043788997496808
66.10000000000001,7.462026205372845e-05,8.182352820322732e-06,2.5463444327456104e-07,1.1605481545065775e-06,3.397333015332932e-08,5.260671406925916e-08,6.173115384847514e-11,0.00016976355651274446
66.15,7.43284922333274e-05,8.148475220401647e-06,2.531864532230829e-07,1.1557036033699438e-06,3.3778818623770033e-08,5.238714952708553e-08,6.128050052620532e-11,0.00016909227572733642
66.2,7.403802388703373e-05,8.114759025970943e-06,2.5174767416209674e-07,1.150882330415647e-06,3.358555332410973e-08,5.2168640957761144e-08,6.083345360046221e-11,0.00016842403213439497
66.25,7.374885053492697e-05,8.081203370649488e-06,2.503180413469365e-07,1.1460842095995317e-06,3.3393525428707825e-08,5.195118263143999e-08,6.038998169480048e-11,0.00016775881033615885
66.3,7.34609657324729e-05,8.047807393209523e-06,2.488974905308197e-07,1.1413091156338698e-06,3.320272618032286e-08,5.173476885277881e-08,5.995005372749864e-11,0.00016709659502092737
66.35000000000001,7.317436307031473e-05,8.014570237543147e-06,2.4748595796069275e-07,1.1365569239823966e-06,3.30131468895372e-08,5.1519393960709595e-08,5.951363890858593e-11,0.00016643737096253678
66.4,7.288903617406583e-05,7.98149105262908e-06,2.460833803731159e-07,1.1318275108553868e-06,3.282477893418712e-08,5.1305052328214274e-08,5.908070673690774e-11,0.00016578112301984124
66.45,7.260497870410319e-05,7.948568992499561e-06,2.446896949901809e-07,1.127120753204753e-06,3.2637613758797475e-08,5.1091738362099896e-08,5.865122699721606e-11,0.00016512783613619502
66.5,7.232218435536277e-05,7.915803216207587e-06,2.433048395154694e-07,1.1224365287191928e-06,3.2451642874022186e-08,5.0879446502775985e-08,5.822516975729429e-11,0.00016447749533894014
66.55,7.204064685713584e-05,7.883192887794318e-06,2.419287521300455e-07,1.117774715819363e-06,3.2266857856089355e-08,5.066817122403408e-08,5.7802505365112884e-11,0.00016383008573889613
66.60000000000001,7.176035997286662e-05,7.850737176256723e-06,2.405613714884845e-07,1.1131351936530872e-06,3.2083250346251436e-08,5.04579070328285e-08,5.738320444601265e-11,0.00016318559252985362
66.65,7.14813174999515e-05,7.818435255515488e-06,2.3920263671493917e-07,1.1085178420906063e-06,3.1900812050240656e-08,5.0248648469056415e-08,5.6967237899916813e-11,0.00016254400098807183
66.7,7.12035132695388e-05,7.78628630438307e-06,2.3785248739923688e-07,1.1039225417198461e-06,3.171953473772895e-08,5.004039010534297e-08,5.6554576898579114e-11,0.00016190529647177728
66.75,7.092694114633054e-05,7.754289506532055e-06,2.3651086359301634e-07,1.099349173841735e-06,3.153941024179303e-08,4.9833126546827676e-08,5.614519288286453e-11,0.00016126946442066844
66.8,7.06515950283851e-05,7.722444050463695e-06,2.3517770580589616e-07,1.094797620465545e-06,3.1360430458384184e-08,4.9626852430949304e-08,5.5739057560040725e-11,0.0001606364903554216
66.85000000000001,7.037746884692107e-05,7.690749129476672e-06,2.3385295500167804e-07,1.090267764304268e-06,3.118258734580291e-08,4.942156242723475e-08,5.533614290111725e-11,0.00016000635987720074
66.9,7.010455656612272e-05,7.65920394163611e-06,2.3253655259458584e-07,1.08575948877003e-06,3.100587292417842e-08,4.921725123708876e-08,5.4936421138210806e-11,0.0001593790586671713
66.95,6.983285218294599e-05,7.627807689742733e-06,2.312284404455343e-07,1.0812726779695252e-06,3.08302792749524e-08,4.9013913593584715e-08,5.453986476192789e-11,0.00015875457248601516
67.0,6.956234972692634e-05,7.596559581302313e-06,2.2992856085843492e-07,1.0768072166994937e-06,3.06557985403678e-08,4.881154426125774e-08,5.414644651878684e-11,0.00015813288717345073
67.05,6.929304325998755e-05,7.5654588284952915e-06,2.2863685657653276e-07,1.072362990442228e-06,3.04824229229621e-08,4.8610138035899e-08,5.375613940865724e-11,0.00015751398864775537
67.10000000000001,6.902492687625162e-05,7.534504648146615e-06,2.2735327077877592e-07,1.0679398853611079e-06,3.03101446850651e-08,4.840968974435085e-08,5.336891668223343e-11,0.00015689786290529051
67.15,6.875799470185029e-05,7.503696261695824e-06,2.2607774707621928e-07,1.0635377882961747e-06,3.013895614830135e-08,4.821019424430441e-08,5.2984751838534995e-11,0.00015628449602003133
67.2,6.849224089473693e-05,7.473032895167259e-06,2.2481022950845656e-07,1.0591565867597236e-06,2.9968849693096756e-08,4.801164642409782e-08,5.260361862243305e-11,0.00015567387414309707
67.25,6.822765964450049e-05,7.442513779140568e-06,2.2355066254008756e-07,1.0547961689319384e-06,2.9799817758189944e-08,4.781404120251609e-08,5.222549102220369e-11,0.0001550659835022868
67.3,6.796424517218003e-05,7.412138148721371e-06,2.222989910572153e-07,1.0504564236565538e-06,2.9631852840147796e-08,4.761737352859248e-08,5.185034326709942e-11,0.00015446081040161692
67.35000000000001,6.770199173008062e-05,7.381905243512128e-06,2.2105516036397394e-07,1.0461372404365456e-06,2.946494749288532e-08,4.742163838141134e-08,5.14781498249558e-11,0.00015385834122086156
67.4,6.744089360159061e-05,7.351814307583259e-06,2.1981911617908954e-07,1.041838509429857e-06,2.9299094327190074e-08,4.72268307699124e-08,5.110888539982521e-11,0.00015325856241509732
67.45,6.718094510099938e-05,7.321864589444372e-06,2.1859080463246775e-07,1.0375601214451447e-06,2.913428601025041e-08,4.703294573269604e-08,5.0742524929626984e-11,0.00015266146051424906
67.5,6.692214057331692e-05,7.2920553420157786e-06,2.1737017226181511e-07,1.0333019679375653e-06,2.8970515265188317e-08,4.683997833783029e-08,5.037904358382533e-11,0.00015206702212263972
67.55,6.666447439409425e-05,7.262385822600168e-06,2.1615716600928866e-07,1.0290639410045865e-06,2.8807774870596186e-08,4.664792368265894e-08,5.001841676113399e-11,0.0001514752339185432
67.60000000000001,6.640794096924481e-05,7.232855292854476e-06,2.149517332181752e-07,1.0248459333818263e-06,2.864605766007788e-08,4.645677689361131e-08,4.966062008724738e-11,0.00015088608265373946
67.65,6.615253473486752e-05,7.203463018761985e-06,2.137538216296017e-07,1.020647838438928e-06,2.8485356521793936e-08,4.626653312601324e-08,4.9305629412590793e-11,0.00015029955515307372
67.7,6.589825015707002e-05,7.1742082706045465e-06,2.1256337937927125e-07,1.0164695501754525e-06,2.8325664398010416e-08,4.607718756389917e-08,4.895342081009334e-11,0.00014971563831401642
67.75,6.564508173179393e-05,7.1450903229350675e-06,2.1138035499423122e-07,1.0123109632168113e-06,2.816697428465238e-08,4.5888735419826004e-08,4.8603970572992266e-11,0.00014913431910622803
67.8,6.539302398464064e-05,7.116108454550154e-06,2.1020469738966867e-07,1.0081719728102206e-06,2.800927923086086e-08,4.5701171934687766e-08,4.825725521265144e-11,0.00014855558457112583
67.85000000000001,6.514207147069839e-05,7.087261948462938e-06,2.0903635586573343e-07,1.0040524748206854e-06,2.7852572338553958e-08,4.55144923775319e-08,4.791325145640832e-11,0.00014797942182145357
67.9,6.489221877437057e-05,7.0585500918761395e-06,2.078752801043912e-07,9.999523657270163e-07,2.769684676199202e-08,4.532869204537711e-08,4.7571936245445254e-11,0.000147405818040854
67.95,6.464346050920459e-05,7.029972176155229e-06,2.0672142016630118e-07,9.958715426178635e-07,2.7542095707346186e-08,4.514376626303152e-08,4.723328673267551e-11,0.00014683476048344367
68.0,6.439579131772236e-05,7.001527496801859e-06,2.0557472648772416e-07,9.918099031877893e-07,2.7388312432271258e-08,4.4959710382913156e-08,4.689728028066032e-11,0.00014626623647339153
68.05,6.414920587125155e-05,6.973215353427438e-06,2.0443514987745665e-07,9.877673457333627e-07,2.7235490245482132e-08,4.4776519784871185e-08,4.6563894459540846e-11,0.00014570023340449884
68.10000000000001,6.390369886975786e-05,6.945035049726885e-06,2.0330264151379144e-07,9.8374376914928e-07,2.7083622506334023e-08,4.4594189876008316e-08,4.623310704499669e-11,0.0001451367387397831
68.15,6.365926504167873e-05,6.916985893452609e-06,2.0217715294150681e-07,9.797390729245206e-07,2.693270262440656e-08,4.4412716090505064e-08,4.590489601622593e-11,0.00014457574001106428
68.2,6.341589914375736e-05,6.889067196388589e-06,2.010586360688792e-07,9.75753157138516e-07,2.678272405909112e-08,4.423209388944426e-08,4.5579239553937775e-11,0.00014401722481855296
68.25,6.317359596087845e-05,6.8612782743247054e-06,1.9994704316472475e-07,9.717859224573575e-07,2.6633680319182303e-08,4.4052318760637696e-08,4.5256116038379605e-11,0.00014346118083044198
68.3,6.293235030590459e-05,6.833618447031217e-06,1.9884232685546563e-07,9.67837270130025e-07,2.6485564962472844e-08,4.387338621845358e-08,4.493550404737867e-11,0.0001429075957825005
68.35000000000001,6.269215701951374e-05,6.806087038233409e-06,1.9774444012222186e-07,9.63907101984642e-07,2.6338371595351956e-08,4.369529180364486e-08,4.4617382354398196e-11,0.00014235645747767044
68.4,6.2453010970038e-05,6.778683375586456e-06,1.9665333629793037e-07,9.59995320424761e-07,2.6192093872407712e-08,4.351803108317954e-08,4.430172992661971e-11,0.0001418077537856664
68.45,6.221490705330268e-05,6.751406790650382e-06,1.9556896906448617e-07,9.561018284256653e-07,2.6046725496032182e-08,4.334159965007179e-08,4.398852592305403e-11,0.00014126147264257626
68.5,6.197784019246715e-05,6.7242566188652654e-06,1.944912924499114e-07,9.522265295307066e-07,2.5902260216030528e-08,4.316599312321407e-08,4.367774969265642e-11,0.00014071760205046648
68.55,6.174180533786622e-05,6.697232199526581e-06,1.9342026082554784e-07,9.483693278476633e-07,2.5758691829233625e-08,4.299120714721031e-08,4.336938077246476e-11,0.00014017613007698867
68.60000000000001,6.150679746685257e-05,6.670332875760713e-06,1.9235582890327394e-07,9.445301280451222e-07,2.5616014179113802e-08,4.281723739221074e-08,4.306339888576864e-11,0.00013963704485498888
68.65,6.127281158364044e-05,6.6435579945006635e-06,1.9129795173274753e-07,9.407088353488932e-07,2.5474221155404355e-08,4.264407955374786e-08,4.2759783940286815e-11,0.00013910033458212006
68.7,6.103984271914972e-05,6.616906906461867e-06,1.902465846986698e-07,9.369053555384365e-07,2.533330669372184e-08,4.2471729352572946e-08,4.2458516026361e-11,0.00013856598752045573
68.75,6.080788593085154e-05,6.590378966118235e-06,1.892016835180759e-07,9.331195949433257e-07,2.5193264775192186e-08,4.2300182534494214e-08,4.215957541518071e-11,0.00013803399199610727
68.8,6.057693630261461e-05,6.5639735316783345e-06,1.8816320423764787e-07,9.293514604397297e-07,2.5054089426079882e-08,4.2129434870216066e-08,4.1862942557018936e-11,0.0001375043363988435
68.85000000000001,6.034698894455237e-05,6.537689965061722e-06,1.8713110323105096e-07,9.256008594469198e-07,2.4915774717420482e-08,4.1959482155179275e-08,4.156859807948137e-11,0.0001369770091817117
68.9,6.011803899287157e-05,6.511527631875486e-06,1.8610533719629453e-07,9.21867699923805e-07,2.477831476465632e-08,4.179032020940254e-08,4.1276522785788515e-11,0.00013645199886066296
68.95,5.989008160972101e-05,6.485485901390871e-06,1.85085863153113e-07,9.181518903654818e-07,2.4641703727275298e-08,4.162194487732483e-08,4.098669765306319e-11,0.00013592929401417763
69.0,5.966311198304194e-05,6.459564146520136e-06,1.8407263844037263e-07,9.144533397998185e-07,2.4505935808453197e-08,4.14543520276487e-08,4.069910383063213e-11,0.00013540888328289502
69.05,5.9437125326418995e-05,6.433761743793534e-06,1.8306562071349927e-07,9.107719577840562e-07,2.4371005254698577e-08,4.1287537553185465e-08,4.0413722638364006e-11,0.00013489075536924453
69.10000000000001,5.9212116878932126e-05,6.408078073336453e-06,1.8206476794192844e-07,9.071076544014354e-07,2.423690635550128e-08,4.1121497370700824e-08,4.0130535565007843e-11,0.00013437489903707939
69.15,5.8988081905009696e-05,6.38251251884674e-06,1.8107003840657896e-07,9.034603402578497e-07,2.4103633442983955e-08,4.095622742076142e-08,3.984952426654765e-11,0.00013386130311131308
69.2,5.876501569428189e-05,6.357064467572124e-06,1.800813906973458e-07,8.998299264785125e-07,2.3971180891556117e-08,4.0791723667582823e-08,3.9570670564591433e-11,0.00013334995647755707
69.25,5.854291356143565e-05,6.331733310287847e-06,1.7909878371061746e-07,8.962163247046569e-07,2.3839543117571846e-08,4.0627982098878437e-08,3.929395644476147e-11,0.00013284084808176186
69.3,5.8321770846070175e-05,6.306518441274426e-06,1.7812217664681325e-07,8.926194470902538e-07,2.370871457899023e-08,4.046499872570978e-08,3.901936405510441e-11,0.00013233396692986029
69.35000000000001,5.810158291255334e-05,6.281419258295556e-06,1.7715152900794216e-07,8.890392062987518e-07,2.3578689775038756e-08,4.030276958233727e-08,3.874687570452196e-11,0.00013182930208741205
69.4,5.788234514987929e-05,6.25643516257621e-06,1.7618680059518414e-07,8.854755154998456e-07,2.3449463245879645e-08,4.0141290726072204e-08,3.8476473861210815e-11,0.0001313268426792524
69.45,5.76640529715263e-05,6.231565558780807e-06,1.7522795150648933e-07,8.819282883662555e-07,2.3321029572279074e-08,3.9980558237129816e-08,3.820814115112418e-11,0.00013082657788914047
69.5,5.74467018153161e-05,6.206809854991609e-06,1.7427494213420122e-07,8.78397439070539e-07,2.3193383375279447e-08,3.9820568218483696e-08,3.7941860356451954e-11,0.00013032849695941248
69.55,5.723028714327384e-05,6.1821674626872205e-06,1.7332773316269874e-07,8.748828822819209e-07,2.3066519315874196e-08,3.966131679572046e-08,3.7677614414104734e-11,0.00012983258919063533
69.60000000000001,5.7014804441488804e-05,6.157637796721243e-06,1.7238628556605856e-07,8.713845331631435e-07,2.294043209468571e-08,3.950280011689581e-08,3.741538641422673e-11,0.00012933884394126315
69.65,5.6800249219976374e-05,6.133220275301105e-06,1.7145056060573908e-07,8.679023073673438e-07,2.281511645164607e-08,3.934501435239221e-08,3.71551595987209e-11,0.00012884725062729636
69.7,5.658661701254019e-05,6.108914319966964e-06,1.7052051982828173e-07,8.644361210349431e-07,2.2690567165680176e-08,3.9187955694776686e-08,3.689691735978185e-11,0.0001283577987219417
69.75,5.637390337663579e-05,6.08471935557083e-06,1.6959612506303467e-07,8.609858907905665e-07,2.2566779054392067e-08,3.9031620358659445e-08,3.6640643238446526e-11,0.00012787047775527572
69.8,5.6162103893234756e-05,6.060634810255786e-06,1.6867733841989488e-07,8.575515337399795e-07,2.244374697375382e-08,3.887600458055429e-08,3.6386320923167735e-11,0.00012738527731390956
69.85000000000001,5.595121416668972e-05,6.036660115435356e-06,1.6776412228706943e-07,8.541329674670452e-07,2.2321465817797027e-08,3.872110461873979e-08,3.613393424839861e-11,0.0001269021870406564
69.9,5.574122982460049e-05,6.012794705773047e-06,1.6685643932885755e-07,8.507301100307077e-07,2.2199930518307164e-08,3.856691675312089e-08,3.588346719318053e-11,0.0001264211966342009
69.95,5.553214651768041e-05,5.989038019161959e-06,1.6595425248344913e-07,8.473428799619853e-07,2.2079136044520276e-08,3.841343728509184e-08,3.5634903879762846e-11,0.00012594229584877002
70.0,5.5323959919624107e-05,5.965389496704602e-06,1.650575249607446e-07,8.439711962609955e-07,2.1959077402822638e-08,3.826066253740032e-08,3.538822857222505e-11,0.00012546547449380702
70.05,5.5116665726975776e-05,5.941848582692819e-06,1.6416622024019228e-07,8.406149783939948e-07,2.183974963645286e-08,3.810858885401173e-08,3.5143425675113914e-11,0.00012499072243364715
70.10000000000001,5.4910259658998283e-05,5.918414724587836e-06,1.632803020686444e-07,8.372741462904378e-07,2.1721147825206556e-08,3.795721259997509e-08,3.4900479732104e-11,0.00012451802958719454
70.15,5.470473745754333e-05,5.8950873730004976e-06,1.623997344582326e-07,8.339486203400625e-07,2.1603267085143676e-08,3.780653016129011e-08,3.465937542466243e-11,0.00012404738592760318
70.2,5.450009488692188e-05,5.8718659816715495e-06,1.6152448168425932e-07,8.306383213899858e-07,2.1486102568298086e-08,3.7656537944774057e-08,3.442009757072775e-11,0.00012357878148195716
70.25,5.4296327733775885e-05,5.848750007452135e-06,1.6065450828310948e-07,8.273431707418277e-07,2.1369649462389988e-08,3.750723237793067e-08,3.4182631123405905e-11,0.0001231122063309553
70.3,5.4093431806950594e-05,5.8257389102843836e-06,1.5978977905017905e-07,8.240630901488507e-07,2.1253902990540632e-08,3.73586099088193e-08,3.394696116968111e-11,0.0001226476506085966
70.35000000000001,5.389140293736758e-05,5.802832153182136e-06,1.5893025903782118e-07,8.207980018131191e-07,2.1138858410989484e-08,3.7210667005925126e-08,3.3713072929131426e-11,0.00012218510450186793
70.4,5.3690236977898855e-05,5.780029202211825e-06,1.580759135533111e-07,8.175478283826816e-07,2.1024511016814068e-08,3.7063400158030554e-08,3.348095175266637e-11,0.00012172455825043404
70.45,5.348992980324119e-05,5.7573295264734276e-06,1.5722670815682607e-07,8.14312492948764e-07,2.0910856135651855e-08,3.69168058740867e-08,3.325058312127663e-11,0.00012126600214632854
70.5,5.329047730979176e-05,5.734732598081605e-06,1.5638260865944497e-07,8.110919190429909e-07,2.0797889129424622e-08,3.677088068308685e-08,3.302195264478768e-11,0.00012080942653364799
70.55,5.309187541552426e-05,5.71223789214694e-06,1.5554358112116374e-07,8.078860306346208e-07,2.0685605394065423e-08,3.6625621133940104e-08,3.279504606063843e-11,0.00012035482180824727
70.60000000000001,5.28941200598658e-05,5.6898448867573005e-06,1.5470959184892764e-07,8.046947521278e-07,2.0574000359247875e-08,3.64810237953457e-08,3.2569849232665234e-11,0.00011990217841743696
70.65,5.269720720357483e-05,5.667553062959362e-06,1.5388060739468165e-07,8.015180083588418e-07,2.0463069488117554e-08,3.6337085255668796e-08,3.234634814989274e-11,0.0001194514868596831
70.7,5.25011328286192e-05,5.6453619047401874e-06,1.530565945534349e-07,7.983557245935117e-07,2.0352808277025618e-08,3.6193802122816465e-08,3.212452892534811e-11,0.00011900273768430777
70.75,5.2305892938055624e-05,5.623270899008996e-06,1.522375203613441e-07,7.952078265243423e-07,2.0243212255265134e-08,3.605117102411531e-08,3.19043777948882e-11,0.00011855592149119259
70.8,5.211148355590949e-05,5.601279535579027e-06,1.5142335209381207e-07,7.920742402679616e-07,2.0134276984809317e-08,3.5909188606189294e-08,3.168588111602576e-11,0.00011811102893048376
70.85000000000001,5.191790072705548e-05,5.5793873071495175e-06,1.5061405726360242e-07,7.889548923624394e-07,2.0025998060052038e-08,3.5767851534838376e-08,3.146902536677544e-11,0.00011766805070229868
70.9,5.172514051709916e-05,5.557593709287841e-06,1.4980960361897132e-07,7.858497097646556e-07,1.9918371107550952e-08,3.5627156494918395e-08,3.125379714451563e-11,0.00011722697755643515
70.95,5.1533199012258756e-05,5.535898240411696e-06,1.4900995914181284e-07,7.827586198476778e-07,1.9811391785772127e-08,3.5487100190221436e-08,3.104018316485313e-11,0.00011678780029208121
71.0,5.134207231924818e-05,5.5143004017714835e-06,1.4821509204582255e-07,7.796815503981665e-07,1.9705055784837367e-08,3.534767934335735e-08,3.082817026050365e-11,0.0001163505097575279
71.05,5.1151756565160535e-05,5.4927996974327655e-06,1.474249707746752e-07,7.766184296137915e-07,1.9599358826273643e-08,3.520889069563579e-08,3.061774538018486e-11,0.00011591509684988344
71.10000000000001,5.096224789735226e-05,5.471395634258846e-06,1.4663956400021803e-07,7.735691861006666e-07,1.949429666276441e-08,3.50707310069489e-08,3.040889558752653e-11,0.00011548155251478886
71.15,5.077354248332834e-05,5.450087721893497e-06,1.4585884062068058e-07,7.705337488708081e-07,1.9389865077903536e-08,3.4933197055655e-08,3.0201608059962084e-11,0.00011504986774613645
71.2,5.058563651062759e-05,5.428875472743739e-06,1.450827697588973e-07,7.675120473395985e-07,1.9286059885950694e-08,3.479628563846335e-08,2.9995870087666127e-11,0.00011462003358578839
71.25,5.039852618670923e-05,5.407758401962796e-06,1.4431132076054733e-07,7.645040113232772e-07,1.9182876931589206e-08,3.46599935703194e-08,2.9791669072499306e-11,0.00011419204112329851
71.3,5.021220773883986e-05,5.3867360274331455e-06,1.435444631924083e-07,7.615095710364435e-07,1.9080312089685995e-08,3.4524317684291035e-08,2.9588992526956254e-11,0.00011376588149563521
71.35000000000001,5.0026677413981136e-05,5.365807869749661e-06,1.427821668406247e-07,7.585286570895779e-07,1.897836126505339e-08,3.4389254831455025e-08,2.9387828073113636e-11,0.00011334154588690615
71.4,4.984193147867837e-05,5.344973452202917e-06,1.4202440170899194e-07,7.555612004865846e-07,1.887702039221325e-08,3.4254801880784534e-08,2.9188163441581715e-11,0.00011291902552808519
71.45,4.9657966218949294e-05,5.324232300762538e-06,1.4127113801725286e-07,7.526071326223396e-07,1.8776285435162677e-08,3.4120955719037687e-08,2.898998647050361e-11,0.00011249831169673973
71.5,4.947477794017404e-05,5.3035839440607125e-06,1.405223461994107e-07,7.496663852802647e-07,1.867615238714203e-08,3.398771325064689e-08,2.8793285104542926e-11,0.00011207939571676127
71.55,4.929236296698548e-05,5.283027913375802e-06,1.3977799690205513e-07,7.467388906299155e-07,1.857661727040474e-08,3.385507139760845e-08,2.859804739387281e-11,0.00011166226895809675
71.60000000000001,4.91107176431603e-05,5.262563742616044e-06,1.3903806098270257e-07,7.438245812245832e-07,1.847767613598921e-08,3.372302709937332e-08,2.8404261493187723e-11,0.00011124692283648172
71.65,4.8929838331510905e-05,5.242190968303402e-06,1.3830250950815125e-07,7.409233899989175e-07,1.8379325063492756e-08,3.359157731273815e-08,2.8211915660727396e-11,0.00011083334881317576
71.7,4.874972141377757e-05,5.221909129557463e-06,1.3757131375284834e-07,7.380352502665582e-07,1.8281560160847043e-08,3.346071901173748e-08,2.8020998257298373e-11,0.00011042153839469838
71.75,4.8570363290521646e-05,5.201717768079501e-06,1.3684444519727263e-07,7.351600957177902e-07,1.8184377564095786e-08,3.333044918753702e-08,2.783149774531379e-11,0.00011001148313256763
71.8,4.8391760381019256e-05,5.1816164281366115e-06,1.3612187552632984e-07,7.322978604172092e-07,1.8087773437174225e-08,3.3200764848326715e-08,2.764340268784143e-11,0.00010960317462303996
71.85000000000001,4.821390912315557e-05,5.161604656545967e-06,1.3540357662776156e-07,7.29448478801405e-07,1.7991743971690482e-08,3.30716630192151e-08,2.7456701747661197e-11,0.00010919660450685151
71.9,4.803680597331999e-05,5.141682002659185e-06,1.3468952059056834e-07,7.26611885676663e-07,1.7896285386708758e-08,3.2943140742124374e-08,2.7271383686332385e-11,0.0001087917644689617
71.95,4.7860447406301486e-05,5.121848018346761e-06,1.33979679703444e-07,7.237880162166735e-07,1.7801393928534416e-08,3.281519507568576e-08,2.7087437363266842e-11,0.00010838864623829726
72.0,4.768482991518504e-05,5.102102257982652e-06,1.332740264532252e-07,7.209768059602644e-07,1.7707065870500788e-08,3.2687823095136174e-08,2.6904851734812938e-11,0.00010798724158749896
72.05,4.750995001124849e-05,5.082444278428936e-06,1.3257253352335305e-07,7.181781908091452e-07,1.761329751275765e-08,3.256102189221538e-08,2.6723615853357233e-11,0.00010758754233266936
72.10000000000001,4.733580422385995e-05,5.062873639020577e-06,1.318751737923473e-07,7.153921070256655e-07,1.752008518206185e-08,3.2434788575063536e-08,2.654371886642137e-11,0.00010718954033312218
72.15,4.716238910037618e-05,5.043389901550312e-06,1.3118192033229462e-07,7.126184912305938e-07,1.7427425231569495e-08,3.2309120268119776e-08,2.63651500157753e-11,0.00010679322749113367
72.2,4.6989701206040986e-05,5.023992630253591e-06,1.3049274640734726e-07,7.098572804009013e-07,1.7335314040629762e-08,3.218401411202125e-08,2.6187898636561927e-11,0.00010639859575169467
72.25,4.68177371238848e-05,5.004681391793667e-06,1.2980762547223644e-07,7.071084118675705e-07,1.7243748014580634e-08,3.2059467263503184e-08,2.601195415642302e-11,0.00010600563710226492
72.3,4.664649345462458e-05,4.985455755246757e-06,1.291265311707972e-07,7.04371823313413e-07,1.7152723584546234e-08,3.1935476895298904e-08,2.58373060946391e-11,0.00010561434357252874
72.35000000000001,4.6475966816564305e-05,4.966315292087305e-06,1.2844943733450515e-07,7.016474527709029e-07,1.7062237207236137e-08,3.1812040196041316e-08,2.5663944061275346e-11,0.0001052247072341519
72.4,4.630615384549636e-05,4.947259576173363e-06,1.2777631798102703e-07,6.989352386200275e-07,1.6972285364746055e-08,3.1689154370165186e-08,2.5491857756340196e-11,0.00010483672020054099
72.45,4.613705119460297e-05,4.928288183732026e-06,1.2710714731278092e-07,6.962351195861454e-07,1.688286456436004e-08,3.156681663780855e-08,2.5321036968946765e-11,0.00010445037462660256
72.5,4.5968655534358774e-05,4.909400693345005e-06,1.2644189971551056e-07,6.935470347378669e-07,1.679397133835491e-08,3.1445024234716425e-08,2.515147157648392e-11,0.00010406566270850537
72.55,4.5800963552433705e-05,4.8905966859342765e-06,1.2578054975687054e-07,6.908709234849427e-07,1.670560224380594e-08,3.1323774412144875e-08,2.4983151543804145e-11,0.00010368257668344346
72.60000000000001,4.5633971953596446e-05,4.871875744747823e-06,1.251230721850234e-07,6.882067255761702e-07,1.661775386239415e-08,3.1203064436765034e-08,2.4816066922400945e-11,0.00010330110882940045
72.65,4.546767745961875e-05,4.853237455345498e-06,1.2446944192724902e-07,6.855543810973148e-07,1.653042280021545e-08,3.10828915905684e-08,2.465020784961015e-11,0.00010292125146491615
72.7,4.530207680917982e-05,4.834681405584925e-06,1.2381963408856413e-07,6.82913830469037e-07,1.6443605687591116e-08,3.0963253170772326e-08,2.4485564547821065e-11,0.00010254299694885334
72.75,4.513716675777176e-05,4.81620718560755e-06,1.2317362395035474e-07,6.802850144448431e-07,1.635729917888003e-08,3.0844146489726566e-08,2.4322127323683005e-11,0.00010216633768016714
72.8,4.497294407760535e-05,4.797814387824755e-06,1.2253138696901922e-07,6.776678741090447e-07,1.6271499952292452e-08,3.072556887481999e-08,2.4159886567324692e-11,0.00010179126609767524
72.85000000000001,4.480940555751639e-05,4.779502606904061e-06,1.2189289877462258e-07,6.750623508747317e-07,1.6186204709705285e-08,3.0607517668388306e-08,2.399883275158195e-11,0.00010141777467982962
72.9,4.4646548002872836e-05,4.7612714397554576e-06,1.212581351695629e-07,6.72468386481762e-07,1.610141017647903e-08,3.048999022762245e-08,2.383895643123754e-11,0.0001010458559444902
72.95,4.448436823548202e-05,4.743120485517758e-06,1.2062707212724672e-07,6.698859229947581e-07,1.6017113101276057e-08,3.037298392447699e-08,2.3680248242263395e-11,0.00010067550244869862
73.0,4.432286309349893e-05,4.725049345545105e-06,1.1999968579077774e-07,6.673149028011246e-07,1.5933310255880518e-08,3.025649614557979e-08,2.3522698901067093e-11,0.00010030670678845486
73.05,4.416202943133477e-05,4.707057623393534e-06,1.1937595247165482e-07,6.647552686090738e-07,1.5849998435019786e-08,3.014052429214205e-08,2.3366299203751886e-11,9.993946159849431e-05
73.10000000000001,4.400186411956608e-05,4.689144924807632e-06,1.1875584864848122e-07,6.622069634456648e-07,1.576717445618733e-08,3.0025065779868797e-08,2.321104002538442e-11,9.957375955206665e-05
73.15,4.384236404484461e-05,4.671310857707299e-06,1.181393509656852e-07,6.59669930654861e-07,1.568483515946716e-08,2.991011803887022e-08,2.305691231926433e-11,9.920959336071612e-05
73.2,4.3683526109807346e-05,4.653555032174556e-06,1.1752643623224947e-07,6.571441138955899e-07,1.56029774073595e-08,2.979567851357332e-08,2.290390711620533e-11,9.884695577406248e-05
73.25,4.352534723298745e-05,4.635877060440483e-06,1.1691708142045293e-07,6.546294571398268e-07,1.5521598084608132e-08,2.9681744662634548e-08,2.2752015523822736e-11,9.84858395795843e-05
73.3,4.336782434872554e-05,4.6182765568722216e-06,1.1631126366462177e-07,6.521259046706842e-07,1.5440694098029126e-08,2.9568313958852706e-08,2.2601228725826934e-11,9.812623760240284e-05
73.35000000000001,4.321095440708151e-05,4.6007531379600625e-06,1.1570896025989108e-07,6.496334010805162e-07,1.5360262376341e-08,2.9455383889082182e-08,2.2451537981322462e-11,9.776814270506761e-05
73.4,4.305473437374711e-05,4.583306422304639e-06,1.1511014866097735e-07,6.471518912690377e-07,1.5280299869996144e-08,2.934295195414758e-08,2.2302934624116956e-11,9.741154778734345e-05
73.45,4.2899161229958546e-05,4.565936030604159e-06,1.1451480648095946e-07,6.446813204414495e-07,1.520080355101377e-08,2.9231015668758056e-08,2.215541006203692e-11,9.705644578599801e-05
73.5,4.2744231972410135e-05,4.548641585641769e-06,1.1392291149007137e-07,6.422216341065824e-07,1.5121770412814478e-08,2.9119572561422554e-08,2.2008955776247307e-11,9.670282967459179e-05
73.55,4.2589943613168175e-05,4.531422712272975e-06,1.1333444161450395e-07,6.397727780750509e-07,1.5043197470055658e-08,2.9008620174365974e-08,2.1863563320576875e-11,9.635069246326842e-05
73.60000000000001,4.243629317958538e-05,4.514279037413144e-06,1.1274937493521651e-07,6.373346984574184e-07,1.496508175846864e-08,2.8898156063445268e-08,2.17192243208552e-11,9.600002719854682e-05
73.65,4.2283277714216005e-05,4.49721019002512e-06,1.1216768968675908e-07,6.349073416623776e-07,1.4887420334697253e-08,2.8788177798066505e-08,2.1575930474255762e-11,9.565082696311473e-05
73.7,4.2130894274731115e-05,4.480215801106863e-06,1.1158936425610276e-07,6.324906543949368e-07,1.481021027613735e-08,2.8678682961102265e-08,2.1433673548639837e-11,9.530308487562276e-05
73.75,4.197913993383469e-05,4.463295503679218e-06,1.1101437718148103e-07,6.300845836546245e-07,1.4733448680777971e-08,2.8569669148809783e-08,2.1292445381912405e-11,9.495679409048054e-05
73.8,4.1828011779180096e-05,4.446448932773747e-06,1.104427071512401e-07,6.276890767337033e-07,1.4657132667043713e-08,2.8461133970749404e-08,2.1152237881378764e-11,9.461194779765359e-05
73.85000000000001,4.1677506913287036e-05,4.429675725420634e-06,1.0987433300269847e-07,6.25304081215394e-07,1.4581259373638426e-08,2.835307504970371e-08,2.1013043023115642e-11,9.426853922246171e-05
73.9,4.152762245345918e-05,4.412975520636694e-06,1.0930923372101659e-07,6.229295449721157e-07,1.4505825959390253e-08,2.8245490021597487e-08,2.0874852851343254e-11,9.392656162537871e-05
73.95,4.13783555317019e-05,4.3963479594134145e-06,1.0874738843807434e-07,6.205654161637318e-07,1.443082960309772e-08,2.8138376535417375e-08,2.073765947779623e-11,9.358600830183284e-05
74.0,4.1229703294640896e-05,4.3797926847051195e-06,1.0818877643135923e-07,6.182116432358118e-07,1.4356267503377338e-08,2.80317322531328e-08,2.060145508111548e-11,9.324687258200883e-05
74.05,4.10816629034411e-05,4.36330934141719e-06,1.076333771228628e-07,6.158681749179029e-07,1.4282136878512449e-08,2.7925554849617385e-08,2.0466231906240507e-11,9.290914783065131e-05
74.10000000000001,4.093423153372606e-05,4.34689757639436e-06,1.070811700779862e-07,6.135349602218127e-07,1.4208434966303155e-08,2.7819842012570617e-08,2.0331982263801904e-11,9.257282744686892e-05
74.15,4.0787406375498045e-05,4.330557038409112e-06,1.0653213500445537e-07,6.112119484399067e-07,1.4135159023917562e-08,2.7714591442439837e-08,2.019869852952053e-11,9.223790486394044e-05
74.2,4.064118463305814e-05,4.3142873781500986e-06,1.0598625175124356e-07,6.088990891434089e-07,1.4062306327744318e-08,2.760980085234313e-08,2.006637314362102e-11,9.190437354912079e-05
74.25,4.049556352492731e-05,4.298088248210694e-06,1.0544350030750423e-07,6.065963321807223e-07,1.3989874173246272e-08,2.7505467967993034e-08,1.9934998610246874e-11,9.157222700344959e-05
74.3,4.035054028376765e-05,4.281959303077583e-06,1.049038608015118e-07,6.043036276757554e-07,1.3917859874815314e-08,2.7401590527619838e-08,1.980456749687671e-11,9.124145876156016e-05
74.35000000000001,4.020611215630419e-05,4.265900199119443e-06,1.0436731349961105e-07,6.020209260262605e-07,1.3846260765628542e-08,2.7298166281895924e-08,1.9675072433750254e-11,9.091206239148961e-05
74.4,4.00622764032473e-05,4.249910594575703e-06,1.038338388051759e-07,5.99748177902186e-07,1.3775074197505522e-08,2.7195192993860833e-08,1.9546506113299538e-11,9.058403149449085e-05
74.45,3.991903029921516e-05,4.23399014954534e-06,1.0330341725757502e-07,5.974853342440329e-07,1.3704297540766604e-08,2.7092668438846297e-08,1.9418861289585652e-11,9.025735970484455e-05
74.5,3.977637113265712e-05,4.2181385259758e-06,1.0277602953114754e-07,5.952323462612283e-07,1.3633928184092617e-08,2.699059040440212e-08,1.92921307777403e-11,8.99320406896732e-05
74.55,3.96342962057773e-05,4.202355387651949e-06,1.0225165643418625e-07,5.929891654305071e-07,1.3563963534385608e-08,2.6888956690222405e-08,1.9166307453412504e-11,8.96080681487561e-05
74.60000000000001,3.949280283445864e-05,4.186640400185116e-06,1.0173027890792899e-07,5.907557434943032e-07,1.3494401016630629e-08,2.678776510807223e-08,1.9041384252221732e-11,8.928543581434514e-05
74.65,3.935188834818762e-05,4.170993231002217e-06,1.0121187802555907e-07,5.885320324591552e-07,1.34252380737589e-08,2.6687013481715042e-08,1.891735416921575e-11,8.896413745098233e-05
74.7,3.921155008997897e-05,4.155413549334906e-06,1.0069643499121228e-07,5.863179845941157e-07,1.3356472166511847e-08,2.658669964684029e-08,1.8794210258333146e-11,8.864416685531755e-05
74.75,3.907178541630131e-05,4.139901026208848e-06,1.001839311389934e-07,5.841135524291779e-07,1.3288100773306273e-08,2.648682145099142e-08,1.8671945631872255e-11,8.832551785592824e-05
74.8,3.893259169700298e-05,4.1244553344330295e-06,9.967434793200001e-08,5.819186887537086e-07,1.3220121390100811e-08,2.6387376753494646e-08,1.8550553459962005e-11,8.800818431313978e-05
74.85000000000001,3.879396631523828e-05,4.109076148589146e-06,9.916766696135418e-08,5.797333466148912e-07,1.3152531530263298e-08,2.628836342538837e-08,1.8430026970047768e-11,8.769216011884693e-05
74.9,3.865590666739444e-05,4.093763145021074e-06,9.866386994524273e-08,5.77557479316183e-07,1.3085328724439301e-08,2.6189779349352225e-08,1.8310359446369535e-11,8.737743919633686e-05
74.95,3.8518410163018505e-05,4.078516001824373e-06,9.816293872796378e-08,5.753910404157763e-07,1.3018510520421687e-08,2.6091622419637405e-08,1.819154422944656e-11,8.706401550011228e-05
75.0,3.838147422474518e-05,4.063334398835892e-06,9.766485527898249e-08,5.732339837250745e-07,1.2952074483021299e-08,2.5993890541997337e-08,1.8073574715578675e-11,8.67518830157166e-05
75.05,3.824509628822476e-05,4.048218017623428e-06,9.716960169199366e-08,5.710862633071757e-07,1.2886018193938612e-08,2.5896581633618138e-08,1.795644435633997e-11,8.64410357595597e-05
75.10000000000001,3.810927380205164e-05,4.033166541475448e-06,9.6677160183992e-08,5.689478334753667e-07,1.2820339251636462e-08,2.5799693623050332e-08,1.7840146658082765e-11,8.613146777874473e-05
75.15,3.7974004227693295e-05,4.018179655390899e-06,9.61875130943505e-08,5.668186487916288e-07,1.2755035271213895e-08,2.5703224450140834e-08,1.7724675181446616e-11,8.582317315089641e-05
75.2,3.78392850394194e-05,4.00325704606904e-06,9.570064288390488e-08,5.646986640651482e-07,1.2690103884280893e-08,2.5607172065964895e-08,1.761002354086968e-11,8.551614598398948e-05
75.25,3.770511372423172e-05,3.9883984018993815e-06,9.521653213404677e-08,5.625878343508413e-07,1.2625542738834225e-08,2.5511534432758904e-08,1.7496185404104676e-11,8.521038041617913e-05
75.3,3.757148778179417e-05,3.973603412951676e-06,9.473516354582363e-08,5.604861149478876e-07,1.2561349499134243e-08,2.5416309523853826e-08,1.7383154491743517e-11,8.490587061563186e-05
75.35000000000001,3.7438404724363394e-05,3.958871770965961e-06,9.425651993904582e-08,5.583934613982703e-07,1.2497521845582734e-08,2.5321495323608638e-08,1.7270924576743778e-11,8.46026107803577e-05
75.4,3.730586207671986e-05,3.9442031693426945e-06,9.378058425140155e-08,5.563098294853315e-07,1.2434057474601753e-08,2.5227089827344302e-08,1.7159489483957428e-11,8.430059513804338e-05
75.45,3.717385737609899e-05,3.929597303132912e-06,9.330733953757759e-08,5.542351752323294e-07,1.2370954098513368e-08,2.5133091041278152e-08,1.70488430896698e-11,8.39998179458861e-05
75.5,3.704238817212311e-05,3.915053869028484e-06,9.283676896838833e-08,5.521694549010117e-07,1.2308209445420405e-08,2.503949698245906e-08,1.693897932113289e-11,8.370027349042891e-05
75.55,3.691145202673358e-05,3.900572565352423e-06,9.236885582991134e-08,5.501126249901944e-07,1.2245821259088215e-08,2.4946305678702588e-08,1.6829892156114076e-11,8.340195608739672e-05
75.60000000000001,3.678104651412337e-05,3.886153092049243e-06,9.190358352262981e-08,5.480646422343495e-07,1.2183787298827455e-08,2.4853515168526697e-08,1.6721575622449892e-11,8.310486008153346e-05
75.65,3.665116922067013e-05,3.871795150675408e-06,9.144093556058225e-08,5.460254636022063e-07,1.2122105339377652e-08,2.476112350108827e-08,1.6614023797590595e-11,8.280897984644022e-05
75.7,3.652181774486938e-05,3.8574984443898e-06,9.098089557051828e-08,5.439950462953546e-07,1.2060773170791689e-08,2.4669128736118888e-08,1.6507230808163136e-11,8.251430978441403e-05
75.75,3.639298969726842e-05,3.843262677944287e-06,9.052344729106192e-08,5.419733477468632e-07,1.1999788598321442e-08,2.457752894386237e-08,1.6401190829530925e-11,8.222084432628815e-05
75.8,3.626468270040043e-05,3.829087557674331e-06,9.006857457188123e-08,5.399603256199048e-07,1.193914944230415e-08,2.448632220501221e-08,1.629589808535566e-11,8.192857793127298e-05
75.85000000000001,3.613689438871897e-05,3.814972791489661e-06,8.961626137286452e-08,5.379559378063888e-07,1.1878853538049769e-08,2.4395506610649048e-08,1.6191346847171803e-11,8.163750508679791e-05
75.9,3.600962240853308e-05,3.8009180888650174e-06,8.916649176330381e-08,5.359601424256068e-07,1.181889873572926e-08,2.4305080262179396e-08,1.6087531433960546e-11,8.134762030835457e-05
75.95,3.588286441794233e-05,3.786923160830921e-06,8.871924992108352e-08,5.339728978228802e-07,1.1759282900263635e-08,2.4215041271273507e-08,1.5984446211725392e-11,8.105891813934016e-05
76.0,3.575661808677268e-05,3.7729877199645416e-06,8.827452013187699e-08,5.319941625682229e-07,1.1700003911214182e-08,2.412538775980497e-08,1.588208559307507e-11,8.077139315090262e-05
76.05,3.563088109651251e-05,3.7591114803806027e-06,8.783228678834865e-08,5.300238954550098e-07,1.1641059662673287e-08,2.403611785978988e-08,1.578044403680979e-11,8.048503994178618e-05
76.10000000000001,3.550565114024899e-05,3.7452941577223444e-06,8.73925343893627e-08,5.280620554986531e-07,1.1582448063156234e-08,2.394722971332639e-08,1.5679516047508843e-11,8.019985313817802e-05
76.15,3.538092592260507e-05,3.7315354691525655e-06,8.695524753919859e-08,5.26108601935291e-07,1.1524167035493954e-08,2.3858721472535282e-08,1.5579296175128948e-11,7.991582739355613e-05
76.2,3.525670315967643e-05,3.7178351333446807e-06,8.652041094677167e-08,5.241634942204778e-07,1.1466214516726443e-08,2.3770591299500193e-08,1.547977901459986e-11,7.963295738853725e-05
76.25,3.513298057896918e-05,3.7041928704738758e-06,8.608800942486115e-08,5.222266920278895e-07,1.1408588457997316e-08,2.368283736620878e-08,1.5380959205426238e-11,7.935123783072669e-05
76.3,3.500975591933775e-05,3.6906084022083007e-06,8.565802788934368e-08,5.202981552480349e-07,1.1351286824448857e-08,2.3595457854493856e-08,1.5282831431287203e-11,7.90706634545685e-05
76.35000000000001,3.488702693092311e-05,3.6770814517003155e-06,8.523045135843291e-08,5.183778439869736e-07,1.129430759511821e-08,2.3508450955975154e-08,1.5185390419649265e-11,7.879122902119658e-05
76.4,3.4764791375091564e-05,3.663611743577815e-06,8.480526495192587e-08,5.164657185650453e-07,1.123764876283438e-08,2.342181487200158e-08,1.508863094138607e-11,7.851292931828706e-05
76.45,3.464304702437356e-05,3.6501990039355666e-06,8.438245389045408e-08,5.145617395156035e-07,1.1181308334115747e-08,2.333554781359341e-08,1.499254781038441e-11,7.82357591599109e-05
76.5,3.452179166240315e-05,3.6368429603266456e-06,8.396200349474172e-08,5.126658675837605e-07,1.112528432906883e-08,2.3249648001385104e-08,1.489713588316818e-11,7.795971338638805e-05
76.55,3.44010230838577e-05,3.623543341753901e-06,8.354389918486915e-08,5.10778063725139e-07,1.1069574781287544e-08,2.316411366556866e-08,1.48023900585236e-11,7.768478686414192e-05
76.60000000000001,3.428073909439789e-05,3.6102998786614804e-06,8.312812647954236e-08,5.088982891046317e-07,1.1014177737753399e-08,2.3078943045837125e-08,1.4708305277122728e-11,7.741097448555511e-05
76.65,3.4160937510608294e-05,3.597112302926424e-06,8.271467099536871e-08,5.070265050951713e-07,1.0959091258736492e-08,2.2994134391328345e-08,1.4614876521154413e-11,7.713827116882621e-05
76.7,3.404161615993792e-05,3.5839803478502757e-06,8.230351844613717e-08,5.051626732765025e-07,1.090431341769719e-08,2.290968596056949e-08,1.4522098813962555e-11,7.686667185782643e-05
76.75,3.3922772880641456e-05,3.5709037481507863e-06,8.18946546421056e-08,5.03306755433968e-07,1.0849842301188763e-08,2.2825596021421432e-08,1.4429967219680104e-11,7.659617152195834e-05
76.80000000000001,3.380440552172065e-05,3.5578822399536434e-06,8.148806548929289e-08,5.014587135572987e-07,1.0795676008760604e-08,2.274186285102378e-08,1.433847684286914e-11,7.632676515601461e-05
76.85000000000001,3.368651194286626e-05,3.54491556078428e-06,8.108373698877735e-08,4.996185098394151e-07,1.0741812652862429e-08,2.2658484735740443e-08,1.4247622828167022e-11,7.605844778003821e-05
76.9,3.3569090014399956e-05,3.5320034495596943e-06,8.068165523599964e-08,4.977861066752302e-07,1.0688250358749057e-08,2.2575459971105016e-08,1.4157400359935373e-11,7.579121443918263e-05
76.95,3.3452137617216936e-05,3.5191456465803617e-06,8.028180642007212e-08,4.959614666604666e-07,1.0634987264386041e-08,2.2492786861767012e-08,1.4067804661907083e-11,7.552506020357378e-05
77.0,3.3335652642728704e-05,3.5063418935221768e-06,7.98841768230933e-08,4.941445525904776e-07,1.0582021520356043e-08,2.241046372143821e-08,1.3978830996842002e-11,7.525998016817226e-05
77.05000000000001,3.321963299280617e-05,3.493591933428448e-06,7.948875281946772e-08,4.923353274590756e-07,1.052935128976589e-08,2.2328488872839225e-08,1.3890474666189296e-11,7.499596945263646e-05
77.10000000000001,3.310407657972324e-05,3.4808955107019608e-06,7.909552087523152e-08,4.905337544573719e-07,1.047697474815453e-08,2.2246860647646797e-08,1.380273100974113e-11,7.473302320118683e-05
77.15,3.298898132610045e-05,3.468252371097053e-06,7.870446754738236e-08,4.887397969726173e-07,1.0424890083401463e-08,2.216557738644109e-08,1.3715595405299194e-11,7.447113658247023e-05
77.2,3.287434516484918e-05,3.455662261711779e-06,7.831557948321589e-08,4.869534185870557e-07,1.03730954956361e-08,2.2084637438653504e-08,1.3629063268344255e-11,7.421030478942606e-05
77.25,3.27601660391161e-05,3.4431249309801045e-06,7.79288434196666e-08,4.851745830767832e-07,1.0321589197147821e-08,2.2004039162514427e-08,1.3543130051701145e-11,7.39505230391522e-05
77.30000000000001,3.264644190222791e-05,3.430640128664149e-06,7.754424618265403e-08,4.834032544106126e-07,1.0270369412296667e-08,2.192378092500197e-08,1.345779124521681e-11,7.369178657277254e-05
77.35000000000001,3.253317071763654e-05,3.418207605846497e-06,7.716177468643461e-08,4.816393967489504e-07,1.0219434377424817e-08,2.1843861101790943e-08,1.3373042375434587e-11,7.343409065530496e-05
77.4,3.242035045886441e-05,3.4058271149225218e-06,7.678141593295755e-08,4.79882974442673e-07,1.0168782340768647e-08,2.1764278077201397e-08,1.3288879005273953e-11,7.317743057553e-05
77.45,3.230797910945024e-05,3.393498409592792e-06,7.640315701122687e-08,4.781339520320169e-07,1.0118411562371707e-08,2.1685030244148044e-08,1.3205296733709737e-11,7.292180164586039e-05
77.5,3.219605466289511e-05,3.381221244855509e-06,7.602698509666792e-08,4.7639229424547306e-07,1.0068320313998132e-08,2.1606116004090103e-08,1.3122291195459426e-11,7.266719920221154e-05
77.55000000000001,3.2084575122608744e-05,3.368995376998993e-06,7.565288745049877e-08,4.7465796599868776e-07,1.0018506879046835e-08,2.152753376698144e-08,1.3039858060674464e-11,7.241361860387244e-05
77.60000000000001,3.197353850185634e-05,3.3568205635942304e-06,7.528085141910716e-08,4.729309323933735e-07,9.968969552466505e-09,2.1449281951221156e-08,1.2957993034631573e-11,7.216105523337797e-05
77.65,3.1862942823705346e-05,3.344696563487439e-06,7.491086443343131e-08,4.712111587162218e-07,9.919706640671084e-09,2.137135898360378e-08,1.2876691857424e-11,7.190950449638098e-05
77.7,3.175278612097286e-05,3.3326231367927078e-06,7.454291400834648e-08,4.694986104378276e-07,9.870716461456045e-09,2.1293763299270024e-08,1.27959503036514e-11,7.165896182152596e-05
77.75,3.164306643617321e-05,3.3206000448846715e-06,7.417698774205595e-08,4.6779325321161776e-07,9.821997343915188e-09,2.1216493341658728e-08,1.2715764182132776e-11,7.140942266032325e-05
77.80000000000001,3.153378182146581e-05,3.3086270503912276e-06,7.381307331548678e-08,4.6609505287278727e-07,9.773547628358256e-09,2.1139547562458025e-08,1.263612933560102e-11,7.116088248702363e-05
77.85000000000001,3.142493033860347e-05,3.296703917186318e-06,7.345115849169067e-08,4.6440397543724367e-07,9.725365666229157e-09,2.1062924421557545e-08,1.2557041640407981e-11,7.091333679849453e-05
77.9,3.131651005888072e-05,3.284830410382721e-06,7.309123111524863e-08,4.6271998710055346e-07,9.677449820024685e-09,2.0986622387000387e-08,1.2478497006236764e-11,7.066678111409568e-05
77.95,3.1208519063082734e-05,3.273006296324923e-06,7.273327911168131e-08,4.610430542369005e-07,9.629798463214083e-09,2.091063993493557e-08,1.2400491375808521e-11,7.042121097555661e-05
78.0,3.110095544143436e-05,3.261231342582016e-06,7.237729048686316e-08,4.5937314339804845e-07,9.582409980159143e-09,2.0834975549571142e-08,1.2323020724596748e-11,7.017662194685448e-05
78.05000000000001,3.099381729354951e-05,3.2495053179406446e-06,7.202325332644159e-08,4.5771022131230925e-07,9.53528276603489e-09,2.0759627723126905e-08,1.2246081060542922e-11,6.993300961409241e-05
78.10000000000001,3.0887102728380914e-05,3.2378279923980073e-06,7.16711557952609e-08,4.5605425488352073e-07,9.48841522675096e-09,2.0684594955788407e-08,1.2169668423778445e-11,6.969036958537907e-05
78.15,3.078080986416996e-05,3.2261991371548726e-06,7.132098613678976e-08,4.544052111900264e-07,9.441805778873604e-09,2.0609875755660294e-08,1.2093778886342362e-11,6.944869749070834e-05
78.2,3.0674936828397035e-05,3.214618524608672e-06,7.097273267255404e-08,4.5276305748366594e-07,9.395452849548224e-09,2.053546863872035e-08,1.201840855190538e-11,6.920798898184011e-05
78.25,3.056948175773204e-05,3.2030859283466165e-06,7.062638380157377e-08,4.511277611887694e-07,9.34935487642262e-09,2.046137212877308e-08,1.194355355549624e-11,6.896823973218169e-05
78.30000000000001,3.0464442797985194e-05,3.1916011231388605e-06,7.028192799980437e-08,4.494992899011585e-07,9.303510307570754e-09,2.0387584757404993e-08,1.1869210063231649e-11,6.872944543666986e-05
78.35000000000001,3.0359818104058275e-05,3.1801638849317205e-06,6.993935381958266e-08,4.4787761138715613e-07,9.257917601417119e-09,2.03141050639402e-08,1.1795374272049528e-11,6.849160181165382e-05
78.4,3.0255605839895823e-05,3.1687739908409067e-06,6.959864988907625e-08,4.462626935825975e-07,9.212575226661748e-09,2.024093159539431e-08,1.1722042409438954e-11,6.825470459477834e-05
78.45,3.0151804178436942e-05,3.1574312191448273e-06,6.925980491173826e-08,4.446545045918522e-07,9.167481662205785e-09,2.0168062906430503e-08,1.16492107331781e-11,6.801874954486815e-05
78.5,3.004841130156721e-05,3.1461353492779196e-06,6.892280766576569e-08,4.4305301268684955e-07,9.122635397077625e-09,2.009549755931497e-08,1.1576875531072931e-11,6.778373244181282e-05
78.55000000000001,2.9945425400070894e-05,3.1348861618240224e-06,6.858764700356198e-08,4.4145818630611095e-07,9.07803493035963e-09,2.0023234123872955e-08,1.1505033120699988e-11,6.754964908645205e-05
78.60000000000001,2.9842844673583563e-05,3.123683438509805e-06,6.825431185120439e-08,4.3986999405378994e-07,9.033678771115472e-09,1.9951271177445374e-08,1.1433679849149842e-11,6.731649530046222e-05
78.65,2.974066733054469e-05,3.112526962198207e-06,6.792279120791424e-08,4.382884046987141e-07,8.989565438317967e-09,1.987960730484454e-08,1.1362812092769488e-11,6.708426692624287e-05
78.7,2.9638891588150812e-05,3.101416516881948e-06,6.759307414553247e-08,4.367133871734376e-07,8.945693460777528e-09,1.9808241098311668e-08,1.129242625691321e-11,6.685295982680442e-05
78.75,2.953751567230884e-05,3.090351887677064e-06,6.72651498079988e-08,4.3514491057329714e-07,8.902061377071093e-09,1.9737171157474173e-08,1.1222518775692905e-11,6.662256988565642e-05
78.80000000000001,2.9436537817589597e-05,3.0793328608164844e-06,6.693900741083466e-08,4.335829441554733e-07,8.858667735471741e-09,1.9666396089302312e-08,1.1153086111731257e-11,6.639309300669622e-05
78.85000000000001,2.933595626718179e-05,3.0683592236436617e-06,6.661463624063086e-08,4.320274573380611e-07,8.815511093878776e-09,1.9595914508067436e-08,1.1084124755917998e-11,6.616452511409874e-05
78.9,2.9235769272845962e-05,3.057430764606213e-06,6.629202565453818e-08,4.3047841969914153e-07,8.7725900197483e-09,1.9525725035299275e-08,1.1015631227162884e-11,6.59368621522063e-05
78.95,2.9135975094868993e-05,3.0465472732496293e-06,6.597116507976281e-08,4.2893580097586283e-07,8.729903090024437e-09,1.9455826299744396e-08,1.0947602072159208e-11,6.571010008541961e-05
79.0,2.9036572002018702e-05,3.035708540211011e-06,6.565204401306522e-08,4.273995710635255e-07,8.687448891070919e-09,1.938621693732477e-08,1.0880033865146324e-11,6.548423489808912e-05
79.05000000000001,2.8937558271498733e-05,3.0249143572128385e-06,6.533465202026295e-08,4.258697000146741e-07,8.645226018603616e-09,1.9316895591096688e-08,1.081292320767111e-11,6.525926259440711e-05
79.10000000000001,2.883893218890382e-05,3.0141645170568027e-06,6.501897873573766e-08,4.2434615803819536e-07,8.603233077623093e-09,1.9247860911209282e-08,1.0746266728356262e-11,6.503517919830058e-05
79.15,2.8740692048175055e-05,3.0034588136176366e-06,6.470501386194499e-08,4.2282891549841797e-07,8.561468682347779e-09,1.917911155486344e-08,1.0680061082667028e-11,6.48119807533242e-05
79.2,2.864283615155566e-05,2.992797041837019e-06,6.439274716892935e-08,4.2131794291422327e-07,8.519931456147988e-09,1.9110646186271837e-08,1.0614302952679926e-11,6.458966332255455e-05
79.25,2.8545362809546886e-05,2.9821789977175017e-06,6.408216849384161e-08,4.198132109581581e-07,8.478620031480129e-09,1.904246347661815e-08,1.0548989046857794e-11,6.436822298848455e-05
79.30000000000001,2.8448270340864186e-05,2.9716044783164714e-06,6.377326774046089e-08,4.183146904555543e-07,8.437533049821589e-09,1.8974562104017435e-08,1.0484116099823467e-11,6.414765585291876e-05
79.35000000000001,2.835155707239373e-05,2.961073281740167e-06,6.34660348787202e-08,4.168223523836546e-07,8.396669161606072e-09,1.8906940753476397e-08,1.0419680872139329e-11,6.392795803686924e-05
79.4,2.8255221339148947e-05,2.9505852071377004e-06,6.316045994423501e-08,4.153361678707409e-07,8.356027026159341e-09,1.8839598116853684e-08,1.0355680150083839e-11,6.370912568045176e-05
79.45,2.815926148422754e-05,2.9401400546951488e-06,6.285653303783619e-08,4.1385610819527147e-07,8.315605311635594e-09,1.8772532892820205e-08,1.0292110745429101e-11,6.349115494278285e-05
79.5,2.8063675858768652e-05,2.929737625629664e-06,6.255424432510618e-08,4.123821447850213e-07,8.275402694954313e-09,1.8705743786820518e-08,1.0228969495228095e-11,6.327404200187766e-05
79.55000000000001,2.7968462821910246e-05,2.9193777221836205e-06,6.225358403591877e-08,4.109142492162289e-07,8.235417861737505e-09,1.8639229511034207e-08,1.0166253261598067e-11,6.305778305454776e-05
79.60000000000001,2.7873620740746885e-05,2.9090601476188137e-06,6.195454246398269e-08,4.0945239321274937e-07,8.195649506247581e-09,1.8572988784336816e-08,1.0103958931505243e-11,6.284237431630055e-05
79.65,2.7779147990287467e-05,2.8987847062106655e-06,6.165710996638788e-08,4.079965486452087e-07,8.156096331325535e-09,1.8507020332261688e-08,1.0042083416554605e-11,6.262781202123799e-05
79.7,2.768504295341348e-05,2.888551203242494e-06,6.13612769631562e-08,4.0654668753016787e-07,8.116757048329722e-09,1.8441322886962216e-08,9.980623652783174e-12,6.241409242195703e-05
79.75,2.7591304020837362e-05,2.8783594449998043e-06,6.106703393679513e-08,4.051027820292899e-07,8.077630377075102e-09,1.8375895187173713e-08,9.919576600449625e-12,6.220121178945008e-05
79.80000000000001,2.749792959106109e-05,2.8682092387646134e-06,6.077437143185482e-08,4.0366480444851185e-07,8.038715045772921e-09,1.8310735978175686e-08,9.858939243829152e-12,6.198916641300601e-05
79.85000000000001,2.7404918070335144e-05,2.858100392809826e-06,6.048328005448883e-08,4.022327272372246e-07,8.000009790970843e-09,1.8245844011754627e-08,9.798708591008783e-12,6.17779526001122e-05
79.9,2.731226787261744e-05,2.8480327163936164e-06,6.019375047201772e-08,4.008065229874536e-07,7.961513357493537e-09,1.8181218046166782e-08,9.738881673683364e-12,6.156756667635646e-05
79.95,2.7219977419532763e-05,2.8380060197538704e-06,5.990577341249651e-08,3.993861644330474e-07,7.923224498383831e-09,1.811685684610148e-08,9.679455546960869e-12,6.135800498533015e-05
80.0,2.7128045140332287e-05,2.8280201141026517e-06,5.961933966428512e-08,3.9797162444887063e-07,7.885141974844152e-09,1.8052759182644102e-08,9.620427289162765e-12,6.114926388853142e-05
80.05000000000001,2.7036469471853343e-05,2.8180748116206994e-06,5.9334440075622183e-08,3.965628760500018e-07,7.847264556178536e-09,1.798892383323977e-08,9.561794001624184e-12,6.0941339765269384e-05
80.10000000000001,2.6945248858479536e-05,2.808169925451973e-06,5.9051065554202356e-08,3.9515989239093787e-07,7.809591019735038e-09,1.7925349581657322e-08,9.503552808501087e-12,6.0734229012568686e-05
80.15,2.6854381752100825e-05,2.7983052696982054e-06,5.876920706675616e-08,3.937626467647994e-07,7.772120150848533e-09,1.7862035217953025e-08,9.445700856577492e-12,6.052792804507433e-05
80.2,2.6763866612074105e-05,2.788480659413514e-06,5.848885563863378e-08,3.923711126025448e-07,7.734850742784145e-09,1.779897953843483e-08,9.388235315074682e-12,6.0322433294957595e-05
80.25,2.6673701905183868e-05,2.7786959105990348e-06,5.821000235339163e-08,3.90985263472188e-07,7.697781596680819e-09,1.7736181345626893e-08,9.331153375459144e-12,6.0117741211822124e-05
80.30000000000001,2.658388610560309e-05,2.768950840197584e-06,5.7932638352382134e-08,3.896050730780204e-07,7.660911521495529e-09,1.7673639448234302e-08,9.274452251256814e-12,5.991384826261063e-05
80.35000000000001,2.6494417694854478e-05,2.7592452660883734e-06,5.765675483434685e-08,3.8823051525983926e-07,7.624239333947988e-09,1.7611352661107837e-08,9.218129177868016e-12,5.971075093151243e-05
80.4,2.6405295161771667e-05,2.7495790070817227e-06,5.7382343055012074e-08,3.868615639921777e-07,7.587763858465535e-09,1.7549319805209107e-08,9.162181412381315e-12,5.950844571987088e-05
80.45,2.631651700246091e-05,2.739951882913838e-06,5.710939432668831e-08,3.8549819338354326e-07,7.55148392712854e-09,1.7487539707575917e-08,9.106606233389839e-12,5.930692914609204e-05
80.5,2.6228081720262837e-05,2.730363714241606e-06,5.6837900017872194e-08,3.841403776756583e-07,7.515398379616362e-09,1.7426011201287596e-08,9.051400940812031e-12,5.910619774555335e-05
80.55000000000001,2.6139987825714448e-05,2.7208143226374176e-06,5.6567851552851585e-08,3.827880912427061e-07,7.479506063153611e-09,1.7364733125430913e-08,8.99656285571264e-12,5.890624807051317e-05
80.60000000000001,2.605223383651144e-05,2.7113035305840424e-06,5.62992404113141e-08,3.814413085905829e-07,7.443805832456651e-09,1.7303704325066164e-08,8.94208932012675e-12,5.870707669002081e-05
80.65,2.5964818277470502e-05,2.7018311614695023e-06,5.603205812795769e-08,3.801000043561522e-07,7.408296549680897e-09,1.7242923651192937e-08,8.887977696871752e-12,5.850868018982671e-05
80.7,2.5877739680492058e-05,2.692397039582005e-06,5.576629629210499e-08,3.7876415330650524e-07,7.372977084368229e-09,1.7182389960716703e-08,8.834225369381428e-12,5.8311055172293625e-05
80.75,2.579099658452312e-05,2.6830009901048974e-06,5.550194654732028e-08,3.7743373033822443e-07,7.337846313394754e-09,1.71221021164155e-08,8.780829741540708e-12,5.811419825630805e-05
80.80000000000001,2.5704587535520324e-05,2.673642839111645e-06,5.523900059102926e-08,3.761087104766531e-07,7.302903120919181e-09,1.706205898690674e-08,8.727788237503165e-12,5.7918106077192166e-05
80.85000000000001,2.5618511086413335e-05,2.66432241356086e-06,5.497745017414209e-08,3.7478906887517037e-07,7.268146398331558e-09,1.7002259446614144e-08,8.675098301523623e-12,5.772277528661661e-05
80.9,2.5532765797068166e-05,2.655039541291329e-06,5.4717287100678556e-08,3.734747808144667e-07,7.233575044202282e-09,1.6942702375734477e-08,8.622757397788354e-12,5.752820255251307e-05
80.95,2.5447350234250993e-05,2.645794051017103e-06,5.4458503227396816e-08,3.7216582170182774e-07,7.1991879642314935e-09,1.688338666020547e-08,8.570763010251222e-12,5.73343845589881e-05
81.0,2.5362262971592024e-05,2.636585772322597e-06,5.4201090463424516e-08,3.7086216707042094e-07,7.164984071198976e-09,1.6824311191673592e-08,8.519112642467207e-12,5.7141318006237026e-05
81.05000000000001,2.5277502589549587e-05,2.627414535657724e-06,5.394504076989276e-08,3.6956379257858653e-07,7.130962284914399e-09,1.6765474867461288e-08,8.467803817425102e-12,5.6948999610458465e-05
81.10000000000001,2.5193067675374535e-05,2.6182801723330716e-06,5.369034615957321e-08,3.6827067400913426e-07,7.097121532167845e-09,1.6706876590535074e-08,8.416834077387678e-12,5.675742610376946e-05
81.15,2.510895682307461e-05,2.609182514515081e-06,5.3436998696517115e-08,3.66982787268641e-07,7.063460746680801e-09,1.6648515269474036e-08,8.366200983732637e-12,5.65665942341207e-05
81.2,2.5025168633379252e-05,2.6001213952212794e-06,5.3184990495697875e-08,3.657001083867566e-07,7.029978869057556e-09,1.6590389818438154e-08,8.315902116789572e-12,5.637650076521268e-05
81.25,2.494170171370449e-05,2.591096648315533e-06,5.293431372265592e-08,3.6442261351551164e-07,6.996674846736775e-09,1.653249915713661e-08,8.265935075683486e-12,5.6187142476412154e-05
81.30000000000001,2.4858554678118023e-05,2.582108108503324e-06,5.2684960593146136e-08,3.631502789286301e-07,6.963547633943734e-09,1.647484221079674e-08,8.216297478176392e-12,5.599851616266896e-05
81.35000000000001,2.477572614730461e-05,2.5731556113270714e-06,5.243692337278845e-08,3.618830810208474e-07,6.930596191642727e-09,1.6417417910133015e-08,8.166986960512262e-12,5.5810618634433674e-05
81.4,2.469321474853145e-05,2.5642389931614553e-06,5.2190194376720373e-08,3.606209963072293e-07,6.897819487489713e-09,1.6360225191316236e-08,8.118001177262703e-12,5.562344671757522e-05
81.45,2.461101911561394e-05,2.5553580912087935e-06,5.1944765969252655e-08,3.59364001422498e-07,6.865216495785647e-09,1.6303262995942654e-08,8.069337801179992e-12,5.543699725329939e-05
81.5,2.4529137888881572e-05,2.5465127434944337e-06,5.170063056352729e-08,3.581120731203615e-07,6.832786197429935e-09,1.62465302710036e-08,8.020994523040217e-12,5.525126709806763e-05
81.55000000000001,2.4447569715143966e-05,2.5377027888621747e-06,5.145778062117814e-08,3.568651882728472e-07,6.8005275798742605e-09,1.619002596885539e-08,7.972969051488792e-12,5.5066253123516306e-05
81.60000000000001,2.436631324765724e-05,2.5289280669697265e-06,5.1216208651994393e-08,3.556233238696398e-07,6.768439637076827e-09,1.6133749047189046e-08,7.925259112899086e-12,5.48819522163767e-05
81.65,2.4285367146090333e-05,2.5201884182841734e-06,5.097590721358579e-08,3.543864570174212e-07,6.736521369456892e-09,1.607769846900047e-08,7.877862451224053e-12,5.469836127839482e-05
81.7,2.4204730076491738e-05,2.51148368407749e-06,5.073686891105121e-08,3.531545649392169e-07,6.7047717838497026e-09,1.6021873202560523e-08,7.83077682784889e-12,5.4515477226252394e-05
81.75,2.4124400711256323e-05,2.502813706422072e-06,5.0499086396649246e-08,3.519276249737457e-07,6.673189893461695e-09,1.5966272221385682e-08,7.78400002144616e-12,5.433329699148785e-05
81.80000000000001,2.4044377729092324e-05,2.4941783281862904e-06,5.0262552369471266e-08,3.507056145747723e-07,6.641774717826066e-09,1.5910894504208914e-08,7.737529827834598e-12,5.415181752041795e-05
81.85000000000001,2.3964659814988643e-05,2.485577393030092e-06,5.0027259575117334e-08,3.4948851131046636e-07,6.610525282758706e-09,1.5855739034949548e-08,7.691364059833207e-12,5.3971035774059925e-05
81.9,2.388524566018211e-05,2.4770107454005954e-06,4.9793200805373834e-08,3.482762928627616e-07,6.579440620314424e-09,1.580080480268501e-08,7.645500547123141e-12,5.379094872805372e-05
81.95,2.380613396212513e-05,2.46847823052774e-06,4.9560368897894205e-08,3.4706893702672247e-07,6.54851976874351e-09,1.5746090801622253e-08,7.599937136106464e-12,5.361155337258508e-05
82.0,2.3727323424453433e-05,2.4599796944199504e-06,4.932875673588165e-08,3.4586642170991266e-07,6.5177617724486315e-09,1.5691596031068384e-08,7.554671689768646e-12,5.343284671230885e-05
82.05000000000001,2.364881275695398e-05,2.451514983859827e-06,4.909835724777426e-08,3.4466872493176743e-07,6.4871656819420495e-09,1.5637319495402656e-08,7.509702087542642e-12,5.325482576627278e-05
82.10000000000001,2.3570600675533168e-05,2.4430839463998707e-06,4.886916340693285e-08,3.4347582482297197e-07,6.456730553803237e-09,1.558326020404789e-08,7.465026225169199e-12,5.307748756784189e-05
82.15,2.3492685902184986e-05,2.434686430358215e-06,4.8641168231330395e-08,3.422876996248397e-07,6.426455450636633e-09,1.5529417171442572e-08,7.42064201456622e-12,5.290082916462286e-05
82.2,2.341506716495958e-05,2.426322284814404e-06,4.84143647832445e-08,3.411043276886975e-07,6.396339441029848e-09,1.5475789417012797e-08,7.37654738369523e-12,5.2724847618389335e-05
82.25,2.3337743197931884e-05,2.417991359605184e-06,4.818874616895177e-08,3.3992568747527386e-07,6.366381599512138e-09,1.5422375965144182e-08,7.332740276422814e-12,5.2549540005007406e-05
82.30000000000001,2.3260712741170412e-05,2.4096935053203225e-06,4.796430553842455e-08,3.3875175755408994e-07,6.3365810065132065e-09,1.536917584515452e-08,7.289218652393401e-12,5.23749034143615e-05
82.35000000000001,2.3183974540706344e-05,2.4014285732984624e-06,4.774103608503014e-08,3.37582516602856e-07,6.306936748322407e-09,1.531618809126655e-08,7.245980486903236e-12,5.220093495028089e-05
82.4,2.3107527348502567e-05,2.3931964156229775e-06,4.751893104523169e-08,3.364179434068684e-07,6.2774479170480256e-09,1.52634117425801e-08,7.203023770766292e-12,5.2027631730466294e-05
82.45,2.3031369922423114e-05,2.384996885117878e-06,4.729798369829185e-08,3.3525801685841374e-07,6.248113610577042e-09,1.5210845843045308e-08,7.160346510187908e-12,5.185499088641718e-05
82.5,2.2955501026202636e-05,2.376829835343726e-06,4.7078187365978415e-08,3.3410271595617485e-07,6.218932932535179e-09,1.5158489441435723e-08,7.117946726637512e-12,5.168300956335939e-05
82.55000000000001,2.2879919429416085e-05,2.3686951205935807e-06,4.685953541227207e-08,3.3295201980464e-07,6.189904992247185e-09,1.5106341591321237e-08,7.075822456723458e-12,5.151168492017311e-05
82.60000000000001,2.280462390744864e-05,2.360592595888971e-06,4.664202124307671e-08,3.318059076135176e-07,6.1610289046974725e-09,1.5054401351041687e-08,7.033971752069297e-12,5.13410141293215e-05
82.65,2.2729613241465606e-05,2.3525221169758786e-06,4.642563830593118e-08,3.3066435869715137e-07,6.132303790490996e-09,1.500266778368015e-08,6.9923926791894386e-12,5.1170994376779234e-05
82.7,2.2654886218382686e-05,2.3444835403207614e-06,4.621038008972385e-08,3.2952735247394203e-07,6.103728775814448e-09,1.4951139957036882e-08,6.951083319366919e-12,5.1001622861962e-05
82.75,2.2580441630836316e-05,2.3364767231065927e-06,4.599624012440896e-08,3.283948684657706e-07,6.0753029923977896e-09,1.4899816943603055e-08,6.910041768533905e-12,5.083289679765601e-05
82.80000000000001,2.250627827715416e-05,2.328501523228923e-06,4.578321198072503e-08,3.272668862974256e-07,6.047025577476005e-09,1.4848697820534536e-08,6.869266137149579e-12,5.0664813409948116e-05
82.85000000000001,2.2432394961325884e-05,2.320557799291976e-06,4.557128926991577e-08,3.261433856960357e-07,6.0188956737511056e-09,1.479778166962635e-08,6.82875455008092e-12,5.049736993815635e-05
82.9,2.235879049297387e-05,2.3126454106047462e-06,4.5360465643452314e-08,3.2502434649050145e-07,5.990912429354552e-09,1.4747067577286899e-08,6.78850514648616e-12,5.0330563634760535e-05
82.95,2.228546368732431e-05,2.304764217177143e-06,4.51507347927582e-08,3.2390974861093456e-07,5.963074997809868e-09,1.4696554634512329e-08,6.7485160796964405e-12,5.0164391765333684e-05
83.0,2.2212413365178367e-05,2.2969140797161455e-06,4.494209044893605e-08,3.227995720880985e-07,5.935382537995455e-09,1.4646241936861228e-08,6.708785517100376e-12,4.999885160847363e-05
83.05000000000001,2.2139638352883468e-05,2.2890948596219796e-06,4.4734526382496274e-08,3.216937970528527e-07,5.907834214107837e-09,1.4596128584429467e-08,6.669311640030131e-12,4.983394045573493e-05
83.10000000000001,2.206713748230489e-05,2.2813064189843318e-06,4.452803640308804e-08,3.205924037356014e-07,5.8804291956251094e-09,1.454621368182507e-08,6.63009264364679e-12,4.9669655611561434e-05
83.15,2.1994909590797278e-05,2.2735486205785596e-06,4.432261435923174e-08,3.194953724657432e-07,5.853166657270646e-09,1.4496496338143216e-08,6.5911267368258475e-12,4.950599439321888e-05
83.2,2.1922953521176535e-05,2.2658213278619504e-06,4.411825413805384e-08,3.184026836711267e-07,5.82604577897709e-09,1.4446975666941498e-08,6.552412142045347e-12,4.9342954130728144e-05
83.25,2.1851268121691764e-05,2.258124404969989e-06,4.3914949665023547e-08,3.173143178775074e-07,5.7990657458505616e-09,1.4397650786215309e-08,6.513947095277124e-12,4.918053216679877e-05
83.30000000000001,2.1779852245997372e-05,2.250457716712648e-06,4.371269490369138e-08,3.162302557080087e-07,5.7722257481352416e-09,1.434852081837377e-08,6.475729845876755e-12,4.9018725856762836e-05
83.35000000000001,2.1708704753125405e-05,2.2428211285707125e-06,4.3511483855429926e-08,3.1515047788258715e-07,5.745524981178188e-09,1.4299584890214553e-08,6.437758656471099e-12,4.885753256850943e-05
83.4,2.1637824507457876e-05,2.2352145066921023e-06,4.331131055917588e-08,3.1407496521749775e-07,5.7189626453942355e-09,1.4250842132900052e-08,6.400031802854363e-12,4.8696949682418984e-05
83.45,2.156721037869941e-05,2.2276377178882402e-06,4.3112169091174686e-08,3.130036986247662e-07,5.692537946231395e-09,1.4202291681933956e-08,6.362547573878646e-12,4.8536974591298585e-05
83.5,2.1496861241849964e-05,2.22009062963043e-06,4.291405356472665e-08,3.119366591116622e-07,5.66625009413645e-09,1.4153932677136528e-08,6.325304271345818e-12,4.837760470031719e-05
83.55000000000001,2.1426775977177677e-05,2.212573110046256e-06,4.271695812993492e-08,3.1087382778017567e-07,5.6400983045207136e-09,1.4105764262621326e-08,6.2883002099066505e-12,4.821883742694145e-05
83.60000000000001,2.1356953470191998e-05,2.2050850279160147e-06,4.2520876973455706e-08,3.098151858264982e-07,5.614081797726095e-09,1.405778558677146e-08,6.25153371695384e-12,4.806067020087195e-05
83.65,2.128739261161673e-05,2.197626252669146e-06,4.232580431824975e-08,3.087607145405042e-07,5.588199798991386e-09,1.4009995802216205e-08,6.215003132520018e-12,4.7903100463979446e-05
83.7,2.1218092297363463e-05,2.1901966543807084e-06,4.2131734423335954e-08,3.0771039530523885e-07,5.5624515384189044e-09,1.3962394065807394e-08,6.1787068091696685e-12,4.774612567024182e-05
83.75,2.1149051428505003e-05,2.182796103767861e-06,4.1938661583546836e-08,3.066642095964067e-07,5.5368362509412845e-09,1.3914979538596343e-08,6.14264311190123e-12,4.758974328568132e-05
83.80000000000001,2.1080268911248996e-05,2.1754244721863703e-06,4.174658012928563e-08,3.0562213898186316e-07,5.511353176288403e-09,1.3867751385811171e-08,6.1068104180521305e-12,4.743395078830203e-05
83.85000000000001,2.1011743656911776e-05,2.1680816316271474e-06,4.155548442628545e-08,3.045841651211118e-07,5.486001558954828e-09,1.3820708776833584e-08,6.071207117191044e-12,4.7278745668027884e-05
83.9,2.094347458189215e-05,2.160767454712781e-06,4.136536887536968e-08,3.035502697648007e-07,5.46078064816736e-09,1.377385088517609e-08,6.03583161102065e-12,4.7124125426640704e-05
83.95,2.0875460607645544e-05,2.153481814694118e-06,4.1176227912214654e-08,3.025204347542249e-07,5.435689697852723e-09,1.372717688845943e-08,6.0006823132802385e-12,4.6970087577718975e-05
84.0,2.080770066065818e-05,2.146224585446848e-06,4.09880560071138e-08,3.014946420208305e-07,5.410727966605585e-09,1.3680685968390019e-08,5.965757649646978e-12,4.681662964657671e-05
84.05000000000001,2.0740193672421407e-05,2.1389956414681114e-06,4.080084766474352e-08,3.004728735857216e-07,5.385894717656851e-09,1.3634377310737583e-08,5.931056057640663e-12,4.6663749170202705e-05
84.10000000000001,2.0672938579406258e-05,2.1317948578731384e-06,4.0614597423931e-08,2.99455111559172e-07,5.361189218842172e-09,1.358825010531305e-08,5.89657598652794e-12,4.6511443697200314e-05
84.15,2.060593432303796e-05,2.124622110391884e-06,4.0429299857423246e-08,2.984413381401359e-07,5.3366107425705575e-09,1.3542303545946318e-08,5.862315897226442e-12,4.63597107877272e-05
84.2,2.053917984967078e-05,2.1174772753657068e-06,4.024494957165833e-08,2.9743153561576547e-07,5.312158565793411e-09,1.3496536830464296e-08,5.828274262212958e-12,4.620854801343572e-05
84.25,2.0472674110562913e-05,2.1103602297440547e-06,4.006154120653794e-08,2.9642568636092967e-07,5.287831969973661e-09,1.3450949160669236e-08,5.7944495654284144e-12,4.605795295741359e-05
84.30000000000001,2.0406416061851493e-05,2.103270851081172e-06,3.9879069435201725e-08,2.954237728377355e-07,5.263630241055145e-09,1.34055397423169e-08,5.760840302184376e-12,4.590792321412479e-05
84.35000000000001,2.0340404664527868e-05,2.0962090175328353e-06,3.969752896380347e-08,2.9442577759505357e-07,5.2395526694322665e-09,1.3360307785094793e-08,5.727444979072868e-12,4.575845638935099e-05
84.4,2.0274638884412787e-05,2.089174607853087e-06,3.951691453128837e-08,2.9343168326804423e-07,5.215598549919802e-09,1.331525250260098e-08,5.6942621138758425e-12,4.560955010013298e-05
84.45,2.020911769213194e-05,2.082167501391011e-06,3.9337220909172436e-08,2.9244147257768863e-07,5.191767181722984e-09,1.3270373112323266e-08,5.661290235475486e-12,4.546120197471271e-05
84.5,2.0143840063091515e-05,2.075187578087516e-06,3.915844290132331e-08,2.9145512833032146e-07,5.168057868407799e-09,1.3225668835616454e-08,5.628527883761773e-12,4.531340965247563e-05
84.55000000000001,2.0078804977453913e-05,2.0682347184721365e-06,3.898057534374262e-08,2.904726334171663e-07,5.144469917871452e-09,1.3181138897682128e-08,5.595973609547611e-12,4.5166170783893145e-05
84.60000000000001,2.001401142011367e-05,2.0613088036598644e-06,3.880361310435019e-08,2.8949397081387593e-07,5.1210026423131115e-09,1.3136782527548811e-08,5.563625974479186e-12,4.501948303046575e-05
84.65,1.9949458380673335e-05,2.054409715347979e-06,3.86275510827693e-08,2.885191235800715e-07,5.097655358204807e-09,1.3092598958049783e-08,5.531483550947971e-12,4.487334406466602e-05
84.7,1.9885144853419665e-05,2.047537335812914e-06,3.845238421011397e-08,2.8754807485888697e-07,5.0744273862626065e-09,1.3048587425802661e-08,5.4995449220092835e-12,4.4727751569882325e-05
84.75,1.982106983729985e-05,2.0406915479071356e-06,3.827810744877763e-08,2.8658080787651634e-07,5.051318051417965e-09,1.3004747171188937e-08,5.4678086812921755e-12,4.4582703240362645e-05
84.80000000000001,1.9757232335897883e-05,2.0338722350560366e-06,3.810471579222323e-08,2.8561730594176284e-07,5.028326682789224e-09,1.2961077438333526e-08,5.4362734329141694e-12,4.4438196781158714e-05
84.85000000000001,1.9693631357411145e-05,2.0270792812548592e-06,3.793220426477518e-08,2.8465755244559166e-07,5.005452613653444e-09,1.2917577475084489e-08,5.404937791399557e-12,4.4294229908070676e-05
84.9,1.963026591462692e-05,2.0203125710656174e-06,3.776056792141221e-08,2.8370153086068296e-07,4.982695181418358e-09,1.2874246532992738e-08,5.373800381595456e-12,4.415080034759169e-05
84.95,1.9567135024899255e-05,2.0135719896140557e-06,3.758980184756239e-08,2.827492247409902e-07,4.960053727594553e-09,1.2831083867291913e-08,5.342859838589698e-12,4.400790583685316e-05
85.0,1.950423771012582e-05,2.0068574225866153e-06,3.741990115889917e-08,2.818006177213002e-07,4.937527597767838e-09,1.2788088736878518e-08,5.312114807627085e-12,4.3865544123570075e-05
85.05000000000001,1.9441572996724913e-05,2.0001687562274204e-06,3.725086100113905e-08,2.808556935167952e-07,4.915116141571835e-09,1.2745260404292023e-08,5.281563944028841e-12,4.372371296598676e-05
85.10000000000001,1.9379139915612684e-05,1.99350587733529e-06,3.708267654984096e-08,2.7991443592261874e-07,4.892818712660752e-09,1.2702598135695054e-08,5.2512059131133535e-12,4.3582410132823066e-05
85.15,1.9316937502180294e-05,1.9868686732607487e-06,3.69153430102065e-08,2.789768288134419e-07,4.870634668682353e-09,1.2660101200853963e-08,5.221039390115667e-12,4.3441633403220356e-05
85.2,1.925496479627138e-05,1.9802570319030722e-06,3.6748855616882135e-08,2.780428561430347e-07,4.84856337125116e-09,1.2617768873119186e-08,5.19106306010798e-12,4.3301380566688376e-05
85.25,1.9193220842159563e-05,1.9736708417073448e-06,3.658320963376261e-08,2.771125019438385e-07,4.826604185921783e-09,1.2575600429405759e-08,5.161275617920277e-12,4.3161649423052114e-05
85.30000000000001,1.9131704688526065e-05,1.967109991661529e-06,3.6418400353795806e-08,2.7618575032654076e-07,4.8047564821624986e-09,1.2533595150174298e-08,5.1316757680650775e-12,4.3022437782398985e-05
85.35000000000001,1.907041538843755e-05,1.9605743712935658e-06,3.625442309878917e-08,2.752625854796541e-07,4.78301963332901e-09,1.2491752319411667e-08,5.102262224659291e-12,4.288374346502642e-05
85.4,1.9009351999323895e-05,1.9540638706684704e-06,3.60912732192171e-08,2.7434299166909494e-07,4.761393016638369e-09,1.2450071224611937e-08,5.073033711345151e-12,4.274556430138954e-05
85.45,1.894851358295627e-05,1.9475783803854653e-06,3.592894609403021e-08,2.7342695323776717e-07,4.739876013143081e-09,1.2408551156757446e-08,5.043988961216436e-12,4.260789813204933e-05
85.5,1.8887899205425246e-05,1.9411177915751203e-06,3.576743713046566e-08,2.72514454605147e-07,4.718468007705552e-09,1.2367191410300107e-08,5.015126716744351e-12,4.2470742807620946e-05
85.55000000000001,1.882750793711903e-05,1.934681995896508e-06,3.5606741763858914e-08,2.716054802668704e-07,4.697168388972483e-09,1.2325991283142651e-08,4.986445729702159e-12,4.233409618872247e-05
85.60000000000001,1.8767338852701884e-05,1.928270885534387e-06,3.544685545745707e-08,2.7070001479432395e-07,4.6759765493494985e-09,1.2284950076619852e-08,4.957944761089538e-12,4.219795614592384e-05
85.65,1.8707391031092515e-05,1.921884353196382e-06,3.5287773702233064e-08,2.69798042834236e-07,4.654891884976133e-09,1.2244067095480146e-08,4.929622581061315e-12,4.206232055969596e-05
85.7,1.864766355544273e-05,1.9155222921101987e-06,3.512949201670166e-08,2.6889954910827224e-07,4.633913795700835e-09,1.2203341647867355e-08,4.90147796885462e-12,4.192718732036036e-05
85.75,1.8588155513116147e-05,1.9091845960208462e-06,3.497200594673651e-08,2.680045184126328e-07,4.6130416850562284e-09,1.2162773045302313e-08,4.8735097127154795e-12,4.179255432803889e-05
85.80000000000001,1.8528865995667e-05,1.902871159187875e-06,3.4815311065388575e-08,2.671129356176513e-07,4.5922749602344996e-09,1.2122360602664597e-08,4.845716609828159e-12,4.1658419492603773e-05
85.85000000000001,1.846979409881916e-05,1.8965818763826404e-06,3.465940297270606e-08,2.662247856673979e-07,4.571613032062978e-09,1.2082103638174675e-08,4.818097466246096e-12,4.152478073362816e-05
85.9,1.8410938922445084e-05,1.8903166428855644e-06,3.450427729555515e-08,2.653400535792822e-07,4.551055314979914e-09,1.2042001473375796e-08,4.7906510968181575e-12,4.1391635980336405e-05
85.95,1.8352299570545064e-05,1.8840753544834301e-06,3.434992968744251e-08,2.6445872444366056e-07,4.530601227010416e-09,1.2002053433116145e-08,4.7633763251193714e-12,4.1258983171555206e-05
86.0,1.8293875151226494e-05,1.8778579074666842e-06,3.4196355828338845e-08,2.6358078342344455e-07,4.510250189742541e-09,1.19622588455312e-08,4.736271983385882e-12,4.11268202556647e-05
86.05000000000001,1.8235664776683256e-05,1.871664198626754e-06,3.4043551424503673e-08,2.627062157537119e-07,4.490001628303594e-09,1.1922617042026048e-08,4.709336912443707e-12,4.099514519054981e-05
86.10000000000001,1.8177667563175303e-05,1.86549412525339e-06,3.3891512208311627e-08,2.6183500674132097e-07,4.4698549713366075e-09,1.1883127357257806e-08,4.682569961640973e-12,4.0863955943552207e-05
86.15,1.8119882631008168e-05,1.8593475851320055e-06,3.3740233938079494e-08,2.609671417645249e-07,4.44980965097693e-09,1.1843789129118121e-08,4.6559699887791496e-12,4.07332504914219e-05
86.2,1.8062309104512776e-05,1.8532244765410484e-06,3.358971239789499e-08,2.601026062725907e-07,4.429865102829017e-09,1.1804601698715983e-08,4.629535860047497e-12,4.0603026820269764e-05
86.25,1.8004946112025268e-05,1.847124698249382e-06,3.343994339744651e-08,2.5924138578541874e-07,4.410020765943371e-09,1.1765564410360387e-08,4.603266449957469e-12,4.0473282925519896e-05
86.30000000000001,1.7947792785866932e-05,1.8410481495136786e-06,3.329092277185408e-08,2.5838346589316473e-07,4.390276082793733e-09,1.1726676611543301e-08,4.577160641278543e-12,4.034401681186237e-05
86.35000000000001,1.7890848262324335e-05,1.8349947300758371e-06,3.3142646381501734e-08,2.5752883225586547e-07,4.3706304992543624e-09,1.1687937652922592e-08,4.551217324970867e-12,4.0215226493206406e-05
86.4,1.783411168162939e-05,1.8289643401603997e-06,3.299511011187069e-08,2.566774706030644e-07,4.351083464577367e-09,1.1649346888305031e-08,4.525435400120036e-12,4.008690999263341e-05
86.45,1.7777582187939706e-05,1.8229568804719992e-06,3.28483098733741e-08,2.55829366733441e-07,4.3316344313704314e-09,1.1610903674629508e-08,4.499813773875044e-12,3.995906534235066e-05
86.5,1.7721258929318943e-05,1.8169722521928138e-06,3.270224160119277e-08,2.549845065144418e-07,4.312282855574557e-09,1.157260737195021e-08,4.474351361383502e-12,3.983169058364507e-05
86.55000000000001,1.7665141057717296e-05,1.811010356980035e-06,3.25569012551121e-08,2.541428758819133e-07,4.2930281964419585e-09,1.1534457343420111e-08,4.449047085730002e-12,3.970478376683716e-05
86.60000000000001,1.7609227728952144e-05,1.8050710969633607e-06,3.2412284819360285e-08,2.533044608397385e-07,4.2738699165142074e-09,1.1496452955274423e-08,4.423899877871812e-12,3.9578342951235545e-05
86.65,1.755351810268866e-05,1.7991543747424834e-06,3.226838830244738e-08,2.524692474594726e-07,4.254807481600426e-09,1.145859357681421e-08,4.398908676578467e-12,3.94523662050912e-05
86.7,1.7498011342420676e-05,1.793260093384612e-06,3.212520773700576e-08,2.5163722187998345e-07,4.235840360755741e-09,1.1420878580389858e-08,4.37407242837078e-12,3.9326851605552464e-05
86.75,1.7442706615451583e-05,1.7873881564219982e-06,3.198273917963166e-08,2.508083703070932e-07,4.216968026259795e-09,1.138330734138476e-08,4.3493900874592165e-12,3.920179723861999e-05
86.80000000000001,1.7387603092875307e-05,1.7815384678494772e-06,3.184097871072784e-08,2.499826790132217e-07,4.198189953595446e-09,1.1345879238199451e-08,4.324860615684366e-12,3.907720119910204e-05
86.85000000000001,1.7332699949557505e-05,1.7757109321220315e-06,3.1699922434347386e-08,2.4916013433703335e-07,4.179505621427672e-09,1.1308593652235339e-08,4.300482982455631e-12,3.8953061590570166e-05
86.9,1.7277996364116677e-05,1.7699054541523517e-06,3.155956647803841e-08,2.4834072268308335e-07,4.1609145115825205e-09,1.1271449967878807e-08,4.276256164693304e-12,3.88293765253147e-05
86.95,1.7223491518905544e-05,1.7641219393084282e-06,3.141990699269019e-08,2.4752443052146875e-07,4.1424161090263084e-09,1.1234447572485376e-08,4.252179146768597e-12,3.8706144124301034e-05
87.0,1.716918459999245e-05,1.758360293411148e-06,3.128094015238013e-08,2.467112443874799e-07,4.1240099018449305e-09,1.119758585636364e-08,4.228250920446036e-12,3.858336251712575e-05
87.05000000000001,1.7115074797142863e-05,1.7526204227319052e-06,3.1142662154221904e-08,2.4590115088125423e-07,4.10569538122331e-09,1.1160864212759926e-08,4.204470484826528e-12,3.846102984197315e-05
87.10000000000001,1.706116130380106e-05,1.7469022339902348e-06,3.100506921821479e-08,2.4509413666743327e-07,4.087472041424977e-09,1.1124282037842682e-08,4.180836846287973e-12,3.833914424557206e-05
87.15,1.700744331707174e-05,1.7412056343514419e-06,3.086815758709372e-08,2.4429018847481916e-07,4.069339379771816e-09,1.1087838730686597e-08,4.157349018429811e-12,3.821770388315268e-05
87.2,1.695392003770191e-05,1.7355305314242621e-06,3.0731923526180836e-08,2.4348929309603516e-07,4.0512968966239886e-09,1.1051533693257392e-08,4.134006022016454e-12,3.809670691840389e-05
87.25,1.690059067006277e-05,1.729876833258527e-06,3.0596363323237756e-08,2.4269143738718753e-07,4.0333440953599594e-09,1.1015366330396643e-08,4.11080688492151e-12,3.7976151523430654e-05
87.30000000000001,1.6847454422131712e-05,1.7242444483428421e-06,3.0461473288318977e-08,2.4189660826752916e-07,4.015480482356633e-09,1.0979336049806311e-08,4.087750642071869e-12,3.785603587871168e-05
87.35000000000001,1.6794510505474494e-05,1.7186332856022873e-06,3.032724975362653e-08,2.4110479271912623e-07,3.9977055669697055e-09,1.0943442262033753e-08,4.064836335392676e-12,3.773635817305747e-05
87.4,1.674175813522734e-05,1.7130432543961143e-06,3.01936890733652e-08,2.403159777865247e-07,3.980018861514091e-09,1.0907684380456577e-08,4.042063013752819e-12,3.761711660356823e-05
87.45,1.6689196530079305e-05,1.7074742645154723e-06,3.006078762359922e-08,2.3953015057642047e-07,3.962419881244527e-09,1.0872061821267458e-08,4.019429732910707e-12,3.749830937559239e-05
87.5,1.6636824912254645e-05,1.7019262261811403e-06,2.9928541802109654e-08,2.3874729825733066e-07,3.9449081443363196e-09,1.0836574003459482e-08,3.996935555461803e-12,3.7379934702685154e-05
87.55000000000001,1.65846425074953e-05,1.696399050041271e-06,2.9796948028253e-08,2.3796740805926721e-07,3.927483171866187e-09,1.0801220348811348e-08,3.974579550784068e-12,3.726199080656731e-05
87.60000000000001,1.6532648545043526e-05,1.6908926471691553e-06,2.966600274282079e-08,2.3719046727341286e-07,3.910144487793288e-09,1.076600028187259e-08,3.9523607949852636e-12,3.714447591708438e-05
87.65,1.648084225762448e-05,1.6854069290609858e-06,2.953570240789984e-08,2.364164632517968e-07,3.892891618940316e-09,1.0730913229948874e-08,3.9302783708518915e-12,3.7027388272165683e-05
87.7,1.6429222881429053e-05,1.6799418076336464e-06,2.940604350673395e-08,2.356453834069747e-07,3.875724094974763e-09,1.0695958623087471e-08,3.908331367796673e-12,3.691072611778398e-05
87.75,1.6377789656096716e-05,1.6744971952225085e-06,2.9277022543586264e-08,2.3487721521170943e-07,3.858641448390429e-09,1.0661135894062842e-08,3.886518881806384e-12,3.6794487707915144e-05
87.80000000000001,1.6326541824698443e-05,1.6690730045792388e-06,2.914863604360268e-08,2.3411194619865362e-07,3.841643214488859e-09,1.0626444478362187e-08,3.864840015391192e-12,3.667867130449804e-05
87.85000000000001,1.6275478633719826e-05,1.6636691488696277e-06,2.9020880552676353e-08,2.333495639600347e-07,3.824728931360983e-09,1.0591883814171147e-08,3.843293877534687e-12,3.6563275177394816e-05
87.9,1.6224599333044117e-05,1.6582855416714143e-06,2.8893752637312805e-08,2.3259005614734012e-07,3.807898139868965e-09,1.055745334235963e-08,3.8218795836437365e-12,3.644829760435105e-05
87.95,1.6173903175935505e-05,1.65292209697214e-06,2.8767248884496366e-08,2.3183341047100658e-07,3.79115038362811e-09,1.0523152506467672e-08,3.800596255498005e-12,3.6333736870956525e-05
88.0,1.6123389419022427e-05,1.6475787291670056e-06,2.8641365901557337e-08,2.310796147001094e-07,3.7744852089889225e-09,1.0488980752691269e-08,3.779443021201061e-12,3.621959127060587e-05
88.05000000000001,1.607305732228094e-05,1.6422553530567415e-06,2.8516100316040074e-08,2.3032865666205415e-07,3.757902165019258e-09,1.045493752986842e-08,3.75841901513059e-12,3.6105859104459665e-05
88.10000000000001,1.602290614901829e-05,1.6369518838454973e-06,2.8391448775572195e-08,2.295805242422709e-07,3.7414008034866546e-09,1.0421022289465354e-08,3.737523377891523e-12,3.599253868140567e-05
88.15,1.597293516585638e-05,1.6316682371387278e-06,2.8267407947734367e-08,2.2883520538390837e-07,3.7249806788407207e-09,1.0387234485562609e-08,3.7167552562668105e-12,3.587962831802015e-05
88.2,1.5923143642715516e-05,1.6264043289411066e-06,2.8143974519931334e-08,2.2809268808753168e-07,3.708641348195725e-09,1.0353573574841283e-08,3.696113803168273e-12,3.5767126338529575e-05
88.25,1.5873530852798137e-05,1.621160075654445e-06,2.8021145199263634e-08,2.273529604108205e-07,3.692382371313218e-09,1.0320039016569506e-08,3.6755981775926425e-12,3.565503107477247e-05
88.30000000000001,1.5824096072572647e-05,1.61593539407562e-06,2.789891671240027e-08,2.2661601046826965e-07,3.676203310584834e-09,1.028663027258871e-08,3.655207544573642e-12,3.554334086616143e-05
88.35000000000001,1.5774838581757394e-05,1.610730201394525e-06,2.777728580545243e-08,2.25881826430892e-07,3.6601037310152687e-09,1.0253346807300055e-08,3.6349410751327133e-12,3.5432054059645475e-05
88.4,1.57257576633046e-05,1.605544415192014e-06,2.7656249243847706e-08,2.2515039652592128e-07,3.64408320020524e-09,1.022018808765117e-08,3.6147979462344335e-12,3.532116900967236e-05
88.45,1.5676852603384514e-05,1.6003779534378753e-06,2.753580381220557e-08,2.24421709036518e-07,3.6281412883346555e-09,1.0187153583122877e-08,3.594777340742629e-12,3.521068407815135e-05
88.5,1.5628122691369586e-05,1.595230734488806e-06,2.7415946314213567e-08,2.236957523014765e-07,3.6122775681459172e-09,1.0154242765715637e-08,3.574878447373607e-12,3.510059763441601e-05
88.55000000000001,1.5579567219818716e-05,1.5901026770864017e-06,2.729667357250431e-08,2.2297251471493414e-07,3.596491614927266e-09,1.0121455109936525e-08,3.5551004606493978e-12,3.499090805518733e-05
88.60000000000001,1.5531185484461657e-05,1.5849937003551614e-06,2.717798242853351e-08,2.2225198472608246e-07,3.5807830064963017e-09,1.0088790092786134e-08,3.5354425808542803e-12,3.4881613724537045e-05
88.65,1.5482976784183375e-05,1.5799037238004918e-06,2.7059869742458607e-08,2.215341508388777e-07,3.5651513231836216e-09,1.0056247193745401e-08,3.515904013992215e-12,3.477271303385092e-05
88.7,1.5434940421008612e-05,1.5748326673067358e-06,2.6942332393018474e-08,2.2081900161175596e-07,3.5495961478165218e-09,1.0023825894762693e-08,3.496483971740764e-12,3.4664204381792576e-05
88.75,1.538707570008648e-05,1.5697804511352056e-06,2.6825367277413774e-08,2.2010652565734833e-07,3.534117065702861e-09,9.991525680241033e-09,3.477181671408674e-12,3.455608617426727e-05
88.80000000000001,1.5339381929675115e-05,1.564746995922227e-06,2.6708971311188286e-08,2.1939671164219788e-07,3.518713664615026e-09,9.959346037025204e-09,3.45799633589208e-12,3.444835682438596e-05
88.85000000000001,1.5291858421126513e-05,1.5597322226772012e-06,2.6593141428111145e-08,2.1868954828647905e-07,3.5033855347740113e-09,9.927286454388787e-09,3.4389271936309966e-12,3.434101475242964e-05
88.9,1.5244504488871273e-05,1.5547360527806648e-06,2.6477874580059485e-08,2.179850243637167e-07,3.488132268833573e-09,9.895346424021666e-09,3.4199734785677645e-12,3.4234058385813583e-05
88.95,1.5197319450403586e-05,1.5497584079823727e-06,2.636316773690233e-08,2.17283128700509e-07,3.472953461864521e-09,9.863525440017422e-09,3.401134430104844e-12,3.412748615905215e-05
89.0,1.5150302626266224e-05,1.544799210399387e-06,2.6249017886385116e-08,2.1658385017625058e-07,3.457848711339151e-09,9.831822998860851e-09,3.382409293062975e-12,3.402129651372355e-05
89.05000000000001,1.5103453340035605e-05,1.5398583825141751e-06,2.6135422034015024e-08,2.158871777228574e-07,3.4428176171157747e-09,9.800238599415388e-09,3.3637973176395615e-12,3.39154878984348e-05
89.10000000000001,1.5056770918307015e-05,1.5349358471727266e-06,2.6022377202947156e-08,2.151931003244942e-07,3.4278597814233152e-09,9.768771742910722e-09,3.345297759366961e-12,3.3810058768787074e-05
89.15,1.5010254690679764e-05,1.530031527582666e-06,2.5909880433871322e-08,2.1450160701730147e-07,3.4129748088459745e-09,9.737421932930505e-09,3.3269098790726633e-12,3.37050075873409e-05
89.2,1.4963903989742563e-05,1.525145347311391e-06,2.579792878489987e-08,2.1381268688912584e-07,3.3981623063081576e-09,9.706188675400122e-09,3.3086329428393126e-12,3.360033282358186e-05
89.25,1.4917718151058904e-05,1.5202772302842129e-06,2.5686519331456095e-08,2.1312632907925126e-07,3.383421883059385e-09,9.675071478574553e-09,3.290466221962884e-12,3.349603295388631e-05
89.30000000000001,1.487169651315252e-05,1.5154271007825085e-06,2.55756491661635e-08,2.1244252277813175e-07,3.3687531506593475e-09,9.644069853025997e-09,3.2724089929116248e-12,3.3392106461487265e-05
89.35000000000001,1.4825838417492994e-05,1.5105948834418894e-06,2.546531539873591e-08,2.117612572271259e-07,3.3541557229629724e-09,9.613183311632059e-09,3.2544605372911278e-12,3.3288551836440696e-05
89.4,1.4780143208481302e-05,1.5057805032503674e-06,2.5355515155868075e-08,2.110825217182318e-07,3.339629216105709e-09,9.582411369563886e-09,3.2366201418032852e-12,3.318536757559162e-05
89.45,1.4734610233435575e-05,1.5009838855465438e-06,2.5246245581127294e-08,2.1040630559382542e-07,3.325173248489011e-09,9.551753544273976e-09,3.218887098204256e-12,3.3082552182540726e-05
89.5,1.468923884257686e-05,1.4962049560178025e-06,2.513750383484567e-08,2.097325982463988e-07,3.3107874407656463e-09,9.521209355484387e-09,3.2012607032692775e-12,3.298010416761098e-05
89.55000000000001,1.4644028389014962e-05,1.491443640698513e-06,2.50292870940131e-08,2.0906138911830015e-07,3.296471415825269e-09,9.490778325175175e-09,3.183740258754139e-12,3.287802204781448e-05
89.60000000000001,1.4598978228734427e-05,1.4866998659682505e-06,2.4921592552171155e-08,2.083926677014763e-07,3.282224798780114e-09,9.460459977572567e-09,3.1663250713571146e-12,3.2776304346819596e-05
89.65,1.4554087720580465e-05,1.4819735585500117e-06,2.4814417419307382e-08,2.0772642353721489e-07,3.2680472169507444e-09,9.430253839137216e-09,3.1490144526805e-12,3.267494959491792e-05
89.7,1.450935622624508e-05,1.4772646455084552e-06,2.4707758921750648e-08,2.070626462158896e-07,3.253938299851901e-09,9.400159438552694e-09,3.1318077191940153e-12,3.257395632899188e-05
89.75,1.446478311025321e-05,1.4725730542481444e-06,2.4601614302067014e-08,2.0640132537670616e-07,3.2398976791784272e-09,9.3701763067139e-09,3.114704192197042e-12,3.247332309248218e-05
89.80000000000001,1.4420367739948933e-05,1.4678987125118003e-06,2.4495980818956406e-08,2.0574245070744963e-07,3.2259249887913477e-09,9.340303976715945e-09,3.097703197783061e-12,3.237304843535547e-05
89.85000000000001,1.4376109485481818e-05,1.4632415483785708e-06,2.439085574715006e-08,2.05086011944234e-07,3.2120198647040343e-09,9.310541983842528e-09,3.0808040668031417e-12,3.227313091407246e-05
89.9,1.4332007719793215e-05,1.4586014902622965e-06,2.4286236377308384e-08,2.0443199887125135e-07,3.198181945068385e-09,9.280889865554441e-09,3.064006134829091e-12,3.2173569091555705e-05
89.95,1.4288061818602745e-05,1.4539784669097994e-06,2.4182120015919878e-08,2.0378040132052475e-07,3.1844108701611696e-09,9.251347161478564e-09,3.0473087421169057e-12,3.207436153715803e-05
90.0,1.4244271160394803e-05,1.4493724073991742e-06,2.4078503985200575e-08,2.0313120917166045e-07,3.1707062823705413e-09,9.221913413396649e-09,3.0307112335747816e-12,3.1975506826630894e-05
90.05000000000001,1.4200635126405125e-05,1.4447832411380903e-06,2.397538562299412e-08,2.0248441235160273e-07,3.1570678261824905e-09,9.192588165234172e-09,3.0142129587254267e-12,3.187700354209292e-05
90.10000000000001,1.415715310060749e-05,1.440210897862108e-06,2.3872762282672747e-08,2.0184000083439091e-07,3.143495148167446e-09,9.163370963049236e-09,2.997813271668892e-12,3.177885027199875e-05
90.15,1.4113824469700373e-05,1.435655307632993e-06,2.3770631333038637e-08,2.0119796464091487e-07,3.1299878969670062e-09,9.134261355021556e-09,2.9815115310515455e-12,3.168104561110783e-05
90.2,1.4070648623093782e-05,1.4311164008370519e-06,2.366899015822617e-08,2.005582938386747e-07,3.1165457232807517e-09,9.105258891441562e-09,2.9653071000304857e-12,3.158358816045355e-05
90.25,1.4027624952896111e-05,1.4265941081834712e-06,2.3567836157604784e-08,1.999209785415406e-07,3.103168279853135e-09,9.076363124699684e-09,2.949199346239471e-12,3.148647652731247e-05
90.30000000000001,1.3984752853901059e-05,1.422088360702665e-06,2.3467166745682478e-08,1.9928600890951386e-07,3.0898552214604425e-09,9.047573609275159e-09,2.933187641755191e-12,3.138970932517374e-05
90.35000000000001,1.3942031723574683e-05,1.4175990897446402e-06,2.3366979352010078e-08,1.986533751484906e-07,3.076606204897873e-09,9.01888990172542e-09,2.9172713630621857e-12,3.1293285173708697e-05
90.4,1.3899460962042385e-05,1.413126226977354e-06,2.3267271421085915e-08,1.9802306751002453e-07,3.0634208889667027e-09,8.990311560675618e-09,2.9014498910207738e-12,3.1197202698740543e-05
90.45,1.3857039972076103e-05,1.4086697043850982e-06,2.3168040412261446e-08,1.9739507629109276e-07,3.05029893446155e-09,8.961838146807884e-09,2.8857226108368244e-12,3.110146053221421e-05
90.5,1.38147681590815e-05,1.4042294542668829e-06,2.3069283799647364e-08,1.9676939183386277e-07,3.037240004157661e-09,8.93346922285064e-09,2.870088912024116e-12,3.1006057312166495e-05
90.55000000000001,1.3772644931085224e-05,1.3998054092348295e-06,2.2970999072020274e-08,1.9614600452545996e-07,3.0242437627983674e-09,8.905204353568129e-09,2.854548188374255e-12,3.091099168269621e-05
90.60000000000001,1.3730669698722295e-05,1.3953975022125808e-06,2.2873183732730276e-08,1.9552490479773756e-07,3.011309877082594e-09,8.877043105750025e-09,2.8390998379259142e-12,3.081626229393463e-05
90.65,1.3688841875223431e-05,1.3910056664337051e-06,2.277583529960883e-08,1.9490608312704633e-07,2.9984380156524612e-09,8.848985048200875e-09,2.823743262929501e-12,3.072186780201591e-05
90.7,1.364716087640257e-05,1.386629835440123e-06,2.267895130487753e-08,1.9428953003400693e-07,2.9856278490809514e-09,8.821029751729987e-09,2.8084778698181353e-12,3.062780686904783e-05
90.75,1.3605626120644395e-05,1.3822699430805365e-06,2.2582529295057346e-08,1.936752360832831e-07,2.9728790498596716e-09,8.793176789140975e-09,2.793303069175008e-12,3.0534078163082624e-05
90.80000000000001,1.3564237028891919e-05,1.377925923508867e-06,2.248656683087853e-08,1.9306319188335564e-07,2.960191292386663e-09,8.765425735221603e-09,2.778218275703243e-12,3.0440680358087976e-05
90.85000000000001,1.3522993024634196e-05,1.3735977111827073e-06,2.2391061487191194e-08,1.9245338808629883e-07,2.9475642529543626e-09,8.737776166733683e-09,2.763222908194267e-12,3.034761213391819e-05
90.9,1.3481893533893989e-05,1.3692852408617707e-06,2.229601085287632e-08,1.918458153875566e-07,2.9349976097376868e-09,8.710227662402763e-09,2.7483163894955467e-12,3.0254872176285457e-05
90.95,1.3440937985215598e-05,1.3649884476063608e-06,2.2201412530757625e-08,1.9124046452572092e-07,2.922491042782021e-09,8.682779802908255e-09,2.7334981464824554e-12,3.016245917673129e-05
91.0,1.3400125809652718e-05,1.360707266775844e-06,2.210726413751379e-08,1.9063732628231132e-07,2.9100442339914414e-09,8.6554321708734e-09,2.7187676100276864e-12,3.0070371832598188e-05
91.05000000000001,1.3359456440756341e-05,1.356441634027129e-06,2.2013563303591412e-08,1.900363914815552e-07,2.897656867116971e-09,8.628184350855245e-09,2.7041242149703616e-12,2.99786088470013e-05
91.10000000000001,1.331892931456279e-05,1.3521914853131632e-06,2.192030767311864e-08,1.894376509901704e-07,2.885328627744918e-09,8.601035929335023e-09,2.6895674000876677e-12,2.98871689288005e-05
91.15,1.3278543869581694e-05,1.347956756881423e-06,2.182749490381905e-08,1.8884109571714734e-07,2.873059203285271e-09,8.573986494707833e-09,2.6750966080636473e-12,2.9796050792572213e-05
91.2,1.3238299546784147e-05,1.3437373852724256e-06,2.1735122666926507e-08,1.882467166135339e-07,2.8608482829602096e-09,8.547035637273113e-09,2.6607112854604236e-12,2.9705253158581796e-05
91.25,1.3198195789590864e-05,1.3395333073182435e-06,2.1643188647100367e-08,1.8765450467222062e-07,2.8486955577927057e-09,8.520182949225247e-09,2.646410882691222e-12,2.961477475275576e-05
91.30000000000001,1.3158232043860404e-05,1.335344460141026e-06,2.155169054234132e-08,1.8706445092772735e-07,2.836600720595114e-09,8.49342802464352e-09,2.6321948539891943e-12,2.952461430665434e-05
91.35000000000001,1.311840775787751e-05,1.331170781151536e-06,2.1460626063907874e-08,1.8647654645599172e-07,2.824563465957956e-09,8.466770459482604e-09,2.6180626573797667e-12,2.943477055744418e-05
91.4,1.3078722382341397e-05,1.3270122080476818e-06,2.1369992936233153e-08,1.8589078237415715e-07,2.8125834902387056e-09,8.440209851562868e-09,2.6040137546523025e-12,2.9345242247870958e-05
91.45,1.3039175370354206e-05,1.3228686788130703e-06,2.12797888968426e-08,1.853071498403638e-07,2.8006604915506614e-09,8.41374580056108e-09,2.5900476113318648e-12,2.9256028126232435e-05
91.5,1.2999766177409481e-05,1.3187401317155611e-06,2.119001169627198e-08,1.847256400535398e-07,2.7887941697519083e-09,8.387377908000846e-09,2.5761636966512614e-12,2.916712694635149e-05
91.55000000000001,1.2960494261380682e-05,1.3146265053058289e-06,2.1100659097986037e-08,1.8414624425319342e-07,2.7769842264343586e-09,8.36110577724319e-09,2.562361483523798e-12,2.907853746754932e-05
91.60000000000001,1.2921359082509834e-05,1.3105277384159396e-06,2.1011728878297786e-08,1.8356895371920766e-07,2.765230364912872e-09,8.33492901347729e-09,2.5486404485152284e-12,2.8990258454618874e-05
91.65,1.2882360103396109e-05,1.3064437701579234e-06,2.0923218826288096e-08,1.82993759771634e-07,2.7535322902143988e-09,8.308847223711095e-09,2.5350000718169743e-12,2.89022886777982e-05
91.7,1.2843496788984586e-05,1.302374539922366e-06,2.0835126743726077e-08,1.8242065377048878e-07,2.741889709067257e-09,8.282860016762157e-09,2.52143983721987e-12,2.881462691274419e-05
91.75,1.2804768606555014e-05,1.2983199873770028e-06,2.0747450444989852e-08,1.818496271155504e-07,2.730302329890458e-09,8.256967003248353e-09,2.5079592320864706e-12,2.8727271940506305e-05
91.80000000000001,1.2766175025710628e-05,1.2942800524653208e-06,2.066018775698792e-08,1.8128067124615753e-07,2.7187698627830975e-09,8.231167795578799e-09,2.49455774732394e-12,2.8640222547500485e-05
91.85000000000001,1.2727715518367087e-05,1.2902546754051733e-06,2.0573336519081136e-08,1.8071377764100888e-07,2.707292019513839e-09,8.205462007944775e-09,2.4812348773581424e-12,2.855347752548326e-05
91.9,1.268938955874135e-05,1.2862437966873909e-06,2.048689458300495e-08,1.8014893781796248e-07,2.6958685135104146e-09,8.17984925631068e-09,2.4679901201093806e-12,2.8467035671525843e-05
91.95,1.2651196623340725e-05,1.2822473570744124e-06,2.0400859812792438e-08,1.7958614333383826e-07,2.684499059849342e-09,8.154329158404919e-09,2.4548229769632768e-12,2.8380895787988474e-05
92.0,1.2613136190951917e-05,1.2782652975989164e-06,2.0315230084697734e-08,1.7902538578422034e-07,2.6731833752455493e-09,8.128901333711017e-09,2.441732952746373e-12,2.8295056682494906e-05
92.05000000000001,1.2575207742630136e-05,1.274297559562461e-06,2.0230003287119947e-08,1.7846665680326077e-07,2.6619211780420376e-09,8.103565403458859e-09,2.428719555701622e-12,2.8209517167906943e-05
92.10000000000001,1.2537410761688315e-05,1.270344084534137e-06,2.01451773205278e-08,1.7790994806348476e-07,2.6507121881998e-09,8.078320990615708e-09,2.4157822974620198e-12,2.8124276062299255e-05
92.15,1.2499744733686271e-05,1.2664048143492164e-06,2.006075009738441e-08,1.773552512755956e-07,2.639556127287736e-09,8.053167719877474e-09,2.4029206930262212e-12,2.8039332188934116e-05
92.2,1.246220914642004e-05,1.2624796911078194e-06,1.997671954207287e-08,1.7680255818828275e-07,2.6284527184725557e-09,8.02810521766004e-09,2.3901342607323866e-12,2.7954684376236444e-05
92.25,1.2424803489911199e-05,1.2585686571735846e-06,1.989308359082221e-08,1.7625186058802912e-07,2.6174016865087994e-09,8.003133112090403e-09,2.3774225222355236e-12,2.7870331457768925e-05
92.30000000000001,1.2387527256396255e-05,1.254671655172345e-06,1.9809840191633907e-08,1.7570315029892021e-07,2.606402757728978e-09,7.978251032998022e-09,2.3647850024809477e-12,2.778627227220723e-05
92.35000000000001,1.235037994031614e-05,1.2507886279908169e-06,1.97269873042089e-08,1.7515641918245529e-07,2.5954556600336995e-09,7.953458611906372e-09,2.3522212296795422e-12,2.7702505663315477e-05
92.4,1.2313361038305655e-05,1.2469195187752862e-06,1.964452289987491e-08,1.7461165913735723e-07,2.5845601228819077e-09,7.928755482024345e-09,2.3397307352858037e-12,2.7619030479921597e-05
92.45,1.2276470049183061e-05,1.2430642709303113e-06,1.9562444961514515e-08,1.7406886209938528e-07,2.573715877281176e-09,7.90414127823759e-09,2.327313053972756e-12,2.7535845575893084e-05
92.5,1.2239706473939693e-05,1.2392228281174288e-06,1.948075148349354e-08,1.735280200411485e-07,2.562922655778069e-09,7.879615637100157e-09,2.3149677236078894e-12,2.7452949810112712e-05
92.55000000000001,1.2203069815729612e-05,1.2353951342538653e-06,1.9399440471589943e-08,1.729891249719199e-07,2.552180192448581e-09,7.855178196826173e-09,2.3026942852293616e-12,2.737034204645439e-05
92.60000000000001,1.2166559579859366e-05,1.2315811335112628e-06,1.9318509942923302e-08,1.724521689374521e-07,2.541488222888558e-09,7.830828597281452e-09,2.2904922830244068e-12,2.7288021153759293e-05
92.65,1.2130175273777704e-05,1.2277807703143992e-06,1.9237957925884557e-08,1.719171440197929e-07,2.530846484204296e-09,7.806566479975073e-09,2.27836126430476e-12,2.720598600581186e-05
92.7,1.2093916407065439e-05,1.223993989339927e-06,1.9157782460066367e-08,1.7138404233710322e-07,2.5202547150031874e-09,7.782391488051059e-09,2.266300779482917e-12,2.712423548131613e-05
92.75,1.205778249142532e-05,1.2202207355151137e-06,1.9077981596193925e-08,1.7085285604347543e-07,2.509712655384348e-09,7.758303266280328e-09,2.2543103820507786e-12,2.7042768463872143e-05
92.80000000000001,1.2021773040671952e-05,1.2164609540165884e-06,1.8998553396056185e-08,1.7032357732875248e-07,2.4992200469293732e-09,7.734301461052479e-09,2.2423896285560764e-12,2.6961583841952376e-05
92.85000000000001,1.1985887570721817e-05,1.2127145902691018e-06,1.891949593243765e-08,1.6979619841834864e-07,2.4887766326931634e-09,7.710385720367532e-09,2.2305380785801847e-12,2.688068050887853e-05
92.9,1.195012559958325e-05,1.2089815899442808e-06,1.88408072890504e-08,1.692707115730701e-07,2.478382157194739e-09,7.6865556938278e-09,2.218755294715718e-12,2.6800057362798096e-05
92.95,1.1914486647346562e-05,1.2052618989594016e-06,1.876248556046681e-08,1.687471090889379e-07,2.4680363664081897e-09,7.662811032630013e-09,2.2070408425445403e-12,2.6719713306661367e-05
93.0,1.1878970236174165e-05,1.201555463476164e-06,1.86845288520526e-08,1.6822538329701096e-07,2.457739007753686e-09,7.639151389557215e-09,2.1953942906158093e-12,2.6639647248198377e-05
93.05000000000001,1.1843575890290757e-05,1.1978622298994718e-06,1.8606935279900322e-08,1.6770552656321021e-07,2.4474898300884943e-09,7.615576418970855e-09,2.1838152104242637e-12,2.6559858099896014e-05
93.10000000000001,1.1808303135973587e-05,1.194182144876226e-06,1.852970297076341e-08,1.6718753128814456e-07,2.43728858369809e-09,7.59208577680289e-09,2.172303176388141e-12,2.6480344778975352e-05
93.15,1.1773151501542694e-05,1.1905151552941126e-06,1.8452830061990416e-08,1.666713899069358e-07,2.427135020287327e-09,7.568679120547668e-09,2.160857765828367e-12,2.6401106207368844e-05
93.2,1.1738120517351278e-05,1.18686120828041e-06,1.8376314701459945e-08,1.6615709488904644e-07,2.417028892971686e-09,7.54535610925442e-09,2.149478558947716e-12,2.6322141311697918e-05
93.25,1.1703209715776078e-05,1.1832202512007943e-06,1.8300155047515913e-08,1.6564463873810796e-07,2.406969956268505e-09,7.522116403519363e-09,2.1381651388078295e-12,2.6243449023250537e-05
93.30000000000001,1.1668418631207798e-05,1.1795922316581541e-06,1.822434926890319e-08,1.6513401399174942e-07,2.396957966088341e-09,7.498959665477798e-09,2.1269170913093936e-12,2.6165028277958857e-05
93.35000000000001,1.1633746800041636e-05,1.1759770974914156e-06,1.8148895544703832e-08,1.6462521322142798e-07,2.3869926797263746e-09,7.475885558796582e-09,2.1157340051712906e-12,2.6086878016377164e-05
93.4,1.1599193760667752e-05,1.1723747967743629e-06,1.8073792064273472e-08,1.6411822903225867e-07,2.3770738558539005e-09,7.45289374866639e-09,2.104615471910905e-12,2.600899718365967e-05
93.45,1.1564759053461897e-05,1.1687852778144768e-06,1.7999037027178382e-08,1.636130540628469e-07,2.3672012545098204e-09,7.4299839017941705e-09,2.093561085823279e-12,2.5931384729538676e-05
93.5,1.153044222077603e-05,1.165208489151774e-06,1.7924628643132814e-08,1.6310968098512135e-07,2.3573746370921604e-09,7.40715568639551e-09,2.0825704439589913e-12,2.5854039608302657e-05
93.55000000000001,1.1496242806928988e-05,1.1616443795576515e-06,1.785056513193683e-08,1.6260810250416716e-07,2.347593766349741e-09,7.384408772187105e-09,2.071643146105957e-12,2.5776960778774585e-05
93.60000000000001,1.1462160358197254e-05,1.1580928980337444e-06,1.777684472341455e-08,1.6210831135806095e-07,2.3378584063738794e-09,7.36174283037928e-09,2.060778794769287e-12,2.5700147204290378e-05
93.65,1.1428194422805666e-05,1.1545539938107778e-06,1.7703465657352637e-08,1.616103003177055e-07,2.3281683225901107e-09,7.3391575336684266e-09,2.0499769951502203e-12,2.562359785267726e-05
93.7,1.1394344550918285e-05,1.1510276163474367e-06,1.7630426183439427e-08,1.6111406218666662e-07,2.318523281749951e-09,7.316652556229737e-09,2.0392373551280575e-12,2.55473116962325e-05
93.75,1.1360610294629248e-05,1.1475137153292353e-06,1.7557724561204315e-08,1.606195898010101e-07,2.308923051922766e-09,7.294227573709815e-09,2.0285594852400873e-12,2.5471287711702082e-05
93.80000000000001,1.1326991207953679e-05,1.1440122406673937e-06,1.7485359059957587e-08,1.601268760291401e-07,2.2993674024876846e-09,7.271882263219147e-09,2.0179429986610255e-12,2.539552488025953e-05
93.85000000000001,1.129348684681868e-05,1.140523142497725e-06,1.741332795873072e-08,1.596359137716382e-07,2.2898561041255503e-09,7.249616303325027e-09,2.0073875111853036e-12,2.5320022187484944e-05
93.9,1.1260096769054288e-05,1.1370463711795196e-06,1.734162954621684e-08,1.5914669596110247e-07,2.280388928810913e-09,7.227429374044284e-09,1.996892641207829e-12,2.5244778623343925e-05
93.95,1.1226820534384567e-05,1.133581877294443e-06,1.727026212071187e-08,1.5865921556198905e-07,2.270965649804097e-09,7.205321156835948e-09,1.9864580097044e-12,2.5169793182166827e-05
94.0,1.1193657704418693e-05,1.1301296116454376e-06,1.719922399005588e-08,1.5817346557045333e-07,2.2615860416433225e-09,7.183291334594172e-09,1.9760832402134954e-12,2.5095064862627994e-05
94.05000000000001,1.116060784264209e-05,1.1266895252556275e-06,1.712851347157485e-08,1.5768943901419242e-07,2.2522498801368515e-09,7.161339591641171e-09,1.9657679588176634e-12,2.5020592667725126e-05
94.10000000000001,1.1127670514407659e-05,1.123261569367237e-06,1.7058128892022928e-08,1.572071289522889e-07,2.242956942355229e-09,7.1394656137199334e-09,1.9555117941243477e-12,2.4946375604758848e-05
94.15,1.1094845286926957e-05,1.119845695440503e-06,1.6988068587524834e-08,1.5672652847505407e-07,2.233707006623569e-09,7.117669087987103e-09,1.945314377248295e-12,2.4872412685312154e-05
94.2,1.1062131729261508e-05,1.1164418551526033e-06,1.6918330903518913e-08,1.5624763070387386e-07,2.2244998525137964e-09,7.095949703006346e-09,1.9351753417932523e-12,2.4798702925230232e-05
94.25,1.1029529412314127e-05,1.113050000396587e-06,1.6848914194700403e-08,1.5577042879105433e-07,2.2153352608370657e-09,7.074307148741044e-09,1.9250943238333133e-12,2.4725245344600184e-05
94.30000000000001,1.0997037908820268e-05,1.10967008328031e-06,1.677981682496508e-08,1.5529491591966782e-07,2.206213013636239e-09,7.05274111654734e-09,1.9150709618960236e-12,2.4652038967730962e-05
94.35000000000001,1.096465679333948e-05,1.1063020561253799e-06,1.6711037167353367e-08,1.5482108530340153e-07,2.1971328941782945e-09,7.031251299167468e-09,1.9051048969440673e-12,2.457908282313343e-05
94.4,1.0932385642246802e-05,1.1029458714660988e-06,1.6642573603994656e-08,1.5434893018640489e-07,2.1880946869468462e-09,7.00983739072261e-09,1.8951957723570984e-12,2.4506375943500342e-05
94.45,1.0900224033724305e-05,1.0996014820484205e-06,1.6574424526052184e-08,1.538784438431392e-07,2.1790981776347347e-09,6.988499086706161e-09,1.885343233914724e-12,2.4433917365686664e-05
94.5,1.0868171547752615e-05,1.0962688408289084e-06,1.650658833366811e-08,1.534096195782274e-07,2.1701431531366353e-09,6.967236083977037e-09,1.8755469297797467e-12,2.4361706130689863e-05
94.55000000000001,1.08362277661025e-05,1.0929479009736992e-06,1.6439063435909038e-08,1.5294245072630482e-07,2.1612294015417325e-09,6.946048080752888e-09,1.8658065104801442e-12,2.428974128363028e-05
94.60000000000001,1.0804392272326526e-05,1.089638615857477e-06,1.63718482507119e-08,1.5247693065187124e-07,2.1523567121264475e-09,6.924934776603285e-09,1.8561216288924964e-12,2.421802187373176e-05
94.65,1.0772664651750678e-05,1.0863409390624433e-06,1.6304941204830077e-08,1.520130527491424e-07,2.1435248753471648e-09,6.903895872442987e-09,1.8464919402247637e-12,2.414654695430212e-05
94.7,1.0741044491466102e-05,1.083054824377302e-06,1.623834073378009e-08,1.5155081044190403e-07,2.134733682833086e-09,6.882931070525582e-09,1.836917101998722e-12,2.4075315582713955e-05
94.75,1.070953138032086e-05,1.079780225796245e-06,1.6172045281788428e-08,1.5109019718336528e-07,2.1259829273790912e-09,6.862040074436575e-09,1.8273967740344745e-12,2.4004326820385465e-05
94.80000000000001,1.0678124908911712e-05,1.0765170975179431e-06,1.6106053301738827e-08,1.5063120645601355e-07,2.1172724029386137e-09,6.841222589086821e-09,1.8179306184335603e-12,2.3933579732761284e-05
94.85000000000001,1.0646824669575986e-05,1.073265393944548e-06,1.6040363255119954e-08,1.5017383177147067e-07,2.1086019046166093e-09,6.820478320706173e-09,1.8085182995616454e-12,2.3863073389293637e-05
94.9,1.0615630256383411e-05,1.0700250696806887e-06,1.5974973611973218e-08,1.4971806667034822e-07,2.0999712286625573e-09,6.799806976836809e-09,1.799159484033099e-12,2.3792806863423292e-05
94.95,1.058454126512807e-05,1.0667960795324845e-06,1.5909882850841148e-08,1.4926390472210512e-07,2.091380172463505e-09,6.77920826632687e-09,1.7898538406954986e-12,2.3722779232560846e-05
95.0,1.0553557293320355e-05,1.0635783785065562e-06,1.5845089458716002e-08,1.4881133952490566e-07,2.0828285345371483e-09,6.758681899323911e-09,1.7806010406114087e-12,2.365298957806805e-05
95.05000000000001,1.0522677940178952e-05,1.0603719218090452e-06,1.5780591930988745e-08,1.4836036470547776e-07,2.074316114524987e-09,6.7382275872686575e-09,1.7714007570442502e-12,2.358343698523911e-05
95.10000000000001,1.049190280662293e-05,1.0571766648446404e-06,1.5716388771398362e-08,1.4791097391897282e-07,2.0658427131855146e-09,6.7178450428885144e-09,1.762252665442337e-12,2.351412054328236e-05
95.15,1.0461231495263765e-05,1.0539925632156019e-06,1.5652478491981396e-08,1.4746316084882522e-07,2.0574081323874095e-09,6.697533980191184e-09,1.75315644342243e-12,2.3445039345301638e-05
95.2,1.0430663610397495e-05,1.0508195727207999e-06,1.5588859613021983e-08,1.4701691920661365e-07,2.0490121751028124e-09,6.677294114458514e-09,1.7441117707548309e-12,2.337619248827811e-05
95.25,1.0400198757996885e-05,1.0476576493547522e-06,1.5525530663002114e-08,1.4657224273192292e-07,2.0406546454006763e-09,6.657125162240066e-09,1.735118329346635e-12,2.330757907305199e-05
95.30000000000001,1.0369836545703606e-05,1.044506749306669e-06,1.5462490178552223e-08,1.461291251922059e-07,2.032335348440087e-09,6.637026841347071e-09,1.7261758032274471e-12,2.323919820430443e-05
95.35000000000001,1.0339576582820523e-05,1.0413668289595056e-06,1.5399736704402182e-08,1.4568756038264715e-07,2.0240540904636815e-09,6.616998870846162e-09,1.7172838785348608e-12,2.317104899053951e-05
95.4,1.0309418480303916e-05,1.0382378448890125e-06,1.5337268793332415e-08,1.452475421260261e-07,2.0158106787910867e-09,6.5970409710530685e-09,1.7084422434981221e-12,2.3103130544066217e-05
95.45,1.0279361850755842e-05,1.0351197538627977e-06,1.527508500612557e-08,1.4480906427258225e-07,2.007604921812406e-09,6.5771528635266354e-09,1.6996505884233737e-12,2.3035441980980656e-05
95.5,1.0249406308416475e-05,1.0320125128393922e-06,1.5213183911518367e-08,1.4437212069988009e-07,1.9994366289817696e-09,6.557334271062747e-09,1.690908605679679e-12,2.2967982421148256e-05
95.55000000000001,1.0219551469156507e-05,1.0289160789673177e-06,1.5151564086153758e-08,1.439367053126753e-07,1.991305610810886e-09,6.537584917688145e-09,1.6822159896830474e-12,2.29007509881861e-05
95.60000000000001,1.0189796950469605e-05,1.0258304095841659e-06,1.5090224114533502e-08,1.4350281204278188e-07,1.9832116788626815e-09,6.517904528654428e-09,1.673572436881869e-12,2.283374680944541e-05
95.65,1.0160142371464842e-05,1.0227554622156721e-06,1.5029162588970867e-08,1.4307043484893878e-07,1.9751546457449118e-09,6.498292830432093e-09,1.664977645743689e-12,2.276696901599394e-05
95.7,1.0130587352859235e-05,1.019691194574804e-06,1.496837810954383e-08,1.4263956771667863e-07,1.967134325103876e-09,6.478749550704519e-09,1.6564313167395363e-12,2.270041674259863e-05
95.75,1.0101131516970297e-05,1.0166375645608498e-06,1.4907869284048444e-08,1.422102046581967e-07,1.9591505316181885e-09,6.459274418362074e-09,1.6479331523295416e-12,2.2634089127708327e-05
95.80000000000001,1.0071774487708603e-05,1.0135945302585121e-06,1.4847634727952576e-08,1.4178233971222003e-07,1.9512030809925246e-09,6.439867163496183e-09,1.6394828569495773e-12,2.2567985313436472e-05
95.85000000000001,1.0042515890570453e-05,1.01056204993701e-06,1.4787673064349988e-08,1.4135596694387837e-07,1.9432917899514645e-09,6.4205275173934865e-09,1.6310801369968198e-12,2.2502104445544098e-05
95.9,1.0013355352630483e-05,1.0075400820491785e-06,1.4727982923914522e-08,1.409310804445744e-07,1.93541647623333e-09,6.401255212529887e-09,1.6227247008155523e-12,2.2436445673422625e-05
95.95,9.984292502534395e-06,1.0045285852305798e-06,1.4668562944854817e-08,1.4050767433185587e-07,1.927576958584094e-09,6.382049982564793e-09,1.6144162586830645e-12,2.2371008150076977e-05
96.0,9.955326970491684e-06,1.0015275182986163e-06,1.4609411772869203e-08,1.4008574274928785e-07,1.919773056751323e-09,6.362911562335471e-09,1.6061545227965372e-12,2.230579103210871e-05
96.05000000000001,9.926458388268403e-06,9.985368402516476e-07,1.4550528061100835e-08,1.396652798663256e-07,1.9120045914781395e-09,6.343839687851136e-09,1.597939207259121e-12,2.2240793479699173e-05
96.10000000000001,9.897686389179994e-06,9.95556510268117e-07,1.4491910470093276e-08,1.392462798781887e-07,1.9042713844972735e-09,6.324834096287294e-09,1.5897700280664008e-12,2.2176014656592887e-05
96.15,9.869010608084095e-06,9.925864877056738e-07,1.4433557667746206e-08,1.3882873700573476e-07,1.8965732585250938e-09,6.305894525980046e-09,1.58164670309283e-12,2.2111453730080812e-05
96.2,9.840430681373444e-06,9.89626732100308e-07,1.4375468329271502e-08,1.384126454953349e-07,1.8889100372557092e-09,6.287020716420377e-09,1.5735689520781913e-12,2.204710987098389e-05
96.25,9.811946246968786e-06,9.866772031654865e-07,1.4317641137149576e-08,1.3799799961874953e-07,1.881281545355098e-09,6.268212408248592e-09,1.5655364966143578e-12,2.1982982253636552e-05
96.30000000000001,9.78355694431182e-06,9.837378607912939e-07,1.4260074781085993e-08,1.3758479367300435e-07,1.8736876084552914e-09,6.249469343248715e-09,1.5575490601324207e-12,2.1919070055870344e-05
96.35000000000001,9.755262414358215e-06,9.808086650435807e-07,1.4202767957968419e-08,1.3717302198026792e-07,1.8661280531485913e-09,6.230791264342908e-09,1.5496063678898481e-12,2.1855372458997722e-05
96.4,9.72706229957058e-06,9.77889576163109e-07,1.4145719371823745e-08,1.3676267888772858e-07,1.8586027069817865e-09,6.212177915585917e-09,1.541708146957435e-12,2.1791888647795722e-05
96.45,9.698956243911553e-06,9.749805545647107e-07,1.4088927733775592e-08,1.3635375876747353e-07,1.8511113984504474e-09,6.193629042159507e-09,1.5338541262052186e-12,2.1728617810489907e-05
96.5,9.67094389283689e-06,9.720815608364452e-07,1.4032391762002003e-08,1.3594625601636756e-07,1.8436539569932649e-09,6.175144390367147e-09,1.5260440362903781e-12,2.1665559138738328e-05
96.55000000000001,9.64302489328857e-06,9.691925557387628e-07,1.3976110181693468e-08,1.3554016505593218e-07,1.836230212986403e-09,6.1567237076284744e-09,1.5182776096461945e-12,2.1602711827615526e-05
96.60000000000001,9.615198893688003e-06,9.663135002036754e-07,1.3920081725011256e-08,1.3513548033222675e-07,1.8288399977378793e-09,6.1383667424738e-09,1.5105545804677792e-12,2.154007507559674e-05
96.65,9.587465543929161e-06,9.63444355333925e-07,1.386430513104583e-08,1.347321963157286e-07,1.8214831434820066e-09,6.1200732445387804e-09,1.5028746846997427e-12,2.1477648084541983e-05
96.7,9.559824495371844e-06,9.605850824021624e-07,1.380877914577575e-08,1.3433030750121498e-07,1.8141594833738454e-09,6.101842964559035e-09,1.4952376600242723e-12,2.141543005968042e-05
96.75,9.532275400834936e-06,9.577356428501285e-07,1.3753502522026737e-08,1.339298084076451e-07,1.8068688514837335e-09,6.0836756543648485e-09,1.4876432458485642e-12,2.1353420209594684e-05
96.80000000000001,9.504817914589687e-06,9.548959982878384e-07,1.3698474019430964e-08,1.3353069357804284e-07,1.799611082791828e-09,6.06557106687582e-09,1.4800911832924686e-12,2.1291617746205324e-05
96.85000000000001,9.477451692353079e-06,9.520661104927742e-07,1.364369240438673e-08,1.331329575793805e-07,1.792386013182632e-09,6.047528956095632e-09,1.4725812151768054e-12,2.1230021884755366e-05
96.9,9.450176391281138e-06,9.492459414090747e-07,1.3589156450018234e-08,1.327365950024622e-07,1.7851934794396198e-09,6.029549077106687e-09,1.465113086010987e-12,2.1168631843794826e-05
96.95,9.42299166996236e-06,9.464354531467364e-07,1.3534864936135742e-08,1.3234160046180902e-07,1.7780333192399126e-09,6.011631186064949e-09,1.4576865419811042e-12,2.1107446845165453e-05
97.0,9.395897188411132e-06,9.436346079808149e-07,1.348081664919592e-08,1.3194796859554397e-07,1.7709053711489269e-09,5.9937750401948624e-09,1.4503013309387811e-12,2.104646611398543e-05
97.05000000000001,9.368892608061188e-06,9.408433683506313e-07,1.3427010382262463e-08,1.3155569406527788e-07,1.763809474615079e-09,5.975980397784049e-09,1.4429572023886488e-12,2.098568887863424e-05
97.10000000000001,9.341977591759128e-06,9.380616968589855e-07,1.337344493496704e-08,1.3116477155599615e-07,1.7567454699645645e-09,5.958247018178175e-09,1.435653907477078e-12,2.092511437073761e-05
97.15,9.315151803757905e-06,9.352895562713665e-07,1.3320119113470298e-08,1.3077519577594518e-07,1.7497131983961151e-09,5.940574661775852e-09,1.4283911989804844e-12,2.0864741825152378e-05
97.2,9.288414909710404e-06,9.32526909515175e-07,1.3267031730423317e-08,1.3038696145652062e-07,1.7427125019758034e-09,5.922963090023597e-09,1.421168831293709e-12,2.080457047995163e-05
97.25,9.261766576663036e-06,9.297737196789453e-07,1.321418160492922e-08,1.3000006335215523e-07,1.7357432236319027e-09,5.905412065410707e-09,1.413986560418883e-12,2.0744599576409826e-05
97.30000000000001,9.235206473049342e-06,9.270299500115718e-07,1.3161567562505001e-08,1.296144962402078e-07,1.7288052071497646e-09,5.887921351464236e-09,1.406844143953766e-12,2.068482835898796e-05
97.35000000000001,9.208734268683682e-06,9.242955639215432e-07,1.3109188435043706e-08,1.2923025492085287e-07,1.7218982971667258e-09,5.870490712743987e-09,1.3997413410809921e-12,2.0625256075318953e-05
97.4,9.18234963475488e-06,9.215705249761734e-07,1.3057043060776693e-08,1.2884733421697012e-07,1.715022339167058e-09,5.853119914837571e-09,1.3926779125569905e-12,2.056588197619286e-05
97.45,9.156052243819963e-06,9.188547969008436e-07,1.30051302842363e-08,1.2846572897403545e-07,1.7081771794769425e-09,5.835808724355419e-09,1.3856536207000576e-12,2.0506705315542397e-05
97.5,9.1298417697979e-06,9.161483435782449e-07,1.2953448956218625e-08,1.2808543406001198e-07,1.7013626652594818e-09,5.818556908925811e-09,1.378668229379866e-12,2.0447725350428412e-05
97.55000000000001,9.103717887963386e-06,9.134511290476246e-07,1.2901997933746585e-08,1.2770644436524152e-07,1.6945786445097501e-09,5.801364237190089e-09,1.3717215040073774e-12,2.0388941341025442e-05
97.60000000000001,9.077680274940665e-06,9.107631175040406e-07,1.2850776080033311e-08,1.2732875480233745e-07,1.6878249660498417e-09,5.7842304787976906e-09,1.3648132115231518e-12,2.033035255060745e-05
97.65,9.05172860869734e-06,9.080842732976116e-07,1.2799782264445558e-08,1.2695236030607688e-07,1.6811014795239843e-09,5.767155404401322e-09,1.357943120386866e-12,2.02719582455334e-05
97.7,9.025862568538269e-06,9.054145609327794e-07,1.2749015362467544e-08,1.2657725583329458e-07,1.6744080353936876e-09,5.750138785652178e-09,1.3511110005665715e-12,2.0213757695233166e-05
97.75,9.000081835099453e-06,9.027539450675704e-07,1.2698474255664935e-08,1.2620343636277678e-07,1.6677444849329056e-09,5.733180395195051e-09,1.3443166235280642e-12,2.015575017219332e-05
97.80000000000001,8.97438609034197e-06,9.001023905128622e-07,1.2648157831649041e-08,1.2583089689515557e-07,1.6611106802232546e-09,5.716280006663607e-09,1.3375597622248276e-12,2.009793495194311e-05
97.85000000000001,8.948775017545962e-06,8.974598622316565e-07,1.2598064984041354e-08,1.254596324528044e-07,1.6545064741492106e-09,5.699437394675633e-09,1.3308401910872748e-12,2.004031131304049e-05
97.9,8.923248301304582e-06,8.948263253383491e-07,1.254819461243812e-08,1.250896380797333e-07,1.6479317203933398e-09,5.6826523348282316e-09,1.3241576860119907e-12,1.998287853705809e-05
97.95,8.897805627518045e-06,8.922017450980111e-07,1.2498545622375288e-08,1.2472090884148526e-07,1.641386273431653e-09,5.66592460369326e-09,1.3175120243520044e-12,1.9925635908569457e-05
98.0,8.872446683387672e-06,8.895860869256696e-07,1.2449116925293675e-08,1.2435343982503294e-07,1.634869988528896e-09,5.649253978812652e-09,1.3109029849070494e-12,1.9868582715135215e-05
98.05000000000001,8.847171157409965e-06,8.86979316385593e-07,1.2399907438504265e-08,1.239872261386758e-07,1.6283827217338972e-09,5.6326402386937126e-09,1.304330347913116e-12,1.981171824728937e-05
98.10000000000001,8.821978739370743e-06,8.843813991905827e-07,1.2350916085153806e-08,1.2362226291193835e-07,1.6219243298749855e-09,5.616083162804399e-09,1.2977938950321048e-12,1.9755041798525683e-05
98.15,8.796869120339237e-06,8.81792301201262e-07,1.2302141794190544e-08,1.2325854529546796e-07,1.6154946705552953e-09,5.599582531568726e-09,1.2912934093417376e-12,1.9698552665284e-05
98.2,8.771841992662292e-06,8.792119884253757e-07,1.2253583500330286e-08,1.228960684609341e-07,1.6090936021482772e-09,5.583138126362352e-09,1.2848286753261015e-12,1.964225014693685e-05
98.25,8.74689704995855e-06,8.766404270170893e-07,1.2205240144022608e-08,1.225348276009276e-07,1.6027209837932131e-09,5.566749729508019e-09,1.2783994788661131e-12,1.9586133545775914e-05
98.30000000000001,8.722033987112672e-06,8.740775832762929e-07,1.2157110671417234e-08,1.2217481792886045e-07,1.5963766753906218e-09,5.550417124270853e-09,1.2720056072291692e-12,1.953020216699868e-05
98.35000000000001,8.697252500269618e-06,8.715234236479105e-07,1.2109194034330742e-08,1.2181603467886692e-07,1.5900605375978234e-09,5.534140094853981e-09,1.2656468490594572e-12,1.9474455318695162e-05
98.4,8.67255228682889e-06,8.689779147212083e-07,1.2061489190213371e-08,1.2145847310570351e-07,1.5837724318244867e-09,5.517918426394001e-09,1.25932299436916e-12,1.941889231183458e-05
98.45,8.647933045438863e-06,8.664410232291111e-07,1.2013995102116131e-08,1.211021284846511e-07,1.577512220228205e-09,5.501751904956522e-09,1.2530338345288084e-12,1.9363512460252233e-05
98.5,8.623394475991127e-06,8.639127160475205e-07,1.1966710738658034e-08,1.2074699611141697e-07,1.5712797657101092e-09,5.485640317531789e-09,1.2467791622567735e-12,1.9308315080636375e-05
98.55000000000001,8.598936279614837e-06,8.613929601946358e-07,1.1919635073993583e-08,1.2039307130203692e-07,1.5650749319105071e-09,5.469583452030209e-09,1.2405587716109722e-12,1.9253299492515135e-05
98.60000000000001,8.574558158671142e-06,8.58881722830282e-07,1.1872767087780508e-08,1.2004034939277892e-07,1.5588975832045472e-09,5.4535810972779695e-09,1.2343724579794704e-12,1.9198465018243626e-05
98.65,8.550259816747558e-06,8.563789712552349e-07,1.1826105765147552e-08,1.1968882574004576e-07,1.5527475846978898e-09,5.437633043012629e-09,1.2282200180714568e-12,1.9143810982990885e-05
98.7,8.52604095865245e-06,8.538846729105553e-07,1.1779650096662635e-08,1.1933849572028013e-07,1.546624802222466e-09,5.421739079878831e-09,1.2221012499059053e-12,1.908933671472714e-05
98.75,8.5019012904095e-06,8.51398795376925e-07,1.1733399078301118e-08,1.1898935472986874e-07,1.540529102332193e-09,5.405898999423978e-09,1.2160159528040609e-12,1.9035041544210953e-05
98.80000000000001,8.477840519252201e-06,8.489213063739849e-07,1.168735171141429e-08,1.186413981850466e-07,1.5344603522987432e-09,5.390112594093862e-09,1.2099639273822473e-12,1.8980924804976493e-05
98.85000000000001,8.453858353618421e-06,8.464521737596801e-07,1.1641507002698114e-08,1.1829462152180367e-07,1.5284184201073724e-09,5.374379657228453e-09,1.2039449755404828e-12,1.892698583332095e-05
98.9,8.429954503144914e-06,8.439913655296024e-07,1.1595863964162018e-08,1.1794902019579017e-07,1.5224031744527158e-09,5.358699983057836e-09,1.1979589004548298e-12,1.887322396829182e-05
98.95,8.40612867866193e-06,8.415388498163417e-07,1.1550421613098039e-08,1.1760458968222346e-07,1.5164144847346623e-09,5.3430733666977405e-09,1.1920055065677225e-12,1.8819638551674418e-05
99.0,8.382380592187828e-06,8.390945948888384e-07,1.1505178972050092e-08,1.1726132547579484e-07,1.510452221054233e-09,5.327499604145101e-09,1.186084599578733e-12,1.876622892797944e-05
99.05000000000001,8.358709956923696e-06,8.366585691517391e-07,1.1460135068783413e-08,1.1691922309057685e-07,1.504516254209468e-09,5.3119784922743155e-09,1.1801959864376213e-12,1.8712994444430448e-05
99.10000000000001,8.335116487248049e-06,8.342307411447583e-07,1.1415288936254272e-08,1.165782780599318e-07,1.4986064556913655e-09,5.296509828832978e-09,1.1743394753348306e-12,1.865993445095167e-05
99.15,8.311599898711472e-06,8.318110795420369e-07,1.1370639612579755e-08,1.1623848593641966e-07,1.4927226976798477e-09,5.2810934124375045e-09,1.1685148756918938e-12,1.8607048300155542e-05
99.2,8.288159908031369e-06,8.293995531515115e-07,1.1326186141007869e-08,1.1589984229170709e-07,1.4868648530397294e-09,5.265729042569229e-09,1.1627219981546387e-12,1.8554335347330585e-05
99.25,8.264796233086692e-06,8.269961309142824e-07,1.128192756988772e-08,1.15562342716477e-07,1.4810327953167245e-09,5.250416519570242e-09,1.1569606545838556e-12,1.8501794950429195e-05
99.30000000000001,8.24150859291271e-06,8.246007819039858e-07,1.1237862952639935e-08,1.1522598282033814e-07,1.4752263987335079e-09,5.235155644639322e-09,1.1512306580472275e-12,1.8449426470055538e-05
99.35000000000001,8.218296707695817e-06,8.222134753261721e-07,1.1193991347727319e-08,1.1489075823173595e-07,1.4694455381857292e-09,5.219946219827764e-09,1.1455318228097668e-12,1.839722926945352e-05
99.4,8.19516029876832e-06,8.198341805176807e-07,1.1150311818625562e-08,1.145566645978627e-07,1.463690089238113e-09,5.204788048035444e-09,1.1398639643265943e-12,1.8345202714494765e-05
99.45,8.172099088603305e-06,8.17462866946025e-07,1.1106823433794254e-08,1.1422369758456882e-07,1.4579599281205783e-09,5.1896809330068876e-09,1.1342268992364054e-12,1.8293346173666697e-05
99.5,8.149112800809503e-06,8.15099504208777e-07,1.1063525266648008e-08,1.1389185287627488e-07,1.4522549317243662e-09,5.17462467932711e-09,1.128620445350856e-12,1.824165901806067e-05
99.55000000000001,8.126201160126173e-06,8.127440620329551e-07,1.1020416395527804e-08,1.1356112617588369e-07,1.4465749775981884e-09,5.159619092417666e-09,1.1230444216465502e-12,1.819014062136014e-05
99.60000000000001,8.10336389241805e-06,8.103965102744184e-07,1.0977495903672527e-08,1.13231513204693e-07,1.4409199439443931e-09,5.144663978532752e-09,1.1174986482583242e-12,1.8138790359828977e-05
99.65,8.080600724670251e-06,8.080568189172574e-07,1.0934762879190573e-08,1.1290300970230814e-07,1.435289709615185e-09,5.129759144755313e-09,1.111982946471084e-12,1.8087607612299652e-05
99.7,8.057911384983267e-06,8.057249580731945e-07,1.0892216415031781e-08,1.1257561142655597e-07,1.4296841541088578e-09,5.1149043989930085e-09,1.1064971387113563e-12,1.8036591760161697e-05
99.75,8.035295602567952e-06,8.034008979809846e-07,1.0849855608959458e-08,1.1224931415339864e-07,1.4241031575660383e-09,5.100099549974319e-09,1.1010410485394344e-12,1.7985742187350062e-05
99.80000000000001,8.012753107740531e-06,8.010846090058179e-07,1.0807679563522568e-08,1.1192411367684799e-07,1.418546600765956e-09,5.085344407244785e-09,1.0956145006417797e-12,1.7935058280333617e-05
99.85000000000001,7.990283631917672e-06,7.987760616387298e-07,1.0765687386028172e-08,1.116000058088807e-07,1.41301436512275e-09,5.07063878116307e-09,1.0902173208233392e-12,1.788453942810372e-05
99.9,7.96788690761151e-06,7.964752264960075e-07,1.0723878188513919e-08,1.1127698637935305e-07,1.407506332681788e-09,5.055982482897161e-09,1.0848493359998962e-12,1.7834185022162727e-05
99.95,7.945562668424766e-06,7.941820743186051e-07,1.0682251087720811e-08,1.1095505123591706e-07,1.4020223861160063e-09,5.041375324420562e-09,1.0795103741904668e-12,1.778399445651268e-05
100.0,7.923310649045852e-06,7.918965759715596e-07,1.0640805205066109e-08,1.106341962439364e-07,1.3965624087222719e-09,5.0268171185084e-09,1.0742002645096809e-12,1.7733967127644033e-05
