Q,J_1s1/2(2),J_2s1/2(2),J_2p1/2(2),J_2p3/2(4),J_3s1/2(2),J_3p1/2(2),J_3p3/2(4),J_3d3/2(4),J_3d5/2(6),J_4s1/2(2),J_4p1/2(2),J_4p3/2(4),J_4d3/2(1),J_5s1/2(2),J_total_Y_relativistic
0.0,0.04299062007673526,0.15712819190604066,0.07851429618874539,0.16113710895787936,0.39578576768113355,0.23676324029924786,0.48354389649773677,0.34074709421012306,0.5147903765259567,1.042405243592315,0.7028904560251572,1.438280204284692,0.48906286283245154,3.75498289071505,9.839022249793263
0.05,0.042990405537286634,0.15711835971047888,0.07851429605666418,0.16113710866272948,0.3956075489047171,0.23676321113306154,0.48354383177910604,0.34074709419922433,0.5147903765088069,1.0391244571565292,0.7028836045704485,1.4382647809828417,0.48906101819105885,3.620723714821205,9.701269808214159
0.1,0.042989761927759884,0.15708886723424562,0.07851429486923188,0.16113710600682177,0.3950734116252096,0.23676294895273897,0.483543250040277,0.34074709384032054,0.5147903759440621,1.0293490119465871,0.7028226166715,1.438127569654877,0.4890069374876167,3.2486169500415016,9.31857019624275
0.15000000000000002,0.04298868927461164,0.15703972680549924,0.07851429025382987,0.16113709568098702,0.39418491032244013,0.2367619312858672,0.48354099216764,0.34074709085915417,0.5147903712533234,1.013277228142831,0.7025894930312919,1.4376035519271215,0.488628718973055,2.718396242740145,8.770200332717797
0.2,0.04298718762193371,0.1569709589605146,0.07851427825925071,0.1611370688439567,0.3929446269191044,0.23675929257055658,0.4835351383804928,0.3407470771856339,0.5147903497399293,0.99123170060542,0.7019982348742012,1.4362762101906106,0.4872438695424867,2.129264190365337,8.154400184059426
0.25,0.042985257031449224,0.1568825924277131,0.0785142533604283,0.16113701313337075,0.3913561575383937,0.23675383193278585,0.48352302619757404,0.34074703267000384,0.5147902797062738,0.9636478522157954,0.700809708735906,1.4336124788360936,0.4838209427734853,1.5689794427245924,7.557559869283866
0.30000000000000004,0.042982897582507264,0.15677466410533225,0.07851420846505014,0.16113691268116404,0.3894240941101514,0.23674402395390126,0.4835012752996491,0.3407469165523417,0.5147900970434593,0.9310587939838034,0.6987503453433945,1.429006453856261,0.4773219755470317,1.0949004404426446,7.035653098966691
0.35000000000000003,0.042980109372075935,0.15664721903276213,0.07851413492204119,0.16113674813330686,0.3871540009690888,0.23672803230962014,0.4834658190029303,0.3407466569420073,0.5147896887021524,0.8940772937915843,0.6955329021604938,1.4218275260858044,0.46708095141713607,0.7305950720431478,6.611276154884152
0.4,0.04297689251473388,0.1565003103555839,0.07851402253190681,0.1611364966738683,0.38455238662685437,0.23670372613099114,0.48341194198413856,0.34074613862280523,0.5147888735474245,0.8533757753840625,0.6908774331984354,1.4114684472910917,0.45298786014723463,0.4733918116589043,6.281432116668035
0.45,0.042973247142660306,0.15633399928435313,0.0785138595589185,0.16113613205336383,0.38162667093601055,0.2366686989090373,0.48333432382946606,0.3407451895488943,0.5147873811783572,0.8096653229247174,0.6845307365155436,1.3973892175823397,0.43543836647962,0.3057089979904609,6.028852143933742
0.5,0.04296917340562342,0.1561483550471785,0.0785136327451241,0.1611356246213426,0.3783851478978485,0.23662028973864982,0.4832270879175586,0.3407435664344799,0.5147848293530195,0.7636746544813475,0.6762828516340285,1.3791534894179418,0.4151492287728347,0.20491767070820885,5.831705602175187
0.55,0.0429646714709674,0.1559434548361537,0.07851332732616104,0.1611349413631625,0.3748369443971105,0.236555606674058,0.4830838550917637,0.34074093986608817,0.5147807006995613,0.7161299563093815,0.6659795974830239,1.35645525934163,0.39295701345375367,0.14964716759582747,5.669723435908644
0.6000000000000001,0.042959741523597744,0.15571938374770808,0.07851292704884849,0.16113404594089495,0.37099197517479143,0.2364715519481673,0.4828978015299951,0.34073687937921654,0.5147743194137693,0.6677363494773342,0.6535306098764008,1.3291347888984237,0.3696677088748161,0.12270240638205264,5.5269704892160165
0.65,0.042954383765965186,0.15547623471694832,0.07851241419053168,0.16113289873829453,0.36686089437498215,0.23636484879146782,0.482661720182212,0.34073083894130096,0.5147648286424313,0.6191616049869081,0.6389127931096253,1.2971838017685324,0.34597277444727126,0.11168107492138246,5.392371111577854
0.7000000000000001,0.042948598418048024,0.15521410844607156,0.078511769580149,0.16113145690976305,0.3624550440229914,0.23623206957324253,0.4823680851161051,0.34072214327060435,0.5147511692308666,0.5710225481631029,0.6221694929165069,1.2607409241053127,0.3224187823310561,0.10839927513443315,5.259085467218253
0.75,0.04294238571733294,0.15493311332693638,0.07851097262099005,0.1611296744332304,0.3577863998095624,0.23606966497855433,0.4820091180913581,0.34070997539657266,0.514732060473293,0.523874412512439,0.603405995411737,1.2200789976760775,0.299410396457076,0.10790144502027532,5.123494611925436
0.8,0.04293574591879432,0.15463336535788552,0.07851000131511014,0.16112750216686972,0.3528675145697753,0.23587399392901162,0.4815768566718861,0.3406933658325585,0.5147059834481696,0.47820323060391684,0.5827821450689439,1.1755862781402253,0.2772295898582596,0.10747812462523972,4.984203697506646
0.8500000000000001,0.042928679294872006,0.15431498805492092,0.07850883228936444,0.16112488790955784,0.3477114598551275,0.23564135395357944,0.4810632231836622,0.3406711836880013,0.5146711674496317,0.4344211953433078,0.5605029568840106,1.127743651864308,0.25605995303809664,0.1058659436170902,4.84122947642553
0.9,0.04292118613544759,0.1539781123573378,0.07850744082302265,0.1611217764649865,0.3423317660033004,0.23536801171764132,0.480460093832876,0.3406421299958413,0.514625579943323,0.3928647966859396,0.5368080882905936,1.0770999101445478,0.2360100985083584,0.1026647979636465,4.695403788866862
0.9500000000000001,0.042913266747819166,0.15362287652793163,0.07850580087692285,0.16111810970932458,0.33674236111228134,0.23505023342398496,0.47975936731485586,0.3406047334739503,0.5145669203832988,0.3537954405367546,0.5119609567633318,1.0242468697813183,0.21713360018761346,0.09794512754313478,4.547965664382522
1.0,0.04290492145667457,0.15324942604789693,0.07850388512412076,0.16111382666232665,0.330957509323907,0.2346843148081946,0.4789530322678985,0.3405573488785905,0.5144926181292977,0.3174021895024434,0.4862381633403711,0.969795785999406,0.19944483933116863,0.09199980864622172,4.400297669518518
1.05,0.042896150604063155,0.1528579135065437,0.07850166498198882,0.1611088635617773,0.3249917488166434,0.23426661046284494,0.4780332329572693,0.3404981580452749,0.5143998346036522,0.2838062279703879,0.4599197332002932,0.9143561236005138,0.1829310534175861,0.08519703424159701,4.253764349970435
1.1,0.042886954549366,0.15244849848596279,0.0784991106457175,0.16110315394115693,0.3188598298987015,0.23379356223962858,0.4769923326124212,0.34042517364975733,0.5142854697274096,0.2530666434939877,0.4332805309571984,0.8585173792891688,0.16756122771672255,0.07789947287564532,4.109619340082845
1.1500000000000001,0.042877333669264696,0.15202134744077647,0.07849619112316912,0.16109662871040936,0.3125766535806006,0.23326172649579793,0.4758229738841313,0.3403362456609623,0.5141461725786394,0.2251871282433857,0.4065830647066301,0.8028343132731781,0.15329251874946154,0.07042470937502138,3.968957007491429
1.2000000000000002,0.042867288357708595,0.1515766335731167,0.07849287427103283,0.16108921623968833,0.30615721099128385,0.23266779997072512,0.4745181359368926,0.3402290704000402,0.5139783561249108,0.20012323331214232,0.38007176832216183,0.7478156696389742,0.14007482161966187,0.06303009693705454,3.832692175695394
1.25,0.0428568190258806,0.15111453670297784,0.07848912683222775,0.1610808424459546,0.29961652398412203,0.2320086440996193,0.4730711877446164,0.34010120206676087,0.5137782157986617,0.1777898498547679,0.35396875088594254,0.6939162499964446,0.12785397682084979,0.05591117723323331,3.7015571034920596
1.3,0.042845926102161445,0.1506352431340955,0.0784849144744995,0.16107143088229292,0.29296958725891176,0.2312813075941227,0.47147593721356135,0.3399500665472528,0.5135417516104079,0.15806863959476955,0.3284709266977254,0.6415320527348417,0.11657399724109119,0.049206986023525696,3.5761087671092597
1.35,0.04283461003209253,0.15013894551550827,0.0784802018301539,0.16106090282981378,0.28623131230358606,0.23048304714325726,0.4697266758144726,0.3397729772765184,0.5132647934317893,0.14081518901675338,0.30374838775117585,0.5909980948131652,0.10617859806904674,0.04300829599971201,3.456742031827045
1.4000000000000001,0.04282287127833729,0.1496258426989627,0.07847495253687051,0.16104917739200217,0.27941647343513587,0.22961134611264206,0.4678182184652587,0.3395671528958074,0.512943029029202,0.12586571312303427,0.27994384998945887,0.5425884852203896,0.09661223495963997,0.03736657768637143,3.343705924823113
1.4500000000000002,0.04281071032064104,0.14909613959232595,0.07846912927953685,0.16103617159137212,0.2725396561935193,0.22866393114468447,0.4657459384652703,0.3393297364191531,0.5125720343897349,0.11304318338673215,0.25717299133572763,0.4965183088672114,0.08782079726259306,0.032302516274515004,3.237121244523017
1.5,0.04279812765578948,0.14855004700917493,0.07846269383304366,0.1610218004682837,0.265615208315444,0.22763878658721654,0.46350579734151415,0.3390578156052656,0.5121473058543902,0.10216279864349037,0.23552549950895313,0.4529468967090374,0.07975206013852368,0.027813546822318323,3.1369983844924447
1.55,0.042785123797565584,0.14798778151473338,0.07845560710597992,0.16100597718177626,0.25865719348717964,0.22653416670247317,0.461094369525154,0.3387484442204108,0.5116642935588636,0.09303675601076969,0.2150666572550835,0.4119820933857086,0.07235596847309718,0.02388022469755261,3.0432546569163477
1.6,0.04277169927670523,0.1474095652683321,0.07844782918516577,0.16098861311226995,0.2516793480473136,0.2253486056320887,0.45850886183268974,0.3383986638745571,0.5111184356789263,0.08547831097959833,0.19583930857169005,0.3736851800930356,0.06558480347653745,0.020471438411683678,2.9557306634405935
1.6500000000000001,0.04275785464085123,0.14681562586257,0.0784393193809607,0.16096961796598575,0.2446950407819218,0.2240809251166438,0.4557471277796207,0.3380055261164584,0.5105051929848368,0.07930514153317943,0.1778660690722592,0.33807616185715894,0.0593932674461128,0.01754856533843316,2.8742054358769926
1.7000000000000002,0.04274359045450602,0.1462061961593567,0.07843003627328324,0.16094889988093233,0.2377172359262826,0.22273023998998595,0.45280767680462386,0.3375661144828346,0.5098200832261773,0.07434205080494562,0.16115166470602374,0.3051391804663998,0.05373851134591865,0.015068708637009784,2.79841018915828
1.75,0.04272890729898291,0.14558151412301945,0.07841993775827845,0.1609263655343074,0.23075845945930074,0.22129596148885639,0.44968967852883734,0.33707756621168866,0.5090587148938766,0.07042305692990473,0.14568530405626026,0.2748278639679766,0.04858012237281354,0.012987161177029194,2.7280406138011326
1.8,0.04271380577235588,0.1449418226506589,0.0784089810955685,0.16090192025115968,0.22383076874948823,0.21977779843711207,0.44639296221733915,0.33653709334926746,0.5082168199386129,0.06739292804563195,0.13144300930306868,0.24707046891172002,0.04388008351089801,0.011259234250755841,2.662767696483637
1.85,0.042698286489408016,0.144287369399941,0.07839712295602164,0.16087546811415773,0.2169457255849122,0.21817575638088818,0.44291801164805883,0.3359420030034003,0.5072902850629849,0.06510822560750801,0.11838984897327234,0.2217747113472397,0.03960271348442053,0.00984157383575486,2.602247101887968
1.9000000000000001,0.04268235008157851,0.1436184066145122,0.07838431946997432,0.16084691207431057,0.21011437259417476,0.21649013476629664,0.43926595562693443,0.33528971652210005,0.5062751812473981,0.06343792104823137,0.10648203144089793,0.19883221653587513,0.03571459309597596,0.00869306993894579,2.546127181057206
1.9500000000000002,0.042665997196908265,0.14293519094722804,0.07837052627584154,0.16081615406248564,0.20334721304143188,0.21472152226462693,0.435438554417006,0.33457778740455413,0.5051677912152532,0.062263650050173015,0.09566883165166852,0.17812254546662162,0.03218448222538664,0.007775447573721905,2.4940556937929075
2.0,0.04264922849998414,0.14223798328138468,0.07835569856905002,0.1607830951015698,0.19665419395584297,0.21287079036146359,0.4314381823732681,0.33380391778119034,0.503964634590461,0.06147966596325008,0.08589433475488674,0.15951677891209262,0.028983230611492657,0.007053612379226807,2.4456853471351634
2.0500000000000003,0.04263204467188179,0.14152704855014414,0.07833979115122926,0.16074763541911907,0.19004469253480813,0.21093908533565014,0.4272678070945108,0.33296597332962996,0.5026624905484023,0.060992549763640824,0.0770989893764518,0.14288065745308642,0.02608368473463449,0.0064958102934680444,2.4006782602566576
2.1,0.042614446410107115,0.14080265555434443,0.07832275847959572,0.1607096745603441,0.1835275057410057,0.2089278187616285,0.42293096541815717,0.33206199652338214,0.5012584178091505,0.060720728896581394,0.0692209703634912,0.1280772892543405,0.023460592535881036,0.006073649081741434,2.3587094693897512
2.15,0.04259643442853643,0.1400650767788854,0.07830455471646543,0.1606691115012789,0.17711084299566396,0.2068386566744071,0.4184317365943979,0.33109021813949274,0.49974977186814934,0.06059385178022142,0.062197356212701706,0.11496944703036395,0.021090507318574567,0.005762019798155348,2.319469585837295
2.2,0.04257800945735518,0.1393145882078813,0.07828513377883124,0.16062584476198222,0.17080232185475497,0.20467350754032984,0.41377471298194785,0.33004906697953323,0.4981342194038274,0.06055205898614501,0.05596513030867252,0.10342148222155118,0.018951691860312314,0.0055389482271270656,2.2826667165702506
2.25,0.04255917224299537,0.13855146913877,0.07826444938794103,0.16057977251962166,0.16460896654090648,0.20243450917900976,0.40896496860973625,0.32893717778487785,0.4964097498431601,0.060545186400931414,0.05046201778628695,0.09330088848469455,0.017024023550675463,0.005385399764998341,2.2480277512346056
2.3000000000000003,0.04253992354807166,0.1377760019955686,0.07824245511881414,0.16053079272129347,0.1585372091918056,0.2001240147823634,0.40400802594709023,0.3277533973518309,0.4945746841044781,0.060531930192654224,0.04562717151727419,0.08447954870580653,0.015288901201592089,0.0052850558576566075,2.2152991122362997
2.35,0.042520264151316094,0.1369884721414638,0.07821910444963392,0.16047880319643176,0.15259289367570503,0.19774457817574814,0.39890982121978397,0.32649678887457734,0.49262768057146955,0.06047899828225239,0.04140172160723229,0.07683470031691629,0.0137291540415031,0.005224075798208338,2.184247056502242
2.4000000000000004,0.04250019484751156,0.13618916769092387,0.07819435081095519,0.1604237017686642,0.1467812818162985,0.19529893846388774,0.393676668601037,0.32516663456395684,0.4905677383830928,0.06036026833274089,0.037729203052951736,0.07024965312443247,0.012328953310821218,0.005190854227554512,2.1546576089948286
2.45,0.04247971644742391,0.13537837932151806,0.07816814763466623,0.16036538636697312,0.14110706186267327,0.19279000420071113,0.38831522359550774,0.3237624366075986,0.48839419815085217,0.0601559680634674,0.03455587600198282,0.06461429245258937,0.011073726777331408,0.005175781929599339,2.1263361994128944
2.5,0.042458829777732805,0.13455640008562683,0.07814044840264625,0.16030375513602385,0.13557435903519124,0.19022083721755706,0.3828324459208834,0.3222839165519588,0.4861067402375656,0.059851889988044214,0.031830952503817546,0.059825398430725596,0.00995007642524782,0.0051710153355854415,2.0991070650486066
2.5500000000000003,0.042437535680961244,0.13372352522222483,0.07811120669506004,0.16023870654552497,0.13018674797493715,0.18759463623856146,0.3772355621761837,0.32073101319928593,0.4837053807504011,0.0594386494579636,0.029506742848959808,0.055786809915510896,0.008945699506485138,0.005170258444933118,2.0728124746569927
2.6,0.04241583501540385,0.1328800519689157,0.07808037623823294,0.16017013949848818,0.12494726692270003,0.18491472040557924,0.37153202856870804,0.3191038791225646,0.4811904654157122,0.05891099214872515,0.02753873364265503,0.05240945900205956,0.008049313085147954,0.005168559544765448,2.047311820579658
2.6500000000000004,0.04239372865505387,0.13202627937439557,0.0780479109520506,0.16009795343825922,0.11985843345322976,0.18218451282784193,0.36572949395301246,0.31740287590915706,0.47856266151423915,0.05826715482064486,0.02588560872089154,0.049611299466634576,0.007250582162473265,0.005162124089042861,2.0224806193369265
2.7,0.042371217489528906,0.13116250811151955,0.07801376499682916,0.16002204845419388,0.11492226159163178,0.1794075242638508,0.35983576341572887,0.31562856824930857,0.4758229480627939,0.05750828128496774,0.024509222939340516,0.04731714989208986,0.006540051417428473,0.005148144322532461,1.9982094544917444
2.75,0.04234830242399544,0.130289040291142,0.07797789281960307,0.15994232538585787,0.11014028014110933,0.17658733703487964,0.35385876261973476,0.31378171698906626,0.47297260443288286,0.05663789396663484,0.023374537790457173,0.04545846972293992,0.005909080566604868,0.005124645654612362,1.97440288983952
2.8000000000000003,0.04232498437909208,0.1294061792768987,0.07794024919977938,0.15985868592563215,0.1055135520547319,0.17372758926104057,0.34780650310044764,0.31186327126866026,0.470013197598135,0.05566142023614796,0.022449526758835714,0.043973084126643545,0.005349783313206309,0.00509034936439696,1.9509783758636483
2.85,0.04230126429085162,0.12851422950109578,0.07790078929410844,0.15977103271960993,0.1010426946883727,0.170831959502258,0.3416870486861098,0.3098743598671983,0.46694656820120495,0.05458577174315997,0.02170505733034655,0.042804871331521714,0.004854969829963287,0.005044550919132071,1.9278651679049332
2.9000000000000004,0.04227714311062186,0.12761349628186583,0.07785946868092339,0.15967926946667527,0.09672790077730725,0.16790415187781502,0.3355084831930929,0.307816281872826,0.46377481562732736,0.05341897428429386,0.021114755640033647,0.04190342408719507,0.00441809270454503,0.004987012987402778,1.9050032705919255
2.95,0.04225262180498524,0.12670428564174943,0.07781624340360152,0.1595833010156576,0.09256895998508308,0.1649478817294746,0.3292788795267099,0.3056904967945033,0.4605002822662245,0.052169845240537645,0.020654858885358663,0.04122369505831776,0.004033196255373425,0.004917872106066443,1.8823424197136434
3.0,0.04222770135567727,0.12578690412785498,0.07777107001320328,0.15948303346046094,0.0885652808800377,0.16196686188462392,0.3230062702979547,0.30349861422743213,0.4571255371369314,0.05084771529182169,0.020304059849234776,0.040725634317156104,0.0036948691160054244,0.004837557894628577,1.8598411098530228
3.0500000000000003,0.042202382759503804,0.12486165863374644,0.07772390561024578,0.15937837423307058,0.08471591320215781,0.15896478956752583,0.31669862004718097,0.3012423831791353,0.4536533590415831,0.049462190927913305,0.020043347172404417,0.040373825640236935,0.003398199970671544,0.004746723691558491,1.8374656736769346
3.1,0.04217666702825713,0.12392885622320453,0.07767470788556981,0.15926923219434497,0.0810195702907204,0.15594533399864985,0.3103637991471105,0.29892368115740137,0.4500867194046105,0.04802295419886649,0.019855844385767346,0.04013712703005851,0.003138736313125351,0.0046461874992389345,1.815189416756926
3.1500000000000004,0.0421505551886309,0.12298880395600181,0.07762343516026128,0.1591555177225052,0.07747465155124396,0.1529121247142572,0.30400955943985125,0.2965445031149509,0.4464287649433505,0.046539596161624,0.019726650157249382,0.03998831976343086,0.00291244609461648,0.004536882158714385,1.7929918101266877
3.2,0.04212404828213396,0.12204180871582891,0.0775700464245898,0.15903714279923872,0.07407926484860512,0.1498687406309812,0.2976435116459095,0.2941069503388944,0.44268280030506313,0.045021480561867215,0.019642681720538426,0.03990376930069932,0.0027156821194098393,0.004419813728340059,1.7708577414220996
3.25,0.04209714736500297,0.12108817704050308,0.07751450137592893,0.15891402109333927,0.07083124872165449,0.14681869987311139,0.2912731045675566,0.29161321936598256,0.4388522707939503,0.04347763442470401,0.019592523029605836,0.03986310056158876,0.00254514904707397,0.0042960271015302365,1.7487768243615325
3.3000000000000003,0.04206985350811399,0.12012821495458686,0.07745676045562495,0.158786068041809,0.06772819432321525,0.14376545037369312,0.28490560609443283,0.28906559099742607,0.4349407453002077,0.04191666239985708,0.019566278818117615,0.03984888937025367,0.0023978728587197005,0.004166577967100671,1.7267427654631586
3.35,0.04204216779689294,0.11916222780453926,0.07739678488478269,0.15865320092835491,0.06476746699789034,0.1407123612544146,0.2785480860059571,0.28646641947979073,0.4309518995315737,0.04034668190468632,0.0195554354312517,0.03984637128112001,0.002271172647067588,0.004032510288479419,1.7047527862368015
3.4000000000000004,0.04201409133122489,0.11819052009651676,0.0773345366989389,0.15851533895921505,0.061946227418572045,0.13766271498358643,0.27220740055299003,0.28381812191125705,0.4268894996364061,0.03877527632184485,0.019552729033756388,0.039843168505525065,0.002162634593843343,0.0038948385494870343,1.6828070985931638
3.45,0.041985625225362394,0.11721339533693736,0.07726997878159612,0.15837240333625607,0.05926145221088203,0.13461970030633674,0.26589017879027077,0.2811231679254533,0.42275738629617193,0.037209463729719526,0.01955202157714575,0.039829035254966144,0.0020700879997168423,0.0037545340880237683,1.660908430858839
3.5,0.041956770607832664,0.1162311558759148,0.07720307489659138,0.15822431732728806,0.05670995400290983,0.1315864059364466,0.25960281062139834,0.27838406969819696,0.4185594593544478,0.03565567886677001,0.01954818472579362,0.03979562148879431,0.0019915832367666097,0.003612514910070184,1.639061601549221
3.5500000000000003,0.04192752862134373,0.1152441027536659,0.07713378971927665,0.15807100633354754,0.05428840084552421,0.12856581499503641,0.25335143650954484,0.27560337231587334,0.4142996630392162,0.03411976625058186,0.019536991791719003,0.0397362547922401,0.0019253714952981013,0.003469638442828788,1.6172731379056966
3.6,0.04189790042268956,0.11425253554998833,0.07706208886648966,0.1579123979543045,0.0519933349561561,0.1255608001775757,0.2471419387996248,0.2727836445378835,0.40998197182545043,0.03260698258518885,0.019515017606766327,0.03964573990550953,0.0018698862019567275,0.003326696750429042,1.595550936140013
3.6500000000000004,0.041867887182654114,0.11325675223690115,0.07698793892529596,0.15774842204855438,0.04982119074626423,0.12257411962741344,0.24097993459127168,0.26992746997964795,0.4056103769757745,0.031122006793286198,0.01947954616477317,0.039520175268035286,0.001823725991653645,0.0031844137925649226,1.5739039603240907
3.7,0.04183749008591445,0.11225704903453512,0.0769113074804848,0.15757901079376022,0.047768312099665575,0.11960841349120188,0.23487077009663684,0.26703743873707986,0.40118887378838997,0.029668956201454492,0.019428485791670072,0.03935678582636186,0.0017856391211781195,0.0030434443584077494,1.552341976906741
3.75,0.041806710330942756,0.11125372027035475,0.07683216314080384,0.1574040987416158,0.04583096887551808,0.1166662011291901,0.22881951641266907,0.26411613946826196,0.3967214495735068,0.02825140758521938,0.01936029154511609,0.03915377127295374,0.0017545092194288423,0.0029043743564112186,1.5308753219219924
3.8000000000000003,0.04177554912990746,0.11024705824178872,0.07675047556391931,0.15722362287080469,0.04400537261596872,0.11374987895137961,0.22283096663410612,0.2611661519432855,0.39221207237221456,0.026872421946007072,0.019273894504414406,0.03891016883061343,0.0017293422739197474,0.002767722181829064,1.5095146980601584
3.85,0.04174400770857333,0.10923735308234003,0.07666621548009053,0.15703752263673518,0.042287691444310195,0.11086171884893559,0.2169096342308415,0.25819004006883933,0.38766468042507685,0.02553457204357332,0.01916863758355756,0.03862572966811774,0.001709254759160216,0.002633940923152119,1.4882709989033036
3.9000000000000004,0.0417120873062006,0.10822489263124192,0.07657935471454932,0.15684574001823567,0.0406740641449194,0.108003867189012,0.2110597526115611,0.25519034539017194,0.3830831723917245,0.024239971845376636,0.0190442174831042,0.03830080802276712,0.0016934628177952319,0.0025034212042044156,1.4671551577708641
3.95,0.041679789175443197,0.10720996230672082,0.07648986620857717,0.15664821956119965,0.03916061342127623,0.10517834434025301,0.20528527579451314,0.2521695810694834,0.37847139831734933,0.022990307178980325,0.018900632388261368,0.03793626211104033,0.001681272410633939,0.0023764944891663626,1.4461780187728985
4.0,0.04164711458224599,0.10619284498292163,0.07639772403927464,0.15644490841917388,0.03774345833298115,0.10238704469564647,0.1995898801059077,0.249130226336622,0.37383315133723005,0.02178686698543147,0.018738135019381884,0.037533365926214805,0.0016720703577990735,0.0022534367070815428,1.4253502278279122
4.05,0.041614064805741174,0.10517382087054622,0.07630290343801939,0.15623575639088788,0.03641872591691079,0.09963173715910859,0.19397696682668503,0.24607472140515416,0.3691721601062452,0.02063057467133952,0.018557190645667347,0.037093731048861385,0.00166531619808469,0.0021344720764820994,1.4046821415597337
4.1000000000000005,0.04158064113814368,0.10415316740125047,0.07620538080761124,0.15602071595472716,0.03518256200147674,0.09691406606213962,0.18844966570917168,0.2430054628444247,0.36449208193669713,0.019522019145805206,0.018358439681973877,0.036619237630178,0.0016605347989762339,0.002019777031811645,1.3841837521443872
4.15,0.04154684488464576,0.10313115911584016,0.07610513373810428,0.15579974230015686,0.03403114122639486,0.09423555247708804,0.18301083928640735,0.2399247993961105,0.3597964966246773,0.018461485206231597,0.018142664501198415,0.036111973747222435,0.00165730965429532,0.0019094841729783904,1.3638646263313514
4.2,0.04151267736331066,0.10210806755630086,0.0760021410213279,0.15557279335610638,0.03296067628344084,0.09159759589396665,0.17766308789860563,0.2368350282219734,0.35508890094258705,0.017448983005205143,0.017910760109876668,0.03557418237163577,0.0016552768106584514,0.0018036861741867127,1.3437338570091821
4.25,0.04147813990496545,0.10108416116169251,0.07589638266410044,0.15533982981633013,0.03196742639637821,0.08900147622835833,0.17240875536326272,0.23373839156801876,0.3503727037732827,0.016484276389897367,0.017663708351593976,0.035008215238118034,0.0016541193683030377,0.0017024396017262544,1.323800025826028
4.3,0.041443233853093,0.10005970516793364,0.07578783990014067,0.15510081516176275,0.031047705060609075,0.08644835612870264,0.1672499352177823,0.23063707382903934,0.34565122185957803,0.015566909956622526,0.017402555320980645,0.03441649294465935,0.0016535625056906893,0.001605768601687107,1.3040711755082814
4.3500000000000005,0.04140796056372314,0.09903496151149602,0.07567649520068394,0.15485571567989176,0.030197887065135227,0.0839392835521515,0.1621884774661049,0.22753319899655094,0.34092767614149583,0.014696234707086569,0.01712839168994105,0.033801470662451594,0.0016533689814761808,0.0015136684268430899,1.2845547906450316
4.4,0.04137232140532295,0.09801018873702556,0.07556233228381183,0.15460450048117333,0.02941441482114293,0.0814751945791971,0.15722599576366109,0.2244288284723855,0.3362051886526692,0.013871432230229333,0.016842335666956528,0.03316560887877323,0.0016533350712343783,0.0014261087809026456,1.2652577858244856
4.45,0.041336317758686354,0.0969856419089003,0.07544533612250506,0.15434714151252124,0.02869380402295698,0.07905691643838916,0.15236387497796566,0.2213259592296735,0.3314867799466167,0.013091537365102171,0.016545518329481295,0.032511348640374214,0.001653286899920973,0.0013430369652759119,1.2461865001183696
4.5,0.04129995101682281,0.09596157252673225,0.07532549295143137,0.1540836135679022,0.028032648668267837,0.07668517071365685,0.14760327906530238,0.2182265223026081,0.32677536702323284,0.012355459326594598,0.016239071088347615,0.03184109080757731,0.0016530771343908203,0.0012643808193205264,1.2273466970121873
4.55,0.0412632225848453,0.09493822844481496,0.07520279027248149,0.15381389429607362,0.0274276254654366,0.07436057670800902,0.1429451592071651,0.21513238158620832,0.322073761725698,0.011662001297630184,0.015924115061488043,0.03115717887018153,0.00165258200323925,0.0011900514510773536,1.2087435689743486
4.6000000000000005,0.04122613387985754,0.09391585379551443,0.07507721685906739,0.1535379642055038,0.02687549765634665,0.07208365493869665,0.1383902621534024,0.21204533292727806,0.31738466957810796,0.011009878509251997,0.015601752152000225,0.03046188491513017,0.0016516986139162614,0.0011199457589922666,1.190381745943066
4.65,0.04118868633084047,0.09289468891659662,0.07494876275919886,0.15325580666651706,0.026373118283715434,0.06985483074026388,0.13393913872231758,0.20896710348786995,0.3127106890344121,0.010397734844319651,0.015273057642510308,0.02975739837266407,0.0016503425395357734,0.0010539487483574549,1.1722653070891191
4.7,0.041150881378537965,0.09187497028248075,0.07481741929735515,0.15296740791070892,0.02591743293202347,0.0676744379532774,0.12959215241128202,0.2058993513627885,0.30805431110970916,0.009824158011807867,0.014939074133869941,0.029045817202222116,0.001648445650032316,0.0009919356487169395,1.1543977952848126
4.75,0.04111272047534192,0.09085693043940332,0.07468317907517018,0.15267275702768016,0.025505481971278665,0.06554272267789754,0.1253494880747046,0.20284366543299764,0.3034179193655606,0.009287693347351465,0.014600806671416442,0.028329141211608427,0.001645954164409628,0.0009337738391475418,1.136782233773968
4.800000000000001,0.04107420508517652,0.08984079794447407,0.07454603597095061,0.15237184595913983,0.025134402332728865,0.06345984707282504,0.12121116062943617,0.19980156543720964,0.2988037902217121,0.008786856302100132,0.014259218916315056,0.02760926723290265,0.0016428269029084327,0.0008793245898567107,1.1194211445977358
4.8500000000000005,0.041035336683381975,0.08882679730860095,0.07440598513804746,0.15206466949043118,0.0248014288453818,0.06142589318151836,0.11717702375086488,0.19677450224442025,0.29421409356745043,0.008320143686465359,0.013915230232870635,0.026887985906296544,0.001639033719766505,0.0008284446292932896,1.1023165683847893
4.9,0.040996116756597444,0.08781514894325759,0.0742630230021027,0.15175122523953538,0.024503895161804772,0.05944086676891659,0.1132467785260531,0.19376385831069953,0.28965089364674396,0.007886043738256323,0.013569713575132385,0.026166979848594455,0.0016345540992541861,0.0007809875462092102,1.0854700851631578
4.95,0.04095654680264342,0.08680606911106344,0.07411714725719366,0.15143151364361113,0.024239234301172436,0.0575047011532191,0.10941998203327248,0.19077094830414487,0.2851161501923061,0.007483045086272055,0.013223494067625638,0.025447823006634878,0.0016293758993622892,0.0007368050370120704,1.0688828358955333
5.0,0.040916628330403416,0.08579976988014257,0.0739683568608985,0.15110553794312973,0.02400497883692374,0.05561726101855385,0.10569605582019287,0.1877970198825335,0.28061171978475613,0.007109644680869643,0.012877348185656263,0.024731981017476395,0.0016234942289921127,0.0006957480083532991,1.052555544478882
5.050000000000001,0.040876362859705064,0.08479645908222472,0.0738166520283075,0.1507733041636672,0.023798760755693107,0.05377834619561109,0.10207429425577003,0.18484325460887535,0.27613935741413587,0.006764354762562468,0.01253200345039472,0.024020812416925403,0.0016169104457863894,0.0006576675448661184,1.0364885399845252
5.1000000000000005,0.040835751921200585,0.08379634027444809,0.07366203422500515,0.15043482109541667,0.023618311013408635,0.05198769539852132,0.09855387273354632,0.18191076899074937,0.2717007182221394,0.006445708938492052,0.012188138562912756,0.023315570555938848,0.0016096312625201923,0.0006224157524589639,1.0206817789467584
5.15,0.040794797056246695,0.08279961270482078,0.07350450615904917,0.15009010027048605,0.023461458813613712,0.050244989907411684,0.0951338557066212,0.1790006156300013,0.26729735940453203,0.006152267434814278,0.011846383909565819,0.022617406100706124,0.0016016679511008881,0.0005898464873891977,1.005134867536359
5.2,0.04075349981678393,0.08180647128129485,0.07334407177197316,0.14973915593804707,0.023326130632179753,0.04854985718718382,0.0918132045369659,0.1761137844700846,0.26293074225435664,0.005882621590778365,0.011507322378626507,0.0219273700069252,0.0015930356341711757,0.00055981598178407,0.9898470834811551
5.25,0.0407118617652154,0.08081710654440397,0.07318073622884022,0.14938200503740362,0.02321034901164628,0.046901874434111736,0.08859078514403908,0.17325120412902778,0.2586022343276421,0.0056353976576674625,0.011171490434908057,0.021246416872080117,0.001583752655430733,0.0005321833759109206,0.9748173976183276
5.300000000000001,0.04066988447428502,0.07983170464341285,0.07301450590737554,0.14901866716904785,0.023112231147461,0.04530057204286349,0.08546537543981324,0.1704137433067109,0.2543131117144331,0.005409259962909518,0.01083937940530601,0.020575408581535986,0.0015738400209345028,0.0005068111662336664,0.9600444949823227
5.3500000000000005,0.0406275695269552,0.07885044731592473,0.0728453883862064,0.1486491645637741,0.02302998728740492,0.04374543698750161,0.08243567253934188,0.16760221225582392,0.2500645613990498,0.005202913496635232,0.010511436933774612,0.019915118175097633,0.0015633209042842432,0.00048356557748108057,0.9455267953492553
5.4,0.04058491851628404,0.07787351187088967,0.07267339243223848,0.14827352204992117,0.022961918964484355,0.042235916110914117,0.07950029973788471,0.1648173643065566,0.24585768369454802,0.00501510597482208,0.010188068569296828,0.019266233870403694,0.0015522202095809912,0.0004623168657124802,0.9312624731735375
5.45,0.040541933045302035,0.07690107117495544,0.0724985279871981,0.14789176701881432,0.022906417082560034,0.040771419317972804,0.0766578132473693,0.16205989743573382,0.2416934947373897,0.004844629429973896,0.009869639454960008,0.018629363188214454,0.0015405641864481357,0.0004429395587280524,0.9172494768656202
5.5,0.04049861472688826,0.07593329364209961,0.07232080615336982,0.14750392938847948,0.02286195987297027,0.03935132266850452,0.07390670868659809,0.15933045587175243,0.23757292902933602,0.004690321377088588,0.009556476090359093,0.018005037132373898,0.0015283800919466833,0.00042531264022172287,0.9034855473719886
5.550000000000001,0.040454965183646135,0.07497034322648001,0.07214023917855976,0.14711004156570182,0.022827110739395747,0.03797497136689949,0.07124542732111892,0.15662963172730182,0.2334968420145475,0.004551065599500121,0.009248868143249721,0.017393714384082905,0.001515695894591294,0.0004093196836783257,0.8899682360287537
5.6000000000000005,0.04041098604777873,0.07401237941843868,0.07195684044031482,0.14671013840650188,0.022800516007213743,0.03664168264586638,0.06867236205006581,0.1539579666524521,0.2294660126808116,0.004425792596075441,0.008947070289686793,0.01679578547621646,0.0015025400157162847,0.00039484894194883653,0.8766949216690875
5.65,0.04036667896096363,0.07305955724359249,0.07177062442942829,0.14630425717510248,0.02278090259260361,0.03535074854247832,0.066185863138548,0.1513159535012733,0.22548114617471093,0.004313479728227535,0.008651304064832548,0.01621157691884587,0.0014889411040684883,0.0003817933980423733,0.8636628269727178
5.7,0.04032204557422741,0.07211202726494269,0.07158160673276277,0.14589243750145972,0.022767075605697597,0.034101438565241365,0.06378424369532797,0.14870403800570559,0.22154287642140716,0.0042131511022919284,0.008361759709232442,0.01564135525195203,0.0014749278398840768,0.00037005078188075347,0.8508690340520135
5.75,0.04027708754781965,0.07116993558793314,0.071389804015421,0.14547472133743164,0.02275791590112474,0.03289300225145427,0.06146578489658108,0.1461226204509297,0.21765176874052788,0.004123877220018999,0.008078597997674518,0.015085331005575483,0.0014605287654444452,0.00035952355751849436,0.8383104992754551
5.800000000000001,0.04023180655108662,0.07023342386838669,0.07119523400229556,0.1450511529116576,0.022752377588373913,0.03172467161462187,0.059228740957483046,0.14357205734699385,0.2138083224504232,0.00404477442726823,0.007801952039808802,0.014543662551376936,0.0014457721396107783,0.00035011888494289285,0.82598406733433
5.8500000000000005,0.04018620426234463,0.06930262932324711,0.07099791545902845,0.14462177868322193,0.022749485513507355,0.030595663482133117,0.057071343854225916,0.14105266309193334,0.21001297345379305,0.003975004188458052,0.0075319290435389985,0.014016459832822032,0.0014306858138512415,0.0003417485603092123,0.8138864845624144
5.9,0.04014028236875288,0.06837768474405335,0.07079786817241118,0.1441866472941743,0.02274833272289067,0.029505181723821286,0.05499180779982628,0.1385647116220728,0.20626609679838073,0.003913772211929114,0.00726861203382905,0.013503787964018413,0.0014152971275633742,0.00033432893831365453,0.802014411522037
5.95,0.04009404256618616,0.06745871851307181,0.07059511293025644,0.14374580952097957,0.022748077918770516,0.02845241937239149,0.05298833347776712,0.13610843804563333,0.2025680092070853,0.0038603274491206888,0.007012061521003119,0.01300567068969012,0.0013996328203087275,0.00032778083963210555,0.7903644348718966
6.0,0.040047486559107066,0.0665458546220114,0.07038967150077187,0.143299318224969,0.02274794291572886,0.027436560637028668,0.05105911203810866,0.13368404025616923,0.19891897157245902,0.0038139609883392736,0.006762317113868094,0.012522093700927302,0.001383718958860799,0.0003220294456733354,0.7789330785340226
6.050000000000001,0.040000616060438046,0.06563921269324553,0.07018156661146653,0.14284722830186417,0.02274721010627336,0.02645678281179278,0.0492023288612228,0.13129168052274084,0.19531919141113463,0.0037740048619142076,0.006519399074069284,0.012053007803230261,0.0013675808772176889,0.0003170041823776783,0.7677168141789878
6.1000000000000005,0.03995343279143303,0.06473890800346449,0.06997082192762044,0.14238959663044462,0.022745219943087994,0.025512258080666803,0.04741616709475311,0.12893148705408664,0.1917688252742664,0.0037398307836850014,0.00628330980902541,0.011598331934987296,0.0013512431279288709,0.0003126385944898796,0.7567120710499401
6.15,0.03990593848154888,0.06384505150968092,0.06975746203034729,0.14192648202042882,0.02274136844476701,0.024602155221350133,0.04569881096978198,0.12660355553439034,0.18826798111057266,0.0037108488320456885,0.006054035301603617,0.01115795603589569,0.0013347294436943475,0.00030887021207620376,0.7459152451481834
6.2,0.039858134868316526,0.0629577498775114,0.06954151239428012,0.14145794515963808,0.022735104731188407,0.023725641210087973,0.04404844890250659,0.12430795062855149,0.18481672057903695,0.0036865060921781765,0.005831546475409414,0.010731743765977525,0.001318062708273491,0.00030564041130058407,0.7353227078042567
6.25,0.03981002369721189,0.062077105511656024,0.06932299936490971,0.14098404856051133,0.022725928594050978,0.02288188272999607,0.04246327638798565,0.12204470745515598,0.1814150613087579,0.0036662852696337065,0.005615800495189946,0.01031953507679324,0.0013012649360636724,0.00030289427145501884,0.7249308136593713
6.300000000000001,0.03976160672152655,0.06120321658849811,0.06910195013560465,0.14050485650603828,0.022713388107500704,0.022070047585484205,0.040941498692728416,0.11981383302561258,0.17806297910384317,0.003649703286063023,0.005406742002384901,0.009921148637258034,0.0012843572595666007,0.00030058043004398214,0.7147359080821531
6.3500000000000005,0.03971288570223823,0.06033617709074622,0.0688783927243422,0.14002043499517716,0.022697077283207905,0.021289306025501126,0.03948133335305736,0.11761530764817045,0.1747604100916136,0.003636309866645517,0.005204304286308552,0.009536384117148435,0.001267359923618782,0.00029865093715729054,0.7047343340449329
6.4,0.039663862407881036,0.05947607684404017,0.06865235595017821,0.1395308516878222,0.02267663377372526,0.02053883197842054,0.03808101248629157,0.11544908629576221,0.17150725281272589,0.0036256861276194614,0.005008410391815342,0.009165024331959214,0.0012502922852969324,0.0002970611099523929,0.6949224384834904
6.45,0.03961453861441558,0.05862300155544341,0.0684238694094844,0.13903617584938488,0.02265173662745813,0.01981780420146483,0.03673878492187387,0.11331509993682976,0.16830337025213976,0.003617443171263936,0.004818974164603254,0.00880683725323277,0.0012331728182515607,0.00029576938784483056,0.6852965781636909
6.5,0.03956491610509888,0.05777703285374395,0.06819296345198027,0.13853647829505164,0.0226221040981115,0.019125407347620367,0.035452918159602574,0.11121325682848436,0.16514859181014196,0.0036112206947226857,0.004635901235559381,0.008461577888831763,0.0012160191206967614,0.00029473718882807616,0.6758531250784741
6.550000000000001,0.039514996670354116,0.05693824833148638,0.06795966915658706,0.13803183133377966,0.022587491511041682,0.018460832953038957,0.03422170016213422,0.10914344377153135,0.1620427152129049,0.003606685618185623,0.004459089945763508,0.008128990037873204,0.001198847926463978,0.0002939287673916276,0.6665884713985363
6.6000000000000005,0.03946478210764029,0.056106721588658065,0.06772401830713037,0.13752230871209092,0.02254768918853457,0.017823280347944535,0.033043440988899324,0.10710552732705322,0.15898550836229772,0.003603530737149468,0.00428843221394294,0.007808807925211109,0.0011816751186313182,0.0002933110745212991,0.6574990339997052
6.65,0.03941427422132172,0.05528252227795273,0.06748604336791732,0.13700798555772306,0.02250252043565464,0.01721195749407434,0.03191647427852085,0.10509935499439298,0.15597671112488604,0.0036014734027595323,0.00412381434831372,0.007500757720471385,0.0011645157454959756,0.00029285362025186575,0.6485812585897363
6.7,0.03936347482253743,0.05446571615153559,0.06724577745921415,0.13648893832319492,0.022451839587959276,0.016626081751681444,0.030839158586750827,0.10312475635051573,0.15301603706025488,0.0036002542335843136,0.0039651178048473405,0.007204558946722812,0.0011473840385253042,0.00029252833928417277,0.6398316234566082
6.75,0.0393123857290705,0.05365636510923442,0.06700325433264914,0.13596524472934235,0.022395530122049763,0.016064880579110773,0.02980987858684288,0.10118154415084765,0.15010317508896598,0.003599635861588071,0.0038122198940687825,0.006919925783912614,0.0011302934321888295,0.00029230946010853665,0.6312466428599802
6.800000000000001,0.039261008765217244,0.052854527248081845,0.0667585083465653,0.135436983708879,0.022333502829632878,0.015527592167936253,0.028827046139164147,0.09926951539180204,0.14723779110062168,0.003599401714539017,0.003664994438528772,0.006646568272196989,0.0011132565854256346,0.00029217337800448547,0.6228228700865951
6.8500000000000005,0.03920934576165645,0.052060256913134886,0.06651157444134671,0.13490423535003493,0.02226569405549386,0.01501346601661242,0.0278891012367184,0.09738845233530082,0.1444195295026497,0.00359935483661773,0.003523312383110584,0.006384193420250774,0.001096285404436099,0.0002920985322040909,0.6145569001895674
6.9,0.03915739855531847,0.05127360474949834,0.06626248811474185,0.13436708084032464,0.022192063999531542,0.014521763445551441,0.026994512833106887,0.09553812349568758,0.14164801471054794,0.003599316748567862,0.003387042360337912,0.006132506223552155,0.0010793910665894484,0.00029206528736908186,0.6064453724307253
6.95,0.0391051689892543,0.05049461775547991,0.06601128539720648,0.13382560241049432,0.022112595082778817,0.014051758056487104,0.026141779559296634,0.09371828458950728,0.13892285258044398,0.0035991263483553288,0.0032560512128482445,0.005891210597524254,0.0010625840450562754,0.0002920558194437937,0.5984849724441769
7.0,0.039052658912504715,0.04972333933680559,0.06575800282728819,0.13327988327869672,0.022027290377124604,0.013602736138931083,0.025329430335398268,0.09192867944869575,0.13624363178491655,0.003598638852969257,0.0031302044751829127,0.0056600102302917996,0.0010458741339800957,0.00029205400586802127,0.5906724341386536
7.050000000000001,0.038999870179969295,0.04895980936182473,0.06550267742707398,0.13273000759494036,0.021936172098266583,0.013173997026465645,0.02455602488348027,0.09016904089778316,0.13360992513311543,0.0035977247817043307,0.00300936681701679,0.005438609359686821,0.00102927047381356,0.000292045320083232,0.5830045413552242
7.1000000000000005,0.03894680465227554,0.048204064217635734,0.06524534667772154,0.13217606038585814,0.021839280161255643,0.012764853405550867,0.023820154147264367,0.08843909159576838,0.13102129083628752,0.0035962689810062494,0.002893402449906123,0.005226713479008699,0.0010127815764657115,0.0002920167302631738,0.5754781292962677
7.15,0.03889346419564799,0.04745613686706371,0.06498604849509441,0.1316181274998391,0.02173667079784228,0.01237463157945431,0.0231204406243591,0.0867385448433654,0.12847727371987827,0.0035941696907365005,0.0027821754995760797,0.005024029975901869,0.0009964153500622134,0.0002919566022175833,0.5680900857410387
7.2,0.03883985068177737,0.04671605690642327,0.06472482120552056,0.13105629555256484,0.02162841523470116,0.012002671689838268,0.022455538616497808,0.0850671053563634,0.12597740638343238,0.0035913376515164723,0.0026755503457073057,0.004830268708553479,0.0009801791231141169,0.00029185460645769567,0.5608373520624681
7.25,0.038785965987689824,0.04598385062400033,0.06446170352169288,0.13049065187299153,0.021514598431491377,0.01164832789846352,0.021824134403052725,0.08342447000587237,0.12352121030955879,0.0035876952526415476,0.0025733919311187845,0.004645142523236576,0.0009640796682746442,0.00029170162944842416,0.5537169240595334
7.300000000000001,0.03873181199561618,0.04525954105918816,0.06419673451872997,0.12992128444981518,0.02139531787760604,0.011310968531390932,0.02122494634290162,0.0818103285262548,0.1211081969232605,0.0035831757199108,0.0024755660421846245,0.004468367717043637,0.0009481232258137712,0.0002914896890978983,0.546725852618814
7.3500000000000005,0.03867739059286133,0.04454314806221429,0.06392995361041452,0.1293482818784584,0.021270682446374152,0.01098997618798281,0.020656724909527063,0.08022436419156465,0.11873786860295785,0.003577722342595187,0.002381939562262191,0.00429966444948151,0.000932315526990557,0.00029121185449755733,0.539861244218182
7.4,0.03862270367167371,0.04383468835439585,0.06366140052562609,0.1287717333086129,0.021140811305400027,0.010684747816925452,0.020118252664032287,0.07866625446133162,0.1164097196445526,0.0035712877386645334,0.0022923806998440166,0.004138757106436062,0.0009166618174018829,0.00029086216983691956,0.533120261284734
7.45,0.03856775312911488,0.043134175588862754,0.06339111528498435,0.12819172839237242,0.02100583288165932,0.010394694761413463,0.019608344170562914,0.07713567159654244,0.11412323717989649,0.0035638331573090835,0.002206759193074155,0.003985374619858404,0.0009011668800676125,0.00029043558233595145,0.5265001224180542
7.5,0.038512540866929214,0.0424416204116889,0.0631191381777183,0.1276083572329876,0.020865883879915455,0.010119242775554985,0.019125845858430354,0.0756322832466784,0.11187790205103386,0.003555327817722875,0.0021249464921927167,0.003839250746365542,0.0008858350580730909,0.00028992787397382386,0.5199981024892651
7.550000000000001,0.03845706879141377,0.04175703052337332,0.06284550973877609,0.12702171033427398,0.020721108352975075,0.009857832013975993,0.018669635835041925,0.07415575300867407,0.10967318964159323,0.0035457482830617824,0.0020468159213952648,0.0037001243077821305,0.000870670276420569,0.0002893355968387387,0.5136115326255959
7.6000000000000005,0.03840133881328829,0.04108041074061462,0.06257027072618963,0.1264318785507015,0.02057165682226516,0.009609916996521028,0.01823862365355484,0.07270574095866437,0.10750857066669987,0.0035350778684470957,0.0019722428215209094,0.003567739396479419,0.0008556760629463499,0.0002886560120105514,0.5073378000899036
7.65,0.038345352847565364,0.040411763058323044,0.06229346209870741,0.12583895303819342,0.020417685447187073,0.009374966549867771,0.017831750038986384,0.07128190415738515,0.10538351192277581,0.0035233060818546085,0.0019011046749157628,0.003441845548200986,0.0008408555683184284,0.0002878870319076502,0.5011743480641889
7.7,0.0382891128134208,0.0397510867118165,0.062015124993708204,0.12524302520566027,0.020259355241683177,0.00915246372779385,0.01744798657633207,0.06988389713008994,0.10329747699858483,0.0035104280967082585,0.0018332812137548855,0.0033221978849105075,0.0008262115851504306,0.0002870271660258012,0.4951186753456394
7.75,0.03823262063406417,0.03909837823914793,0.061735300705407926,0.12464418666729325,0.020096831336439212,0.008941905711756364,0.017086335364066656,0.06851137232183857,0.10124992694886599,0.0034964442549854135,0.0017686545130419973,0.00320855723005593,0.0008117465664727429,0.00028607546990852594,0.48916833596334464
7.800000000000001,0.03817587823660957,0.03845363154351293,0.06145403066337097,0.12404252919563984,0.019930282285139666,0.008742803693368094,0.016745828636230586,0.06716398052900552,0.09924032093188394,0.003481359599636979,0.0017071090694399198,0.003100690198512217,0.0007974626436074544,0.00028503149711904985,0.4833209387230768
7.8500000000000005,0.03811888755194658,0.03781683795568823,0.06117135641133691,0.123438144675483,0.019759879413193376,0.00855468274027944,0.016425528356136976,0.06584137130784601,0.09726811681220525,0.0034651834351285566,0.0016485318670165982,0.00299836926333378,0.0007833616435270005,0.00028389525403044684,0.4775741466871522
7.9,0.038061650514611536,0.037187986296452605,0.06088731958637276,0.12283112505854372,0.019585796207351843,0.008377081646901647,0.01612452578457116,0.06454319336094545,0.0953327717299886,0.00344792891491785,0.0015928124309249998,0.0029013728013139984,0.0007694451056336628,0.00028266715729804987,0.47192567659582785
7.95,0.03800416906265893,0.03656706293894396,0.06060196189836033,0.12222156231902535,0.01940820774465296,0.008209552771335536,0.01584194102519733,0.06326909490236582,0.09343374263805473,0.0034296126546973058,0.0015398428699737348,0.0028094851192155103,0.0007557142977372524,0.000281347993980907,0.46637329823619966
8.0,0.03794644513753318,0.035954051870907174,0.060315325109827705,0.12160954841001671,0.01922729015913727,0.00805166185980005,0.015576922549733873,0.06201872400228705,0.09157048680797639,0.003410254370248724,0.001489517908990011,0.0027224964624073863,0.0007421702311673835,0.00027993888433477883,0.46091483376436765
8.05,0.03788848068394063,0.03534893475678911,0.06002745101613303,0.12099517522076944,0.019043220144802163,0.007902987859787354,0.015328646705311633,0.060791728911927044,0.08974246230640255,0.0033898765387776063,0.0014417349118259867,0.0026402030075295844,0.0007288136749923429,0.000278441247205519,0.4555481569861939
8.1,0.037830277649721814,0.03475169099963871,0.05973838142600855,0.12037853453486402,0.018856174493281273,0.007763122723105432,0.015096317206287081,0.05958775836950714,0.08794912844280482,0.003368504082618878,0.0013963938958104765,0.002562406840701303,0.0007156451696928339,0.00027685676787325643,0.45027119260191556
8.15,0.03777183798572407,0.03416229780277118,0.05944815814247183,0.11975971798927686,0.018666329664760933,0.007631671199905477,0.014879164612645273,0.05840646188801272,0.08618994618980409,0.003346164074232103,0.0013533975383979496,0.0024889159226933162,0.0007026650406710301,0.00027518736810581436,0.4450819154194727
8.200000000000001,0.03771316364567443,0.03358073023115748,0.059156822944111,0.11913881703436059,0.018473861390673165,0.007508250624729916,0.014676445796996044,0.05724749002548224,0.08446437857720919,0.0033228854614330934,0.0013126511767160346,0.0024195440423894488,0.0006898734117383609,0.0002734351781738809,0.43997834954084497
8.25,0.03765425658605287,0.03300696127250085,0.05886441756674978,0.11851592289474742,0.018278944306734185,0.007392490695557311,0.014487443402040032,0.056110494638538094,0.08277189106086671,0.0032986988118395475,0.0012740628006633532,0.00235411075976606,0.0006772702184601829,0.0002716025107321011,0.4349585675252485
8.3,0.03759511876596583,0.03244096189796432,0.05857098368549784,0.11789112653118446,0.018081751614929156,0.007284033246763229,0.014311465290260164,0.054995129119855754,0.08111195186739384,0.0032736360755405715,0.001237543040164381,0.002292441339523574,0.0006648552208259517,0.00026969183654326783,0.43002068953241235
8.35,0.03753575214702016,0.031882701122514456,0.05827656289719154,0.11726451860330932,0.017882454773077403,0.007182532016861008,0.014147843987478011,0.05390104862024894,0.07948403231583512,0.0032477303650330427,0.0012030051471480909,0.0022343666764154746,0.0006526280148760092,0.0002677057620542148,0.42516288244906286
8.4,0.037476158693197384,0.031332146064847514,0.05798119670322918,0.11663618943337198,0.0176812232106467,0.007087652411833172,0.013995936121803184,0.05282791025602819,0.07788760711725262,0.003221015751501197,0.0011703649727812823,0.0021797232132415817,0.000640588043145285,0.0002656470087985108,0.42038335900167767
8.450000000000001,0.03741634037072836,0.030789262006866446,0.05768492649280489,0.1160062289709089,0.01747822406952155,0.006999071264813541,0.01385512185939814,0.05177537330227348,0.07632215465323086,0.0031935270765493166,0.0011395409404533854,0.002128352852403734,0.0006287346041388991,0.00026351839446448925,0.415680376858556
8.5,0.0373562991479683,0.030254012452677784,0.05738779352654431,0.11537472675837325,0.017273621968466706,0.006916476592831074,0.013724804338379224,0.05074309937264023,0.07478715723424476,0.0031652997785306214,0.0011104540149748782,0.002080102861858713,0.0006170668613224063,0.0002613228154532487,0.4110522377242655
8.55,0.037296036995272216,0.029726359187079342,0.05708983892054498,0.1147417718977247,0.01706757879006503,0.006839567351279809,0.013604409102078536,0.04973075258630043,0.0732821013388106,0.003136369732648643,0.0010830276684163202,0.002034825776241265,0.0006055838519259919,0.0002590632307670246,0.40649728642915495
8.6,0.03723555588487075,0.02920626233351108,0.05679110363082403,0.11410745301798116,0.016860253488946576,0.00676805318673456,0.013493383532799335,0.048737999722601295,0.07180647783430961,0.0031067731040404696,0.0010571878429808165,0.0019923792938674047,0.0005942844957788128,0.00025674264709791677,0.4020139100163438
8.65,0.037174857790746425,0.0286936804114422,0.05649162843817473,0.11347185824373301,0.016651801920163946,0.006701654188689172,0.013391196287110317,0.04776451036400403,0.07035978218034186,0.0030765462130843144,0.0010328629112716034,0.0019526261702668467,0.0005831676040931131,0.0002543641051005987,0.3976005368282222
8.700000000000001,0.03711394468851036,0.028188570393169913,0.05619145393343374,0.11283507516462088,0.016442376686607755,0.006640100640753512,0.013297336733641417,0.04680995702784813,0.06894151461544192,0.003045725412206918,0.0010099836342895834,0.0019154341088373425,0.0005722318880181475,0.00025193066682048623,0.39325563559420007
8.75,0.0370528185552794,0.027690887760005597,0.05589062050315984,0.11219719080577525,0.0162321270043941,0.006583132771806332,0.013211314394264963,0.04587401528746633,0.06755118032795533,0.0030143469734988065,0.0009884831174721141,0.0018806756491649898,0.0005614759668084728,0.00024944540420820623,0.38897771452125973
8.8,0.03699148136955368,0.02720058655782598,0.05558916831572481,0.11155829159921682,0.016021198585194473,0.006530500507564243,0.013132658389471693,0.04495636388315815,0.06618828961184807,0.0029824469864773244,0.0009682967650624919,0.001848228053512673,0.0005508983753870612,0.00024691138863051096,0.384765320388628
8.85,0.03692993511109472,0.026717619451968346,0.055287137307816814,0.11091846335621496,0.015809733534516722,0.006481963222991791,0.013060916888680614,0.044056684823511945,0.06485235800819283,0.0029500612653681427,0.0009493622330775374,0.0018179731919400906,0.000540497571288601,0.0002443316812265007,0.38061703764788957
8.9,0.03686818176080392,0.026241937781449336,0.05498456717135584,0.1102777912406004,0.015597870264983028,0.0064372894959441145,0.012995656566155029,0.0431746634775465,0.06354290643304711,0.002917225265305538,0.0009316193811180939,0.0017897974264800356,0.0005302719409694517,0.0002417093240538598,0.37653148752981225
8.950000000000001,0.03680622330060159,0.025773491612489065,0.054681497340820825,0.10963635974302863,0.015385743423688732,0.006396256862402039,0.012936462063134242,0.04230998865812767,0.062259461292412846,0.0028839740068803124,0.0009150102232452418,0.001763591494755899,0.0005202198055894615,0.00023904733207645988,0.372507327159253
9.0,0.03674406171330648,0.02531222979132266,0.0543779669809874,0.10899425265618815,0.015173483832762043,0.006358651573629253,0.01288293545673107,0.04146235269709683,0.061001554584939305,0.002850342008491789,0.0008994788781250525,0.0017392503933864097,0.0005103394264520454,0.00023634868605537158,0.36854324867947374
9.05,0.036681698982515755,0.02485809999628299,0.05407401497507495,0.10835155305094835,0.014961218442281248,0.0063242683555527765,0.012834695736089441,0.04063145151253247,0.05976872399300613,0.002816363225987306,0.0008849715186277806,0.0017166732614885497,0.0005006290102306766,0.0002336163264117497,0.3646379783870301
9.1,0.03661913709248559,0.024411048789139612,0.053769679913301435,0.10770834325344046,0.014749070294741479,0.006292910170640976,0.012791378286243845,0.03981698466855003,0.05856051296279875,0.0027820709990990515,0.0008714363210530539,0.0016957632645598687,0.0004910867141797272,0.000230853147991256,0.3607902758782252
9.15,0.03655637802801219,0.02397102166567938,0.053465000081843864,0.107064704823064,0.014537158500297687,0.0062643879825278696,0.012752634380072883,0.03901865542802841,0.05737647077396238,0.002747498004213841,0.0008588234141394485,0.0016764274789962546,0.0004817106513174579,0.00022806199553444925,0.35699893320769016
9.200000000000001,0.03649342377431343,0.023537963105516348,0.05316001345220227,0.10642071853141144,0.014325598222044916,0.0062385205236084795,0.01271813067869296,0.03823617079863768,0.056216152599399556,0.002712676213036507,0.0008470848280035497,0.0016585767774780656,0.00047249889551500635,0.00022524565964738506,0.3532627740595075
9.25,0.03643027631691099,0.02311181662111866,0.05285475767096447,0.10577646434210213,0.014114500670629823,0.006215134065807269,0.01268754874059457,0.03746924157252613,0.05507911955575083,0.002677636856731443,0.0008361744431396477,0.0016421257154339937,0.00046344948640215494,0.0002224068730513156,0.3495806529311634
9.3,0.03636693764151305,0.022692524806041763,0.052549270049968747,0.1051320213915166,0.01390397310752005,0.006194062194700405,0.01266058453978301,0.03671758236001136,0.05396493874507721,0.0026424103951495806,0.0008260479395974101,0.0016269924187678583,0.0004545604339777172,0.0002195483070143759,0.3459514543306392
9.35,0.03630340973389762,0.02228002938235835,0.052243587556861475,0.10448746797042198,0.013694118856289643,0.006175145587152493,0.01263694799314732,0.03598091161760565,0.05287318328824139,0.002607026490769485,0.0008166627464423369,0.001613098473010184,0.0004458297229348231,0.000216672568008467,0.34237409198714114
9.4,0.03623969457979632,0.021874271247275853,0.051937746806045904,0.10384288150647762,0.013485037321309092,0.006158231792609548,0.012616362497245688,0.03525895167069156,0.05180343235046214,0.0025715139870015314,0.0008079779915933228,0.0016003688140360025,0.00043725531660230346,0.00021378219468607115,0.338847508075833
9.450000000000001,0.03617579416477889,0.021475190518934158,0.05163178405001889,0.10319833854761122,0.013276824013258786,0.006143175018172311,0.012598564474662505,0.034551428731151586,0.05075527115949814,0.0025359008905236576,0.000799954452123091,0.0015887316204737842,0.0004288351604698433,0.00021087965534954853,0.3353706724570264
9.5,0.0361117104741382,0.021082726581376287,0.051325735171091284,0.1025539147462536,0.013069570580913122,0.0061298359175573835,0.012583302930061392,0.03385807291024142,0.049728291016895354,0.0025002143573359895,0.0007925545050995552,0.0015781182079166974,0.0004205671853105221,0.00020796734602989558,0.3319425819302207
9.55,0.036047445492775866,0.020696818128686314,0.051019635673488016,0.1019096848444209,0.012863364848670728,0.006118081384038163,0.012570339016029877,0.03317861822698471,0.048722089302714294,0.00246448068224007,0.0007857420790383553,0.0015684629250346006,0.0004124493099652241,0.0002050475891898333,0.328562259503277
9.600000000000001,0.03598300120508854,0.020317403208289567,0.050713520675823624,0.10126572265963246,0.012658290859333272,0.006107784347443032,0.012559445608784851,0.03251280261235503,0.047736269474134924,0.002428725291466276,0.0007794826060284446,0.0015597030516716847,0.00040447944397255616,0.00020212263302130717,0.32522875367704557
9.65,0.03591837959485477,0.01994441926341071,0.05040742490394849,0.10062210107165165,0.012454428921661287,0.006098823575274695,0.012550406893783256,0.03186036790949836,0.04677044105831786,0.0023929727381901125,0.0007737429745841422,0.0015517786990004302,0.0003966554900823797,0.0001991946511965332,0.3219411377454547
9.700000000000001,0.03585358264512251,0.01957780317468651,0.05010138268416117,0.09997889201003711,0.012251855662260776,0.006091083478001962,0.01254301796125973,0.031221059870238804,0.04582421963988456,0.0023572467006942608,0.0007684914832693946,0.0015446327117888492,0.00038897534667391815,0.00019626574290868918,0.31869850911098835
9.75,0.03578861233809727,0.019217491300930884,0.04979542793678199,0.09933616644249174,0.012050644081378724,0.006084453918563486,0.012537084411691927,0.03059462814809916,0.04489722684336203,0.002321569982948376,0.0007636977951337152,0.0015382105728262367,0.0003814369100319689,0.00019333793305427156,0.31549998861539175
9.8,0.035723470655030884,0.0188634195190502,0.0494895941700826,0.09869399436399545,0.011850863612208733,0.006078830026112061,0.012532421971174853,0.02998082628805684,0.043989090310920825,0.0022859645173925877,0.0007593328929943129,0.0015324603095433751,0.00037403807645037726,0.00019041317239340493,0.3123447198854064
9.850000000000001,0.03565815957611101,0.01851552326310823,0.04918391447456661,0.09805244478670884,0.011652580183330903,0.006074112014017972,0.012528856116667838,0.029379411713246616,0.04309944367572136,0.0022504513697238905,0.0007553690355946398,0.0015273324028555217,0.00036677674425148946,0.00018749333763631545,0.30923186869354125
9.9,0.035592681080351185,0.018173737562540173,0.04887842151759561,0.09741158573063334,0.011455856283931325,0.006070205002140465,0.012526221711061446,0.028790145708810753,0.04222792653116691,0.0022150507454970643,0.0007517797146651629,0.0015227796982491461,0.00035965081573948295,0.0001845802314905466,0.30616062233387265
9.950000000000001,0.03552703714548165,0.01783799707951643,0.04857314753835526,0.09677148421501407,0.011260751031467517,0.006067018843367783,0.012524362647996763,0.028212793403088503,0.04137418439634867,0.0021797819983639393,0.0007485396129073104,0.0015187573191254517,0.0003526581991407462,0.00018167558275419712,0.30313018901292826
10.0,0.035461229747840814,0.017508236145457264,0.04826812434315589,0.09613220625047122,0.011067320241466096,0.006064467954418184,0.01252313150635593,0.027647123746327894,0.04053786867795463,0.002144663639786643,0.0007456245629165173,0.0015152225824053558,0.00034579681048399935,0.00017878104660581224,0.3001397972556462
10.05,0.03539526086226737,0.01718438879669997,0.04796338330106164,0.0954938168318452,0.010875616499157756,0.006062471150887015,0.012522389214330498,0.02709290948709338,0.03971863662889977,0.0021097133500718435,0.000743011507055713,0.001512134916392865,0.00033906457533566445,0.00017589820516983952,0.29718869532626846
10.100000000000001,0.03532913246199319,0.016866388809321266,0.04765895533984264,0.09485637993174122,0.010685689232673315,0.006060951486518167,0.012522004722963003,0.026549927146535743,0.038916151303924146,0.002074947990583924,0.000740678458286955,0.0015094557808875777,0.00033245943036929186,0.00017302856837970288,0.2942761506640202
10.15,0.03526284651853683,0.016554169733117647,0.047354870942244026,0.09421995849475842,0.01049758478754165,0.006059836096672011,0.012521854689047138,0.026017956990681462,0.03813008151239186,0.0020403836170050406,0.0007386044619661778,0.0015071485895325168,0.00032597932472121954,0.00017017357512798782,0.29140144933334394
10.200000000000001,0.03519640500159781,0.01624766492474747,0.04705116014256587,0.09358461443238865,0.010311346502247333,0.006059056045956326,0.012521823167262872,0.025496783000891865,0.03736010176851308,0.0020060354935192565,0.0007367695586037817,0.0015051786343799616,0.0003196222211926785,0.00016733459460480384,0.28856389548847183
10.25,0.03512980987895159,0.01594680758003898,0.04674785252354817,0.09295040861857015,0.010127014784621637,0.006058546179981521,0.012521801311414829,0.02498619284263483,0.03660589223920026,0.001971918107806358,0.0007351547475914814,0.0015035130126544744,0.0003133860973032794,0.00016451292773802124,0.2857628108520556
10.3,0.035063063116345244,0.01565153076546871,0.04644497721355431,0.0923174008858807,0.00994462718885568,0.006058244981196837,0.012521687084635087,0.02448597783270413,0.03586713868975787,0.001938045186738686,0.0007337419518932358,0.001502120555688448,0.0003072689461869089,0.00016170980866173304,0.2829975342075676
10.350000000000001,0.03499616667739392,0.0153617674488158,0.04614256288404731,0.09168565002235558,0.00976421849293924,0.006058094428759966,0.012521384978405267,0.02399593290501562,0.03514353242759629,0.0019044297126817938,0.0007325139836953727,0.0015009717600015266,0.0003012687773490344,0.00015892640615664907,0.2802674209052134
10.4,0.034929122523477976,0.015077450528997593,0.045840637747352184,0.09105521376891487,0.009585820776342287,0.006058039862388725,0.012520805740247273,0.0235158565751019,0.03443477024414882,0.0018710839403068972,0.0007314545110086068,0.0015000387204918415,0.0002953836172786724,0.00015616382510616968,0.2775718423811638
10.450000000000001,0.03486193261364089,0.01479851286509275,0.04553922955469835,0.09042614881738491,0.009409463497769662,0.006058029850140054,0.0125198661099273,0.023045550903421433,0.03374055435516259,0.0018380194138302188,0.0007305480252128587,0.0014992950657046575,0.0002896115100326465,0.00015342310801667603,0.27491018569003506
10.5,0.03479459890448793,0.014524887304558582,0.045238365594535854,0.08979851080909909,0.009235173572831795,0.006058016060058528,0.012518488564013615,0.022584821457591983,0.03306059233952467,0.001805246984601204,0.0007297798095345992,0.0014987158951426283,0.00028395051787600796,0.00015070523663633265,0.27228185305049285
10.55,0.034727123350085536,0.014256506710649259,0.04493807269111874,0.08917235433406226,0.009062975451486053,0.0060579531356339264,0.01251660106862522,0.022133477273651905,0.03239459707677537,0.0017727768289680218,0.000729135908445559,0.0014982777185808722,0.0002783987220408584,0.0001480111336903415,0.26968626140381396
10.600000000000001,0.03465950790186151,0.013993303989042614,0.04463837720334962,0.08854773293066416,0.008892891195114917,0.006057798575005037,0.012514136840205636,0.02169133081644822,0.031742286683453594,0.0017406184663547363,0.0007286030979707176,0.001497958397348955,0.00027295422359625333,0.00014534166466011766,0.26712284198507613
10.65,0.03459175450850596,0.013735212113682992,0.04433930502387877,0.08792469908592628,0.008724940553117556,0.006057512613844803,0.012511034114153784,0.021258197939244168,0.031103384448410088,0.001708780777489743,0.0007281688568923373,0.0014977370875404578,0.0002676151443118736,0.0001426976395354232,0.2645910399065343
10.700000000000001,0.034523865115873006,0.013482164151848322,0.04404088157845143,0.08730330423626724,0.008559141038901697,0.006057058111860182,0.012507235921142166,0.02083389784263452,0.030477618767217406,0.0016772720227298042,0.0007278213388355808,0.0014975941851094307,0.000262379627464921,0.00014007981448439658,0.2620903137528201
10.75,0.03445584166688326,0.013234093288449928,0.043743131825497175,0.086683598768772,0.008395508005172322,0.006056400442838554,0.01250268987095124,0.020418253032852097,0.029864723075798516,0.0016460998604283313,0.0007275493452201935,0.0014975112728120709,0.0002572458385130849,0.0001374888933889695,0.2596201351875778
10.8,0.034387686101427097,0.012990932849573537,0.04344608025595461,0.08606563202294934,0.008234054718422567,0.006055507388171283,0.01249734794364805,0.020011089279543814,0.029264435783388235,0.0016152713653006597,0.0007273422990620505,0.0014974710689515847,0.00025221196560043865,0.00013492552928027755,0.25717998857127355
10.850000000000001,0.034319400356268744,0.012752616325270767,0.04314975089332543,0.08544945229296336,0.008074792432541132,0.006054349033784002,0.012491166287936695,0.019612235573091098,0.02867650020493634,0.0015847930467432349,0.0007271902196080243,0.0014974573778841537,0.00024727621986553213,0.00013239032573696786,0.2547693705899555
10.9,0.034250986364951115,0.012519077391610131,0.042854167293951216,0.08483510683032394,0.007917730461458267,0.006052897670402373,0.012484105026508197,0.01922152408154442,0.028100664493053845,0.0015546708670676652,0.0007270836977874394,0.0014974550422438705,0.000242436835519083,0.00012988383832391554,0.2523877898947455
10.950000000000001,0.03418244605770147,0.01229024993199717,0.04255935254750683,0.08422264184702151,0.0077628762507602886,0.006051127697081478,0.012476128068217521,0.01883879010723837,0.02753668156959877,0.0015249102596146212,0.0007270138724631156,0.0014974498968442242,0.00023769206979445988,0.00012740657615540612,0.2500347667519952
11.0,0.034113781361337865,0.012066068057773525,0.04226532927770417,0.0836121025190919,0.007610235448209739,0.006049015527926559,0.012467202926916162,0.01846387204314971,0.026984309056992044,0.0014955161467162606,0.0007269724074646307,0.0014974287242133335,0.00023304020287895526,0.00012495900356479647,0.24770983270393962
11.05,0.034044994199176455,0.01184646612810473,0.04197211964319982,0.08300353299059644,0.007459811973114925,0.0060465395019325555,0.012457300546769542,0.018096611329056895,0.02644330920934797,0.0014664929574790776,0.00072695146938603,0.0014973792117199385,0.00022847953795490357,0.00012254154181544962,0.24541253023965479
11.100000000000001,0.03397608649093955,0.011631378769167096,0.041679745338700794,0.08239697637800364,0.007311608084499254,0.0060436797958698186,0.012446395133889596,0.017736852407556656,0.025913448843499737,0.0014378446453619136,0.000726943706129972,0.0014972899102473482,0.00022400840137158006,0.00012015457077642152,0.24314241247601337
11.15,0.03390706015266452,0.011420740892643841,0.0413882275962618,0.08179247477495777,0.007165624448026464,0.006040418340143383,0.012434463994114327,0.01738444267998925,0.025394499269994264,0.0014095747055261733,0.0007269422261802838,0.0014971501943730173,0.00021962514284305782,0.0001177984304779093,0.24089904284819602
11.200000000000001,0.03383791709661352,0.011214487713541037,0.04109758718676819,0.0811900692574207,0.0070218602016436866,0.006036738737553386,0.01242148737676767,0.01703923246232124,0.024886236224126772,0.0013816861919374677,0.0007269405785850562,0.001496950224011904,0.0002153281355933835,0.0001154734225374898,0.23868199480942154
11.25,0.03376865923118403,0.011012554767334098,0.04080784442159857,0.08058979988917345,0.006880313019909531,0.006032626184884509,0.01240744832423481,0.016701074941031603,0.024388439797080712,0.0013541817341999893,0.0007269327336325759,0.0014966809074820296,0.00021111577637823858,0.00011317981146601249,0.2364908515395902
11.3,0.03369928846082025,0.010814877926455397,0.040519019154460836,0.07999170572766319,0.006740979176979161,0.00602806739725272,0.012392332527190077,0.01636982612904359,0.02390089436723397,0.00132706355410705,0.0007269130642024723,0.0014963338659507981,0.00020698648543987502,0.00011091782586216542,0.23432520566266157
11.350000000000001,0.03362980668592531,0.010621393416134143,0.040231130783396005,0.07939582483018308,0.006603853608223218,0.006023050535138127,0.012376128185316592,0.016045344821742732,0.023423388531688932,0.0013003334818934926,0.0007268763277744564,0.0014959013992208866,0.00020293870645474605,0.00010868765954752286,0.2321846589726392
11.4,0.03356021580277431,0.01043203782959932,0.03994419825294374,0.07880219426037098,0.006468929970461507,0.0060175651340333295,0.012358825873359212,0.015727492553118047,0.022955715038079222,0.0012739929721778216,0.0007268176490770725,0.001495376452815143,0.00019897090648784966,0.00010648947268437969,0.23006882216798188
11.450000000000001,0.033490517703428216,0.01024674814265687,0.03965824005646389,0.07821085009501441,0.006336200700796533,0.006011602036637368,0.012340418412354592,0.015416133552061378,0.022497670716702924,0.0012480431195839301,0.0007267325033590542,0.0014947525863208855,0.00019508157597008125,0.00010432339295221636,0.22797731459430237
11.5,0.03342071427564861,0.010065461727652337,0.039373274238608334,0.07762182743114887,0.006205657074035751,0.006005153327526122,0.012320900745884756,0.015111134698857552,0.022049056413028335,0.0012224846740339747,0.000726616700266197,0.0014940239429550135,0.00019126922864075728,0.00010218951687146848,0.22590976399515808
11.55,0.03335080740281325,0.009888116366830044,0.039089318397937306,0.07703516039343652,0.006077289258694704,0.005998212270230837,0.012300269821203108,0.014812365481895249,0.02160967692061474,0.0011973180557052524,0.0007264663683069853,0.0014931852203121246,0.00018753240145108602,0.00010008791128528235,0.2238658062707165
11.600000000000001,0.033280798963832535,0.009714650265100296,0.03880638968967488,0.07645088214181334,0.005951086371576722,0.005990773246657382,0.012278524475084531,0.014519697954627098,0.021179340914488216,0.0011725433696450455,0.000726277939890454,0.001492231642258318,0.0001838696543990785,9.8018614960071e-05,0.22184508524400792
11.65,0.03321069083306677,0.009545002062225734,0.03852450482859787,0.07586902487939193,0.005827036530927602,0.005982831698779738,0.012255665324253928,0.01423300669280483,0.02075786088500879,0.0011481604200383108,0.000726048136919864,0.0014911589319338253,0.00018027957029016095,9.598164018639209e-05,0.21984725243442577
11.700000000000001,0.03314048488024433,0.009379110844438304,0.03824368009205278,0.07528961986060827,0.005705126908166639,0.005974384072542272,0.01223169466025036,0.013952168752013824,0.020345053072262986,0.0011241687241241155,0.0007257739569258379,0.0014899632858283815,0.00017676075450661851,9.397697422254398e-05,0.2178719668381872
11.75,0.03307018297038066,0.009216916155498224,0.03796393132309561,0.07471269739960061,0.005585343778197927,0.005965427763906348,0.012206616348586847,0.013677063625529558,0.019940737401013126,0.0011005675257578403,0.0007254526597227648,0.0014886413488944732,0.0001733118348224282,9.200458050169552e-05,0.21591889471550813
11.8,0.03299978696369815,0.0090583580072062,0.037685273933749014,0.07413828687880858,0.00546767256830808,0.005955961066977929,0.012180435732068704,0.013407573202516428,0.01954473741623182,0.0010773558086173655,0.0007250817545726262,0.0014871901906650393,0.00016993146133261597,9.006439959805015e-05,0.2139877093843506
11.850000000000001,0.03292929871554686,0.008903376889380423,0.037407722908371806,0.07356641675778164,0.0053520979056589195,0.005945983124153934,0.012153159538136277,0.013143581726588268,0.019156880219248298,0.0010545323090527137,0.0007246589878408496,0.001485607282343449,0.00016661830647595952,8.815635005927291e-05,0.21207809102063868
11.9,0.03285872007632613,0.008751913779309574,0.03713129280713567,0.07299711458218518,0.005238603663385444,0.005935493878226221,0.01212479579010085,0.012884975754747879,0.01877699640453042,0.001032095528579629,0.000724182331129213,0.0014838904748343054,0.0001633710650709867,8.62803292783266e-05,0.21018972646483983
11.950000000000001,0.03278805289140704,0.008603910150693216,0.03685599776960399,0.07243040699299359,0.005127173005311374,0.0059244940263832886,0.012095353722145473,0.012631644116721644,0.018404919997124278,0.0010100437460184059,0.0007236499698710817,0.0014820379776839519,0.0001601884543585105,8.443621449985168e-05,0.20832230903481574
12.0,0.03271729900105577,0.008459307982080933,0.03658185151840811,0.07186631973585976,0.005017788429296207,0.0059129849760509055,0.012064843697965445,0.012383477874703968,0.018040488390771447,0.0009883750292798026,0.0007230602923743717,0.0014800483388998733,0.00015706921399708036,8.262386397087138e-05,0.20647553834471455
12.05,0.032646460240357805,0.008318049764821351,0.03630886736301582,0.07130487767064995,0.004910431809229117,0.00590096880251412,0.012033277132926094,0.012140370283524535,0.017683542286721258,0.0009670872468001876,0.0007224118792977431,0.0014779204256188927,0.00015401210600662966,8.084311814402048e-05,0.20464912012962752
12.100000000000001,0.03257553843914302,0.008180078510532407,0.03603705820358782,0.07074610478113458,0.004805084435686594,0.005888448208264285,0.012000666419618581,0.011902216751250657,0.0173339256332546,0.0009461780786283974,0.0007217034935458124,0.0014756534055952468,0.00015101591465923613,7.909380080264087e-05,0.20284276607570387
12.15,0.032504535421911666,0.00804533775810389,0.035766436534917026,0.07019002418482406,0.00470172705527175,0.005875426484015975,0.011967024856697261,0.01166891480023524,0.016991485565933002,0.0009256450271671126,0.0007209340705696733,0.0014732467294809183,0.00014807944622569356,7.737572007345393e-05,0.20105619365542673
12.200000000000001,0.03243345300776118,0.007913771580243424,0.03549701445044653,0.06963665814294041,0.004600339908654459,0.005861907471339855,0.011932366580885218,0.011440364028620071,0.01665607234858566,0.0009054854275720996,0.0007201027090596453,0.0014707001138715417,0.0001452015285653471,7.568866933705137e-05,0.1992891259678825
12.25,0.03236229301031396,0.007785324589576941,0.035228803646361564,0.06908602807051505,0.004500902767332483,0.005847895526858841,0.011896706502037425,0.011216466072303043,0.01632753931504554,0.0008856964578132841,0.0007192086620177017,0.0014680135250915403,0.0001423810106215431,7.403242806162483e-05,0.1975412915839505
12.3,0.03229105723764592,0.007659941944314478,0.03496181542575118,0.06853815454660296,0.004403394969134478,0.005833395487956075,0.011860060241153908,0.010997124567376622,0.016005742811643592,0.000866275148402234,0.0007182513281973307,0.0014651871636921375,0.00013961676186671459,7.24067625824812e-05,0.19581242439632016
12.350000000000001,0.032219747492216025,0.0075375693534923275,0.03469606070283534,0.0679930573246048,0.004307795452486749,0.005818412639944474,0.01182244407123817,0.01078224511304437,0.015690542140469627,0.0008472183917911784,0.0007172302438986768,0.0014622214496360353,0.0001369076718209671,7.081142678171755e-05,0.1941022634742605
12.4,0.03214836557079664,0.0074181530818021695,0.034431550007253266,0.0674507553426874,0.004214082789466096,0.005802952684648852,0.011783874860898949,0.010571735235021,0.015381799503406311,0.0008285229514489694,0.0007161450751068651,0.001459117008143269,0.0001342526497339268,6.924616267181487e-05,0.19241055292308548
12.450000000000001,0.03207691326440476,0.0073016399540179406,0.03416829348840888,0.06691126673429433,0.004122235217661792,0.005787021710352787,0.011744370020596228,0.010365504349420882,0.015079379946942015,0.0008101854706195375,0.0007149956099616447,0.0014558746561739993,0.00013165062432132505,6.771070097837025e-05,0.19073704174815442
12.5,0.03200539235823422,0.007187977359031051,0.03390630091986953,0.06637460883873819,0.004032230670870231,0.005770626163063671,0.011703947451435142,0.010163463727139154,0.014783151307767113,0.0007922024807683963,0.000713781751546945,0.0014524953895253183,0.00012910054357808746,6.620476182216165e-05,0.1890814837233892
12.55,0.031933804631588646,0.007077113253504328,0.03364558170381384,0.06584079821186589,0.003944046808646068,0.005753772819050504,0.01166262549641417,0.009965526458728571,0.014492984159156936,0.0007745704097227328,0.0007125035109895116,0.0014489803705199763,0.000126601374679985,6.472805560851795e-05,0.18744363726428967
12.600000000000001,0.031862151857815414,0.006968996165155175,0.03338614487552517,0.06530985063678968,0.0038576610447342073,0.005736468758610251,0.011620422894036728,0.009771607419775001,0.01420875175814414,0.000757285589510776,0.0007111610008562317,0.0014453309162651255,0.00012415210378936955,6.32802841306608e-05,0.18582326530513793
12.65,0.03179043580424044,0.006863575195678106,0.033127999107926714,0.06478178113467536,0.003773050574407066,0.005718721341019692,0.011577358734197858,0.009581623236773343,0.013930329993481809,0.0007403442639063613,0.0007097544288399231,0.0014415484874590369,0.00012175173587241644,6.186114172133533e-05,0.18422013518019945
12.700000000000001,0.03171865823210384,0.006760800023316829,0.03287115271615473,0.06425660397558068,0.003690192400731874,0.005700538180630909,0.011533452416260345,0.009395492253505392,0.013657597334398062,0.0007237425956849892,0.0007082840917232768,0.0014376346777238975,0.00011939929456701652,6.047031626581385e-05,0.1826340185086477
12.75,0.03164682089649654,0.0066606209050959365,0.032615613662166525,0.0637343326893364,0.0036090633597928843,0.005681927124069658,0.011488723609237184,0.009213134497920489,0.013390434780142131,0.0007074766735980468,0.0007067503696105346,0.001433591203443599,0.00011709382190638926,5.910748993557198e-05,0.18106469108275192
12.8,0.03157492554629772,0.0065629886787219914,0.03236138955937938,0.06321498007646273,0.0035296401448933774,0.005662896228497011,0.011443192213999745,0.00903447164951908,0.01312872581032072,0.0006915425190720827,0.0007051537204165888,0.0014294198940867702,0.00011483437807635166,5.7772339571144046e-05,0.17951193275931465
12.850000000000001,0.03150297392411313,0.0064678547641639,0.032108487677337566,0.06269855821911456,0.0034518993297625164,0.005643453740895801,0.011396878327433529,0.008859427007239112,0.012872356336023282,0.000675936092640141,0.0007034946746036046,0.0014251226829966365,0.00011262004124891679,5.646453681407637e-05,0.17797552735438676
12.9,0.03143096776621438,0.006375171164922096,0.031856914946403726,0.06218507849204849,0.0033758173907919497,0.005623608078344444,0.011349802208465772,0.008687925457844362,0.012621214651733572,0.0006606533001120297,0.0007017738301558624,0.001420701598630012,0.00011044990721608555,5.5183748192182305e-05,0.17645526254107496
12.950000000000001,0.03135890880247901,0.006284890468996083,0.031606677962471776,0.061674551573605206,0.003301370728327091,0.005603367809241834,0.011301984245891518,0.00851989344481354,0.012375191388024549,0.000645689998490235,0.0006999918477840379,0.0014161587562278094,0.00010832308900178997,5.392963528200355e-05,0.1749509297506365
13.0,0.031286798756331516,0.006196965849559727,0.03135778299169818,0.06116698745670121,0.0032285356870379095,0.00558274163544805,0.011253444927927158,0.008355258937728581,0.012134179465033035,0.0006310420016380202,0.0006981494463503888,0.001411496349899231,0.00010623871662591462,5.270185501686353e-05,0.17346232407699577
13.05,0.031214639344685238,0.006111351065353441,0.031110235975248497,0.06066239545982332,0.0031572885753938314,0.005561738375306649,0.011204204813422573,0.008193951402159914,0.011898074046709683,0.0006167050857061499,0.0006962473985063111,0.0014067166451019763,0.00010419593671855869,5.150006020399797e-05,0.17198924418434017
13.100000000000001,0.03114243227788513,0.00602800046080244,0.030864042534056474,0.06016078423802055,0.0030876056842673257,0.005540366947515368,0.011154284504665397,0.008035901770046457,0.01166677249583975,0.0006026749943247614,0.0006942865265336898,0.0014018219715016746,0.00010219391215002851,5.032390016963162e-05,0.1705314922177787
13.15,0.031070179259651425,0.005946868965869939,0.030619207973592792,0.059662161793887364,0.0030194633046904044,0.0055186363558130174,0.011103704621712928,0.007881042410567422,0.011440174329829203,0.0005889474435669952,0.0006922676983816403,0.0013968147161951211,0.00010023182201663909,4.917302141323276e-05,0.1690888737171881
13.200000000000001,0.03099788198702417,0.00586791209565411,0.03037573728864067,0.059166535488532845,0.0029528377447881208,0.0054965556744513725,0.011052485778189418,0.007729307101502901,0.01121818117725059,0.0005755181266911346,0.0006901918238907341,0.0013916973172831341,9.830886151140798e-05,4.804706830346267e-05,0.1676611975337141
13.25,0.030925542150308658,0.005791085949737491,0.030133635168075885,0.05867391205253076,0.0028877053459128946,0.005474134034421815,0.011000648558488525,0.007580631001079917,0.011000696735142652,0.0005623827186680164,0.0006880598511974971,0.0013864722577794303,9.642424156991191e-05,4.6945683735874456e-05,0.16624827574864934
13.3,0.030853161433021723,0.005716347211297278,0.029892905999648417,0.05818429759684493,0.002824042498003122,0.005451380610407404,0.01094821349632267,0.007434950620300185,0.010787626727057093,0.0005495368805003323,0.0006858727633125615,0.0013811420598417912,9.457718877030764e-05,4.586850956106145e-05,0.1648499235948889
13.350000000000001,0.03078074151183894,0.00564365314598494,0.029653553874763455,0.05769769762372555,0.002761825654189358,0.005428304608432013,0.010895201054563099,0.007292203795745877,0.010578878861845989,0.000536976263340214,0.0006836315748661455,0.0013757092793114877,9.276694508920469e-05,4.481518684121696e-05,0.16346595938053748
13.4,0.030708284056542672,0.005572961600583304,0.029415582593259236,0.05721411703757121,0.0027010313446709094,0.005404915254179033,0.010841631606316236,0.007152329662859198,0.010374362793182637,0.0005246965124111728,0.0006813373290144945,0.0013701765005470709,9.099276721598139e-05,4.378535599795784e-05,0.16209620441435107
13.450000000000001,0.03063579072997102,0.005504231001449204,0.029178995668179424,0.05673356015575234,0.002641636189885411,0.005381221781953032,0.01078752541718389,0.007015268629691562,0.010173990079808657,0.0005126932707402228,0.0006789910945007755,0.0013645463315395405,8.925392618535283e-05,4.27786567484734e-05,0.16074048293358892
13.5,0.030563263187967645,0.005437420352749618,0.028943796330537914,0.056256030719391725,0.0025836169129936073,0.005357233424258665,0.010732902628656652,0.006880962351117964,0.009977674146499877,0.0005009621827058798,0.0006765939628639587,0.001358821399297263,8.754970732265975e-05,4.1794728002092346e-05,0.15939862203436553
13.55,0.030490703079332437,0.005372489234499012,0.028709987534073708,0.05578153190409766,0.0025269503517011166,0.005332959401971867,0.010677783242591492,0.006749353703511821,0.009785330245743143,0.0004894988974076942,0.000674147045789578,0.0013530043454901455,8.587940974604893e-05,4.083320800525412e-05,0.15807045160396097
13.600000000000001,0.030418112045773108,0.005309397800405558,0.028477571959994,0.05531006633064599,0.0024716134694386873,0.0053084089150793054,0.010622187106726471,0.006620386759875656,0.00959687542011626,0.00047829907186306705,0.0006716514725968485,0.0013470978223430081,8.424234596078766e-05,3.9893734647807146e-05,0.15675580425546656
13.65,0.030345491721857607,0.005248106775533654,0.02824655202170331,0.0548416360756069,0.0024175833659219543,0.005283591133962754,0.010566133901186952,0.006494006765422583,0.009412228465362814,0.0004673583740371376,0.0006691083878571378,0.0013411044887678269,8.263784212513151e-05,3.897594585065587e-05,0.15545451526519644
13.700000000000001,0.030272843734967417,0.0051885774537900565,0.02801692986951677,0.05437624268191291,0.0023648372871113757,0.0052585151912059,0.010509643125939407,0.006370160113603594,0.009231309894153574,0.00045667248571152697,0.0006665189491390141,0.0013350270067241181,8.1065237976624e-05,3.807948024188892e-05,0.1541664225119942
13.75,0.030200169705251752,0.005130771695240839,0.027788707395355834,0.05391388716936461,0.0023133526345926214,0.005233190173901836,0.010452734089150557,0.006248794322575504,0.009054041900526083,0.00044623710519759786,0.0006638843248749722,0.0013288680377968535,7.952388623020495e-05,3.720397799527444e-05,0.1528913664180545
13.8,0.030127471245582554,0.005074651923266116,0.027561886237424407,0.053454570045070406,0.0022631069743972035,0.005207625116440193,0.010395425896410914,0.006129858012104134,0.008880348324993612,0.0004360479498996504,0.0006612056923446884,0.0013226302399821186,7.80131526143049e-05,3.6349081378283446e-05,0.15162918989190857
13.850000000000001,0.03005474996151042,0.005020181121559473,0.027336467784863927,0.052998291313817524,0.0022140780452828347,0.005181828993753652,0.010337737440783527,0.006013300880897472,0.008710154620314891,0.0004261007587332493,0.0006584842357695802,0.001316316264671953,7.653241609982692e-05,3.551443504894572e-05,0.1503797382731073
13.9,0.029982007451221343,0.004967322830978771,0.027112453182385556,0.052545050488370784,0.002166243766492465,0.005155810715004207,0.010279687393639953,0.005899073684363192,0.00854338781791555,0.0004163912944036536,0.0006557211445137014,0.0013099287538306862,7.508106818965391e-05,3.469968633449201e-05,0.149142859277644
13.950000000000001,0.029909245305494332,0.004916041146254909,0.02688984333487798,0.05209484659969637,0.0021195822450105987,0.005129579117690276,0.010221294196247007,0.005787128212785004,0.008379976494952365,0.00040691534554923006,0.0006529176113865328,0.001303470337355203,7.365851229395359e-05,3.390448518681862e-05,0.1479184029447806
14.0,0.029836465107659884,0.004866300712564997,0.026668638911989406,0.051647678207107944,0.0020740717823350646,0.00510314296215641,0.010162576052069184,0.005677417269912235,0.008219850742011243,0.0003976687287547272,0.0006500748310437396,0.0012969436306110326,7.226416408960578e-05,3.312848373662672e-05,0.1467062215860421
14.05,0.029763668433559296,0.004818066721976166,0.026448840352682097,0.05120354340833213,0.0020296908807819264,0.00507651092648796,0.010103550919752883,0.005569894651956858,0.008062942131429739,0.0003886472904393182,0.0006471939984822047,0.0012903512321355384,7.089745135106179e-05,3.237133608691087e-05,0.1455061697354541
14.100000000000001,0.02969085685150485,0.0047713049097661995,0.026230447869758325,0.05076243984949122,0.001986418249340889,0.0050496916017737595,0.010044236506759967,0.005464515126992354,0.007909183686235092,0.00037984690862436713,0.0006442763076255423,0.0012836957214994904,6.955781280621349e-05,3.163269851546836e-05,0.14431810410069373
14.15,0.02961803192224084,0.00472598155062695,0.026013461454356186,0.05032436473500045,0.0019442328090980433,0.005022693487720393,0.009984650263619305,0.00536123441474857,0.007758509849688464,0.00037126349458579163,0.0006413229499960274,0.001276979657319034,6.82446979178648e-05,3.091222955787471e-05,0.14314188351647578
14.200000000000001,0.029545195198905406,0.0046820634547563795,0.025797880880414157,0.049889314837377685,0.001903113698242424,0.004995524988602297,0.009924809378766216,0.005260009166796851,0.00761085645542631,0.000362892994395745,0.0006383351134687592,0.0012702055754111644,6.695756750254004e-05,3.020959005746287e-05,0.14197736890012339
14.25,0.029472348226993284,0.004639517963844974,0.02558370570910323,0.04945728650696355,0.001863040276672436,0.0049681944095324665,0.009864730773940903,0.005160796947119712,0.007466160698189743,0.0003547313903580908,0.0006353139811040991,0.001263375987086584,6.569589316746754e-05,2.952444369200655e-05,0.14082442320776856
14.3,0.029399492544319315,0.004598312946962036,0.025370935293225323,0.04902827568154969,0.0018239921302177328,0.0049407099530390935,0.009804431100117996,0.005063556213059193,0.007324361105132647,0.00034677470234186994,0.0006322607300549363,0.0012564933775738305,6.445915629729358e-05,2.885645754468287e-05,0.13968291139143565
14.350000000000001,0.02932662968098285,0.0045584167963473475,0.0251595687815771,0.048602277895913676,0.0017859490744918,0.004913079715934035,0.009743926733940565,0.004968246296638244,0.007185397507699592,0.0003390189890167564,0.0006291765305458777,0.001249560204568039,6.324684865469467e-05,2.8205302036851498e-05,0.13855270035834738
14.4,0.029253761159332963,0.00451979842311344,0.024949605123277978,0.04817928829125848,0.0017488911583900058,0.004885311686459498,0.009683233774632838,0.004874827386249289,0.007049211014064344,0.00033146034899434986,0.0006260625449217282,0.0012425788968972208,6.205847321750501e-05,2.75706507749838e-05,0.13743365893158463
14.450000000000001,0.02918088849393448,0.00448242725286366,0.024741043072061476,0.04775930162455499,0.001712798667247523,0.004857413741699845,0.00962236804136703,0.004783260508704255,0.006915743982119946,0.0003240949218791153,0.000622919926762532,0.0012355518532991359,6.0893543128173934e-05,2.6952180975359978e-05,0.13632565781059752
14.5,0.029108013191534863,0.004446273221231044,0.024533881190528985,0.04734231227778619,0.0016776521256711275,0.004829393645245947,0.009561345071060592,0.004693507511640364,0.00678493999301143,0.0003169188892327722,0.000619749820062134,0.001228481441302779,5.975158062550371e-05,2.6349573755628286e-05,0.13522856953268939
14.55,0.029035136751031903,0.004411306769342872,0.024328117854364985,0.0469283142670913,0.001643432300058432,0.0048012590450999095,0.009500180116581118,0.004605531046275861,0.006656743825202012,0.0003099284754558966,0.0006165533584669824,0.001221369996209704,5.863211794653059e-05,2.5762513732239286e-05,0.13414226843685972
14.600000000000001,0.02896226066344223,0.004377498839215696,0.02412375125651306,0.046517301251808876,0.0016101202008177954,0.004773017471808559,0.009438888145337176,0.004519294550510068,0.006531101429063969,0.0003031199485904199,0.0006133316645719818,0.0012142198201712205,5.7534697873186304e-05,2.5190688855020512e-05,0.13306663062857924
14.65,0.02888938641187064,0.00434482086908543,0.023920779411311807,0.0461092665434174,0.0015776970843016922,0.004744676336814433,0.00937748383823406,0.004434762232361978,0.0064079599019851476,0.00029648962104651336,0.0006100858492705788,0.0012070331813575019,5.645887214786225e-05,2.4633790998528826e-05,0.13200153394420358
14.700000000000001,0.028816515471480238,0.004313244788677021,0.023719200158589956,0.04570420311437234,0.001546144454465991,0.0047162429310134936,0.009315981588974453,0.004351899053741731,0.006287267463982248,0.0002900338502571279,0.0006068170111567103,0.0011998123132141024,5.540420058800791e-05,2.4091516214551408e-05,0.130946857916728
14.75,0.028743649309463392,0.00428274301441809,0.02351901116772013,0.045302103606838846,0.0015154440642672126,0.004687724423509219,0.009254395503684763,0.004270670714549362,0.006168973433812126,0.0002837490392632255,0.0006035262359764673,0.0011925594138009184,5.4370252623250806e-05,2.3563564171613528e-05,0.1299024837440986
14.8,0.028670789385013475,0.004253288444600755,0.02332020994163042,0.04490296034131881,0.0014855779168094334,0.0046591278605530645,0.00919273940084863,0.004191043637095108,0.006053028205572197,0.0002776316372325544,0.0006002145961271884,0.0011852766452087648,5.3356607972821666e-05,2.3049638064637017e-05,0.1288682942580478
14.850000000000001,0.02859793714929744,0.004224854454495809,0.02312279382077345,0.044506765325171824,0.0014565282662522007,0.004630460164661762,0.00913102681153003,0.00411298495083578,0.005939383225781376,0.0002716781399147404,0.0005968831502013547,0.0011779661330495682,5.23628546729642e-05,2.2549445450960322e-05,0.12784417389208927
14.9,0.02852509404542916,0.0041974148914232295,0.02292675998705214,0.04411351026102905,0.0014282776184904086,0.004601728133902226,0.009069270979868945,0.004036462477421601,0.0058279909709328375,0.00026588509003543266,0.0005935329425723691,0.0011706299660171186,5.138858802197083e-05,2.2062698494592322e-05,0.12683000865069105
14.950000000000001,0.02845226150844358,0.0041709440697829114,0.022732105467701838,0.0437231865550994,0.0014008087316167727,0.004572938441335255,0.00900748486383347,0.003961444716048037,0.005718804925510097,0.0002602490776322635,0.0005901650030193544,0.0011632701955157983,5.043341229658765e-05,2.1589113059461854e-05,0.1258256860808948
15.0,0.028379440965271646,0.004145416766049423,0.022538827139128362,0.04333578532536768,0.0013741046161772055,0.004544097634609548,0.00894568113621279,0.0038879008291072396,0.005611779560458016,0.00025476674033537175,0.0005867803463884916,0.0011558888353543969,4.949694142400267e-05,2.1128408299852544e-05,0.12483109524418401
15.05,0.028306633834716037,0.004120808213734404,0.02234692173070139,0.042951297409683745,0.001348148535229018,0.004515212135697889,0.00888387218583618,0.003815800628133633,0.005506870312100317,0.0002494347635951637,0.0005833799722889353,0.0011484878615013112,4.857879658389497e-05,2.068030743364982e-05,0.12384612668723556
15.100000000000001,0.028233841527427667,0.004097094098320185,0.022156385828503024,0.0425697133737428,0.0013229240042116042,0.004486288240767716,0.008822070119003862,0.003745114560038459,0.0054040335614954985,0.0002442498808598606,0.0005799648648216938,0.00114106921189684,4.7678604873803985e-05,2.024453800009625e-05,0.12287067241396311
15.15,0.028161065445882958,0.004074250552168037,0.021967215879031037,0.042191023518956074,0.0012984147906388924,0.004457332120178562,0.008760286761116069,0.003675813693627938,0.005303226614222937,0.00023920887370519427,0.0005765359923398669,0.0011336347863183567,4.6796001511443616e-05,1.982083084863117e-05,0.12190462586054597
15.200000000000001,0.028088306984361894,0.004052254149404392,0.02177940819285653,0.04181521789021176,0.0012746049136225651,0.004428349818599205,0.008698533658487372,0.003607869706399912,0.005204407680591203,0.00023430857191844969,0.0005730943072383987,0.0011261864462949248,4.59306312712543e-05,1.940891976067915e-05,0.12094788187101853
15.25,0.02801556752892686,0.004031081900788256,0.021592958948235822,0.04144228628352621,0.0012514786432347468,0.0043993472552376536,0.008636822080333867,0.0035412548716138702,0.005107535856260739,0.0002295458535389338,0.0005696407457712859,0.001118726015068849,4.508214602710527e-05,1.900854274506255e-05,0.12000033667130926
15.3,0.027942848457402192,0.004010711248562902,0.021407864194676173,0.04107221825358483,0.0012290204997185256,0.004370330224177355,0.00857516302092132,0.003475942045629234,0.005012571103272973,0.00022491764485689226,0.0005661762278942482,0.0011112552776021052,4.4250202601380454e-05,1.8619442961015306e-05,0.11906188784386111
15.350000000000001,0.027870151139354565,0.003991120061294888,0.02122411985645531,0.0407050031211731,0.0012072152525544337,0.004341304394813328,0.008513567201863016,0.003411904655506978,0.004919474231478277,0.00022042092037291366,0.0005627016571312726,0.0011037759806253426,4.343446482258467e-05,1.8241367739453747e-05,0.11813243430518545
15.4,0.027797476936074067,0.003972286628703284,0.021041721736094452,0.04034062998049736,0.0011860479193906805,0.004312275312382165,0.008452045074556455,0.003349116686869581,0.0048282068803550595,0.00021605270271987757,0.0005592179204639924,0.0010962898327264879,4.263460588997327e-05,1.7874067614306676e-05,0.11721187628433773
15.450000000000001,0.027724827200556048,0.003954189656481921,0.020860665517784757,0.03997908770639549,0.001165503764844684,0.0042832483985801115,0.008390606822748614,0.0032875526720144346,0.004738731501212481,0.00021181006254951008,0.0005557258882432653,0.0010887985044755752,4.1850306239389574e-05,1.751729731378546e-05,0.11630011529944008
15.5,0.027652203277483748,0.003936808261117392,0.0206809467707671,0.03962036496143786,0.0011455682991831735,0.004254228952263693,0.008329262365219959,0.0032271876782759114,0.004651011339769393,0.00020769011838555766,0.0005522264141223712,0.0010813036285826846,4.1081250238024314e-05,1.717081700787823e-05,0.11539705413385475
15.55,0.0275796065032116,0.003920121964705391,0.02050256095266501,0.03926445020291828,0.0011262272768878514,0.004225222150227569,0.008268021358577791,0.003167997296631247,0.004565010419102063,0.00020369003644547503,0.0005487203350110159,0.0010738068000867122,4.032712752183626e-05,1.6834391367459116e-05,0.1145025968153593
15.600000000000001,0.02750703820574934,0.0039041106897679473,0.020325503412770826,0.038911331689735616,0.0011074666951133793,0.004196233048054568,0.008206893200150053,0.003109957630545594,0.004480693522953513,0.0001998070304323923,0.0005452084710490443,0.0010663095765735895,3.9587636722313e-05,1.650778777527438e-05,0.11361664859739345
15.65,0.02743449970474679,0.0038887547540739633,0.02014976939528497,0.03856099748916606,0.0010892727920441719,0.004167266581033036,0.008145887030971043,0.003053045285051539,0.004398026179397255,0.0001960383612989893,0.0005416916255987053,0.0010588134784228795,3.8862484842340106e-05,1.6190776696859524e-05,0.11273911593862859
15.700000000000001,0.027361992311479417,0.0038740348654654013,0.019975354042508307,0.038213435483526424,0.001071632045156258,0.004138327565136869,0.008085011738850945,0.0029972373560585154,0.004316974644848391,0.00019238133698482667,0.0005381705852545543,0.0010513199890812843,3.815138291338072e-05,1.5883133544632492e-05,0.11186990648080919
15.75,0.027289517328834584,0.0038599321166913904,0.019802252397987757,0.03786863337672904,0.0010545311693902343,0.004109420698063818,0.008024275961521502,0.002942511419887613,0.004237505888415171,0.0001888333121286572,0.0005346461198704804,0.0010438305553608462,3.745404520505277e-05,1.558463862127117e-05,0.11100892902870742
15.8,0.027217076051298517,0.003846427980252401,0.01963045940961499,0.037526578700728355,0.0010379571152410831,0.004080550560327803,0.007963688089850419,0.0028888455230272917,0.00415958757658411,0.00018539168775725683,0.0005311189826036042,0.0010363465877591305,3.6770193355813906e-05,1.5295074894938757e-05,0.1101560935332957
15.850000000000001,0.02714466976494402,0.003833504303256589,0.0194599699326785,0.03718725882186001,0.0010218970667704374,0.00405172161640125,0.007903256271117612,0.0028362181721056836,0.0040831880582320405,0.00018205391095234955,0.0005275899099747336,0.0010288694607989057,3.609955819380471e-05,1.5014227217730056e-05,0.10931131107450365
15.9,0.02707229974741886,0.0038211433022903034,0.019290778732868965,0.036850660947072664,0.001006338439546626,0.0040229382159035435,0.007842988412346593,0.002784608324075134,0.004008276349958461,0.00017881747449719678,0.0005240596219446732,0.0010214005133855754,3.5441875572017865e-05,1.4741884432479361e-05,0.10847449384131311
15.950000000000001,0.026999967267934865,0.0038093275583046837,0.01912288048923809,0.036516772130053186,0.0009912688785176402,0.003994204594831949,0.007782892183684731,0.002733995376604784,0.003934822121731709,0.00017567991650438045,0.0005205288220052366,0.001013941049181382,3.4796882668258976e-05,1.4477840982426432e-05,0.10764555511224333
16.0,0.02692767358725774,0.0037980400115201936,0.018956269797111108,0.03618557927724596,0.000976676255821961,0.003965524876831504,0.007722975021826417,0.002684359158677059,0.003862795682842671,0.00017263882002621528,0.0005169981972835601,0.001006492336995623,3.4164320891814904e-05,1.4221895268336714e-05,0.10682440923960017
16.05,0.026855419957697548,0.0037872639563508548,0.018790941170952955,0.03585706915376654,0.0009625486685419617,0.003936903074500506,0.007663244133473417,0.0026356799213839376,0.0037921679681596986,0.00016969181264910624,0.000513468418658407,0.0009990556111896644,3.3543940826115725e-05,1.3973847338087646e-05,0.10601097163548881
16.1,0.026783207623099898,0.0037769830363498834,0.018626889047188448,0.03553122838921078,0.0009488744364044474,0.003908343090728449,0.007603706498827081,0.002587938328919046,0.003722910524678699,0.0001668365660730693,0.0005099401408874785,0.000991632072094857,3.2935501019320834e-05,1.3733499801051351e-05,0.1052051587552825
16.150000000000002,0.02671103781883781,0.0037671812391783382,0.018464107786976533,0.035208043483359715,0.0009356420994326652,0.003879848720063351,0.007544368875107279,0.002541115449761589,0.003654995498362293,0.0001640707956775611,0.0005064140027450288,0.0009842228864410908,3.2338762150155115e-05,1.350066074330593e-05,0.10440688807883672
16.2,0.026638911771804264,0.003757842891598343,0.018302591678938877,0.03488750081178118,0.0009228404155539705,0.0038514236501055927,0.007485237800093243,0.002495192748048264,0.0035883956212621713,0.00016139226007474904,0.0005028906271691209,0.0009768291877940692,3.175348571603775e-05,1.3275144001276175e-05,0.10361607809394116
16.25,0.02656683070040539,0.0037489526544923503,0.018142334941842954,0.034569586631328676,0.000910458358167134,0.003823071462925523,0.007426319595681741,0.0024501520751293118,0.003523084198918769,0.00015879876065135953,0.0004993706214176185,0.0009694520770002087,3.11794394881704e-05,1.3056766105906327e-05,0.10283264828355515
16.3,0.026494795814554387,0.003740495517909879,0.017983331727240013,0.034254287085538626,0.0008984851136731313,0.0037947956365022334,0.007367620371458311,0.002405975661304989,0.003459035098032591,0.0001562881411002603,0.0004958545772317024,0.0009620926226388518,3.061640116243499e-05,1.2845344512065267e-05,0.10205651911285948
16.35,0.026422808315666048,0.0037324567961430485,0.01782557612205798,0.033941588209926356,0.0008869100789730582,0.0037665995461809926,0.007309146028277406,0.002362646107738703,0.0033962227344014506,0.00015385828694290915,0.0004923430710055706,0.0009547518614816619,3.0064154049624388e-05,1.2640699937750984e-05,0.10128761201278258
16.400000000000002,0.026350869396651964,0.003724822122832214,0.01766906215114971,0.03363147593718195,0.0008757228589366884,0.00373848646614701,0.007250902261847653,0.0023201463785432067,0.0033346220611181355,0.00015150712504374754,0.0004888366639612005,0.0009474307989586499,2.9522480888904177e-05,1.2442659274560583e-05,0.10052584936253561
16.45,0.026278980241916383,0.0037175774461029117,0.017513783779796812,0.03332393610226678,0.000864913263845016,0.003710459570913281,0.007192894566318588,0.0022784597930362643,0.0032742085570230117,0.00014923262311751438,0.0004853359023274964,0.000940130409629606,2.899116510801615e-05,1.2251054415524978e-05,0.09977115447581718
16.5,0.026207142027352692,0.0037107090237352754,0.01735973491616931,0.03301895444741133,0.0008544713068099801,0.003682521936820389,0.007135128237865425,0.0022375700181622455,0.0032149582154061833,0.00014703278923033854,0.0004818413175235784,0.0009328516376593982,2.8469997812362288e-05,1.2065718431204154e-05,0.09902345159038971
16.55,0.026135355920340584,0.00370420341836703,0.01720690941374157,0.03271651662701577,0.0008443872011744382,0.003654676543546271,0.007077608378268696,0.002197461061076241,0.0031568475329539995,0.00014490567129537004,0.00047835342634614496,0.000925595397295917,2.7958779974305326e-05,1.1886484720492591e-05,0.09828266585611681
16.6,0.026063623079743817,0.003698047492731098,0.017055301073664653,0.03241660821245342,0.000834651357895289,0.003626926275624018,0.007020339898485665,0.0021581172618872465,0.00309985349893467,0.00014284935656363532,0.00047487273116069166,0.0009183625733501575,2.745731616981067e-05,1.171319058381418e-05,0.09754872331924798
16.650000000000002,0.025991944655908625,0.0036922284049288098,0.01690490364709549,0.03211921469677872,0.0008252543829125384,0.0035992739239659177,0.006963327522210733,0.002119523286557137,0.0030439535846179776,0.00014086197111077913,0.0004713997200960807,0.0009111540216785333,2.6965408794485323e-05,1.1545680100530182e-05,0.09682155090675636
16.7,0.025920321790662754,0.0036867336037396487,0.016755710837483274,0.03182432149934024,0.0008161870745069569,0.003571722187392036,0.00690657578942214,0.0020816641199521506,0.0029891257329241177,0.00013894167932034865,0.00046793486724176856,0.0009039705696675149,2.6482861366074094e-05,1.1383801987074577e-05,0.09610107641500609
16.75,0.025848755617315092,0.0036815508239684096,0.016607716302813273,0.03153191397029978,0.000807440420648852,0.0035442736741617066,0.006850089059912452,0.002044525059043688,0.002935348348296801,0.0001370866833642732,0.00046447863284709303,0.0008968130167201254,2.6009486455152044e-05,1.1227405328406148e-05,0.09538722850117512
16.8,0.025777247260655965,0.003676668081830601,0.01646091365780865,0.03124197739505876,0.0007990055963403696,0.003516930903506431,0.006793871516800546,0.002008091706255329,0.002882600286795917,0.0001352952226811702,0.00046103146352235265,0.0008896821347431358,2.55451067979999e-05,1.1076339311680312e-05,0.09467993667210889
16.85,0.02570579783695798,0.0036720736703768665,0.016315296476090375,0.03095449699859248,0.0007908739609536022,0.003489696307162715,0.006737927170022827,0.0019723499629529587,0.0028308608464050365,0.00013356557345304605,0.00045759379244173794,0.0008825786686335284,2.5089547523236002e-05,1.093045752968203e-05,0.09397913126909609
16.900000000000002,0.025634408453977516,0.0036677561549571525,0.01617085829229584,0.03066945794969359,0.0007830370555666862,0.003462572230903507,0.006682259859801689,0.001937286023075037,0.0027801097575492627,0.00013189604808088262,0.00045416603954828754,0.0008755033367632029,2.4642630036898746e-05,1.0789620824621752e-05,0.09328474345307416
16.95,0.025563080210956796,0.0036637043687253097,0.01602759260415643,0.030386845365125637,0.0007754866002999556,0.003435560936066949,0.006626873260089296,0.0019028863669000565,0.0027303271738189387,0.00013028499465950964,0.00045074861176083654,0.0008684568314616962,2.4204176118873182e-05,1.0653694415654198e-05,0.09259670519455593
17.0,0.025491814198626523,0.003659907408184759,0.015885492874534446,0.030106644313687668,0.0007682144916541068,0.0034086646010812243,0.00657177088198488,0.001869137754948285,0.0026814936628948263,0.0001287307964520957,0.0004473419031825589,0.0008614398194973351,2.377401673076112e-05,1.0522542926796283e-05,0.09191494926638627
17.05,0.025420611499209173,0.0036563546287758193,0.0157445525334199,0.02982883982019114,0.0007612127998522467,0.0033818853229843943,0.006516956077123986,0.0018360272220150006,0.0026335901976705083,0.00012723187136455958,0.0004439462953104318,0.0008544529425573368,2.3351993311750338e-05,1.0396030025554622e-05,0.09123940923381184
17.1,0.025349473186422798,0.003653035640505239,0.015604764979887397,0.029553416869349862,0.0007544737661875741,0.0033552251189381235,0.006462432041038021,0.001803542071332382,0.0025865981475677283,0.00012578667142020296,0.00044056215724494284,0.0008474968177268979,2.2937949356052763e-05,1.0274023296856845e-05,0.09057001944027408
17.150000000000002,0.02527840032548543,0.003649940303618446,0.015466123584013633,0.02928036040958425,0.0007479898003783721,0.003328685927734316,0.006408201816482789,0.0017716698688573583,0.0025404992700405775,0.00012439368223489422,0.0004371898458996324,0.0008405720379667509,2.253172331646031e-05,1.015639786395507e-05,0.08990671499347687
17.2,0.02520739397312007,0.0036470587243149764,0.015328621688755921,0.029009655356740886,0.0007417534779318866,0.003302269611293718,0.006354268296734662,0.0017403984376827206,0.0024952757022644427,0.00012305142249315558,0.0004338297062103918,0.0008336791725884606,2.213315243475852e-05,1.0043033767959778e-05,0.089249431756334
17.25,0.025136455177560194,0.0036443812505075135,0.01519225261179207,0.028741286597728313,0.0007357575375185797,0.0032759779561555985,0.0063006342288531745,0.0017097158525688472,0.0024509099530057084,0.0001217584434255114,0.0004304820713445974,0.0008268187677270916,2.1742082707570474e-05,9.93381036529031e-06,0.08859810634126006
17.3,0.025065584978555894,0.0036418984676249264,0.01505700964732221,0.028475238994070468,0.0007299948783581721,0.0032498126749577185,0.0062473022169090035,0.0016796104345934886,0.0024073848946683423,0.00012051332828743636,0.00042714726291004574,0.0008199913468115077,2.1358371880605267e-05,9.82860508606032e-06,0.08795267610203586
17.35,0.02499478440738049,0.00363960119445966,0.014922886067832783,0.028211497385378363,0.0007244585576187917,0.0032237754079057802,0.0061942747251762425,0.0016500707459170295,0.0023646837555134515,0.00011931469184019802,0.0004238255911633569,0.0008131974110329243,2.0981881191543146e-05,9.727298349813256e-06,0.0873130791207604
17.400000000000002,0.024924054486837734,0.003637480479059794,0.014789875125823288,0.02795004659274145,0.0007191417878304844,0.0031978677242316777,0.006141554081288122,0.001621085584660776,0.002322790112048106,0.00011816117983384775,0.0004205173552172863,0.0008064374398121387,2.0612466166916434e-05,9.629778407267467e-06,0.08667925419395889
17.45,0.024853396231269552,0.0036355275946660564,0.01465797005549616,0.027690871422039583,0.0007140379343142576,0.003172091123639872,0.006089142479355327,0.0015926439798958194,0.00228168788157972,0.00011705146849258278,0.00041722284324640524,0.0007997118912651495,2.0249978287147195e-05,9.535939762353865e-06,0.08605114082331
17.5,0.024782810646564297,0.003633734035694041,0.014527164074410159,0.02743395666717661,0.0007091405126277598,0.003146447037741272,0.006037041983046144,0.001564735186740088,0.0022413613149323804,0.00011598426400270036,0.00041394233269090156,0.0007930212026661467,1.9894275701677843e-05,9.445676878197845e-06,0.08542867921087237
17.55,0.024712298730165574,0.0036320915137618443,0.014397450385097875,0.02717928711323692,0.0007044431860286327,0.003120936831474076,0.005985254528627835,0.0015373486815612838,0.002201794989321641,0.00011495830200338658,0.0004106760904586381,0.0007863657909066015,1.9545229630252876e-05,9.358880909822578e-06,0.08481181025318439
17.6,0.024641861471081543,0.0036305919537633134,0.014268822176647584,0.026926847539565642,0.0006999397629564984,0.003095561804511015,0.005933781927968555,0.0015104741572833863,0.0021629738013842895,0.00011397234708061212,0.0004074243731258335,0.0007797460529495036,1.9202718203956678e-05,9.275443582042112e-06,0.08420047553010379
17.650000000000002,0.02457149984989477,0.0036292274899870605,0.014141272626250048,0.026676622722773897,0.0006956241945344911,0.003070323192652536,0.005882625871499374,0.001484101518794528,0.0021248829603597646,0.00011302519226443312,0.00040418742713669106,0.0007731623662784425,1.8866614967210803e-05,9.195263513167519e-06,0.08359461729090639
17.7,0.024501214838772586,0.0036279904622813744,0.014014794900710644,0.026428597439670035,0.0006914905720911745,0.0030452221692054853,0.005831787931135895,0.0014582208784540503,0.0020875079814199234,0.0001121156585299957,0.00040096548900203427,0.0007666150893416539,1.853678600127686e-05,9.118247166412618e-06,0.08299417844378254
17.75,0.02443100740147793,0.0036268734122651253,0.013889382157927245,0.02618275647011788,0.0006875331247036294,0.0030202598463468576,0.005781269563159081,0.0014328225516965995,0.002050834679143934,0.00011124259430251859,0.00039775878549674817,0.0007601045619910673,1.8213099330822074e-05,9.04430304242642e-06,0.08239910255100186
17.8,0.024360878493380735,0.003625869079584745,0.013765027548334419,0.0259390845998233,0.000683746216762446,0.002995437276472284,0.005731072111055002,0.001407897052731204,0.00201484916113518,0.00011040487496648645,0.0003945675338557709,0.000753631105915914,1.7895435422166842e-05,8.973335917685072e-06,0.08180933382535732
17.85,0.02429082906146978,0.003624970398217324,0.013641724216314216,0.025697566623049815,0.00068012434555929,0.0029707554535288753,0.0056811968083131425,0.001383435090333247,0.00197953782177705,0.00010960140237923869,0.0003913919419685605,0.0007471950250699962,1.7583686073254425e-05,8.905248000565757e-06,0.08122481712205436
17.900000000000002,0.02422086004436503,0.0036241704928198556,0.013519465301574128,0.025458187345264612,0.0006766621388976715,0.002946215314332149,0.00563164478118311,0.001359427563727362,0.0019448873361246205,0.00010883110438910659,0.0003882322085722602,0.0007407966060917556,1.727774263470211e-05,8.839945740592774e-06,0.08064549792571696
17.95,0.02415097237233047,0.0036234626751246203,0.013398243940492638,0.025220931585715905,0.0006733543527274925,0.002921817739866753,0.005582417051389538,0.0013358655585592664,0.0019108846539292615,0.00010809293435823696,0.0003850885234439499,0.0007344361187168196,1.69774871641269e-05,8.777344333674806e-06,0.08007132233815274
18.0,0.024081166967287418,0.003622840440380694,0.013278053267432735,0.024985784179942613,0.0006701958688038982,0.002897563556570733,0.005533514538805033,0.0013127403429546043,0.0018775169937932364,0.00010738587069024445,0.0003819610675922738,0.0007281138161834543,1.6682796919536157e-05,8.71736455854409e-06,0.07950223707191502
18.05,0.024011444742828313,0.0036222974638415325,0.01315888641602401,0.024752729982217718,0.0006671816923709201,0.002873453537603154,0.005484938064081145,0.0012900433636629217,0.001844771837451486,0.0001067089163628471,0.0003788500134484197,0.0007218299356318163,1.63935572734831e-05,8.659925418872646e-06,0.07893818944821662
18.1,0.023941806604230956,0.0036218275972985645,0.013040736520413567,0.024521753867925943,0.000664306949870346,0.0028494884040948455,0.005436688351237218,0.0012677662422848873,0.0018126369241777424,0.00010606109846564182,0.0003757555250560824,0.0007155846984977666,1.6109668360660773e-05,8.60494093445478e-06,0.07837912739284869
18.150000000000002,0.023872253448473234,0.0036214248656607105,0.012923596716486366,0.024292840735877116,0.0006615668866762203,0.002825668826382135,0.005388766030207199,0.0012459007715809646,0.001781100245312272,0.00010544146774316546,0.0003726777582599032,0.0007093783109014996,1.5831037691869165e-05,8.552324779852406e-06,0.0778249994260325
18.2,0.023802786164248274,0.003621083463579718,0.012807460143055375,0.024065975510556135,0.0006589568648553315,0.002801995425223414,0.005341171639344382,0.0012244389118597422,0.0017501500389085415,0.00010484909814335524,0.000369616860891995,0.0007032109640307181,1.5557566717276623e-05,8.501997644669156e-06,0.07727575464905892
18.25,0.023733405631980058,0.0036207977521211933,0.012692319943021937,0.023841143144310503,0.0006564723609540087,0.0027784687729984115,0.005293905627884163,0.0012033727874441724,0.0017197747844961775,0.00010428308637148117,0.0003665729729564378,0.0006970828345179924,1.5289146187025845e-05,8.453889109917935e-06,0.07673134273435347
18.3,0.023664112723839503,0.0036205622554811804,0.012578169264506932,0.023618328619476697,0.0006541089638115164,0.002755089394890095,0.0052469683583649465,0.0011826946832140348,0.0016899631979576785,0.00010374255144958502,0.00036354622681184537,0.0006909940848123025,1.502566555207962e-05,8.407931862414921e-06,0.07619171392203078
18.35,0.023594908303760948,0.003620371657748136,0.012465001261953,0.023397516950446094,0.0006518623724002926,0.0027318577700490973,0.005200360109007256,0.001162397041222929,0.0016607042265163296,0.00010322663428143512,0.0003605367473520903,0.0006849448635452217,1.4767026253224896e-05,8.364054472982989e-06,0.07565681901900902
18.400000000000002,0.023525793227459093,0.0036202207997101193,0.012352809097198396,0.023178693185671673,0.0006497283936932548,0.0027087743327406234,0.005154081076051268,0.0011424724573881947,0.0016319870438329083,0.00010273449722300181,0.0003575446521850615,0.000678935305892368,1.4513144409904675e-05,8.32218053494933e-06,0.07512660939399084
18.45,0.023456768342446352,0.003620104675707004,0.012241585940522864,0.02296184240961646,0.0006477029405583581,0.002685839473473799,0.005108131376052949,0.0011229136782521588,0.0016038010452087796,0.00010226532365846914,0.00035457005180906237,0.0006729655339303741,1.4263939778493426e-05,8.282235096997596e-06,0.0746010369661121
18.5,0.02338783448805063,0.0036200184305275125,0.01213132497166594,0.022746949744644602,0.0006457820296805625,0.00266305354011342,0.00506251104813897,0.0011037135978131574,0.0015761358428930416,0.00010181831758181444,0.000351613049786359,0.0006670356569889464,1.4019322571036362e-05,8.244151524204316e-06,0.07408005419198017
18.55,0.02331899249543355,0.003619957356350844,0.012022019380818226,0.02253400035285634,0.0006439617795113413,0.0026404168389741293,0.005017220056220712,0.0010848652544248355,0.001548981261491479,0.00010139270318399979,0.00034867374291353915,0.0006611457719970505,1.3779192104374435e-05,8.207871478977381e-06,0.07356361405775941
18.6,0.023250243187609026,0.0036199168897326685,0.011913662369585926,0.02232297943786751,0.0006422384082458291,0.0026179296358969906,0.00497225829116755,0.0010663618277622173,0.0015223273334750583,0.00010098772444581603,0.0003457522213886462,0.0006552959638222046,1.354344887028603e-05,8.173337965695122e-06,0.07305167007783545
18.650000000000002,0.023181587379462305,0.0036198926086352372,0.01180624715192916,0.02211387224653481,0.0006406082318276883,0.00259559215730851,0.004927625572939747,0.0010481966358531192,0.0014961642947858213,0.00010060264473640613,0.00034284856897532257,0.0006494863056023538,1.3312007577495267e-05,8.140488613699007e-06,0.07254417629478167
18.7,0.023113025877769363,0.003619880229501347,0.01169976695507448,0.021906664070627736,0.000639067661981745,0.002573404591262135,0.0048833216526812445,0.0010303631321734812,0.001470482580538042,0.00010023674641747284,0.0003399628631642429,0.000643716859070419,1.3084797621313175e-05,8.109256089608768e-06,0.07204108727397264
18.75,0.023044559481216708,0.0036198756043718926,0.011594215020401939,0.02170134024844802,0.0006376132042744237,0.002551367088462272,0.00483934621477268,0.0010128549028052198,0.001445272820812546,9.988933045315649e-05,0.0003370951753319361,0.0006379876748719767,1.2861750271842188e-05,8.079575188672211e-06,0.07154235809168327
18.8,0.022976188980421596,0.0036198747180467223,0.011489584604307287,0.021497886166397813,0.0006362414562019881,0.0025294797632709103,0.004795698878844981,0.0009956656636552611,0.001420525836542182,9.955971602556298e-05,0.0003342455708968363,0.0006322987928764351,1.2642785410268535e-05,8.051389392560417e-06,0.0710479443222904
18.85,0.02290791515795259,0.003619873685288503,0.011385868979039525,0.02129628726049721,0.0006349491053065729,0.002507742694696891,0.004752379201753865,0.0009787892577343925,0.0013962326354863982,9.924724015592755e-05,0.00033141410947225476,0.0006266502424816969,1.2427811166090696e-05,8.024650291951897e-06,0.07055780203132386
18.900000000000002,0.022839738788350522,0.003619868748069296,0.011283061433514366,0.021096529017852292,0.0006337329273199742,0.0024861559273679323,0.004709386679515637,0.0009622196524946412,0.0013723844082929883,9.89512573314175e-05,0.0003286008450160622,0.0006210420429120841,1.2216736937125641e-05,7.999310455260121e-06,0.07007188777542958
18.95,0.02277166063814982,0.0036198562728595235,0.01118115527410396,0.02089859697807453,0.0006325897843351463,0.002464719472485496,0.004666720749204672,0.0009459509372238923,0.0013489725246450676,9.867113913759433e-05,0.0003258058259771335,0.0006154742035094846,1.20094869885301e-05,7.975316795102072e-06,0.06959015860348994
19.0,0.022703681465900183,0.003619832747959017,0.011080143825403286,0.020702476734652402,0.0006315166230053342,0.002443433308762589,0.004624380790812942,0.0009299773204964834,0.0013259885294913854,9.84062738965662e-05,0.00032302909543885697,0.0006099467240182364,1.1806001211216952e-05,7.952610895197832e-06,0.0691125720519437
19.05,0.022635802022188664,0.003619794780869807,0.010980020430973689,0.020508153936276335,0.0006305104727707568,0.002422297383344638,0.004582366129072046,0.0009142931276785612,0.0013034241393581518,9.815606631085942e-05,0.00032027069126008,0.0006044595948648098,1.160622211996559e-05,7.931135893932249e-06,0.06863908613298228
19.1,0.022568023049662052,0.0036197390957103215,0.010880778454063838,0.020315614288117578,0.000629568444112737,0.002401311612713522,0.004540676035238101,0.0008988927984869772,0.0012812712387405393,9.791993711302345e-05,0.0003175306462136931,0.0005990127974334612,1.1410080491698545e-05,7.910843219165702e-06,0.06816965932131672
19.150000000000002,0.022500345283049644,0.0036196625306706503,0.010782411278308613,0.020124843553062117,0.0006286877268351624,0.002380475883574913,0.004499309728839956,0.0008837708846005633,0.0012595218765721222,9.769732272096492e-05,0.00031480898812279314,0.0005936063043386319,1.1217493366340987e-05,7.891692731073763e-06,0.06770425054679355
19.200000000000003,0.02243276944918634,0.003619562035508522,0.010684912308406269,0.019935827552900433,0.000627865588373146,0.002359790053729053,0.004458266379391133,0.0008689220473226366,0.001238168262770526,9.748767489898897e-05,0.0003121057399941861,0.0005882400796941503,1.1028376385039486e-05,7.873646178602324e-06,0.06724281919473903
19.25,0.02236529626703608,0.0036194346690856354,0.010588274970774275,0.019748552169473955,0.0006270993721287414,0.002339253952925106,0.004417545108065951,0.0008543410552936132,0.0012172027648576105,9.729046042451717e-05,0.00030942092014903274,0.0005829140793787374,1.084265892460349e-05,7.856660147106483e-06,0.06678532510866497
19.3,0.02229792644771562,0.0036192775969439805,0.010492492714184185,0.01956300334577903,0.0006263864958335568,0.0023188673836992235,0.004377144989340252,0.0008400227822526365,0.0011966179046525457,9.710516076045227e-05,0.0003067545423506643,0.0005776282512971885,1.0660287896599245e-05,7.840685006299138e-06,0.06633172858771222
19.35,0.022230660694518643,0.003619088088921785,0.010397559010376017,0.019379167087029435,0.0006257244499380987,0.002298630122196497,0.0043370650525972184,0.0008259622048471696,0.0011764063550362067,9.693127173316671e-05,0.0003041066159298435,0.0005723825356368778,1.0481216619395176e-05,7.82567067125642e-06,0.06588199037605164
19.400000000000002,0.02216349970294017,0.0036188635168087043,0.010303467354652394,0.019197029461677992,0.0006251107960276673,0.0022785419189769256,0.00429730428369868,0.0008121544004894894,0.0011565609367853022,9.676830321609731e-05,0.00030147714590782513,0.0005671768651195312,1.0305388912453449e-05,7.811573760199969e-06,0.06543607164897344
19.450000000000003,0.02209644416070131,0.0036186013520398794,0.010210211266452919,0.01901657660239834,0.0006245431652646109,0.002258602499805579,0.004257861626522417,0.0007985945452590838,0.0011370746154747368,9.661577881892837e-05,0.00029886613311744476,0.0005620111652482426,1.0132732889156002e-05,7.79835963777506e-06,0.06499393400363045
19.5,0.02202949474777431,0.0036182991634284814,0.010117784289909108,0.018837794707027577,0.0006240192568567441,0.0022388115664271208,0.004218735984465902,0.0007852779118499493,0.0011179404984467136,9.647323558233533e-05,0.0002962735743222104,0.0005568853545493384,9.963170073887557e-06,7.785997615995337e-06,0.06455553945832969
19.55,0.021962652136407912,0.0036179546149363497,0.01002617999438025,0.018660670039470542,0.0006235368365517181,0.002219168797324848,0.004179926221916938,0.0007721998675618129,0.0010991518318451134,9.63402236782437e-05,0.00029369946233318716,0.0005517993448082177,9.796631677147073e-06,7.774453738328167e-06,0.06412085045663062
19.6,0.02189591699115302,0.0036175654634823346,0.009935391974970613,0.018485188930566707,0.0006230937351571295,0.002199673848464447,0.004141431165691703,0.0007593558723343344,0.001080701997713741,9.621630611553903e-05,0.00029114378612348705,0.0005467530412981064,9.633067514967672e-06,7.763687565210118e-06,0.06368982986815133
19.650000000000002,0.021829289968888655,0.003617129556787951,0.009845413853028265,0.018311337778920217,0.0006226878470861399,0.0021803263540226105,0.0041032496064406145,0.0007467414768233375,0.0010625845111570116,9.610105845114843e-05,0.0002886065309403778,0.0005417463430009517,9.472439617342433e-06,7.753655633320712e-06,0.06326244098079795
19.700000000000003,0.02176277171884821,0.003616644831259944,0.009756239276625934,0.018139103051694035,0.0006223171289283779,0.0021611259271007255,0.004065380300022549,0.0007343523205181617,0.0010447930175617231,9.599406850640693e-05,0.00028608767841527846,0.0005367791428203761,9.314706035931928e-06,7.744318363644265e-06,0.0628386474867013
19.75,0.02169636288264598,0.0036161093099093653,0.009667861921024234,0.017968471285368905,0.0006219795980458843,0.002142072160423795,0.00402782196884785,0.0007221841298992315,0.0010273212898785594,9.589493608862389e-05,0.000283587206672011,0.0005318513277872558,9.159808868124319e-06,7.73564436209896e-06,0.062418413469821916
19.8,0.021630064094303965,0.003615521100306758,0.009580275489117586,0.01779942908646781,0.0006216733311938552,0.0021231646270247866,0.003990573303190621,0.0007102327166349556,0.0010101632259619932,9.580327271777019e-05,0.0002811050904335651,0.0005269627792587739,9.007676816558605e-06,7.727608518341958e-06,0.06200170340194735
19.85,0.021563875980278983,0.003614878392573048,0.009493473711863253,0.017631963132246863,0.0006213964631659348,0.002104402880914605,0.003953632962470794,0.0006984939758171023,0.0009933128459673176,9.571870135821389e-05,0.00027864130112737633,0.0005221133731116374,8.858240118891849e-06,7.720185699191906e-06,0.06158848214671321
19.900000000000002,0.02149779915949002,0.003614179457405729,0.009407450348693705,0.017466060171353104,0.0006211471854638019,0.0020857864577378585,0.003916999576506423,0.0006869638842337905,0.0009767642898035104,9.564085615543355e-05,0.00027619580698888855,0.0005173029799297889,8.711445216084746e-06,7.713345463558224e-06,0.061178714964441695
19.950000000000003,0.021431834243345858,0.0036134226441399404,0.00932219918791276,0.017301707024450132,0.0006209237449907906,0.0020673148754146225,0.0038806717467366964,0.0006756384986792808,0.0009605118146407162,9.556938217763541e-05,0.0002737685731631338,0.0005125314651868011,8.567256831518446e-06,7.707052116937052e-06,0.06077236750978682
20.0,0.021365981835772957,0.003612606378844023,0.009237714047075768,0.017138890584812206,0.0006207244427692822,0.002048987634768394,0.003844648047416146,0.0006645139542997553,0.0009445497924711292,9.550393516219323e-05,0.00027135956180421176,0.0005077986894233762,8.425645706674329e-06,7.701269786101548e-06,0.06036940582011222
20.05,0.021300242533243596,0.003611729162449146,0.009153988773354174,0.01697759781888746,0.000620547632681599,0.002030804220140415,0.0038089270267805085,0.0006535864629742957,0.0009288727077220989,9.544418126682307e-05,0.00026896873217277235,0.0005031045084208486,8.286572118676226e-06,7.695968122957123e-06,0.05996979630033538
20.1,0.021234616924804273,0.003610789568912591,0.009071017243884831,0.016817815766831088,0.0006203917202341309,0.0020127640999905846,0.0037735072081847456,0.0006428523117303042,0.0009134751549203234,9.538979682540277e-05,0.00026659604073172113,0.0004984487733719454,8.149978678152036e-06,7.691123996754897e-06,0.059573505713096865
20.150000000000002,0.02116910559210434,0.0036097862434142872,0.008988793366104298,0.016659531543008987,0.0006202551613444192,0.0019948667274851187,0.003738387091213642,0.0006323078611926013,0.0008983518364059974,9.534046810834957e-05,0.00026424144124027394,0.0004938313310499497,8.015798221339348e-06,7.686718013062684e-06,0.059180501178906664
20.200000000000003,0.02110370910942487,0.003608717900586178,0.008907311078068489,0.016502732336472644,0.0006201364611509218,0.001977111541071182,0.0037035651527654845,0.0006219495440654852,0.0008834975600958364,9.529589108747868e-05,0.00026190488484626026,0.0004892520239768768,7.883970366938834e-06,7.68272890103387e-06,0.058790750182879686
20.25,0.021038428043707785,0.003607583322774016,0.008826564348757988,0.01634740541140593,0.0006200341728451804,0.001959497965038668,0.0036690398481092706,0.0006117738636470334,0.0008689072372939123,9.52557712052764e-05,0.0002595863201763581,0.0004847106905905923,7.754453435907593e-06,7.679130326464285e-06,0.058404220579314374
20.3,0.020973262954585178,0.003606381358331167,0.008746547178369287,0.01619353810754433,0.0006199468965261083,0.0019420254100693233,0.003634809611915891,0.0006017773923749498,0.0008545758805492585,9.521982314853165e-05,0.000257285693423908,0.0004802071654103914,7.6272222558182876e-06,7.675892456849384e-06,0.058020880586960984
20.35,0.0209082143944089,0.0036051109199440193,0.008667253598592325,0.016041117840567505,0.0006198732780761166,0.0019246932737734203,0.003600872859263778,0.0005919567704032849,0.0008404986015592419,9.518777062627449e-05,0.0002550029484341278,0.00047574127920061473,7.502253602087757e-06,7.672986715817489e-06,0.05764069877516752
20.400000000000002,0.02084328290828034,0.003603770982988584,0.008588677672874535,0.015890132102465475,0.0006198120080587947,0.0019075009412141543,0.0035672279866194234,0.0005823087042093497,0.0008266706091176896,9.515934615197163e-05,0.00025273802678681004,0.0004713128591322082,7.379510700011821e-06,7.670389836778084e-06,0.057263644048436126
20.450000000000003,0.020778469034080434,0.0036023605839178726,0.008510813496671758,0.01574056846187934,0.000619761820637859,0.0018904477854199706,0.0035338733727932467,0.0005728299652301785,0.0008130872071068096,9.51342908299261e-05,0.0002504908678767696,0.0004669217289423968,7.258938821155707e-06,7.668084169794546e-06,0.0568896856383775
20.5,0.020713773302499867,0.003600878818679655,0.008433655197686287,0.015592414564416991,0.0006197214925170841,0.0018735331678850099,0.0035008073798712507,0.0005635173885278989,0.0007997437925319451,9.511235414582652e-05,0.0002482614089922875,0.00046256770909250405,7.14047531612076e-06,7.666054271355064e-06,0.05651879310643408
20.55,0.020649196237069505,0.0035993248411641757,0.0083571969360923,0.015445658132944419,0.0006196898419009299,0.0018567564390578565,0.003468028354122886,0.0005543678714833748,0.0007866358535982201,9.509329376139163e-05,0.0002460495853916087,0.0004582506169234445,7.024066362650274e-06,7.664282632206775e-06,0.05615093635250497
20.6,0.020584738354191022,0.003597697861681435,0.008281432904749041,0.015300286967853335,0.0006196657274755768,0.0018401169388187989,0.0034355346268856064,0.0005453783725175165,0.000773758967828167,9.507687531305868e-05,0.00024385533037735177,0.0004539702668078906,6.909677716517743e-06,7.662747821222968e-06,0.05578608562003654
20.650000000000002,0.02052040016316771,0.003595997145467619,0.008206357329401929,0.015156288947305504,0.0006196480474100825,0.0018236139969457694,0.0034033245154264902,0.0005365459098396421,0.00076110880021942,9.506287221467e-05,0.00024167857536862967,0.0004497264702979285,6.797291411586322e-06,7.661426184070363e-06,0.055424211490661054
20.700000000000003,0.020456182166235494,0.003594222011220286,0.008131964468871917,0.015013652027454487,0.0006196357383773717,0.0018072469335691686,0.003371396323781403,0.0005278675602223069,0.0007486811014416024,9.505106546411623e-05,0.0002395192499708337,0.00044551903626738034,6.686890930679501e-06,7.66029546177491e-06,0.05506528486926883
20.75,0.02039208485859414,0.0035923718296619,0.008058248615233377,0.014872364242645344,0.0006196277745947736,0.0017910150596157574,0.0033397483435721126,0.0005193404578020217,0.0007364717060715419,9.504124345389771e-05,0.00023737728204328856,0.0004413477710486221,6.5784458710246855e-06,7.659337480861711e-06,0.05470927696768867
20.8,0.020328108728438612,0.0035904460221313113,0.007985204093980723,0.014732413705592749,0.0006196231668838182,0.0017749176772418002,0.0033083788548017613,0.0005109617929052917,0.000724476530865967,9.503320178556352e-05,0.00023525259776517466,0.00043721247856426686,6.4719073447516284e-06,7.658538065524069e-06,0.054356159296367314
20.85,0.020264254256990664,0.0035884440592027964,0.00791282526418412,0.014593788607538263,0.0006196209617490079,0.0017589540802556596,0.0032772861266291576,0.0005027288108994345,0.000712691573070877,9.502674308798385e-05,0.00023314512170010513,0.0004331129604541794,6.367217355567436e-06,7.657884529211633e-06,0.05400590366764703
20.900000000000002,0.020200521918530553,0.003586365459332248,0.00784110651863443,0.01445647721838705,0.0006196202404752779,0.0017431235545300068,0.003246468418122247,0.0004946388110676317,0.0007011129087667685,9.502167683940592e-05,0.00023105477685954066,0.0004290490161979286,6.264325247127922e-06,7.657362838992223e-06,0.0536584822058292
20.950000000000003,0.02013691218042895,0.003584209787530132,0.007770042283977713,0.014320467886824754,0.0006196201182438616,0.0017274253784038474,0.0032159239789912083,0.0004866891455076965,0.0006897366912489546,9.501781919323945e-05,0.00022898148476498484,0.00042502044323234966,6.163199364019953e-06,7.656956556495797e-06,0.05331386735426821
21.0,0.02007342550317901,0.0035819766540608165,0.007699627020839534,0.014185749040414967,0.0006196197432662785,0.001711858823074538,0.0031856510503015653,0.0004788772180540495,0.0006785591494422145,9.501499280751585e-05,0.00022692516550879325,0.00042102703706376686,6.063825652502826e-06,7.656648053381575e-06,0.052972031871718936
21.05,0.02001006234042859,0.003579665713167885,0.007629855223939242,0.01405230918567777,0.0006196182959361621,0.0016964231529799703,0.003155647865167705,0.00047120048322240145,0.0006675765863490301,9.501302667796494e-05,0.00022488573781353916,0.00041706859137481835,5.966194282920008e-06,7.656420731318499e-06,0.05263294881774932
21.1,0.019946823139012644,0.0035772766618250482,0.0075607214221945955,0.013920136908149985,0.0006196149879986499,0.0016811176261711162,0.0031259126494272227,0.00046365644517666816,0.0006567853775307055,9.50117559746546e-05,0.0002228631190901363,0.000413144898126513,5.870283770563737e-06,7.656260463837014e-06,0.05229659153491235
21.150000000000002,0.019883708338985756,0.0035748092385122702,0.007492220178816823,0.013789220872427416,0.0006196090617370534,0.001665941494675088,0.0030964436222964426,0.00045624265671763236,0.0006461819696206445,9.501102188213907e-05,0.00022085722549513177,0.0004092557476566685,5.776053668556708e-06,7.656155354420555e-06,0.05196293363784604
21.200000000000003,0.01982071837365482,0.00357226322201673,0.007424346091396452,0.013659549822189731,0.0006195997891765358,0.0016508940048489066,0.003067238997007524,0.0004489567182928988,0.0006357628788691166,9.501067144306058e-05,0.00021886797198760282,0.0004054009287758904,5.683450788604974e-06,7.656094273512913e-06,0.05163194901472139
21.25,0.019757853669611875,0.003569638430258241,0.007357093791980092,0.01353111258020839,0.0006195864713045185,0.001635974397724144,0.0030382969814275215,0.0004417962770276849,0.0006255246897188254,9.501055740514658e-05,0.00021689527238587968,0.0004015802288617098,5.5924245470951585e-06,7.656065494670726e-06,0.05130361183795581
21.3,0.01969511464676705,0.003566934719138749,0.007290457947138385,0.013403898048338036,0.0006195684373075458,0.0016211819093426055,0.003009615778659756,0.00043475902577599934,0.0006154640534106193,9.501053807154236e-05,0.0002149390394240081,0.0003977934339507839,5.502940918641846e-06,7.656056517440224e-06,0.050977896574761164
21.35,0.019632501718381684,0.0035641519814155454,0.007224433258025408,0.013277895207491954,0.0006195450438243364,0.0016065157710832357,0.002981193587627894,0.000427842702191779,0.0006055776866187011,9.501047715441643e-05,0.00021299918480766105,0.0003940403288286664,5.414985596322921e-06,7.65605503070319e-06,0.05065477798807831
21.400000000000002,0.01957001529110155,0.0035612901455978193,0.007159014460429646,0.01315309311760184,0.0006195156742147528,0.0015919752099803957,0.002953028603643054,0.00042104508781954465,0.000595862370114685,9.50102436317763e-05,0.0002110756192692225,0.000390320697116821,5.3285543391800154e-06,7.656049949452897e-06,0.050334231124809746
21.450000000000003,0.01950765576499019,0.003558349174866186,0.0070941963248168285,0.01302948091756248,0.0006194797378444213,0.001577559449033692,0.002925119018954319,0.0004143640072041612,0.0005863149474598817,9.500971160743393e-05,0.00020916825262198415,0.00038663432135717114,5.243637045231e-06,7.65603150058399e-06,0.05001623129686456
21.5,0.019445423533562434,0.0035553290660148285,0.007029973656364806,0.012907047825161692,0.0006194366693847402,0.0015632677075095112,0.0028974630232830017,0.00040779732701928714,0.0005769323237251958,9.500876017406185e-05,0.0002072769938136289,0.00038298098309506943,5.160206121782602e-06,7.65599029539061e-06,0.04970075406552543
21.55,0.019383318983817933,0.0035522298484158945,0.006966341294990654,0.012785783136995939,0.0006193859281280119,0.0015490992012344219,0.0028700588043409888,0.0004013429552141052,0.0005677114642380257,9.500727327928331e-05,0.00020540175097924103,0.00037936046296170253,5.0782167046278974e-06,7.65591624658767e-06,0.04938777523754742
21.6,0.019321342496274933,0.0035490515830057913,0.00690329411537027,0.01266567622837214,0.0006193269973174414,0.0015350531428806147,0.002842904548333537,0.00039499884017794634,0.0005586493933555886,9.500513959473951e-05,0.0002035424314939019,0.0003757725407564813,4.997618417427254e-06,7.655798360739992e-06,0.049077270873711554
21.650000000000002,0.019259494445004043,0.0035457943612930264,0.006840827026950573,0.012546716553195905,0.0006192593834917435,0.0015211287422435176,0.0028159984404468124,0.00038876296992241036,0.000549743193264082,9.500225238807589e-05,0.00020169894202458873,0.00037221699552916066,4.918370939104889e-06,7.655625801684262e-06,0.04876921730249473
21.700000000000003,0.019197775197662182,0.0035424583043872438,0.006778934973954577,0.012428893643846747,0.0006191826158441032,0.0015073252065117583,0.0027893386653205367,0.00038263337128061287,0.0005409900028031285,9.499850939778794e-05,0.00019987118858081124,0.0003686936056608123,4.840453372440428e-06,7.655389559018799e-06,0.04846359112818175
21.75,0.019136185115526602,0.0035390435620491116,0.006717612935379489,0.012312197111040575,0.0006190962455952392,0.001493641740529622,0.0027629234075060476,0.00037660810912318885,0.0005323870163149566,9.4993812710866e-05,0.00019805907656336933,0.00036520214894269446,4.763861533806007e-06,7.65508333410389e-06,0.04816036922614968
21.8,0.01907472455352899,0.0035355503117607177,0.006656855924988008,0.012196616643679858,0.0006189998453803203,0.0014800775470521508,0.002736750851910094,0.00037068528559069285,0.0005239314825177823,9.498806864317942e-05,0.00019626251081083457,0.0003617424026525744,4.688595015765721e-06,7.654702641486713e-06,0.04785952872617246
21.85,0.019013393860289718,0.0035319787578161344,0.006596658991293081,0.012082142008691924,0.0006188930086494873,0.0014666318269930495,0.0027108191842247016,0.0003648630393420522,0.000515620703402881,9.498118762254257e-05,0.00019448139564371943,0.0003583141436288161,4.6146422555773185e-06,7.65424249112746e-06,0.047561046992344806
21.900000000000002,0.018952193378152123,0.0035283291304318174,0.006537017217536192,0.011968763050855603,0.0006187753490817386,0.001453303779665527,0.002685126591343386,0.0003591395448187249,0.0005074520331548352,9.497308407440888e-05,0.000192715634906566,0.0003549171483430363,4.541972920189914e-06,7.65369522859475e-06,0.047264901610512756
21.950000000000003,0.018891123443216903,0.0035246016848765067,0.006477925721659448,0.011856469692616703,0.0006186465000119363,0.0014400926030162322,0.00265967126176405,0.0003535130115242354,0.0004994228770944729,9.496367631014057e-05,0.00019096513200821886,0.00035155119297206787,4.470542187894005e-06,7.653050160575459e-06,0.046971070389419375
22.0,0.018830184385376605,0.0035207967006202993,0.006419379656271594,0.011745251933892635,0.0006185061138706964,0.0014269974938524257,0.0026344513859788516,0.0003479816833187612,0.000491530690644011,9.495288641780333e-05,0.00018922978996032834,0.0003482160534693483,4.400304118207581e-06,7.652295502153548e-06,0.046679531373293705
22.05,0.01876937652835015,0.0035169144805025734,0.0063613742086081225,0.011635099851866474,0.0006183538616369255,0.001414017648062522,0.002609465156851339,0.0003425438377284485,0.00048377297831393034,9.494064015543349e-05,0.0001875095114138371,0.0003449115056350628,4.331225858020973e-06,7.651421672811253e-06,0.04639026285665565
22.1,0.018708700189717486,0.00351295534991844,0.006303904600485703,0.011526003600770936,0.0006181894323027741,0.0014011522608301597,0.002584710769981159,0.0003371977852691509,0.00047614729271112585,9.492686684672413e-05,0.00018580419869304997,0.0003416373251838681,4.263294110992897e-06,7.650423884076866e-06,0.046103243390705644
22.150000000000002,0.01864815568095428,0.0035089196560234032,0.006246966088251007,0.011417953411662424,0.0006180125323507738,0.0013884005268419135,0.002560186424056603,0.0003319418687842744,0.00046865123356786356,9.491149927907555e-05,0.000184113753827001,0.00033839328780909544,4.196510102378442e-06,7.649302079509282e-06,0.0458184517755896
22.200000000000003,0.018587743307466677,0.0035048077669559185,0.006190553962724164,0.011310939592185607,0.0006178228852429347,0.001375761640488804,0.002535890321195285,0.00032677446279643366,0.0004612824467911067,9.489447360395765e-05,0.00018243807857819028,0.00033517916924296855,4.130876192265118e-06,7.648057847762034e-06,0.04553586704131207
22.25,0.01852746336862614,0.0035006200710775374,0.006134663549136973,0.011204952526328782,0.0006176202309215764,0.0013632347960617266,0.002511820667273231,0.0003216939728726193,0.00045403862353176564,9.48757292395354e-05,0.00018077707446916816,0.0003319947453132219,4.066382174603456e-06,7.646690022764031e-06,0.045255468427049646
22.3,0.01846731615780432,0.003496356976230331,0.006079290207066017,0.011099982674170328,0.0006174043253216735,0.0013508191879409333,0.0024879756722426317,0.0003166988350025828,0.0004469174992734351,9.485520877551471e-05,0.00017913064280768645,0.00032883979199713377,4.002999307623007e-06,7.645191741445506e-06,0.044977235369681665
22.35,0.01840730196240802,0.003492018909011291,0.006024429330360885,0.010996020571616642,0.0006171749398944968,0.0013385140107797047,0.002464353550438553,0.00031178751499015854,0.00043991685294020256,9.483285788017077e-05,0.00017749868471108907,0.00032571408547407064,3.9406854159685275e-06,7.643550952564976e-06,0.04470114750687381
22.400000000000002,0.018347421063914193,0.00348760631406341,0.005970076347067573,0.010893056830131706,0.0006169318611423355,0.0013263184596823236,0.002440952520874834,0.00030695850785723486,0.0004330345060230997,9.480862520952455e-05,0.00017588110113031137,0.00032261740217709873,3.879397927683717e-06,7.641754350066546e-06,0.04442718469155139
22.450000000000003,0.018287673737904988,0.0034831196533831412,0.00591622671934727,0.01079108213645872,0.0006166748901640877,0.001314231730376487,0.002417770807529444,0.0003022103372601054,0.0004262683217247982,9.478246231863303e-05,0.0001742777928734862,0.0003195495188433429,3.81910724757613e-06,7.639792661594066e-06,0.04415532700809369
22.5,0.018228060254102844,0.0034785594056439507,0.005862875943390657,0.010690087252334,0.0006164038422115111,0.0013022530193802758,0.0023948066396195524,0.00029754155491793177,0.00041961620412214994,9.47543235749571e-05,0.00017268866062890843,0.00031651021256198087,3.759802856692475e-06,7.637664208903288e-06,0.0438855547795543
22.55,0.01816858087640562,0.003473926065535671,0.005810019549327832,0.010590063014193435,0.0006161185462559265,0.0012903815241637965,0.002372058251866535,0.00029295074005305475,0.0004130760973461828,9.472416607376873e-05,0.00017111360498712133,0.00031349926081850955,3.7014887949477992e-06,7.635374343629427e-06,0.04361784856016604
22.6,0.01810923586292178,0.003469220143119374,0.005757653101134061,0.010491000332871848,0.0006158188445651716,0.00127861644330563,0.002349523884751193,0.0002884364988429052,0.00040664598477918265,9.469194955555813e-05,0.00016955252646213791,0.0003105164415344161,3.6441712158975683e-06,7.63293066936358e-06,0.04335218911572854
22.650000000000002,0.01805002546600562,0.003464442163197478,0.0057057721965314175,0.010392890193295404,0.0006155045922906044,0.0012669569766441823,0.002327201784759385,0.00028399746388326104,0.0004003238882684875,9.465763632540376e-05,0.00016800532551213918,0.0003075615331024542,3.587845079093094e-06,7.630336617033984e-06,0.04308855740151196
22.700000000000003,0.01799094993229249,0.003459592664698818,0.005654372466886495,0.010295723654167416,0.0006151756570639587,0.0012554023254240675,0.002305090204618329,0.0002796322936626148,0.00039410786735664277,9.462119117427216e-05,0.00016647190256022476,0.0003046343144188975,3.532487355018188e-06,7.627587126138919e-06,0.04282693454880539
22.75,0.017932009502734082,0.0034546722000784007,0.005603449577104302,0.010199491847647804,0.0006148319186038573,0.0012439516924376331,0.0022831874035237907,0.0002753396720474148,0.0003879960185275718,9.458258130221906e-05,0.00016495215801577378,0.000301734564914775,3.4780603399946657e-06,7.624669064818472e-06,0.04256730186634244
22.8,0.017873204412633723,0.003449681334731572,0.005552999225518451,0.010104185979026375,0.0006144732683317901,0.00123260428216173,0.0022614916473583865,0.00027111830777794954,0.0003819864744684173,9.4541776243466e-05,0.0001634459922966966,0.0002988620645877788,3.4245230719089006e-06,7.621566390364319e-06,0.04230964085459861
22.85,0.017814534891681715,0.003444620646422343,0.005503017143777819,0.010009797326390318,0.0006140996089973707,0.0012213593008898538,0.0022400012089012324,0.0002669669339746567,0.00037607740334673324,9.449874779332595e-05,0.00016195330585242843,0.0002960165940353268,3.3718445288714874e-06,7.618267450045023e-06,0.04205393322404203
22.900000000000002,0.01775600116399067,0.003439490724725597,0.0054534990967297385,0.009916317240285978,0.000613710854312682,0.001210215956859746,0.0022187143680291316,0.00026288430765462905,0.0003702670081026903,9.445346993694642e-05,0.000160473999187114,0.0002931979344877109,3.3200115083041655e-06,7.614770502955195e-06,0.04180016090631389
22.950000000000003,0.017697603448130865,0.003434292170482927,0.005404440882299867,0.009823737143375274,0.000613306928595531,0.0011991734603765717,0.0021976294119095386,0.0002588692092581075,0.00036455352575598437,9.440591877983261e-05,0.00015900797288225532,0.00029040586783924213,3.269027079304025e-06,7.611084202374332e-06,0.04154830605096768
23.0,0.017639341957165634,0.0034290255952718457,0.0053558383313688646,0.009732048530086943,0.0006128877664214301,0.0011882310239317792,0.002176744635185496,0.0002549204421847467,0.000358935226727132,9.435607248010661e-05,0.0001575551276182275,0.0002876401766754681,3.2189005886343305e-06,7.607222356329252e-06,0.041298351008062645
23.05,0.01758121689868673,0.003423691620888116,0.0053076873076459575,0.009641242966262788,0.0006124533122841285,0.0011773878623177322,0.0021560583401527486,0.00025103683233944417,0.00035341041417284085,9.430391118245671e-05,0.00015611536419447687,0.0002849006442959691,3.1696346403303267e-06,7.6031955519116175e-06,0.04105027830461563
23.1,0.01752322847484974,0.0034182908788409575,0.005259983707539554,0.009551312088799276,0.000612003520264518,0.0011666431927382333,0.0021355688369292516,0.00024721722768752995,0.00034797742333515856,9.424941695373197e-05,0.000154688583548729,0.00028218705473428903,3.12121592645162e-06,7.599004178028275e-06,0.040804070626325455
23.150000000000002,0.017465376882409477,0.003412824009860877,0.005212723460024959,0.009462247605284543,0.0006115383537077428,0.0011559962349150176,0.0021152744436172483,0.00024346049781911197,0.00034263462090409124,9.4192573720142e-05,0.00015327468677589707,0.0002794991927780966,3.073614587841401e-06,7.5946367160444064e-06,0.04055971081312109
23.200000000000003,0.017407662312755364,0.003407291663419887,0.005165902526509337,0.009374041293631117,0.0006110577849083426,0.0011454462111903268,0.002095173486458126,0.00023976553352238176,0.00033738040439340654,9.413336720602752e-05,0.00015187357514740704,0.00027683684399276915,3.026792237604714e-06,7.5900743677614854e-06,0.04031718186973986
23.25,0.017350084951946863,0.0034016944972638744,0.00511951690069402,0.009286685001704547,0.000610561794803263,0.0011349923466256536,0.0020752642999802367,0.00023613124636568612,0.0003322132015293305,9.407178487417017e-05,0.0001504851501312747,0.0002741997947499815,2.9807143588978925e-06,7.5852998291709035e-06,0.040076466984856965
23.3,0.01729264498074883,0.0033960331769568807,0.005073562608434245,0.00920017064694807,0.0006100503726725705,0.0011246338690967454,0.002055545227139858,0.00023255656828817452,0.0003271314696518567,9.400781586760935e-05,0.00014910931341264002,0.0002715878322602788,2.935360708174539e-06,7.5803058690333495e-06,0.03983754954805495
23.35,0.01723534257466693,0.0033903083754370698,0.005028035707596459,0.009114490216003643,0.0006095235158477093,0.0011143700093849713,0.0020360146194554956,0.00022904045119884143,0.0003221336951284005,9.394145095292996e-05,0.0001477459669138914,0.00026900074460634634,2.8907285279950735e-06,7.575099242545885e-06,0.03960041315496323
23.400000000000002,0.01717817790398301,0.003384520772584148,0.004982932287913242,0.009029635764329377,0.0006089812294271435,0.0011042000012651233,0.002016670837135679,0.0002255818665837791,0.0003172183927795246,9.387268246497964e-05,0.00014639501281331205,0.00026643832077300736,2.8468270932104935e-06,7.5696975829267265e-06,0.03936504159672847
23.450000000000003,0.017121151133790452,0.003378671054798018,0.004938248470835978,0.00894559941581366,0.0006084235259992282,0.001094123081589754,0.0019975122492004397,0.00022217980512147006,0.0003123841053164843,9.3801504252971e-05,0.00014505635356153632,0.0002639003506713788,2.803666468723841e-06,7.564120499956068e-06,0.03913141883792005
23.5,0.01706426242402954,0.0033727599145884435,0.0048939804093853624,0.008862373362386117,0.0006078504253721567,0.0010841384903701298,0.001978537233596638,0.00021883327630594824,0.0003076294027903396,9.37279116279265e-05,0.00014372989189589253,0.00026138662515744454,2.7612461675720782e-06,7.55837931008185e-06,0.03889952899298358
23.55,0.017007511929522764,0.0033667880501755077,0.004850124287999811,0.008779949863625559,0.0006072619543108336,0.00107424547085388,0.00195974417730729,0.0002155413080776626,0.00030295288205238924,9.365190131143036e-05,0.00014241553085357874,0.0002588969360481398,2.7195492922455566e-06,7.552470679473846e-06,0.038669356312110575
23.6,0.016950899800010154,0.003360756165100653,0.004806676322381917,0.00869832124636516,0.0006066581462805263,0.0010644432695994363,0.001941131476455085,0.0002123029464618857,0.0002983531662256937,9.357347138566182e-05,0.00014111317378510865,0.00025643107613935334,2.678544884740121e-06,7.546377467430423e-06,0.0384408851825428
23.650000000000002,0.016894426180184555,0.003354664967848088,0.0047636327593429725,0.008617479904294947,0.0006060390411971492,0.0010547311365473276,0.0019226975364002139,0.0002091172552145052,0.00029382890418745055,9.34926212446938e-05,0.00013982272436925764,0.00025398883922925794,2.6381971469377485e-06,7.540076472306823e-06,0.038214100143679666
23.700000000000003,0.016838091209726895,0.003348515171476355,0.004720989876645694,0.00853741829756182,0.0006054046851840391,0.0010451083250884196,0.0019044407718326912,0.00020598331547504818,0.00028937877006199927,9.340935154704594e-05,0.00013854408662986964,0.0002515700201474808,2.598476948047836e-06,7.533549493106368e-06,0.037988985907818504
23.75,0.016781895023341414,0.003342307493259859,0.004678743982845214,0.008458128952367245,0.0006047551303350806,0.001035574092129173,0.001886359606859312,0.00020290022542678629,0.00028500146272423144,9.332366416948096e-05,0.00013727716495372396,0.00024917441478719044,2.5593700917650495e-06,7.526792497606695e-06,0.03776552737578808
23.8,0.016725837750790853,0.0033360426543401467,0.004636891417128415,0.008379604460562746,0.0006040904344840444,0.001026127698153994,0.0018684524750853836,0.0001998670999637718,0.00028069570531318743,9.323556216202721e-05,0.00013602186410778986,0.0002468018201349202,2.5208784914459983e-06,7.519818356426522e-06,0.03754370963907516
23.85,0.01666991951693164,0.0033297213793867515,0.004595428549151708,0.008301837479243445,0.0006034106609800034,0.0010167684072847592,0.0018507178196914005,0.00019688307036466252,0.0002764602447556274,9.314504970420381e-05,0.00013477808925409018,0.0002444520342930319,2.483013831695101e-06,7.512651469619651e-06,0.037323517966342645
23.900000000000002,0.016614140441749015,0.0033233443962673937,0.004554351778877307,0.008224820730339645,0.000602715878468694,0.0010074954873375778,0.001833154093504776,0.000193947283973187,0.0002722938512993589,9.305213206241952e-05,0.00013354574596116328,0.00024212485649219396,2.445786837831643e-06,7.505316574903345e-06,0.037104937779745474
23.950000000000003,0.016558500640392115,0.0033169124357273587,0.00451365753640809,0.008148547000206742,0.000602006160679691,0.0009983082098768696,0.001815759759066792,0.00019105890388511237,0.00026819531805611654,9.295681554851789e-05,0.00013232474021243295,0.00023982008709505203,2.409197256599673e-06,7.497827057143313e-06,0.036887954631468635
24.0,0.016503000223209035,0.0033104262310778565,0.004473342281821119,0.008073009139213513,0.0006012815862192699,0.0009892058502668285,0.0017985332886948958,0.00018821710864157435,0.0002641634605537864,9.285910747944685e-05,0.0001311149784130294,0.00023753752759566,2.373229173189023e-06,7.490178409198536e-06,0.036672554190768404
24.05,0.016447639295781823,0.0033038865178931765,0.004433402504999883,0.007998200061328946,0.0006005422383688294,0.0009801876877203347,0.0017814731645404743,0.00018542109192863271,0.0002601971162977734,9.275901613804008e-05,0.00012991636739712796,0.0002352769806206735,2.3378536746762846e-06,7.482349974088241e-06,0.03645872224666447
24.1,0.01639241795896146,0.003297294033716463,0.004393834725465362,0.007924112743707783,0.0005997882048887512,0.0009712530053453954,0.001764577878642253,0.00018267006228292178,0.0002562951443413167,9.26565507349045e-05,0.0001287288144373905,0.00023303824993706584,2.3030374548402647e-06,7.474314217807739e-06,0.03624644472413371
24.150000000000002,0.01633733630890277,0.003290649517773921,0.004354635492205937,0.007850740226274827,0.0005990195778275762,0.0009624010901891661,0.001747845932975425,0.00017996324280326187,0.00025245642486455773,9.255172137140918e-05,0.0001275522272567881,0.00023082114046767374,2.2687533332805604e-06,7.466049441033142e-06,0.03603570770568761
24.200000000000003,0.01628239443709927,0.0032839537106972854,0.0043158013835062495,0.007778075611308193,0.0005982364533363765,0.000953631233279626,0.0017312758394966573,0.00017729987086810843,0.0002486798587621758,9.244453900376446e-05,0.0001263865140415592,0.0002286254583117045,2.2349879408576993e-06,7.457550301266462e-06,0.03582649744795308
24.25,0.016227592430418002,0.003277207354254373,0.004277329006775064,0.007706112063021622,0.0005974389314882097,0.0009449427296649699,0.0017148661201850852,0.0001746791978587148,0.0002449643672394103,9.233501540816742e-05,0.00012523158345303134,0.00022645101076427295,2.20174321354302e-06,7.44883129417056e-06,0.03561880038503864
24.3,0.016172930371134268,0.0032704111910875503,0.004239214998372183,0.007634842807145937,0.0005966271161025373,0.0009363348784507743,0.0016986153070794145,0.00017210048888788803,0.0002413088914162909,9.2223163146976e-05,0.00012408734463601915,0.00022429760632855907,2.1690311556114976e-06,7.439921298302646e-06,0.03541260311624231
24.35,0.01611840833696635,0.0032635659644599494,0.004201456023434522,0.007564261130509832,0.0005958011145744971,0.0009278069828350079,0.0016825219423112633,0.0001695630225342251,0.0002377123919399099,9.210899553586431e-05,0.0001229537072225586,0.0002221650547166862,2.1368643252888754e-06,7.430851371029152e-06,0.03520789238273699
24.400000000000002,0.01606402640111015,0.0032566724180092643,0.004164048775701338,0.007494360380620015,0.0005949610377089194,0.0009193583501409333,0.0016665845781348345,0.00016706609058171257,0.0002341738486045651,9.199252661190976e-05,0.0001218305813314113,0.00022005316684001598,2.1052463222425766e-06,7.421641255640469e-06,0.035004655042972954
24.450000000000003,0.01600978463227375,0.0032497312955089694,0.004126989977338732,0.007425133965240878,0.0005941069995589773,0.0009109882918479672,0.0016508017769530472,0.000164608997764583,0.00023069225997961626,9.187377110256943e-05,0.00012071787756536089,0.00021796175479435958,2.0741664271269286e-06,7.412290727604758e-06,0.03480287805708354
24.5,0.01595568309471195,0.0032427433406367946,0.004090276378763448,0.007356575351973785,0.0005932391172693668,0.0009026961236205526,0.00163517211134023,0.0001621910615173198,0.0002272666430448961,9.175274439551433e-05,0.00011961550700912141,0.00021589063184846078,2.043600596149825e-06,7.40277963397501e-06,0.03460254848636155
24.55,0.015901721848260702,0.003235709296750307,0.004053904758466031,0.007288678067836052,0.0005923575109239119,0.0008944811653350955,0.0016196941640614752,0.00015981161172970432,0.00022389603283351963,9.162946250930097e-05,0.00011852338123032527,0.00021383961244356687,2.013518200295661e-06,7.393076585429053e-06,0.034403653507165725
24.6,0.015847900948371515,0.0032286299066694416,0.0040178719228334235,0.007221435698839788,0.0005914623033974928,0.0008863427411050276,0.001604366528088772,0.00015746999050680497,0.00022057948208194505,9.150394206486444e-05,0.00011744141228466587,0.0002118085122079111,1.9838914918222186e-06,7.383152638243101e-06,0.0342061804325817
24.650000000000002,0.01579422044614575,0.0032215059124658307,0.003982174705971007,0.007154841889570611,0.0005905536202121986,0.0008782801793040384,0.0015891878066139993,0.00015516555193380294,0.0002173160608871299,9.137620025781249e-05,0.0001163695127243861,0.00020979714798395862,1.95470374789025e-06,7.3729942931408666e-06,0.03401011673211156
24.700000000000003,0.01574068038836887,0.00321433805525878,0.003946809969524187,0.007088890342766385,0.000589631589397604,0.000870292812587534,0.0015741566130588881,0.0001528976618455568,0.00021410485637063983,9.124625483148904e-05,0.00011530759560770492,0.00020780533786081588,1.925952713686386e-06,7.362610312561724e-06,0.03381545004050471
24.75,0.015687280817544627,0.003207127075017751,0.003911774602499544,0.0070235748188960685,0.0005886963413550774,0.0008623799779123727,0.001559271571082047,0.00015066569760080654,0.0002109449723495621,9.111412405076229e-05,0.0001142555745061341,0.00020583290120168368,1.8976480074062754e-06,7.352029231864042e-06,0.03362216815125569
24.8,0.015634021771929112,0.0031998737103712013,0.003877065521085598,0.0069588891357387226,0.0005877480087260233,0.000854541016554922,0.0015445313145831347,0.0001484690478609186,0.00020783552901407847,9.097982667648392e-05,0.0001132133635072772,0.00020387965865793794,1.86980369220121e-06,7.34128832662456e-06,0.033430258996724235
24.85,0.015580903285564825,0.003192578698421646,0.0038426796684732766,0.006894827167962843,0.0005867867262639688,0.0008467752741274945,0.001529934487704289,0.00014630711237307854,0.0002047756626115599,9.084338194056857e-05,0.00011218087721243308,0.0002019454321668311,1.8424292027475334e-06,7.330418613291937e-06,0.033239710622638856
24.900000000000002,0.01552792538831459,0.0031852427745667966,0.003808614014676065,0.006831382846706009,0.0005858126307104039,0.0008390821005931987,0.0015154797448288786,0.00014417930175783406,0.00020176452513703848,9.070480952165547e-05,0.00011115803073049083,0.00020003004493673117,1.8155224094495427e-06,7.319432298098959e-06,0.03305051116718724
24.950000000000003,0.015475088105895408,0.003177866672326644,0.0037748655563499428,0.00676855015915499,0.0005848258606742853,0.0008314608502792594,0.0015011657505776808,0.00014208503730089877,0.00019880128402992406,9.056412952133617e-05,0.0001101447396713369,0.00019813332142933025,1.789067598672252e-06,7.308317975201703e-06,0.03286264885278491
25.0,0.015422391459912251,0.0031704511231763553,0.003741431316613121,0.006706323148126381,0.0005838265565151192,0.00082391088188885,0.001486991179802566,0.00014002375074912622,0.00019588512187683184,9.042136244095411e-05,0.00010914092014252487,0.00019625508734990208,1.7630390389362347e-06,7.2970454838335004e-06,0.032676111993116756
25.05,0.015369835467891729,0.003162996856384844,0.0037083083448656248,0.006644695911647803,0.0005828148602295368,0.0008164315585114779,0.0014729547175777661,0.00013799488411056577,0.0001930152361203902,9.02765291589975e-05,0.00010814648875197118,0.00019439516965361346,1.7374085365813055e-06,7.28557839553918e-06,0.032490889011836444
25.1,0.015317420143315726,0.0031555045988588986,0.0036754937166087894,0.006583662602539825,0.000581790915341279,0.0008090222476319758,0.001459055059188824,0.0001359978894585181,0.00019019083877390707,9.012965090911013e-05,0.00010716136261721727,0.00019255339656921872,1.712153872701483e-06,7.273889208759888e-06,0.032306968464894746
25.150000000000002,0.015265145495654898,0.0031479750749927268,0.003642984533264667,0.00652321742799858,0.0005807548667945104,0.0008016823211381297,0.0014452909101192858,0.00013403222873950463,0.00018741115614176904,8.998074925873503e-05,0.0001061854593791645,0.0001907295976338335,1.6872647732530616e-06,7.261971318255449e-06,0.03212433905720731
25.200000000000003,0.015213011530402113,0.003140409006522805,0.0036107779219954183,0.006463354649179219,0.0005797068608503796,0.000794411155326994,0.0014316609860352259,0.00013209737358507322,0.00018467542854545843,8.982984608838934e-05,0.00010521869721621238,0.00018892360372703057,1.6627441249741067e-06,7.249842936093573e-06,0.031942989646535386
25.25,0.015161018249105786,0.0031328071123879037,0.0035788710355227175,0.0064040685807802405,0.0005786470449867514,0.0007872081309099299,0.001418164012767679,0.00013019280512736162,0.00018198291005507282,8.967696357155066e-05,0.00010426099485427289,0.0001871352470915092,1.6386040619356805e-06,7.2375411463870455e-06,0.031762909232369095
25.3,0.015109165649403119,0.003125170108594169,0.003547261051947194,0.006345353590628743,0.0005775755678010295,0.0007800726330164076,0.0014047987262930473,0.00012831801381834194,0.00017933286822623468,8.95221241551262e-05,0.00010331227156948991,0.00018536436133164623,1.6148585594702804e-06,7.225108248334568e-06,0.03158408693359235
25.35,0.015057453725053268,0.003117498708085149,0.0035159451745679807,0.006287204099266727,0.0005764925789159993,0.000773004051196615,0.0013915638727115692,0.00012647249925267415,0.00017672458384228486,8.93653505404792e-05,0.00010237244718321785,0.00018361078138893488,1.5915155039116897e-06,7.212575822437474e-06,0.031406511963331246
25.400000000000002,0.01500588246597039,0.003109793620616642,0.0034849206317023635,0.006229614579538427,0.0005753982288886132,0.0007660017794229032,0.0013784582082239025,0.00012465576999409278,0.00017415735066164884,8.920666566500211e-05,0.00010144144205186308,0.00018187434350179502,1.5685713236334862e-06,7.19995293148552e-06,0.031230173610492774
25.450000000000003,0.014954451858256609,0.003102055552636258,0.0034541846765055928,0.006172579556178784,0.0005742926691216488,0.000759065216090112,0.001365480499105903,0.0001228673434052573,0.00017163047517027287,8.904609268424839e-05,0.00010051917705634851,0.00018015488516326758,1.5460101600689937e-06,7.187223069083036e-06,0.031055061234603453
25.5,0.014903161884234871,0.0030942852071675826,0.003423734586790887,0.006116093605403105,0.0005731760517781679,0.0007521937640148093,0.00135262952168166,0.00012110674548099427,0.000169143276339025,8.888365495465412e-05,9.960557359630565e-05,0.00017845224509125752,1.523807745521851e-06,7.174350890072074e-06,0.030881164275168918
25.55,0.014852012522481703,0.003086483283698828,0.0033935676648496416,0.006060151354497945,0.0005720485296987081,0.0007453868304334758,0.0013399040622948516,0.00011937351068486112,0.00016669508538595627,8.871937601689029e-05,9.870055359241972e-05,0.00017676626322160922,1.501938383278456e-06,7.161296072550838e-06,0.030708472271312716
25.6,0.014801003747859889,0.0030786504780758784,0.0033636812372719134,0.006004747481413311,0.0005709102563211397,0.0007386438269996786,0.0013273029172784897,0.00011766718178896378,0.00016428524554332272,8.855327957988063e-05,9.780403949724213e-05,0.00017509678072579184,1.4803823421242626e-06,7.1480291829258385e-06,0.03053697488388055
25.650000000000002,0.01475013553155101,0.003070787482399607,0.0033340726547671632,0.005949876714356179,0.0005697613856031199,0.0007319641697802542,0.0013148248929231042,0.00011598730971695746,0.00016191311182926375,8.838538950549887e-05,9.691595431140775e-05,0.00017344364004536167,1.459130923934883e-06,7.134543743336196e-06,0.0303666619114562
25.700000000000003,0.014699407841087912,0.003062894984927375,0.0033047392919853223,0.005895533831385417,0.000568602071947082,0.000725347279250543,0.0013024688054434333,0.00011433345339016541,0.00015957805082403935,8.821572979393014e-05,9.603622159986145e-05,0.00017180668492827568,1.438187397207434e-06,7.120859951094519e-06,0.030197523293911663
25.75,0.014648820640387042,0.003054973669978608,0.0032756785473381953,0.0058417136600081455,0.0005674324701276944,0.0007187925802887026,0.0012902334809436746,0.0001127051795767488,0.00015727944045072827,8.804432456965174e-05,9.51647655023294e-05,0.00017018576045038178,1.4175635415718724e-06,7.107018429917651e-06,0.030029549101593396
25.8,0.014598373889780688,0.003047024217844347,0.0032468878428212208,0.0057884110767775715,0.0005662527352217284,0.0007122995021691289,0.001278117755381349,0.00011110206274386267,0.00015501666976029037,8.78711980679693e-05,9.43015107340718e-05,0.00016858071300997606,1.3972731698713546e-06,7.093066165049216e-06,0.02986272951364712
25.85,0.014548067546049124,0.0030390473047006827,0.0032183646238356455,0.005735621006892384,0.0005650630225402741,0.0007058674785550222,0.0012661204745298422,0.00010952368491273692,0.00015278913872090267,8.76963746220411e-05,9.344638257632273e-05,0.0001669913902927992,1.3773250818018164e-06,7.079039899381676e-06,0.029697054793208957
25.900000000000002,0.014497901562452625,0.003031043602525976,0.003190106359011099,0.005683338423797687,0.000563863487563245,0.000699495947490118,0.0012542404939396609,0.00010796963551661872,0.0001505962580114758,8.751987865033649e-05,9.259930685956311e-05,0.00016541764121589264,1.3577180314564237e-06,7.064953280460068e-06,0.02953251526834622
25.950000000000003,0.01444787588876338,0.003023013779021768,0.003162110540028619,0.005631558348787559,0.0005626542858761133,0.0006931843513896173,0.001242476678898469,0.000106439511261519,0.0001484374488192659,8.734173464450104e-05,9.1760209945541e-05,0.0001638593158672601,1.3384394590881872e-06,7.050792480404597e-06,0.029369101325243105
26.0,0.014397990471297296,0.0030149584975372934,0.0031343746814441495,0.005580275850609275,0.000561435573108819,0.0006869321370303434,0.001230827904389948,0.00010493291598970493,0.00014631214264149676,8.716196715762982e-05,9.092901871470097e-05,0.00016231626546094424,1.3194683138584352e-06,7.036521699771992e-06,0.029206803415395236
26.05,0.014348245252945677,0.0030068784169975035,0.003106896320512516,0.005529486045069187,0.0005602075048767987,0.0006807387555401494,0.001219293055051528,0.00010344946054588216,0.00014421978109090976,8.698060079297255e-05,9.010566056406449e-05,0.00016078834232268586,1.3007808309436555e-06,7.0220964223966325e-06,0.029045612073563216
26.1,0.014298640173206813,0.0029987741918345136,0.003079673017011938,0.005479184094640379,0.0005589702367240782,0.0006746036623866103,0.0012078710251310506,0.00010198876264601439,0.00014215981570516467,8.679766019310105e-05,8.929006341708501e-05,0.00015927539991114381,1.282357151432407e-06,7.0074797608051765e-06,0.028885517939720124
26.150000000000002,0.014249175168217427,0.002990646471922387,0.0030527023530690575,0.0054293652080720355,0.0005577239240683761,0.0006685263173650161,0.001196560718442393,0.00010055044674872526,0.00014013170776001123,8.661317002955662e-05,8.848215574273969e-05,0.00015777729286723665,1.2641864742906619e-06,6.992656300254705e-06,0.028726511777079505
26.200000000000003,0.014199850170784019,0.002982495902515171,0.003025981932984532,0.005380024640000634,0.0005564687221481677,0.0006625061845856996,0.0011853610483201142,9.913414392923259e-05,0.00013813492808615783,8.642715499296579e-05,8.768186657759509e-05,0.00015629387707395435,1.2462690008065946e-06,6.977638631540303e-06,0.028568584479630593
26.25,0.014150665110414094,0.0029743231241881043,0.002999509383059208,0.005331157690562954,0.0005552047859716574,0.0006565427324607199,0.0011742709375731622,9.773949175576367e-05,0.00013616895688976297,8.623963978357558e-05,8.688912554307694e-05,0.0001548250097046935,1.2286140667209758e-06,6.962464125320578e-06,0.02841172706609881
26.3,0.014101619913347256,0.0029661287727819094,0.0029732823514208796,0.005282759705010929,0.0005539322702676098,0.0006506354336899261,0.0011632893184376832,9.636613416840092e-05,0.00013423328357647473,8.605064910212562e-05,8.610386285133042e-05,0.00015337054924147704,1.2112351921146808e-06,6.947182891128992e-06,0.02825593066197925
26.35,0.014052714502586213,0.002957913479350099,0.0029472985078516836,0.005234826073328422,0.0005526513294379912,0.000644783765246429,0.0011524151325289893,9.501372136031013e-05,0.00013232740657894852,8.586020764095827e-05,8.532600929661227e-05,0.00015193035545437003,1.1941438325250472e-06,6.9318411247035345e-06,0.02810118647561825
26.400000000000002,0.01400394879792763,0.0029496778701092116,0.0029215555436161076,0.0051873522298498745,0.0005513621175123753,0.000638987208361497,0.0011416473307927072,9.368190966129991e-05,0.00013045083318776764,8.566834007527434e-05,8.455549623397602e-05,0.00015050428934670223,1.1773440064086791e-06,6.9164657878551825e-06,0.027947485776468686
26.450000000000003,0.013955322715992875,0.0029414225663918995,0.002896051171289663,0.005140333652880918,0.0005500647881040627,0.000633245248508905,0.0011309848734551643,9.237036142366591e-05,0.0001286030793856983,8.547507105447637e-05,8.379225555146877e-05,0.00014909221308288082,1.1608296001635296e-06,6.901055990226922e-06,0.027794819882712065
26.5,0.013906836170258645,0.002933148184602802,0.002870783124588223,0.005093765864320949,0.0005487594943678737,0.000627557375388755,0.0011204267299730435,9.107874491027082e-05,0.00012678366968520686,8.528042519359197e-05,8.303621964456088e-05,0.00014769398992240925,1.1445851665455023e-06,6.885583879005856e-06,0.027643180161901884
26.55,0.013858489071087447,0.0029248553361771175,0.0028457491581980374,0.005047644429287679,0.000547446388959566,0.0006219230829107889,0.0011099718789823437,8.9806734184813e-05,0.00012499213696917026,8.508442706482606e-05,8.228732140112228e-05,0.00014630948418272935,1.1285898178732161e-06,6.8700044929019275e-06,0.027492558043716413
26.6,0.013810281325757998,0.0029165446275418224,0.0028209470476064677,0.005001964955743729,0.0005461256239968358,0.0006163418691772206,0.0010996193082466923,8.855400900423883e-05,0.00012322802233471282,8.488710118933265e-05,8.154549420196469e-05,0.00014493856124473206,1.112822826592034e-06,6.854271189325909e-06,0.027342945040061666
26.650000000000002,0.013762212838495455,0.0029082166600794437,0.002796374588933418,0.004956723094125231,0.0005447973510218591,0.0006108132364650966,0.0010893680146050308,8.732025471325178e-05,0.000121490874940101,8.468847202931081e-05,8.081067193682125e-05,0.00014358108760088978,1.0972690676120812e-06,6.8383516562316334e-06,0.027194332765669748
26.700000000000003,0.01371428351050154,0.0028998720300943332,0.002772029598763506,0.004911914536972492,0.0005434617209653313,0.0006053366912082143,0.0010792170039187186,8.610516214087575e-05,0.00011978025185463312,8.448856398050795e-05,8.008278903034744e-05,0.00014223693093143097,1.0819225478976986e-06,6.822239390221249e-06,0.02704671295230005
26.75,0.013666493239984537,0.00289151132878137,0.002747909913978976,0.004867535018562748,0.0005421188841119659,0.0005999117439786121,0.0010691652910180833,8.490842749903e-05,0.00011809571791146156,8.42874013651603e-05,7.936178046909158e-05,0.00014090596018364525,1.0667869227686372e-06,6.805956854645397e-06,0.026900077451622092
26.8,0.013618841922189153,0.002883135142197022,0.0027240133915933645,0.004823580314544979,0.0005407689900674103,0.0005945379094676489,0.0010592118996484475,8.372975228307385e-05,0.00011643684556328665,8.408500842533194e-05,7.864758181967396e-05,0.0001395880456269266,1.0518729016177484e-06,6.7895491122891875e-06,0.02675441822544022
26.85,0.013571329449426265,0.0028747440512327123,0.0027003379085859475,0.004780046241576885,0.000539412187726543,0.000589214706466697,0.0010493558624156715,8.256884317428302e-05,0.0001148032147408661,8.388140931655173e-05,7.794012923094343e-05,0.00013828305886269307,1.0371934537792668e-06,6.7730699033419466e-06,0.02660972732611318
26.900000000000002,0.013523955711102527,0.0028663386315904123,0.002676881361736959,0.0047369286569639455,0.0005380486252431115,0.0005839416578474563,0.0010395962207312298,8.142541194421762e-05,0.00011319441271428178,8.367662810161494e-05,7.723935941788891e-05,0.00013699087278205274,1.0227584129150682e-06,6.756564797785872e-06,0.026465996873386397
26.950000000000003,0.013476720593749839,0.0028579194537604125,0.002653641667463606,0.0046942234583006465,0.0005366784500006752,0.000578718290541915,0.001029932024756859,8.02991753609455e-05,0.00011161003395691166,8.347068874442911e-05,7.654520963100146e-05,0.00013571136148075397,1.0085702379787083e-06,6.740057073145482e-06,0.026323219035059124
27.0,0.01342962398105471,0.0028494870830012052,0.0026306167616568944,0.004651926583113862,0.0005353018085848187,0.0005735441355219686,0.0010203623333488044,7.918985509708476e-05,0.00011004968001205338,8.326361510384155e-05,7.585761761971088e-05,0.00013444440015515963,9.946222493212981e-07,6.723540904192633e-06,0.026181386017423633
27.05,0.013382665753887454,0.002841042079321416,0.0026078045995192567,0.004610034008508393,0.0005339188467565969,0.0005684187277787143,0.0010108862140016876,7.80971776396292e-05,0.00010851295936214784,8.305543092747455e-05,7.517652160085524e-05,0.00013318986501000064,9.808997941387714e-07,6.7069838351989784e-06,0.026040490067942963
27.1,0.013335845790331298,0.002832584997463736,0.002585203155403027,0.004568541750814726,0.0005325297094271814,0.0005633416063014397,0.0010015027427920328,7.702087420152308e-05,0.000106999487300553,8.284615984568711e-05,7.450186024205928e-05,0.000131947633205999,9.67383862550936e-07,6.690337485894252e-06,0.025900523488677708
27.150000000000002,0.013289163965711311,0.002824116386890787,0.002562810422649733,0.004527445865238955,0.0005311345406336717,0.0005583123140563152,0.000992211004321467,7.596068063494922e-05,0.00010550888580581628,8.263582536584514e-05,7.383357266562467e-05,0.00013071758286370408,9.54055967149295e-07,6.6735530525737965e-06,0.0257614786558579
27.200000000000003,0.013242620152623232,0.002815636791772869,0.00254062441343024,0.004486742445514922,0.0005297334835160404,0.0005533303979648103,0.0009830100916596272,7.491633734629738e-05,0.00010404078341839657,8.242445086709382e-05,7.317159847230609e-05,0.0001294995931225949,9.409027661508877e-07,6.656596919404569e-06,0.025623348039393985
27.25,0.013196214220962153,0.0028071467509775388,0.002518643158585752,0.004446427623558589,0.0005283266802951792,0.0005483954088818464,0.0009738991062867992,7.388758921277854e-05,0.00010259481511978624,8.221205959577362e-05,7.251587777803223e-05,0.00012829354423699434,9.279190335113279e-07,6.639461719476694e-06,0.02548612421624421
27.3,0.013149946037951053,0.0027986467980609595,0.0024968647074696624,0.0044064975691246065,0.0005269142722520151,0.0005435069015736992,0.0009648771580363083,7.287418550065135e-05,0.00010117062221398302,8.199867466151736e-05,7.186635125220311e-05,0.0001270993176780982,9.151081240850503e-07,6.622169448795425e-06,0.025349799873347643
27.35,0.01310381546816923,0.0027901374612609746,0.002475287127790296,0.004366948489465164,0.0005254963997076667,0.0005386644346956697,0.0009559433650366967,7.18758797850285e-05,9.976785221126488e-05,8.178431903393932e-05,7.122296014510935e-05,0.0001259167962083503,9.024798506316169e-07,6.604765539291272e-06,0.025214367798899313
27.400000000000002,0.013057822373580566,0.002781619263491852,0.002453908505454507,0.0043277766289910435,0.00052407320200461,0.0005338675707695298,0.0009470968536536986,7.089242987122897e-05,9.838615871421736e-05,8.156901553971553e-05,7.05856462947495e-05,0.00012474586390164588,8.900464602712273e-07,6.587305613409454e-06,0.02507982086434104
27.450000000000003,0.013011966613561665,0.002773092722340651,0.002432726944412174,0.004288978268934942,0.0005226448174888246,0.0005291158761607626,0.0009383367584320442,6.992359771764509e-05,9.702520130596834e-05,8.13527868597959e-05,6.995435210917785e-05,0.00012358640609846263,8.778179764446258e-07,6.569839062599107e-06,0.02494615200246116
27.5,0.012966248044929863,0.0027645583500651594,0.0024117405665015825,0.004250549727017055,0.0005212113834928932,0.0005244089210556066,0.0009296622220371127,6.896914936009306e-05,9.568464544058313e-05,8.113565552650398e-05,6.932902052780136e-05,0.00012243830930447453,8.657983463858621e-07,6.552394636129139e-06,0.024813354188241245
27.55,0.012920666521971077,0.0027560166535933583,0.002390947511295701,0.004212487357112909,0.0005197730363200243,0.000519746279437916,0.0009210723951964529,6.802885483761605e-05,9.436416233557565e-05,8.09176439203693e-05,6.870959497156919e-05,0.0001213014610587373,8.539835196683891e-07,6.534972447250141e-06,0.02468142042801822
27.6,0.01287522189646755,0.002747468134524364,0.0023703459359493734,0.004174787548923483,0.000518329911228974,0.0005151275290658533,0.0009125664366412002,6.710248811971179e-05,9.306342886649361e-05,8.069877426667659e-05,6.809601929573333e-05,0.0001201757498078069,8.423619420646125e-07,6.517544601006065e-06,0.02455034375970029
27.650000000000002,0.012829914017725432,0.0027389132891308034,0.0023499340150474053,0.004137446727647586,0.0005168821424198374,0.0005105522514484195,0.0009041435130473968,6.618982703495472e-05,9.178212746353476e-05,8.047906863186423e-05,6.748823775857864e-05,0.00011906106482184806,8.309172321481756e-07,6.500063967275609e-06,0.024420117263377082
27.700000000000003,0.012784742732602222,0.002730352608362576,0.0023297099404535723,0.004100461353656514,0.0005154298630206858,0.0005060200318218383,0.0008958027989772459,6.529065320098677e-05,9.051994601015571e-05,8.025854892001566e-05,6.688619501520635e-05,0.00011795729617767258,8.196321951073292e-07,6.482478362208876e-06,0.02429073407877601
27.75,0.01273970788553409,0.0027217865778519632,0.0023096719211605486,0.0040638279221709974,0.0005139732050750232,0.0005015304591258028,0.0008875434768203112,6.440475195584949e-05,8.927657774363416e-05,8.003723686972673e-05,6.628983613829941e-05,0.00011686433481468303,8.084929749296151e-07,6.464746072474183e-06,0.024162187424308333
27.8,0.012694809318563025,0.002713215677920034,0.0022898181831407494,0.004027542962940404,0.0005125122995300377,0.0004970831259795949,0.0008793647367346781,6.353191229063198e-05,8.805172115754713e-05,7.98151540515817e-05,6.569910665987473e-05,0.00011578207264830295,7.974921675314731e-07,6.446848408899645e-06,0.024034470612192885
27.85,0.012650046871363887,0.00270464038358432,0.0022701469691981183,0.003991603039924265,0.0005110472762256256,0.0004926776286580897,0.0008712657765881022,6.267192678341006e-05,8.684507990612978e-05,7.959232186634413e-05,6.511395262165407e-05,0.00011471040270792697,7.866300583435914e-07,6.428795762613374e-06,0.023907577055248833
27.900000000000002,0.012605420381271286,0.0026960611645677015,0.0022506565388208275,0.003956004750976052,0.0005095782638841605,0.0004883135670676523,0.000863245801899147,6.18245915344509e-05,8.565636271047709e-05,7.936876154379836e-05,6.453432061875384e-05,0.00011364921925800231,7.759136708290134e-07,6.410625340364353e-06,0.023781500263163505
27.950000000000003,0.012560929683306328,0.0026874784853084775,0.0022313451680349263,0.0039207447275292516,0.0005081053901009891,0.0004839905447219365,0.000855304025778338,6.098970610265944e-05,8.448528326655439e-05,7.914449414201374e-05,6.396015782282056e-05,0.00011259841786426333,7.653539248676203e-07,6.392391108095826e-06,0.023656233829011525
28.0,0.012516574610203222,0.0026788928049715764,0.002212211149258922,0.003885819634285732,0.0005066287813356285,0.0004797081687175973,0.0008474396688693415,6.016707344324224e-05,8.333156015498069e-05,7.89195405466937e-05,6.339141197619849e-05,0.00011155789538164199,7.549617645963872e-07,6.3741488487569805e-06,0.02353177140975813
28.05,0.012472354992435736,0.0026703045774608665,0.0021932527911592984,0.0038512261689063786,0.0005051485629036442,0.0004754660497099217,0.0008396519592901827,5.935649984656387e-05,8.219491675254879e-05,7.86939214702526e-05,6.282803135674354e-05,0.00011052754986201004,7.447444000847372e-07,6.355940770251468e-06,0.02340810670632448
28.1,0.012428270658243534,0.002661714251432539,0.0021744684185069896,0.0038169610617040384,0.000503664858969188,0.000471263801888392,0.0008319401325745234,5.855779487817285e-05,8.107508114544828e-05,7.846765745034385e-05,6.226996472128286e-05,0.0001095072804026123,7.347027106138948e-07,6.337784164704365e-06,0.023285233448792384
28.150000000000002,0.012384321433658347,0.002653122270309514,0.0021558563720347895,0.003783021075338724,0.0005021777925381741,0.00046710104295218465,0.0008243034316130026,5.777077131997171e-05,7.99717860441542e-05,7.824076884772654e-05,6.171716124210863e-05,0.0001084969869733989,7.248304817822227e-07,6.319667246170222e-06,0.02316314539060005
28.200000000000003,0.01234050714253001,0.0026445290722968418,0.0021374150082957124,0.003749403004515113,0.0005006874854520747,0.00046297739408561635,0.0008167411065946615,5.699524511250839e-05,7.888476869994743e-05,7.80132758435638e-05,6.116957045344428e-05,0.00010749657026850177,7.151156249941371e-07,6.301553075092295e-06,0.02304183631284808
28.25,0.012296827606552358,0.002635935090398068,0.002119142699522306,0.003716103675682322,0.0004991940583823144,0.00045889247993354426,0.0008092524149484636,5.623103529836491e-05,7.781377082303182e-05,7.77851984364383e-05,6.062714222270144e-05,0.00010650593162167955,7.05542967417544e-07,6.283390211868641e-06,0.02292130003700088
28.3,0.012253282645288974,0.0026273407524325183,0.002101037833486909,0.00368311994673595,0.0004976976308252451,0.00045484592857672755,0.0008018366212849185,5.5477963966620174e-05,7.675853850221346e-05,7.755655643949649e-05,6.008982675500622e-05,0.00010552497300895573,6.960977860635463e-07,6.265127078464752e-06,0.022801530442168066
28.35,0.012209872076198799,0.002618746481053481,0.0020830988133628725,0.0036504487067224155,0.0004961983210976825,0.00045083737150716097,0.0007944929973378324,5.4735856198365086e-05,7.571882212611024e-05,7.732736947815261e-05,5.955757463055002e-05,0.0001045535971382436,6.86769128819342e-07,6.246726240035637e-06,0.022682521482220514
28.400000000000002,0.0121665957146616,0.002610152693767247,0.0020653240575867265,0.00361808687554554,0.0004946962463329863,0.0004468664436033831,0.000787220821906184,5.400454001324713e-05,7.469437630585818e-05,7.709765698868653e-05,5.903033686520917e-05,0.000103591707601756,6.775520781161734e-07,6.228174924436237e-06,0.02256426719818097
28.450000000000003,0.01212345337400328,0.002601559802952981,0.0020477119997213025,0.0035860314036754086,0.0004931915224776665,0.00044293278310577065,0.0007800193807961478,5.328384631702417e-05,7.368495979928445e-05,7.686743821787333e-05,5.850806497810287e-05,0.00010263920904897888,6.684483819904522e-07,6.209488994117886e-06,0.02244676172246993
28.5,0.01208044486552107,0.0025929682158833895,0.0020302610883198152,0.003554279271859492,0.0004916842642884986,0.0004390360315918238,0.0007728879667632722,5.257360885010691e-05,7.269033543651763e-05,7.663673222353444e-05,5.7990711047248166e-05,0.00010169600733098431,6.594652984398489e-07,6.190709216467437e-06,0.02232999927363066
28.55,0.012037569998508541,0.0025843783347461557,0.0020129697867908906,0.003522827490836014,0.0004901745853301303,0.0004351758339514488,0.000765825879454821,5.1873664137070225e-05,7.171027004700578e-05,7.640555787566348e-05,5.747822773702402e-05,0.00010076200957304678,6.506130066799303e-07,6.171890772348002e-06,0.022213974142766837
28.6,0.01199482858028051,0.0025757905566661196,0.0019958365732645647,0.0034916731010495904,0.0004886625979731656,0.00043135183836224807,0.0007588324253522967,5.118385143711527e-05,7.074453438791666e-05,7.617393385761955e-05,5.69705682881935e-05,9.983712415055305e-05,6.419013267565018e-07,6.1530888845908685e-06,0.022098680675281236
28.650000000000002,0.011952220416197777,0.0025672052737281616,0.001978859940459224,0.0034608131723690943,0.00048714841339270756,0.0004275636962648183,0.0007519069177141448,5.050401269546299e-05,6.979290307389138e-05,7.594187866684321e-05,5.6467686470940185e-05,9.892126056847118e-05,6.333366264369192e-07,6.134344555929712e-06,0.021984113252783908
28.700000000000003,0.011909745309691723,0.0025586228730007728,0.0019620383955495065,0.0034302448038077693,0.00048563214156734547,0.00042381106233806723,0.0007450486765186563,4.983399249566193e-05,6.885515450812733e-05,7.570941061465784e-05,5.5969536511203105e-05,9.801432927053957e-05,6.249197128309765e-07,6.115674299078466e-06,0.021870266279885937
28.75,0.011867403062288772,0.0025500437365602808,0.0019453704600351598,0.0033999651232455765,0.00048411389127857204,0.0004200935944745528,0.0007382570284070742,4.9173638012792505e-05,6.793107081476403e-05,7.5476547824949e-05,5.547607300793122e-05,9.711624142393124e-05,6.166452401326373e-07,6.0970664880991935e-06,0.021757134179102595
28.8,0.011825193473634683,0.002541468241515701,0.0019288546696108464,0.0033699712871537602,0.0004825937701106139,0.00041641095375584967,0.0007315313066269103,4.852279896755003e-05,6.702043777254653e-05,7.524330823181664e-05,5.49872508617576e-05,9.622690873311761e-05,6.085027339541247e-07,6.07848502637771e-06,0.021644711394735488
28.85,0.011783116341518738,0.0025328967600341977,0.001912489574036913,0.003340260480321652,0.0004810718844506636,0.00041276280442795107,0.0007248708509754865,4.788132758118996e-05,6.612304474974196e-05,7.500970957659312e-05,5.450302523319676e-05,9.534624333070353e-05,6.004788819594429e-07,6.059879099385139e-06,0.021532992404218375
28.900000000000002,0.011741171461897753,0.002524329659367117,0.0018962737370111008,0.003310829915585668,0.0004795483394894959,0.00040914881387670726,0.0007182750077436989,4.7249078531317037e-05,6.52386846402829e-05,7.477576940483333e-05,5.402335154133032e-05,9.447415777446911e-05,5.925604615423688e-07,6.041196412836691e-06,0.02142197173373815
28.950000000000003,0.011699358628919947,0.002515767301876576,0.0018802057360412141,0.003281676833560522,0.00047802323922245733,0.0004055686526033078,0.0007117431296600177,4.662590890850189e-05,6.436715380111304e-05,7.454150506395118e-05,5.354818550382495e-05,9.361056515336903e-05,5.847371865103459e-07,6.022396668811462e-06,0.021311643974170125
29.0,0.011657677634948687,0.0025072100450625814,0.0018642841623187365,0.0032527985023726373,0.00047649668645081413,0.00040202199419981174,0.0007052745758347273,4.6011678173707774e-05,6.350825199070985e-05,7.430693370207107e-05,5.307748320854556e-05,9.275537927748984e-05,5.770037815499918e-07,6.003462039081053e-06,0.021202003793361148
29.05,0.011616128270586053,0.0024986582415906507,0.0018485076205933897,0.0032241922173957363,0.00047496878278344574,0.00039850851532472896,0.000698868711704411,4.540624811651021e-05,6.2661782308759e-05,7.407207226840074e-05,5.2611201198668506e-05,9.190851490500308e-05,5.693607641887132e-07,5.98440205145411e-06,0.021093045941591403
29.1,0.011574710324696305,0.002490112239319923,0.0018328747290486515,0.0031958553009886347,0.00047343962863887227,0.0003950278956786599,0.0006925249089766909,4.480948281409364e-05,6.182755113695698e-05,7.383693751507511e-05,5.21492965492262e-05,9.106988794860319e-05,5.61813762494626e-07,5.965251611233007e-06,0.020984765248685422
29.150000000000002,0.01153342358442916,0.002481572381331725,0.0018173841191782046,0.0031677851022351854,0.0004719093232476018,0.0003915798179799938,0.0006862425455752227,4.422124859100793e-05,6.100536808091678e-05,7.360154600005374e-05,5.1691726914525755e-05,9.02394156076012e-05,5.543715947035109e-07,5.946062606471375e-06,0.020877156613372375
29.200000000000003,0.011492267835242952,0.002473039005958579,0.0018020344356633352,0.0031399789966864004,0.00047037796465478716,0.00038816396794067213,0.0006800210055849535,4.364141397966975e-05,6.019504591315444e-05,7.336591409037772e-05,5.123845053262909e-05,8.941701638907512e-05,5.470436182685937e-07,5.926891229409465e-06,0.020770214987484267
29.25,0.011451242860927633,0.002464512446813629,0.0017868243362512708,0.0031124343861047257,0.00046884564972317957,0.00038478003424202077,0.0006738596791976493,4.306984968159341e-05,5.939640051713404e-05,7.313005796497688e-05,5.0789426183478385e-05,8.860261000819647e-05,5.398370039663262e-07,5.9077843001921806e-06,0.020663935358919645
29.3,0.011410348443627637,0.0024559930328204613,0.0017717524916344505,0.0030851486982104545,0.0004673124741363682,0.0003814277085106532,0.0006677579626576937,4.250642852933653e-05,5.86092508323498e-05,7.289399361630642e-05,5.0344613108772666e-05,8.779611718760448e-05,5.327546224820405e-07,5.888768133321576e-06,0.02055831273762789
29.35,0.011369584363864598,0.0024474810882433094,0.0017568175853307428,0.0030581193864302946,0.0004657785324022953,0.00037810668529445135,0.0006617152582081694,4.195102544914723e-05,5.7833418800425844e-05,7.265773685036907e-05,4.990397091148764e-05,8.699745940117203e-05,5.257940706623314e-07,5.869842704327855e-06,0.020453342147961455
29.400000000000002,0.011328950400559923,0.0024389769327176096,0.0017420183135645828,0.003031343929648048,0.0004642439178570348,0.00037481666203862437,0.0006557309740372178,4.140351742429887e-05,5.7068729312213414e-05,7.242130328508341e-05,4.946745945850832e-05,8.620655862232683e-05,5.189480161902807e-07,5.850982331562235e-06,0.020349018628873228
29.450000000000003,0.011288446331057217,0.0024304808812809003,0.0017273533851490481,0.0030048198319574124,0.00046270872266882576,0.0003715573390618507,0.0006498045242246917,4.086378345910016e-05,5.6315010155867906e-05,7.218470834739502e-05,4.903503880975937e-05,8.542333713742855e-05,5.122056851407288e-07,5.8321423999965035e-06,0.020245337241394636
29.5,0.011248071931144568,0.0024219932444040407,0.0017128215213688593,0.0029785446224168963,0.00046117303784234926,0.00036832841953250695,0.0006439353286890987,4.0331704543568035e-05,5.557209196588785e-05,7.19479672698876e-05,4.8606669191401655e-05,8.464771747024079e-05,5.055551012232379e-07,5.8132703361498146e-06,0.02014229308127668
29.55,0.011207826975076678,0.002413514328022729,0.0016984214558643015,0.002952515854806817,0.0004596369532232398,0.000365129609444985,0.0006381228131348425,3.980716361875125e-05,5.483980817309806e-05,7.171109508784198e-05,4.8182311020454644e-05,8.387962243759986e-05,4.989855645595507e-07,5.794318252461064e-06,0.02003988129372836
29.6,0.011167711235596874,0.0024050444335693127,0.0016841519345160761,0.002926731107388409,0.000458100557502822,0.00036196061759610423,0.0006323664089997689,3.92900455426932e-05,5.4117994955560734e-05,7.147410663766053e-05,4.7761924976015194e-05,8.311897532512177e-05,4.92489788230068e-07,5.775254398799477e-06,0.019938097086793446
29.650000000000002,0.011127724483958943,0.002396583858004859,0.0016700117153310616,0.002901187982664988,0.0004565639382230624,0.0003588211555616172,0.0006266655534030148,3.878023705702155e-05,5.340649119039641e-05,7.123701655731685e-05,4.734547210096694e-05,8.236570014266788e-05,4.860651828011974e-07,5.756070828309151e-06,0.019836935740207024
29.700000000000003,0.011087866489948844,0.0023881328938514805,0.001655999568328994,0.0028758841071451903,0.00045502718178172855,0.00035571093767281474,0.0006210196890931686,3.8277626754153466e-05,5.270513840649841e-05,7.099983928906258e-05,4.6932913910401164e-05,8.161972189929344e-05,4.797140232988536e-07,5.736785518786985e-06,0.019736392607623714
29.75,0.011048137021906273,0.0023796918292248964,0.0016421142754300573,0.002850817131108271,0.000453490373437746,0.00035262968099323275,0.0006154282643967444,3.7782105045104334e-05,5.201378073812335e-05,7.076258908411444e-05,4.652421248074805e-05,8.088096683134483e-05,4.7344251399307296e-07,5.717438430044691e-06,0.019636463111620695
29.8,0.01100853584674607,0.0023712609478672092,0.0016283546303433797,0.0028259847283714327,0.00045195359731674446,0.00034957710529546116,0.0006098907331669707,3.729356412788813e-05,5.1332264879340144e-05,7.05252800085747e-05,4.611933049744216e-05,8.014936252681007e-05,4.672589770955699e-07,5.698082373978084e-06,0.0195371427324984
29.85,0.010969062729979514,0.0023628405291798915,0.001614719438456442,0.0028013845960592116,0.00045041693641678676,0.00034655293303806166,0.0006044065547329013,3.681189795649807e-05,5.0660440039320926e-05,7.02879259495187e-05,4.571823124801818e-05,7.942483791191888e-05,4.611715722608366e-07,5.678770864925104e-06,0.019438426993405266
29.900000000000002,0.01092971743573544,0.002354430848256956,0.0016012075167253777,0.0027770144543748623,0.00044888047261426963,0.0003435568893425914,0.0005989751938488447,3.6337002210455175e-05,4.999815789845563e-05,7.00505406200926e-05,4.532087855983605e-05,7.870732309717643e-05,4.5518610603492957e-07,5.659545937028112e-06,0.01934031144532742
29.950000000000003,0.010890499726781225,0.0023460321759183026,0.0015878176935661742,0.002752872046373768,0.0004473442866699911,0.0003405887019707381,0.0005935961206441189,3.5868774264913796e-05,4.934527256527411e-05,6.981313756263804e-05,4.492723669438788e-05,7.7996749112421e-05,4.493044769965056e-07,5.640428889215411e-06,0.019242791655490164
30.0,0.010851409364543653,0.002337644778743228,0.0015745488087467693,0.0027289551377388463,0.00044580845823537544,0.0003376481013015678,0.0005882688105731306,3.540711316131267e-05,4.870164053415903e-05,6.957573014926762e-05,4.453727022041148e-05,7.729304758669273e-05,4.435240787929794e-07,5.6214160206600455e-06,0.01914586320163387
30.05,0.01081244610912959,0.002329268919104078,0.0015613997132800296,0.0027052615165579367,0.00044427306585884823,0.00033473482030888554,0.0005829927443657809,3.495191957856056e-05,4.806712064383326e-05,6.933833157987496e-05,4.4150943893424585e-05,7.659615044261066e-05,4.378382117145621e-07,5.6024800756412505e-06,0.019049521673030815
30.1,0.010773609719346572,0.0023209048552000353,0.001548369269317626,0.002681788993103183,0.00044273818699235593,0.0003318485945387142,0.0005777674079782019,3.45030958047465e-05,4.744157403660744e-05,6.910095487815555e-05,4.376822256848153e-05,7.590598967322758e-05,4.3223736928593566e-07,5.5835768245315555e-06,0.018953762677631724
30.150000000000002,0.010734899952723205,0.0023125528410910313,0.0015354563500447791,0.002658535399612361,0.0004412038979980203,0.0003289891620868887,0.0005725922925438197,3.406054570936406e-05,4.682486411837196e-05,6.886361288670525e-05,4.3389071166025656e-05,7.522249725213822e-05,4.2671112153318567e-07,5.564655193684403e-06,0.01885858185354793
30.200000000000003,0.010696316565529447,0.002304213126731759,0.0015226598395758875,0.0026354985900721695,0.00043967027415492285,0.00032615626357677057,0.0005674668943247502,3.362417471604064e-05,4.621685651932062e-05,6.862631826253677e-05,4.3013454699158814e-05,7.454560519866063e-05,4.212501647676419e-07,5.545668694635982e-06,0.018763974882220823
30.25,0.010657859312796747,0.002295885958005788,0.0015099786328510293,0.002612676440003463,0.00043813738966601236,0.00032334964213708305,0.0005623907146635262,3.31938897757625e-05,4.561741905539231e-05,6.838908347433721e-05,4.2641338357028824e-05,7.387524578559005e-05,4.1584805663187106e-07,5.526585705945856e-06,0.018669937500334337
30.3,0.010619527948338025,0.002287571576759759,0.0014974116355333264,0.0025900668462484045,0.0004366053176651275,0.0003205690433798673,0.0005573632599351567,3.276959934058666e-05,4.5026421690418104e-05,6.815192080247105e-05,4.227268762638802e-05,7.32113518450013e-05,4.1050227940300656e-07,5.5073964733475895e-06,0.018576465507917285
30.35,0.010581322224767539,0.002279270220837654,0.0014849577639071835,0.0025676677267595536,0.0004350741302241313,0.00031781421537856435,0.0005523840414995233,3.235121333783157e-05,4.4443736498961984e-05,6.791484234217191e-05,4.190746842453291e-05,7.255385710501636e-05,4.0521446381212143e-07,5.488115382846585e-06,0.018483554770929316
30.400000000000002,0.010543241893520584,0.002270982124115128,0.0014726159447773775,0.002545477020390841,0.000433543898360148,0.0003150849086462201,0.0005474525756541092,3.193864314473764e-05,4.3869237629842496e-05,6.767786000967472e-05,4.154564721378117e-05,7.190269648242287e-05,3.99989743527989e-07,5.468777977781769e-06,0.01839120121766617
30.450000000000003,0.010505286704873069,0.002262707516533886,0.0014603851153690071,0.0025234926866904476,0.0004320146920428987,0.00031238087611381736,0.000542568383587066,3.153180156358975e-05,4.330280127032388e-05,6.744098555037017e-05,4.118719107109498e-05,7.125780626438872e-05,3.9483534854975193e-07,5.449433292198982e-06,0.018299400829570708
30.5,0.010467456407960946,0.0022544466241361085,0.0014482642232282932,0.002501712705695563,0.00043048658020212994,0.0003097018731087362,0.0005377309913306195,3.113060279729318e-05,4.274430561096443e-05,6.720423054756428e-05,4.0832067695715303e-05,7.061912413553717e-05,3.8975874984256017e-07,5.430133218491875e-06,0.018208149628417804
30.55,0.010429750750799487,0.002246199669098897,0.0014362522261242214,0.0024801350777290034,0.00042895963073512805,0.0003070476573333418,0.0005329399297148117,3.0734962425394595e-05,4.219363081110958e-05,6.69676064302169e-05,4.048024535077997e-05,6.99865890394373e-05,3.847658191919049e-07,5.410921404136764e-06,0.018117443662815154
30.6,0.010392169480302454,0.0022379668697687476,0.0014243480919510355,0.002458757823197705,0.00042743391051431695,0.00030441798884370486,0.0005281947343215876,3.0344797380539763e-05,4.165065896501803e-05,6.673112447817417e-05,4.01316927490815e-05,6.936014089914343e-05,3.798594227704811e-07,5.391824204294035e-06,0.018027278996998578
30.650000000000002,0.010354712342301094,0.002229748440696032,0.0014125507986315594,0.0024375789823930434,0.00042590948539493115,0.0003018126300284515,0.0005234949454392191,2.9960025925359127e-05,4.111527406860729e-05,6.649479582388165e-05,3.978637890535534e-05,6.873972025219441e-05,3.7503869120159767e-07,5.372845564605871e-06,0.01793765170411553
30.700000000000003,0.010317379081563017,0.0022215445926694766,0.0014008593340213557,0.0024165966152929915,0.0004243864202227613,0.0002992313455877464,0.0005188401080170735,2.9580567629772858e-05,4.0587361986806764e-05,6.625863145028064e-05,3.944427298514839e-05,6.812526787486491e-05,3.702990654831612e-07,5.353966737980382e-06,0.01784855786510476
30.75,0.010280169441810925,0.0022133555327506385,0.0013892726958137124,0.002395808801366101,0.00042286477884196635,0.0002966739025124101,0.0005142297716207246,2.9206343348706835e-05,4.006681042150544e-05,6.60226421853999e-05,3.910534418171207e-05,6.751672447421655e-05,3.6563311298100856e-07,5.335150718861022e-06,0.017759993573159858
30.8,0.010243083165741204,0.0022051814643083588,0.0013777898914454493,0.0023752136393772774,0.00042134462410294796,0.000294140070063169,0.000509663490387406,2.8837275200210983e-05,3.955350888008163e-05,6.57868386948888e-05,3.8769561647115474e-05,6.691403051366948e-05,3.610319440339935e-07,5.3163503226030684e-06,0.017671954942628413
30.85,0.010206119995042383,0.0021970225870531985,0.001366409938003549,0.002354809247195371,0.0004198260178702833,0.0002916296197500435,0.0005051408229818108,2.847328654397215e-05,3.9047348644503066e-05,6.555123147423637e-05,3.843689449290643e-05,6.631712621094427e-05,3.5648688355381874e-07,5.297518127065576e-06,0.017584438120273826
30.900000000000002,0.010169279670413455,0.0021888790970718327,0.001355131862132596,0.0023345937616025287,0.00041830902103071066,0.0002891423253118695,0.0005006613325522328,2.811430196021314e-05,3.8548222740985254e-05,6.531583084256657e-05,3.8107311861382265e-05,6.572595171182561e-05,3.519910162285332e-07,5.278616243010755e-06,0.017497439296491446
30.950000000000003,0.010132561931582051,0.002180751186861409,0.0013439546999430257,0.0023145653381053243,0.0004167936935011645,0.00028667796269595794,0.0004962245866870524,2.7760247228970713e-05,3.805602591019722e-05,6.508064693965531e-05,3.7780783053831095e-05,6.514044740662655e-05,3.4754033327294566e-07,5.259624066624783e-06,0.017410954714315165
31.0,0.010095966517322488,0.0021726390453638555,0.0013328774969201794,0.0022947221507476486,0.0004152800942368559,0.00028423631003789113,0.0004918301573715661,2.7411049309745254e-05,3.7570654578004275e-05,6.48456897272123e-05,3.745727769003349e-05,6.456055432609962e-05,3.431343123652825e-07,5.240542569903992e-06,0.017324980674513848
31.05,0.010059493165473665,0.002164542858000129,0.0013218993078341532,0.0022750623919253325,0.00041376828123939355,0.0002818171476414562,0.0004874776209451569,2.7066636321515107e-05,3.7092006826737414e-05,6.46109689946283e-05,3.713676586640353e-05,6.398621453613573e-05,3.387758061792202e-07,5.221394229748871e-06,0.017239513535640637
31.1,0.010023141612956853,0.002156462806704406,0.0013110191966504486,0.002255584272202519,0.00041225831156494245,0.0002794202579587178,0.0004831665580588099,2.672693752310945e-05,3.6619982366980686e-05,6.437649436846894e-05,3.6819218279855346e-05,6.341737144955226e-05,3.344702173933816e-07,5.202218508784026e-06,0.01715454970881084
31.150000000000002,0.009986911595793312,0.002148399069958197,0.0013002362364414048,0.002236286020129738,0.00041075024133241546,0.00027704542557022746,0.0004788965536329665,2.6391883293932915e-05,3.615448250986663e-05,6.414227532418589e-05,3.650460629090014e-05,6.285396998887057e-05,3.302241468416741e-07,5.1830638322478635e-06,0.017070085648245106
31.200000000000003,0.009950802849121799,0.002140351822824386,0.0012895495092984186,0.0022171658820636943,0.0004092441257316945,0.00027469243716537215,0.0004746671968157189,2.6061405115036203e-05,3.569541013987158e-05,6.390832119798553e-05,3.619290191134326e-05,6.22959565631193e-05,3.2604386231509695e-07,5.163977856273315e-06,0.01698611783966703
31.25,0.009914815107215933,0.002132321236981188,0.001278958106244943,0.002198222121988754,0.00040774001903187777,0.0002723610815228615,0.0004704780809413452,2.5735435550526543e-05,3.5242669688102e-05,6.367464119665887e-05,3.588407771689636e-05,6.174327885855813e-05,3.2193391817867207e-07,5.1449981164555625e-06,0.016902642788972272
31.3,0.009878948103501413,0.0021243074807560116,0.0012684611271502563,0.0021794530213400977,0.00040623797458954887,0.00027005114949135283,0.0004663288034891802,2.5413908229311883e-05,3.479616710606307e-05,6.344124440347877e-05,3.5578106700077604e-05,6.119588548046655e-05,3.1789614685046465e-07,5.126144911236477e-06,0.016819657013295346
31.35,0.009843201570573128,0.002116310719159231,0.0012580576806440077,0.002160856878828564,0.00040473804485706557,0.0002677624339702169,0.00046221896604282665,2.5096757827173036e-05,3.435580983990103e-05,6.320813977896597e-05,3.527496209095069e-05,6.0653725513379825e-05,3.1392918450420934e-07,5.10741775546097e-06,0.016737157036065372
31.400000000000002,0.009807575240212113,0.002108331113917852,0.0012477468840315193,0.0021424320102671297,0.00040324028139086327,0.00026549472989044086,0.00045814817424969976,2.478392004915724e-05,3.392150680510995e-05,6.297533615629017e-05,3.4974617180118245e-05,6.0116748084348284e-05,3.100286479375075e-07,5.08879602408195e-06,0.016655139386906666
31.450000000000003,0.009772068843402374,0.0021003688235090713,0.0012375278632098504,0.002124176748399044,0.000401744734859771,0.00026324783419567107,0.00045411603778090835,2.4475331612287165e-05,3.349316836169408e-05,6.274284223212575e-05,3.46770451785403e-05,5.9584902014467504e-05,3.0618793300518107e-07,5.070243513718454e-06,0.01657360060620253
31.5,0.009736682110347589,0.002092424003193726,0.0012273997525846147,0.0021060894427275914,0.0004002514550533369,0.00026102154582339566,0.00045012217029147066,2.4170930228579045e-05,3.307070628977638e-05,6.251066655471698e-05,3.438221914209781e-05,5.905813562782458e-05,3.023994123571717e-07,5.051715816358314e-06,0.016492537253093433
31.55,0.009701414770487657,0.0020844968050496176,0.0012173616949875449,0.002088168459347469,0.0003987604908901584,0.00025881566568626503,0.0004461661893808624,2.387065458836343e-05,3.2654033765643916e-05,6.227881751153547e-05,3.409011197660709e-05,5.853639675718034e-05,2.9865574034666783e-07,5.033168961589289e-06,0.01641194591513084
31.6,0.009666266552515146,0.0020765873780047225,0.001207412841594805,0.00207041218077778,0.00039727189042621766,0.0002566299966535539,0.00044224771655390085,2.357444434390269e-05,3.2243065338221205e-05,6.204730331909908e-05,3.38006965235531e-05,5.8019632947915917e-05,2.9495104858870253e-07,5.0145677791403164e-06,0.01633182321782655
31.650000000000002,0.009631237184391586,0.002068695867870265,0.0011975523518460366,0.002052819005796612,0.0003957857008632153,0.00025446434353276103,0.0004383663771819579,2.3282240093298733e-05,3.183771690596189e-05,6.181613201721097e-05,3.3513945711132624e-05,5.750779182334191e-05,2.9128188153221695e-07,4.995892588541532e-06,0.016252165832503454
31.700000000000003,0.00959632639336363,0.002060822417373664,0.0011877793933641396,0.0020353873492771966,0.0003943019685569027,0.0002523185130513496,0.00043452180046450674,2.299398336468528e-05,3.143790569415058e-05,6.158531146911557e-05,3.32298327423301e-05,5.700082154285529e-05,2.876477017334832e-07,4.9771430013935575e-06,0.016172970480967656
31.75,0.0095615339059791,0.0020529671661913404,0.0011780931418757827,0.002018115642025645,0.0003928207390254094,0.00025019231383862685,0.0004307136193909986,2.270961660069902e-05,3.104355023260638e-05,6.135484936798656e-05,3.2948331284190934e-05,5.649867126573727e-05,2.840508120208488e-07,4.958338018202157e-06,0.016094233935908347
31.8,0.009526859448102883,0.0020451302509813785,0.0011684927811326331,0.0020010023306202274,0.00039134205695756224,0.000248085556407763,0.0004269414707030684,2.242908314322413e-05,3.065457033378009e-05,6.112475324896021e-05,3.266941562168545e-05,5.600129153121157e-05,2.8049569873806583e-07,4.9395123614032946e-06,0.01601595301684452
31.85,0.009492302744932722,0.002037311805416052,0.0011589775028333109,0.0019840458772522134,0.0003898659662211959,0.00024599805313795095,0.00042320499485707134,2.2152327218405455e-05,3.027088707123839e-05,6.0895030504836015e-05,3.239306074574167e-05,5.550863448015299e-05,2.769879897385021e-07,4.920709855486243e-06,0.015938124582516117
31.900000000000002,0.009457863521014855,0.0020295119602141897,0.001149546506546049,0.0019672447595682273,0.00038839250987145044,0.00024392961825670371,0.0004195038359869451,2.1879293921925212e-05,2.989242275852755e-05,6.0665688402796596e-05,3.21192423570129e-05,5.502065387278112e-05,2.735332734702613e-07,4.901975231079445e-06,0.01586074552127601
31.950000000000003,0.009423541500259534,0.0020217308431733937,0.001140198999632065,0.0019505974705141327,0.0003869217301590547,0.00024188006782229203,0.0004158376418673987,2.1609929204538993e-05,2.95191009284107e-05,6.043673409921081e-05,3.184793678250441e-05,5.453730489439843e-05,2.701359625564633e-07,4.883345897295606e-06,0.015783812741196786
32.0,0.009389336405956421,0.0020139685792020983,0.0011309341971696347,0.001934102518180422,0.0003854536685385939,0.00023984921970632067,0.0004122060638774269,2.1344179857866706e-05,2.9150846312472468e-05,6.020817464984326e-05,3.157912081841925e-05,5.4058543780731276e-05,2.6679836173918444e-07,4.864845186187172e-06,0.01570732316159818
32.050000000000004,0.009355247960789839,0.002006225290351466,0.0011217513218788591,0.0019177584256490927,0.0003839883656767578,0.00023783689357644247,0.0004086087569641457,2.108199350043415e-05,2.878758482108498e-05,5.9980017013568355e-05,3.131277152649481e-05,5.3584327328393564e-05,2.635201356472098e-07,4.846478364188876e-06,0.015631273707576412
32.1,0.00932127588685393,0.0019985010958471295,0.0011126496040471353,0.001901563730842027,0.0003825258614605705,0.00023584291087921282,0.00040504537960695295,2.0823318563961496e-05,2.8429243523729843e-05,5.9752268048845686e-05,3.104886602011291e-05,5.31146123781199e-05,2.6029832543572585e-07,4.828232160454856e-06,0.015555661308557619
32.15,0.009287419905667636,0.00199079611212075,0.0011036282814552976,0.001885516986370813,0.0003810661950055955,0.00023386709482307836,0.0004015155937820029,2.056810427989381e-05,2.8075750629669334e-05,5.952493450354802e-05,3.0787381278893564e-05,5.2649355364571445e-05,2.5712788316850055e-07,4.810077721558607e-06,0.015480482900886479
32.2,0.009253679738189597,0.0019831104528414195,0.0010946865993044534,0.0018696167593880446,0.0003796094046641186,0.00023190927036150565,0.0003980190649270022,2.0316300666170163e-05,2.7727035468961746e-05,5.929802300000489e-05,3.0528294025843654e-05,5.2188512015505626e-05,2.540025315439348e-07,4.791976167766539e-06,0.015405735433551943
32.25,0.009220055104832918,0.0019754442289468847,0.001085823810143496,0.0018538616314400702,0.00037815552803330553,0.00022996926417624648,0.0003945554619063215,2.0067858514226706e-05,2.738302847381431e-05,5.9071540018093384e-05,3.0271580690222316e-05,5.173203725686154e-05,2.5091575405259966e-07,4.773885628332182e-06,0.015331415875814847
32.300000000000004,0.009186545725479767,0.00196779754867459,0.001077039173797277,0.0018382501983211503,0.0003767046019633293,0.00022804690466073657,0.0003911244569764153,1.9822729376228923e-05,2.7043661160266718e-05,5.884549187969088e-05,3.0017217464056586e-05,5.127988534360133e-05,2.478618000335275e-07,4.755768640044324e-06,0.015257521225537191
32.35,0.009153151319495925,0.001960170517592554,0.0010683319572954634,0.0018227810699290724,0.0003752566625654722,0.0002261420219036341,0.00038772572575156004,1.9580865552529517e-05,2.6708866110200065e-05,5.8619884737701574e-05,2.976518044343689e-05,5.083201019561932e-05,2.4483659015346345e-07,4.737598777157444e-06,0.015184048516940477
32.4,0.009119871605745128,0.001952563238630049,0.0010597014348020385,0.0018074528701221414,0.0003738117452201936,0.00022425444767248907,0.00038435894716989455,1.934222007934635e-05,2.63785769536631e-05,5.8394724572177374e-05,2.951544583037102e-05,5.0388365880996574e-05,2.418383361679423e-07,4.71936533893183e-06,0.015110994826353585
32.45,0.009086706302603343,0.001944975812108108,0.0010511468875454707,0.0017922642365775922,0.0003723698845851676,0.0002223840153975502,0.0003810238034597721,1.9106746716656918e-05,2.60527283515105e-05,5.817001719488723e-05,2.9267990159852997e-05,4.994890716198593e-05,2.388677028855664e-07,4.701075159344204e-06,0.015038357274724126
32.5,0.009053655127972921,0.001937408335769848,0.0010426676037495356,0.0017772138206513864,0.0003709311146032867,0.00022053056015570565,0.000377719980106418,1.887439993630459e-05,2.5731255978346326e-05,5.794576826223594e-05,2.902279051189863e-05,4.95135900071188e-05,2.3592749640677976e-07,4.682751232053378e-06,0.014966133026433464
32.550000000000004,0.009020717799296566,0.0019298609048105896,0.0010342628785647702,0.0017623002872393634,0.00036949546851062825,0.0002186939186545548,0.000374447165818886,1.8645134910312165e-05,2.541409650576607e-05,5.772198329494716e-05,2.8779824670493203e-05,4.908237197782963e-05,2.3302201482235187e-07,4.664428543759711e-06,0.014894319284813289
32.6,0.008987894033571274,0.001922333611907807,0.0010259320140005885,0.0017475223146397863,0.00036806297884438754,0.0002168739292166171,0.0003712050524973238,1.841890749939955e-05,2.510118758589264e-05,5.7498667701668374e-05,2.853907120030196e-05,4.865521241910382e-05,2.3015621050031947e-07,4.6461479317060195e-06,0.014822913285226356
32.65,0.008955183547362062,0.0019148265472508676,0.0010176743188580145,0.0017328785944172064,0.00036663367745076904,0.0002150704317636697,0.000367993335200532,1.819567424170082e-05,2.4792467835199558e-05,5.7275826802853324e-05,2.8300509426049853e-05,4.8232072417183295e-05,2.273347546021899e-07,4.6279489735092505e-06,0.014751912286754222
32.7,0.008922586056815634,0.001907339798570588,0.0010094891086630587,0.0017183678312676892,0.0003652075954928411,0.00021328326780121966,0.0003648117121138262,1.797539234167799e-05,2.4487876818617425e-05,5.705346585109054e-05,2.806411931625057e-05,4.781291452751914e-05,2.2456111602587338e-07,4.609863111168448e-06,0.014681313563807205
32.75,0.008890101277673914,0.0018998734511685962,0.0010013757056007212,0.0017039887428853678,0.00036378476345835,0.0002115122804031083,0.00036165988451719686,1.775801965922781e-05,2.418735503391855e-05,5.6831590044520674e-05,2.782988128955642e-05,4.739770231600035e-05,2.218368549428458e-07,4.591908335227796e-06,0.014611114399240649
32.800000000000004,0.008857728925287434,0.0018924275879464842,0.000993333438449604,0.001689740059830292,0.00036236521116749,0.00020975731419624406,0.00035853755675376015,1.754351469897819e-05,2.3890843896374825e-05,5.661020453106008e-05,2.7597775975561117e-05,4.698639978914037e-05,2.191613222331952e-07,4.5740864839505905e-06,0.014541312080328604
32.85,0.008825468714628644,0.0018850022894347773,0.000985361642517158,0.0016756205253976137,0.0003609489677806341,0.00020801821534547005,0.0003554444361985098,1.7331836599771935e-05,2.3598285723685848e-05,5.6389314402653385e-05,2.736778397008257e-05,4.657897080872376e-05,2.1653179742639803e-07,4.556383501546789e-06,0.014471903898106698
32.9,0.008793320360305057,0.0018775976338216893,0.000977459659575524,0.0016616288954880338,0.00035953606180601824,0.00020629483153855835,0.000352380233227355,1.712294512433394e-05,2.3309623721171628e-05,5.616892468045983e-05,2.7139885626357083e-05,4.6175378589962986e-05,2.1394394107560221e-07,4.5387722814547985e-06,0.01440288714972705
32.95,0.00876128357657231,0.0018702136969816847,0.0009696268377979897,0.0016477639384795536,0.0003581265211073825,0.00020458701197133633,0.0003493446611864541,1.691680064911959e-05,2.3024801967226875e-05,5.594904029345693e-05,2.691406091792886e-05,4.577558536887944e-05,2.1139242950317594e-07,4.521217403524953e-06,0.014334259143126353
33.0,0.008729358077347113,0.0018628505525038388,0.0009618625316960524,0.001634024435100496,0.00035672037291156766,0.00020289460733294247,0.0003463374363618367,1.671336415434094e-05,2.274376539903198e-05,5.572966605414025e-05,2.6690289397250572e-05,4.53795522966795e-05,2.0887171860041896e-07,4.503681056563899e-06,0.014266017203330452
33.050000000000004,0.008697543576220023,0.0018555082717199834,0.0009541661020570631,0.0016204091783037656,0.00035531764381606287,0.00020121746979120833,0.0003433582779493095,1.6512597214167307e-05,2.2466459798515863e-05,5.551080663559929e-05,2.646855025810736e-05,4.498723958112248e-05,2.0637688312282327e-07,4.486129345316073e-06,0.014198158679573365
33.1,0.008665839786468192,0.001848186923732663,0.0009465369158824822,0.0016069169731423888,0.00035391835979651023,0.00019955545297817203,0.0003404069080246535,1.631446198709762e-05,2.2192831778566783e-05,5.529246655414143e-05,2.6248822492621628e-05,4.45986068536651e-05,2.0390437884947173e-07,4.46853794804309e-06,0.014130680952018049
33.15,0.008634246421067908,0.0018408865754428688,0.0009389743463267035,0.001593546636646261,0.0003525225462141586,0.00019790841197571556,0.00033748305151409786,1.6118921206500307e-05,2.192282876948511e-05,5.5074650160817316e-05,2.603108511770251e-05,4.421361370340403e-05,2.0145252765251022e-07,4.450896057274741e-06,0.014063581436730551
33.2,0.008602763192707075,0.0018336072915775775,0.0009314777726364729,0.0015802969977001392,0.0003511302278232714,0.000196276203301331,0.0003345864361650797,1.592593817131798e-05,2.1656399005673798e-05,5.48573616438004e-05,2.5815317434030202e-05,4.3832220290773765e-05,1.9902162958459787e-07,4.433207939183458e-06,0.01399685758802531
33.25,0.008571389813797585,0.0018263491347170805,0.0009240465800908834,0.0015671668969228507,0.00034974142877848585,0.00019465868489401255,0.0003317167925172816,1.5735476736933063e-05,2.1393491512561117e-05,5.464060504180729e-05,2.5601499274946698e-05,4.345438794015676e-05,1.9661375976413398e-07,4.415492041851899e-06,0.0139305068980262
33.300000000000004,0.008540125996487515,0.0018191121653220958,0.0009166801599419324,0.0015541551865476872,0.0003483561726421214,0.00019305571610027126,0.00032887385387394234,1.5547501306190693e-05,2.1134056093750035e-05,5.442438426690247e-05,2.5389611203889973e-05,4.3080079613250394e-05,1.9423234912109097e-07,4.3977779559129315e-06,0.013864526893704585
33.35,0.008508971452673292,0.0018118964417606854,0.0009093779093556631,0.0015412607303040202,0.00034697448239144103,0.00019146715766027756,0.00032605735627344747,1.5361976820576148e-05,2.0878043318390293e-05,5.420870313341438e-05,2.5179634627036365e-05,4.27092601837499e-05,1.9188158313468064e-07,4.3801016493580325e-06,0.013798915131734486
33.4,0.00847792589401167,0.0018047020203349482,0.0009021392313538519,0.001528482403300072,0.00034559638042586024,0.0001898928716941239,0.00032326703846118554,1.5178868751542771e-05,2.062540450876721e-05,5.399356538856499e-05,2.4971551801292368e-05,4.23418964656037e-05,1.895656371471137e-07,4.362499587782519e-06,0.013733669191722413
33.45,0.008446989031931638,0.0017975289553075118,0.0008949635347562664,0.0015158190919068776,0.0003442218885741069,0.00018833272168821227,0.00032050264186167835,1.4998143091988006e-05,2.037609172810375e-05,5.3778974739982894e-05,2.4765345734533773e-05,4.1977956986662144e-05,1.8728787105222518e-07,4.345002736541451e-06,0.013668786668915155
33.5,0.008416160577646221,0.0017903772989278147,0.000887850234123475,0.001503269693643407,0.00034285102810133064,0.00018678657248176377,0.00031776391055097857,1.4819766347874433e-05,2.0130057768571304e-05,5.356493487560971e-05,2.456099999233239e-05,4.1617411540569694e-05,1.8505020054882816e-07,4.327631668011794e-06,0.013604265167868506
33.550000000000004,0.008385440242164121,0.0017832471014581671,0.0008807987497001967,0.0014908331170628215,0.00034148381971615857,0.0001852542902534472,0.00031505059122932856,1.4643705529992923e-05,1.9887256139505135e-05,5.335144947258794e-05,2.4358498440563186e-05,4.126023058562662e-05,1.8285279967068968e-07,4.310393692115152e-06,0.013540102298244303
33.6,0.008354827736301315,0.0017761384111996143,0.0008738085073592096,0.0014785082816398962,0.00034012028357770257,0.00018373574250813153,0.00031236243319408884,1.4469928145866055e-05,1.964764105582174e-05,5.31385221933799e-05,2.4157824963817215e-05,4.090638458429557e-05,1.8069412050472655e-07,4.293282258291525e-06,0.013476295673101935
33.65,0.008324322770692474,0.001769051274517575,0.000866878938545784,0.0014662941176595476,0.0003387604393025112,0.0001822307980637549,0.0003096991883129222,1.4298402191788748e-05,1.941116742663395e-05,5.292615666935534e-05,2.39589632037612e-05,4.0555843387068896e-05,1.7857112346797052e-07,4.276278378827754e-06,0.01341284290947547
33.7,0.00829392505580232,0.0017619857358672764,0.000860009480222661,0.0014541895661064966,0.0003374043059714712,0.00018073932703831496,0.00030706061099724136,1.4129096145004518e-05,1.9177790844061434e-05,5.271435647409673e-05,2.3761896358808133e-05,4.020857575800821e-05,1.7647966450763796e-07,4.259353735734867e-06,0.013349741630986005
33.75,0.00826363430193687,0.0017549418378189788,0.0008531995748155606,0.0014421935785560417,0.0003360519021366561,0.00017926120083697797,0.0003044464581759148,1.396197895601489e-05,1.8947467572233224e-05,5.2503125090380113e-05,2.3566607077130615e-05,3.986454911750577e-05,1.744150552968456e-07,4.242475151980396e-06,0.013286989472297539
33.800000000000004,0.008233450219254533,0.0017479196210829764,0.0008464486701592066,0.0014303051170659142,0.0003347032458281196,0.00017779629213930334,0.00030185648926922526,1.3797020041019552e-05,1.872015453647879e-05,5.229246587592098e-05,2.337307746065072e-05,3.952372954421051e-05,1.7237276312605165e-07,4.225609872723997e-06,0.013224584084893411
33.85,0.008203372517777153,0.0017409191245344026,0.000839756219443887,0.001418523154069248,0.0003333583545606385,0.000176344474886589,0.0002992904661630886,1.3634189274485545e-05,1.849580931270524e-05,5.208238203333631e-05,2.3181289180455837e-05,3.918608203792071e-05,1.7034909612079965e-07,4.208730732592705e-06,0.013162523143102622
33.9,0.008173400907400897,0.0017339403852378072,0.0008331216811625168,0.0014068466722686015,0.00033201724534039903,0.00017490562426933004,0.00029674815318352045,1.3473456981842453e-05,1.8274390116956265e-05,5.187287658928732e-05,2.299122368680878e-05,3.885157100481127e-05,1.6834168828435168e-07,4.191820223009623e-06,0.01310080434915407
33.95,0.008143535097907056,0.0017269834384715322,0.000826544519058223,0.001395274664531068,0.0003306799346716306,0.0001734796167147956,0.00029422931707135763,1.3314793932301714e-05,1.8055855795150077e-05,5.166395238649578e-05,2.2802862482220747e-05,3.852016089186762e-05,1.6634971286141294e-07,4.174872871254223e-06,0.013039425436497816
34.0,0.008113774798972765,0.0017200483177518757,0.0008200242020724363,0.0013838061337844414,0.0003293464385631858,0.00017206632987472087,0.0002917337269572302,1.3158171331797291e-05,1.7840165812992265e-05,5.14556120904468e-05,2.2616187416174016e-05,3.8191816874087335e-05,1.6437388207261318e-07,4.157895839027236e-06,0.012978384171223252
34.050000000000004,0.008084119720181556,0.0017131350548570345,0.0008135602042934786,0.0013724400929144174,0.0003280167725350644,0.00017066564261311208,0.0002892611543367772,1.3003560816044927e-05,1.762728024605945e-05,5.124785821038527e-05,2.243118095650312e-05,3.786650548941593e-05,1.6241629543836046e-07,4.140907829569993e-06,0.01291767835157486
34.1,0.008054569571033872,0.0017062436798508495,0.0008071520049056616,0.0013611755646628562,0.00032669095162488466,0.00016927743499416814,0.0002868113730461145,1.2850934443717954e-05,1.7417159770050688e-05,5.104069313201732e-05,2.2247826395690508e-05,3.754419512377738e-05,1.6048011278598914e-07,4.123936333226028e-06,0.01285730580542967
34.15,0.008025124060957426,0.0016993742211063264,0.0008007990881388674,0.0013500115815270517,0.0003253689903942985,0.00016790158827031265,0.00028438415923754155,1.270026468973651e-05,1.720976565120198e-05,5.0834119157474376e-05,2.2066107959899384e-05,3.722485627077923e-05,1.5856901124076425e-07,4.107013378987756e-06,0.012797264385751147
34.2,0.00799578289931748,0.0016925267053289536,0.0007945009432186279,0.001338947185660036,0.0003240509029353532,0.00016653798487034017,0.00028197929135549406,1.2551524438668313e-05,1.700505973686107e-05,5.062813854688168e-05,2.188601080301686e-05,3.690846152432284e-05,1.5668650165053774e-07,4.090170446023606e-06,0.012737551964683708
34.25,0.00796654579542703,0.0016857011575798122,0.0007882570643166902,0.0013279814287718939,0.00032273670287679855,0.00016518650838767422,0.0002795965501127367,1.2404686978238503e-05,1.6803004446218907e-05,5.042275355548324e-05,2.1707520885141505e-05,3.659498530230444e-05,1.548353000776468e-07,4.0734336146639485e-06,0.012678166427554762
34.300000000000004,0.007937412458556852,0.0016788976012984639,0.0007820669505020545,0.0013171133720320622,0.0003214264033903379,0.00016384704356873407,0.00027723571846679086,1.2259725992946348e-05,1.6603562761194483e-05,5.021796646078809e-05,2.153062475225125e-05,3.628440333982745e-05,1.53016921760356e-07,4.056819924392608e-06,0.012619105667968457
34.35,0.007908382597945494,0.0016721160583256457,0.0007759301056925031,0.0013063420859726442,0.0003201200171968271,0.00016251947630141432,0.0002748965815966034,1.2116615557787433e-05,1.6406698217471116e-05,5.001377957555587e-05,2.1355309248637147e-05,3.597669202484187e-05,1.5123151541065812e-07,4.040335338238135e-06,0.012560367584509078
34.4,0.007879455922809114,0.0016653565489257406,0.0007698460386065884,0.0012956666503926813,0.00031881755657241657,0.00016120369360367074,0.000272578926879444,1.1975330132079068e-05,1.6212374895680878e-05,4.9810195244441985e-05,2.1181561203863555e-05,3.567182767278132e-05,1.4947785594662148e-07,4.023974245303715e-06,0.012501950079039753
34.45,0.007850632142351259,0.0016586190918090487,0.0007638142627160993,0.001285086154263414,0.0003175190333546404,0.0001598995836122163,0.00027028254386803774,1.1835844553387908e-05,1.6020557412735834e-05,4.960721582449464e-05,2.1009367140016e-05,3.536978584615598e-05,1.4775345741358832e-07,4.007720399799235e-06,0.012443851056608715
34.5,0.007821910965772533,0.0016519037041538513,0.0007578342961989917,0.001274599695634505,0.00031622445894845144,0.0001586070355713245,0.00026800722426792727,1.169813403155819e-05,1.58312109133038e-05,4.940484365208793e-05,2.0838713042250535e-05,3.507054081887272e-05,1.460548560345679e-07,3.991549324512575e-06,0.012386068427186203
34.550000000000004,0.0077932921022801395,0.0016452104016282578,0.000751905661892771,0.0012642063815412011,0.0003149338443322004,0.0001573259398217376,0.000265752761915059,1.1562174142839043e-05,1.564430106142658e-05,4.9203081000940537e-05,2.0669584226607655e-05,3.4774065264285305e-05,1.443780964593749e-07,3.975432039880678e-06,0.012328600109243804
34.6,0.007764775261097372,0.0016385391984118603,0.0007460278872483436,0.0012539053279124628,0.0003136472000635631,0.00015605618778968312,0.00026351895275359994,1.1427940824110032e-05,1.5459794032279403e-05,4.90019300372996e-05,2.050196532506193e-05,3.448033021372516e-05,1.4271932984896894e-07,3.959339503843402e-06,0.012271444034543052
34.65,0.007736360151472952,0.001631890107217168,0.000740200504284308,0.0012436956594800077,0.00031236453628541146,0.00015479767197599297,0.00026130559481397334,1.129541036720295e-05,1.5277656504068925e-05,4.880139277894087e-05,2.033584039090336e-05,3.4189305293259044e-05,1.410753458688021e-07,3.943246833039072e-06,0.012214598153043097
34.7,0.007708046482690308,0.0016252631393108457,0.0007344230495417023,0.0012335765096882943,0.0003110858627316318,0.0001535502859453284,0.0002591124881911194,1.1164559413318865e-05,1.5097855650068205e-05,4.860147106425528e-05,2.01711931102368e-05,3.3900959206344294e-05,1.3944391906478048e-07,3.927136578268564e-06,0.012158060437040789
34.75,0.00767983396407676,0.001618658304534747,0.0007286950640391959,0.0012235470206054249,0.0003098111887328896,0.00015231392431550852,0.0002569394350229761,1.1035364947538629e-05,1.4920359130786222e-05,4.840216653639113e-05,2.0008007090110466e-05,3.361526039467415e-05,1.3782398555814146e-07,3.911000826664762e-06,0.012101828884239222
34.800000000000004,0.007651722305012556,0.0016120756113267366,0.0007230160932287126,0.0012136063428349424,0.0003085405232223383,0.0001510884827469401,0.00025478623946917556,1.0907804293424942e-05,1.4745135086269013e-05,4.820348064537461e-05,1.9846266182705813e-05,3.333217778387076e-05,1.3621572259087703e-07,3.894842173230479e-06,0.012045901519728867
34.85,0.0076237112149398845,0.0016055150667413202,0.0007173856869515019,0.0012037536354285487,0.0003072738747412767,0.0001498738579321518,0.0002526527076899621,1.0781855107714648e-05,1.4572152128530456e-05,4.8005414668620844e-05,1.9685954799691346e-05,3.305168150837497e-05,1.346205307943856e-07,3.878673463569044e-06,0.011990276396631942
34.9,0.007595800403371728,0.0015989766764700616,0.0007118033993946311,0.0011939880657996938,0.00030601125144475046,0.00014866994758542764,0.00025053864782532097,1.0657495375098807e-05,1.4401379334109139e-05,4.780796974762192e-05,1.952705817199598e-05,3.277374351253643e-05,1.3304083439360505e-07,3.862516044277459e-06,0.011934951594911649
34.95,0.007567989579900657,0.0015924604448618056,0.0007062687890479119,0.0011843088096380626,0.00030475266110710085,0.00014747665043254277,0.00024844386997432445,1.053470340308915e-05,1.4232786236749055e-05,4.761114693623626e-05,1.9369562517720914e-05,3.249833794204325e-05,1.3147965446216177e-07,3.8463965241062465e-06,0.011879925218176815
35.0,0.007540278454207529,0.0015859663749427007,0.0007007814186612524,0.001174715050824934,0.00030349811112746034,0.00014629386620059942,0.0002463681861746901,1.0413457816968867e-05,1.4066342820201149e-05,4.741494725424016e-05,1.921345509361396e-05,3.222544126893831e-05,1.299400527201163e-07,3.83034265578815e-06,0.011825195389101638
35.050000000000004,0.007512666736070065,0.0015794944684360138,0.000695340855202421,0.0011652059813493942,0.0003022476085351922,0.00014512149560796066,0.0002443114103825471,1.0293737554825815e-05,1.3902019511142817e-05,4.721937173889871e-05,1.9058724121681965e-05,3.1955032130435155e-05,1.284246304303619e-07,3.814379319658175e-06,0.011770760244590669
35.1,0.007485154135371374,0.0015730447257817593,0.0006899466698152381,0.001155780801225427,0.0003010011599952795,0.00014395944035428535,0.00024227335845241642,1.0175521862666984e-05,1.373978717221362e-05,4.702442148741039e-05,1.890535859984406e-05,3.168709090141566e-05,1.269351987818275e-07,3.7985253540554815e-06,0.011716617931572167
35.15,0.0074577403621083425,0.0015666171461561173,0.000684598437778169,0.001146438718409833,0.0002997587718136577,0.0001428076031106587,0.0002402538481173941,1.005879028961223e-05,1.357961709516435e-05,4.683009768417317e-05,1.875334802161117e-05,3.142159905737834e-05,1.254725961215983e-07,3.7827914198083336e-06,0.011662766603658042
35.2,0.007430425126399959,0.0015602117274906631,0.0006792957384633331,0.0011371789487210026,0.0002985204499424956,0.00014166588750982165,0.00023825269896954375,9.94352268316647e-06,1.34214809941182e-05,4.663640160877803e-05,1.860268204239985e-05,3.1158538413647795e-05,1.240365753232766e-07,3.7671788040739264e-06,0.011609204418618325
35.25,0.007403208138495554,0.001553828466491402,0.0006740381552959183,0.0011280007157585224,0.00029728619998542304,0.0001405341981364968,0.00023626973244049267,9.829699184569017e-06,1.3265350998942289e-05,4.644333462319294e-05,1.8453350137531532e-05,3.089789034387078e-05,1.2262576277067236e-07,3.7516792465312103e-06,0.011555929536901217
35.300000000000004,0.007376089108782904,0.0015474673586575998,0.0006688252757139882,0.0011189032508235929,0.00029605602720270347,0.00013941244051780846,0.00023430477178222787,9.717300224218931e-06,1.311119964872794e-05,4.625089813941755e-05,1.8305341298249006e-05,3.06396350838933e-05,1.2123777709876603e-07,3.7362760843922336e-06,0.011502940121736822
35.35,0.007349067747796311,0.0015411283983004325,0.0006636566911286985,0.0011098857928402803,0.0002948299365163567,0.00013830052111379976,0.00023235764204809637,9.6063065171759e-06,1.295899988537909e-05,4.605909357158388e-05,1.8158643807063906e-05,3.038375121568475e-05,1.1986956172803662e-07,3.7209467929514447e-06,0.011450234341095544
35.4,0.007322143766224524,0.0015348115785614308,0.0006585319968848965,0.0011009475882775603,0.0002936079325152256,0.00013719834730804183,0.00023042817007399975,9.496699058735266e-06,1.2808725047306976e-05,4.586792227868049e-05,1.801324512314628e-05,3.0130215401707248e-05,1.1851785333706943e-07,3.7056664294629035e-06,0.011397810371038054
35.45,0.007295316874918619,0.0015285168914307412,0.0006534507922221167,0.0010920878910721718,0.0002923900194599928,0.00013610582739833726,0.0002285161844597878,9.388459120076728e-06,1.2660348863230485e-05,4.567738550548745e-05,1.7869131893743477e-05,2.9879002406444618e-05,1.1717962387562942e-07,3.690411123224327e-06,0.011345666399497847
35.5,0.007268586784899786,0.0015222443277651966,0.0006484126802359636,0.001083305962552266,0.00029117620128814444,0.0001350228705875163,0.00022662151555084644,9.281568243985533e-06,1.2513845446080525e-05,4.548748432972017e-05,1.7726290090767183e-05,2.9630085403347845e-05,1.1585238898098159e-07,3.6751609639253284e-06,0.011293800629746527
35.550000000000004,0.007241953207366989,0.0015159938773061875,0.0006434172678398704,0.0010746010713618256,0.00028996648161888064,0.00013394938697432277,0.00022474399541987512,9.176008240644934e-06,1.236918928700672e-05,4.5298219622726274e-05,1.7584705254984054e-05,2.9383436527431095e-05,1.1453440471818597e-07,3.659902169375713e-06,0.011242211283394837
35.6,0.0072154158537045925,0.0015097655286973603,0.0006384641657272464,0.00106597249338588,0.00028876086375797687,0.0001328852875443931,0.00022288345784885882,9.071761183499034e-06,1.2226355249485082e-05,4.510959202943283e-05,1.7444362815914344e-05,2.9139027601198782e-05,1.1322483068288692e-07,3.6446286801032072e-06,0.011190896603056624
35.65,0.007188974435489855,0.0015035592695021127,0.0006335529883339909,0.0010574195116764716,0.0002875593507025911,0.0001318304841613227,0.00022103973831122425,8.968809405184191e-06,1.2085318563524081e-05,4.4921601970802855e-05,1.7305248445468423e-05,2.889683093870739e-05,1.1192386472413327e-07,3.6293430953914765e-06,0.011139854854461374
35.7,0.007162628664500363,0.0014973750862209121,0.0006286833538013848,0.0010489414163793963,0.0002863619451460218,0.0001307848895578232,0.00021921267395418528,8.867135493527856e-06,1.194605481996737e-05,4.473424966914891e-05,1.716734839883542e-05,2.8656820122254242e-05,1.1063275159102815e-07,3.6140565154958456e-06,0.011089084327330908
35.75,0.007136378252721379,0.0014912129643084302,0.0006238548839393515,0.0010405375046616968,0.00028516864948241493,0.00012974841732696767,0.0002174021035812732,8.766722287613145e-06,1.1808539964890596e-05,4.454753519364021e-05,1.7030649797724872e-05,2.8418970649661614e-05,1.0935357205710964e-07,3.598786943163455e-06,0.011038583334430266
35.800000000000004,0.007110222912353079,0.0014850728881904834,0.0006190672041900757,0.0010322070806398915,0.00028397946581141886,0.00012872098191352193,0.00021560786763504726,8.66755287390741e-06,1.1672750294089729e-05,4.436145852062821e-05,1.6895140818496478e-05,2.8183260366850524e-05,1.0808884560199638e-07,3.5835564831785123e-06,0.010988350208936267
35.85,0.007084162355817743,0.0014789548412808043,0.0006143199435919947,0.0010239494553089601,0.00028279439594279147,0.00012770249860536486,0.00021382980817999064,8.569610582453642e-06,1.153866244765912e-05,4.417601960136381e-05,1.6760810759986117e-05,2.7949669628144566e-05,1.0684109832157762e-07,3.5683881251179527e-06,0.010938383300970697
35.9,0.0070581962957668234,0.001472858805997618,0.0006096127347441365,0.001015763946472043,0.00028161344140095474,0.00012669288352499248,0.00021206776888558218,8.47287898312282e-06,1.1406253404656486e-05,4.3991218428561235e-05,1.6627649981332675e-05,2.7718181161874467e-05,1.0561253314650268e-07,3.553302872459328e-06,0.010888680974157303
35.95,0.007032324445087953,0.0014667847637800473,0.0006049452137708207,0.0010076498786708767,0.00028043660342950115,0.00012569205362110878,0.000210321595009549,8.377341881926313e-06,1.1275500477853462e-05,4.380705509324033e-05,1.6495649716829573e-05,2.7488779656804183e-05,1.0440481572730856e-07,3.538317471342482e-06,0.01083924160248358
36.0,0.007006546516911878,0.001460732695104337,0.00060031702028671,0.0009996065831169478,0.00027926388299565085,0.00012469992666030115,0.00020859113338129564,8.28298331738704e-06,1.1146381308569864e-05,4.362352982436202e-05,1.6364801790622016e-05,2.726145112074947e-05,1.0321889970937229e-07,3.523442590281261e-06,0.010790063567308798
36.050000000000004,0.0069808622246192685,0.0014547025794998938,0.0005957277973622036,0.0009916333976233438,0.0002780952807946576,0.0001237164212187982,0.00020687623238550577,8.189787556968398e-06,1.1018873861590274e-05,4.344064300583478e-05,1.6235098266935645e-05,2.7036182091907498e-05,1.0205485532252369e-07,3.5086814245852137e-06,0.010741145254566816
36.1,0.0069552712818475035,0.001448694395565161,0.0005911771914891847,0.0009837296665373247,0.0002769307972541685,0.00012274145667431286,0.00020517674194592126,8.097739093560505e-06,1.0892956420162352e-05,4.325839516825985e-05,1.6106531079822e-05,2.681295880217022e-05,1.0091177358679869e-07,3.494029107228456e-06,0.010692485052758367
36.15,0.006929773402497319,0.0014427081209833041,0.0005866648525471001,0.0009758947406735737,0.00027577043253853206,0.00012177495319796567,0.0002034925135092893,8.006822642022833e-06,1.0768607581075647e-05,4.3076786955947495e-05,1.5979091689095444e-05,2.6591766397746393e-05,9.978785432306449e-08,3.4794734058680596e-06,0.010644081352473161
36.2,0.00690436830073941,0.001436743732537731,0.0005821904337693845,0.0009681279772481484,0.00027461418655305974,0.00012081683174629126,0.00020182340002948229,7.917023135783051e-06,1.0645806249820767e-05,4.2895819072883135e-05,1.5852770805901207e-05,2.637258831512829e-05,9.86806941252936e-08,3.4649967235358554e-06,0.010595932547620684
36.25,0.006879055691020959,0.00143080120612744,0.0005777535917102195,0.0009604287398131127,0.00027346205894823895,0.00011986701405332546,0.00020016925595178588,7.828325723491502e-06,1.0524531635828242e-05,4.271549221404853e-05,1.57275582226404e-05,2.6155405890859774e-05,9.758766141518744e-08,3.4505787933188313e-06,0.010548037037766682
36.300000000000004,0.006853835288072036,0.0014248805167821849,0.0005733539862116182,0.0009527963981918343,0.0002723140491238966,0.00011892542262277124,0.0001985299371973517,7.740715765730733e-06,1.0404763247786317e-05,4.2535806990466135e-05,1.560344276893664e-05,2.5940198254281375e-05,9.65062135512438e-08,3.4361992734232823e-06,0.010500393230715869
36.35,0.006828706806911989,0.001418981638677485,0.0005689912803708474,0.0009452303284149661,0.0002711701562333171,0.00011799198072024578,0.00019690530114781807,7.65417883177982e-06,1.0286480889037468e-05,4.235676385728046e-05,1.548041239964473e-05,2.5726942517200023e-05,9.543410375817732e-08,3.4218398573090405e-06,0.010452999544932676
36.4,0.006803669962855691,0.0014131045451494502,0.0005646651405081664,0.0009377299126570735,0.0002700303791873107,0.00011706661236560392,0.00019529520663009,7.568700696432429e-06,1.0169664653052106e-05,4.217836305398816e-05,1.5358454404558846e-05,2.551561423768788e-05,9.436953962551532e-08,3.4074860466732565e-06,0.010405854411985403
36.45,0.006778724471519748,0.001407249208709448,0.0005603752361348939,0.0009302945391739268,0.00026889471665823643,0.0001161492423253405,0.0001936995139012826,7.484267336868058e-06,1.005429491897877e-05,4.200060456459498e-05,1.5237555714503258e-05,2.5306188101514695e-05,9.331136858868845e-08,3.393128820690821e-06,0.010358956279248615
36.5,0.006753870048828629,0.0014014156010586022,0.0005561212399217939,0.0009229236022404426,0.0002677631670839779,0.00011523979610506925,0.0001921180846338231,7.400864929575319e-06,9.940352347269076e-06,4.182348810316145e-05,1.5117703266691284e-05,2.509863873815912e-05,9.225926968523888e-08,3.3787660139551038e-06,0.010312303612540834
36.550000000000004,0.006729106411020688,0.0013956036931021194,0.0005519028276677725,0.0009156165020892562,0.0002666357286718715,0.00011433819994207618,0.00019055078190070756,7.3184798473259465e-06,9.827817875375524e-06,4.164701312717697e-05,1.4998884385010474e-05,2.4892941572087546e-05,9.121383704032618e-08,3.364402809608162e-06,0.010265894897848116
36.6,0.006704433274654155,0.0013898134549634603,0.0005477196782688952,0.000908372644849945,0.0002655123994025908,0.00011344438079794978,0.00018899747016091554,7.237098656198538e-06,9.716672713520605e-06,4.147117887783743e-05,1.488108712905794e-05,2.4689073605880932e-05,9.017646061082207e-08,3.3500508960857257e-06,0.010219728641437104
36.65,0.006679850356613005,0.0013840448559983387,0.0005435714736877066,0.0009011914424888651,0.00026439317703398293,0.00011255826635128336,0.00018745801524497455,7.156708112650322e-06,9.60689834053464e-06,4.1295984442999724e-05,1.4764300569483808e-05,2.4487014040177317e-05,8.914903433485279e-08,3.3357264789071158e-06,0.010173803368437245
36.7,0.006655357374112783,0.001378297864808564,0.0005394578989228629,0.000894072312749621,0.0002632780591048618,0.00011167978499045183,0.00018593228434067742,7.077295160635894e-06,9.498476499760735e-06,4.1121428835755326e-05,1.4648514956026818e-05,2.4286744655142857e-05,8.813362767091595e-08,3.321447888648305e-06,0.010128117620653462
36.75,0.006630954044706358,0.0013725724492557254,0.0005353786419790673,0.0008870146790941515,0.00026216704293875585,0.0001108088658064609,0.00018442014597894887,6.998846928771538e-06,9.391389195024694e-06,4.09475110795482e-05,1.4533721757462261e-05,2.4088249906822504e-05,8.713223848174818e-08,3.3072334652452936e-06,0.010082669954330822
36.800000000000004,0.006606640086289564,0.0013668685764747055,0.000531333393837302,0.000880017970644415,0.00026106012564761067,0.00010994543858586651,0.00018292147001985703,6.9213507275438816e-06,9.285618686668086e-06,4.0774230289813945e-05,1.4419913567979223e-05,2.3891516725791975e-05,8.614662999837632e-08,3.2930998437643823e-06,0.010037458937970879
36.85,0.006582415217106821,0.0013611862128870506,0.000527321848425366,0.0008730816221246943,0.0002599573041354497,0.00010908943380376706,0.000181436127638774,6.844794046562224e-06,9.181147487643408e-06,4.060158574236103e-05,1.430708389041998e-05,2.3696534040971836e-05,8.517816998508043e-08,3.2790603413582595e-06,0.009992483149841224
36.9,0.0065582791557566335,0.0013555253242141705,0.0005233437025887001,0.0008662050738044835,0.0002588585751019892,0.00010824078261686372,0.00017996399131267704,6.769164551853477e-06,9.07795835966983e-06,4.0429576920128697e-05,1.4195226821440039e-05,2.3503292084069474e-05,8.422762599546721e-08,3.2651232991076026e-06,0.009947741175057784
36.95,0.006534231621197048,0.0013498858754903912,0.0005193986560615099,0.0008593877714419769,0.00025776393504621195,0.00010739941685659143,0.0001785049348065944,6.694450083199475e-06,8.976034309449233e-06,4.0258203532385566e-05,1.4084336675247774e-05,2.331178155603717e-05,8.329498061629627e-08,3.251290760831965e-06,0.00990323160279809
37.0,0.006510272332751039,0.0013442678310758524,0.0005154864114381781,0.0008526291662281429,0.0002566733802698981,0.00010656526902231843,0.00017705883316019192,6.620638651516224e-06,8.875358584941995e-06,4.0087465503592796e-05,1.3974407589799137e-05,2.3121992753119384e-05,8.237938734550577e-08,3.2375581426442377e-06,0.00985895302455858
37.050000000000004,0.006486401010111788,0.0013386711546692445,0.0005116066741449579,0.0008459287147313682,0.00025558690688111255,0.00010573827227461256,0.00017562556267449733,6.547718436274844e-06,8.775914671702284e-06,3.991736293268269e-05,1.3865433161343335e-05,2.293391475464661e-05,8.147932210436371e-08,3.2239151901371973e-06,0.009814904033956472
37.1,0.006462617373347951,0.001333095809320406,0.0005077591524119587,0.0008392858788426893,0.0002545045107976526,0.0001049183604285767,0.00017420500089876555,6.475677782964368e-06,8.677686289273234e-06,3.974789602698599e-05,1.3757406149854236e-05,2.274753476726809e-05,8.059285782613209e-08,3.2103478268150774e-06,0.00977108322774899
37.15,0.006438921142908791,0.001327541757442757,0.0005039435572454047,0.0008327001257215788,0.00025342618775045197,0.00010410546794724894,0.00017279702661747765,6.404505200596056e-06,8.580657387641672e-06,3.9579065018069936e-05,1.3650318289586958e-05,2.2562837701814442e-05,7.971792526711882e-08,3.1968401172912753e-06,0.009727489207273978
37.2,0.006415312039629286,0.0013220089608255929,0.0005001596024001775,0.0008261709277423021,0.00025235193328694496,0.00010329952993506992,0.00017140151983747727,6.3341893592493744e-06,8.484812143752706e-06,3.941087006897293e-05,1.3544160226789269e-05,2.2379806031775518e-05,7.885248054736713e-08,3.18337583938171e-06,0.00968412057980732
37.25,0.006391789784735164,0.0013164973806462288,0.0004964070043526335,0.0008196977624408307,0.0002512817427743903,0.00010250048213141545,0.0001700183617752408,6.264719087659313e-06,8.390134958083816e-06,3.92433111834725e-05,1.3438921591922589e-05,2.2198419949768323e-05,7.799461517386569e-08,3.1699397692597593e-06,0.009640975960011242
37.300000000000004,0.006368354099847832,0.0013110069774819896,0.0004926854822736899,0.0008132801124622968,0.00025021561140315264,0.00010170826090419248,0.00016864743484427808,6.19608337084453e-06,8.296610451277794e-06,3.907638812796199e-05,1.3334591198323433e-05,2.2018657804203633e-05,7.714270023468893e-08,3.1565190955487627e-06,0.009598053971965826
37.35,0.006345004706989294,0.0013055377113220668,0.0004889947580021884,0.0008069174655090065,0.0002491535341899462,0.0001009228032435008,0.00016728862264266708,6.128271347775978e-06,8.204223460834012e-06,3.891010037523519e-05,1.3231157344836195e-05,2.184049676655189e-05,7.629559869473423e-08,3.1431050778634947e-06,0.009555353251870461
37.4,0.006321741328586945,0.0013000895415792176,0.00048533455601851847,0.0008006093142889792,0.00024809550598103636,0.00010014404675535616,0.00016594180994071504,6.0612723090848745e-06,8.112959037856389e-06,3.874444707712049e-05,1.3128608188197087e-05,2.1663913653696115e-05,7.545286967615462e-08,3.129694477421701e-06,0.00951287245076382
37.45,0.006298563687478335,0.0012946624271013309,0.0004817046034185109,0.0007943551564650285,0.0002470415214554033,9.937192965547707e-05,0.00016460688266874948,5.995075694809247e-06,8.022802443856819e-06,3.857942706973109e-05,1.3026932143147782e-05,2.1488885812650443e-05,7.461484077501556e-08,3.1162900454279345e-06,0.009470610236293234
37.5,0.006275471506915865,0.00128925632618285,0.00047810462988759415,0.0007881544946043737,0.00024599157512786627,9.860639076313337e-05,0.00016328372790503571,5.929671092177751e-06,7.933739147612105e-06,3.8415038911456174e-05,1.292611826523e-05,2.1315391968207486e-05,7.37824927546032e-08,3.1028997636255377e-06,0.009428565293027782
37.550000000000004,0.006252464510571383,0.0012838711965760473,0.0004745343676752044,0.0007820068361287631,0.0002449456613521674,9.784736949505486e-05,0.000161972233863817,5.865048233429384e-06,7.845754822072295e-06,3.825128095012147e-05,1.2826156573239182e-05,2.1143412938484185e-05,7.29572240966256e-08,3.089535247343946e-06,0.009386736321651228
37.6,0.006229542422540766,0.0012785069955021718,0.0004709935515694614,0.0007759116932651292,0.0002439037743240195,9.709480585940185e-05,0.00016067228988348098,5.801196993668038e-06,7.758835341318663e-06,3.8088151412413076e-05,1.2727038275112086e-05,2.097293213827054e-05,7.21406245342506e-08,3.0762100854073105e-06,0.009345122037815156
37.65,0.006206704967348384,0.001273163679662446,0.0004674819188720906,0.0007698685829967428,0.0002428659080841128,9.634864044979391e-05,0.0001593837864148449,5.738107388750305e-06,7.67296677756904e-06,3.792564850605993e-05,1.2628755871789457e-05,2.0803935813807526e-05,7.133433158498698e-08,3.0629385852659624e-06,0.009303721171103247
37.7,0.006183951869951537,0.0012678412052489346,0.0004639992093736032,0.000763877027014883,0.000241832056521086,9.56088144393987e-05,0.0001581066150095628,5.675769573205668e-06,7.588135398229007e-06,3.7763770523707614e-05,1.2531303127119657e-05,2.063641298244811e-05,7.05399326911579e-08,3.0497347556435136e-06,0.009262532463852047
37.75,0.006161282855744824,0.0012625395279552774,0.00046054516532872497,0.0007579365516710083,0.00024080221337445916,9.487526957507917e-05,0.00015684066830865158,5.614173838188011e-06,7.504327662987406e-06,3.760251593706447e-05,1.2434674906652142e-05,2.0470355083250857e-05,6.975882373635695e-08,3.036611051846973e-06,0.00922155466926175
37.800000000000004,0.006138697650564417,0.0012572586029872793,0.0004571195314320681,0.0007520466879294165,0.0002397763722375284,9.414794817159745e-05,0.00015558584003113262,5.553310609457633e-06,7.4215302209549415e-06,3.744188347080804e-05,1.233886690259029e-05,2.030575537631461e-05,6.899199424490872e-08,3.023576743332479e-06,0.009180786548671141
37.85,0.006116195980692321,0.00125199838507338,0.00045372205479405465,0.0007462069713204078,0.0002387545265602258,9.342679310587756e-05,0.00015434202496279203,5.493170445393496e-06,7.339729907845494e-06,3.7281872147813195e-05,1.2243875274651822e-05,2.0142608156103257e-05,6.823981674782616e-08,3.010636390115665e-06,0.009140226868647724
37.9,0.0060937775728605245,0.0012467588284749789,0.0004503524849170752,0.000740416941893923,0.00023773666965194086,9.271174781132308e-05,0.00015310911894505318,5.433744035035226e-06,7.258913743199507e-06,3.7122481300278286e-05,1.2149696245755536e-05,1.9980907864151056e-05,6.750196144547396e-08,2.997789179594542e-06,0.009099874398884279
37.95,0.0060714421542551154,0.0012415398869966387,0.0004470105736718921,0.0007346761441736702,0.00023672279468430743,9.200275627219196e-05,0.0001518870188639648,5.375022196155002e-06,7.179068927649745e-06,3.696371054496405e-05,1.2056325696322333e-05,1.9820648197234586e-05,6.677748921509187e-08,2.985029470416388e-06,0.009059727911439736
38.0,0.006049189452520341,0.0012363415139961577,0.00044369607527428056,0.0007289841271117282,0.00023571289469395503,9.129976301802688e-05,0.00015067562263930173,5.316995873359383e-06,7.10018284022963e-06,3.68055597246257e-05,1.1963758801035535e-05,1.966182130724969e-05,6.606505819041833e-08,2.972348159472935e-06,0.009019786181017954
38.050000000000004,0.00602701919576257,0.0012311636623945075,0.0004404087462618994,0.0007233404440436138,0.0002347069625852236,9.060271311813968e-05,0.0001494748292137756,5.259656136221165e-06,7.022243035724435e-06,3.6648028821398365e-05,1.1871989747190693e-05,1.9504417178726702e-05,6.536312032671154e-08,2.9597340934283265e-06,0.008980047985512746
38.1,0.006004931112554246,0.0012260062846856544,0.00043714834547140257,0.0007177446526438269,0.0002337049911328456,8.991155217615192e-05,0.00014828453854235897,5.202994177441659e-06,6.945237242066023e-06,3.64911178509925e-05,1.1781011564853978e-05,1.9348423250400468e-05,6.467003374825073e-08,2.947175024895401e-06,0.008940512106350882
38.15,0.0059829249319377316,0.0012208693329462436,0.0004339146340157736,0.0007121963148818461,0.00023270697298459142,8.922622632458807e-05,0.0001471046515817168,5.1470013110432506e-06,6.8691533577710925e-06,3.633482674873047e-05,1.1690816086969967e-05,1.9193824320773384e-05,6.398412173018565e-08,2.9346582684052378e-06,0.008901177328887915
38.2,0.005961000383429122,0.0012157527588451669,0.0004307073752618931,0.0007066949969785889,0.00023171290066388225,8.854668221952354e-05,0.00014593507027974874,5.091668970592405e-06,6.793979449423238e-06,3.6179155259473694e-05,1.1601394043668054e-05,1.9040602747154767e-05,6.330376920533217e-08,2.9221716043403248e-06,0.008862042443521786
38.25,0.005939157197022004,0.0012106565136530063,0.00042752633480833184,0.000701240269363324,0.00023072276657236924,8.787286703528588e-05,0.0001447756975652395,5.036988707452774e-06,6.719703749198404e-06,3.602410284323209e-05,1.151273528081644e-05,1.8888738916565436e-05,6.262760786645541e-08,2.90970473193516e-06,0.008823106247856628
38.300000000000004,0.005917395103191123,0.0012055805482513477,0.0004243712804633636,0.0006958317066310237,0.0002297365629924777,8.720472845920802e-05,0.00014362643733761507,4.98295218906784e-06,6.646314652432949e-06,3.5869668606736116e-05,1.142482907985995e-05,1.8738211938471634e-05,6.19547399522497e-08,2.8972509224288043e-06,0.00878436754945511
38.35,0.005895713832896035,0.0012005248131419857,0.0004212419822232057,0.0006904688875001706,0.0002287542820899203,8.654221468643535e-05,0.00014248719445680779,4.929551197272548e-06,6.573800715233449e-06,3.5715851268640356e-05,1.1337664545483468e-05,1.8589000486469037e-05,6.128488476624019e-08,2.884808096321472e-06,0.008745825168188746
38.400000000000006,0.005874113117584658,0.0011954892584559952,0.00041813821225047146,0.0006851513947709906,0.00022777591591617544,8.588527441478333e-05,0.0001413578747332245,4.876777626632699e-06,6.502150652126455e-06,3.556264916258468e-05,1.1251231020707734e-05,1.8441083701009402e-05,6.061836519924937e-08,2.8723787719055837e-06,0.008707477937426465
38.45,0.005852592689196816,0.0011904738339626973,0.00041505974485284754,0.0006798788152841312,0.00022680145641093484,8.523385683964821e-05,0.00014023838491782176,4.824623482811178e-06,6.431353333746692e-06,3.5410060278427894e-05,1.1165518486315562e-05,1.8294442059435215e-05,5.995595666298401e-08,2.8599690368388e-06,0.008669324704099137
38.5,0.005831152280167667,0.0011854784890784958,0.0004120063564619787,0.0006746507398797589,0.0002258308954045172,8.458791164896743e-05,0.00013912863269228246,4.773080880959477e-06,6.3613977845613755e-06,3.525808233799257e-05,1.1080517903250471e-05,1.8149058123399203e-05,5.9298705509450794e-08,2.847587263285148e-06,0.008631364328332626
38.550000000000004,0.005809791623431123,0.0011805031728756047,0.00040897782561257026,0.0006694667633570875,0.00022486422462025097,8.394738901823166e-05,0.0001380285266592966,4.722142044133341e-06,6.2922731806287835e-06,3.5106712898037985e-05,1.0996221462608734e-05,1.8004917086699088e-05,5.8647813432585636e-08,2.8352432228804144e-06,0.008593595683282584
38.6,0.005788510452423204,0.001175547834090661,0.0004059739329217007,0.0006643264844343282,0.0002239014356768253,8.331223960554715e-05,0.00013693797633294373,4.671799301731134e-06,6.223968847388889e-06,3.4955949470282426e-05,1.0912622717410848e-05,1.786200706726556e-05,5.800459133800045e-08,2.822947646344258e-06,0.00855601765512697
38.650000000000006,0.005767308501085309,0.0011706124211332148,0.00040299446106833867,0.000659229505709047,0.00022294252009060828,8.268241454674673e-05,0.00013585689212917442,4.62204508795362e-06,6.156474257484077e-06,3.480578964642904e-05,1.082971658248745e-05,1.7720319113366807e-05,5.737040139409876e-08,2.8107117026880397e-06,0.008518629142554243
38.7,0.005746185503867476,0.0011656968820941192,0.0004000391947730728,0.000654175433618946,0.00022198746927793578,8.205786545055178e-05,0.00013478518535639368,4.572871940284346e-06,6.0897790286086e-06,3.465623121550423e-05,1.0747499202291021e-05,1.7579846923337338e-05,5.674651063597383e-08,2.798545888576045e-06,0.008481429055147732
38.75,0.005725141195731546,0.0011608011647537954,0.0003971079207780394,0.0006491638784030401,0.00022103627455736727,8.143854439378137e-05,0.00013372276820614054,4.524272497989618e-06,6.023872921385308e-06,3.45072722614601e-05,1.066596769986762e-05,1.7440586307304094e-05,5.613386883554373e-08,2.78645840980927e-06,0.008444416310790362
38.800000000000004,0.005704175312154298,0.0011559252165903955,0.0003942004278270564,0.0006441944540632452,0.00022008892715191238,8.082440391661109e-05,0.00013266955374386684,4.4762395006377855e-06,5.958745837269181e-06,3.435891123086512e-05,1.0585119832232783e-05,1.7302534445487613e-05,5.553291285736041e-08,2.7744537509809654e-06,0.008407589832957717
38.85,0.005683287589130535,0.0011510689847878557,0.0003913165066459581,0.0006392667783263643,0.00021914541819122686,8.021539701787962e-05,0.00013162545589981257,4.428765786637571e-06,5.894387816477338e-06,3.4211146963420886e-05,1.0504953586783199e-05,1.7165689018041646e-05,5.494350502853893e-08,2.7625321843631286e-06,0.008370948548860386
38.900000000000006,0.0056624777631760865,0.0011462324162438333,0.00038845594992312335,0.0006343804726064619,0.0002182057387137772,7.961147715044218e-05,0.00013059038945997562,4.38184429179553e-06,5.83078903594572e-06,3.406397868171105e-05,1.0425466759209059e-05,1.7030047294024204e-05,5.436502693552143e-08,2.7506903870661378e-06,0.008334491388750387
38.95,0.005641745571330802,0.0011414154575775466,0.00038561855229020647,0.0006295351619676397,0.00021726987966897736,7.901259821657256e-05,0.00012956427005717861,4.335468047893165e-06,5.7679398073133085e-06,3.39174059406468e-05,1.034665655508571e-05,1.6895605270755123e-05,5.37965480959235e-08,2.738922614227024e-06,0.008298217285892941
39.0,0.005621090751161447,0.0011366180551374994,0.0003828041103030563,0.000624730475087188,0.000216337831919294,7.841871456341058e-05,0.0001285470141622278,4.2896301812840725e-06,5.7058305749346185e-06,3.377142854111465e-05,1.026851925477724e-05,1.6762356949242004e-05,5.323695899148939e-08,2.72722163582625e-06,0.008262125176430294
39.050000000000004,0.005600513040764578,0.0011318401550091059,0.0003800124224228314,0.0006199660442191272,0.0002154095862423239,7.782978097845717e-05,0.00012753853907516684,4.244323911511976e-06,5.644451913921836e-06,3.3626046415957706e-05,1.0191049974782565e-05,1.663029381724165e-05,5.268501979285295e-08,2.7155790716634312e-06,0.008226213998836465
39.1,0.00558001217876937,0.0011270817030222117,0.0003772432889973059,0.0006152415051581271,0.00021448513333284261,7.724575268511554e-05,0.00012653876291662353,4.199542549950286e-06,5.5837945282177335e-06,3.3481259499262566e-05,1.0114242548903432e-05,1.649940459041979e-05,5.213937067999744e-08,2.7039854548145643e-06,0.008190482693423845
39.150000000000006,0.005559587904340356,0.0011223426447585047,0.00037449651224235925,0.0006105564972037951,0.0002135644638048233,7.666658533827736e-05,0.00012554760461924713,4.155279498463756e-06,5.523849248700348e-06,3.333706759169742e-05,1.0038089540647538e-05,1.6369675236219937e-05,5.159859406654272e-08,2.6924306952429514e-06,0.008154930202712402
39.2,0.005539239957180167,0.001117622925558836,0.0003717718962236593,0.0006059106631253441,0.00021264756819342932,7.609223501995596e-05,0.00012456498391923973,4.111528248092875e-06,5.464607031320498e-06,3.319347023517212e-05,9.962582385334887e-06,1.624108927712189e-05,5.10613753911251e-08,2.680905296914842e-06,0.008119555473069983
39.25,0.0055189680775321786,0.001112922490530426,0.0003690692468385234,0.000601303649126618,0.00021173443695697732,7.552265823496346e-05,0.00012359082134797612,4.068282377761039e-06,5.4060589552723085e-06,3.305046660930939e-05,9.887711647748137e-06,1.6113628342763426e-05,5.052671659384065e-08,2.669401982487857e-06,0.008084357457199596
39.300000000000004,0.00549877200618313,0.001108241284553982,0.00036638837179796637,0.0005967351048114864,0.00021082506047887393,7.495781190663373e-05,0.0001226250382237159,4.02553555300462e-06,5.3481962211969865e-06,3.290805546020632e-05,9.813467370081317e-06,1.5987272916557403e-05,4.9994096030377806e-08,2.657916913437752e-06,0.008049335116486301
39.35,0.005478651484465702,0.0011035792522907126,0.0003637290806089297,0.0005922046831495989,0.00020991942906952555,7.439765337259003e-05,0.00012166755664340498,3.983281524725481e-06,5.291010149419196e-06,3.276623506891851e-05,9.739839476421262e-06,1.586200320417053e-05,4.946349293560506e-08,2.6464498755643073e-06,0.008014487422392618
39.400000000000006,0.005458606254261014,0.0010989363381892405,0.0003610911845566858,0.0005877120404424881,0.0002090175329682199,7.384214038055615e-05,0.00012071829947456509,3.941514127965195e-06,5.23449217821492e-06,3.2625003263314945e-05,9.666818194794979e-06,1.573780004013916e-05,4.893528408745558e-08,2.635003492506067e-06,0.00797981335685379
39.45,0.0054386360580011145,0.0010943124864924282,0.00035847449668742525,0.0005832568362900342,0.00020811936234498322,7.32912310842128e-05,0.00011977719034727354,3.900227280700126e-06,5.178633862109495e-06,3.2484357472797026e-05,9.594394456359078e-06,1.5614645745859545e-05,4.841010150725803e-08,2.6235821579512995e-06,0.007945311912324757
39.5,0.0054187406386713875,0.0010897076412440963,0.00035587883179101395,0.0005788387335572674,0.000207224907302409,7.274488403909629e-05,0.00011884415364622856,3.8594149826559705e-06,5.1234268702036625e-06,3.234429482124877e-05,9.522560233673168e-06,1.5492524857331215e-05,4.7888745816904813e-08,2.6121914184522874e-06,0.007910982092180883
39.550000000000004,0.005398919739812933,0.0010851217462956554,0.00035330400638392787,0.0005744573983415224,0.00020633415787746245,7.220305819854138e-05,0.0001179191145029029,3.819071314140542e-06,5.06886298452569e-06,3.220481224988457e-05,9.451308785928779e-06,1.5371424653766174e-05,4.7372176179022186e-08,2.6008379728335074e-06,0.007876822911550202
39.6,0.005379173105524904,0.0010805547453126437,0.0003507498386923597,0.0005701124999399326,0.00020544710404325889,7.166571290966689e-05,0.00011700199878778307,3.7791904348932996e-06,5.014934098407224e-06,3.2065906658735074e-05,9.38063478791848e-06,1.5251335437257491e-05,4.686151111170035e-08,2.5895297821316253e-06,0.007842833397921004
39.650000000000006,0.005359500480466767,0.0010760065817811658,0.0003482161486354919,0.0005658037108172552,0.00020456373571081578,7.113280790940292e-05,0.00011609273310269242,3.7397665829502057e-06,4.961632214880624e-06,3.192757505363832e-05,9.31053433057971e-06,1.5132250537336591e-05,4.635795247867271e-08,2.5782755964809774e-06,0.007809012590691936
39.7,0.005339901609860562,0.0010714771990142486,0.0003457027578089443,0.0005615307065740407,0.00020368404273078122,7.060430332056124e-05,0.00011519124477319997,3.7007940735228406e-06,4.908949445096079e-06,3.178981468496015e-05,9.241004793087953e-06,1.5014166040230155e-05,4.586260664676763e-08,2.567083670604732e-06,0.007775359539396487
39.75,0.005320376239493076,0.0010669665401580976,0.00034320948946838225,0.0005572931659151213,0.00020280801489513568,7.008015964794607e-05,0.00011429746184111043,3.6622672978906695e-06,4.856878006756762e-06,3.165262316491341e-05,9.172044598553557e-06,1.4897080268509995e-05,4.537626929941549e-08,2.5559601634669127e-06,0.007741873301188262
39.800000000000004,0.00530092411571799,0.0010624745481982699,0.0003407361685132943,0.0005530907706184345,0.0002019356419388702,6.95603377745067e-05,0.00011341131305703744,3.6241807223059963e-06,4.805410222571274e-06,3.151599855222713e-05,9.103652876255387e-06,1.4780993060164805e-05,4.489928440547743e-08,2.54490808245004e-06,0.007708552938618784
39.85,0.005281544985457993,0.0010580011659657577,0.0003382826214709329,0.000548923205504168,0.00020106691354164027,6.904479895753076e-05,0.00011253272787305775,3.5865288869113505e-06,4.7545385187229826e-06,3.137993939585807e-05,9.03582906199834e-06,1.4665904914693286e-05,4.443154468088194e-08,2.5339273164472838e-06,0.007675397518410392
39.900000000000006,0.005262238596206816,0.0010535463361429792,0.00033584867648041343,0.0005447901584042197,0.00020020181932939378,6.853350482487699e-05,0.00011166163643544434,3.5493064046694656e-06,4.704255423356529e-06,3.1244444733170654e-05,8.968572473811538e-06,1.4551816085882092e-05,4.3972606088659845e-08,2.5230155553192556e-06,0.007642406111106442
39.95,0.005243004696031269,0.00104911000126969,0.00033343416327697865,0.000540691320131983,0.0001993403488759773,6.802641737124888e-05,0.0001107979695774804,3.512507960306584e-06,4.654553565082689e-06,3.110951404219289e-05,8.901881902306572e-06,1.44387257053984e-05,4.352182105976558e-08,2.5121693236093204e-06,0.0076095777908545825
40.0,0.005223843033573187,0.001044692103748802,0.0003310389131764166,0.0005366263844524363,0.00019848249170471637,6.752349895450663e-05,0.00010994165881234966,3.476128309269887e-06,4.605425671502907e-06,3.0975147151796506e-05,8.835755253430474e-06,1.4326631017863572e-05,4.3078405993970595e-08,2.501384415784522e-06,0.007576911634648058
40.050000000000004,0.005204753358051368,0.0010402925858521196,0.00032866275905963884,0.0005325950480525485,0.0001976282372899737,6.702471229201877e-05,0.00010909263632610545,3.44016227670038e-06,4.556864567755635e-06,3.084134411756014e-05,8.770189276272868e-06,1.4215526797132636e-05,4.264143297282821e-08,2.490655641416692e-06,0.007544406721033583
40.1,0.005185735419263463,0.0010359113897259972,0.0003263055353574137,0.0005285970105119915,0.00019677757505868408,6.653002045705237e-05,0.00010825083497071624,3.4046047564225164e-06,4.508863175086608e-06,3.070810507428894e-05,8.705179400544612e-06,1.4105404996241775e-05,4.220981124783854e-08,2.4799764531343864e-06,0.0075120621290122825
40.150000000000006,0.005166788967587796,0.0010315484573969024,0.00032396707803525055,0.0005246319742741499,0.0001959304943918651,6.603938687520079e-05,0.00010741618825718584,3.3694507099518625e-06,4.461414509445193e-06,3.0575430078387276e-05,8.640719698136348e-06,1.3996254661643823e-05,4.178234046300155e-08,2.4693391912972867e-06,0.007479876938007674
40.2,0.005147913753985186,0.00102720373077691,0.00032164722457844063,0.00052069964461744,0.00019508698462610715,6.555277532085024e-05,0.00010658863034875047,3.334695165522124e-06,4.41451168010897e-06,3.044331895430835e-05,8.576802971777342e-06,1.3888062118055076e-05,4.1357861934848695e-08,2.458736205437959e-06,0.007447850229210828
40.25,0.005129109530000689,0.0010228771516691032,0.00031934581397724396,0.0005167997296269172,0.0001942470350550392,6.507014991368289e-05,0.00010576809605414841,3.3003332171323257e-06,4.368147888337918e-06,3.0311771159040116e-05,8.513420962318108e-06,1.3780811405773319e-05,4.093545274763859e-08,2.4481613891152695e-06,0.007415981087771287
40.300000000000004,0.005110376047765316,0.0010185686617729022,0.00031706268671222854,0.0005129319401661839,0.00019341063493077384,6.459147511521764e-05,0.00010495452082096466,3.266360023614806e-06,4.3223164260593255e-06,3.0180785677059157e-05,8.450564655602544e-06,1.3674484929921368e-05,4.05145657741954e-08,2.437611277941183e-06,0.00738426860483956
40.35,0.0050917130599977215,0.0010142782026893124,0.0003147976847397572,0.0005090959898495872,0.00019257777346533056,6.411671572538772e-05,0.00010414784072904844,3.2327708077240415e-06,4.2770106745835365e-06,3.0050360955531112e-05,8.388224661194225e-06,1.3569064262661932e-05,4.009504919127644e-08,2.42708512361422e-06,0.007352711878730644
40.400000000000006,0.005073120320005822,0.0010100057159260884,0.00031255065147761733,0.0005052915950146992,0.00019174843983203648,6.364583687915401e-05,0.00010334799248400185,3.199560855245797e-06,4.2322241033498125e-06,2.99204948859994e-05,8.32639162909558e-06,1.3464531026521955e-05,3.9677057942393664e-08,2.4165840665827518e-06,0.007321310015244157
40.45,0.005054597581688407,0.0010057511429028302,0.00031032143179079985,0.000501518474695092,0.00019092262316690791,6.317880404315524e-05,0.00010255491341074187,3.1667255141257167e-06,4.187950268700958e-06,2.9791184834702705e-05,8.26505666751507e-06,1.3360867780519708e-05,3.92609375920459e-08,2.406110133852449e-06,0.007290062127834942
40.5,0.005036144599536682,0.0010015144249559923,0.0003081098719774168,0.0004977763505933838,0.0001901003125700092,6.27155830123929e-05,0.00010176854144713118,3.1342601936157435e-06,4.144182812684218e-06,2.9662427719358417e-05,8.204211724893678e-06,1.3258058831193553e-05,3.8847165350473607e-08,2.3956658149926045e-06,0.007258967338355098
40.550000000000004,0.00501776112863579,0.0009972955033438233,0.00030591581975476377,0.0004940649470545716,0.00018928149710679238,6.225613990695192e-05,0.00010098881513768023,3.102160363436599e-06,4.100915461875641e-06,2.9534220126128445e-05,8.143849902732815e-06,1.3156090897721552e-05,3.8436369623299884e-08,2.385254402893818e-06,0.007228024778464786
40.6,0.004999446924666301,0.0009930943192512313,0.0003037391242455224,0.0004903839910396391,0.0001884661658094167,6.180044116875608e-05,0.00010021567362731807,3.070421552954126e-06,4.058142026224463e-06,2.9406558456903794e-05,8.083965671951295e-06,1.3054953573409407e-05,3.80293711640241e-08,2.374880586150162e-06,0.007197233591046942
40.650000000000006,0.004981201743905631,0.0009889108137945686,0.0003015796359640988,0.0004867332120994318,0.00018765430767804696,6.134845355835718e-05,9.944905665523034e-05,3.039039350367186e-06,4.01585639791384e-06,2.9279439094319697e-05,8.024554973997769e-06,1.295463954377046e-05,3.762716033338358e-08,2.364550508821845e-06,0.00716659293068489
40.7,0.004963025343229464,0.000984744928026352,0.00029943720680310367,0.0004831123423488113,0.00018684591168213397,6.090014415175891e-05,9.868890454876587e-05,3.008009401905022e-06,3.974052550234581e-06,2.9152858570280702e-05,7.96561519802469e-06,1.2855144542698451e-05,3.723076854304831e-08,2.354270887925405e-06,0.007136101962710003
40.75,0.004944917480113101,0.000980596602939902,0.0002973116900199644,0.00047952111644106833,0.00018604096676167386,6.0455480337273215e-05,9.793515821740778e-05,2.9773274110319843e-06,3.932724536468569e-06,2.9026813723373578e-05,7.907145036219794e-06,1.2756467051022585e-05,3.684107356091537e-08,2.344047510189476e-06,0.007105759861172259
40.800000000000004,0.004926877912632793,0.0009764657794739161,0.0002952029402236744,0.0004759592715426061,0.0001852394618284493,6.001442981241023e-05,9.718775914681078e-05,2.9469891376581562e-06,3.891866488779469e-06,2.8901301831412918e-05,7.849144229953656e-06,1.2658607764066382e-05,3.645863454989564e-08,2.333883946763523e-06,0.007075565806693843
40.85,0.004908906399467037,0.0009723523985169716,0.00029311081336167566,0.0004724265473078851,0.00018444138576725173,5.9576960580800686e-05,9.644664939290252e-05,2.9169903973548005e-06,3.851472617109028e-06,2.877632070742136e-05,7.791613228810205e-06,1.2561568874744429e-05,3.608363841580886e-08,2.3237812187200453e-06,0.0070455189850770995
40.900000000000006,0.004891002699897815,0.000968256400911952,0.00029103516670687046,0.0004689226858546221,0.00018364672743708353,5.914304094914969e-05,9.571177157604701e-05,2.887327060574153e-06,3.8115372080781953e-06,2.8651868750417986e-05,7.734552791997997e-06,1.2465353234468712e-05,3.5715964586250894e-08,2.3137384926970847e-06,0.007015618586836359
40.95,0.004873166573811831,0.0009641777274604138,0.000288975858844768,0.0004654474317392527,0.00018285547567234358,5.8712639524223044e-05,9.498306887527176e-05,2.8579950518739092e-06,3.7720546238935784e-06,2.8527944946211156e-05,7.677963566451476e-06,1.236996346431967e-05,3.535530026157957e-08,2.3037541848448435e-06,0.006985863807065961
41.0,0.004855397781701672,0.0009601163189268759,0.0002869327496607558,0.0004620005319326404,0.00018206761928399228,5.8285725209863775e-05,9.426048502255461e-05,2.8289903491471457e-06,3.7330193012604577e-06,2.840454881763636e-05,7.62184567772248e-06,1.2275401092705995e-05,3.5001218715227064e-08,2.2938266312611056e-06,0.006956253844826803
41.050000000000004,0.004837696084666964,0.000956072116043047,0.0002849057003275018,0.0004585817357960414,0.00018128314706069985,5.7862267204040065e-05,9.354396429717206e-05,2.800308982859214e-06,3.6944257503047952e-06,2.828168032798676e-05,7.566198368412765e-06,1.2181665792835392e-05,3.465317822226931e-08,2.2839538956819913e-06,0.006926787901691769
41.1,0.004820061244415491,0.0009520450595119866,0.0002828945732924834,0.0004551907950573176,0.00018050204776997623,5.7442234995923555e-05,9.283345152010716e-05,2.771947035293439e-06,3.6562685535071887e-06,2.8159339745383962e-05,7.5110197145691755e-06,1.2088754784101702e-05,3.431047170022383e-08,2.274133007196054e-06,0.006897465179875038
41.150000000000006,0.0048024930232642505,0.0009480350900121941,0.0002808992322656386,0.0004518274637873905,0.00017972431015928235,5.702559836299706e-05,9.212889204851545e-05,2.743900639807718e-06,3.618542364652168e-06,2.8037527479191927e-05,7.4563064435814244e-06,1.199666244689024e-05,3.397220320721368e-08,2.2643594056196147e-06,0.006868284880883218
41.2,0.0047849911841405185,0.0009440421482016415,0.0002789195422071455,0.00044849149837694586,0.00017894992295712503,5.6612327368192904e-05,9.143023177025065e-05,2.7161659801043326e-06,3.5812419077965402e-06,2.7916243902003698e-05,7.402053868333296e-06,1.1905380181705621e-05,3.363735283800063e-08,2.2546272524109962e-06,0.006839246205467013
41.25,0.004767555490582838,0.0009400661747217331,0.0002769553693153204,0.0004451826575133708,0.00017817887487413313,5.6202392357059746e-05,9.073741709844657e-05,2.6887392895149273e-06,3.5443619762599803e-06,2.779548917202235e-05,7.348255942458419e-06,1.1814896522644736e-05,3.3304927718296505e-08,2.2449306316315665e-06,0.0068103483549251526
41.300000000000004,0.004750185706742001,0.000936107110201207,0.00027500658101464043,0.0004419007021579347,0.00017741115460411728,5.579576395495908e-05,9.005039496615728e-05,2.661616850302485e-06,3.5078974316408385e-06,2.7675263070709268e-05,7.294905431414549e-06,1.1725197493927933e-05,3.2974132950549714e-08,2.235264997209381e-06,0.006781590533049172
41.35,0.004732881597381997,0.0009321648952599742,0.00027307304594388583,0.00043864539552320483,0.00017664675082511286,5.539241306429056e-05,8.936911282105391e-05,2.6347949929814874e-06,3.471843202859121e-06,2.755556486937871e-05,7.241994184573822e-06,1.1636267178272174e-05,3.264447902763364e-08,2.225628014814971e-06,0.006752971947741429
41.400000000000006,0.004715642927880901,0.0009282394705128893,0.0002711546339443991,0.00043541650305069083,0.00017588565220040488,5.499231086174528e-05,8.869351862017671e-05,2.6082700956567768e-06,3.436194285227561e-06,2.743639323608163e-05,7.189513485400829e-06,1.1548088448943448e-05,3.231578125901171e-08,2.216019348973439e-06,0.00672449181175275
41.45,0.004698469464231772,0.0009243307765734684,0.00026925121604846593,0.0004322137923887264,0.0001751278473795381,5.459542879558816e-05,8.802356082474435e-05,2.5820385833810512e-06,3.4009457395507086e-06,2.7317746190842103e-05,7.137454450672877e-06,1.1460643804627387e-05,3.198807504491657e-08,2.2064396666845757e-06,0.006696149342753108
41.5,0.004681360973043475,0.0009204387540575388,0.00026736266446780846,0.00042903703337057237,0.00017437332499930925,5.420173858296751e-05,8.735918839501689e-05,2.5560969275299436e-06,3.366092691250453e-06,2.7199621113359717e-05,7.085808446014114e-06,1.1373916238664572e-05,3.166152174328574e-08,2.1968896464894305e-06,0.006667943763501738
41.550000000000004,0.004664317221541498,0.0009165633435868332,0.0002654888525821969,0.00042588599799275027,0.0001736220736847441,5.381121220725278e-05,8.670035078521452e-05,2.5304416451931325e-06,3.331630329515549e-06,2.7082014803003996e-05,7.034567483991846e-06,1.1287890072146682e-05,3.13363754698171e-08,2.18736971976212e-06,0.006639874302809573
41.6,0.004647337977568743,0.0009127044857925249,0.0002636296549281752,0.00042276046039359873,0.00017287408205005894,5.342382191539979e-05,8.604699793849037e-05,2.505069298579184e-06,3.2975539064715105e-06,2.696492358665292e-05,6.983724572679555e-06,1.1202551683882094e-05,3.101302363812862e-08,2.1778806765507037e-06,0.006611940197335444
41.650000000000006,0.004630423009586251,0.0009088621213186997,0.00026178494718789744,0.00041966019683204695,0.00017212933869960518,5.303954021534248e-05,8.53990802819559e-05,2.4799764944313647e-06,3.2638587363665514e-06,2.684834346601764e-05,6.9332739867596975e-06,1.1117890078958533e-05,3.069204806138159e-08,2.1684245848666067e-06,0.00658414069351726
41.7,0.004613572086673942,0.0009050361908257777,0.0002599546061780797,0.0004165849856666133,0.0001713878322288004,5.265833987341225e-05,8.475654872176053e-05,2.4551598834515516e-06,3.2305401947689566e-06,2.6732270292864734e-05,6.883211439578299e-06,1.1033897250848084e-05,3.037422955046056e-08,2.1590052027450726e-06,0.006556475048662194
41.75,0.004596784978531281,0.0009012266349938697,0.0002581385098390592,0.0004135346073346135,0.0001706495512250424,5.2280193911782886e-05,8.411935463822211e-05,2.4306161597291267e-06,3.197593717771003e-06,2.6616699958249572e-05,6.833534142574095e-06,1.0950568308690614e-05,3.0060453516973604e-08,2.1496273986607067e-06,0.006528942530613062
41.800000000000004,0.004580061455477941,0.0008974333945260831,0.00025633653722396537,0.0004105088443315877,0.00016991448426860955,5.1905075605942234e-05,8.348744988100961e-05,2.406342060172153e-06,3.1650148011950725e-06,2.6501628580691247e-05,6.784240747562373e-06,1.0867901360265683e-05,2.9751542409809618e-08,2.1402957973409235e-06,0.0065015424162047745
41.85,0.0045634012884544365,0.0008936564101517716,0.0002545485684879995,0.00040750748119093897,0.00016918261993354613,5.153295848218952e-05,8.286078676437656e-05,2.3823343639384255e-06,3.13279899979816e-06,2.6387052678236854e-05,6.735331176739205e-06,1.0785897160732995e-05,2.9448095162071467e-08,2.131013434226379e-06,0.006474273989374092
41.900000000000006,0.0045468042490227015,0.0008898956226297253,0.0002527744848778195,0.00040453030446377733,0.0001684539467885322,5.116381631515759e-05,8.223931806244339e-05,2.358589891864619e-06,3.1009419264719118e-06,2.627296931057629e-05,6.686806354231974e-06,1.0704558555919744e-05,2.915041316409989e-08,2.1217812219350877e-06,0.00644713653983432
41.95,0.004530270109366675,0.0008861509727513131,0.00025101416872103446,0.00040157710269897744,0.0001677284533977404,5.0797623125361065e-05,8.162299700453032e-05,2.3351055058926265e-06,3.069439251436744e-06,2.6159376179680133e-05,6.638667860829407e-06,1.0623889765237645e-05,2.8858535765961757e-08,2.112598488276658e-06,0.00642012936265275
42.0,0.00451379864229282,0.0008824224013435654,0.0002492675034158007,0.0003986476664234354,0.00016700612832167689,5.0434353176768374e-05,8.10117772705373e-05,2.311878108492859e-06,3.038286701429661e-06,2.6046271680657298e-05,6.590917539542549e-06,1.0543895561885318e-05,2.8572339041967695e-08,2.103464128539208e-06,0.006393251758304192
42.050000000000004,0.004497389621230641,0.0008787098492722069,0.00024753437342052485,0.0003957417881225325,0.00016628696011800905,5.007398097439881e-05,8.040561298637254e-05,2.2889046420853093e-06,3.007480058887024e-06,2.5933654898416442e-05,6.5435570833951305e-06,1.0464580415810053e-05,2.829161957698571e-08,2.094377530817595e-06,0.006366503032373674
42.1,0.004481042820233169,0.000875013257444639,0.0002458146642436695,0.0003928592622208,0.00016557093734237915,4.971648126194372e-05,7.980445871942823e-05,2.266182088459909e-06,2.9770151611246992e-06,2.5821525549957796e-05,6.49658763802741e-06,1.038594766734748e-05,2.8016108025208146e-08,2.0853386388385253e-06,0.00633988249431781
42.150000000000006,0.004464758013977397,0.0008713325668128637,0.00024410826243365888,0.00038999988506277874,0.0001648580485492029,4.936182901941105e-05,7.920826947410184e-05,2.243707468198392e-06,2.946887899519089e-06,2.5709883876389655e-05,6.450009450253903e-06,1.0307998796379537e-05,2.7745415199624574e-08,2.076347157403994e-06,0.0063133894553927565
42.2,0.00444853497776472,0.0008676677183763656,0.00024241505556888869,0.00038716345489408127,0.00016414828229245574,4.9009999460794404e-05,7.861700068736494e-05,2.2214778401005368e-06,2.9170942186936077e-06,2.5598730492720775e-05,6.403821589797105e-06,1.0230732843582876e-05,2.747896745515735e-08,2.067401535718243e-06,0.006287023226532739
42.25,0.004432373487521322,0.0008640186531849341,0.0002407349322478328,0.00038434977184264267,0.00016344162712644378,4.8660968031764663e-05,7.803060822437636e-05,2.1994903006177977e-06,2.887630115715401e-06,2.5488066206812826e-05,6.358021765388141e-06,1.0154146027662662e-05,2.7216001143916093e-08,2.058498544236764e-06,0.006260783117140893
42.300000000000004,0.00441627331979854,0.0008603853123414429,0.00023906778207925098,0.00038155863790016823,0.000162738071606562,4.831471040738552e-05,7.744904837414163e-05,2.1777419832975786e-06,2.8584916393074836e-06,2.5377891821327037e-05,6.3126062488167025e-06,1.0078231586534687e-05,2.6955648097421792e-08,2.0496338622355277e-06,0.006234668435297107
42.35,0.004400234251773225,0.0008567676370045787,0.0002374134956724946,0.00037878985690377123,0.00016203760429003917,4.7971202489852e-05,7.687227784521749e-05,2.1562300582411234e-06,2.829674889081046e-06,2.526820793387128e-05,6.267569911978615e-06,1.0002979852627198e-05,2.6697083422557527e-08,2.040803398293292e-06,0.006208678489106695
42.400000000000006,0.0043842560612480305,0.0008531655683915167,0.00023577196462790692,0.0003760432345177955,0.00016134021373666817,4.763042040625155e-05,7.630025376146053e-05,2.1349517315775717e-06,2.8011760147920224e-06,2.515901475074566e-05,6.222906373217199e-06,9.928378554317019e-06,2.6439666324506008e-08,2.0320045586042394e-06,0.006182812588339208
42.45,0.004368338526651727,0.0008495790477805566,0.00023414308152732279,0.00037331857821583055,0.0001606458885095247,4.729234050634862e-05,7.573293365782182e-05,2.113904244956207e-06,2.772991215625169e-06,2.5050311928685558e-05,6.178608240976167e-06,9.854413318429459e-06,2.6183008688825162e-08,2.0232366988268057e-06,0.006157070045505321
42.5,0.004352481427039443,0.0008460080165137021,0.00023252673992465983,0.0003706156972629054,0.0001599546171756713,4.695693936039127e-05,7.517027547618475e-05,2.0930848750579555e-06,2.7451167395073995e-06,2.4942098456893316e-05,6.134667435591871e-06,9.781068333971724e-06,2.5926949410766154e-08,2.014500524619426e-06,0.006131450176068012
42.550000000000004,0.004336684542092913,0.0008424524159992001,0.00023092283433660598,0.0003679344026978686,0.00015926638830684965,4.662419375694076e-05,7.461223756124822e-05,2.072490933126447e-06,2.717548882450916e-06,2.4834372588606838e-05,6.091075564447535e-06,9.708327125827055e-06,2.5671469009223242e-08,2.0057968913896586e-06,0.006105952298206483
42.6,0.004320947652120691,0.000838912187714033,0.00022933126023339995,0.0003652745073159495,0.00015858119048016008,4.629408070072357e-05,7.405877865645374e-05,2.0521197645178932e-06,2.6902839879250344e-06,2.4727131827711544e-05,6.047824322040557e-06,9.636173379696199e-06,2.5416613446781548e-08,1.997125837131717e-06,0.00608057573295388
42.650000000000006,0.004305270538058326,0.0008353872732063608,0.0002277519140297015,0.0003626358256514943,0.00015789901227872754,4.596657741050518e-05,7.350985789995583e-05,2.031968748268115e-06,2.6633184462541135e-06,2.4620372971754133e-05,6.004905884976058e-06,9.564591756517648e-06,2.5162482727312876e-08,1.9884865012387953e-06,0.0060553198053268096
42.7,0.0042896529814685355,0.0008318776140979251,0.00022618469307555627,0.0003600181739608845,0.00015721984229235687,4.564166131698662e-05,7.296543482063691e-05,2.0120352966743137e-06,2.636648694037845e-06,2.4514092208477727e-05,5.962313272549369e-06,9.493568636019099e-06,2.4909287144280486e-08,1.9798779606426994e-06,0.006030183846388428
42.75,0.00427409476454133,0.0008283831520864021,0.00022462949564744744,0.0003574213702056251,0.0001565436691181744,4.531931006072211e-05,7.242546933416422e-05,1.9923168548883626e-06,2.610271213588856e-06,2.440828525898467e-05,5.920040646332738e-06,9.423092734766612e-06,2.4657420698685018e-08,1.9713003811038154e-06,0.00600516719550423
42.800000000000004,0.00425859567009413,0.0008249038289477158,0.00022308622093943883,0.00035484523403560975,0.0001558704813612586,4.49995014900588e-05,7.188992173909009e-05,1.9728109005180836e-06,2.5841825323820664e-06,2.4302947557144286e-05,5.878083526826335e-06,9.353155553647132e-06,2.4407483997085704e-08,1.962755658660591e-06,0.005980269201820479
42.85,0.00424315548157186,0.0008214395865383087,0.00022155476905440645,0.000352289586772557,0.0001552002676352592,4.468221365909776e-05,7.135875271299414e-05,1.953514943232664e-06,2.5583792225097607e-06,2.4198074452149118e-05,5.8364389114365785e-06,9.283751622461899e-06,2.4160217153038074e-08,1.9542470515999653e-06,0.005955489224365026
42.900000000000006,0.004227773983046998,0.0008179903667973643,0.00022003504099535516,0.00034975425139361304,0.00015453301656300375,4.436742482567566e-05,7.083192330866623e-05,1.9344265243684277e-06,2.5328579001364092e-06,2.409366141938089e-05,5.795105285366224e-06,9.214878524331386e-06,2.39163589320337e-08,1.9457779624024033e-06,0.005930826630905594
42.95,0.004212450959219632,0.000814556111748995,0.0002185269386568254,0.0003472390525151271,0.00015386871677709426,4.405511344936771e-05,7.030939495033105e-05,1.915543216531596e-06,2.507615224947909e-06,2.3989704264098147e-05,5.754082524914705e-06,9.146536698854641e-06,2.367649737087546e-08,1.9373505930871966e-06,0.005906280796337177
43.0,0.004197186195417465,0.0008111367635043808,0.0002170303648163821,0.00034474381637658813,0.0001532073569204913,4.374525818951047e-05,6.979112942991162e-05,1.896862623195089e-06,2.4826478995905945e-06,2.3886199302941926e-05,5.713371700614793e-06,9.07872903925677e-06,2.3440984822258057e-08,1.928965290715231e-06,0.005881851101495867
43.050000000000004,0.004181979477595811,0.0008077322642638723,0.00021554522312619074,0.0003422683708247287,0.00015254892564708813,4.343783790324511e-05,6.927708890333269e-05,1.8783823782873688e-06,2.4579526690968215e-06,2.3783143509837036e-05,5.672974794985678e-06,9.011460313899713e-06,2.320994927513819e-08,1.9206209565555957e-06,0.005857536932836207
43.1,0.004166830592337577,0.0008043425563190528,0.0002140714181046772,0.0003398125452977921,0.00015189341162227395,4.3132831643580485e-05,6.876723588686259e-05,1.8601001457721713e-06,2.4335263202952785e-06,2.3680534615423624e-05,5.632894355909602e-06,8.94473645537831e-06,2.2983374122018525e-08,1.912316211157687e-06,0.005833337682689876
43.150000000000006,0.004151739326853194,0.0008009675820547551,0.0002126088551282687,0.0003373761708099566,0.00015124080352348548,4.283021865747523e-05,6.82615332534921e-05,1.8420136192190292e-06,2.409365681205828e-06,2.3578371152500796e-05,5.59313311126928e-06,8.878563769984728e-06,2.2761182326016605e-08,1.9040505392819757e-06,0.005809252749336414
43.2,0.00413670546898056,0.0007976072839510468,0.00021115744042321996,0.00033495907993592384,0.00015059109004074943,4.252997838393973e-05,6.775994422935157e-05,1.8241205213656479e-06,2.3854676204204986e-06,2.3476652443857984e-05,5.553693573167184e-06,8.812948125851011e-06,2.2543267902021576e-08,1.8958246744311477e-06,0.0057852815361717855
43.25,0.004121728807184934,0.0007942616045851689,0.00020971708105751774,0.0003325611067956599,0.00014994425987721317,4.223209045215631e-05,6.726243239016335e-05,1.8064186036740824e-06,2.361829046473671e-06,2.3375378533026263e-05,5.514577660588179e-06,8.747894179145915e-06,2.2329458366921542e-08,1.8876399863924587e-06,0.005761423449810481
43.300000000000004,0.00410680913055882,0.0007909304866334411,0.00020828768493286802,0.0003301820870392958,0.00014930030174966586,4.1936534679618675e-05,6.676896165773124e-05,1.788905645883704e-06,2.3384469072061135e-06,2.3274550062603947e-05,5.475786367741566e-06,8.68340469426357e-06,2.2119441265923968e-08,1.8794972876739856e-06,0.00573767789765808
43.35,0.004091946228821838,0.0007876138728731285,0.00020686916077676282,0.0003278218578321814,0.00014865920438904948,4.1643291070289786e-05,6.627949629646533e-05,1.7715794555645636e-06,2.315318189128524e-06,2.3174168108597916e-05,5.43731950168088e-06,8.619480006338632e-06,2.1912715930169434e-08,1.871395860682097e-06,0.005714044285897639
43.400000000000006,0.004077139892320548,0.0007843117061842667,0.00020546141813462397,0.0003254802578400897,0.00014802095654095878,4.1352339812777695e-05,6.579400090994173e-05,1.754437867675234e-06,2.2924399167910058e-06,2.3074233982403473e-05,5.399175507469932e-06,8.556117663351599e-06,2.170861846708384e-08,1.8633333725992866e-06,0.005690522018671963
43.45,0.004062389912028286,0.0007810239295514563,0.00020406436736202795,0.0003231571272145761,0.00014738554696613266,4.1063661278530255e-05,6.531244043749842e-05,1.7374787441294824e-06,2.2698091521653044e-06,2.2974749014392197e-05,5.361351392594276e-06,8.493312271514683e-06,2.1506422339475178e-08,1.8553067769711003e-06,0.005667110498612615
43.5,0.004047696079544949,0.0007777504860656149,0.00020267791961700512,0.00032085230757848286,0.00014675296444093425,4.0777236020047317e-05,6.483478015086502e-05,1.7206999733758735e-06,2.247422994046297e-06,2.287571433441989e-05,5.323842755045038e-06,8.43105555267686e-06,2.1305471102772618e-08,1.8473136737584642e-06,0.005643809128172321
43.550000000000004,0.004033058187096777,0.0007744913189256967,0.0002013019868524174,0.0003185656420115942,0.00014612319775782223,4.049304476911137e-05,6.436098565082839e-05,1.7040994699941308e-06,2.225278577478771e-06,2.277713066481404e-05,5.286643912093587e-06,8.369336607324756e-06,2.110528242846177e-08,1.8393533109973783e-06,0.005620617310889379
43.6,0.004018476027536123,0.0007712463714403774,0.00019993648180841172,0.00031629697503643786,0.00014549623572581252,4.021106843503619e-05,6.389102286393292e-05,1.6876751743112961e-06,2.203373073214334e-06,2.267899814053595e-05,5.249748119769979e-06,8.308142362483575e-06,2.0905579467574807e-08,1.8314266285495541e-06,0.005597534451924463
43.650000000000006,0.004003949394341166,0.0007680155870296985,0.00019858131800494651,0.0003140461526042282,0.0001448720671709297,3.993128810293287e-05,6.342485803921517e-05,1.67142505203981e-06,2.181703687201845e-06,2.258131616930661e-05,5.213147866928163e-06,8.247458171395626e-06,2.0706245915952288e-08,1.8235353282574201e-06,0.005574559957814162
43.7,0.003989478081615656,0.0007647989092266851,0.00019723640973439517,0.0003118130220809574,0.00014425068093665055,3.965368503199438e-05,6.296245774497429e-05,1.6553470939386043e-06,2.1602676601131525e-06,2.248408334168094e-05,5.1768352229030415e-06,8.18726852202894e-06,2.050724445936844e-08,1.8156805526937312e-06,0.00555169323600913
43.75,0.003975061884088593,0.0007615962816789212,0.00019590167205422025,0.0003095974322336233,0.00014363206588433703,3.937824065379715e-05,6.250378886557609e-05,1.6394393154969685e-06,2.1390622669038342e-06,2.238729739755807e-05,5.140802214408077e-06,8.1275578047741e-06,2.0308558355522914e-08,1.8078619943617638e-06,0.005528933695010928
43.800000000000004,0.003960700597113913,0.0007584076481500978,0.00019457702077972213,0.00030739923321660117,0.00014301621089366146,3.910493657062066e-05,6.204881859829242e-05,1.6236997566398449e-06,2.1180848164068944e-06,2.2290955251682292e-05,5.1050412056501695e-06,8.068311086425393e-06,2.0110196810876766e-08,1.8000779806426042e-06,0.005506280745617167
43.85,0.0039463940166701555,0.000755232952521526,0.0001932623724768597,0.0003052182765581536,0.00014240310486302285,3.883375455378451e-05,6.159751445017475e-05,1.608126481451959e-06,2.0973326509554132e-06,2.2195053076598614e-05,5.0695452557078805e-06,8.009514837792528e-06,1.99122585753184e-08,1.792326465561293e-06,0.00548373380312032
43.900000000000006,0.00393214193936009,0.0007520721387936135,0.0001919576444551403,0.00030305441514707517,0.00014179273670995396,3.8564676542002276e-05,6.114984423496104e-05,1.5927175779171742e-06,2.076803146028524e-06,2.209958643756543e-05,5.034308428989462e-06,7.951157565938718e-06,1.9715007383960042e-08,1.7846063008393171e-06,0.005461292289707499
43.95,0.0039179441624103565,0.0007489251510873163,0.0001906627547605831,0.00030090750321947715,0.00014118509537152141,3.829768463975304e-05,6.070577607001715e-05,1.5774711576687332e-06,2.056493709913958e-06,2.2004550470365537e-05,4.9993260379236285e-06,7.893230308804682e-06,1.9518902516629663e-08,1.7769179939008604e-06,0.0054389556361401185
44.0,0.0039038004836710566,0.0007457919336455501,0.00018937762216874929,0.0002987773963457024,0.00014058016980471623,3.8032761115669104e-05,6.026527837331007e-05,1.5623853557454087e-06,2.0364017833793563e-06,2.190994009003074e-05,4.964594801715962e-06,7.835726959419677e-06,1.9324550849351146e-08,1.7692634732819138e-06,0.005416723282139177
44.050000000000004,0.0038897107016153433,0.0007426724308345766,0.0001881021661778432,0.0002966639514173761,0.0001399779489868375,3.776988840094058e-05,5.982831986041411e-05,1.5474583303485073e-06,2.0165248393444367e-06,2.1815750216396642e-05,4.9301129107278555e-06,7.778644398448561e-06,1.9132590688577946e-08,1.7616449814426097e-06,0.005394594675560728
44.1,0.0038756746153389998,0.0007395665871453572,0.00018683630700188194,0.00029456702663458817,0.0001393784219158682,3.750904908773616e-05,5.939486954154863e-05,1.532688262594739e-06,1.996860382546164e-06,2.172197600126186e-05,4.895879992436114e-06,7.721982426773699e-06,1.8943559064630823e-08,1.7540637491084475e-06,0.005372569271039766
44.150000000000006,0.0038616920245599737,0.0007364743471948728,0.00018557996556393055,0.000292486481493203,0.0001387815776108426,3.725022592763937e-05,5.8964896718645844e-05,1.51807335626045e-06,1.977405949189849e-06,2.162861304180874e-05,4.861896981595915e-06,7.66574350334517e-06,1.875780595483872e-08,1.7465192463963897e-06,0.005350646528953658
44.2,0.003847762729617929,0.0007333956557274193,0.0001843330634894071,0.00029042217677230245,0.00013818740511220744,3.699340183010091e-05,5.8538370982449534e-05,1.5036118375135922e-06,1.9581591065804427e-06,2.153565756585164e-05,4.828165903715337e-06,7.609932306750825e-06,1.8575490249662855e-08,1.7390094594106654e-06,0.005328825915201887
44.25,0.003833886531473747,0.0007303304576158672,0.0001830955230994513,0.0002883739745217519,0.00013759589348217452,3.673855986090563e-05,5.811526220964192e-05,1.4893019546307488e-06,1.9391174527297765e-06,2.144310657634774e-05,4.794689586811371e-06,7.554555150930379e-06,1.8396643055859627e-08,1.731532025824835e-06,0.005307106901653871
44.300000000000004,0.003820063231709034,0.0007272786978628961,0.0001818672674043604,0.0002863417380498956,0.00013700703180506696,3.648568324065474e-05,5.769554055999951e-05,1.4751419776979096e-06,1.9202786159376435e-06,2.1350957945310902e-05,4.761471321240853e-06,7.499619295310992e-06,1.822124855961518e-08,1.7240855606456723e-06,0.00528548896659661
44.35,0.0038062926325256098,0.0007242403216022,0.00018064822009709007,0.0002843253319113767,0.00013642080918765812,3.623475534326263e-05,5.727917647357657e-05,1.4611301982950014e-06,1.901640254346668e-06,2.1259210450628906e-05,4.728514490833021e-06,7.445132196638583e-06,1.804928978399515e-08,1.716670402667424e-06,0.005263971594423967
44.400000000000006,0.0037925745367449588,0.0007212152740996602,0.00017943830554681785,0.00028232462189507805,0.00013583721475950283,3.598575969446761e-05,5.6866140667915034e-05,1.447264929165563e-06,1.8832000554730996e-06,2.1167863753077667e-05,4.695822200341078e-06,7.391100753401789e-06,1.7880732338842266e-08,1.7092883544572978e-06,0.005242554274186655
44.45,0.0037789087478076974,0.0007182035007544961,0.00017823744879257272,0.0002803394750121895,0.0001352562376732626,3.573867997035736e-05,5.645640413528181e-05,1.4335445038743672e-06,1.8649557357178502e-06,2.107691831480032e-05,4.663396924252701e-06,7.33753059374656e-06,1.771545866285437e-08,1.7019415750695049e-06,0.005221236497251981
44.5,0.003765295069772994,0.000715204947100382,0.00017704557553692508,0.00027836975948439187,0.00013467786710502275,3.549349999590776e-05,5.604993813993131e-05,1.4199672764568367e-06,1.8469050398637799e-06,2.0986375264408173e-05,4.63124020027037e-06,7.284425454202152e-06,1.75531981488823e-08,1.694631283380235e-06,0.005200017754852284
44.550000000000004,0.0037517333073179937,0.000712219558806541,0.00017586261213974082,0.00027641534473216346,0.0001341020922546034,3.52502037435359e-05,5.5646714215394524e-05,1.4065316210651322e-06,1.8290457405668288e-06,2.08962362174066e-05,4.599352387451185e-06,7.231786689712983e-06,1.7393504367714275e-08,1.6873570422969953e-06,0.005178897536412841
44.6,0.003738223265737226,0.0007092472816788112,0.00017468848561199692,0.00027447610136320527,0.00013352890234586347,3.5008775331666844e-05,5.5246704161793835e-05,1.3932359316163322e-06,1.8113756378494692e-06,2.0806503063612726e-05,4.567732504363163e-06,7.179612945970228e-06,1.723580343181699e-08,1.6801170440257168e-06,0.0051578753291614335
44.650000000000006,0.003724764750941979,0.0007062880616606821,0.00017352312360965658,0.00027255190116098026,0.00013295828662699706,3.476919902331384e-05,5.4849880043183105e-05,1.380078621448378e-06,1.7938925586053662e-06,2.0717177735417206e-05,4.5363781570442166e-06,7.1279000136323126e-06,1.707949626774834e-08,1.6729092216009457e-06,0.005136950618870808
44.7,0.0037113575694596853,0.0007033418448343102,0.00017236645442760714,0.00027064261707337284,0.00013239023437082426,3.4531459224672725e-05,5.445621418491459e-05,1.3670581229894098e-06,1.7765943561240526e-06,2.0628261972006665e-05,4.505285560465887e-06,7.076640871603548e-06,1.692406951917965e-08,1.665732533795434e-06,0.005116122891061891
44.75,0.0036980015284332674,0.0007004085774215027,0.0001712184069936555,0.0002687481232014592,0.0001318247348750739,3.429554048372969e-05,5.406567917103119e-05,1.3541728874455072e-06,1.7594789096435073e-06,2.0539757094924596e-05,4.474449651043594e-06,7.025825914026639e-06,1.6769167708852717e-08,1.658587675877777e-06,0.00509539163188039
44.800000000000004,0.003684696435620484,0.0006974882057846803,0.00017007891086258414,0.00026686829478839375,0.00013126177746266063,3.406142748888322e-05,5.367824784168572e-05,1.3414213845111196e-06,1.7425441239373732e-06,2.045166380959899e-05,4.443864281913676e-06,6.9754433439066365e-06,1.6614599582640207e-08,1.6514767934547061e-06,0.0050747563281862765
44.85,0.0036714420993932636,0.0006945806764278145,0.00016894789621026604,0.00026500300820840795,0.00013070135148195516,3.382910506758003e-05,5.329389329058702e-05,1.3288021021052657e-06,1.7257879289416909e-06,2.0363982045759604e-05,4.413522487576116e-06,6.9254797060557025e-06,1.6460284689730784e-08,1.644402338775691e-06,0.005054216466973777
44.900000000000006,0.0036582383287370036,0.0006916859359973356,0.00016782529382783565,0.00026315214095591773,0.00013014344630704752,3.359855818496465e-05,5.291258886247255e-05,1.3163135461352161e-06,1.709208279423897e-06,2.0276710847129793e-05,4.3834168003702705e-06,6.875920523886359e-06,1.6306178458643692e-08,1.6373657019909813e-06,0.005033771534749973
44.95,0.0036450849332498843,0.0006888039312830231,0.00016671103511592,0.0002613155716347448,0.00012958805133800493,3.336977194254365e-05,5.253430815060919e-05,1.3039542402879405e-06,1.6928031546945856e-06,2.018984831758251e-05,4.35353959831408e-06,6.826750998847562e-06,1.6152225831599716e-08,1.6303663859580597e-06,0.005013421017636246
45.0,0.003631981723142141,0.0006859346092188659,0.00016560505207892395,0.0002594931799474429,0.0001290351560011224,3.314273157686343e-05,5.215902499432078e-05,1.2917227258479581e-06,1.676570558359998e-06,2.0103391627311903e-05,4.323883462213412e-06,6.777956728177798e-06,1.5998373835222875e-08,1.623402180843395e-06,0.004993164402616268
45.050000000000004,0.0036189285092353388,0.0006830779168839022,0.0001645072773193735,0.0002576848466847349,0.000128484749749168,3.2917422458202484e-05,5.178671347654375e-05,1.2796175615388352e-06,1.66050851811099e-06,2.0017337078733993e-05,4.294441519677259e-06,6.729524396188316e-06,1.5844634813770473e-08,1.616470223055166e-06,0.004973001179739381
45.1,0.003605925102961637,0.0006802338015030363,0.00016341764403231469,0.0002558904537150554,0.00012793682206162224,3.269383008927771e-05,5.141734792141034e-05,1.2676373233841778e-06,1.6446150855420802e-06,1.9931680228038698e-05,4.265207754726175e-06,6.681442396421774e-06,1.5691160674968967e-08,1.609568334474618e-06,0.004952930844567616
45.150000000000006,0.003592971316363018,0.0006774022104478289,0.00016233608599976591,0.00025410988397419753,0.00012739136244491094,3.247194010396432e-05,5.105090289185867e-05,1.2557806045828718e-06,1.6288883359924392e-06,1.9846416054811906e-05,4.236177263969575e-06,6.633701346601712e-06,1.5538281325400694e-08,1.602695899191854e-06,0.004932952900012021
45.2,0.003580066962090534,0.0006745830912372699,0.00016126253758522735,0.0002523430214550669,0.0001268483604326335,3.225173826603003e-05,5.068735318727055e-05,1.2440460153925837e-06,1.6133263683995334e-06,1.9761539169146415e-05,4.207346443716021e-06,6.5862944650482585e-06,1.5386477356320734e-08,1.595853800667295e-06,0.00491306685699376
45.25,0.00356721185340351,0.0006717763915385229,0.00016019693372824184,0.00025058975119753604,0.00012630780558578456,3.203321046788231e-05,5.03266738411351e-05,1.2324321830150243e-06,1.5979273051553283e-06,1.9677044043341428e-05,4.178713096685e-06,6.539217785833454e-06,1.5236289697596977e-08,1.58904346340098e-06,0.0048932722339297425
45.300000000000004,0.003554405804168754,0.000668982059167652,0.00015913920993901093,0.00024884995927840263,0.00012576968749297127,3.18163427293293e-05,4.996884011873875e-05,1.220937751476531e-06,1.5826892919550198e-06,1.959292525378733e-05,4.150276451976688e-06,6.492470199926446e-06,1.508820379214865e-08,1.5822655470453626e-06,0.0048735685555948175
45.35,0.0035416486288597534,0.0006662000420903271,0.00015808930229306358,0.0002471235328014496,0.00012523399577062499,3.16011211963537e-05,4.9613827514880466e-05,1.2095613814978328e-06,1.5676104976287402e-06,1.950917771802435e-05,4.122037097344981e-06,6.446053320369261e-06,1.4942562205228956e-08,1.5755190455601617e-06,0.004853955352149083
45.400000000000006,0.0035289401425558434,0.0006634302884225026,0.000157047147425976,0.0002454103598876024,0.00012470072006320716,3.138753213989901e-05,4.9261611751610775e-05,1.198301750347601e-06,1.5526891139478237e-06,1.942579691227865e-05,4.0939968282861515e-06,6.399971180484034e-06,1.479954335306208e-08,1.5688013192657055e-06,0.004834432158894603
45.45,0.003516280160941385,0.0006606727464310822,0.00015601268252814527,0.00024371032966518942,0.0001241698500434113,3.11755619546686e-05,4.89121687759951e-05,1.1871575516755409e-06,1.5379233553989858e-06,1.9342779055990284e-05,4.066158423654003e-06,6.3542297845552535e-06,1.4659205032199575e-08,1.5621090640997082e-06,0.004814998516780283
45.5,0.003503668500304909,0.0006579273645345562,0.00015498584533961226,0.00024202333226029627,0.0001236413754123586,3.096519715793629e-05,4.856547475789894e-05,1.1761274953220376e-06,1.5233114589217401e-06,1.926012125187499e-05,4.038525362097712e-06,6.308836539670319e-06,1.4521557269678368e-08,1.5554397103885757e-06,0.004795653973143114
45.550000000000004,0.0034911049775382644,0.0006551940913036228,0.00015396657414493668,0.00024034925878722003,0.0001231152858997894,3.075642438836885e-05,4.822150608779536e-05,1.1652103071030239e-06,1.5088516836069154e-06,1.917782157278359e-05,4.011101497280345e-06,6.263799604809578e-06,1.4386619057563091e-08,1.548792521482385e-06,0.00477639808195612
45.6,0.0034785894101357507,0.0006524728754617886,0.0001529548077681224,0.00023868800133901904,0.00012259157126424928,3.054923040485991e-05,4.788023937459348e-05,1.1544047285703303e-06,1.4945423103566337e-06,1.9095879089872402e-05,3.9838907123234246e-06,6.219127198327335e-06,1.4254427094602107e-08,1.5421688260886194e-06,0.004757230403041017
45.650000000000006,0.0034661216161932288,0.0006497636658859461,0.00015195048556759108,0.00023703945297815556,0.0001220702212932698,3.0343602085374586e-05,4.754165144348681e-05,1.143709516749453e-06,1.4803816415086954e-06,1.9014293840181406e-05,3.956896575069221e-06,6.174826907292163e-06,1.4124991990438856e-08,1.5355712705644536e-06,0.004738150500190408
45.7,0.0034537014144072394,0.0006470664116069362,0.00015095354743120722,0.00023540350772723582,0.00012155122580354471,3.0139526425805407e-05,4.720571933382215e-05,1.1331234438582907e-06,1.4663680004308298e-06,1.893306673541647e-05,3.93012201548738e-06,6.1309050415914585e-06,1.3998227414420495e-08,1.52900249457487e-06,0.004719157938694562
45.75,0.003441328624074089,0.0006443810618100867,0.00014996393377134977,0.00023378006055983967,0.00012103457464110023,2.993699053883852e-05,4.6872420296987136e-05,1.1226452970116945e-06,1.4524997310922945e-06,1.885219941732107e-05,3.903569044907194e-06,6.087366072311055e-06,1.3873895753869336e-08,1.5224639442356472e-06,0.0047002522830949245
45.800000000000004,0.003429003065088938,0.0006417075658357355,0.00014898158552003346,0.00023216900739144459,0.0001205202576814607,2.973598165283077e-05,4.6541731794317554e-05,1.1122738779178704e-06,1.438775197622159e-06,1.877169406828218e-05,3.8772385338648865e-06,6.0442121879649085e-06,1.375160663181325e-08,1.5159554552208228e-06,0.004681433095892266
45.85,0.0034167245579448825,0.0006390458731797344,0.00014800644412407782,0.00023057024507044068,0.00012000826482980908,2.9536487110697335e-05,4.621363149502379e-05,1.10200800257337e-06,1.4251927838647017e-06,1.8691553188540336e-05,3.851130061439662e-06,6.001442994158723e-06,1.3630874970070898e-08,1.5094758035193279e-06,0.004662699937463733
45.900000000000006,0.0034044929237320026,0.0006363959334939312,0.00014703845154032217,0.00022898367136923368,0.00011949858602114134,2.9338494368809713e-05,4.588809727413618e-05,1.0918465009637772e-06,1.4117508929429534e-06,1.8611779353397985e-05,3.825241844309876e-06,5.95905537285844e-06,1.351121386061501e-08,1.5030238904170042e-06,0.0046440523668683275
45.95,0.003392307984136431,0.0006337576965866392,0.00014607755023088933,0.0002274091849754405,0.00011899121122041675,2.9141990995904774e-05,4.556510721047073e-05,1.0817882167771974e-06,1.3984479468414073e-06,1.8532374965018746e-05,3.7995707487325816e-06,5.917043507308299e-06,1.3392222952711992e-08,1.49659989767088e-06,0.0046254899428614955
46.0,0.0033801695614393817,0.0006311311124230828,0.0001451236831584938,0.0002258466854831695,0.0001184861304227018,2.8946964672004262e-05,4.524463958461417e-05,1.071832007137091e-06,1.3852823860180845e-06,1.8453342013712183e-05,3.7741123835868407e-06,5.875399068514354e-06,1.3273638023497626e-08,1.4902057734115945e-06,0.004607012224453851
46.050000000000004,0.003368077478516187,0.0006285161311258301,0.0001441767937817969,0.00022429607338439076,0.0001179833336533095,2.8753403187345558e-05,4.4926672876930176e-05,1.0619767423601975e-06,1.3722526690549014e-06,1.8374681862994053e-05,3.7488612678514773e-06,5.834111549728759e-06,1.315532523316789e-08,1.4838447548633525e-06,0.004588618770697875
46.1,0.003356031558835325,0.0006259127029752069,0.00014323682605080757,0.00022275725006039234,0.00011748281096793366,2.8561294441323648e-05,4.4611185765586775e-05,1.0522213057440184e-06,1.3593572723533284e-06,1.8296395071245364e-05,3.72381106168534e-06,5.793168727077006e-06,1.3037228509315155e-08,1.4775201317624765e-06,0.004570309139894954
46.150000000000006,0.0033440316264574193,0.0006233207784096909,0.00014230372440232655,0.0002212301177733202,0.00011698455245277721,2.8370626441444197e-05,4.429815712460517e-05,1.0425645933868077e-06,1.3465946898799824e-06,1.8218481260566274e-05,3.698954846850096e-06,5.752557217767822e-06,1.2919302604476032e-08,1.4712338623414578e-06,0.004552082888834979
46.2,0.003332077506034253,0.0006207403080262942,0.000141377433755437,0.0002197145796578059,0.00011648854822467677,2.8181387302288622e-05,4.398756602193172e-05,1.0330055140413324e-06,1.3339634329641888e-06,1.8140939040579347e-05,3.6742854396993404e-06,5.7122631024708424e-06,1.280147293918326e-08,1.4649857461242645e-06,0.004533939572771507
46.25,0.00332016902280775,0.0006181712425809237,0.00014045789950703735,0.00021821053971267487,0.0001159947884312211,2.799356524449047e-05,4.367939171753216e-05,1.0235429890017875e-06,1.32146203014665e-06,1.8063765991659705e-05,3.6497957184289008e-06,5.672272575564911e-06,1.2683647086573225e-08,1.4587735672755816e-06,0.004515878746520793
46.300000000000004,0.0033083060026089634,0.000615613532988729,0.0001395450675274189,0.00021671790279273985,0.00011550326325086571,2.7807148593723897e-05,4.3373613661509675e-05,1.0141759520214818e-06,1.3090890270756062e-06,1.79869587085624e-05,3.6254789457698043e-06,5.632572586069104e-06,1.2565771362501345e-08,1.4525941126361991e-06,0.004497899966527448
46.35,0.0032964882718570514,0.0006130671303244339,0.00013863888415588656,0.00021523657460067612,0.00011501396289304293,2.762212577970401e-05,4.307021149224651e-05,1.0049033492571589e-06,1.296842986444166e-06,1.791051290188807e-05,3.6013290687958045e-06,5.5931514331120315e-06,1.2447900728479739e-08,1.4464445302139806e-06,0.00448000279327348
46.400000000000006,0.0032847156575582315,0.0006105319858226489,0.00013773929619642096,0.00021376646167897605,0.0001145268775982668,2.7438485335198788e-05,4.276916503456884e-05,9.957241392343055e-07,1.2847224879601388e-06,1.783442355148454e-05,3.5773409789683427e-06,5.5539992826674055e-06,1.2330244002112967e-08,1.4403233471944143e-06,0.004462186793255822
46.45,0.0032729879873047486,0.0006080080508781731,0.00013684625091338486,0.00021230747140198704,0.00011404199763823491,2.7256215895053105e-05,4.2470454297935674e-05,9.866372928266378e-07,1.272726128337878e-06,1.7758685102913513e-05,3.5535107178766437e-06,5.5151085768413575e-06,1.2213157443051605e-08,1.4342306547401348e-06,0.004444451539960496
46.5,0.0032613050892738083,0.0006054952770462761,0.00013595969602726938,0.00021085951196802582,0.00011355931331592511,2.707530619522389e-05,4.2174059474650275e-05,9.776417932420615e-07,1.2608525213002623e-06,1.768329169567915e-05,3.5298356172367377e-06,5.476474313049726e-06,1.2097082110874494e-08,1.4281673867689947e-06,0.004426796613710567
46.550000000000004,0.00324966679222652,0.000602993616042967,0.0001350795797104829,0.00020942249239157363,0.00011307881496568908,2.6895745071826802e-05,4.187996093809437e-05,9.687366360070599e-07,1.2491002975783833e-06,1.760823741014874e-05,3.5063143654420048e-06,5.438094177719517e-06,1.198244760781989e-08,1.4221340820823787e-06,0.0044092216007637405
46.6,0.00323807292550683,0.0006005030197452503,0.00013420585058318107,0.00020799632249554918,0.00011260049295334207,2.6717521460193763e-05,4.158813924098406e-05,9.599208289414776e-07,1.2374681048965225e-06,1.753351651908051e-05,3.4829469971229844e-06,5.399968527352215e-06,1.186958434674042e-08,1.4161297972405475e-06,0.004391726092344311
46.650000000000006,0.0032265233190404297,0.0005980234401913625,0.0001333384577091359,0.0002065809129036566,0.00011212433767624836,2.6540624393940733e-05,4.1298575113645885e-05,9.511933921161858e-07,1.225954607930784e-06,1.7459123729456415e-05,3.4597348065586207e-06,5.36210021847726e-06,1.175868321825184e-08,1.410151769105793e-06,0.004374309684235282
46.7,0.003215017803333682,0.0005955548295809995,0.00013247735059164725,0.00020517617503281284,0.00011165033956340412,2.6365043004045836e-05,4.101124946231302e-05,9.425533577871071e-07,1.2145584882312622e-06,1.738505440090011e-05,3.436680190143257e-06,5.3244942967107336e-06,1.1649814527097125e-08,1.4041960353887142e-06,0.0043569719771525935
46.75,0.003203556209472511,0.0005930971402755255,0.0001316224791694918,0.00020378202108564732,0.00011117848907551576,2.6190766517936602e-05,4.0726143367439064e-05,9.339997703003556e-07,1.2032784440995955e-06,1.731130472830226e-05,3.413786427198937e-06,5.287157563289922e-06,1.1542986332736229e-08,1.3982587295644186e-06,0.004339712577613156
46.800000000000004,0.0031921383691213057,0.0005906503247981706,0.000130773793812913,0.0002023983640430785,0.00011070877670507543,2.60177842585864e-05,4.044323808202915e-05,9.255316859649677e-07,1.192113190416398e-06,1.7237871878300437e-05,3.391057411980223e-06,5.250098044563201e-06,1.1438206275759231e-08,1.3923374396007983e-06,0.004322531098678259
46.85,0.0031807641145218087,0.0005882143358342154,0.00012993124531964956,0.00020102511765696416,0.0001102411929764329,2.5846085643619332e-05,4.016251502998668e-05,9.171481728915433e-07,1.1810614584159054e-06,1.71647540718548e-05,3.368497352517933e-06,5.213324395511732e-06,1.1335514790443257e-08,1.386432000206474e-06,0.0043054271599488655
46.900000000000006,0.0031694332784919874,0.0005857891262311573,0.00012909478491100182,0.00019966219644282303,0.00010977572844586336,2.5675660184422833e-05,3.9883955804474085e-05,9.08848310797118e-07,1.1701219954082583e-06,1.7091950608183336e-05,3.3461104538012162e-06,5.176845272092369e-06,1.1234973578348664e-08,1.3805443570262276e-06,0.004288400386482617
46.95,0.0031581456944249184,0.0005833746489988711,0.00012826436422793755,0.0001983095156726316,0.00010931237370163238,2.5506497485268142e-05,3.960754216628742e-05,9.006311907786385e-07,1.159293564453012e-06,1.701946182860554e-05,3.3239006035778495e-06,5.1406687087657705e-06,1.1136614467058118e-08,1.3746775749649013e-06,0.00427145040676316
47.0,0.0031469011962876403,0.0005809708573097488,0.00012743993532723412,0.00019696699136768976,0.00010885111936405632,2.533858724243759e-05,3.9333256042242825e-05,8.924959150592512e-07,1.1485749439903098e-06,1.694728902220951e-05,3.301871078709923e-06,5.104801536897804e-06,1.1040374811268356e-08,1.36883447541307e-06,0.0042545768502881415
47.050000000000004,0.0031356996186200172,0.0005785777044988314,0.0001266214506776591,0.0001956345402915592,0.0001083919560855595,2.517191924335898e-05,3.906107952357497e-05,8.84441596713371e-07,1.137964927438859e-06,1.6875434278517468e-05,3.2800242885898042e-06,5.069248876845132e-06,1.0946055623688215e-08,1.3630165735734333e-06,0.004237779345537863
47.1,0.003124540796533592,0.0005761951440639282,0.000125808863156188,0.00019431207994307202,0.00010793487455072752,2.5006483365746684e-05,3.8790994864346794e-05,8.764673593778289e-07,1.1274623227719284e-06,1.6803900295292443e-05,3.258361569711949e-06,5.034013731671548e-06,1.0853328051992667e-08,1.3572238283957937e-06,0.004221057518912875
47.150000000000006,0.0031134245657104187,0.0005738231296657195,0.0001250021260442573,0.00019299952854940695,0.00010747986547635594,2.4842269576749097e-05,3.8522984479869826e-05,8.68572336957384e-07,1.1170659520841074e-06,1.673269015213487e-05,3.2368830422924584e-06,4.999096703963195e-06,1.0761787866821856e-08,1.3514552899191597e-06,0.004204410994767995
47.2,0.0031023507624019122,0.0005714616151278525,0.0001242011930240557,0.00019169680505923685,0.00010702691961149595,2.4679267932103118e-05,3.825703094513631e-05,8.607556733334593e-07,1.1067746511624673e-06,1.6661807062417363e-05,3.2155875360637437e-06,4.964495849613852e-06,1.0671034280950061e-08,1.3457102745622582e-06,0.004187839396183226
47.25,0.003091319223427665,0.0005691105544370204,0.0001234060181748495,0.00019040382913594172,0.000106576027737495,2.451746857529504e-05,3.799311699326227e-05,8.530165220849484e-07,1.0965872690757558e-06,1.659125411728948e-05,3.1944725883086086e-06,4.930206674300467e-06,1.0580741766178761e-08,1.33998945408541e-06,0.00417134234584844
47.300000000000004,0.0030803297861742756,0.0005667699017430327,0.0001226165559693446,0.0001891205211508907,0.00010612718066803402,2.4356861736728702e-05,3.773122551394318e-05,8.453540462295602e-07,1.0865026677946865e-06,1.6521034035887793e-05,3.173534513105293e-06,4.896222270232873e-06,1.0490699808736094e-08,1.334295299372086e-06,0.004154919466488679
47.35,0.0030693822885941675,0.0005644396113588738,0.00012183276127008387,0.00018784680217679076,0.0001056803692491606,2.419743773290095e-05,3.747133955192261e-05,8.377674179932227e-07,1.0765197218549303e-06,1.645114893549121e-05,3.1527685368820827e-06,4.862533583148919e-06,1.0400808533311675e-08,1.3286316234631325e-06,0.004138570380561266
47.400000000000006,0.0030584765692043894,0.000562119637760747,0.00012105458932587804,0.00018658259398109933,0.00010523558435931765,2.403918696558456e-05,3.721344230547465e-05,8.302558186137381e-07,1.0666373180723916e-06,1.638160013419966e-05,3.1321689919391703e-06,4.829129792844211e-06,1.031103509753165e-08,1.3230023883035906e-06,0.004122294709381561
47.45,0.00304761246708543,0.0005598099355881126,0.00012028199576827283,0.00018532781901950507,0.00010479281690936919,2.3882099921019585e-05,3.6957517124902075e-05,8.228184381832244e-07,1.0568543553177938e-06,1.631238799686244e-05,3.1117295567458645e-06,4.795998785058508e-06,1.0221354094451128e-08,1.3174103018058033e-06,0.004106092072204679
47.5,0.003036789821880004,0.0005575104596437089,0.00011951493660804864,0.00018408240042947042,0.00010435205784262146,2.372616716911288e-05,3.67035475110503e-05,8.154544755318822e-07,1.0471697443545526e-06,1.6243511832556058e-05,3.091443529664706e-06,4.763127688454027e-06,1.0131705138709084e-08,1.3118558534982993e-06,0.004089962085913216
47.550000000000004,0.003026008473791847,0.0005552211648935673,0.000118753368231755,0.0001828462620238398,0.00010391329813484127,2.3571379362646733e-05,3.645151711383929e-05,8.081631381535682e-07,1.0375824077407331e-06,1.617496984905809e-05,3.071304121340694e-06,4.730503447783757e-06,1.0041991975809653e-08,1.3063372305368343e-06,0.004073904365738925
47.6,0.0030152682635845064,0.0005529420064670146,0.00011799724739827861,0.00018161932828451106,0.00010347652879427109,2.3417727236496764e-05,3.620140973081396e-05,8.009436421714708e-07,1.028091279792541e-06,1.6106759166648546e-05,3.051304750332466e-06,4.6981134031580635e-06,9.952123511618935e-09,1.3008511245067625e-06,0.004057918526986015
47.650000000000006,0.0030045690325801082,0.0005506729396566637,0.00011724653123544327,0.00018040152435616782,0.00010304174086164049,2.3265201606859105e-05,3.595320930571366e-05,7.937952123400931e-07,1.0186953066035857e-06,1.6038875890369916e-05,3.031439326637627e-06,4.665945845532613e-06,9.862074799933288e-09,1.295394023768671e-06,0.004042004187282649
47.7,0.0029939106226581427,0.0005484139199183973,0.00011650117723664438,0.00017919277604007628,0.00010260892541017582,2.311379337048766e-05,3.570689992706221e-05,7.867170820778782e-07,1.0093934461112586e-06,1.597131523676633e-05,3.011702508547113e-06,4.633990520093744e-06,9.77193801398405e-09,1.2899633922965743e-06,0.004026160968684893
47.75,0.002983292876254222,0.0005461649028713374,0.00011576114325751412,0.00017799300978794068,0.00010217807354560655,2.2963493503940828e-05,3.54624658267778e-05,7.797084935231283e-07,1.0001846681990018e-06,1.5904071708262916e-05,2.9920899197144457e-06,4.602239052029479e-06,9.681939149740427e-09,1.2845582206808642e-06,0.0040103884990489
47.800000000000004,0.0029727156363588475,0.0005439258442978073,0.00011502638751261997,0.00017680215269582137,0.00010174917640616995,2.281429306283816e-05,3.521989137880353e-05,7.727686976046757e-07,9.910679548213784e-07,1.58371393058845e-05,2.972598315393577e-06,4.570685273151184e-06,9.592409228313713e-09,1.279178729240497e-06,0.003994686412398231
47.85,0.002962178746516168,0.0005416967001432851,0.00011429686857219494,0.0001756201324981126,0.00010132222516261394,2.2666183181126622e-05,3.497916109775806e-05,7.658969541179024e-07,9.820423001375397e-07,1.5770511769064965e-05,2.9532256894094132e-06,4.539325432846261e-06,9.50371644607498e-09,1.2738253874238623e-06,0.003979054348420704
47.900000000000006,0.0029516820508227247,0.0005394774265163427,0.00011357254535889828,0.0001744468775615783,0.00010089721101819758,2.251915507035587e-05,3.474025963760516e-05,7.590925317963747e-07,9.73106710638161e-07,1.5704182829954068e-05,2.9339713164748224e-06,4.50815828272276e-06,9.416184819800172e-09,1.2684977401423067e-06,0.003963491951582251
47.95,0.0029412253939262063,0.0005372679796885815,0.00011285337714460888,0.00017328231687944903,0.000100474125208691,2.2373200018962684e-05,3.4503171790342156e-05,7.523547083695646e-07,9.642602052512151e-07,1.5638146468943502e-05,2.914835727820544e-06,4.477185030813361e-06,9.330034480959589e-09,1.2631936410161675e-06,0.003947998870473538
48.0,0.0029308086210241813,0.0005350683160945535,0.00011213932354724804,0.00017212638006557465,0.00010005295900237312,2.2228309391563335e-05,3.426788248470473e-05,7.456827705977424e-07,9.555018154128912e-07,1.55723971581301e-05,2.8958206215944816e-06,4.446409168030739e-06,9.24536848753452e-09,1.2579093037205799e-06,0.003932574757816171
48.050000000000004,0.002920431577862839,0.0005328783923316762,0.00011143034452763378,0.00017097899734863636,9.963370370002867e-05,2.208447462825382e-05,3.403437678488752e-05,7.390760142763159e-07,9.468305850917687e-07,1.5506930080103876e-05,2.8769287129306583e-06,4.415836176346384e-06,9.16220552532367e-09,1.2526401834760396e-06,0.003917219271141708
48.1,0.0029100941107357246,0.0005306981651601391,0.00011072640038636535,0.00016984009956641562,9.921635063494417e-05,2.1941687243917037e-05,3.380263988927827e-05,7.325337442034037e-07,9.38245570756675e-07,1.5441741310750663e-05,2.8581635317944114e-06,4.385473134507922e-06,9.080535432513402e-09,1.247382309558017e-06,0.003901932073753788
48.150000000000006,0.0028997960664824568,0.0005285275915027974,0.00011002745176073672,0.00016870961816011783,9.880089117290212e-05,2.1799938827535928e-05,3.357265712920349e-05,7.26055274106322e-07,9.297458412815338e-07,1.5376827956627e-05,2.8395291794951125e-06,4.355328242631628e-06,9.00036826098148e-09,1.2421335000202821e-06,0.003886712835398173
48.2,0.00288953729248746,0.0005263666284450628,0.00010933345962168121,0.00016758748516875448,9.83873167121749e-05,2.165922104151246e-05,3.3344413967684396e-05,7.196399265248163e-07,9.213304777838137e-07,1.5312188239805594e-05,2.8210300569539738e-06,4.325410291362895e-06,8.921755272257021e-09,1.236893955944977e-06,0.0038715612321479783
48.25,0.002879317636678674,0.0005242152332347805,0.00010864438527074391,0.00016647363322357786,9.797561868351658e-05,2.151952562099104e-05,3.3117895998200434e-05,7.132870326510868e-07,9.12998573396569e-07,1.5247821525787383e-05,2.8026705792839707e-06,4.2957281042099605e-06,8.844773215071824e-09,1.2316659944026546e-06,0.0038564769452934314
48.300000000000004,0.002869136947526269,0.0005220733632821008,0.0001079601903370842,0.0001653679955425724,9.756578855015392e-05,2.138084437318631e-05,3.2893088943459584e-05,7.069959321289886e-07,9.047492329776421e-07,1.5183728292999105e-05,2.78445489188413e-06,4.266289982933774e-06,8.76947772421087e-09,1.226453036227718e-06,0.003841459659401702
48.35,0.0028589950740413607,0.0005199409761593427,0.00010728083677450697,0.00016427050592499984,9.715781780777589e-05,2.1243169176714568e-05,3.2669978654173666e-05,7.007659728169419e-07,8.965815727628953e-07,1.5119910045395658e-05,2.7663866030240232e-06,4.237103185426229e-06,8.695846512113603e-09,1.2212582917708411e-06,0.0038265090600565826
48.400000000000006,0.002848891865774706,0.0005178180296008468,0.00010660628685852137,0.0001631810987459966,9.675169798452097e-05,2.1106491980928227e-05,3.244855110783725e-05,6.945965105210697e-07,8.884947199733819e-07,1.5056369172611285e-05,2.7484685468097106e-06,4.2081734633503334e-06,8.623741103134145e-09,1.2160837359489e-06,0.0038116248319436745
48.45,0.0028388271728154125,0.0005157044815028243,0.00010593650318342912,0.0001620997089512265,9.634742064096339e-05,2.0970804805253566e-05,3.222879240751034e-05,6.884869087067818e-07,8.804878123889738e-07,1.4993108764800369e-05,2.7307025885560585e-06,4.1795046830913285e-06,8.552908462968564e-09,1.2109298301138426e-06,0.00379680665780274
48.5,0.002828800845789627,0.0005136002899231939,0.0001052714486594394,0.00016102627205158348,9.594497737009656e-05,2.0836099738531092e-05,3.201068878060362e-05,6.824365381982459e-07,8.725599979028528e-07,1.4930132391632409e-05,2.7130894820770496e-06,4.151098548541826e-06,8.483023346794926e-09,1.2057960814298695e-06,0.003782054218376204
48.550000000000004,0.0028188127358592316,0.0005115054130814138,0.00010461108650981215,0.00015996072411794806,9.554435979731489e-05,2.0702368938359107e-05,3.179422657766716e-05,6.764447768760437e-07,8.647104340725877e-07,1.486744385673324e-05,2.6956287854269577e-06,4.122954438287187e-06,8.413752740477432e-09,1.2006821306003303e-06,0.0037673671930564833
48.6,0.002808862694720538,0.0005094198093583071,0.0001039553802680289,0.00015890300177599507,9.514555958039322e-05,2.056960463044053e-05,3.1579392271183e-05,6.705110093835701e-07,8.569382876839379e-07,1.4805046940095868e-05,2.678318838388131e-06,4.095069363307643e-06,8.344817303502122e-09,1.1955888324126401e-06,0.0037527452606934616
48.650000000000006,0.002798950574602963,0.0005073434372958761,0.00010330429377498955,0.00015785304220105074,9.474856840946345e-05,2.0437799107933227e-05,3.1366172454362345e-05,6.646346268525045e-07,8.492427343431884e-07,1.4742945141555957e-05,2.6611568017183482e-06,4.067438044824851e-06,8.276030046118438e-09,1.190518818944029e-06,0.0037381881000449237
48.7,0.00278907622826772,0.0005052762555971136,0.00010265779117623743,0.00015681078311300243,9.435337800698938e-05,2.0306944730804886e-05,3.115455383994954e-05,6.5881502665695e-07,8.416229581127073e-07,1.4681141438312658e-05,2.644138755038977e-06,4.040053105805534e-06,8.207301749973401e-09,1.18547626233821e-06,0.0037236953895798323
48.75,0.0027792395090064886,0.0005032182231258039,0.0001020158369192095,0.00015577616277125608,9.395998012773833e-05,2.0177033925192516e-05,3.094452325903374e-05,6.530516122045389e-07,8.340781512024602e-07,1.4619638068687369e-05,2.627259847428726e-06,4.012905364221784e-06,8.13861281177738e-09,1.180465884562607e-06,0.0037092668066758417
48.800000000000004,0.0027694402706400934,0.0005011692989063185,0.00010137839575051377,0.0001547491199697443,9.356836655875096e-05,2.0048059182767867e-05,3.073606765987095e-05,6.473437927711734e-07,8.266075137277226e-07,1.4558436352904083e-05,2.6105144924094166e-06,3.985984211677889e-06,8.06996370827201e-09,1.1754915879771676e-06,0.0036949020265832355
48.85,0.0027596783675171797,0.0004991294421234061,0.00010074543271323262,0.00015372959403198345,9.31785291193087e-05,1.992001306010932e-05,3.052917410671831e-05,6.416909833840054e-07,8.192102535400959e-07,1.449753655972871e-05,2.5938965971461755e-06,3.959278057561454e-06,8.001328019247348e-09,1.1705552721575297e-06,0.0036806007217234757
48.900000000000006,0.0027499536545128717,0.000497098612121972,0.00010011691314425101,0.00015271752480617757,9.279045966089863e-05,1.9792888178080937e-05,3.0323829778682445e-05,6.360926047549787e-07,8.1188558613545e-07,1.4436937825434778e-05,2.577399814369966e-06,3.932774816491609e-06,7.932633064378611e-09,1.1656563422123464e-06,0.003666362561825398
48.95,0.0027402659870274493,0.0004950767684068563,9.949280267161158e-05,0.0001517128526603722,9.240415006717716e-05,1.9666677221219825e-05,3.0120021968584646e-05,6.305480832648564e-07,8.04632734638754e-07,1.4376638128901248e-05,2.561017804767858e-06,3.9064624154926084e-06,7.863778897478887e-09,1.1607921036789312e-06,0.0036521872150729134
49.0,0.0027306152209850003,0.0004930638706426004,9.887306721189354e-05,0.00015071551847765366,9.201959225393135e-05,1.9541372937132048e-05,2.9917738081843922e-05,6.250568509951733e-07,7.974509298619695e-07,1.4316634323837048e-05,2.5447444973581818e-06,3.880329296963994e-06,7.79468558218919e-09,1.1559588392625215e-06,0.0036380743500139157
49.050000000000004,0.0027210012128320834,0.0004910598786532113,9.82576729676175e-05,0.0001497254636513963,9.16367781690394e-05,1.9416968135898017e-05,2.9716965635380188e-05,6.196183458032506e-07,7.903394104276558e-07,1.4256922226313093e-05,2.5285743356490674e-06,3.85436489409439e-06,7.725345717759155e-09,1.151153085957712e-06,0.0036240236376885887
49.1,0.0027114238195363885,0.0004890647524219184,9.7646586424675e-05,0.00014874263008055646,9.12556997924301e-05,1.9293455689487646e-05,2.951769225653844e-05,6.142320114332551e-07,7.832974229476538e-07,1.4197496753103964e-05,2.5125024981446987e-06,3.828560056828361e-06,7.655859653632382e-09,1.1463725902270898e-06,0.003610034753394333
49.150000000000006,0.0027018828985853815,0.00048707845209092205,9.703977434978163e-05,0.00014776696016501073,9.087634913604117e-05,1.9170828531185325e-05,2.9319905682034426e-05,6.088972976544863e-07,7.763242222434547e-07,1.4138352103925327e-05,2.4965250829905266e-06,3.8029074088084305e-06,7.58643915681264e-09,1.1416165840415834e-06,0.0035961073776791773
49.2,0.002692378307984965,0.0004851009379611408,9.643720378795577e-05,0.0001467983968009418,9.049871824377786e-05,1.9049079655025164e-05,2.9123593756922625e-05,6.036136604167104e-07,7.694190715927752e-07,1.4079481978607579e-05,2.4806392482087217e-06,3.77740161883759e-06,7.517375436758728e-09,1.136885303027626e-06,0.0035822411964468565
49.25,0.0026829099062581174,0.00048313217049194803,9.583884206001992e-05,0.00014583688337626734,9.012279919147095e-05,1.8928202115235822e-05,2.892874443358545e-05,5.983805620114176e-07,7.625812429854128e-07,1.402087981865521e-05,2.4648433010254143e-06,3.7520395742785244e-06,7.448979310071873e-09,1.1321789719873808e-06,0.003568435900376898
49.300000000000004,0.0026734775524435432,0.0004811721103009059,9.524465676012672e-05,0.00014488236376611452,8.974858408683536e-05,1.8808189025694975e-05,2.8735345770743406e-05,5.931974712275489e-07,7.558100173709394e-07,1.3962539061567785e-05,2.449136732166015e-06,3.7268204483187627e-06,7.381514448770805e-09,1.1274967183233946e-06,0.0035546911841173863
49.35,0.0026640811060943195,0.0004792207181634938,9.46546157533085e-05,0.000143934782328339,8.937606506942926e-05,1.8689033559392658e-05,2.8543385932484613e-05,5.880638634903894e-07,7.491046848810142e-07,1.3904453395776477e-05,2.4335201935997116e-06,3.70174565802129e-06,7.315151248345957e-09,1.1228359289104109e-06,0.0035410067457766954
49.400000000000006,0.0026547204272765277,0.00047727795501282855,9.406868717304921e-05,0.00014299408389908575,8.900523431061341e-05,1.8570728947902555e-05,2.8352853187311472e-05,5.829792209730576e-07,7.424645450101976e-07,1.3846617004092725e-05,2.417995420930092e-06,3.6768187153259403e-06,7.249960059368311e-09,1.1181923795919512e-06,0.0035273822870533016
49.45,0.0026453953765679028,0.0004753437819393832,9.348683941888075e-05,0.00014206021378839544,8.863608401351191e-05,1.845326848086077e-05,2.8163735907202988e-05,5.779430326712799e-07,7.358889067410602e-07,1.3789024784162054e-05,2.402565104319953e-06,3.652044978401264e-06,7.185941797472286e-09,1.1135611147030498e-06,0.0035138175139789334
49.5,0.002636105815056461,0.0004734181601906967,9.29090411540008e-05,0.00014113311777585127,8.826860641297308e-05,1.8336645505450543e-05,2.7976022566689316e-05,5.729547944337992e-07,7.293770886018993e-07,1.3731672535533372e-05,2.387232714363207e-06,3.6274313156825726e-06,7.123076082804705e-09,1.1089377243262023e-06,0.0035003121379111467
49.550000000000004,0.002626851604339137,0.0004715010511710814,9.23352613029141e-05,0.0001402127421062697,8.790279377553151e-05,1.8220853425892233e-05,2.7789701741936493e-05,5.680140089428747e-07,7.229284186485762e-07,1.3674557104542257e-05,2.372002291539634e-06,3.6029856992910176e-06,7.061363135829088e-09,1.104319519498014e-06,0.0034868658762683604
49.6,0.0026176326065204206,0.0004695924164413248,9.176546904909614e-05,0.00013929903348543286,8.75386383993709e-05,1.8105885702937367e-05,2.7604762109838313e-05,5.631201856416615e-07,7.165422343655262e-07,1.361767648019444e-05,2.3568782096853563e-06,3.5787167480596852e-06,7.000843376613029e-09,1.0997061717568945e-06,0.0034734784525815013
49.650000000000006,0.0026084486842109797,0.0004676922177183845,9.119963383267813e-05,0.00013839193907586112,8.717613261428662e-05,1.7991735853365425e-05,2.742119244711229e-05,5.582728406077739e-07,7.102178824848291e-07,1.3561029836537003e-05,2.3418649251793458e-06,3.5546332428883524e-06,6.9415888494814825e-09,1.0950995939060201e-06,0.003460149595663121
49.7,0.002599299700526296,0.0004658004168750819,9.063772534815519e-05,0.00013749140649262878,8.681526878164938e-05,1.787839744948288e-05,2.723898162939786e-05,5.534714963749381e-07,7.03954718726159e-07,1.35046175195182e-05,2.32696672420443e-06,3.5307436384520454e-06,6.8836693848001214e-09,1.0905031115473111e-06,0.0034468790379808996
49.75,0.002590185519085285,0.0004639169759397873,9.007971354211494e-05,0.00013659738379921828,8.645603929436784e-05,1.776586411862307e-05,2.705811863035378e-05,5.487156817070952e-07,6.977521074641977e-07,1.3448440978947401e-05,2.3121874804421444e-06,3.507055595302256e-06,6.8271056974855185e-09,1.085920243137629e-06,0.0034336665136024476
49.800000000000004,0.002581106004008923,0.0004620418570961031,8.952556861098847e-05,0.00013570981950341594,8.609843657685126e-05,1.7654129542646674e-05,2.687859252075359e-05,5.440049313316765e-07,6.916094213336523e-07,1.3392502648754489e-05,2.2975304348967276e-06,3.483575555100082e-06,6.771829860214471e-09,1.081353580061702e-06,0.0034205117562610206
49.85,0.002572061019918877,0.0004601750226825423,8.897526099882265e-05,0.0001348286625532475,8.574245308497124e-05,1.754318745744208e-05,2.670039246757753e-05,5.39338785640758e-07,6.855260407850676e-07,1.3336805781187392e-05,2.2829980082517826e-06,3.4603083791708014e-06,6.717673362827136e-09,1.0768042326264432e-06,0.0034074144980645055
49.900000000000006,0.0025630504319361135,0.0004583164351922006,8.842876139507253e-05,0.00013395386233295176,8.538808130602146e-05,1.7433031652425293e-05,2.652350773309995e-05,5.347167903704363e-07,6.795013536070955e-07,1.3281354242758723e-05,2.2685916543288434e-06,3.437257066931291e-06,6.66439032691326e-09,1.0722720569880406e-06,0.0033943744691031967
49.95,0.0025540741056795328,0.000456466057272427,8.7886040732416e-05,0.00013308536865899509,8.503531375867649e-05,1.732365597003972e-05,2.6347927673972765e-05,5.30138496269945e-07,6.735347544326856e-07,1.3226152281548713e-05,2.2543117609668534e-06,3.414422566270528e-06,6.611705884733302e-09,1.067756519426515e-06,0.0033813913978308595
50.0,0.002545131907264576,0.0004546238517244876,8.734707018458774e-05,0.00013222313177612264,8.468414299294757e-05,1.7215054305255588e-05,2.6173641740304683e-05,5.256034587726373e-07,6.676256442475903e-07,1.317120427680071e-05,2.240157602130927e-06,3.391803682984577e-06,6.559369625446578e-09,1.0632577817546036e-06,0.0033684650118045983
50.050000000000004,0.002536223703301848,0.0004527897815032268,8.681182116423464e-05,0.00013136710235344909,8.433456159013642e-05,1.7107220605069904e-05,2.6000639474738013e-05,5.211112376810746e-07,6.617734299197606e-07,1.3116514482542248e-05,2.226127342456164e-06,3.3693970912391174e-06,6.507195941418477e-09,1.0587775282762409e-06,0.003355595038300759
50.1,0.002527349360895737,0.00045096380971672506,8.628026532079117e-05,0.00013051723148058692,8.39865621627861e-05,1.7000148868007446e-05,2.58289105115245e-05,5.166613968779675e-07,6.559775237674697e-07,1.3062086777189546e-05,2.212218092899141e-06,3.347197442096869e-06,6.455081232411666e-09,1.0543191848949425e-06,0.0033427812044551173
50.150000000000006,0.0025185087476430196,0.00044914589962594993,8.57523745383743e-05,0.00012967347066381133,8.36401373546282e-05,1.689383314362355e-05,2.5658444575602203e-05,5.122535040736973e-07,6.502373431824669e-07,1.3007924430740374e-05,2.1984260138457084e-06,3.3251975626908805e-06,6.402995148077586e-09,1.049887415311691e-06,0.0033300232368100023
50.2,0.0025097017316314863,0.0004473360146444072,8.522812093369923e-05,0.00012883577182226354,8.329527984052775e-05,1.678826753201014e-05,2.548923148167663e-05,5.078871305996476e-07,6.445523103222021e-07,1.2954029900253462e-05,2.1847464600144406e-06,3.3033887348496236e-06,6.350949111253143e-09,1.0454870406282951e-06,0.00331732086041185
50.25,0.002500928181438544,0.0004455341183377846,8.470747685401377e-05,0.0001280040872841893,8.295198232642374e-05,1.668344618330563e-05,2.5321261133308377e-05,5.035618512546101e-07,6.389218518821887e-07,1.2900404662905005e-05,2.1711741598664842e-06,3.2817610389942845e-06,6.298953301195287e-09,1.0411217567602525e-06,0.003304673797832533
50.300000000000004,0.0024921879661298314,0.00044374017442359387,8.41904148750528e-05,0.00012717836978321472,8.261023754926702e-05,1.6579363297210408e-05,2.5154523522010916e-05,4.992772442092617e-07,6.333453989561433e-07,1.2847049094084993e-05,2.157703421013141e-06,3.260303746957088e-06,6.246980952848476e-09,1.036793135683206e-06,0.003292081768602038
50.35,0.0024834809552578357,0.00044195414677080996,8.367690779901215e-05,0.0001263585724546581,8.22700382769551e-05,1.647601312250884e-05,2.498900872636147e-05,4.95032890971164e-07,6.278223869876868e-07,1.2793962395845704e-05,2.14432835229911e-06,3.2390057459727612e-06,6.194958364985077e-09,1.0325003068578236e-06,0.0032795444894454405
50.400000000000006,0.0024748070188604903,0.00044017599939950364,8.316692865254066e-05,0.00012554464883187611,8.193137730826326e-05,1.6373389956598883e-05,2.4824706911127672e-05,4.908283764100726e-07,6.223522558133624e-07,1.2741142578655534e-05,2.1310430928101833e-06,3.217855975402506e-06,6.142786653652717e-09,1.0282404318268443e-06,0.0032670616754179728
50.45,0.0024661660274597967,0.00043840569648047475,8.26604506847523e-05,0.0001247365528426469,8.1594247472774e-05,1.6271488145030715e-05,2.4661608326413385e-05,4.86663288840689e-07,6.169344497926984e-07,1.2688586496961532e-05,2.1178420379813654e-06,3.1968438576875686e-06,6.090384626628645e-09,1.024009748171558e-06,0.003254633041675951
50.5,0.002457557852060422,0.00043664320233487836,8.215744736525598e-05,0.00012393423880558633,8.125864163080337e-05,1.6170302081054797e-05,2.4499703306825275e-05,4.825372201573928e-07,6.115684180171197e-07,1.2636289936640149e-05,2.1047200532415845e-06,3.1759597055446117e-06,6.037732973889052e-09,1.0198047472609223e-06,0.0032422583053986626
50.550000000000004,0.0024489823641483124,0.0004348884814338501,8.165789238220442e-05,0.00012313766142659998,8.092455267332606e-05,1.6069826205180448e-05,2.4338982270662557e-05,4.784497660131792e-07,6.062536145860006e-07,1.2584247750128738e-05,2.0916726662118463e-06,3.1551950884872475e-06,5.984902378139268e-09,1.0156230461765155e-06,0.003229937187374117
50.6,0.002440439435689301,0.00043314149839812844,8.116175964036147e-05,0.00012234677579536904,8.059197352189916e-05,1.5970055004745182e-05,2.4179435719130908e-05,4.7440052603299544e-07,6.009894989350713e-07,1.2532454032975567e-05,2.0786962293698225e-06,3.1345431433920692e-06,5.932056502701466e-09,1.0114636700586017e-06,0.0032176694129262017
50.650000000000006,0.0024319289391277086,0.00043140221799767124,8.066902325918689e-05,0.00012156153738186909,8.02608971285846e-05,1.5870983013494856e-05,2.4021054235580822e-05,4.703891040500728e-07,5.957755361999708e-07,1.2480902333804983e-05,2.065788046300791e-06,3.1139988160358423e-06,5.87942832538568e-09,1.0073266810297338e-06,0.0032054547120898423
50.7,0.0024234507473849575,0.00042967060515127333,8.017965757094007e-05,0.0001207819020329239,7.993131647587208e-05,1.5772604811174827e-05,2.386382848477081e-05,4.6641510835277763e-07,5.906111975960949e-07,1.2429585888329347e-05,2.052946456156399e-06,3.093559023305377e-06,5.827274682107113e-09,1.0032123125707968e-06,0.003193292819172905
50.75,0.0024150047338581684,0.00042794662492617695,7.969363711880057e-05,0.00012000782596879072,7.960322457660147e-05,1.56749150231313e-05,2.3707749212153843e-05,4.6247815192891076e-07,5.854959607949907e-07,1.2378497867093408e-05,2.040170872701889e-06,3.0732227290709384e-06,5.775821952025424e-09,9.991199556826215e-07,0.003181183472043048
50.800000000000004,0.00240659077241877,0.00042623024253768236,7.921093665500691e-05,0.0001192392657797795,7.927661447388626e-05,1.5577908319922488e-05,2.3552807243185932e-05,4.5857785269443717e-07,5.804293102776093e-07,1.2327631626137568e-05,2.0274617762882427e-06,3.0529909304106845e-06,5.72522287373107e-09,9.950474298748156e-07,0.0031691264115767904
50.85,0.0023982087374111076,0.0004245214233487553,7.873153113901289e-05,0.0001184761784229045,7.895147924103813e-05,1.5481579416938494e-05,2.3398993482654364e-05,4.547138336941969e-07,5.754107376455796e-07,1.2276980949721552e-05,2.0148206591545812e-06,3.032866554817488e-06,5.675542425385761e-09,9.909908832126777e-07,0.0031571213816230827
50.900000000000006,0.002389858503651038,0.00042282013286962955,7.825539573566039e-05,0.00011771852121856688,7.862781198149221e-05,1.5385923074028597e-05,2.3246298914022448e-05,4.5088572326328953e-07,5.70439741873387e-07,1.2226540274654184e-05,2.0022499265507693e-06,3.0128542730169267e-06,5.626776863308928e-09,9.869454052306425e-07,0.0031451681295658917
50.95,0.002381539946424544,0.00042112633675741017,7.778250581337042e-05,0.00011696625184727092,7.830560582873462e-05,1.5290934095134898e-05,2.3094714598787986e-05,4.470931551394876e-07,5.655158294868349e-07,1.2176304886606953e-05,1.989752758167958e-06,2.9929602358704642e-06,5.578893302370376e-09,9.829061295237686e-07,0.003133266407253351
51.0,0.002373252941486331,0.0004194400008156709,7.731283694234997e-05,0.00011621932834636988,7.798485394623082e-05,1.5196607327930412e-05,2.2944231675851124e-05,4.43335768519081e-07,5.606385146562623e-07,1.2126271080013221e-05,1.977332936175661e-06,2.973191747332476e-06,5.531869560905467e-09,9.788694127216806e-07,0.0031214159718697134
51.050000000000004,0.0023649973650584325,0.0004177610909940515,7.684636489281639e-05,0.00011547770910684423,7.766554952735583e-05,1.5102937663460393e-05,2.2794841360888202e-05,4.396132080510048e-07,5.558073191966814e-07,1.2076436274724398e-05,1.96499464769634e-06,2.9535568883956667e-06,5.485718566919578e-09,9.748336790044101e-07,0.003109616586339483
51.1,0.0023567730938288197,0.0004160895733878522,7.638306563323832e-05,0.0001147413528701107,7.734768579532582e-05,1.5009920035785158e-05,2.264653494572748e-05,4.3592512376674466e-07,5.510217724709832e-07,1.2026799084446888e-05,1.952742270721062e-06,2.934064109240322e-06,5.440491360498855e-09,9.707996679524282e-07,0.003097868019016818
51.150000000000006,0.0023485800049499964,0.000414425414237624,7.592291532859242e-05,0.0001140102187248608,7.703125600313022e-05,1.4917549421622777e-05,2.249930379772271e-05,4.3227117094629584e-07,5.462814111965658e-07,1.1977359334047496e-05,1.9405801532156834e-06,2.914721808268924e-06,5.396259776038842e-09,9.667700254543739e-07,0.0030861700426264545
51.2,0.002340417976037613,0.00041276857992876,7.546589033863734e-05,0.00011328426610393113,7.671625343346507e-05,1.4825820839990547e-05,2.235313935912158e-05,4.286510099232602e-07,5.415857791599685e-07,1.192811802500765e-05,1.928512395437235e-06,2.8955379172591936e-06,5.353083898496074e-09,9.627483772257628e-07,0.00307452243262943
51.25,0.002332286885169062,0.00041111903699108076,7.50119672162029e-05,0.00011256345478120213,7.64026713986657e-05,1.4734729351843669e-05,2.220803314642532e-05,4.25064305834805e-07,5.369344268480914e-07,1.1879077250536728e-05,1.916542645249364e-06,2.876519511446928e-06,5.310974209379541e-09,9.587381991448304e-07,0.003062924965367753
51.300000000000004,0.002324186610882086,0.00040947675209842025,7.456112270549578e-05,0.0001118477448685274,7.609050324063944e-05,1.4644270059710464e-05,2.2063976749737483e-05,4.215107283246721e-07,5.323269110082942e-07,1.1830240064028254e-05,1.9046739154989239e-06,2.8576724619532082e-06,5.269863391205496e-09,9.54741896605006e-07,0.0030513774164454264
51.35,0.002316117032173386,0.0004078416920682095,7.41133337404211e-05,0.00011113709681269241,7.577974233079702e-05,1.4554438107323326e-05,2.1920961832099904e-05,4.1798995120950945e-07,5.277627941528192e-07,1.1781610306561696e-05,1.8929084313311722e-06,2.8390011456637385e-06,5.229601859442134e-09,9.507604486881259e-07,0.003039879559744395
51.400000000000006,0.002308078028497218,0.0004062138238610558,7.366857744291893e-05,0.00011043147139240123,7.547038206998171e-05,1.4465228679244885e-05,2.1778980128814614e-05,4.1450165212046505e-07,5.232416440255035e-07,1.1733192400925717e-05,1.8812475137513156e-06,2.8205082245907374e-06,5.189981002530139e-09,9.46793743271667e-07,0.003028431167231323
51.45,0.0023000694797640077,0.0004045931145803239,7.322683112131738e-05,0.0001097308297152935,7.516241588839661e-05,1.4376637000489709e-05,2.1638023446752005e-05,4.110455121331681e-07,5.187630330505378e-07,1.1684991121081785e-05,1.8696915038874672e-06,2.8021945031062346e-06,5.150774614462342e-09,9.42841427084173e-07,0.003017032009391539
51.5,0.0022920912663389483,0.0004029795314717109,7.278807226869988e-05,0.00010903513321498833,7.485583724552795e-05,1.4288658336141435e-05,2.1498083663645337e-05,4.076212153998123e-07,5.143265377839277e-07,1.1637011347029777e-05,1.8582397303973423e-06,2.7840588674851798e-06,5.111781752067569e-09,9.389038848400399e-07,0.003005681855904351
51.550000000000004,0.0022841432690406094,0.00040137304192282297,7.235227856128848e-05,0.00010834434364815746,7.455063963006519e-05,1.4201287990966324e-05,2.135915272737362e-05,4.042284487971228e-07,5.099317383884139e-07,1.1589257815630165e-05,1.8468905204201785e-06,2.7660983082153635e-06,5.0728570905472e-09,9.349829420317656e-07,0.0029943804761518567
51.6,0.0022762253691395477,0.0003997736134627488,7.191942785684212e-05,0.0001076584230916262,7.424681655981668e-05,1.411452130902408e-05,2.1221222655234953e-05,4.008669016034274e-07,5.055782181517771e-07,1.1541734878051595e-05,1.835641252532045e-06,2.7483080217832456e-06,5.033922740509664e-09,9.310820252976258e-07,0.0029831276392950005
51.650000000000006,0.002268337448356906,0.0003981812137616302,7.148949819306912e-05,0.00010697733393950108,7.394436158162022e-05,1.4028353673277053e-05,2.108428553321325e-05,3.975362652169541e-07,5.012655630668016e-07,1.1494446274146668e-05,1.8244884484232883e-06,2.7306815853495933e-06,4.99496141236356e-09,9.27205713531296e-07,0.0029719231138503627
51.7,0.0022604793888630287,0.000396595810630234,7.106246778605543e-05,0.00010630103890032625,7.364326827124934e-05,1.3942780505199639e-05,2.0948333515242384e-05,3.942362329258766e-07,4.969933614887624e-07,1.1447394933235936e-05,1.8134278985563188e-06,2.713211195031857e-06,4.955993518849993e-09,9.23358801799754e-07,0.002960766666887893
51.75,0.002252651073276064,0.0003950173720195188,7.063831502870658e-05,0.00010562950099426552,7.33435302333138e-05,1.3857797264389173e-05,2.0813358822471365e-05,3.9096649973855176e-07,4.927612038831937e-07,1.1400582809547046e-05,1.8024548159180221e-06,2.695887956470395e-06,4.9170440691881826e-09,9.195451580216649e-07,0.0029496580631263782
51.800000000000004,0.002244852384660576,0.00039344586602020273,7.021701848920459e-05,0.00010496268355031215,7.304514110115552e-05,1.37733994481804e-05,2.0679353742535426e-05,3.877267622799978e-07,4.885686826730764e-07,1.1354010758981376e-05,1.7915640111564187e-06,2.678702214951972e-06,4.878110774270757e-09,9.157667516397053e-07,0.0029385970643046226
51.85,0.0022370832065261555,0.00039188126086232947,6.97985569094793e-05,0.00010430055020352514,7.274809453673973e-05,1.368958259126522e-05,2.0546310628837346e-05,3.845167187579662e-07,4.84415392190548e-07,1.1307678462045739e-05,1.7807500818612557e-06,2.661643911517061e-06,4.839147962514022e-09,9.120232100812987e-07,0.0029275834291827476
51.900000000000006,0.002229343422826026,0.0003903235249148309,6.938290920369333e-05,0.00010364306489229089,7.245238423054128e-05,1.3606342265319393e-05,2.041422189984331e-05,3.8133606899913675e-07,4.803009287339855e-07,1.1261584395783783e-05,1.7700076084762808e-06,2.644702951086807e-06,4.800075639572296e-09,9.083120741066751e-07,0.0029166169143353712
51.95,0.002221632917955661,0.0003887726266850913,6.89700544567418e-05,0.00010299019185561217,7.215800390142776e-05,1.352367407863813e-05,2.0283080038397997e-05,3.7818451455311567e-07,4.762248907270301e-07,1.1215725855465231e-05,1.7593313492823368e-06,2.6278695686236754e-06,4.760810444520322e-09,9.046296415501637e-07,0.002905697275602216
52.0,0.0022139515767513906,0.00038722853481850734,6.855997192276527e-05,0.00010234189563042155,7.186494729653873e-05,1.3441573675781745e-05,2.0152877591062113e-05,3.7506175885911513e-07,4.7218687897191456e-07,1.117009902473222e-05,1.7487164270433872e-06,2.6111346796377984e-06,4.721304157393365e-09,9.009720590622088e-07,0.002894824269818931
52.050000000000004,0.002206299284489016,0.00038569121809804854,6.815264102367694e-05,0.00010169814104892115,7.157320819116316e-05,1.3360036737232882e-05,2.0023607167476034e-05,3.719675074676341e-07,4.681864969856041e-07,1.112469909094717e-05,1.7381585002578493e-06,2.594490201966939e-06,4.6815735276617765e-09,8.973362619277404e-07,0.0028839976563886155
52.1,0.0021986759268824273,0.00038416064544381697,6.774804134770345e-05,0.00010105889323594762,7.12827803886154e-05,1.327905897906611e-05,1.989526143975179e-05,3.689014683071648e-07,4.6422335140381453e-07,1.1079520400709833e-05,1.7276539125132548e-06,2.5779293367239663e-06,4.6417116810772445e-09,8.937204705913439e-07,0.002873217198369259
52.150000000000006,0.0021910813900822127,0.00038263678591260306,6.734615264793874e-05,0.00010042411760636127,7.099365772011015e-05,1.3198636152630363e-05,1.9767833141894798e-05,3.658633519840599e-07,4.602970524351285e-07,1.103455664897616e-05,1.717199814215491e-06,2.5614467976669952e-06,4.601879325974292e-09,8.901241345333051e-07,0.0028624826629428885
52.2,0.0021835155606742796,0.00038111960869744414,6.694695484091199e-05,9.979377986246117e-05,7.070583404463882e-05,1.3118764044244682e-05,1.9641315069256408e-05,3.628528721022965e-07,4.5640721434532146e-07,1.0989801093968208e-05,1.7067942519593511e-06,2.5450389800344045e-06,4.562278496539681e-09,8.865473832930815e-07,0.002851793821307436
52.25,0.0021759783256784667,0.00037960908312717815,6.655042800516808e-05,9.916784599142347e-05,7.041930324884664e-05,1.3039438474906693e-05,1.9515700078016346e-05,3.598697455889606e-07,4.525534559506398e-07,1.0945246789147341e-05,1.6964362220132477e-06,2.5287040620948136e-06,4.523114066410629e-09,8.829901781001776e-07,0.002841150448170968
52.300000000000004,0.0021684695725471643,0.00037810517866599866,6.615655237986167e-05,9.854628226276483e-05,7.013405924691272e-05,1.2960655300013476e-05,1.939098108469412e-05,3.5691369301097764e-07,4.4873540109831133e-07,1.0900886822956384e-05,1.6861256857764393e-06,2.512442035240739e-06,4.4845525924482875e-09,8.794514601552071e-07,0.0028305523211382406
52.35,0.002160989189163937,0.00037660786491300905,6.576530836336425e-05,9.792905522582976e-05,6.985009598043344e-05,1.2882410409093689e-05,1.9267151065686843e-05,3.5398443886885776e-07,4.449526791129298e-07,1.0856714556828066e-05,1.67586354658093e-06,2.4962546613079286e-06,4.446692699070466e-09,8.759286296388952e-07,0.00281999922032639
52.400000000000006,0.002153537063842137,0.0003751171116017733,6.537667651188356e-05,9.731613170730103e-05,6.956740741830955e-05,1.2804699725549454e-05,1.9144203056830046e-05,3.5108171185405327e-07,4.412049251885905e-07,1.0812723852106e-05,1.6656515887869596e-06,2.4801453587996374e-06,4.409559564373293e-09,8.72417601671157e-07,0.0028094909284617545
52.45,0.002146113085323534,0.00037363288859986946,6.499063753809648e-05,9.670747880873473e-05,6.928598755663843e-05,1.2727519206406573e-05,1.902213015297786e-05,3.4820524505790876e-07,4.3749178070871626e-07,1.0768909277017547e-05,1.6554923816868553e-06,2.46411902268509e-06,4.373125438058596e-09,8.689134671344435e-07,0.0027990272314859866
52.5,0.002138717142776931,0.0003721551659084387,6.460717230979383e-05,9.610306390411737e-05,6.900583041861099e-05,1.2650864842070804e-05,1.8900925507597347e-05,3.453547761220181e-07,4.3381289347826207e-07,1.0725266285652936e-05,1.6453891522110224e-06,2.4481817852691464e-06,4.337345039969764e-09,8.654115349079904e-07,0.0027886079194402416
52.550000000000004,0.0021313491257967903,0.00037068391366173613,6.422626184853811e-05,9.550285463744695e-05,6.872693005441406e-05,1.2574732656088342e-05,1.8780582332372237e-05,3.425300473220943e-07,4.301679178564117e-07,1.0681791362013134e-05,1.635345631750362e-06,2.432340728153027e-06,4.302188812916585e-09,8.619083850961756e-07,0.0027782327872483904
52.6,0.002124008924401865,0.0003692191021266802,6.384788732833363e-05,9.490681892033678e-05,6.844928054113827e-05,1.2499118704908137e-05,1.8661093896810452e-05,3.397308055800405e-07,4.2655651478174654e-07,1.0638482123551306e-05,1.6253658835072234e-06,2.416603557401915e-06,4.267661428359195e-09,8.584025878937432e-07,0.0027679016350542172
52.650000000000006,0.002116696429033816,0.0003677607017024001,6.347203007430838e-05,9.431492492964114e-05,6.817287598269043e-05,1.2424019077643699e-05,1.8542453527849705e-05,3.3695680240172836e-07,4.229783516860927e-07,1.0595337380205237e-05,1.6154541176091977e-06,2.400978255608516e-06,4.233802280364658e-09,8.548948926854548e-07,0.0027576142679308258
52.7,0.0021094115305558495,0.0003663086829197848,6.30986715614088e-05,9.372714110510451e-05,6.789771050971129e-05,1.2349429895832489e-05,1.8424654609456263e-05,3.3420779374093806e-07,4.1943310229765814e-07,1.0552357146648066e-05,1.6056145017257735e-06,2.3854727255194475e-06,4.200671262744112e-09,8.513878672463912e-07,0.002747370494965589
52.75,0.0021021541202513407,0.0003648630164410292,6.27277934131058e-05,9.314343614703166e-05,6.762377827949673e-05,1.2275347313190518e-05,1.8307690582211298e-05,3.314835397928181e-07,4.159204463384358e-07,1.0509542607311385e-05,1.5958509750886132e-06,2.3700944402195697e-06,4.1683246699147825e-09,8.478851075972367e-07,0.0027371701278684235
52.800000000000004,0.0020949240898224665,0.00036342367305918085,6.235937740011316e-05,9.256377901398066e-05,6.73510734759226e-05,1.2201767515360668e-05,1.8191554942880842e-05,3.2878380472305717e-07,4.124400691250831e-07,1.0466896035592084e-05,1.5861670736173145e-06,2.3548501145123395e-06,4.1367867050112594e-09,8.44390246617284e-07,0.0027270129793607973
52.85,0.0020877213313888424,0.0003619906236976869,6.199340543911773e-05,9.198813892047743e-05,6.707959030937191e-05,1.212868671965314e-05,1.8076241243965452e-05,3.2610835634152307e-07,4.089916610863396e-07,1.0424420670468546e-05,1.5765657732941446e-06,2.3397454110787426e-06,4.106024932800666e-09,8.409060670808383e-07,0.0027168988616833984
52.900000000000006,0.00208054573748615,0.000360563839409938,6.16298595915208e-05,9.141648533475111e-05,6.680932301666301e-05,1.2056101174776833e-05,1.796174309322663e-05,3.234569657313712e-07,4.055749172134086e-07,1.038212055544835e-05,1.5670493580328078e-06,2.3247846932671864e-06,4.075940121945648e-09,8.374340264046136e-07,0.0027068275855632457
52.95,0.0020733972010647792,0.00035914329137881493,6.126872206219175e-05,9.084878797649184e-05,6.654026586097836e-05,1.1984007160561241e-05,1.784805415318865e-05,3.2082940684646264e-07,4.02189536462486e-07,1.0340000346274307e-05,1.5576193170903333e-06,2.309970834037294e-06,4.046377185500738e-09,8.339743717092339e-07,0.0026967989598466117
53.0,0.0020662756154884616,0.0003577289509162319,6.090997519823243e-05,9.028501681462845e-05,6.627241313179197e-05,1.1912400987668373e-05,1.7735168140614627e-05,3.1822545609124206e-07,3.9883522113058767e-07,1.0298065095059035e-05,1.5482762756453155e-06,2.2953050877876214e-06,4.017154468010435e-09,8.305267877957163e-07,0.0026868127917556066
53.050000000000004,0.002059180874532911,0.00035632078946268124,6.0553601487753316e-05,8.972514206512781e-05,6.600575914479498e-05,1.1841278997295194e-05,1.7623078825957802e-05,3.1564489189803147e-07,3.955116762270338e-07,1.025632001944385e-05,1.5390199606013703e-06,2.2807870287331123e-06,3.9880997737848475e-09,8.27091294562897e-07,0.002676868887487761
53.1,0.0020521128723844663,0.00035491877858677786,6.019958355866093e-05,8.916913418881486e-05,6.574029824181825e-05,1.1770637560867249e-05,1.751178003278951e-05,3.1308749431688865e-07,3.9221860886324694e-07,1.0214770265940865e-05,1.529849202077397e-06,2.2664145563882196e-06,3.959079641141229e-09,8.236690223684102e-07,0.0026669670527837918
53.150000000000006,0.0020450715036387295,0.0003535228899848014,5.9847904177455873e-05,8.861696388921227e-05,6.547602479075037e-05,1.170047307972456e-05,1.740126563720645e-05,3.1055304463280086e-07,3.8895572768295655e-07,1.0173420676793622e-05,1.5207619695230379e-06,2.252183965782504e-06,3.930013929561293e-09,8.202625778562911e-07,0.002657107093174082
53.2,0.0020380566632992167,0.000352133095480241,5.949854624804257e-05,8.806860211040155e-05,6.521293318545137e-05,1.1630781984801664e-05,1.729152956722156e-05,3.080413250240494e-07,3.8572274235350844e-07,1.0132275569476057e-05,1.511755440040622e-06,2.2380900774771833e-06,3.900875245777952e-09,8.16875890458087e-07,0.002647288813795452
53.25,0.0020310682467759977,0.0003507493670233368,5.915149281054922e-05,8.752402003490307e-05,6.495101784566038e-05,1.1561560736303449e-05,1.718256580214261e-05,3.0555211827407745e-07,3.825193631367355e-07,1.0091338537356084e-05,1.502826095367606e-06,2.224126420388596e-06,3.871676514228688e-09,8.135135958352646e-07,0.002637512018835766
53.300000000000004,0.002024106149884346,0.0003493716766906236,5.8806727040158985e-05,8.698318908157664e-05,6.46902732168977e-05,1.1492805823379349e-05,1.707436837194446e-05,3.0308520754725457e-07,3.7934530055495144e-07,1.0050612279113395e-05,1.4939698431054264e-06,2.210285458905977e-06,3.842450078487602e-09,8.101801230781497e-07,0.0026277765107713107
53.35,0.0020171702688433933,0.0003479999966844735,5.846423224595191e-05,8.644608090354183e-05,6.443069377036083e-05,1.1424513763798212e-05,1.696693135664072e-05,3.0064037623656186e-07,3.762002651640882e-07,1.001009846326955e-05,1.4851821571672176e-06,2.196558854790819e-06,3.813222259355933e-09,8.068787249881715e-07,0.002618082089632036
53.400000000000006,0.0020102605002747724,0.0003466342993326375,5.8123991869756906e-05,8.591266738611692e-05,6.417227400281399e-05,1.1356681103626394e-05,1.6860248885661027e-05,2.9821740788855196e-07,3.730839674420174e-07,9.969797632724805e-06,1.4764582320292875e-06,2.18293775378473e-06,3.783990561568484e-09,8.036107339486672e-07,0.002608428552573765
53.45,0.00200337674120128,0.00034527455708778905,5.778598948501498e-05,8.538292064477833e-05,6.39150084364727e-05,1.12893044169119e-05,1.6754315137240606e-05,2.9581608620807703e-07,3.6999611779582033e-07,9.929709152570824e-06,1.467793145168709e-06,2.169413086626866e-06,3.754713470171799e-09,8.003752981667131e-07,0.0025988156940094953
53.5,0.0019965188890455248,0.0003439207425270649,5.745020879565207e-05,8.48568130231379e-05,6.365889161888249e-05,1.1222380305376843e-05,1.6649124337827926e-05,2.9343619514228335e-07,3.669364266873063e-07,9.889831202734659e-06,1.4591820220117991e-06,2.1559758741880474e-06,3.7253198017043466e-09,7.971697109550289e-07,0.0025892433064049875
53.550000000000004,0.0019896868416285885,0.00034257282835160804,5.71166336349627e-05,8.433431709093994e-05,6.340391812279385e-05,1.1155905398120813e-05,1.6544670761516605e-05,2.9107751904042876e-07,3.6390460487168663e-07,9.850160815282129e-06,1.4506201977768762e-06,2.1426175265921818e-06,3.6957353921765002e-09,7.939902220597365e-07,0.0025797111816095453
53.6,0.0019828804971686867,0.0003412307873861102,5.67852479645038e-05,8.381540564207689e-05,6.315008254603375e-05,1.108987635133716e-05,1.6440948729506613e-05,2.8873984288323094e-07,3.6090036374006555e-07,9.81069395453586e-06,1.4421033707566696e-06,2.129330126485341e-06,3.6659156043650705e-09,7.90833029624357e-07,0.0025702191123918856
53.650000000000006,0.001976099754279825,0.0003398945925783528,5.6456035872998104e-05,8.330005169262279e-05,6.289737951137485e-05,1.1024289848043837e-05,1.633795260959896e-05,2.864229525728472e-07,3.579234157525185e-07,9.771425636607503e-06,1.433627741855351e-06,2.1161066870454147e-06,3.6358698084488754e-09,7.876951043953112e-07,0.002560766893800853
53.7,0.00196934451197047,0.00033856421699875064,5.6128981575248276e-05,8.278822847888622e-05,6.264580366640435e-05,1.0959142597830362e-05,1.623567681572758e-05,2.841266352723143e-07,3.549734749451415e-07,9.732350083557154e-06,1.4251901355891485e-06,2.1029413759549234e-06,3.6056695917949208e-09,7.845746059223593e-07,0.0025513543240841506
53.75,0.0019626146696422072,0.00033723963383989287,5.580406941106023e-05,8.227990945548026e-05,6.239534968339304e-05,1.0894431336621452e-05,1.613411580753017e-05,2.81850679781385e-07,3.5205025749163567e-07,9.693460906216468e-06,1.4167880982995815e-06,2.089829697456368e-06,3.5754405440954475e-09,7.814708261174744e-07,0.002541981205082092
53.800000000000004,0.0019559101270884127,0.0003359208164160858,5.548128384417669e-05,8.177506829341122e-05,6.214601225916676e-05,1.083015282645789e-05,1.6033264089959283e-05,2.7959487693432063e-07,3.49153482297932e-07,9.654751308777056e-06,1.4084199700322992e-06,2.076768625833131e-06,3.545342102602877e-09,7.783837389453317e-07,0.0025326473421625932
53.85,0.0019492307844929252,0.000334607738162896,5.5160609461220464e-05,8.127367887818506e-05,6.189778611498133e-05,1.0766303855294289e-05,1.593311621293318e-05,2.7735902000431657e-07,3.4628287160704976e-07,9.616214307571584e-06,1.4000849274060826e-06,2.0637566852317854e-06,3.5155401863878824e-09,7.753133128922617e-07,0.0025233525438433354
53.900000000000006,0.0019425765424287108,0.00033330037263669166,5.4842030970646865e-05,8.077571530793089e-05,6.165066599640213e-05,1.0702881236812899e-05,1.5833666771024582e-05,2.7514290509892976e-07,3.434381515909154e-07,9.577842956072927e-06,1.3917829958200183e-06,2.0507939726354776e-06,3.4861771989952787e-09,7.722587852830589e-07,0.0025140966212919193
53.95,0.0019359473018565458,0.00033199869351418685,5.452553320170634e-05,8.02811518915428e-05,6.140464667319021e-05,1.0639881810252404e-05,1.5734910403184767e-05,2.729463315311445e-07,3.4061905290626436e-07,9.539630568009669e-06,1.383515030484549e-06,2.0378821229328282e-06,3.4573464422776705e-09,7.692181279488017e-07,0.0025048793879308643
54.0,0.0019293429641236855,0.0003307026745919833,5.421110110341584e-05,7.978996314683813e-05,6.115972293919511e-05,1.0577302440249621e-05,1.5636841792498396e-05,2.707691021515192e-07,3.3782531119294234e-07,9.501570930639241e-06,1.3752826669585734e-06,2.0250242172848243e-06,3.4290803565051543e-09,7.661879195935508e-07,0.0024957006593660435
54.050000000000004,0.0019227634309625459,0.00032941228978611406,5.3898719743539966e-05,7.930212379873334e-05,6.091588961225603e-05,1.051514001669212e-05,1.5539455665964235e-05,2.686110236282234e-07,3.350566674949527e-07,9.463658500623967e-06,1.3670882430658183e-06,2.0122246382414554e-06,3.4013588271440984e-09,7.631637310776259e-07,0.002486560253748806
54.1,0.0019162086044893867,0.0003281275131315879,5.358837430758138e-05,7.881760877743703e-05,6.0673141534111627e-05,1.0453391454579104e-05,1.544274679429555e-05,2.664719066635967e-07,3.323128685873027e-07,9.425888575603634e-06,1.358934695185567e-06,1.9994888771748e-06,3.3741345987249007e-09,7.60140937489364e-07,0.0024774579924842824
54.150000000000006,0.0019096783872029886,0.0003268483187819314,5.328005009777992e-05,7.833639321665885e-05,6.043147357031843e-05,1.039205369388758e-05,1.5346709991733227e-05,2.643515661381143e-07,3.295936671950479e-07,9.388257435431024e-06,1.3508254329115042e-06,1.986823301473549e-06,3.3473640645956693e-09,7.571156903391011e-07,0.0024683937010128508
54.2,0.0019031726819833453,0.0003255746810087348,5.2973732532121444e-05,7.785845245183624e-05,6.019088061017867e-05,1.0331123699441032e-05,1.5251340115864748e-05,2.6224982117524037e-07,3.268988220947936e-07,9.35076244810855e-06,1.3427641969071024e-06,1.974234890510672e-06,3.321030000163502e-09,7.540857222765337e-07,0.0024593672093325947
54.25,0.0018966913920903448,0.0003243065742011951,5.266940714335501e-05,7.738376201837649e-05,5.995135756667624e-05,1.0270598460777218e-05,1.5156632067441194e-05,2.601664951234648e-07,3.242280980930964e-07,9.31340213670356e-06,1.3347549054278403e-06,1.961730950599717e-06,3.29514883515336e-09,7.510507442367948e-07,0.0024503783520271856
54.300000000000004,0.001890234421162462,0.0003230439728656616,5.2367059578019366e-05,7.691229764991581e-05,5.9712899376421096e-05,1.0210474992012223e-05,1.5062580790185216e-05,2.5810141545480996e-07,3.215812658806518e-07,9.276176204892366e-06,1.3268014954093587e-06,1.9493188199604353e-06,3.2697635396072283e-09,7.480123617369119e-07,0.002441426967741551
54.35,0.0018838016732154544,0.00032178685162518114,5.206667559547829e-05,7.644403527659455e-05,5.94755009996007e-05,1.0150750331697797e-05,1.4969181270582815e-05,2.560544135820895e-07,3.1895810176561157e-07,9.239085520246339e-06,1.3189077642194599e-06,1.9370055750918635e-06,3.2449278709942336e-09,7.449735825611387e-07,0.002432512898199927
54.400000000000006,0.0018773930526410488,0.000320535185219043,5.176824106696419e-05,7.597895102334772e-05,5.923915741993717e-05,1.0091421542669187e-05,1.4876428537652339e-05,2.5402532460014114e-07,3.1635838729374344e-07,9.202132055881856e-06,1.311077218126245e-06,1.9247977498746326e-06,3.220687025397645e-09,7.419380644063391e-07,0.0024236359869378708
54.45,0.0018710084642056472,0.000319288948502326,5.147174197463101e-05,7.551702120821223e-05,5.900386364464945e-05,1.0032485711881388e-05,1.4784317662685339e-05,2.5201398695901716e-07,3.137819087672545e-07,9.165318792598146e-06,1.3033129332346174e-06,1.912701078172914e-06,3.197057684868795e-09,7.38909284424129e-07,0.002414796077951874
54.5,0.001864647813049019,0.00031804811644544387,5.117716441061505e-05,7.505822234064902e-05,5.876961470441797e-05,9.973939950231657e-06,1.4692843758954298e-05,2.5002024207958175e-07,3.1122845667776736e-07,9.128649585067234e-06,1.2956174340882575e-06,1.900720269671495e-06,3.1740112987160965e-09,7.358898403956214e-07,0.00240599301449861
54.550000000000004,0.0018583110046830062,0.0003168126641336928,5.08844945761047e-05,7.460253111988119e-05,5.853640565335082e-05,9.915781392367148e-06,1.4602001981384132e-05,2.4804393392409115e-07,3.0869782507210045e-07,9.092128996962482e-06,1.2879925943394728e-06,1.888858827182288e-06,3.151466890371022e-09,7.328810972505997e-07,0.0023972266382814088
54.6,0.0018519979449902297,0.00031558256676679925,5.059371878041861e-05,7.41499244332475e-05,5.8304231568949355e-05,9.85800719647678e-06,1.4511787526185239e-05,2.460849085359853e-07,3.061898108719649e-07,9.055762111059389e-06,1.2804395628898738e-06,1.8771189117424429e-06,3.1292988853874537e-09,7.298833165679123e-07,0.0023884967891828596
54.650000000000006,0.0018457085402227903,0.0003143577996584668,5.030482344009164e-05,7.370037935457056e-05,5.807308755207102e-05,9.800614544067055e-06,1.442219563044732e-05,2.4414301356428804e-07,3.037042131704298e-07,9.01955432126357e-06,1.2729587177563733e-06,1.8655012596055457e-06,3.1073596253538217e-09,7.268962360928991e-07,0.0023798033055235836
54.7,0.0018394426970009849,0.00031313833823592605,5.0017795077969824e-05,7.32538731425409e-05,5.7842968726888345e-05,9.743600639722463e-06,1.433322157169516e-05,2.4221809778863494e-07,3.01240832528933e-07,8.983511114173065e-06,1.265549648692082e-06,1.854005152845321e-06,3.0855088847990802e-09,7.239198742911755e-07,0.0023711460246249316
54.75,0.0018332003223120125,0.0003119241580394825,4.973262032231279e-05,7.281038323911514e-05,5.761387024084155e-05,9.686962710851266e-06,1.4244860667408229e-05,2.403100106609865e-07,2.9879947029867624e-07,8.947637848133882e-06,1.2582111683721303e-06,1.8426284429249841e-06,3.063639226505914e-09,7.209552367737144e-07,0.0023625247833484147
54.800000000000004,0.001826981323508691,0.00031071523472206647,4.9449285905904685e-05,7.236988726792945e-05,5.7385787264583934e-05,9.630698007418491e-06,1.4157108274508188e-05,2.384186018795794e-07,2.963799279894939e-07,8.91193953778402e-06,1.250941350821805e-06,1.8313676244159548e-06,3.041688924212529e-09,7.18004658557325e-07,0.0023539394183414745
54.85,0.0018207856083081765,0.0003095115440487843,4.916777866517313e-05,7.193236303272774e-05,5.71587149919184e-05,9.574803801668233e-06,1.4069959788819155e-05,2.3654372100959336e-07,2.939820067076915e-07,8.876420651802029e-06,1.2437375947876316e-06,1.8202179542291678e-06,3.0196410539414553e-09,7.150716839839617e-07,0.002345389765890842
54.900000000000006,0.0018146130847906767,0.0003083130618964677,4.888808553931568e-05,7.149778851580362e-05,5.69326486397238e-05,9.519277387837805e-06,1.3983410644506771e-05,2.3468521716343525e-07,2.916055066820103e-07,8.841084930999066e-06,1.2365967089785662e-06,1.8091736103471822e-06,2.997512829623973e-09,7.121605544142511e-07,0.0023368756614557465
54.95,0.0018084636613981803,0.0003071197642532266,4.861019356943474e-05,7.106614187645774e-05,5.6707583447871137e-05,9.464116081867003e-06,1.3897456313503499e-05,2.32842938751522e-07,2.892502268938779e-07,8.805935233050711e-06,1.229515015552764e-06,1.7982278831407284e-06,2.9753399679370395e-09,7.092754629082987e-07,0.0023283969390408077
55.0,0.0018023372469331755,0.00030593162721800026,4.8334089897679716e-05,7.063740144946833e-05,5.648351467912823e-05,9.409317221105542e-06,1.38120923049276e-05,2.3101673331202152e-07,2.8691596482451315e-07,8.770973409099535e-06,1.2224884678842852e-06,1.7873733918752194e-06,2.953158827456776e-09,7.064197525936161e-07,0.0023199534305819013
55.050000000000004,0.0017962337505573792,0.00030474862700011055,4.805976176639719e-05,7.02115457435765e-05,5.626043761905363e-05,9.35487816402238e-06,1.3727314164504381e-05,2.2920644742532306e-07,2.84602516327466e-07,8.736200216225078e-06,1.2155127784785103e-06,1.7766023188667404e-06,2.930988607501948e-09,7.035952347421455e-07,0.0023115449655157173
55.1,0.0017901530817904705,0.00030357073991881596,4.7787196517288785e-05,6.978855343998539e-05,5.6038347575879897e-05,9.300796289920411e-06,1.3643117473998055e-05,2.2741192671609838e-07,2.823096756308624e-07,8.701615268429916e-06,1.208583552866108e-06,1.7659066538155231e-06,2.9088182081129483e-09,7.00801802861573e-07,0.0023031713707048875
55.150000000000006,0.0017840951505088164,0.0003023979424028647,4.7516381590576185e-05,6.936840339087255e-05,5.581723988038646e-05,9.247068998659955e-06,1.3559497850662432e-05,2.2563301594281617e-07,2.800372354691786e-07,8.667217027387054e-06,1.2016964253447667e-06,1.7552784410178324e-06,2.8866042129770978e-09,6.980374821908925e-07,0.0022948324708544038
55.2,0.0017780598669442148,0.000301230210990051,4.724730452417424e-05,6.895107461791697e-05,5.5597109885764086e-05,9.193693710394562e-06,1.3476450946718717e-05,2.2386955917158857e-07,2.777849873399539e-07,8.633002832790546e-06,1.1948471925197037e-06,1.7447100223555295e-06,2.8642838875075077e-09,6.952989385868266e-07,0.0022865280894358866
55.25,0.0017720471416826252,0.00030006752232676945,4.697995295287088e-05,6.853654631083862e-05,5.537795296747134e-05,9.140667865321918e-06,1.3393972448867286e-05,2.2212140002833042e-07,2.7555272187655747e-07,8.59896897079803e-06,1.1880319407026483e-06,1.7341942691529925e-06,2.84180001993128e-09,6.925823011165223e-07,0.0022782580499584606
55.300000000000004,0.001766056885662913,0.0002989098531675724,4.671431460751481e-05,6.812479782595205e-05,5.515976452308548e-05,9.087988923452684e-06,1.3312058077840108e-05,2.2038838202054832e-07,2.7334022932418653e-07,8.565110777796641e-06,1.1812471633714378e-06,1.7237247961895557e-06,2.8191275122034402e-09,6.898840211771001e-07,0.0022700221772857217
55.35,0.001760089010175595,0.00029775718037472715,4.6450377314210425e-05,6.771580868473323e-05,5.494253997214946e-05,9.035654364399262e-06,1.3230703587998827e-05,2.1867034891768384e-07,2.7114730010273196e-07,8.531422775599285e-06,1.17448986509223e-06,1.7132961514187418e-06,2.7962903757987667e-09,6.872014847803433e-07,0.0022618202986901003
55.400000000000006,0.0017541434268615794,0.0002966094809177733,4.6188128993519614e-05,6.730955857239906e-05,5.4726274756016764e-05,8.983661687185989e-06,1.3149904766982215e-05,2.1696714517692674e-07,2.68973725437181e-07,8.497898833216498e-06,1.1677576485958078e-06,1.702903975354593e-06,2.773363297994333e-09,6.845332180061727e-07,0.0022536522444645416
55.45,0.0017482200477109214,0.0002954667318730826,4.5927557659671244e-05,6.690602733650056e-05,5.451096433769708e-05,8.932008410081796e-06,1.3069657435405538e-05,2.152786163998555e-07,2.668192980339191e-07,8.46453234957224e-06,1.161048782108369e-06,1.6925451247228055e-06,2.7504596519652243e-09,6.818786943978203e-07,0.002245517848088248
55.5,0.0017423187850615688,0.00029432891042341776,4.5668651419777146e-05,6.650519498552832e-05,5.4296604201704175e-05,8.880692070455341e-06,1.298995744661221e-05,2.1360460980417027e-07,2.6468381277968337e-07,8.431316450953142e-06,1.1543622445836673e-06,1.6822177558992948e-06,2.727712099552049e-09,6.792378690583185e-07,0.002237416946064241
55.550000000000004,0.0017364395515981196,0.00029319599385749305,4.54113984730555e-05,6.610704168753111e-05,5.408318985390885e-05,8.82971022465226e-06,1.2910800686476995e-05,2.1194497469424424e-07,2.625670674391181e-07,8.398244196608326e-06,1.1476977471680876e-06,1.6719213648879214e-06,2.70525119885636e-09,6.766105946938024e-07,0.002229349377577928
55.6,0.0017305822603505805,0.0002920679595695365,4.515578711006117e-05,6.57115477687472e-05,5.387071682139888e-05,8.779060447893297e-06,1.2832183073258047e-05,2.102995629141999e-07,2.6046886332685695e-07,8.365308785750984e-06,1.1410557300334776e-06,1.6616567820856903e-06,2.6831849141727027e-09,6.73996060134719e-07,0.002221314984110635
55.650000000000006,0.0017247468246931218,0.00029094478505885084,4.49018057119225e-05,6.53186937122477e-05,5.36591806523475e-05,8.728740334191343e-06,1.2754100557493425e-05,2.0866822926774694e-07,2.583890059308366e-07,8.33250375925039e-06,1.1344373345965911e-06,1.651426121762875e-06,2.6615816237667654e-09,6.713923848135766e-07,0.0022133136091374217
55.7,0.0017189331583428464,0.00028982644792937797,4.4649442749585555e-05,6.492846015659296e-05,5.3448576915892846e-05,8.678747496285104e-06,1.2676549121936688e-05,2.0705083189007997e-07,2.56327305465109e-07,8.2998231895364e-06,1.1278443520580734e-06,1.6412326879303278e-06,2.6404612797035506e-09,6.687965049409487e-07,0.0022053450980456185
55.75,0.0017131411753585498,0.0002887129258892617,4.439868678306445e-05,6.454082789450068e-05,5.3238901202028856e-05,8.629079565586133e-06,1.2599524781524262e-05,2.0544723255866174e-07,2.5428357733267603e-07,8.267261852656622e-06,1.1212791500821054e-06,1.6310808399524134e-06,2.6197998251306887e-09,6.66204448144764e-07,0.0021974092983750686
55.800000000000004,0.0017073707901394909,0.00028760419675041333,4.414952646069882e-05,6.415577787152641e-05,5.3030149121509336e-05,8.579734192135944e-06,1.2523023583366756e-05,2.03857296931707e-07,2.522576424818014e-07,8.234815377017496e-06,1.1147445802483368e-06,1.6209758227844188e-06,2.5995474992782744e-09,6.636119772672284e-07,0.0021895060603633705
55.85,0.0017016219174241654,0.00028650023842807787,4.3901950518417866e-05,6.377329118475644e-05,5.282231630576551e-05,8.530709044569306e-06,1.244704160675524e-05,2.0228089470552696e-07,2.502493276427136e-07,8.2024803640882e-06,1.1082438695997229e-06,1.6109235679930489e-06,2.5796543978467132e-09,6.610154290596054e-07,0.002181635237619993
55.900000000000006,0.001695894472289075,0.0002854010289403996,4.3655947779010596e-05,6.339334908151175e-05,5.2615398406836896e-05,8.482001810079602e-06,1.2371574963172912e-05,2.007178996845372e-07,2.482584654355131e-07,8.170254477233529e-06,1.101780500158254e-06,1.600930472719819e-06,2.5600923911771447e-09,6.584124743073077e-07,0.002173796687652017
55.95,0.0016901883701475095,0.0002843065464079914,4.341150715140312e-05,6.301593295806483e-05,5.240939109731595e-05,8.433610194382314e-06,1.2296619796302727e-05,1.9916818976059572e-07,2.4628489434432e-07,8.138136495847876e-06,1.0953580806748776e-06,1.5910031644612034e-06,2.540864699916672e-09,6.55802553695528e-07,0.0021659902719964545
56.0,0.0016845035267483226,0.00028321676905350185,4.316861762994183e-05,6.264102435836721e-05,5.2204290070304924e-05,8.385531921672318e-06,1.2222172282021054e-05,1.9763164680129522e-07,2.443284585570637e-07,8.106126333062557e-06,1.0889802151194945e-06,1.5811482599728513e-06,2.5220013643901875e-09,6.531868827006747e-07,0.0021582158558617094
56.050000000000004,0.0016788398581747165,0.0002821316752011857,4.2927268293683295e-05,6.226860497278929e-05,5.200009103938441e-05,8.337764734571268e-06,1.2148228628368388e-05,1.9610815644983488e-07,2.4238900767474447e-07,8.074225016465527e-06,1.0826503725042864e-06,1.5713721267658586e-06,2.5035454796695403e-09,6.505680797786617e-07,0.0021504733073498174
56.1,0.0016731972808430294,0.00028105124327647486,4.26874483056905e-05,6.189865663687145e-05,5.179678973859177e-05,8.290306394061397e-06,1.2074785075488466e-05,1.945976078419967e-07,2.4046639629827485e-07,8.042434632472728e-06,1.0763717625680906e-06,1.561680655549522e-06,2.4855371561424315e-09,6.479495663044735e-07,0.0021427624964283987
56.150000000000006,0.0016675757115015189,0.000279975451805549,4.2449146912334965e-05,6.153116133008611e-05,5.159438192240724e-05,8.243154679402484e-06,1.2001837895528152e-05,1.9309989324848536e-07,2.3856048350504773e-07,8.01075823618794e-06,1.070147221625968e-06,1.5520790515745565e-06,2.4679994903079756e-09,6.453348933916274e-07,0.0021350832938258507
56.2,0.00166197506722916,0.00027890427941490935,4.2212353442605575e-05,6.116610117461182e-05,5.139286336574609e-05,8.196307388029563e-06,1.1929383392492023e-05,1.9161490765336375e-07,2.3667113223102585e-07,7.979199729742723e-06,1.0639791124995952e-06,1.5425716521251666e-06,2.4509273805643173e-09,6.427271213084865e-07,0.002127435569990496
56.25,0.001656395265434434,0.00027783770483095127,4.1977057307423064e-05,6.080345843411772e-05,5.119222986395364e-05,8.149762335429127e-06,1.1857417902046506e-05,1.9014254828142636e-07,2.3479820857726452e-07,7.947763713176631e-06,1.057869241888856e-06,1.5331617763857746e-06,2.4342797794301324e-09,6.401283679650151e-07,0.0021198191942444103
56.300000000000004,0.001650836223854128,0.0002767757068795395,4.174324799896087e-05,6.044321551255947e-05,5.099247723280109e-05,8.103517354992746e-06,1.1785937791270615e-05,1.886827140890652e-07,2.3294158106230752e-07,7.916455312858439e-06,1.0518187978341264e-06,1.523851612578639e-06,2.4179782251397023e-09,6.375396474702953e-07,0.0021122340342683704
56.35,0.0016452978605521382,0.00027571826448558414,4.1510915089972053e-05,6.0085354952986205e-05,5.079360130847922e-05,8.057570297847481e-06,1.1714939458351744e-05,1.8723530523440638e-07,2.3110111984370187e-07,7.885279993219495e-06,1.0458283090808858e-06,1.5146421456772873e-06,2.4019150955783085e-09,6.349610804639308e-07,0.002104679956013975
56.400000000000006,0.0016397800939182668,0.0002746653566726166,4.128004823312182e-05,5.9729859436357784e-05,5.059559794758688e-05,8.01191903266328e-06,1.1644419332226791e-05,1.8580022254321506e-07,2.2927669593294025e-07,7.854243358135533e-06,1.039897627240691e-06,1.5055331272350292e-06,2.3859717081283688e-09,6.323924416297286e-07,0.0020971568240172656
56.45,0.0016342828426670355,0.0002736169625623686,4.1050637160326455e-05,5.9376711780373474e-05,5.039846302711244e-05,7.966561445438551e-06,1.1574373872171086e-05,1.8437736698725342e-07,2.274681804284149e-07,7.823350948625915e-06,1.0340259317062219e-06,1.496523087052757e-06,2.3700412036134618e-09,6.298338611241813e-07,0.0020896645019319537
56.5,0.0016288060258364886,0.00027257306137434963,4.082267168209763e-05,5.902589493831055e-05,5.0202192444404865e-05,7.92149543926554e-06,1.1504799567338837e-05,1.829666391914088e-07,2.2567544379042595e-07,7.792608043622274e-06,1.028211756389381e-06,1.4876093846915631e-06,2.354047960671684e-09,6.272864106081514e-07,0.0020822028530085098
56.550000000000004,0.001623349562787008,0.00027153363242542785,4.0596141686892825e-05,5.8677391997873886e-05,5.000678211713287e-05,7.876718934078152e-06,1.1435692936261039e-05,1.815679389850369e-07,2.2389835518099713e-07,7.762019470389659e-06,1.0224530365723739e-06,1.4787882973545476e-06,2.337956485098736e-09,6.247523472374017e-07,0.00207477174028688
56.6,0.0016179133732001309,0.0002704986551294114,4.0371037140471474e-05,5.833118618005596e-05,4.981222798323011e-05,7.83222986638535e-06,1.1367050526307926e-05,1.8018116501157715e-07,2.2213678188920772e-07,7.731589430771579e-06,1.0167471735398646e-06,1.470055139526956e-06,2.3217679261606846e-09,6.222349407496895e-07,0.002067371026425408
56.650000000000006,0.001612497377077362,0.00026946810899662957,4.014734808525651e-05,5.798726083800668e-05,4.961852600082467e-05,7.788026188993754e-06,1.1298868913124442e-05,1.7880621440867071e-07,2.2039058886005565e-07,7.701321348799492e-06,1.0110911142220185e-06,1.461404409028841e-06,2.305508164502579e-09,6.197379750129242e-07,0.0020600005732586933
56.7,0.001607101494739002,0.00026844197363351703,3.992506463970201e-05,5.76455994559142e-05,4.942567214815247e-05,7.744105870723772e-06,1.1231144700048494e-05,1.7744298256880263e-07,2.1865963834160895e-07,7.67121774439055e-06,1.0054814428247117e-06,1.4528299537912198e-06,2.2892135659040313e-09,6.172651005149726e-07,0.0020526602412630573
56.75,0.0016017256468229657,0.00026742022874219737,3.970417699766597e-05,5.7306185647895036e-05,4.9233662423453426e-05,7.700466896123533e-06,1.1163874517522068e-05,1.7609136298794958e-07,2.1694378966146467e-07,7.641280136895393e-06,9.99914481331446e-07,1.4443251536498593e-06,2.2729181761223094e-09,6.148191997323413e-07,0.0020453498890902577
56.800000000000004,0.0015963697542836117,0.000266402854120069,3.948467542778887e-05,5.696900315689478e-05,4.904249284485091e-05,7.657107265185423e-06,1.109705502250619e-05,1.7475124720696583e-07,2.1524289913948546e-07,7.61150898119611e-06,9.94386395790351e-07,1.435883111656541e-06,2.2566429290584416e-09,6.124018734590068e-07,0.002038069373272284
56.85,0.0015910337383905758,0.00026538982965939207,3.926655027287779e-05,5.663403585359869e-05,4.8852159450215e-05,7.614024993069867e-06,1.1030682897910569e-05,1.7342252484753116e-07,2.1355682013950508e-07,7.58190363793801e-06,9.888933053986759e-07,1.4274968497185474e-06,2.240387120194124e-09,6.100131277863652e-07,0.0020308185481705886
56.900000000000006,0.0015857175207275984,0.00026438113534687536,3.904979194929558e-05,5.630126773535163e-05,4.8662658297010215e-05,7.5712181098408445e-06,1.096475485204846e-05,1.7210508374153285e-07,2.1188540325835524e-07,7.55246237835136e-06,9.834313915186915e-07,1.419159503687776e-06,2.224124599546103e-09,6.076513407695273e-07,0.002023597266243948
56.95,0.0015804210231913673,0.0002633767512632663,3.883439094635595e-05,5.597068292508851e-05,4.8473985462130066e-05,7.528684660217629e-06,1.089926761812709e-05,1.7079881014985055e-07,2.102284966462993e-07,7.523182423020199e-06,9.779970038687238e-07,1.4108645132582352e-06,2.2078084342506126e-09,6.053135632944496e-07,0.002016405378685225
57.0,0.0015751441679903518,0.0002623766575829398,3.862033782572331e-05,5.5642265670273575e-05,4.828613704171974e-05,7.486422703346484e-06,1.0834217953782596e-05,1.695035890637294e-07,2.0858594644887315e-07,7.494060012918024e-06,9.725867612173789e-07,1.4026058021662658e-06,2.19138557909083e-09,6.029961219264358e-07,0.002009242736387457
57.050000000000004,0.001569886877643648,0.00026138083457349014,3.8407623220818295e-05,5.531600034184979e-05,4.8099109150990006e-05,7.444430312595869e-06,1.0769602640667705e-05,1.6821930457937675e-07,2.0695759735639016e-07,7.465090510083835e-06,9.671976439771803e-07,1.3943779442422135e-06,2.174817898867675e-09,6.006953681731219e-07,0.002002109191070371
57.1,0.0015646490749798264,0.0002603892625953236,3.8196237836228507e-05,5.499187143319766e-05,4.7912897924024954e-05,7.4027055753778765e-06,1.0705418484098706e-05,1.6694584033415018e-07,2.0534329324404442e-07,7.436268524478249e-06,9.618270761737064e-07,1.3861763108977615e-06,2.158101205493403e-09,5.984083363481837e-07,0.0019950045963107593
57.150000000000006,0.0015594306831357755,0.000259401922101251,3.7986172447124064e-05,5.466986355910295e-05,4.7727499513586377e-05,7.361246592997869e-06,1.0641662312766493e-05,1.6568307999080306e-07,2.0374287788275932e-07,7.407588062855814e-06,9.564729943962498e-07,1.3779971957398889e-06,2.14127379606544e-09,5.961330991374475e-07,0.001987928808246403
57.2,0.0015542316255555595,0.0002584187936360836,3.777741789867882e-05,5.4349961454734394e-05,4.7542910090918717e-05,7.3200514805337245e-06,1.0578330978515046e-05,1.6443090775477455e-07,2.0215619569876152e-07,7.379042694928039e-06,9.511339015543271e-07,1.36983791227623e-06,2.1244112692454903e-09,5.93868741368448e-07,0.0019808816858598735
57.25,0.0015490518259892684,0.000257439857836228,3.756996510549614e-05,5.403214997462987e-05,4.735912584555714e-05,7.279118366744906e-06,1.0515421356188193e-05,1.6318920890847752e-07,2.005830925583515e-07,7.350625731678766e-06,9.458089035991425e-07,1.3616968611945706e-06,2.1076113876292513e-09,5.916150269943435e-07,0.001973863090910434
57.300000000000004,0.0015438912084918778,0.0002564650954292835,3.7363805051040095e-05,5.371641409169221e-05,4.717614298514265e-05,7.238445394011024e-06,1.0452930343544029e-05,1.619578703460094e-07,1.9902341655356604e-07,7.322330410433193e-06,9.404977278314381e-07,1.3535735644990922e-06,2.09097612019061e-09,5.893719202764593e-07,0.001966872887672651
57.35,0.0015387496974221125,0.000255494487233641,3.715892878707155e-05,5.340273889619394e-05,4.699395773524727e-05,7.198030718298507e-06,1.0390854861234022e-05,1.6073678109166915e-07,1.974770187643712e-07,7.29415008117252e-06,9.352007219972248e-07,1.3454686648532405e-06,2.074596182873311e-09,5.871391115435574e-07,0.0019599109426294043
57.400000000000006,0.001533627217441306,0.00025452801415808135,3.6955327433088985e-05,5.309110959479059e-05,4.681256633921184e-05,7.1578725091531205e-06,1.0329191852841914e-05,1.595258327861294e-07,1.9594375397370636e-07,7.266078388624981e-06,9.299188340413641e-07,1.337383889748437e-06,2.0585395100612063e-09,5.84915638646823e-07,0.0019529771242058054
57.45,0.0015285236935122725,0.00025356565720137717,3.6752992175774614e-05,5.278151150954345e-05,4.66319650579998e-05,7.117968949715544e-06,1.0267938284976005e-05,1.5832492012506916e-07,1.9442348131310096e-07,7.238109444844844e-06,9.246535731012183e-07,1.3293219814860505e-06,2.042843176494973e-09,5.826996552620782e-07,0.0019460713025909679
57.5,0.0015234390508981738,0.0002526073974518938,3.655191426844491e-05,5.247393007695048e-05,4.645215017006841e-05,7.0783182367561515e-06,1.0207091147406294e-05,1.571339412364704e-07,1.9291606481863074e-07,7.210237987305471e-06,9.194069530261484e-07,1.3212865953080425e-06,2.0275095025619322e-09,5.804883990914748e-07,0.001939193349699983
57.550000000000004,0.0015183732151613939,0.00025165321608719275,3.635208503050625e-05,5.2168350846986296e-05,4.62731179712597e-05,7.038918580724877e-06,1.0146647453237024e-05,1.5595279798461246e-07,1.9142137387966225e-07,7.182459517972396e-06,9.141814203524834e-07,1.3132821692293704e-06,2.012509067762512e-09,5.782784192437704e-07,0.0019323431393390308
57.6,0.0015133261121624184,0.0002507030943736366,3.615349584691531e-05,5.186475948215082e-05,4.609486477471218e-05,6.999768205811361e-06,1.0086604239103723e-05,1.5478139619097413e-07,1.899392835660153e-07,7.154770419376257e-06,9.089797692062501e-07,1.3053137701303147e-06,1.9977927167014594e-09,5.760660773412144e-07,0.0019255205475932763
57.650000000000006,0.0015082976680587093,0.00024975701366599333,3.595613816764389e-05,5.156314175652592e-05,4.591738691079359e-05,6.960865350010226e-06,1.002695856538304e-05,1.5361964576472795e-07,1.8846967482279846e-07,7.1271680443621174e-06,9.038050460224417e-07,1.2973869214163698e-06,1.9833103939083136e-09,5.738482308270522e-07,0.0019187254533486687
57.7,0.0015032878093035934,0.00024881495540704453,3.576000350714885e-05,5.126348355484123e-05,4.5740680727055365e-05,6.9222082651863305e-06,9.96770751640346e-06,1.52467460738215e-07,1.8701243452612831e-07,7.099650776938099e-06,8.986604472529051e-07,1.2895074180430654e-06,1.9690298492104666e-09,5.716228987605621e-07,0.0019119577387473813
57.75,0.0014982964626451439,0.00024787690112719214,3.556508344384626e-05,5.096577087154762e-05,4.5564742588207315e-05,6.883795217134507e-06,9.908848200644421e-06,1.5132475920561768e-07,1.8556745539708629e-07,7.072218062466964e-06,8.935492133932562e-07,1.2816811349588334e-06,1.9549471949852296e-09,5.693896836458058e-07,0.0019052172893499787
57.800000000000004,0.001493323555125071,0.0002469428324440684,3.537136961959036e-05,5.066998980989943e-05,4.538956887611204e-05,6.845624485628696e-06,9.850377750911998e-06,1.5019146316595052e-07,1.841346357755172e-07,7.044870406323185e-06,8.884745227093404e-07,1.2739138350818457e-06,1.9410852590643267e-09,5.671498113166289e-07,0.0018985039938709137
57.85,0.0014883690140776176,0.0002460127310621466,3.517885373915718e-05,5.037612658104481e-05,4.521515598979679e-05,6.807694364455481e-06,9.79229332447968e-06,1.490674982743487e-07,1.8271387925946156e-07,7.017609341054783e-06,8.834393880017547e-07,1.2662109828353613e-06,1.927481918011956e-09,5.649058058350012e-07,0.001891817743515877
57.900000000000006,0.0014834327671284482,0.000245086578772352,3.498752756973227e-05,5.008416750312388e-05,4.5041500345480256e-05,6.77000316142745e-06,9.734592103183676e-06,1.4795279350838168e-07,1.813050942200406e-07,6.990437363021752e-06,8.784465596221274e-07,1.2585775690434358e-06,1.9141748259259494e-09,5.626609435996053e-07,0.001885158431081589
57.95,0.001478514742193555,0.00024416435745167563,3.4797382940403365e-05,4.979409900037547e-05,4.486859837661193e-05,6.7325491983725415e-06,9.677271293463713e-06,1.468472807586733e-07,1.799081932053531e-07,6.963357840405666e-06,8.734984377465234e-07,1.2510179526340676e-06,1.901188742377356e-09,5.604186644195329e-07,0.0018785259500123702
58.0,0.0014736148674781538,0.00024324604906278812,3.460841174165707e-05,4.9505907602251236e-05,4.469644653392002e-05,6.695330811095946e-06,9.6203281263414e-06,1.4575089435537527e-07,1.7852309225026494e-07,6.936374895368694e-06,8.685969966113084e-07,1.2435357240875862e-06,1.8885279593021606e-09,5.581820655473047e-07,0.001871920193552387
58.050000000000004,0.001468733071475591,0.00024233163565365515,3.442060592488015e-05,4.921957994253813e-05,4.452504128546495e-05,6.658346349312203e-06,9.563759857330487e-06,1.446635705439772e-07,1.7714971011180896e-07,6.909493263954462e-06,8.637437230159554e-07,1.2361335948728605e-06,1.8761726566873315e-09,5.559535345667142e-07,0.0018653410540584944
58.1,0.0014638692829662542,0.00024142109935715495,3.42339575018652e-05,4.893510275848862e-05,4.435437911669423e-05,6.621594176545801e-06,9.507563766274984e-06,1.4358524692545869e-07,1.75787967452143e-07,6.882718138034831e-06,8.58939570892831e-07,1.228813316209833e-06,1.8640775396872722e-09,5.537345505072299e-07,0.0018587884225108398
58.150000000000006,0.0014590234310164786,0.0002405144223906953,3.4048458544320336e-05,4.8652462889958285e-05,4.418445653049469e-05,6.5850726699995486e-06,9.451737157113264e-06,1.4251586187686778e-07,1.7443778599259506e-07,6.856054994184895e-06,8.541849331463056e-07,1.2215756293892911e-06,1.8521734663613596e-09,5.515256974051876e-07,0.0018522621882745218
58.2,0.0014541954449774671,0.00023961158705583388,3.3864101183383544e-05,4.837164727855168e-05,4.4015270047238556e-05,6.548780220391101e-06,9.396277357568732e-06,1.4145535396901371e-07,1.7309908766320669e-07,6.829509414785238e-06,8.49479631298572e-07,1.2144202486144908e-06,1.840374518684156e-09,5.493269313100265e-07,0.0018457622391625937
58.25,0.0014493852544842025,0.00023871257573789806,3.368087760914083e-05,4.8092642966775226e-05,4.384681620481891e-05,6.512715231758708e-06,9.34118171876937e-06,1.4040366139805827e-07,1.7177179377232602e-07,6.803086906883704e-06,8.448229227875975e-07,1.2073458759889124e-06,1.8285914388609131e-09,5.471380732678967e-07,0.001839288461778901
58.300000000000004,0.001444592789454371,0.00023781737090560707,3.3498780070148874e-05,4.781543709719799e-05,4.367909155867154e-05,6.476876121238471e-06,9.286447614801104e-06,1.393607214474041e-07,1.7045582422023216e-07,6.776792724386136e-06,8.402135250935064e-07,1.2003502469723787e-06,1.8167485148870723e-09,5.449593895314929e-07,0.001832840742002202
58.35,0.001439817980087288,0.0002369259551106956,3.331780087296175e-05,4.7540016911619954e-05,4.351209268177963e-05,6.4412613188160994e-06,9.232072442201644e-06,1.3832646999539717e-07,1.691510967794793e-07,6.750631698983651e-06,8.356496552747105e-07,1.1934302034820463e-06,1.804798000864261e-09,5.427920447449141e-07,0.001826418965392624
58.400000000000006,0.00143506075686282,0.0002360383109875374,3.3137932381661554e-05,4.726636975024725e-05,4.334581616465829e-05,6.405869267056961e-06,9.178053619403311e-06,1.3730084108302895e-07,1.678575264626977e-07,6.724608084872071e-06,8.311290830190569e-07,1.1865817909261486e-06,1.792726280431438e-09,5.40638240874723e-07,0.0018200230173269028
58.45,0.001430321050540321,0.00023515442125277185,3.295916701739345e-05,4.699448305087534e-05,4.318025861531719e-05,6.370698420819103e-06,9.12438858613529e-06,1.362837665540886e-07,1.665750249960412e-07,6.698725421796338e-06,8.266491949882886e-07,1.1798003748901236e-06,1.7805494973168642e-09,5.385009824561178e-07,0.0018136527827988115
58.5,0.0014255987921575613,0.00023427426870493024,3.27814972579044e-05,4.672434434807882e-05,4.301541665919893e-05,6.335747246954218e-06,9.071074802796632e-06,1.3527517577810662e-07,1.6530350041338696e-07,6.672986420286421e-06,8.222070680659615e-07,1.1730807729619372e-06,1.76830144943502e-09,5.363835654626045e-07,0.0018073081459818426
58.550000000000004,0.0014208939130296648,0.0002333978362240644,3.260491563708605e-05,4.645594127240882e-05,4.2851286939092705e-05,6.301014224002241e-06,9.018109749812773e-06,1.3427499546405016e-07,1.6404285678290434e-07,6.647392872176138e-06,8.177995490972881e-07,1.1664173972520743e-06,1.75601982336834e-09,5.34288979581718e-07,0.0018009889897463095
58.6,0.0014162063447480527,0.00023252510677137665,3.2429414744521716e-05,4.6189261549597506e-05,4.26878661150227e-05,6.2664978418853774e-06,8.96549092698878e-06,1.3328314957011416e-07,1.6279299407378747e-07,6.621945588648059e-06,8.134233388016341e-07,1.1598044034582837e-06,1.7437358476983786e-09,5.32219396593365e-07,0.0017946951953044382
58.650000000000006,0.0014115360191793804,0.00023165606338884984,3.225498722503691e-05,4.592429299976926e-05,4.252515086411137e-05,6.232196601607478e-06,8.913215852872781e-06,1.322995593121995e-07,1.615538081669223e-07,6.5966443671635665e-06,8.090750776989294e-07,1.1532358427442523e-06,1.7314683995540638e-09,5.301758293141557e-07,0.001788426642064428
58.7,0.0014068828684644895,0.00023079068919888045,3.208162577825417e-05,4.566102353665938e-05,4.236313788041938e-05,6.198109014964776e-06,8.861282064143237e-06,1.3132414327086095e-07,1.6032519100915985e-07,6.5714879877507535e-06,8.047514320707657e-07,1.1467058131365487e-06,1.7192207030206338e-09,5.281579695719304e-07,0.0017821832076953242
58.75,0.0014022468250173522,0.00022992896740391128,3.190932315815139e-05,4.539944116683916e-05,4.2201823874763264e-05,6.164233604273553e-06,8.809687115032823e-06,1.3035681759370716e-07,1.5910703090678509e-07,6.546474238263485e-06,8.004491781329131e-07,1.1402086075003901e-06,1.7069784970267284e-09,5.261641992754416e-07,0.0017759647683904935
58.800000000000004,0.0013976278215240264,0.00022907088128606658,3.1738072172624166e-05,4.513953398894819e-05,4.204120557451385e-05,6.130568902120127e-06,8.758428576801254e-06,1.2939749628754805e-07,1.5789921294985367e-07,6.521599967417528e-06,7.961652827015697e-07,1.1337388553694763e-06,1.6947112067086163e-09,5.241917913485309e-07,0.0017697711993423814
58.85,0.0013930257909416128,0.00022821641420678847,3.156786568305195e-05,4.488129019293342e-05,4.1881279723378474e-05,6.097113451137902e-06,8.707504037267893e-06,1.2844609159205927e-07,1.5670161955539597e-07,6.4968611636724834e-06,7.918969786841714e-07,1.1272916559599864e-06,1.6823787559358218e-09,5.222373150535371e-07,0.0017636023754394443
58.900000000000006,0.001388440666497209,0.00022736554960647347,3.139869660386767e-05,4.4624698059294584e-05,4.172204308117017e-05,6.063865803815493e-06,8.656911100413528e-06,1.2750251442445645e-07,1.5551413111417628e-07,6.472253057375741e-06,7.876418337310983e-07,1.1208626996239158e-06,1.6699446443062259e-09,5.202972010718282e-07,0.0017574581721342298
58.95,0.0013838723816868776,0.00022651827100411212,3.1230557902131466e-05,4.436974595833687e-05,4.1563492423568625e-05,6.030824522339326e-06,8.606647386059071e-06,1.2656667488270146e-07,1.5433662672283318e-07,6.447770243026516e-06,7.833978103775143e-07,1.1144483748632517e-06,1.6573919917991195e-09,5.183683335658089e-07,0.0017513384663388556
59.0,0.0013793208702746055,0.00022567456199692814,3.106344259710771e-05,4.4116422349429555e-05,4.140562454187656e-05,5.997988178472953e-06,8.556710529626569e-06,1.2563848279313667e-07,1.531689849808693e-07,6.423406818059969e-06,7.791633160245558e-07,1.1080458579299096e-06,1.6447360296508789e-09,5.164484844260673e-07,0.001745243137148291
59.050000000000004,0.0013747860662912754,0.0002248344062600201,3.089734375984589e-05,4.386471578027163e-05,4.124843624277665e-05,5.965355353474572e-06,8.507098181986079e-06,1.247178482872265e-07,1.5201108483019495e-07,6.399156534197789e-06,7.749372411967011e-07,1.101653182076182e-06,1.6320267013306335e-09,5.145364420707138e-07,0.0017391720662290108
59.1,0.001370267904033639,0.0002239977875460043,3.073225451276514e-05,4.361461488616382e-05,4.109192434809349e-05,5.932924638053101e-06,8.457808009389376e-06,1.2380468239128197e-07,1.5086280641376985e-07,6.375012957163207e-06,7.707189847001027e-07,1.0952692837768573e-06,1.619339576427103e-09,5.126318089188866e-07,0.0017331251378370491
59.150000000000006,0.0013657663180632869,0.00022316468968465792,3.056816802924207e-05,4.336610838928673e-05,4.093608569456505e-05,5.900694632362044e-06,8.408837693489128e-06,1.2289889761269222e-07,1.4972403192938086e-07,6.350969630416065e-06,7.665084646130187e-07,1.0888940237612356e-06,1.6067594813432633e-09,5.107345790467467e-07,0.0017271022385737505
59.2,0.0013612812432056314,0.00022233509658256504,3.0405077533202536e-05,4.311918509798578e-05,4.0780917133628576e-05,5.868663946029571e-06,8.360184931440017e-06,1.2200040850628782e-07,1.4859464645474446e-07,6.327020238525876e-06,7.623061144627067e-07,1.0825281814688252e-06,1.5943643212150866e-09,5.088446753072421e-07,0.0017211032570595298
59.25,0.0013568126145488842,0.0002215089922227625,3.0242976298716492e-05,4.2873833906062016e-05,4.0626415531224494e-05,5.836831198221931e-06,8.31184743607568e-06,1.2110913220499722e-07,1.474745387209059e-07,6.303158765865662e-06,7.581128644608677e-07,1.0761734225275678e-06,1.5822143322683279e-09,5.069615911247302e-07,0.0017151280836711846
59.300000000000004,0.0013523603674430414,0.00022068636066438792,3.008185764959664e-05,4.2630043792069414e-05,4.0472577767622626e-05,5.805195017736655e-06,8.263822936153553e-06,1.2022498889993705e-07,1.4636360181232949e-07,6.2793796464737985e-06,7.539301082416996e-07,1.0698322399606153e-06,1.5703472801848703e-09,5.050841921276303e-07,0.0017091766103954045
59.35,0.0013479244374988732,0.0002198671860423292,2.9921714959000457e-05,4.238780381861839e-05,4.031940073727363e-05,5.77375404312101e-06,8.216109176657583e-06,1.193479022564487e-07,1.4526173377406834e-07,6.255677901189942e-06,7.497596561211466e-07,1.0635078709462127e-06,1.558777251501965e-09,5.032106634993574e-07,0.0017032487307809124
59.400000000000006,0.0013435047605869102,0.00021905145256687422,2.9762541649035435e-05,4.214710313168508e-05,4.0166881348688185e-05,5.742506922810407e-06,8.168703919147056e-06,1.1847779975433149e-07,1.441688381089232e-07,6.232049258518711e-06,7.456036764199566e-07,1.057204191971553e-06,1.5474952021628407e-09,5.013385803800999e-07,0.0016973443399655062
59.45,0.001339101272836442,0.00021823914452336342,2.960433119036804e-05,4.1907930959927214e-05,4.00150165243462e-05,5.711452315281071e-06,8.121604942138733e-06,1.1761461294258444e-07,1.4308482415049325e-07,6.2084902561033975e-06,7.414646268223612e-07,1.0509255960404628e-06,1.536471721288827e-09,4.994651097195745e-07,0.0016914633347893666
59.5,0.0013347139106345096,0.00021743024627184204,2.9447077101835683e-05,4.167027661400544e-05,3.986380320063661e-05,5.6805888892105556e-06,8.074810041508055e-06,1.1675827760128091e-07,1.4200960730137754e-07,6.184998320192457e-06,7.373451780491063e-07,1.0446768561574298e-06,1.5256639040636316e-09,4.975873669844695e-07,0.001685605614023738
59.550000000000004,0.001330342610624908,0.0002166247422467149,2.9290772950062224e-05,4.143412948591097e-05,3.9713238327828586e-05,5.649915323639694e-06,8.028317030894917e-06,1.1590873380572551e-07,1.4094310912945098e-07,6.161571821044482e-06,7.332481323015067e-07,1.038462979603752e-06,1.5150270981875116e-09,4.957029093896486e-07,0.0016797710787023322
59.6,0.0013259873097071905,0.00021582261695640232,2.913541234907679e-05,4.119947904829908e-05,3.9563318870073325e-05,5.619430308129306e-06,7.982123742099067e-06,1.1506592589069123e-07,1.3988525731898521e-07,6.1382101028316775e-06,7.291763389940698e-07,1.032289057576288e-06,1.5045289170300762e-09,4.938102609441099e-07,0.0016739596324537435
59.650000000000006,0.001321647945035671,0.00021502385498299635,2.8980988959935605e-05,4.096631485382817e-05,3.941404180543492e-05,5.58913254290507e-06,7.936228025450293e-06,1.1422980231524715e-07,1.3883598547732428e-07,6.114913487256649e-06,7.251326102616266e-07,1.026160114637095e-06,1.494159865215422e-09,4.919092964511357e-07,0.0016681711816624862
59.7,0.0013173244540184389,0.0002142284409819199,2.8827496490347404e-05,4.0734626534505036e-05,3.926540412594865e-05,5.5590207389843845e-06,7.890627750139386e-06,1.1340031543139211e-07,1.3779523280175522e-07,6.091683250780715e-06,7.211196386311086e-07,1.0200809621946962e-06,1.4839352421127304e-09,4.90001328517712e-07,0.001662405635303883
59.75,0.0013130167743163669,0.00021343635968158563,2.8674928694301698e-05,4.050440380103542e-05,3.911740283770304e-05,5.529093618279229e-06,7.84532080449645e-06,1.1257742116231962e-07,1.367629436150081e-07,6.06852157606057e-06,7.171399191119092e-07,1.014056059964381e-06,1.4738871849728064e-09,4.880888533417531e-07,0.001656662904414209
59.800000000000004,0.0013087248438421292,0.000212647595883057,2.8523279371700447e-05,4.027563644218055e-05,3.8970034960942596e-05,5.499349913669882e-06,7.800305096204766e-06,1.1176107859860416e-07,1.3573906678140496e-07,6.045431478889668e-06,7.131956777960694e-07,1.0080893890678267e-06,1.4640508915317902e-09,4.861750531716958e-07,0.001650942901305081
59.85,0.0013044486007592225,0.00021186213445971105,2.8372542367992866e-05,4.0048314324119304e-05,3.8823297530186805e-05,5.469788369044923e-06,7.75557855243986e-06,1.1095124952282815e-07,1.3472355501891812e-07,6.022416712623292e-06,7.09288808872e-07,1.0021843401298299e-06,1.4544514383012803e-09,4.842632373981307e-07,0.0016452455387177202
59.900000000000006,0.001300187983480983,0.00021107996035690089,2.8222711573813122e-05,3.982242738981562e-05,3.867718759436035e-05,5.440407739303838e-06,7.711139119925347e-06,1.1014789787511784e-07,1.3371636412523668e-07,5.999481652712337e-06,7.054208217348424e-07,9.963436193830239e-07,1.445095918627599e-09,4.82356386828943e-07,0.0016395707290936803
59.95,0.0012959429306696176,0.00021030105859162147,2.8073780924621468e-05,3.959796565839189e-05,3.8531702216929916e-05,5.411206790319642e-06,7.666984764899517e-06,1.0935098917366776e-07,1.3271745213828258e-07,5.976631164557776e-06,7.015927996091431e-07,9.90569175357375e-07,1.4359717121421127e-09,4.804568762578066e-07,0.0016339183840452074
60.0,0.0012917133812352277,0.000209525414252175,2.792574440034808e-05,3.9374919224507384e-05,3.838683847604162e-05,5.382184298859782e-06,7.623113472988588e-06,1.0856048990555002e-07,1.3172677845338996e-07,5.953870458401512e-06,6.978053707723571e-07,9.848621481708804e-07,1.4270484839858978e-09,4.785663613211889e-07,0.001628288414015657
60.050000000000004,0.001287499274334843,0.0002087530124978386,2.777859602504015e-05,3.915327825774235e-05,3.824259346465397e-05,5.353339052464908e-06,7.579523248985435e-06,1.0777636690391633e-07,1.307443029205397e-07,5.931204935366608e-06,6.94058693075512e-07,9.792228427321526e-07,1.4182810108720605e-09,4.766857846668503e-07,0.0016226807280882447
60.1,0.001283300549371457,0.00020798383855853328,2.763232986651201e-05,3.893303300198754e-05,3.809896429066079e-05,5.32466984928607e-06,7.536212116534864e-06,1.0699858672806083e-07,1.2976998494556466e-07,5.908640029029327e-06,6.903524520070675e-07,9.736507263256275e-07,1.4096120459857929e-09,4.748154855744846e-07,0.0016170952339316278
60.150000000000006,0.0012791171459930622,0.00020721787773449334,2.7486940035997964e-05,3.871417377483869e-05,3.795594807699843e-05,5.296175497882054e-06,7.493178117729013e-06,1.0622711506272956e-07,1.28803782619118e-07,5.886181047031124e-06,6.866858720593526e-07,9.68144450121404e-07,1.400976944753441e-09,4.7295543359750437e-07,0.001611531837908438
60.2,0.0012749490040916951,0.0002064551153959384,2.734242068780843e-05,3.8496690966996787e-05,3.781354196173294e-05,5.267854816979771e-06,7.450419312619143e-06,1.054619161525376e-07,1.278456518964273e-07,5.863833017211586e-06,6.830577406687267e-07,9.62701893208603e-07,1.3923120227429049e-09,4.711055908987632e-07,0.0016059904453558302
60.25,0.0012707960638024764,0.00020569553698274537,2.7198766018988688e-05,3.828057504167302e-05,3.767174309812201e-05,5.239706635201433e-06,7.407933778652031e-06,1.047029522863926e-07,1.2689554584945487e-07,5.841600542562362e-06,6.794664435530322e-07,9.573202268848773e-07,1.3835660346711385e-09,4.6926633293122326e-07,0.0016004709609679616
60.300000000000004,0.0012666582655026595,0.00020493912800412256,2.7055970268980697e-05,3.806581653399928e-05,3.753054865464818e-05,5.2117297907633904e-06,7.365719610041581e-06,1.0395018334547602e-07,1.2595341401111644e-07,5.819487668976064e-06,6.759100099048438e-07,9.519959962363776e-07,1.374710942198251e-09,4.6743878038916476e-07,0.0015949732891290204
60.35,0.001262535549810684,0.00020418587403828528,2.691402771928783e-05,3.785240605044375e-05,3.738995581502e-05,5.183923131152179e-06,7.323774917087943e-06,1.0320356642661648e-07,1.2501920182870975e-07,5.797497769308945e-06,6.723861656487971e-07,9.46725215583388e-07,1.3657470243860236e-09,4.6562488841629986e-07,0.0015894973340361983
60.400000000000006,0.0012584278575852239,0.00020343576073213158,2.6772932693142202e-05,3.764033426823128e-05,3.724996177813837e-05,5.156285512784012e-06,7.282097825457899e-06,1.0246305555086948e-07,1.240928502407626e-07,5.775633446715859e-06,6.688923928521288e-07,9.415034741836776e-07,1.356699415829715e-09,4.638272250743903e-07,0.0015840429995391428
60.45,0.0012543351299242498,0.0002026887738009208,2.6632679555175158e-05,3.742959193476921e-05,3.711056375802705e-05,5.128815800654584e-06,7.240686475441708e-06,1.0172860146485144e-07,1.2317429538821323e-07,5.753896459578808e-06,6.654259933861661e-07,9.363260486717309e-07,1.347607200212277e-09,4.6204850516004403e-07,0.0015786101887600885
60.5,0.0012502573081640842,0.00020194489902795198,2.6493262711090226e-05,3.722016986707778e-05,3.697175898372605e-05,5.101512867986209e-06,7.199539021202033e-06,1.0100015153991478e-07,1.2226346846726003e-07,5.73228766966652e-06,6.619841550510122e-07,9.311880190186714e-07,1.3385098279922453e-09,4.6029104842619986e-07,0.001573198803665116
60.550000000000004,0.001246194333878466,0.00020120412226424454,2.6354676607339064e-05,3.701205895122575e-05,3.683354469914868e-05,5.074375595879661e-06,7.158653630031308e-06,1.002776497716837e-07,1.2136029572749112e-07,5.710807014462729e-06,6.585640185607212e-07,9.260843852447633e-07,1.3294365456000613e-09,4.585563436171531e-07,0.0015678087447702652
60.6,0.0012421461488776192,0.0002004664294282202,2.6216915730800116e-05,3.6805250141770894e-05,3.669591816290337e-05,5.047402872977948e-06,7.118028481633668e-06,9.956103687984887e-08,1.2046469861510556e-07,5.68945350391202e-06,6.55162743999549e-07,9.210101826079169e-07,1.320401953499163e-09,4.568448208151278e-07,0.0015624399110847084
60.650000000000006,0.0012381126952073166,0.00019973180650538516,2.607997460845982e-05,3.65997344612051e-05,3.655887664808218e-05,5.020593595149023e-06,7.077661767447078e-06,9.885025050552261e-08,1.1957659405727973e-07,5.668225241177523e-06,6.517775755601553e-07,9.159605934345728e-07,1.3114066652812832e-09,4.551558248458991e-07,0.0015570922002792914
60.7,0.001234093915147958,0.00019900023954801525,2.5943847807096786e-05,3.6395502999404626e-05,3.642241744201967e-05,4.99394666519417e-06,7.037551690020714e-06,9.814522550095492e-08,1.1869589488011635e-07,5.6471194664017e-06,6.484059035283398e-07,9.109310540793485e-07,1.3024397318262317e-09,4.534877186380054e-07,0.0015517655090024692
60.75,0.0012300897512136407,0.0001982717146748406,2.580852993296836e-05,3.619254691308479e-05,3.6286537846025324e-05,4.967460992588031e-06,6.997696462460987e-06,9.744589430405522e-08,1.1782251034921696e-07,5.626132621921057e-06,6.450453225655464e-07,9.059173556530545e-07,1.2934807095911701e-09,4.518380587692997e-07,0.001546459733279881
60.800000000000004,0.0012261001461512401,0.00019754621807073277,2.5674015631500026e-05,3.5990857425259556e-05,3.6151235175094866e-05,4.941135493255693e-06,6.958094307958396e-06,9.675218738803182e-08,1.169563468188444e-07,5.605260436914525e-06,6.416936853561028e-07,9.009157371386766e-07,1.284502228348446e-09,4.5020383881669376e-07,0.0015411747689897028
60.85,0.0012221250429394926,0.00019682373598639314,2.5540299586977424e-05,3.579042582470589e-05,3.601650675760539e-05,4.914969089391275e-06,6.9187434594052135e-06,9.606403377458163e-08,1.1609730847294118e-07,5.58449802906498e-06,6.383491506442985e-07,8.959229693530068e-07,1.2754753660301829e-09,4.485818225952751e-07,0.001535910512433242
60.900000000000006,0.0012181643847880765,0.00019610425473804148,2.5407376522240784e-05,3.559124346543236e-05,3.588234993500004e-05,4.888960709321421e-06,6.879642159111818e-06,9.538136159749388e-08,1.1524529813901793e-07,5.56384002048362e-06,6.350102246158662e-07,8.909364279726693e-07,1.2663786889870552e-09,4.4696895513891944e-07,0.001530666860983861
60.95,0.0012142181151367042,0.00019538776070710743,2.527524119838221e-05,3.539330176615286e-05,3.5748762061468756e-05,4.863109287416165e-06,6.840788658627274e-06,9.470409870230548e-08,1.1440021815417094e-07,5.54328066488614e-06,6.316757945185257e-07,8.859541536148175e-07,1.2572088036343732e-09,4.4536276930594025e-07,0.0015254437137238444
61.0,0.001210286177654209,0.0001946742403399216,2.514388841444525e-05,3.5196592209764354e-05,3.5615740503631026e-05,4.837413764048261e-06,6.802181218666875e-06,9.403217326677539e-08,1.1356197126124687e-07,5.522813982815941e-06,6.283451534091329e-07,8.809748968394755e-07,1.2479879335968522e-09,4.4376165721682744e-07,0.0015202409719274298
61.050000000000004,0.0012063685162376405,0.00019396368014740908,2.501331300712716e-05,3.500110634282945e-05,3.548328264022741e-05,4.811873085601063e-06,6.763818109147011e-06,9.336551442646864e-08,1.1273046151249687e-07,5.502433901583073e-06,6.250180149972363e-07,8.759981460058835e-07,1.2387640249799556e-09,4.421648943031293e-07,0.0015150585392668349
61.1,0.0012024650750113639,0.0001932560667047842,2.4883509850483696e-05,3.480683577506346e-05,3.535138586182605e-05,4.786486204523696e-06,6.725697609324817e-06,9.27040528896429e-08,1.1190559515793105e-07,5.4821343965280906e-06,6.216945177488284e-07,8.710241362231778e-07,1.229601781930496e-09,4.405723939372147e-07,0.0015098963217116367
61.150000000000006,0.001198575798326155,0.00019255138665124534,2.4754473855636184e-05,3.461377217882556e-05,3.522004757055001e-05,4.761252079431081e-06,6.687818008037453e-06,9.204772152592282e-08,1.11087281496013e-07,5.46190963022899e-06,6.183752177229378e-07,8.660538381979778e-07,1.2205677668231612e-09,4.3898428769568035e-07,0.001504754227214515
61.2,0.0011947006307583092,0.00019184962668967293,2.462619997048135e-05,3.4421907288614777e-05,3.508926517983148e-05,4.73616967524535e-06,6.650177604033494e-06,9.139645591391946e-08,1.1027543366530503e-07,5.441754086347703e-06,6.150610700195913e-07,8.610889265625223e-07,1.2117160932273163e-09,4.374004993374122e-07,0.0014996321653541283
61.25,0.001190839517108742,0.0001911507735863268,2.44986831794033e-05,3.423123290056987e-05,3.495903611419742e-05,4.711237963373925e-06,6.612774706386265e-06,9.075019483397454e-08,1.0946996935714815e-07,5.421662694959863e-06,6.117533991846167e-07,8.561317281897976e-07,1.20308035020445e-09,4.358204616663135e-07,0.0014945300470875413
61.300000000000004,0.0011869924024021014,0.0001904548141705459,2.4371918502988105e-05,3.404174087197382e-05,3.482935780909139e-05,4.686455921918806e-06,6.575607634977137e-06,9.010888069357442e-08,1.086708114314243e-07,5.4016309464265034e-06,6.084538593973676e-07,8.511851519622806e-07,1.1946729095254993e-09,4.342430320459335e-07,0.001489447784668463
61.35,0.0011831592318858808,0.0001897617353344495,2.4245900997740787e-05,3.3853423120762564e-05,3.4700227710734915e-05,4.66182253591063e-06,6.538674721034777e-06,8.947245987463479e-08,1.0787788841982919e-07,5.381654991144618e-06,6.051643857109784e-07,8.462526023460394e-07,1.1864886147947042e-09,4.326665656078085e-07,0.001484385291688233
61.400000000000006,0.0011793399510295311,0.00018907152403263835,2.412062575580448e-05,3.366627162503771e-05,3.457164327603079e-05,4.637336797560427e-06,6.501974307714849e-06,8.884088299377688e-08,1.070911349038427e-07,5.361731722849915e-06,6.018871379762231e-07,8.413378798324403e-07,1.178509122301662e-09,4.310890686002359e-07,0.0014793424831605966
61.45,0.001175534505523583,0.00018838416728189877,2.3996087904682243e-05,3.348027842258377e-05,3.444360197251045e-05,4.612997706521609e-06,6.4655047507037385e-06,8.821410506885577e-08,1.0631049175765926e-07,5.341858843532188e-06,5.986244393274722e-07,8.364450717761942e-07,1.1707063237943858e-09,4.2950838457246605e-07,0.001474319275604842
61.5,0.0011717428412787647,0.0001876996521609064,2.387228260696092e-05,3.329543561038922e-05,3.43161012783253e-05,4.588804270154241e-06,6.429264418828875e-06,8.759208558729827e-08,1.0553590624964372e-07,5.322034908453128e-06,5.953787112285519e-07,8.315784373527165e-07,1.1630457243171561e-09,4.279224183948584e-07,0.0014693155871373202
61.550000000000004,0.001167964904425128,0.00018701796580993223,2.3749205060037482e-05,3.311173534417189e-05,3.418913868228203e-05,4.5647555037836765e-06,6.393251694658201e-06,8.697478847422591e-08,1.0476733199935704e-07,5.302259350219939e-06,5.921524070730923e-07,8.267422902963541e-07,1.1554915188067718e-09,4.263294240768706e-07,0.001464331337603652
61.6,0.0011642006413111771,0.00018633909543054993,2.362685049584769e-05,3.292916983790843e-05,3.406271168392005e-05,4.5408504309456555e-06,6.357464975071331e-06,8.636218196080302e-08,1.0400472879074504e-07,5.282532481356458e-06,5.889479462308353e-07,8.219408828188268e-07,1.1480140578824531e-09,4.2472834865582586e-07,0.0014593664487492916
61.650000000000006,0.0011604499985029956,0.00018566302828534328,2.3505214180596808e-05,3.274773136336754e-05,3.393681779362831e-05,4.517088083610166e-06,6.321902671785493e-06,8.575423835571353e-08,1.0324806224563476e-07,5.262855475318415e-06,5.857676502625962e-07,8.171782937242627e-07,1.14059807953944e-09,4.2311915545866426e-07,0.001454420844354772
61.7,0.001156712922783384,0.00018498975169761652,2.338429141449288e-05,3.2567412249647615e-05,3.38114545327982e-05,4.49346750237701e-06,6.28656321182052e-06,8.515093372506938e-08,1.0249730336514307e-07,5.243230326412298e-06,5.826136828294549e-07,8.124583233190556e-07,1.1332479589224308e-09,4.2150299799581426e-07,0.0014494944502077428
61.75,0.0011529893611509929,0.00018431925305110425,2.326407753148193e-05,3.238820488271792e-05,3.368661943400746e-05,4.469987736636427e-06,6.2514450378882705e-06,8.455224748832148e-08,1.0175242794987925e-07,5.22365978958856e-06,5.794879946278895e-07,8.077843973322499e-07,1.125986262509892e-09,4.1988213399017927e-07,0.001444587193802069
61.800000000000004,0.001149279260819463,0.00018365151978968377,2.3144567898985576e-05,3.2210101704963975e-05,3.356231004123018e-05,4.446647844689137e-06,6.216546608693879e-06,8.395816193983703e-08,1.0101341591284659e-07,5.204147301580453e-06,5.763922745110059e-07,8.031594817557304e-07,1.1188449761435097e-09,4.1825956719135015e-07,0.0014396990037555768
61.85,0.0011455825692165706,0.00018298653941708842,2.3025757917640822e-05,3.203309521473685e-05,3.3438523910066515e-05,4.4234468938209965e-06,6.181866399138115e-06,8.336866170765666e-08,1.0028025050162522e-07,5.184696885337689e-06,5.733279078096e-07,7.985860102854925e-07,1.1118530458571656e-09,4.16638528916566e-07,0.0014348298090666668
61.900000000000006,0.0011418992339833683,0.00018232429949662134,2.290764302104185e-05,3.185717796590598e-05,3.3315258607985404e-05,4.4003839603285155e-06,6.147402900412495e-06,8.278373316251142e-08,9.955291744868575e-08,5.16531304014731e-06,5.702959427339181e-07,7.940658258639928e-07,1.1050258978709366e-09,4.1502197984146503e-07,0.0014299795384007596
61.95,0.0011382292029733382,0.00018166478765087185,2.279021867548421e-05,3.1682342567416267e-05,3.3192511714573536e-05,4.377458129492798e-06,6.113154619981481e-06,8.220336379142111e-08,9.883140407048159e-08,5.146000620228075e-06,5.672970655967587e-07,7.896001376358563e-07,1.0983608240690361e-09,4.134122821047148e-07,0.0014251481195654092
62.0,0.0011345724242515394,0.00018100799156143163,2.2673480379710936e-05,3.1508581682848526e-05,3.3070280821782834e-05,4.35466849550049e-06,6.079120081448579e-06,8.162754155107042e-08,9.811569833723531e-08,5.126764704913676e-06,5.643315854285096e-07,7.851894943783237e-07,1.0918383833211436e-09,4.1181109159462144e-07,0.0014203354792288495
62.050000000000004,0.0011309288460937645,0.000180353898968613,2.2557423664660863e-05,3.1335888029983956e-05,3.294856353416941e-05,4.332014161311808e-06,6.045297824306171e-06,8.10562542166578e-08,9.740578793605603e-08,5.107610463788891e-06,5.613994283384575e-07,7.808337751113467e-07,1.0854271988401062e-09,4.1021942124675684e-07,0.001415541542834647
62.1,0.001127298416985698,0.00017970249767116853,2.244204409321911e-05,3.116425438037231e-05,3.2827357469116634e-05,4.3094942384768716e-06,6.011686403571598e-06,8.0489488742007e-08,9.670165935015995e-08,5.08854302029604e-06,5.585001417089987e-07,7.765321971141791e-07,1.0790890222862718e-09,4.0863778433427885e-07,0.0014107662346221912
62.150000000000006,0.0011236810856220733,0.00017905377552601085,2.2327337259969435e-05,3.099367355890352e-05,3.2706660257035096e-05,4.287107846902837e-06,5.978284389314754e-06,7.992723064642933e-08,9.600329697652573e-08,5.069567317375187e-06,5.556329079987467e-07,7.722833409916939e-07,1.072782298395413e-09,4.0706635189240395e-07,0.0014060094776883892
62.2,0.0011200768009058401,0.00017840772044793506,2.221329879094891e-05,3.082413844338329e-05,3.25864695415334e-05,4.2648541145756595e-06,5.9450903660853174e-06,7.93694634431364e-08,9.531068230331447e-08,5.0506879886329e-06,5.527965675979451e-07,7.680851917898793e-07,1.06646460644106e-09,4.0550511645667633e-07,0.0014012711940851322
62.25,0.0011164855119473272,0.00017776432040934105,2.209992434340439e-05,3.065564196411203e-05,3.246678297955329e-05,4.24273217724125e-06,5.9121029322499126e-06,7.881616812293918e-08,9.462379316683693e-08,5.031909238349351e-06,5.499896498548437e-07,7.639351945222293e-07,1.0600959053552043e-09,4.0395409180874735e-07,0.0013965513049849592
62.300000000000004,0.0011129071680634132,0.0001771235634399578,2.198720960555115e-05,3.0488177103467478e-05,3.234759824146451e-05,4.220741178052006e-06,5.879320699252064e-06,7.826732270557449e-08,9.394260310582581e-08,5.01323473333842e-06,5.472104111083119e-07,7.598303219118475e-07,1.0536441535034025e-09,4.0241355863915476e-07,0.0013918497309261208
62.35,0.0011093417187767007,0.000176485437626569,2.187515029633355e-05,3.0321736895490997e-05,3.222891301111482e-05,4.198880267185463e-06,5.846742290809543e-06,7.772290186930278e-08,9.326708082830685e-08,4.994667509282857e-06,5.444568783507214e-07,7.5576715174668e-07,1.0470924906135125e-09,4.0088429991892927e-07,0.0013871663920786914
62.400000000000006,0.0011057891138146869,0.0001758499311127389,2.17637421651875e-05,3.015631442547707e-05,3.211072498583185e-05,4.177148601442543e-06,5.814366342065369e-06,7.718287666747431e-08,9.259718980354322e-08,4.9762098936962984e-06,5.417268970286905e-07,7.517419510370917e-07,1.0404445831883653e-09,3.99367714750128e-07,0.0013825012084149964
62.45,0.0011022493031089466,0.00017521703209854073,2.1652980991805155e-05,2.9991902829566673e-05,3.199303187637505e-05,4.155545343833561e-06,5.782191498710101e-06,7.66472143386222e-08,9.193288798843203e-08,4.95786344714037e-06,5.390181814773298e-07,7.477507641763072e-07,1.0337243624499344e-09,3.9786571328240583e-07,0.0013778540996805435
62.5,0.0010987222367943093,0.00017458672884028498,2.1542862585901305e-05,2.9828495294343723e-05,3.187583140683626e-05,4.1340696631603295e-06,5.750216416093655e-06,7.611587821435771e-08,9.127412769443355e-08,4.93962892377433e-06,5.363283665705832e-07,7.437895025213862e-07,1.0269689431220113e-09,3.963803836743139e-07,0.0013732249851523223
62.550000000000004,0.0010952078652080447,0.00017395900965024974,2.1433382786981867e-05,2.96660850564352e-05,3.175912131448946e-05,4.112720733603059e-06,5.718439758345515e-06,7.558882772698941e-08,9.06208555977207e-08,4.921506251763453e-06,5.336550593359304e-07,7.398540331900669e-07,1.0202172163096545e-09,3.9491353190817367e-07,0.0013686137832848884
62.6,0.0010917061388890509,0.00017333386289641216,2.1324537464114282e-05,2.9504665402114648e-05,3.164289934959104e-05,4.0914977343206165e-06,5.686860197522052e-06,7.50660185164116e-08,8.997301289181601e-08,4.9034945335430245e-06,5.309958894944325e-07,7.359402653377484e-07,1.0134988394332525e-09,3.9346625697319164e-07,0.0013640204114087218
62.650000000000006,0.001088217008577041,0.0001727112770021804,2.121632251569967e-05,2.9344229666908818e-05,3.152716327513303e-05,4.0703998490724685e-06,5.655476412799135e-06,7.454740263347397e-08,8.933053557863428e-08,4.885592065446123e-06,5.283485581096885e-07,7.320442326590963e-07,1.0068278534927936e-09,3.920387023977517e-07,0.0013594447856235129
62.7,0.0010847404252117396,0.00017209124044612777,2.1108733869247098e-05,2.918477123520796e-05,3.141191086655334e-05,4.049426265870315e-06,5.624287089727513e-06,7.403292883481026e-08,8.869335489064834e-08,4.867796375767609e-06,5.257108837255153e-07,7.281621712731252e-07,1.0002025316162417e-09,3.9063003772950593e-07,0.0013548868209392266
62.75,0.0010812763399320746,0.0001714737417617271,2.100176748114946e-05,2.9026283539879102e-05,3.129713991140754e-05,4.0285761766666495e-06,5.593290919566859e-06,7.352254296200986e-08,8.806139783390584e-08,4.850104279959841e-06,5.230808455131973e-07,7.242905924375374e-07,9.936099103999105e-10,3.892386228645658e-07,0.0013503464316139526
62.800000000000004,0.0010778247040753777,0.00017085876953708683,2.089541933646139e-05,2.8868760061882802e-05,3.118284820900818e-05,4.007848777086839e-06,5.56248659871292e-06,7.301618839612248e-08,8.743458783892623e-08,4.832511951339182e-06,5.204566230180929e-07,7.204263496611379e-07,9.870315328645685e-10,3.8786225067899277e-07,0.001345823531578082
62.85,0.0010743854691765867,0.00017024631241468842,2.0789685448679004e-05,2.871219432989316e-05,3.1069033570038246e-05,3.987243266210281e-06,5.5318728282300165e-06,7.251380657681557e-08,8.681284550413542e-08,4.8150150054227285e-06,5.178366320896533e-07,7.165666997356881e-07,9.80447439292401e-10,3.864983772761583e-07,0.0013413180348483703
62.900000000000006,0.0010709585869674463,0.0001696363590911241,2.068456185952128e-05,2.8556579919920796e-05,3.0955693816145864e-05,3.9667588464050985e-06,5.501448313498802e-06,7.201533757409702e-08,8.619608941450366e-08,4.797608595806822e-06,5.152195565106637e-07,7.127093570153855e-07,9.73838019626138e-10,3.851443139453159e-07,0.0013368298559023487
62.95,0.0010675440093757197,0.00016902889831683695,2.0580044638713498e-05,2.840191045493937e-05,3.084282677952856e-05,3.946394723219757e-06,5.4712117639867585e-06,7.152072069939776e-08,8.558423701647598e-08,4.780287519336486e-06,5.126043747354844e-07,7.088525399862545e-07,9.671857944976228e-10,3.837974141450401e-07,0.0013323589100446584
63.0,0.0010641416885243944,0.00016842391889586097,2.047612988377222e-05,2.82481796045149e-05,3.07304303025148e-05,3.926150105333541e-06,5.441161893145905e-06,7.102989514198797e-08,8.497720552913131e-08,4.7630463281922454e-06,5.099903810371609e-07,7.049950088631305e-07,9.604793193716112e-10,3.8245529327467566e-07,0.0013279051138008946
63.050000000000004,0.001060751576730897,0.000167821409685563,2.0372813719792208e-05,2.8095381084438438e-05,3.0618502237151584e-05,3.906024204566652e-06,5.411297418439555e-06,7.05428006162009e-08,8.437491287081272e-08,4.745879446434438e-06,5.073772002873728e-07,7.011360927130263e-07,9.537191334913262e-10,3.811160676684652e-07,0.001323468385320572
63.1,0.00105737362650631,0.00016722135959638598,2.0270092299235072e-05,2.794350865636185e-05,3.0507040444806458e-05,3.8860162359492565e-06,5.381617061496848e-06,7.005937800475298e-08,8.377727858021926e-08,4.728781288493227e-06,5.047647955868441e-07,6.972757045104525e-07,9.46923051497788e-10,3.797785379893123e-07,0.0013190486447067617
63.150000000000006,0.0010540077905545873,0.0001666237575915924,2.0167961801719535e-05,2.7792556127436434e-05,3.0396042795791743e-05,3.866125417847429e-06,5.352119548390895e-06,6.957956998358292e-08,8.318422471115341e-08,4.7117463770763e-06,5.021534680537187e-07,6.9341434264341e-07,9.401272439490079e-10,3.784422229639056e-07,0.0013146458141700416
63.2,0.001050654021771779,0.00016602859268701015,2.0066418433813617e-05,2.764251734995492e-05,3.0285507169019373e-05,3.8463509721427544e-06,5.322803610033644e-06,6.910332161408186e-08,8.259567668076174e-08,4.694769457988562e-06,4.995438482752523e-07,6.895530777360989e-07,9.333810238532237e-10,3.7710719242670116e-07,0.001310259817949499
63.25,0.001047312273245253,0.00016543585395077827,1.996545842882833e-05,2.7493386220996146e-05,3.0175431451692924e-05,3.826692124460953e-06,5.293667982677675e-06,6.863058088932886e-08,8.201156405216744e-08,4.677845609422602e-06,4.969368792272478e-07,6.85693524223215e-07,9.267362212003294e-10,3.757737337216652e-07,0.0013058905820324442
63.300000000000004,0.0010439824982529222,0.0001648455305030947,1.9865078046613203e-05,2.7345156682072966e-05,3.0065813539043722e-05,3.8071481044438804e-06,5.264711408512852e-06,6.816129922198101e-08,8.14318212338632e-08,4.660970343389832e-06,4.943337908406492e-07,6.818377968480079e-07,9.202349852133696e-10,3.744419668027992e-07,0.0013015380337900258
63.35,0.0010406646502624768,0.0001642576115159652,1.976527357335348e-05,2.7197822718783085e-05,2.9956651334116405e-05,3.7877181460581706e-06,5.235932636343416e-06,6.769543186275847e-08,8.085638808006744e-08,4.644139697121992e-06,4.9173606680521e-07,6.779884530767065e-07,9.139010528746754e-10,3.7311155342767435e-07,0.001297202101678524
63.400000000000006,0.001037358682930614,0.00016367208621295237,1.966604132136885e-05,2.7051378360462643e-05,2.984794274760823e-05,3.7684014879328854e-06,5.207330422329185e-06,6.723293823999616e-08,8.028521037842015e-08,4.627350312482041e-06,4.891454045979341e-07,6.741484232227928e-07,9.07737801197744e-10,3.71781601773387e-07,0.0012928827151117636
63.45,0.001034064550102276,0.00016308894386892725,1.9567377628914037e-05,2.6905817679843018e-05,2.9739685697765923e-05,3.7491973737179457e-06,5.1789035307731145e-06,6.677378221247517e-08,7.971824021386802e-08,4.6105995016799355e-06,4.865636700614008e-07,6.703209307536986e-07,9.017325816943747e-10,3.7045077194933095e-07,0.0012885798045116697
63.5,0.001030782205809886,0.00016250817380982077,1.946927885998081e-05,2.67611347927102e-05,2.963187811034159e-05,3.7301050524544287e-06,5.150650734936142e-06,6.631793222965651e-08,7.91554362003025e-08,4.593885297886728e-06,4.83992848095557e-07,6.665094057258952e-07,8.958636868852646e-10,3.6911750011628343e-07,0.0012842933014540706
63.550000000000004,0.00102751160427259,0.00016192976541237704,1.9371741404101762e-05,2.6617323857567228e-05,2.952451791860894e-05,3.7111237789476575e-06,5.12257081785968e-06,6.586536139549117e-08,7.85967635744337e-08,4.577206489672663e-06,4.814349911430424e-07,6.627173945109319e-07,8.901060709193959e-10,3.6778023374123035e-07,0.001280023138802161
63.6,0.001024252699895503,0.0001613537081039078,1.9274761676155682e-05,2.6474379075299465e-05,2.9417603063439067e-05,3.6922528141337752e-06,5.094662573175745e-06,6.541604743412111e-08,7.804219414943378e-08,4.560562638551643e-06,4.788921671381398e-07,6.589484689245705e-07,8.84434317772494e-10,3.664376144016018e-07,0.0012757692507665318
63.650000000000006,0.0010210054472689517,0.00016077999136204725,1.91783361161744e-05,2.6332294688842472e-05,2.931113149343373e-05,3.673491425430591e-06,5.066924805884846e-06,6.496997255797486e-08,7.749170612900949e-08,4.543954079286024e-06,4.76366408467246e-07,6.55206137585902e-07,8.788239950786294e-10,3.6508861341443516e-07,0.0012715315729022005
63.7,0.0010177698011677276,0.00016020860471450908,1.9082461189151408e-05,2.6191064982852975e-05,2.920510116511334e-05,3.6548388870638653e-06,5.03935633308251e-06,6.452712324095629e-08,7.694528378570072e-08,4.5273819029829765e-06,4.738596632837427e-07,6.514937618805275e-07,8.732534463645752e-10,3.6373266398632986e-07,0.0012673100420921074
63.75,0.0010145457165503366,0.00015963953773884346,1.8987133384851835e-05,2.6050684283382283e-05,2.9099510043154718e-05,3.636294480360546e-06,5.01195598461614e-06,6.408748990156351e-08,7.640291701026812e-08,4.510847923388175e-06,4.713737502709458e-07,6.478144783699628e-07,8.677071445308345e-10,3.6236981768668385e-07,0.0012631045965493177
63.800000000000004,0.0010113331485582546,0.00015907278006219592,1.8892349217624132e-05,2.591114695755265e-05,2.899435610067336e-05,3.617857494001299e-06,4.984722603655573e-06,6.365106650282228e-08,7.586460074196917e-08,4.494354627148335e-06,4.689103176940197e-07,6.441711289698651e-07,8.621800363155895e-10,3.610008998378492e-07,0.0012589151758148887
63.85,0.001008132052515187,0.0001585083213610673,1.8798105226213267e-05,2.577244741323633e-05,2.888963731954344e-05,3.5995272242254265e-06,4.95765504716237e-06,6.32178500778134e-08,7.533033429224807e-08,4.477905109165288e-06,4.664708073598623e-07,6.405661997877618e-07,8.566808249819474e-10,3.596275871257383e-07,0.001254741720675269
63.900000000000006,0.0010049423839263263,0.00015794615136107407,1.870439797357533e-05,2.563458009873713e-05,2.878535169074774e-05,3.5813029749823e-06,4.930752186245073e-06,6.278784019127562e-08,7.480012057681551e-08,4.461502994496594e-06,4.6405642393522844e-07,6.370017692116819e-07,8.512315567877786e-10,3.5825232055741096e-07,0.001250584172912214
63.95,0.0010017640984776185,0.00015738625983671085,1.8611224046693858e-05,2.549753950247493e-05,2.868149721474959e-05,3.563184058024647e-06,4.9040129063902035e-06,6.236103834923304e-08,7.42739652732094e-08,4.4451523485663065e-06,4.616681099638555e-07,6.334794656820155e-07,8.458619455814609e-10,3.5687801737623685e-07,0.0012464424748498194
64.0,0.000998597152035026,0.00015682863661111286,1.851858005639742e-05,2.5361320152672537e-05,2.8578071901877406e-05,3.5451697929401617e-06,4.8774361075612905e-06,6.193744736978227e-08,7.375187592264122e-08,4.428857577728436e-06,4.593065268631655e-07,6.300004355324482e-07,8.40599669482706e-10,3.555076395059173e-07,0.0012423165687601794
64.05,0.000995441500643798,0.00015627327155582032,1.8426462637178888e-05,2.5225916617045358e-05,2.847507377271295e-05,3.5272595071193934e-06,4.85102070416129e-06,6.15170707290623e-08,7.323386099621362e-08,4.412623322468362e-06,4.5697204214825225e-07,6.265653212993652e-07,8.354606920626323e-10,3.5414375858645617e-07,0.0012382063962747562
64.10000000000001,0.0009922971005277411,0.00015572015459054342,1.8334868447016043e-05,2.5091323502493545e-05,2.837250085847347e-05,3.509452535659128e-06,4.8247656248565525e-06,6.109991189698067e-08,7.271992894639091e-08,4.396454345724649e-06,4.5466472309759546e-07,6.23174250909382e-07,8.30444023793902e-10,3.52788269222822e-07,0.0012341118979606047
64.15,0.0009891639080884963,0.00015516927568292913,1.8243794167193817e-05,2.4957535454796928e-05,2.8270351201378582e-05,3.4917482212020016e-06,4.7986698122637e-06,6.068597367748171e-08,7.221008726490934e-08,4.380355418956322e-06,4.5238433701542896e-07,6.198268381033143e-07,8.255326717670089e-10,3.514423293669711e-07,0.0012300330131453168
64.2,0.000986041879904811,0.0001546206248483276,1.81532365021277e-05,2.482454715831208e-05,2.816862285499213e-05,3.474145913714356e-06,4.77273222250356e-06,6.027525756800069e-08,7.170434156810668e-08,4.364331208658137e-06,4.501303581420441e-07,6.165221943010851e-07,8.206990439301418e-10,3.5010649804896036e-07,0.0012259696799621182
64.25,0.0009829309727318219,0.00015407419214956113,1.8063192179188853e-05,2.4692353335672322e-05,2.8067313884530788e-05,3.456644970205898e-06,4.746951824629557e-06,5.986776315226798e-08,7.120269472995307e-08,4.348386166030326e-06,4.47901981109703e-07,6.132589518409069e-07,8.159114426499329e-10,3.487809658146202e-07,0.001221921835509731
64.3,0.0009798311435003362,0.00015352996769669352,1.797365794853051e-05,2.4560948747490017e-05,2.7966422367130795e-05,3.439244754395835e-06,4.721327599940431e-06,5.9463487539809466e-08,7.070514608187963e-08,4.33252442243248e-06,4.456981406450414e-07,6.100352981508817e-07,8.111390129381305e-10,3.4746576901152053e-07,0.001217889416017392
64.35000000000001,0.0009767423493161162,0.00015298794164680032,1.7884630582915796e-05,2.4430328192061352e-05,2.7865946392065547e-05,3.421944636331478e-06,4.695858541189936e-06,5.906242486437149e-08,7.02116906968806e-08,4.316749693091469e-06,4.4351753699675857e-07,6.068490199709519e-07,8.063543005210044e-10,3.46160930797588e-07,0.001213872356958199
64.4,0.0009736645474591701,0.0001524481042037411,1.7796106877547062e-05,2.4300486505073763e-05,2.7765884060907782e-05,3.404743991966359e-06,4.670543651708439e-06,5.866456585210344e-08,6.972231877334548e-08,4.301065191292386e-06,4.4135866634512713e-07,6.03697556294431e-07,8.015341441086386e-10,3.448665370605806e-07,0.0012098705931198768
64.45,0.0009705976953830365,0.00015191044561793115,1.7708083649896353e-05,2.4171418559315414e-05,2.7666233487630654e-05,3.3876422027057592e-06,4.645381944453243e-06,5.8269897468697954e-08,6.923701513171798e-08,4.285473554967288e-06,4.392198552552267e-07,6.005780583043255e-07,7.966604672815172e-10,3.4358279485067713e-07,0.0012058840586814145
64.5,0.000967541750714082,0.00015137495618611557,1.762055773953752e-05,2.4043119264387476e-05,2.7566992798644198e-05,3.370638654928465e-06,4.6203724410063165e-06,5.787840265286986e-08,6.87557588344534e-08,4.269976787222544e-06,4.370992980945087e-07,5.974874542978514e-07,7.917224076849862e-10,3.4231011343349535e-07,0.001201912687335645
64.55,0.0009644966712507947,0.00015084162625114407,1.753352600797954e-05,2.3915583566418605e-05,2.7468160132764096e-05,3.353732739493981e-06,4.5955141705391405e-06,5.749006014158496e-08,6.82785229369104e-08,4.25457621192947e-06,4.3499509626635397e-07,5.944225174637975e-07,7.867198978052469e-10,3.410491993484076e-07,0.0011979564124471181
64.60000000000001,0.0009614624149630825,0.00015031044620174636,1.7446985338501206e-05,2.3788806447781794e-05,2.7369733641111598e-05,3.3369238512449136e-06,4.570806168765348e-06,5.7104844390393976e-08,6.780527437385936e-08,4.239272445066214e-06,4.329052981238877e-07,5.913799344190052e-07,7.816667930121127e-10,3.3980110123019606e-07,0.0011940151671766307
64.65,0.0009584389399915773,0.00014978140647230968,1.7360932635987274e-05,2.3662782926813748e-05,2.7271711486944915e-05,3.3202113885143927e-06,4.5462474769022125e-06,5.672272559012691e-08,6.733597398328163e-08,4.224065382063464e-06,4.308279385196963e-07,5.883563726133941e-07,7.765905046404535e-10,3.385671246886947e-07,0.0011900888844870127
64.7,0.0009554262046469332,0.00014925449754265565,1.727536482676569e-05,2.353750805753624e-05,2.7174091845423344e-05,3.3035947526482975e-06,4.521837140661857e-06,5.634366977910953e-08,6.687057666614309e-08,4.2089542009932534e-06,4.287610771029094e-07,5.853485450453089e-07,7.715263598592528e-10,3.373485868485503e-07,0.0011861774969954195
64.75,0.000952424167409136,0.00014872970993781975,1.719027885844638e-05,2.341297692938012e-05,2.7076872903307755e-05,3.2870733475519447e-06,4.497574209292795e-06,5.596763904803204e-08,6.640903167793357e-08,4.193937381066653e-06,4.267028346716358e-07,5.823532711406319e-07,7.665081297705781e-10,3.361464685108756e-07,0.0011822809367291803
64.8,0.0009494327869268116,0.00014820703422783096,1.7105671699761218e-05,2.328918466691146e-05,2.6980052858601535e-05,3.270646579270303e-06,4.4734577346912075e-06,5.5594591832660924e-08,6.595128304501305e-08,4.17901273558393e-06,4.2465142709662774e-07,5.793675330802747e-07,7.615587754490133e-10,3.3496108847884457e-07,0.001178399134911771
64.85000000000001,0.0009464520220165361,0.0001476864610274926,1.7021540340405285e-05,2.3166126429559924e-05,2.688362992013795e-05,3.2543138556102325e-06,4.449486770600174e-06,5.522448328778923e-08,6.54972700962691e-08,4.164177458216688e-06,4.2260519652130006e-07,5.763885272502748e-07,7.566853418806817e-10,3.337919233735469e-07,0.00117453202190443
64.9,0.0009434818316621536,0.00014716798099616488,1.6937881790879546e-05,2.3043797411349614e-05,2.6787602307121024e-05,3.238074585812424e-06,4.4256603719132745e-06,5.485726573419503e-08,6.504692809830235e-08,4.149428181295287e-06,4.205626396878499e-07,5.734137107823353e-07,7.518795019700228e-10,3.326376309393164e-07,0.0011706795273614336
64.95,0.0009405221750140875,0.00014665158483754683,1.6854693082334534e-05,2.292219284063174e-05,2.669196824862767e-05,3.221928180279633e-06,4.4019775940967915e-06,5.449288916894923e-08,6.460018898035771e-08,4.1347610446217064e-06,4.185224333210954e-07,5.704408433102275e-07,7.471225818213257e-10,3.3149624854755907e-07,0.0011668415805681366
65.0,0.0009375730113886635,0.00014613726329946086,1.677197126641555e-05,2.280130797981989e-05,2.6596725983080537e-05,3.20587405036681e-06,4.378437492742529e-06,5.413130182821161e-08,6.415698213354337e-08,4.120171773219764e-06,4.1648345651322856e-07,5.674680240699742e-07,7.423924299440371e-10,3.3036547711673624e-07,0.0011630181108678607
65.05,0.00093463430026743,0.00014562500717363764,1.6689713415108983e-05,2.2681138125127294e-05,2.6501873757700903e-05,3.1899116082373284e-06,4.3550391232603715e-06,5.377245079068139e-08,6.371723526753324e-08,4.105655762360584e-06,4.1444480999805656e-07,5.644937243253062e-07,7.376693433950677e-10,3.292429476802096e-07,0.0011592090480702683
65.10000000000001,0.0009317060012964823,0.00014511480729550186,1.660791662058988e-05,2.2561678606306263e-05,2.640740982795199e-05,3.1740402667882317e-06,4.331781540716973e-06,5.341628260914831e-08,6.328087530695882e-08,4.091208168151922e-06,4.1240583209809874e-07,5.615168148372379e-07,7.329391760214929e-10,3.2812640315194277e-07,0.0011554143227696689
65.15,0.0009287880742857924,0.00014460665454395975,1.652657799507085e-05,2.2442924786389942e-05,2.6313332456983364e-05,3.1582594396460136e-06,4.308663799823939e-06,5.3062743957120943e-08,6.284782930905913e-08,4.076824001946734e-06,4.1036611099735214e-07,5.585365877730496e-07,7.281935248672148e-10,3.270137907282849e-07,0.0011516338665659028
65.2,0.000925880479208534,0.00014410053984118622,1.644569467065194e-05,2.2324872061435873e-05,2.6219639915086677e-05,3.1425685412328946e-06,4.2856849550756604e-06,5.271178227729209e-08,6.241802538387325e-08,4.062498226803761e-06,4.0832549286842197e-07,5.555527721357354e-07,7.23428775768826e-10,3.259033139939892e-07,0.0011478676122354421
65.25,0.0009229831762004175,0.00014359645415241434,1.636526379917199e-05,2.2207515860271982e-05,2.6126330479173843e-05,3.1269669869022495e-06,4.2628440610340555e-06,5.236334641864049e-08,6.199139359833032e-08,4.048225854219229e-06,4.0628408529871067e-07,5.525655415636854e-07,7.186463457136548e-10,3.2479350231976344e-07,0.00114411549390915
65.3,0.0009200961255590241,0.00014309438848572514,1.6285282552061024e-05,2.2090851644244513e-05,2.603340243228741e-05,3.1114541931402487e-06,4.240140172754218e-06,5.201738724924793e-08,6.156786684599723e-08,4.034002039344918e-06,4.0424225544626513e-07,5.495755132663765e-07,7.138549175762845e-10,3.2368331138175176e-07,0.001140377447267689
65.35000000000001,0.0009172192877431425,0.00014259433389183842,1.6205748120193844e-05,2.1974874906968034e-05,2.594085406315293e-05,3.0960295778294847e-06,4.21757234634215e-06,5.167385823243331e-08,6.114738166498209e-08,4.019822172918927e-06,4.022006224321896e-07,5.465837369691712e-07,7.090730119056326e-10,3.225722067666806e-07,0.0011366534097014638
65.4,0.0009143526233721111,0.0001420962814639052,1.612665771374493e-05,2.185958117407766e-05,2.5848683665782305e-05,3.080692560569043e-06,4.195139639632976e-06,5.133271595455355e-08,6.072987898754314e-08,4.005681968167521e-06,4.0016004364961514e-07,5.435916730540605e-07,7.043290540111262e-10,3.2146015359003637e-07,0.001132943320352281
65.45,0.000911496093225156,0.0001416002223372997,1.6048008562044245e-05,2.174496600298298e-05,2.5756889539135706e-05,3.0654425630442133e-06,4.172841112975413e-06,5.0993920593780883e-08,6.031530480629637e-08,3.991577540997024e-06,3.981215949291977e-07,5.406011595855993e-07,6.996572324736777e-10,3.203474644503282e-07,0.001129247119985233
65.5,0.0009086496582407392,0.00014110614768941387,1.596979791343445e-05,2.163102498262435e-05,2.566546998684932e-05,3.0502790094381145e-06,4.150675830106207e-06,5.065743632033115e-08,5.990361074354306e-08,3.977505481890709e-06,3.960865448226561e-07,5.376143685526987e-07,6.950899588126295e-10,3.192345277642321e-07,0.0011255647507126588
65.55,0.0009058132795159046,0.000140614048739452,1.589202303512915e-05,2.151775373323103e-05,2.5574423317034163e-05,3.0352013268764768e-06,4.128642859096136e-06,5.0323231619955786e-08,5.94947545121106e-08,3.963462918061483e-06,3.9405632361170986e-07,5.346337523612142e-07,6.906497418382432e-10,3.181215046345181e-07,0.0011218961556612665
65.60000000000001,0.0009029869183056271,0.00014012391674822632,1.5814681213072237e-05,2.140514790608127e-05,2.5483747842150168e-05,3.0202089458961643e-06,4.10674127334775e-06,4.999127953401361e-08,5.9088700258203566e-08,3.949447564589156e-06,3.920324879769161e-07,5.316619822879594e-07,6.86343667877973e-10,3.170081077983039e-07,0.0011182412787005137
65.65,0.0009001705360221688,0.00013963574301795447,1.5737769751798538e-05,2.1293203183264577e-05,2.539344187895837e-05,3.005301300927503e-06,4.084970152623877e-06,4.966155781107859e-08,5.8685418779061855e-08,3.935457763489084e-06,3.9001668252733505e-07,5.287018811613252e-07,6.821625544304353e-10,3.158935492355046e-07,0.0011146000643232543
65.7,0.0008973640942344281,0.00013914951889205623,1.56612859742953e-05,2.1181915277445576e-05,2.5303503748551883e-05,2.9904778307800587e-06,4.063328584085087e-06,4.93340489667859e-08,5.828488761067742e-08,3.921492509911547e-06,3.880105995636936e-07,5.257563528898988e-07,6.780849168771538e-10,3.1477667575550985e-07,0.0011109724577012575
65.75,0.0008945675546673009,0.00013866523575495278,1.558522722186503e-05,2.107127993163014e-05,2.5213931776465688e-05,2.975737979121522e-06,4.0418156633142405e-06,4.900874025045174e-08,5.788709098340404e-08,3.907551464949905e-06,3.860159385041657e-07,5.228283115711445e-07,6.740838876583144e-10,3.1365623371350647e-07,0.0011073584048585108
65.8,0.0008917808792010392,0.00013818288503186625,1.5509590853989308e-05,2.0961292918933278e-05,2.5124724292862755e-05,2.9610811949393143e-06,4.020430495306204e-06,4.86856235188766e-08,5.749201964594469e-08,3.893634954829232e-06,3.8403436633915664e-07,5.199206127690276e-07,6.701340340903264e-10,3.125311537515971e-07,0.0011037578528538242
65.85000000000001,0.0008890040298706129,0.00013770245818862006,1.5434374248193713e-05,2.0851950042348926e-05,2.5035879632792973e-05,2.946506932974892e-06,3.999172195401549e-06,4.8364695019632234e-08,5.709967056088113e-08,3.879743956544824e-06,3.8206748031317587e-07,5.17035989184785e-07,6.662154497359271e-10,3.1140075371243743e-07,0.0011001707498717306
65.9,0.0008862369688650773,0.000137223946731441,1.5359574799913907e-05,2.074324713452177e-05,2.4947396136519807e-05,2.9320146541212405e-06,3.978039890144092e-06,4.804595508799506e-08,5.671004647756041e-08,3.865880070310661e-06,3.801167737865389e-07,5.141769924243169e-07,6.623144365219973e-10,3.102648194200459e-07,0.001096597045183683
65.95,0.0008834796585269361,0.0001367473422067609,1.528518992236259e-05,2.0635180057520646e-05,2.485927214990777e-05,2.917603825774651e-06,3.957032718043461e-06,4.77294077634835e-08,5.6323155390714237e-08,3.852045479452802e-06,3.7818360594574703e-07,5.11345941974224e-07,6.584222577155808e-10,3.091235974418265e-07,0.0010930366890175326
66.0,0.0008807320613515136,0.00013627263620102052,1.5211217046397737e-05,2.052774470261408e-05,2.4771506024863298e-05,2.9032739221328964e-06,3.936149830225927e-06,4.741506033364952e-08,5.593900989560931e-08,3.838242898635817e-06,3.762691757505032e-07,5.085448819251322e-07,6.545342319268167e-10,3.079777699460582e-07,0.0010894896324094869
66.05,0.0008779941399863263,0.00013579982034047375,1.5137653620391753e-05,2.0420936990047523e-05,2.4684096119819646e-05,2.889024424432815e-06,3.9153903909586786e-06,4.7102922814314126e-08,5.555762645273746e-08,3.824475511537713e-06,3.7437450026432426e-07,5.05775545502181e-07,6.506503875288311e-10,3.068284591598226e-07,0.001085955827088569
66.10000000000001,0.0008752658572304569,0.0001353288862909927,1.5064497110101704e-05,2.031475286882241e-05,2.459704080025593e-05,2.8748548211215726e-06,3.894753578035332e-06,4.679300737679605e-08,5.5179024577010664e-08,3.810746899289678e-06,3.7250039734074006e-07,5.030393271313239e-07,6.467771005206996e-10,3.0567725205344e-07,0.0010824352253846563
66.15,0.000872547176033934,0.00013485982575787446,1.4991744998540664e-05,2.0209188316477157e-05,2.451033843923966e-05,2.8607646079571695e-06,3.874238583013195e-06,4.648532773381988e-08,5.480322596806629e-08,3.79706096117129e-06,3.7064747253939936e-07,5.003372616085692e-07,6.429280487778324e-10,3.0452618939993564e-07,0.001078927780103506
66.2,0.0008698380594971066,0.00013439263048564733,1.491939478584989e-05,2.0104239338869683e-05,2.442398741798105e-05,2.8467532880350735e-06,3.853844611295583e-06,4.617989849667545e-08,5.44302535995692e-08,3.7834218292003364e-06,3.68816110121884e-07,4.976700099378799e-07,6.391229416925949e-10,3.033776575982044e-07,0.0010754334443066817
66.25,0.0008671384708700299,0.00013392729225787943,1.4847443989172217e-05,1.9999901969961955e-05,2.4337986126387905e-05,2.8328203717394527e-06,3.833570882055774e-06,4.587673451681404e-08,5.406013078628526e-08,3.7698337783795163e-06,3.670064680084672e-07,4.950378515245641e-07,6.353834271989749e-10,3.0223415865234673e-07,0.0010719521709725217
66.3,0.0008644483735518475,0.0001334638028969874,1.4775890142526354e-05,1.9896172271606188e-05,2.4252332963608915e-05,2.818965376618838e-06,3.8134166280021103e-06,4.5575850225382175e-08,5.369288024816107e-08,3.756301134458246e-06,3.652184766386577e-07,4.924406825971135e-07,6.317269186360417e-10,3.0109799535438656e-07,0.0010684839125776379
66.35000000000001,0.0008617677310901784,0.0001330021542640462,1.4704730796682196e-05,1.9793046333332765e-05,2.4167026338553748e-05,2.805187827187623e-06,3.793381094987019e-06,4.527725898421293e-08,5.332852319067197e-08,3.742828181134042e-06,3.6345184174141715e-07,4.898780209161928e-07,6.281604653533815e-10,2.999709654847582e-07,0.0010650286206968845
66.4,0.0008590965071805082,0.00013254233825860036,1.4633963519037205e-05,1.969052027214004e-05,2.4082064670378747e-05,2.79148725465629e-06,3.7734635414658378e-06,4.498097246150643e-08,5.29670784202858e-08,3.729419068649428e-06,3.6170605105910474e-07,4.873490169541982e-07,6.246773852566982e-10,2.988541769564807e-07,0.0010615862457386731
66.45,0.0008564346656655763,0.00013208434681847477,1.4563585893493597e-05,1.9588590232285562e-05,2.399744638892706e-05,2.7778631965945896e-06,3.7536632378142067e-06,4.468700004484855e-08,5.260856151304564e-08,3.7160777257310164e-06,3.59980385063094e-07,4.848524717486298e-07,6.212583911238436e-10,2.9774805545330097e-07,0.0010581567368911113
66.5,0.0008537821705347725,0.00013162817191958784,1.449359552033668e-05,1.948725238507928e-05,2.3913169935113757e-05,2.7643151965333923e-06,3.7339794655158127e-06,4.439534830335802e-08,5.22529840530316e-08,3.7028077767614227e-06,3.5827393163911517e-07,4.823868615282761e-07,6.178767175581942e-10,2.96652532072345e-07,0.001054740042268014
66.55,0.0008511389859235327,0.00013117380557576473,1.4423990016114082e-05,1.9386502928678314e-05,2.382923376124651e-05,2.7508428035120267e-06,3.714411516234689e-06,4.410602050963402e-08,5.190035295584443e-08,3.6896124659663363e-06,3.565856046084741e-07,4.799503689902835e-07,6.14504789352183e-10,2.955673189743309e-07,0.0010513361091618772
66.60000000000001,0.0008485050761127363,0.00013072123983855164,1.435476701351592e-05,1.9286338087883357e-05,2.3745636331274213e-05,2.737445571579104e-06,3.694958690788702e-06,4.3819016230839846e-08,5.155066989032145e-08,3.676494590236076e-06,3.54914165799762e-07,4.775409207994434e-07,6.111195989531502e-10,2.9449215500085907e-07,0.0010479448842838856
66.65,0.0008458804055281099,0.0001302704667970315,1.4285924161256022e-05,1.9186754113936914e-05,2.366237612095715e-05,2.724123059255781e-06,3.6756202980428804e-06,4.353433099673407e-08,5.120393080949681e-08,3.6634564419838707e-06,3.532582502150058e-07,4.7515623053461364e-07,6.077052265630011e-10,2.934269421264988e-07,0.0010445663139104831
66.7,0.0008432649387396268,0.00012982147857763923,1.4217459123953907e-05,1.9087747284322867e-05,2.3579451617953374e-05,2.710874828971125e-06,3.6563956537427586e-06,4.325195605079109e-08,5.08601255994142e-08,3.6504997631770486e-06,3.516163936691999e-07,4.727938459732531e-07,6.04252749864455e-10,2.923717650405672e-07,0.00104120034392847
66.75,0.0008406586404609143,0.00012937426734397942,1.4149369582017872e-05,1.8989313902567978e-05,2.3496861321818373e-05,2.69770044647996e-06,3.6372840793093837e-06,4.2971878188787435e-08,5.051923785186572e-08,3.6376257113725085e-06,3.499870621473524e-07,4.7045119933285106e-07,6.007589165249832e-10,2.913268429025132e-07,0.0010378469198278001
66.8,0.0008380614755486619,0.00012892882529664393,1.4081653231528934e-05,1.8891450298044843e-05,2.341460374391589e-05,2.6845994802738452e-06,3.6182849006182506e-06,4.2694079687404765e-08,5.018124476451823e-08,3.624834838257643e-06,3.4836868203846194e-07,4.6812565891678724e-07,5.972250062197474e-10,2.90292477163456e-07,0.0010345059867055218
66.85000000000001,0.0008354734090020303,0.00012848514467303054,1.4014307784125667e-05,1.8794152825776455e-05,2.333267740724002e-05,2.6715715009960937e-06,3.5993974467849607e-06,4.241853832356848e-08,4.984611716927768e-08,3.6121270808595225e-06,3.467596703836157e-07,4.658145805667048e-07,5.936567070904192e-10,2.892690353418318e-07,0.0010311774893193356
66.9,0.0008328944059620666,0.0001280432177471631,1.3947330966890064e-05,1.869741786624249e-05,2.3251080846150343e-05,2.658616080871721e-06,3.5806210489803654e-06,4.214522748343783e-08,4.9513819687182975e-08,3.5995017652562363e-06,3.4515846431890286e-07,4.6351535741155727e-07,5.90064977473642e-10,2.88256967243978e-07,0.0010278613721847432
66.95,0.0008303244317111153,0.0001276030368295112,1.3880720522234102e-05,1.8601241825186896e-05,2.316981260602316e-05,2.6457327931628956e-06,3.5619550392973492e-06,4.187411635823037e-08,4.9184311005674885e-08,3.586957622321678e-06,3.4356354899737764e-07,4.6122546661525014e-07,5.864669128861428e-10,2.8725681018138656e-07,0.0010245575796689233
67.0,0.0008277634516722379,0.00012716459426681211,1.3814474207787394e-05,1.8505621133427298e-05,2.30888712428243e-05,2.632921211660164e-06,3.543398749690708e-06,4.1605170222437485e-08,4.885754427180194e-08,3.5744928147732397e-06,3.419734834246411e-07,4.5894251213386753e-07,5.828849631736475e-10,2.862691258372429e-07,0.0010212660560200665
67.05,0.0008252114314086318,0.00012672788244189273,1.3748589796285639e-05,1.8410552246665835e-05,2.3008255322609786e-05,2.6201809102189465e-06,3.524951511010052e-06,4.1338350788486846e-08,4.8533467592833e-08,3.5621049745799815e-06,3.4038692382066624e-07,4.5666426286000046e-07,5.793432205780114e-10,2.852943383925497e-07,0.0010179867452985698
67.10000000000001,0.000822668336623051,0.00012629289377349262,1.3683065075459945e-05,1.8316031645301504e-05,2.2927963420962456e-05,2.607511462350051e-06,3.506612652144059e-06,4.107361663056841e-08,4.821202463389044e-08,3.549791249631881e-06,3.388026443038852e-07,4.543886859076159e-07,5.758612519963262e-10,2.843325037852233e-07,0.0010147195912389062
67.15,0.0008201341331572335,0.00012585962071608842,1.3617897847927127e-05,1.8222055834244183e-05,2.2847994122374078e-05,2.594912440871966e-06,3.488381499292348e-06,4.0810923669170626e-08,4.789315530061114e-08,3.537548358467478e-06,3.372195548588768e-07,4.5211397512620845e-07,5.724480145424557e-10,2.8338309777764623e-07,0.0010114645371312463
67.2,0.0008176087869913229,0.0001254280557597178,1.3553085931080677e-05,1.8128621342729868e-05,2.2768346019583035e-05,2.582383417631466e-06,3.4702573753787467e-06,4.055022570688571e-08,4.7576796493496725e-08,3.525372651801915e-06,3.356367166747842e-07,4.4983857518280393e-07,5.690989336461794e-10,2.8244492273067613e-07,0.0010082215258249688
67.25,0.0008150922642432996,0.0001249981914298056,1.3488627156982787e-05,1.8035724724137685e-05,2.2689017712879502e-05,2.5699239632979285e-06,3.4522395996172663e-06,4.029147500525032e-08,4.7262882919546716e-08,3.513260179580855e-06,3.340533550114834e-07,4.47561201681707e-07,5.657975631640056e-10,2.815161859060021e-07,0.0010049904999076885
67.3,0.0008125845311684113,0.00012457002028699022,1.342451937225712e-05,1.7943362555808245e-05,2.2610007809389883e-05,2.5575336472352527e-06,3.434327487239054e-06,4.003462289178424e-08,4.6951347945964526e-08,3.501206762296056e-06,3.324688697560846e-07,4.4528085778823606e-07,5.625207951995782e-10,2.80594725293802e-07,0.001001771402034098
67.35000000000001,0.0008100855541586053,0.00012414353492695072,1.3360760437982438e-05,1.7851531438863465e-05,2.2531314922353337e-05,2.545212037453885e-06,3.416520349385667e-06,3.977962038598274e-08,4.6642124480195605e-08,3.4892080653239383e-06,3.3088284377539355e-07,4.429968476875478e-07,5.592452214382081e-10,2.7967829987791995e-07,0.000998564175318347
67.4,0.0008075952997419662,0.00012371872798023543,1.3297348229587146e-05,1.776022799802797e-05,2.2452937670403384e-05,2.532958700643962e-06,3.39881749317088e-06,3.95264188327994e-08,4.6335145860282694e-08,3.4772596750780974e-06,3.292950490629386e-07,4.4070878696697077e-07,5.55952425855175e-10,2.7876484815632607e-07,0.0009953687636904186
67.45,0.0008051137345821498,0.00012329559211209025,1.3234280636744496e-05,1.766944888145169e-05,2.237487467686726e-05,2.520773202288979e-06,3.3812182219099678e-06,3.927497053212265e-08,4.603034673950089e-08,3.465357175792081e-06,3.277054505438409e-07,4.3841660970250034e-07,5.526319268981e-10,2.7785264746653996e-07,0.0009921851121462058
67.5,0.000802640825477825,0.00012287412002228888,1.3171555563268781e-05,1.7579190760534124e-05,2.2297124569096175e-05,2.5086551068579916e-06,3.3637218355124284e-06,3.902522935289816e-08,4.57276639494559e-08,3.4534962257651585e-06,3.2611420726498474e-07,4.3612057171351363e-07,5.49281448962827e-10,2.769403558323435e-07,0.0009890131668707106
67.55,0.0008001765393621157,0.0001224543044449633,1.3109170927012274e-05,1.748945032974992e-05,2.2219685977838415e-05,2.4966039780727713e-06,3.346327631030841e-06,3.8777151320866704e-08,4.542703732627696e-08,3.4416726319100704e-06,3.2452167059097475e-07,4.3382124918647095e-07,5.459050897510618e-10,2.7602696647472096e-07,0.0009858528752626824
67.60000000000001,0.0007977208433020441,0.00012203613814843519,1.3047124659762955e-05,1.7400224306475825e-05,2.2142557536667034e-05,2.4846193792449653e-06,3.3290349033557215e-06,3.853069516937609e-08,4.512841048521137e-08,3.429882421441333e-06,3.2292837897461044e-07,4.315195317170248e-07,5.425107706721621e-10,2.751117355352846e-07,0.0009827041859200795
67.65,0.0007952737044979796,0.00012161961393504851,1.2985414707143146e-05,1.7311509430819195e-05,2.206573788147288e-05,2.472700873677002e-06,3.3118429460434735e-06,3.8285822843372824e-08,4.48317315298142e-08,3.4181219095420313e-06,3.213350488930565e-07,4.2921660882508977e-07,5.391086610491621e-10,2.741941419636574e-07,0.000979567048644442
67.7,0.0007928350902830836,0.000121204724641002,1.2924039028508761e-05,1.7223302465447597e-05,2.1989225650032187e-05,2.4608480251191935e-06,3.294751052261916e-06,3.804249994747821e-08,4.4536953683019825e-08,3.406387761855133e-06,3.197425616461315e-07,4.269139491810489e-07,5.357114480748212e-10,2.7327390135212364e-07,0.0009764414144845683
67.75,0.000790404968122763,0.00012079146313618346,1.2862995596849511e-05,1.7135600195420048e-05,2.1913019481657446e-05,2.449060398274535e-06,3.2777585158358116e-06,3.780069613000254e-08,4.424403582867717e-08,3.39467705067253e-06,3.18151945897585e-07,4.246132721375837e-07,5.323355747808539e-10,2.7235100130130344e-07,0.0009733272357845264
67.8,0.0007879833056141226,0.00012037982232400436,1.280228239868982e-05,1.7048399428019495e-05,2.1837118016937973e-05,2.437337559341665e-06,3.260864632372749e-06,3.7560385395831685e-08,4.395294295360896e-08,3.3829873037501983e-06,3.165643560876282e-07,4.2231651165630716e-07,5.290012747454644e-10,2.7142569220527587e-07,0.0009702244661668123
67.85000000000001,0.000785570070485419,0.0001199697951412352,1.2741897433990503e-05,1.6961696992586618e-05,2.17615198975755e-05,2.425679076585777e-06,3.2440687004482786e-06,3.732154634233151e-08,4.3663646481916834e-08,3.3713165447688087e-06,3.149810471280639e-07,4.200257732932688e-07,5.257297586217288e-10,2.7049838325479694e-07,0.0009671330603988686
67.9,0.0007831652305955218,0.00011956137455784232,1.268183871605131e-05,1.68754897403551e-05,2.168622376631834e-05,2.4140845209267198e-06,3.2273700228280608e-06,3.708416231373855e-08,4.33761244950759e-08,3.35966332458938e-06,3.134033460749498e-07,4.177432854882673e-07,5.225380119315187e-10,2.695694520081582e-07,0.000964052974152825
67.95,0.0007807687539333677,0.00011915455357682421,1.2622104271414052e-05,1.6789774544287975e-05,2.1611228266995502e-05,2.4025534665331006e-06,3.2107679077039432e-06,3.6848221470926e-08,4.309036183332847e-08,3.34802674262284e-06,3.118326217198587e-07,4.15471346910697e-07,5.194335674363599e-10,2.686390366739958e-07,0.0009609841637319257
68.0,0.000778380608617426,0.00011874932523404998,1.2562692139766663e-05,1.6704548298915546e-05,2.1536532044651024e-05,2.3910854914111725e-06,3.1942616699207327e-06,3.661371677493757e-08,4.280635007597676e-08,3.3364064578362942e-06,3.102702532148979e-07,4.1321227197738106e-07,5.164117767654932e-10,2.677069021747643e-07,0.0009579265858599722
68.05,0.0007760007628951613,0.00011834568259809784,1.2503600373847919e-05,1.6619807920174444e-05,2.146213374577624e-05,2.379680177977227e-06,3.1778506321703715e-06,3.638064588423687e-08,4.2524087400349794e-08,3.324802689148508e-06,3.0871759892342367e-07,4.1096833682202846e-07,5.134566918912293e-10,2.6677244359289195e-07,0.0009548801976016685
68.10000000000001,0.0007736291851424985,0.00011794361877009454,1.2444827039352907e-05,1.6535550345248015e-05,2.1388032018636294e-05,2.3683371136025395e-06,3.1615341261308548e-06,3.6149010967211694e-08,4.2243578321455954e-08,3.313216205211826e-06,3.0717596665666685e-07,4.0874172793620737e-07,5.105450247637393e-10,2.658348344997588e-07,0.0009518449564241817
68.15,0.0007712658438632941,0.00011754312688355596,1.2386370214839314e-05,1.6451772532408065e-05,2.1314225513685447e-05,2.357055891120385e-06,3.145311493528183e-06,3.5918818433064494e-08,4.196483331658313e-08,3.3016483038245627e-06,3.0564658632101145e-07,4.0653449542561106e-07,5.076517698504919e-10,2.648932722169506e-07,0.0009488208203537389
68.2,0.000768910707688802,0.00011714420010422757,1.2328227991634279e-05,1.636847146085768e-05,2.1240712884063663e-05,2.345836109285223e-06,3.129182087100886e-06,3.569007858578102e-08,4.168786834132481e-08,3.290100781454339e-06,3.041305857811649e-07,4.043485123731781e-07,5.047558700730539e-10,2.6394723714870025e-07,0.0009458077481455258
68.25,0.0007665637453771489,0.00011674683162992668,1.2270398473742137e-05,1.6285644130575485e-05,2.1167492786166124e-05,2.334677373175111e-06,3.1131452714485466e-06,3.546280520737154e-08,4.1412704245654384e-08,3.2785758935681617e-06,3.026289704719732e-07,4.0218544123854323e-07,5.018443121711718e-10,2.6299667867065764e-07,0.0009428056993798976
68.3,0.0007642249258128079,0.00011635101469038487,1.2212879777752802e-05,1.620328756216108e-05,2.1094563880275235e-05,2.3235792945292844e-06,3.0972004237476414e-06,3.5237015077978457e-08,4.1139366100676754e-08,3.267076306650521e-06,3.011426070029166e-07,4.0004670763153035e-07,4.989133672675827e-10,2.6204207026119995e-07,0.0009398146344277506
68.35000000000001,0.0007618942180060743,0.00011595674254709128,1.2155670032750855e-05,1.6121398796681676e-05,2.1021924831243852e-05,2.312541492014064e-06,3.0813469343204756e-06,3.501272744171342e-08,4.086788244851326e-08,3.255605042942022e-06,2.996722107311315e-07,3.9793348125614397e-07,4.959668004836941e-10,2.6108433515434196e-07,0.0009368345142869509
68.4,0.0007595715910925472,0.00011556400849313715,1.2098767380225438e-05,1.6039974895520082e-05,2.0949574309217464e-05,2.301563591411522e-06,3.065584207045609e-06,3.478996342819195e-08,4.05982844893732e-08,3.244165419046348e-06,2.98218337062304e-07,3.9584666339711976e-07,4.930124716442254e-10,2.6012470332248216e-07,0.0009338653003523221
68.45,0.0007572570143326062,0.00011517280585306008,1.2042169973980667e-05,1.5959012940223682e-05,2.087751099038182e-05,2.2906452257266494e-06,3.0499116596009176e-06,3.456874544064008e-08,4.033060522118017e-08,3.2327609796348146e-06,2.967813760954369e-07,3.9378688005656813e-07,4.900595824264869e-10,2.591645834024422e-07,0.0009309069542050133
68.5,0.0007549504571108966,0.00011478312798269007,1.1985875980046913e-05,1.5878510032354823e-05,2.08057335577227e-05,2.2797860352103513e-06,3.0343287235335914e-06,3.434909652213529e-08,4.00648785481232e-08,3.2213954275300552e-06,2.953615501665892e-07,3.917544797587688e-07,4.871179856326172e-10,2.5820550198978623e-07,0.0009279594374749562
68.55,0.0007526518889358142,0.00011439496826899586,1.1929883576592699e-05,1.5798463293342306e-05,2.0734240701783434e-05,2.268985667296972e-06,3.018834844154307e-06,3.41310397119866e-08,3.98011383751511e-08,3.2100725514789146e-06,2.939589138645291e-07,3.897495351145522e-07,4.841991026552208e-10,2.5724909984193187e-07,0.0009250227117654694
68.60000000000001,0.0007503612794389913,0.00011400832012993196,1.1874190953837261e-05,1.5718869864334044e-05,2.0663031121406127e-05,2.2582437764566696e-06,3.003429480256081e-06,3.3914597404447886e-08,3.9539417705708436e-08,3.1987961529357505e-06,2.925733561726178e-07,3.8777184743826047e-07,4.813166708308196e-10,2.562971261039508e-07,0.000922096738579645
68.65,0.0007480785983747885,0.000113623177014287,1.181879631396389e-05,1.5639726906051015e-05,2.0592103524442777e-05,2.247560023964489e-06,2.988112103661445e-06,3.369979072188347e-08,3.927974775990891e-08,3.1875699731754684e-06,2.9120460451228366e-07,3.8582095398951587e-07,4.784857528541462e-10,2.553513700019304e-07,0.000919181479187073
68.7,0.000745803815619782,0.00011323953240153173,1.1763697871033772e-05,1.5561031598642142e-05,2.0521456628422413e-05,2.23693407758941e-06,2.972882198604593e-06,3.348663891416656e-08,3.902215712985481e-08,3.176397622043151e-06,2.89852230596086e-07,3.8389613771113763e-07,4.757197982837934e-10,2.5441351031167153e-07,0.0009162768944121103
68.75,0.0007435369011722589,0.0001128573798016689,1.1708893850900659e-05,1.5482781141540556e-05,2.045108916116185e-05,2.2263656112082162e-06,2.9577392609582935e-06,3.327515879550325e-08,3.876667098796054e-08,3.165282509623988e-06,2.8851565811514944e-07,3.819964395970889e-07,4.730268388343876e-10,2.5348491577030373e-07,0.0009133829443794261
68.8,0.0007412778251517127,0.00011247671275508317,1.1654382491126124e-05,1.5404972753320887e-05,2.0380999861307815e-05,2.2158543043502825e-06,2.9426827973179905e-06,3.3065364229045705e-08,3.851331036293833e-08,3.154227782079831e-06,2.8719417236414313e-07,3.801206740033475e-07,4.704063357560684e-10,2.5256646449755136e-07,0.0009104995882880918
68.85000000000001,0.000739026557798339,0.00011209752483239203,1.1600162040895475e-05,1.5327603671557706e-05,2.031118747879975e-05,2.205399841680687e-06,2.9277123239582143e-06,3.2857265668618867e-08,3.8262091496598306e-08,3.143236262842445e-06,2.8588693193269435e-07,3.7826744727973423e-07,4.678479230282422e-10,2.5165845478594765e-07,0.0009076267842895518
68.9,0.0007367830694725379,0.00011171980963429775,1.1546230760934388e-05,1.5250671152685168e-05,2.024165077524391e-05,2.195001912430193e-06,2.912827365678725e-06,3.2650869765661014e-08,3.8013025292844485e-08,3.132310400272105e-06,2.8459298256037455e-07,3.76435180042035e-07,4.653327567727578e-10,2.5076065410625435e-07,0.0009047644895186041
68.95,0.0007345473306544114,0.00011134356079143908,1.149258692342604e-05,1.5174172471857575e-05,2.0172388524190487e-05,2.1846602097815543e-06,2.8980274545597523e-06,3.2446179048104085e-08,3.776611686826317e-08,3.1214522227783346e-06,2.833112731678146e-07,3.7462213323218736e-07,4.628374523374405e-10,2.49872484319173e-07,0.0009019126602765322
69.0,0.0007323193119432689,0.00011096877196424479,1.1439228811929033e-05,1.509810492281126e-05,2.010339951130785e-05,2.1743744302225135e-06,2.883312128647508e-06,3.224319167643675e-08,3.752136521156363e-08,3.1106633022541524e-06,2.820406739516603e-07,3.7282643785841705e-07,4.6033960584159747e-10,2.489932843534689e-07,0.0008990712523073433
69.05,0.0007300989840571325,0.00011059543684278733,1.1386154721295877e-05,1.502246581772745e-05,2.003468253444902e-05,2.1641442728763867e-06,2.8686809305922914e-06,3.204190128063531e-08,3.7278762956894546e-08,3.0999447264958493e-06,2.8077999628395656e-07,3.710461280068735e-07,4.578230250632877e-10,2.481225539476936e-07,0.0008962402210688576
69.10000000000001,0.0007278863178322433,0.00011022354914663723,1.1333362957592102e-05,1.494725248709622e-05,1.9966236403607852e-05,2.153969438821626e-06,2.854133406262503e-06,3.184229688006031e-08,3.703829627379052e-08,3.0892970810710492e-06,2.795280140080442e-07,3.692791764157327e-07,4.552806792963012e-10,2.4726008893414844e-07,0.000893419521906523
69.15,0.0007256812842225735,0.00010985310262471873,1.128085183801607e-05,1.4872462279581632e-05,1.9898059940764176e-05,2.1438496304119748e-06,2.8396691033583525e-06,3.164436288683654e-08,3.679994487425493e-08,3.0787204408661537e-06,2.7828348559390754e-07,3.675235316436109e-07,4.5271438985294295e-10,2.464059722331199e-07,0.0008906091100919121
69.2,0.0007234838542993334,0.00010948409105516518,1.1228619690819257e-05,1.4798092561887726e-05,1.9830151979618853e-05,2.133784550608815e-06,2.82528757004905e-06,3.144807919169585e-08,3.6563682135310946e-08,3.0682143713008558e-06,2.7704517652415366e-07,3.6577715568075867e-07,4.5013199125403946e-10,2.4556045543365704e-07,0.0008878089407597399
69.25,0.0007212939992504883,0.00010911650824517601,1.1176664855227299e-05,1.4724140718625793e-05,1.976251136522221e-05,2.123773902337226e-06,2.8109883536570425e-06,3.1253421329802284e-08,3.63294753333032e-08,3.0577779389554476e-06,2.758118812403607e-07,3.6403806076759997e-07,4.4754391802755973e-10,2.4472381031536973e-07,0.0008850189688225938
69.3,0.0007191116903802718,0.00010875034803087406,1.1124985681361573e-05,1.4650604152182573e-05,1.969513695350053e-05,2.113817387876792e-06,2.7967709994119583e-06,3.106036072271844e-08,3.609728598433886e-08,3.047409731129261e-06,2.7458244399468454e-07,3.623043442120418e-07,4.449609799498551e-10,2.4389622379216365e-07,0.0008822391489362944
69.35000000000001,0.0007169368991087034,0.00010838560427716349,1.1073580530161383e-05,1.4577480282589521e-05,1.9628027610687566e-05,2.1039147082976875e-06,2.7826350492958273e-06,3.086886499143844e-08,3.586707028355679e-08,3.03710788364879e-06,2.7335577802235213e-07,3.605742201330181e-07,4.4239379780139796e-10,2.4307776554033504e-07,0.0008794694355433161
69.4,0.0007147695969711102,0.00010802227087758901,1.1022447773306813e-05,1.450476654739319e-05,1.9561182212669626e-05,2.094065562951818e-06,2.7685800409996036e-06,3.0678898334319246e-08,3.56387796344234e-08,3.0268701160821078e-06,2.721308825689434e-07,3.588460472885532e-07,4.3985320677115814e-10,2.422684091134561e-07,0.0008767097829722487
69.45,0.0007126097556176435,0.00010766034175419471,1.0971585793142042e-05,1.4432460401526433e-05,1.9494599644254024e-05,2.0842696490277878e-06,2.7546055070090358e-06,3.049042196279738e-08,3.54123612579842e-08,3.016693773399089e-06,2.7090685745848116e-07,3.5711835244636377e-07,4.37350608988972e-10,2.414680610890928e-07,0.0008739601455450204
69.5,0.0007104573468128052,0.0001072998108573846,1.0920992982599375e-05,1.4360559317180844e-05,1.9428278798372773e-05,2.074526661177513e-06,2.7407109738358625e-06,3.030339458699281e-08,3.518775887096105e-08,3.006575873047759e-06,2.696829150566282e-07,3.553898490889202e-07,4.3489749201538834e-10,2.4067655382999964e-07,0.0008712204776453295
69.55,0.0007083123424349718,0.00010694067216578343,1.0870667745123805e-05,1.4289060783680084e-05,1.9362218575233856e-05,2.064836291220958e-06,2.7268959614076814e-06,3.011777294266806e-08,3.496491342076381e-08,2.9965131563939655e-06,2.684583896480856e-07,3.536594515730057e-07,4.3250371031409406e-10,2.3989357906440677e-07,0.0008684907337241749
69.60000000000001,0.0007061747144759209,0.00010658291968609806,1.0820608494598145e-05,1.421796230735422e-05,1.929641788143389e-05,2.0551982279342145e-06,2.713159982627202e-06,2.993351235053253e-08,3.47437638648805e-08,2.9865021434891263e-06,2.672327443891929e-07,3.519262851458108e-07,4.3017468457032326e-10,2.3911857368364654e-07,0.0008657708682535743
69.65,0.0007040444350403626,0.00010622654745298013,1.0770813655268805e-05,1.4147261411415145e-05,1.923087562904664e-05,2.04561215692471e-06,2.6995025431086893e-06,2.9750567298548456e-08,3.4524247981704166e-08,2.9765391901796793e-06,2.660055760985618e-07,3.501896924197117e-07,4.2790847444718703e-10,2.3835060490297003e-07,0.0008630608356764625
69.7,0.0007019214763454665,0.00010587154952888838,1.0721281661672006e-05,1.407695563583279e-05,1.91655907347021e-05,2.0360777605958043e-06,2.6859231410962945e-06,2.9568892037700113e-08,3.4306303199635214e-08,2.966620546640639e-06,2.647766181976625e-07,3.484492369997694e-07,4.256942638426431e-10,2.3758832102810828e-07,0.000860360590420621
69.75,0.000699805810720397,0.00010551792000395259,1.0672010958560692e-05,1.4007042537212498e-05,1.910056211867166e-05,2.0265947182015874e-06,2.672421267565999e-06,2.938844118162304e-08,3.4089867431247466e-08,2.9567424164922355e-06,2.635457421035503e-07,3.4670470492891045e-07,4.2351352096589175e-10,2.3683001894739444e-07,0.0008576700870291679
69.8,0.0006976974106058471,0.0001051656529958378,1.062300000083194e-05,1.393751968867328e-05,1.9035788703974363e-05,2.0171627059910714e-06,2.6589964065096167e-06,2.9209170300543666e-08,3.3874879899408967e-08,2.94690101573103e-06,2.6231295730951024e-07,3.4495610446936514e-07,4.2134390047648273e-10,2.3607383046831098e-07,0.0008549892804097439
69.85000000000001,0.0006955962485535746,0.0001048147426496091,1.0574247253454924e-05,1.3868384679727017e-05,1.8971269415519206e-05,2.0077813974394926e-06,2.6456480353962835e-06,2.9031036500151116e-08,3.366128194249884e-08,2.937092630766103e-06,2.6107841027742283e-07,3.4320366449661987e-07,4.1916454775533966e-10,2.353179717553343e-07,0.0008523181261450065
69.9,0.0006935022972259427,0.00010446518313759771,1.0525751191399498e-05,1.379963511615871e-05,1.890700317929811e-05,1.998450463562952e-06,2.6323756258038287e-06,2.8853998976298272e-08,3.3449017786241055e-08,2.9273136748904956e-06,2.598423821271798e-07,3.4144783148147417e-07,4.16960773217694e-10,2.3456096839903896e-07,0.0008496565807741975
69.95,0.000691415529395457,0.00010411696865926656,1.047751029956519e-05,1.3731268619907489e-05,1.8842988921642902e-05,1.989169573311152e-06,2.6191786442094686e-06,2.8678019536809175e-08,3.323803527018624e-08,2.917560742535933e-06,2.5860528496808354e-07,3.3968926472646355e-07,4.1472649057680245e-10,2.3380178235726327e-07,0.0008470046019692448
70.0,0.0006893359179443097,0.00010377009344107774,1.0429523072710884e-05,1.366328282894873e-05,1.87792255685594e-05,1.979938394031746e-06,2.606056552926677e-06,2.850306308215204e-08,3.302828651751067e-08,2.9078306606571775e-06,2.5736765660109863e-07,3.37928829259487e-07,4.124639847731434e-10,2.3303981506862192e-07,0.0008443621485777357
70.05,0.0006872634358639232,0.00010342455173635992,1.0381788015384956e-05,1.3595675397177026e-05,1.871571204514978e-05,1.9707565919985015e-06,2.593008811172492e-06,2.8329098037316328e-08,3.281972853756357e-08,2.898120536576566e-06,2.5613015325254714e-07,3.3616758562053893e-07,4.1018168661663645e-10,2.3227481290229323e-07,0.0008417291805577794
70.10000000000001,0.0006851980562544956,0.00010308033782517655,1.0334303641855962e-05,1.3528443994290052e-05,1.865244727513339e-05,1.9616238329944434e-06,2.580034876247361e-06,2.815609672791413e-08,3.261232375149076e-08,2.888427801598465e-06,2.5489353999630085e-07,3.344067757448563e-07,4.078911191363758e-10,2.3150673142580737e-07,0.0008391056588605572
70.15,0.0006831397523245506,0.00010273744601419517,1.0287068476043908e-05,1.3461586305673457e-05,1.858943018047454e-05,1.9525397829401964e-06,2.56713420480774e-06,2.798403569430528e-08,3.240604043229033e-08,2.8787502496877176e-06,2.5365867859019025e-07,3.326478042655779e-07,4.056041137841282e-10,2.3073561715415862e-07,0.0008364915453186235
70.2,0.0006810884973904836,0.00010239587063655638,1.0240081051451926e-05,1.3395100032286453e-05,1.852665968112377e-05,1.9435041085569197e-06,2.554306254209997e-06,2.7812895938424558e-08,3.2200853051823025e-08,2.869086070506483e-06,2.524265125901081e-07,3.3089221482621013e-07,4.033310885229341e-10,2.2996154653855215e-07,0.000833886802579209
70.25,0.0006790442648761156,0.00010205560605174443,1.0193339911098585e-05,1.3328982890548499e-05,1.84641346948778e-05,1.9345164780527165e-06,2.5415504839030947e-06,2.7642663098966046e-08,3.1996742528606696e-08,2.859433876130203e-06,2.5119804979868583e-07,3.2914166138002153e-07,4.010807341038695e-10,2.291846310468453e-07,0.0008312913940910581
70.3,0.000677007028312246,0.00010171664664545806,1.0146843607450678e-05,1.3263232612226774e-05,1.8401854137360787e-05,1.9255765618208954e-06,2.5288663568465463e-06,2.7473327551645846e-08,3.17936963716635e-08,2.8497927208229112e-06,2.499743423321509e-07,3.273978749134146e-07,3.9886079726310043e-10,2.2840506255784436e-07,0.0008287052841187566
70.35000000000001,0.0006749767613362068,0.00010137898682948181,1.0100590702356497e-05,1.319784694432453e-05,1.833981692212792e-05,1.9166840331382843e-06,2.516253340929781e-06,2.7304884432417567e-08,3.159170871726024e-08,2.8401621133492614e-06,2.487564648207624e-07,3.256626265043813e-07,3.9667892458575047e-10,2.27623147880078e-07,0.0008261284377331945
70.4,0.0006729534376914224,0.00010104262104155865,1.0054579766979697e-05,1.3132823648970415e-05,1.8278021960890317e-05,1.907838568851779e-06,2.5037109103689805e-06,2.7137333582739153e-08,3.139078025706634e-08,2.8305420214354915e-06,2.4754549146427127e-07,3.2393768805156504e-07,3.945422922825409e-10,2.2683928202368312e-07,0.0008235608207281493
70.45,0.0006709370312269643,0.00010070754374526211,1.000880938173353e-05,1.306816050330847e-05,1.821646816385777e-05,1.8990398500414223e-06,2.4912385470577305e-06,2.69706794172712e-08,3.11909180580336e-08,2.820932868159963e-06,2.4634247281524527e-07,3.2222479232460674e-07,3.924554973498401e-10,2.2605384505572928e-07,0.0008210023994495536
70.5,0.0006689275158971146,0.00010037374942987013,9.963278136215707e-06,1.3003855299389175e-05,1.8155154440194623e-05,1.8902875626487566e-06,2.47883574184868e-06,2.6804930715706916e-08,3.09921352761506e-08,2.811335520248101e-06,2.451484132372444e-07,3.205255941453081e-07,3.9041762878250157e-10,2.2526706144485653e-07,0.0008184531405799778
70.55,0.0006669248657609271,0.000100041232610239,9.917984629143691e-06,1.2939905844061249e-05,1.8094079698581427e-05,1.8815813980596601e-06,2.4665019957443736e-06,2.664010034176546e-08,3.0794450768104864e-08,2.801751268454846e-06,2.439642499691201e-07,3.188416344848818e-07,3.884203923924337e-10,2.244788978655176e-07,0.0008159130109590331
70.60000000000001,0.0006649290549817917,9.970998782667796e-05,9.87292746829049e-06,1.2876309958864299e-05,1.8033242847873712e-05,1.87292105363164e-06,2.454236820976967e-06,2.6476204893700393e-08,3.059788860676395e-08,2.7921818004271877e-06,2.427908346210207e-07,3.171743090537722e-07,3.8644871313698987e-10,2.2368906679932904e-07,0.0008133819775112217
70.65,0.000662940057827002,9.938000964482488e-05,9.828105270420986e-06,1.281306547992239e-05,1.7972642797847404e-05,1.8643062331564596e-06,2.44203974195831e-06,2.631326429195051e-08,3.040247750821324e-08,2.782629166635914e-06,2.4162891774438956e-07,3.1552484259221637e-07,3.8448381717994495e-10,2.2289715316934975e-07,0.0008108600073008915
70.7,0.0006609578486673199,9.905129265552159e-05,9.783516661228636e-06,1.2750170257838272e-05,1.7912278460018702e-05,1.8557366472499562e-06,2.4299102960839248e-06,2.6151301310761145e-08,3.020825017981908e-08,2.7730957401368813e-06,2.404791368803423e-07,3.138942695898053e-07,3.825076052621682e-10,2.22102822550718e-07,0.0008083470676735147
70.75,0.0006589824019765474,9.872383147469081e-05,9.739160275272772e-06,1.2687622157588602e-05,1.785214874852551e-05,1.8472120136621698e-06,2.417848034376874e-06,2.5990341061700248e-08,3.0015242600374464e-08,2.763584171058094e-06,2.3934200822816363e-07,3.1228342163378924e-07,3.8050683380866525e-10,2.2130603562877252e-07,0.000805843126407709
70.8,0.0006570136923310974,9.83976207432133e-05,9.695034755916315e-06,1.2625419058419893e-05,1.779225258105574e-05,1.838732057502108e-06,2.40585252196e-06,2.5830410437949848e-08,2.982349324477807e-08,2.754097336803346e-06,2.3821792182022758e-07,3.1069292107630157e-07,3.784759782033153e-10,2.2050719562967137e-07,0.0008033481518041551
70.85000000000001,0.000655051694409566,9.807265512680544e-05,9.65113875526396e-06,1.2563558853745281e-05,1.773258887980745e-05,1.8302965113728963e-06,2.393923338347857e-06,2.5671537529047105e-08,2.963304226685934e-08,2.7446382890147975e-06,2.3710713987099112e-07,3.091231802817303e-07,3.7641815228391144e-10,2.1970718338682888e-07,0.0008008621126654113
70.9,0.0006530963829923098,9.774892931589805e-05,9.607470934100897e-06,1.2502039451042173e-05,1.7673156572464997e-05,1.8219051154145207e-06,2.382060077552587e-06,2.5513751016351444e-08,2.944393065484961e-08,2.735210198348191e-06,2.360097978089372e-07,3.0757440541401794e-07,3.743438904117929e-10,2.1890727313015148e-07,0.000798384978159046
70.95,0.0006511477329610187,9.742643802551481e-05,9.564029961831863e-06,1.244085877175051e-05,1.76139545931748e-05,1.8135576172528158e-06,2.370262348000941e-06,2.535707955990613e-08,2.9256199374581218e-08,2.725816298091781e-06,2.3492590741546874e-07,3.0604660357634433e-07,3.722680860714424e-10,2.1810896039982988e-07,0.0007959167175950484
71.0,0.0006492057192982972,9.710517599515223e-05,9.520814516420782e-06,1.2380014751172014e-05,1.755498188350481e-05,1.805253771854963e-06,2.3585297722628343e-06,2.520155118753339e-08,2.906988851575573e-08,2.7164598276125677e-06,2.3385536148737914e-07,3.0453959212686854e-07,3.702060754896e-10,2.1731376358964073e-07,0.0007934573001792599
71.05,0.0006472703170872429,9.67851379886598e-05,9.477823284330812e-06,1.2319505338370108e-05,1.7496237393371277e-05,1.7969933412931958e-06,2.3468619865947678e-06,2.5047192696938958e-08,2.8885036456539332e-08,2.7071439765505953e-06,2.3279793950287685e-07,3.0305300914731593e-07,3.681704471212592e-10,2.1652307023510816e-07,0.0007910066948148995
71.10000000000001,0.0006453415015110287,9.646631879412063e-05,9.435054960464823e-06,1.225932849607062e-05,1.7437720081917267e-05,1.7887760944199522e-06,2.3352586403045276e-06,2.4894029081310478e-08,2.870167906132553e-08,2.6978718306136073e-06,2.317533138897005e-07,3.0158632430246996e-07,3.661699345643291e-10,2.1573807599292305e-07,0.0007885648700012023
71.15,0.0006434192478524878,9.614871322373329e-05,9.392508248106398e-06,1.219948220056335e-05,1.7379428918328e-05,1.7806018064591604e-06,2.323719394946489e-06,2.4742082988379093e-08,2.851984892575896e-08,2.6886463197577307e-06,2.307210566459083e-07,3.0013884965281834e-07,3.642104882779189e-10,2.149598128325977e-07,0.0007861317938259162
71.2,0.0006415035314936958,9.58323161136932e-05,9.350181858861166e-06,1.213996444160421e-05,1.7321362882568747e-05,1.7724702585196614e-06,2.3122439233595386e-06,2.4591374222188477e-08,2.833957468206044e-08,2.679470169479912e-06,2.2970064622508398e-07,2.987097503199264e-07,3.6229716405726543e-10,2.1418921187481553e-07,0.0007837074339962706
71.25,0.0006395943279155603,9.551712232407563e-05,9.308074512598682e-06,1.2080773222318314e-05,1.7263520966032677e-05,1.7643812370381296e-06,2.3008319085623174e-06,2.4441919295904967e-08,2.81608803763686e-08,2.670345855896394e-06,2.2869147474445352e-07,2.972980552072426e-07,3.604350265551914e-10,2.1342713026842878e-07,0.0007812917578370015
71.3,0.0006376916126974083,9.520312673871874e-05,9.26618493739469e-06,1.2021906559103713e-05,1.7205902172086954e-05,1.7563345331599283e-06,2.2894830425227027e-06,2.4293731042928436e-08,2.7983784928252103e-08,2.6612755652366775e-06,2.276928556871827e-07,2.9590266820908864e-07,3.586281865724732e-10,2.1267430242087815e-07,0.0007788847322161067
71.35000000000001,0.0006357953615165764,9.489032426510723e-05,9.224511869473835e-06,1.1963362481535883e-05,1.714850551650716e-05,1.748329942067398e-06,2.2781970248205677e-06,2.4146818292362116e-08,2.7808301680802463e-08,2.6522611583400824e-06,2.2670403233548026e-07,2.9452238047147926e-07,3.5687756991585665e-10,2.1193123158953777e-07,0.0007764863234163682
71.4,0.000633905550148005,9.457870983425712e-05,9.183054053152838e-06,1.1905139032273038e-05,1.709133002779195e-05,1.740367262265945e-06,2.266973561224606e-06,2.4001185613601474e-08,2.7634438047838193e-08,2.6433041406957354e-06,2.2572418718263492e-07,2.931558842886291e-07,3.551789038514e-10,2.1119808025399634e-07,0.0007740964970139567
71.45,0.0006320221544638284,9.426827840060004e-05,9.141810240784015e-06,1.1847234266961998e-05,1.703437474735133e-05,1.732446294838954e-06,2.2558123622053617e-06,2.3856833133445742e-08,2.7462195262794715e-08,2.634405638509626e-06,2.2475245253037712e-07,2.918017891313625e-07,3.535221644277523e-10,2.104746224046221e-07,0.0007717152178297066
71.5,0.0006301451504329731,9.395902494186915e-05,9.100779192699306e-06,1.1789646254144957e-05,1.697763872956451e-05,1.7245668426831494e-06,2.2447131414077735e-06,2.3713756427758565e-08,2.729156823189715e-08,2.6255663812080946e-06,2.2378792238986041e-07,2.9045864012344575e-07,3.5189279315195056e-10,2.097602916523734e-07,0.0007693424499881685
71.55,0.0006282745141207534,9.365094445898507e-05,9.05995967715469e-06,1.1732373075166885e-05,1.6921121041704752e-05,1.7167287097362837e-06,2.233675614107097e-06,2.357194648833614e-08,2.7122545492261623e-08,2.6167866906910127e-06,2.2282966568208143e-07,2.89124939034091e-07,3.502742256587275e-10,2.0905431862062356e-07,0.0007669781570778422
71.60000000000001,0.0006264102216884705,9.334403197594245e-05,9.019350470275003e-06,1.1675412824083644e-05,1.6864820763731132e-05,1.7089317002092293e-06,2.2226994956724415e-06,2.3431389764323705e-08,2.695510927370429e-08,2.6080664775286827e-06,2.218767405924201e-07,2.8779916757120945e-07,3.4865108747133847e-10,2.0835591946898815e-07,0.0007646223023736711
71.65,0.0006245522493930144,9.303828253969754e-05,8.978950355999238e-06,1.1618763607570894e-05,1.680873698794913e-05,1.701175617834495e-06,2.2117845000620497e-06,2.329206827627516e-08,2.6789235661288907e-08,2.599405244155821e-06,2.2092820979187003e-07,2.8647981247529466e-07,3.470124669686752e-10,2.0766448041708643e-07,0.0007622748490653723
71.7,0.000622700573586463,9.273369122005544e-05,8.938758126026138e-06,1.1562423544833532e-05,1.67528688185438e-05,1.6934602651429045e-06,2.200930338373901e-06,2.3153959799802543e-08,2.662489485405078e-08,2.590802094959171e-06,2.1998315611219055e-07,2.8516539166258026e-07,3.4535449517245084e-10,2.0697968003545364e-07,0.0007599357604313571
71.75,0.0006208551707156878,9.243025310955875e-05,8.898772579760302e-06,1.1506390767516008e-05,1.66972153709919e-05,1.6857854427798289e-06,2.1901367174744745e-06,2.30170381147342e-08,2.6462051513928428e-08,2.5822557529908454e-06,2.1904069816937938e-07,2.838544804787279e-07,3.436811998935517e-10,2.06301505375644e-07,0.0007576049999116121
71.8,0.0006190160173219591,9.212796332337641e-05,8.858992524258658e-06,1.1450663419613225e-05,1.664177577136063e-05,1.6781509488716717e-06,2.1794033387271535e-06,2.288127331479874e-08,2.6300665197721433e-08,2.573764582877263e-06,2.1810000538128722e-07,2.8254573702345264e-07,3.420029161310943e-10,2.0563015392437036e-07,0.0007552825310688017
71.85000000000001,0.000617183090040552,9.182681699919307e-05,8.819416774177319e-06,1.1395239657382146e-05,1.6586549155502898e-05,1.670556578452577e-06,2.168729896840276e-06,2.2746632172088845e-08,2.6140690863889488e-08,2.565326619344751e-06,2.1716031182732502e-07,2.812379255047406e-07,3.403326750958185e-10,2.049658615387248e-07,0.000752968317476027
71.9,0.0006153563656003573,9.152680929709942e-05,8.780044151718901e-06,1.1340117649254149e-05,1.653153466816066e-05,1.6630021229603904e-06,2.15811607885292e-06,2.2613078549933104e-08,2.5982079445207468e-08,2.556939600657615e-06,2.1622092845147755e-07,2.7992993667984953e-07,3.386822152693251e-10,2.0430873080900337e-07,0.000750662322605212
71.95,0.0006135358208234887,9.122793539948224e-05,8.740873486580127e-06,1.1285295575747901e-05,1.6476731461989028e-05,1.6554873698097835e-06,2.1475615632743154e-06,2.2480573857311908e-08,2.5824778477685948e-08,2.548601006170943e-06,2.15281253208887e-07,2.786208046291015e-07,3.3705946727611434e-10,2.0365863045882514e-07,0.000748364509786642
72.0,0.0006117214326248965,9.093019051091585e-05,8.701903615899928e-06,1.123077162938306e-05,1.6422138696515816e-05,1.6480121020493323e-06,2.137066019390446e-06,2.2349077537589897e-08,2.5668732775744362e-08,2.5403080971442413e-06,2.1434077889079203e-07,2.773097193680608e-07,3.3546831636143214e-10,2.0301519429610073e-07,0.0007460748422673798
72.05,0.0006099131780119806,9.06335698580537e-05,8.66313338420788e-06,1.117654401459455e-05,1.636775553705159e-05,1.6405760981079507e-06,2.126629106748703e-06,2.221854758408704e-08,2.5513885143358618e-08,2.532057959944894e-06,2.1339909851842549e-07,2.7599603510679407e-07,3.3390998431912595e-10,2.02377894294062e-07,0.0007437932833413209
72.10000000000001,0.0006081110340842053,9.033806868952046e-05,8.624561643373027e-06,1.1122610947647517e-05,1.631358115356658e-05,1.6331791316347452e-06,2.116250474828712e-06,2.2088941074866034e-08,2.536017711078112e-08,2.5238475507910667e-06,2.1245590835702025e-07,2.746792742792542e-07,3.323845998232332e-10,2.017461299970044e-07,0.0007415197964909863
72.15,0.0006063149780327178,9.00436822758051e-05,8.586187252553138e-06,1.1068970656552993e-05,1.6259614719551342e-05,1.6258209714348992e-06,2.1059297629045683e-06,2.19602147190591e-08,2.520754968642226e-08,2.515673741236887e-06,2.1151100874880296e-07,2.733591277567272e-07,3.3089185461489477e-10,2.011192811951442e-07,0.0007392543454867175
72.2,0.0006045249871399634,8.975040590915366e-05,8.54800907814424e-06,1.101562138098406e-05,1.620585541087814e-05,1.6185013815026764e-06,2.0956666001006805e-06,2.1832325407078824e-08,2.5055944113565544e-08,2.507533363680833e-06,2.1056430308198047e-07,2.720354518929573e-07,3.2943056177206017e-10,2.004967019621534e-07,0.0007369968944214271
72.25,0.0006027410387793073,8.945823490346343e-05,8.510025993730634e-06,1.0962561372192815e-05,1.6152302404680585e-05,1.611220121151202e-06,2.085460605640542e-06,2.1705230757148337e-08,2.4905302621750235e-08,2.4994232562717055e-06,2.0961579528724207e-07,2.707082631962378e-07,3.279976087714225e-10,1.9987766801170086e-07,0.0007347474076939212
72.3,0.000600963110414656,8.916716459417716e-05,8.472236880035226e-06,1.090978889292789e-05,1.609895487826839e-05,1.6039769452371099e-06,2.0753113892846488e-06,2.1578889650731707e-08,2.4755569162874104e-08,2.491340306684434e-06,2.0866558627496267e-07,2.6937773146577455e-07,3.265868832967518e-10,1.9926130963513067e-07,0.0007325058499743436
72.35000000000001,0.000599191179600079,8.887719033817793e-05,8.434640624870235e-06,1.08573022173526e-05,1.604581200809394e-05,1.596771604476741e-06,2.0652185519509705e-06,2.1453262749643194e-08,2.4606690122340767e-08,2.4832814943300964e-06,2.0771386969245958e-07,2.680441721593925e-07,3.251885885915806e-10,1.9864656830269886e-07,0.0007302721861909465
72.4,0.000597425223979436,8.858830751368479e-05,8.397236123088316e-06,1.0805099630963806e-05,1.5992872968786677e-05,1.589603845849161e-06,2.05518168650856e-06,2.1328312987860874e-08,2.4458614995894865e-08,2.475243930641615e-06,2.0676092729617312e-07,2.667080385857104e-07,3.2378934897717073e-10,1.9803221097417228e-07,0.0007280463815731477
72.45,0.0005956652212859999,8.830051152014829e-05,8.360022276533944e-06,1.0753179430511233e-05,1.594013693226999e-05,1.5824734130799003e-06,2.0452003787322136e-06,2.120400603136281e-08,2.4311297023153656e-08,2.46722489713173e-06,2.058071241107105e-07,2.6536991425989105e-07,3.2237352968765965e-10,1.974169214877005e-07,0.0007258284017708496
72.5,0.0005939111493420865,8.801379777814723e-05,8.322997993995271e-06,1.0701539923917565e-05,1.5887603066974734e-05,1.5753800471981599e-06,2.0352742084037313e-06,2.1080310699650763e-08,2.4164693769267206e-08,2.4592218809495843e-06,2.0485290340344437e-07,2.6403050546402195e-07,3.2092591870726665e-10,1.9679946046282101e-07,0.0007236182130413906
72.55,0.0005921629860586828,8.77281617292855e-05,8.286162191156274e-06,1.0650179430199075e-05,1.5835270537161487e-05,1.5683234871590299e-06,2.0254027505430253e-06,2.095719934302688e-08,2.4018767646625832e-08,2.4512326076661183e-06,2.0389878136132426e-07,2.6269063375470127e-07,3.1943525936196934e-10,1.9617885040905954e-07,0.0007214157824596274
72.60000000000001,0.000590420709435078,8.744359883608963e-05,8.249513790549282e-06,1.0599096279386859e-05,1.5783138502362392e-05,1.5613034705213207e-06,2.0155855767504123e-06,2.083464817015439e-08,2.3873486369101536e-08,2.4432550710002945e-06,2.0294534123779371e-07,2.613512279069089e-07,3.178973950163292e-10,1.955545193727296e-07,0.0007192210780821899
72.65,0.0005886842975584973,8.716010458190694e-05,8.21305172150788e-06,1.0548288812448745e-05,1.5731206116951685e-05,1.5543197341707628e-06,2.005822256639766e-06,2.0712637520968172e-08,2.3728823331971558e-08,2.4352875591646667e-06,2.0199322666159507e-07,2.60013314615372e-07,3.163165298605016e-10,1.949263435715988e-07,0.0007170340690035191
72.7,0.000586953728603733,8.687767447080374e-05,8.176774920120086e-06,1.0497755381211655e-05,1.567947252985176e-05,1.5473720150775948e-06,1.9961123593407837e-06,2.0591152080612666e-08,2.3584757911441393e-08,2.4273286774691557e-06,2.0104313377979292e-07,2.586780072224451e-07,3.147037788856208e-10,1.9429457028428502e-07,0.0007148547252826651
72.75,0.0005852289808327817,8.659630402746462e-05,8.140682329181963e-06,1.0447494348284703e-05,1.562793688438019e-05,1.5404600510771104e-06,1.9864554550476916e-06,2.0470181030780935e-08,2.344127567857744e-08,2.419377366786886e-06,2.0009580195106168e-07,2.573464918197074e-07,3.13073601720787e-10,1.936596565551085e-07,0.0007126830177756419
72.8,0.0005835100325944808,8.63159887970919e-05,8.104772898151525e-06,1.0397504086982805e-05,1.5576598318240396e-05,1.5335835816613096e-06,1.9768511165909226e-06,2.0349718135607447e-08,2.3298368523477637e-08,2.4114329174660724e-06,1.9915200280980579e-07,2.5602001027505534e-07,3.1143986416054225e-10,1.930220944198191e-07,0.0007105189179446937
72.85000000000001,0.0005817968623241466,8.60367243453056e-05,8.069045583102998e-06,1.034778298125088e-05,1.5525455963656925e-05,1.5267423487696616e-06,1.967298921008017e-06,2.022976176013262e-08,2.3156034686661185e-08,2.403494978276896e-06,1.9821252767579913e-07,2.546998400453013e-07,3.098131913672843e-10,1.923822888018662e-07,0.0007083623977116787
72.9,0.0005800894485432159,8.575850625804437e-05,8.033499346681455e-06,1.029832942558868e-05,1.547450894765404e-05,1.5199360975669963e-06,1.95779845109001e-06,2.0110314820301875e-08,2.3014278695937946e-08,2.395563560018964e-06,1.9727817346875364e-07,2.533872710070166e-07,3.0820017417377544e-10,1.9174051818490244e-07,0.0007062134293862114
72.95,0.0005783877698588845,8.548133014146597e-05,7.998133158057692e-06,1.0249141824976083e-05,1.5423756392473874e-05,1.5131645771966778e-06,1.9483492968798734e-06,1.9991384664476896e-08,2.2873111208414248e-08,2.387639033487179e-06,1.9634972747837308e-07,2.5208357992568893e-07,3.066039579847549e-10,1.9109696771916567e-07,0.000704071985658376
73.0,0.0005766918049637524,8.52051916218492e-05,7.962945992883545e-06,1.0200218594799057e-05,1.5373197416128878e-05,1.5064275414976424e-06,1.9389510571003876e-06,1.9872982887509746e-08,2.2732548758787434e-08,2.379722121601676e-06,1.954279515122147e-07,2.507900035323165e-07,3.05025452692797e-10,1.9045180046767543e-07,0.0007019380396222242
73.05,0.0005750015326354672,8.493008634549587e-05,7.927936833247477e-06,1.015155816077615e-05,1.5322831133080643e-05,1.4997247496743374e-06,1.929603340489763e-06,1.9755125079539515e-08,2.2592613416646155e-08,2.371813885646659e-06,1.9451356607240867e-07,2.495077114392904e-07,3.034645737471426e-10,1.8980522741446807e-07,0.0006998115647918742
73.10000000000001,0.0005733169317363701,8.465600997863326e-05,7.893104667630507e-06,1.0103158958885522e-05,1.5272656655035654e-05,1.4930559669093298e-06,1.9203057670247362e-06,1.9637830512797236e-08,2.245333235709826e-08,2.3639157057259136e-06,1.9360723528008375e-07,2.482377802677715e-07,3.0192106843032774e-10,1.891575430590637e-07,0.0006976925350787604
73.15,0.0005716379812131446,8.438295820731741e-05,7.858448490862497e-06,1.0055019435292596e-05,1.5222673091846644e-05,1.4864209649091843e-06,1.911057969012531e-06,1.952112177081921e-08,2.231473735065116e-08,2.3560292557185612e-06,1.9270955326334736e-07,2.469811703570085e-07,3.003945412874711e-10,1.885091071217022e-07,0.0006955809247125089
73.2,0.0005699646600964633,8.411092673733626e-05,7.823967304078682e-06,1.0007138046278136e-05,1.5172879552506426e-05,1.4798195223751571e-06,1.9018595920349364e-06,1.9405024325543625e-08,2.2176864179827864e-08,2.3481564731943926e-06,1.9182103265008708e-07,2.457387062807191e-07,2.98883535934517e-10,1.8786027545794567e-07,0.0006934767081106973
73.25,0.0005682969475006392,8.383991129411392e-05,7.789660114676606e-06,9.959513258166998e-06,1.5123275146220009e-05,1.4732514253914129e-06,1.8927102957300258e-06,1.9289566068772e-08,2.2039751991471362e-08,2.3402995249105852e-06,1.9094209566872705e-07,2.4451106212301353e-07,2.9738408046268703e-10,1.8721131161637077e-07,0.0006913798597313974
73.3,0.0005666348226232774,8.356990762261506e-05,7.755525936273332e-06,9.912143547257352e-06,1.5073858983539229e-05,1.4667164677246195e-06,1.8836097543993278e-06,1.9174776805382725e-08,2.1903442595021478e-08,2.3324607686478884e-06,1.9007306817376038e-07,2.4329875209775257e-07,2.958886791231281e-10,1.8656233106210147e-07,0.0006892903539631476
73.35000000000001,0.0005649782647449283,8.330091148724986e-05,7.72156378866297e-06,9.865027399750445e-06,1.502463017754331e-05,1.460214451030111e-06,1.874557657430875e-06,1.9060687716463623e-08,2.176797971820099e-08,2.3246427122443784e-06,1.8921417669922985e-07,2.42102126673358e-07,2.9438682974717845e-10,1.859133253336651e-07,0.0006872081651018107
73.4,0.0005633272532287433,8.303291867177975e-05,7.687772697774559e-06,9.818163311680958e-06,1.4975587845048082e-05,1.4537451849611801e-06,1.8655537095312564e-06,1.894733080115587e-08,2.1633408232478393e-08,2.3168479707417084e-06,1.883655484260243e-07,2.4092137393853005e-07,2.928674771142336e-10,1.8526427736953105e-07,0.0006851332674265054
73.45,0.000561681767520129,8.276592497922287e-05,7.654151695630173e-06,9.77154978884776e-06,1.4926731107825753e-05,1.4473084871794453e-06,1.8565976307625577e-06,1.8834738306451854e-08,2.149977336135074e-08,2.3090792225698523e-06,1.87527213751698e-07,2.397565255614634e-07,2.913226847789327e-10,1.84615328890549e-07,0.0006830656353347236
73.5,0.000560041787146406,8.249992623176077e-05,7.620699820303423e-06,9.725185346745321e-06,1.4878059093817453e-05,1.4409041832657573e-06,1.8476891563830227e-06,1.8722942154449317e-08,2.136711988488567e-08,2.3013391656639696e-06,1.866991109955247e-07,2.386074663979641e-07,2.8975096959294937e-10,1.839669274598386e-07,0.0006810052434622081
73.55,0.000558407291716468,8.223491827064526e-05,7.5874161158782195e-06,9.679068510495564e-06,1.4829570938320242e-05,1.4345321065325036e-06,1.8388280364930656e-06,1.8611973376618922e-08,2.1235491354055757e-08,2.293630474337184e-06,1.8588109267218365e-07,2.3747394662222126e-07,2.8815878984130907e-10,1.8331988677532617e-07,0.0006789520667187602
73.60000000000001,0.0005567782609204408,8.197089695610562e-05,7.554299632407839e-06,9.633197814780253e-06,1.4781265785130903e-05,1.4281920977396567e-06,1.8300140354911756e-06,1.8501861564493002e-08,2.1104929328189735e-08,2.2859557576355603e-06,1.8507293273299243e-07,2.3635559520222934e-07,2.8655958153924393e-10,1.8267533404244104e-07,0.0006769060802121837
73.65,0.0005551546745293475,8.170785816725679e-05,7.521349425874338e-06,9.587571803773935e-06,1.4733142787629347e-05,1.421884004718329e-06,1.8212469313470492e-06,1.8392634345828955e-08,2.0975472648352706e-08,2.2783175197879066e-06,1.8427433420379723e-07,2.3525193361771843e-07,2.849708577636145e-10,1.8203456635588525e-07,0.0006748672590817645
73.7,0.0005535365123947675,8.144579780200709e-05,7.4885645581481725e-06,9.54218903107727e-06,1.4685201109785018e-05,1.4156076819069161e-06,1.812526514701926e-06,1.828431689475109e-08,2.0847156758666313e-08,2.2707181232452346e-06,1.8348493673556228e-07,2.341623889046137e-07,2.834105398767566e-10,1.8139886816926216e-07,0.0006728355782936418
73.75,0.0005519237544485042,8.118471177696738e-05,7.455944096948203e-06,9.49704805965099e-06,1.463743992707123e-05,1.4093629898062688e-06,1.8038525878087291e-06,1.8176931483649433e-08,2.0720013086518e-08,2.263159754694021e-06,1.8270432371324587e-07,2.3308630537761382e-07,2.8189368047770606e-10,1.8076934596167928e-07,0.0006708110124547539
73.8,0.0005503163807022497,8.09245960273601e-05,7.423487115801952e-06,9.452147461750293e-06,1.4589858427273098e-05,1.4031497943614507e-06,1.7952249633268836e-06,1.8070497083729794e-08,2.059406849131395e-08,2.2556443943325065e-06,1.819320287227051e-07,2.3202295469540074e-07,2.8043034002801914e-10,1.801468217790683e-07,0.0006687935356875683
73.85000000000001,0.0005487143712472526,8.066544650692893e-05,7.391192694006148e-06,9.407485818859723e-06,1.454245581117656e-05,1.3969679662787706e-06,1.7866434629888738e-06,1.7965029020097016e-08,2.0469344789948237e-08,2.2481737886260206e-06,1.8116754133484433e-07,2.3097154425281117e-07,2.7902494719419794e-10,1.7953180576291363e-07,0.0006667831215862256
73.9,0.0005471177062539883,8.040725918784913e-05,7.3590599165876065e-06,9.363061721628612e-06,1.449523129312759e-05,1.3908173802877168e-06,1.778107916157484e-06,1.7860538686143074e-08,2.0345858365538733e-08,2.2407494267077e-06,1.8041031231265424e-07,2.2993122417446196e-07,2.7767711706824434e-10,1.7892454464875197e-07,0.0006647797432516388
73.95,0.0005455263659718266,8.01500300606377e-05,7.327087874264308e-06,9.318873769806876e-06,1.444818410145229e-05,1.3846979143582112e-06,1.7696181582942243e-06,1.775703332083322e-08,2.0223619864264013e-08,2.2333725205634437e-06,1.796597584646158e-07,2.2890109341410682e-07,2.763835299079821e-10,1.783251195818477e-07,0.0006627833733793793
74.0,0.0005439403307287052,7.989375513406475e-05,7.295275663406847e-06,9.274920572181421e-06,1.440131347873098e-05,1.378609448884311e-06,1.761174029360831e-06,1.7654515851276916e-08,2.01026339833855e-08,2.226043989129908e-06,1.789152674457027e-07,2.2788020561150514e-07,2.7514005039025374e-10,1.7773354711538759e-07,0.0006607939843545218
74.05,0.0005423595809308023,7.963843043506479e-05,7.263622386000123e-06,9.231200746512965e-06,1.4354618681921009e-05,1.3725518658459305e-06,1.7527753721766307e-06,1.7552984801763457e-08,1.9982899351798858e-08,2.2187644464344303e-06,1.781762028383205e-07,2.2686757541242948e-07,2.7394304853378176e-10,1.771498335889808e-07,0.0006588115483038002
74.10000000000001,0.0005407840970622107,7.938405200864867e-05,7.232127149605305e-06,9.187712919473326e-06,1.4308098982325424e-05,1.3665250479605092e-06,1.7444220307552377e-06,1.745243426927066e-08,1.9864408502781714e-08,2.2115341939077777e-06,1.7744190982868804e-07,2.2586218591727045e-07,2.7278925842685205e-10,1.7657395550908673e-07,0.0006568360370781724
74.15,0.0005392138596846149,7.913061591781619e-05,7.200789067322126e-06,9.144455726583252e-06,1.4261753665406823e-05,1.3605288778367078e-06,1.7361138486443613e-06,1.7352853964347036e-08,1.974714793703339e-08,2.204353216995847e-06,1.767117217330955e-07,2.2486299779887342e-07,2.716744440929859e-10,1.7600578110858435e-07,0.0006548674221822059
74.2,0.0005376488494369663,7.887811824346847e-05,7.169607257751356e-06,9.10142781215059e-06,1.421558203044769e-05,1.354563237142157e-06,1.7278506672923935e-06,1.7254229315245963e-08,1.9631098272671186e-08,2.197221186177445e-06,1.759849675312591e-07,2.2386896043766874e-07,2.705919778740701e-10,1.75444985802559e-07,0.0006529056747047339
74.25,0.0005360890470351629,7.862655508432151e-05,7.138580844957645e-06,9.058627829209038e-06,1.4169583390061151e-05,1.3486280057971412e-06,1.7196323244651358e-06,1.715654163227863e-08,1.9516234477590272e-08,2.190137462456905e-06,1.7526098044193587e-07,2.2287902518362955e-07,2.695324814008898e-10,1.7489102079879762e-07,0.000650950765311447
74.3,0.0005345344332717286,7.837592255681978e-05,7.107708958432588e-06,9.016054439457299e-06,1.4123757069557782e-05,1.342723061205671e-06,1.7114586527351962e-06,1.7059768328559052e-08,1.9402526178523188e-08,2.1831011073399526e-06,1.7453910744219005e-07,2.2189216059440011e-07,2.6848494916164336e-10,1.7434316507621367e-07,0.0006490026643298459
74.35000000000001,0.0005329849890154946,7.812621679505025e-05,7.076990733058055e-06,8.973706313198684e-06,1.4078102406176424e-05,1.336848277534895e-06,1.7033294780655718e-06,1.696388319265239e-08,1.9289938040266804e-08,2.176110897219984e-06,1.7381871950004631e-07,2.2090736924233694e-07,2.6743892147659727e-10,1.7380064647316152e-07,0.0006470613419111685
74.4,0.0005314406952112832,7.787743395065725e-05,7.046425309069845e-06,8.931582129281231e-06,1.403261874818896e-05,1.3310035250531064e-06,1.6952446185075559e-06,1.6868856708106988e-08,1.917843020787657e-08,2.169165342003702e-06,1.730992221739942e-07,2.199237054549292e-07,2.6638683717054624e-10,1.732627851624365e-07,0.0006451267682205892
74.45,0.000529901532879589,7.762957019275705e-05,7.016011832021503e-06,8.889680575038156e-06,1.3987305453890541e-05,1.3251886695357313e-06,1.6872038830313956e-06,1.677465641444737e-08,1.906795880415276e-08,2.162262707696433e-06,1.723800661439293e-07,2.1894029317630427e-07,2.653257494136667e-10,1.727291068985117e-07,0.0006431989136007466
74.5,0.0005283674831162662,7.73826217078535e-05,6.985749452748494e-06,8.848000346228856e-06,1.3942161890488873e-05,1.3194035717477645e-06,1.6792070705062877e-06,1.6681247303923725e-08,1.89584764744472e-08,2.155401042557053e-06,1.7166075718653718e-07,2.1795634303205953e-07,2.6425792781105806e-10,1.7219939013751075e-07,0.0006412777486704595
74.55,0.0005268385270922145,7.713658469975385e-05,6.955637327332598e-06,8.806540146980305e-06,1.3897187432907229e-05,1.3136480870099762e-06,1.6712539688440578e-06,1.6588592248138583e-08,1.884993297067768e-08,2.1485782063291257e-06,1.709408651006906e-07,2.1697116765952234e-07,2.6319025059356824e-10,1.716736361558909e-07,0.0006393632443457572
74.60000000000001,0.0005253146460530662,7.689145538948489e-05,6.925674617066552e-06,8.765298689728878e-06,1.3852381462517361e-05,1.3079220648550522e-06,1.6633443543185718e-06,1.6496652448590972e-08,1.8742275766427573e-08,2.141791901967656e-06,1.7022003112802546e-07,2.1598419443686412e-07,2.621325319848424e-10,1.7115197255262216e-07,0.0006374553717918695
74.65,0.0005237958213188778,7.664723001520995e-05,6.895860488419005e-06,8.724274695162677e-06,1.380774336581954e-05,1.3022253487785502e-06,1.655477991070408e-06,1.640538790517338e-08,1.8635450695099005e-08,2.1350397092171312e-06,1.6949797349850232e-07,2.1499497490356444e-07,2.6109506123408784e-10,1.706345157669759e-07,0.0006355541023303857
74.7,0.000522282034283817,7.640390483214559e-05,6.866194112999633e-06,8.683466892164158e-06,1.376327253308751e-05,1.2965577760881894e-06,1.6476546308036395e-06,1.631475789671137e-08,1.8529402603251693e-08,2.128319119361622e-06,1.6877449085318246e-07,2.140031903975609e-07,2.600858752877823e-10,1.7012123060613024e-07,0.0006336594073386995
74.75,0.0005207732664158569,7.616147611247939e-05,6.836674667524593e-06,8.642874017753318e-06,1.3718968356997155e-05,1.2909191778536574e-06,1.639874012678941e-06,1.6224721467733127e-08,1.8424076011468774e-08,2.1216275704645654e-06,1.680494634445236e-07,2.1300865371803934e-07,2.5910862552205165e-10,1.6961183190943685e-07,0.0006317712581867853
74.8,0.0005192694992564685,7.59199401452878e-05,6.8073013337821906e-06,8.602494817031231e-06,1.3674830231257506e-05,1.2853093789576507e-06,1.6321358634043873e-06,1.6135237915780154e-08,1.8319415775318986e-08,2.1149624824440923e-06,1.6732285217254812e-07,2.1201130692731722e-07,2.5816190197411916e-10,1.6910576552241498e-07,0.0006298896262488487
74.85000000000001,0.000517770714420314,7.567929323645445e-05,6.778073298598794e-06,8.562328043124015e-06,1.363085754926304e-05,1.2797281982474867e-06,1.6244398975225883e-06,1.6046267273711023e-08,1.8215367739214655e-08,2.1083212913867388e-06,1.665946956659889e-07,2.1101121569761673e-07,2.5724026461640546e-10,1.6860227695837923e-07,0.0006280144829985106
74.9,0.0005162768935949452,7.543953170858919e-05,6.74898975380503e-06,8.522372457127266e-06,1.3587049702785955e-05,1.2741754487852219e-06,1.6167858178900796e-06,1.5957770781596372e-08,1.8111879376180198e-08,2.1017014825823942e-06,1.658651057444295e-07,2.1000856085629253e-07,2.5633635230007634e-10,1.6810053703128492e-07,0.0006261458001566527
74.95,0.0005147880185404969,7.520065190094685e-05,6.720049896202154e-06,8.4826268280508e-06,1.35434060807264e-05,1.268650938192814e-06,1.609173316342177e-06,1.5869711342951368e-08,1.8008900406739786e-08,2.095100621858907e-06,1.651342616867819e-07,2.0900362795820767e-07,2.5544294893932513e-10,1.6759976716024915e-07,0.0006242835498343209
75.0,0.0005133040710893875,7.496265016934706e-05,6.691252927528736e-06,8.443089932763914e-06,1.3499926067938316e-05,1.2631544690876145e-06,1.6016020745340373e-06,1.5782053960202067e-08,1.7906383390307e-08,2.0885163848971452e-06,1.6440240377378604e-07,2.079967957965028e-07,2.5455406301573467e-10,1.670993102825261e-07,0.0006224277046167508
75.05,0.0005118250331460177,7.472552288609422e-05,6.66259805442755e-06,8.403760555940991e-06,1.3456609044147109e-05,1.2576858396021748e-06,1.5940717649461866e-06,1.5694766144434673e-08,1.7804284282615656e-08,2.081946584306917e-06,1.6366982656355771e-07,2.0698852474364572e-07,2.536647221687339e-10,1.6659862493446902e-07,0.0006205782375668736
75.10000000000001,0.0005103508866864706,7.448926643989778e-05,6.634084488412705e-06,8.364637490007529e-06,1.3413454382974443e-05,1.2522448439812334e-06,1.586582052040579e-06,1.5607818294640836e-08,1.7702562952885258e-08,2.0753891943323897e-06,1.629368723011951e-07,2.0597934569627413e-07,2.5276990920739906e-10,1.6609722111827226e-07,0.0006187351221683898
75.15,0.0005088816137582161,7.425387723579336e-05,6.60571144583705e-06,8.3257195350866e-06,1.3370461451083972e-05,1.246831273247698e-06,1.5791325935512347e-06,1.552118404185709e-08,1.7601183654583027e-08,2.068842373124912e-06,1.622039247632884e-07,2.049698501947994e-07,2.5186347719602227e-10,1.655945834361149e-07,0.0006168983322555089
75.2,0.000507417196479811,7.401935169506344e-05,6.577478147859736e-06,8.287005498945622e-06,1.3327629607459994e-05,1.2414449159284716e-06,1.5717230418916586e-06,1.5434840553812717e-08,1.750011544384693e-08,2.06230448256618e-06,1.6147140370808956e-07,2.0396068202705073e-07,2.5093775855522516e-10,1.650901268334466e-07,0.0006150678419758508
75.25,0.0005059576170406053,7.378568625515929e-05,6.549383820414095e-06,8.248494196943615e-06,1.3284958202829623e-05,1.2360855588302209e-06,1.5643530456597627e-06,1.5348768795963448e-08,1.7399332539896596e-08,2.055774105643253e-06,1.607397599580016e-07,2.0295253033647586e-07,2.4998407174088776e-10,1.6458320855708436e-07,0.0006132436258103442
75.3,0.0005045028577004478,7.355287736962291e-05,6.521427694175705e-06,8.210184451978804e-06,1.3242446579236747e-05,1.2307529878544559e-06,1.5570222512196664e-06,1.526295374510817e-08,1.7298814622101e-08,2.049250061369368e-06,1.6000947100094156e-07,2.0194612397476035e-07,2.4899388463878323e-10,1.6407319395144027e-07,0.0006114256586470842
75.35000000000001,0.0005030529007893923,7.332092150800922e-05,6.4936090045306916e-06,8.172075094436614e-06,1.3200094069774176e-05,1.2254469888408042e-06,1.5497303043387878e-06,1.5177384552177474e-08,1.7198547058818727e-08,2.0427314172148417e-06,1.5928103687896292e-07,2.0094222660072553e-07,2.47960323646333e-10,1.6355955716208036e-07,0.0006096139158891139
75.4,0.0005016077287074082,7.308981515580923e-05,6.465926991544293e-06,8.13416496213809e-06,1.3157899998478297e-05,1.2201673484269822e-06,1.5424768518579322e-06,1.5092054651253336e-08,1.709852106369393e-08,2.03621749896679e-06,1.5855497605180067e-07,1.9994163186211375e-07,2.4687984737440107e-10,1.6304199062605185e-07,0.0006078083735687319
75.45,0.0005001673239240864,7.285955481437271e-05,6.438380899929573e-06,8.09645290028861e-06,1.3115863680388075e-05,1.214913854913724e-06,1.5352615433716434e-06,1.5006961812437363e-08,1.69987337757946e-08,2.029707897883352e-06,1.5783182089085866e-07,1.9894515792690577e-07,2.4575383115756317e-10,1.6252049231543172e-07,0.0006060090084357869
75.5,0.0004987316689783525,7.263013700083203e-05,6.410969979016444e-06,8.05893776142707e-06,1.307398442176843e-05,1.209686299122918e-06,1.5280840328960392e-06,1.492210813683359e-08,1.689918826082651e-08,2.023202474957321e-06,1.5711211248080808e-07,1.9795364066812084e-07,2.445894469862175e-10,1.619953967943723e-07,0.0006042157979841607
75.55,0.0004973007464781782,7.2401558248026e-05,6.383693482720863e-06,8.0216184053754e-06,1.3032261520495397e-05,1.2044844752372444e-06,1.5209439805014878e-06,1.4837499992645658e-08,1.679989343164215e-08,2.0167013620650277e-06,1.5639639447988566e-07,1.969679249496713e-07,2.4339902961118316e-10,1.6146732466727552e-07,0.0006024287203891506
75.60000000000001,0.0004958745391002936,7.217381510442416e-05,6.356550669514263e-06,7.984493699188446e-06,1.2990694266598468e-05,1.1993081816098898e-06,1.5138410538880109e-06,1.4753147892205577e-08,1.6700863887387378e-08,2.0102049597580917e-06,1.5568520590802057e-07,1.9598885369585783e-07,2.4219759681731626e-10,1.6093705195179846e-07,0.0006006477543562071
75.65,0.0004944530295899034,7.194690413405169e-05,6.329540802393228e-06,7.947562517104288e-06,1.2949281942953418e-05,1.1941572215333174e-06,1.5067749298820846e-06,1.4669066310636686e-08,1.6602119671867417e-08,2.0037139314650806e-06,1.549790728799982e-07,1.950172547252523e-07,2.409992136606899e-10,1.6040533776202836e-07,0.00059887287891985
75.7,0.0004930362007604004,7.172082191641412e-05,6.30266314884932e-06,7.910823740494802e-06,1.2908023826116612e-05,1.1890314039565885e-06,1.4997452958345292e-06,1.4585273447790706e-08,1.6503685953046316e-08,1.9972291939114227e-06,1.5427849946057563e-07,1.9405392565283303e-07,2.398137032721779e-10,1.5987277365871742e-07,0.000597104073257854
75.75,0.000491624035493083,7.149556504642301e-05,6.2759169808391976e-06,7.874276257816712e-06,1.2866919187290285e-05,1.1839305441414696e-06,1.4927518509005739e-06,1.4501790936069539e-08,1.6405592626989842e-08,1.990751903640219e-06,1.5358395796930272e-07,1.9309961746951697e-07,2.3864511962394686e-10,1.5933971254291917e-07,0.0005953413165807991
75.8,0.0004902165167368738,7.127113013432175e-05,6.249301574754904e-06,7.83791896456293e-06,1.2825967293406054e-05,1.1788544642483215e-06,1.4857943071846816e-06,1.4418643497718673e-08,1.630787385098126e-08,1.9842834396208116e-06,1.5289587918489803e-07,1.9215501765492301e-07,2.374924307776956e-10,1.588062986665551e-07,0.0005935845881202591
75.85000000000001,0.0004888136275080373,7.104751380561166e-05,6.222816211394378e-06,7.801750763214277e-06,1.2785167408312592e-05,1.1738029938437268e-06,1.4788723907345547e-06,1.4335858556135872e-08,1.6210567511942445e-08,1.9778253820601193e-06,1.5221464297609588e-07,1.9122073383494288e-07,2.3635169593144825e-10,1.5827257317672465e-07,0.0005918338671909604
75.9,0.00048741535088990263,7.082471270097885e-05,6.196460175932207e-06,7.765770563191592e-06,1.274451879405191e-05,1.168775970322852e-06,1.4719858423707422e-06,1.4253465806647562e-08,1.6113714637635354e-08,1.9713794876743006e-06,1.515405699075964e-07,1.9029727904098544e-07,2.35218425060552e-10,1.5773859902024846e-07,0.0005900891332712632
75.95,0.00048602167003258226,7.060272347622074e-05,6.170232757890517e-06,7.729977280808101e-06,1.2704020712207249e-05,1.1637732392406387e-06,1.4651344183404017e-06,1.4171496753035462e-08,1.6017358759354203e-08,1.96494766182381e-06,1.5087391433325853e-07,1.8938505955816507e-07,2.340890815048562e-10,1.572045507127861e-07,0.0005883503660483117
76.0,0.0004846325681526963,7.038154280217365e-05,6.1441332511101446e-06,7.694369839222239e-06,1.2663672425305025e-05,1.1587946545471794e-06,1.4583178907861666e-06,1.4089984216822047e-08,1.592154523590569e-08,1.9585319280510432e-06,1.502148593987077e-07,1.8848436617529314e-07,2.3296147488286253e-10,1.5667074199970095e-07,0.0005866175454023928
76.05,0.00048324802853309617,7.016116736464041e-05,6.118160953721982e-06,7.658947168390762e-06,1.262347319825203e-05,1.1538400787238453e-06,1.4515360480234396e-06,1.400896182691808e-08,1.5826320549571303e-08,1.952134395674326e-06,1.4956351424315382e-07,1.8759536939240707e-07,2.3183443705177513e-10,1.561375961781735e-07,0.00058489065133715
76.10000000000001,0.0004818680345225889,6.994159386431832e-05,6.092315168118524e-06,7.623708205022214e-06,1.258342229978888e-05,1.148909382818083e-06,1.4447886946220093e-06,1.392846349767751e-08,1.5731731585418035e-08,1.9457572261749306e-06,1.4891991353082333e-07,1.8671811883219634e-07,2.3070727485769964e-10,1.556055820135205e-07,0.0005831696638801864
76.15,0.00048049256953566516,6.97228190167278e-05,6.06659520092565e-06,7.588651892530773e-06,1.2543519003940356e-05,1.1440024463761336e-06,1.4380756512904731e-06,1.3848522903677796e-08,1.5637824905745593e-08,1.9394025991576276e-06,1.482840192732508e-07,1.8585254677446587e-07,2.2957923880171985e-10,1.550751415767132e-07,0.0005814545629812866
76.2,0.00047912161705222425,6.950483955214082e-05,6.0410003629745475e-06,7.5537771809903495e-06,1.2503762591443134e-05,1.1391191572742574e-06,1.4313967545645234e-06,1.3769172959634641e-08,1.554464603160864e-08,1.933072678666287e-06,1.4765572474176363e-07,1.84998475421855e-07,2.284491051159468e-10,1.5454663426472218e-07,0.000579745328432803
76.25,0.000477755160617304,6.928765221551023e-05,6.015529969273894e-06,7.51908302708911e-06,1.2464152351131939e-05,1.1342594114504326e-06,1.424751856302818e-06,1.36904453137642e-08,1.5452238743224012e-08,1.9267695805947307e-06,1.4703486012996285e-07,1.8415562724053475e-07,2.2731508392681222e-10,1.5402031891808902e-07,0.0005780419398340868
76.3,0.0004763931838408101,6.907125376639915e-05,5.990183338982213e-06,7.484568394084289e-06,1.2424687581265346e-05,1.1294231125397793e-06,1.4181408229966445e-06,1.3612369862623106e-08,1.5360644410664512e-08,1.920495341853459e-06,1.464211995209728e-07,1.8332363752471088e-07,2.2617537917702194e-10,1.5349638898005234e-07,0.0005763443766146091
76.35000000000001,0.0004750356703972466,6.885564097891081e-05,5.964959795380418e-06,7.450232251757334e-06,1.2385367590773371e-05,1.1246101714182557e-06,1.4115635349020958e-06,1.3534974294996093e-08,1.5269901365566025e-08,1.9142518918429207e-06,1.4581446865218288e-07,1.8250206822326146e-07,2.250295542208038e-10,1.5297505799822253e-07,0.0005746526181123204
76.4,0.0004736826040254492,6.864081064161892e-05,5.939858665844597e-06,7.4160735763694265e-06,1.2346191700409978e-05,1.119820505660395e-06,1.4050198850058364e-06,1.3458283671774554e-08,1.518004432365187e-08,1.9080410266538473e-06,1.4521435295535512e-07,1.8169042204667387e-07,2.238803814647823e-10,1.5245666713625534e-07,0.0005729666436775275
76.45,0.0004723339685283161,6.842675955749787e-05,5.914879281818909e-06,7.3820913506172255e-06,1.2307159243794603e-05,1.1150540389179652e-06,1.3985097778377114e-06,1.3382320047997171e-08,1.5091103866738413e-08,1.9018643862765202e-06,1.44620505382129e-07,1.8088815594032966e-07,2.2273531197180398e-10,1.519417658914886e-07,0.0005712864327515175
76.5,0.00047098974777254386,6.821348454385386e-05,5.890020978788755e-06,7.348284563589041e-06,1.2268269568328609e-05,1.1103107002275343e-06,1.3920331281455565e-06,1.3307102142331189e-08,1.500310599156774e-08,1.895723434965817e-06,1.4403255359953476e-07,1.8009469315660302e-07,2.21606493464087e-10,1.5143111796596257e-07,0.0005696119648697926
76.55,0.00046964992568836216,6.800098243225603e-05,5.865283096254095e-06,7.31465221072127e-06,1.2229522035973768e-05,1.105590423255811e-06,1.38558985944933e-06,1.3232645058285233e-08,1.4916071731356753e-08,1.8896194447882928e-06,1.4345010624852038e-07,1.7930943336740294e-07,2.2050877930043773e-10,1.5092561309901101e-07,0.0005679432195693446
76.60000000000001,0.00046831448626926986,6.778925006846805e-05,5.8406649777029604e-06,7.281193293755161e-06,1.2190916023881854e-05,1.100893145492497e-06,1.3791799024933336e-06,1.3158960060395933e-08,1.4830016854408994e-08,1.8835534822805412e-06,1.428727580891389e-07,1.7853176050978241e-07,2.1945630807305799e-10,1.5042611072043707e-07,0.0005662801762258866
76.65,0.00046698341357177424,6.75782843123802e-05,5.816165970585191e-06,7.2479068206939295e-06,1.2152450924866353e-05,1.096218807401068e-06,1.3728031936166324e-06,1.3086054407551472e-08,1.4744951642553379e-08,1.8775263980805156e-06,1.4230009399545797e-07,1.77761048325157e-07,2.1845918803818543e-10,1.4993327577017595e-07,0.000564622813882727
76.7,0.00046565669171512724,6.736808203794132e-05,5.79178542628628e-06,7.2147918057601e-06,1.2114126147709076e-05,1.091567351538441e-06,1.366459673062836e-06,1.3013931244536588e-08,1.4660880750601412e-08,1.8715388193578008e-06,1.4173169189752713e-07,1.7699666381076623e-07,2.1752173320864258e-10,1.4944746870409807e-07,0.0005629711111349237
76.75,0.0004643343048810668,6.715864013309169e-05,5.767522700101485e-06,7.181847269353251e-06,1.2075941117297005e-05,1.0869387216549366e-06,1.3601492832512465e-06,1.294258955183996e-08,1.4577803146502448e-08,1.8655911448639804e-06,1.4116712488387283e-07,1.7623796902432963e-07,2.166426470370316e-10,1.4896872148465072e-07,0.0005613250461014187
76.80000000000001,0.000463016237313557,6.694995549969576e-05,5.7433771512100715e-06,7.149072238008009e-06,1.2037895274586452e-05,1.0823328617861492e-06,1.3538719670318225e-06,1.2872024152779255e-08,1.4495712130462655e-08,1.8596835424454036e-06,1.4060596276502282e-07,1.754843218474589e-07,2.1581651156094118e-10,1.4849679202021693e-07,0.0005596845964777481
76.85000000000001,0.00046170247331853154,6.674202505347574e-05,5.719348142649787e-06,7.116465744352408e-06,1.1999988076394156e-05,1.0777497153484875e-06,1.3476276659466401e-06,1.2802225776100211e-08,1.441459543001907e-08,1.853815948900805e-06,1.400477734487777e-07,1.7473507640536572e-07,2.1503565107563692e-10,1.480312646230175e-07,0.0005580497396369339
76.9,0.0004603929972636346,6.653484572394481e-05,5.695435041291443e-06,7.084026827066456e-06,1.1962218995016918e-05,1.073189224250044e-06,1.3414163185203708e-06,1.2733181171411626e-08,1.4334435366953229e-08,1.8479880721161569e-06,1.394921244874504e-07,1.7398958385342744e-07,2.142917677860985e-10,1.4757166009587362e-07,0.0005564204527425838
76.95,0.0004590877935779663,6.632841445434136e-05,5.671637217813749e-06,7.051754530841095e-06,1.1924587517683886e-05,1.0686513280282937e-06,1.335237858601943e-06,1.2664873274142699e-08,1.4255209091009797e-08,1.8421993954594353e-06,1.389385851264548e-07,1.7324719417784357e-07,2.1357715258595436e-10,1.4711752731083135e-07,0.000554796712846869
77.0,0.0004577868467518279,6.612272820156314e-05,5.647954046678285e-06,7.019647906337416e-06,1.1887093145847504e-05,1.064135963025718e-06,1.329092213778778e-06,1.2597281416160612e-08,1.4176888874666043e-08,1.8364491844594491e-06,1.3838672911690016e-07,1.725072595280221e-07,2.1288544734120158e-10,1.4666849790518833e-07,0.0005531784969558065
77.05000000000001,0.0004564901413364674,6.591778393610185e-05,5.624384906104657e-06,6.987706010146165e-06,1.1849735394321344e-05,1.0596430616139572e-06,1.322979303884026e-06,1.2530381577769555e-08,1.409944246268257e-08,1.8307364958182375e-06,1.3783613846005723e-07,1.7176913941794634e-07,2.122119190625694e-10,1.4622429374347237e-07,0.0005515657820520388
77.10000000000001,0.00045519766194382876,6.571357864197831e-05,5.600929178045857e-06,6.955927904747596e-06,1.181251379027511e-05,1.0551725514764572e-06,1.3168990396159616e-06,1.246414667652283e-08,1.4022833469845716e-08,1.8250601888104709e-06,1.3728640813871734e-07,1.7103220792096469e-07,2.115531766470714e-10,1.4578468667328987e-07,0.0005499585450748346
77.15,0.00045390939324629784,6.551010931667735e-05,5.577586248163735e-06,6.924312658471514e-06,1.1775427872098697e-05,1.0507243549587712e-06,1.3108513212871488e-06,1.239854688810906e-08,1.3947021820173049e-08,1.8194189391033438e-06,1.367371517705062e-07,1.7029586275661753e-07,2.109063733448525e-10,1.453494252072065e-07,0.0005483567628718742
77.2,0.00045262531997645366,6.530737297108363e-05,5.554355505804702e-06,6.892859345457713e-06,1.173847718814928e-05,1.0462983884948272e-06,1.3048360377193005e-06,1.2333549994512243e-08,1.3871964220877008e-08,1.813811254987059e-06,1.3618800800186475e-07,1.695595359483351e-07,2.102682192628511e-10,1.4491815982651312e-07,0.0005467604121543615
77.25,0.00045134542692681846,6.51053666294175e-05,5.531236343975584e-06,6.861567045616636e-06,1.170166129539661e-05,1.0418945621164354e-06,1.2988530652977595e-06,1.2269121754672911e-08,1.3797614664535306e-08,1.8082354959419964e-06,1.3563864735843737e-07,1.6882270553490919e-07,2.0963438919342163e-10,1.4449040663008794e-07,0.0005451694694949129
77.30000000000001,0.0004500696989496091,6.490408732917114e-05,5.508228159319634e-06,6.830434844590341e-06,1.1664979757983164e-05,1.037512779052242e-06,1.2929022671974442e-06,1.2205226292979707e-08,1.3723924953174623e-08,1.8026898933894306e-06,1.3508877918657949e-07,1.6808490766263098e-07,2.0899985144328974e-10,1.440655768075761e-07,0.000543583911395067
77.35000000000001,0.00044879812095649117,6.470353212104541e-05,5.485330352092756e-06,6.799461833713776e-06,1.1628432145717015e-05,1.0331529354211771e-06,1.286983492789854e-06,1.214182650107505e-08,1.365084523830044e-08,1.7971725733850574e-06,1.345381582687936e-07,1.6734574828256477e-07,2.0836015752329826e-10,1.4364306778707126e-07,0.0005420037144168913
77.4,0.00044753067791833054,6.450369806888625e-05,5.462542326139821e-06,6.768647109976259e-06,1.1592018032515904e-05,1.028814920024203e-06,1.2810965772383319e-06,1.2078884448644318e-08,1.3578324571266321e-08,1.7916815809265086e-06,1.339865906787684e-07,1.6660491363922088e-07,2.0771310713876194e-10,1.432223778725791e-07,0.0005404288553383554
77.45,0.0004462673548649497,6.430458224962221e-05,5.439863488871224e-06,6.7379897759833176e-06,1.1555736994822064e-05,1.0244986142369398e-06,1.2752413412864075e-06,1.2016361799059058e-08,1.3506311458743151e-08,1.7862149054657687e-06,1.33433938462905e-07,1.6586217876974838e-07,2.070598843367436e-10,1.4280319158715253e-07,0.0005388593112771996
77.5,0.0004450081368848832,6.410618175320182e-05,5.417293251239571e-06,6.7074889399187635e-06,1.1519588610007404e-05,1.0202038920044276e-06,1.269417591241503e-06,1.1954220225940228e-08,1.3434754418390048e-08,1.7807705071524187e-06,1.3288012279541211e-07,1.651174133384658e-07,2.064049850337818e-10,1.423853971852364e-07,0.0005372950597425975
77.55000000000001,0.00044375300912513415,6.390849368253131e-05,5.394831027716527e-06,6.67714371550704e-06,1.1483572454788998e-05,1.015930619938008e-06,1.263625119153846e-06,1.1892421826886082e-08,1.3363602530124482e-08,1.7753463432904777e-06,1.3232512535018229e-07,1.6437058430574007e-07,2.0575488764536228e-10,1.4196903070099017e-07,0.000535736078607662
77.60000000000001,0.00044250195679093363,6.371151515341302e-05,5.372476236269861e-06,6.646953221975888e-06,1.1447688103674774e-05,1.0116786575130233e-06,1.257863703187959e-06,1.1830929530758386e-08,1.3292805978619915e-08,1.7699403944747306e-06,1.3176898775743984e-07,1.636217551611848e-07,2.0511603883338275e-10,1.4155417204017037e-07,0.0005341823460279498
77.65,0.00044125496514549735,6.351524329448347e-05,5.350228298340592e-06,6.616916584019191e-06,1.1411935127458756e-05,1.0074478573647455e-06,1.2521331081816634e-06,1.176970749503485e-08,1.3222316582816503e-08,1.7645506898839043e-06,1.3121180915529827e-07,1.628710817193069e-07,2.0449295627294733e-10,1.4114083268442256e-07,0.0005326338403458229
77.7,0.00044001201950978717,6.331967524715227e-05,5.328086638820354e-06,6.58703293176018e-06,1.137631309178494e-05,1.0032380656787752e-06,1.2464330863852827e-06,1.170872148981404e-08,1.3152088308312547e-08,1.7591753312476542e-06,1.3065374199166693e-07,1.6211880475469762e-07,2.0388702546874502e-10,1.4072886949771176e-07,0.0005310905400156841
77.75,0.0004387731052622717,6.312480816554115e-05,5.30605068602889e-06,6.557301400714854e-06,1.1340821555797766e-05,9.990491226709394e-07,1.2407633783714542e-06,1.1647939265100752e-08,1.308207775851184e-08,1.7538125150689451e-06,1.3009498636492e-07,1.6136524001293786e-07,2.0329613449128654e-10,1.403179437641933e-07,0.0005295524235697659
77.80000000000001,0.00043753820783868795,6.293063921642322e-05,5.2841198716917054e-06,6.527721131755677e-06,1.130546007089626e-05,9.9488086315065e-07,1.2351237141039387e-06,1.1587330898015749e-08,1.3012244640351906e-08,1.7484605527679776e-06,1.2953578329773572e-07,1.6061076634204223e-07,2.0271497084632512e-10,1.3990752998939994e-07,0.0005280194696296159
77.85000000000001,0.00043630731273180555,6.273716557916288e-05,5.262293630917911e-06,6.498291271075565e-06,1.1270228179607666e-05,9.907331171606727e-07,1.2295138141518984e-06,1.1526869116572247e-08,1.2942552200345361e-08,1.743117888511371e-06,1.2897640740566562e-07,1.5985581282199434e-07,2.0213575625111466e-10,1.3949697042013289e-07,0.0005264916569601144
77.9,0.00043508040549118904,6.254438444565537e-05,5.240571402178158e-06,6.469010970152059e-06,1.1235125414594715e-05,9.8660571068531e-07,1.2239333910343728e-06,1.1466529596655765e-08,1.2872967626554076e-08,1.7377831145928499e-06,1.2841715944286146e-07,1.591008458107714e-07,2.015493280644182e-10,1.39085565737852e-07,0.0005249689645576246
77.95,0.00043385747172296386,6.235229302026725e-05,5.218952627282783e-06,6.439879385711839e-06,1.1200151297809426e-05,9.824984664182315e-07,1.2183821506782044e-06,1.1406291228851539e-08,1.2803462412012002e-08,1.7324549843308796e-06,1.2785835918003366e-07,1.583463567704824e-07,2.0094653121484808e-10,1.3867268360332296e-07,0.0005234513717551883
78.0,0.0004326384970895824,6.216088851977695e-05,5.197436751360092e-06,6.410895679695446e-06,1.1165305339804128e-05,9.784112045804365e-07,1.2128597939713088e-06,1.134613635179975e-08,1.2734012675044435e-08,1.7271324225364804e-06,1.2730033899782788e-07,1.57592851595373e-07,2.003196967279917e-10,1.3825785462967603e-07,0.0005219388583152537
78.05000000000001,0.00043142346730959034,6.197016817331547e-05,5.176023222834779e-06,6.382059019222271e-06,1.1130587039208697e-05,9.743437437782722e-07,1.207366018392128e-06,1.1286050948841902e-08,1.2664599431929472e-08,1.7218145336741417e-06,1.2674343847131432e-07,1.568408419533918e-07,1.9966369602203227e-10,1.378408202786401e-07,0.0005204314044747963
78.10000000000001,0.0004302123681573962,6.17801292223078e-05,5.154711493406537e-06,6.353368576555822e-06,1.1095995882380972e-05,9.702959018909706e-07,1.2019005196952624e-06,1.1226024804867287e-08,1.2595208817438686e-08,1.7165006078851231e-06,1.2618800009100203e-07,1.5609083890042145e-07,1.989760324489531e-10,1.3742151081040133e-07,0.0005189289909209753
78.15,0.0004290051854630382,6.159076892041397e-05,5.133501018028758e-06,6.324823529069174e-06,1.1061531343234935e-05,9.662674969768084e-07,1.1964629936326362e-06,1.1166051620490045e-08,1.2525832249002054e-08,1.7111901250626134e-06,1.2563436612761825e-07,1.5534334875977308e-07,1.9825587591238544e-10,1.369999627326394e-07,0.0005174315987068227
78.2,0.00042780190511195566,6.1402084533471e-05,5.112391254887435e-06,6.296423059210743e-06,1.1027192883249469e-05,9.622583481868358e-07,1.1910531376892496e-06,1.1106129080998202e-08,1.24564665305893e-08,1.705882757161956e-06,1.2508287651690163e-07,1.5459887100731604e-07,1.9750260613845272e-10,1.365762166415949e-07,0.0005159392091481959
78.25,0.0004266025130447595,6.121407333943488e-05,5.091381665380193e-06,6.2681663544702635e-06,1.0992979951657905e-05,9.58268276675007e-07,1.1856706528123999e-06,1.1046258877921004e-08,1.2387113892896764e-08,1.700578368898603e-06,1.245338675302181e-07,1.538578976896336e-07,1.9671476637921517e-10,1.3615024679491118e-07,0.0005144518037536405
78.30000000000001,0.0004254069952570039,6.102673262832281e-05,5.070471714095458e-06,6.240052607345019e-06,1.095889198581657e-05,9.542971064936324e-07,1.18031524511342e-06,1.0986446681564103e-08,1.2317781967083487e-08,1.6952770169365761e-06,1.2398767091742338e-07,1.5312091374889792e-07,1.9589007413127244e-10,1.3572195607324874e-07,0.0005129693642205897
78.35000000000001,0.00042421533779896044,6.084005970215597e-05,5.049660868791804e-06,6.212081015306347e-06,1.092492841174835e-05,9.503446654632634e-07,1.174986627521356e-06,1.0926702063462152e-08,1.2248483690112186e-08,1.6899789476078324e-06,1.2344461316698712e-07,1.5238839754744434e-07,1.9502651667454118e-10,1.3529123573337976e-07,0.0005114918724962733
78.4,0.00042302752677538994,6.0654051874902105e-05,5.0289486003773874e-06,6.184250780766315e-06,1.0891088644854948e-05,9.464107860064197e-07,1.1696845213685867e-06,1.0867038368386607e-08,1.2179237140708353e-08,1.6846845931364634e-06,1.229050145282039e-07,1.5166082088401873e-07,1.9412398920148498e-10,1.3485805873416123e-07,0.0005100193108704468
78.45,0.0004218435483453187,6.0468706472418866e-05,5.008334382889582e-06,6.156561111044707e-06,1.0857372090789822e-05,9.424953059350499e-07,1.1644086578892774e-06,1.0807472536312677e-08,1.2110065306038888e-08,1.6793945662802275e-06,1.2236918748098294e-07,1.509386478718278e-07,1.9318567120069231e-10,1.3442256366511392e-07,0.0005085516620550978
78.5,0.00042066338872181385,6.028402083239722e-05,4.987817693474729e-06,6.129011218336213e-06,1.082377814648142e-05,9.385980691821407e-07,1.1591587796125729e-06,1.0748024875575151e-08,1.2040995780403296e-08,1.6741096532541255e-06,1.2183743441628993e-07,1.50222332198096e-07,1.922184877551503e-10,1.339850960656121e-07,0.0005070889092163761
78.55000000000001,0.0004194870341717598,6.009999230430512e-05,4.967398012368027e-06,6.1016003196778535e-06,1.0790306201294788e-05,9.347189264685798e-07,1.1539346416337177e-06,1.0688718789308836e-08,1.197206039849543e-08,1.668830804774286e-06,1.2131004439742293e-07,1.4951231249142728e-07,1.9123249385717778e-10,1.3354619581768994e-07,0.0005056310359466702
78.60000000000001,0.00041831447101563706,5.9916618249331694e-05,4.9470748228735925e-06,6.074327636916678e-06,1.0756955638317845e-05,9.308577358971624e-07,1.1487360127477612e-06,1.0629580458150413e-08,1.1903294807093834e-08,1.6635591250606816e-06,1.2078728899823182e-07,1.4880900576653007e-07,1.9023950374922167e-10,1.33106538760949e-07,0.0005041780261850771
78.65,0.0004171456856272992,5.973389604033123e-05,4.926847611344598e-06,6.0471923966776164e-06,1.0723725835756966e-05,9.270143634664697e-07,1.143562676432098e-06,1.0570638483048253e-08,1.1834737980332668e-08,1.658295858666918e-06,1.2026941734575666e-07,1.481127991706759e-07,1.8925140133026868e-10,1.3266684875431213e-07,0.0005027298641031105
78.7,0.00041598066443375323,5.955182306176795e-05,4.906715867163613e-06,6.020193830331638e-06,1.0690616168425494e-05,9.231886834983472e-07,1.138414431665944e-06,1.0511923492858523e-08,1.1766431684951194e-08,1.6530423750643361e-06,1.1975665061680903e-07,1.4742404049476316e-07,1.8827837393716335e-10,1.322277966026295e-07,0.0005012865339729366
78.75,0.0004148193939149403,5.937039670966078e-05,4.886679082723051e-06,5.993331173964105e-06,1.065762600930733e-05,9.193805789737024e-07,1.1332910935767284e-06,1.0453467722169823e-08,1.1698419903071781e-08,1.6478001509923915e-06,1.192491763363714e-07,1.4674302810620832e-07,1.8732723959620902e-10,1.317899043344638e-07,0.00049984802003778
78.80000000000001,0.00041366186060351636,5.918961439152839e-05,4.866736753405749e-06,5.9666036683433464e-06,1.0624754731177012e-05,9.15589941772452e-07,1.1281924939054634e-06,1.0395304565469715e-08,1.163074822107439e-08,1.642570750691618e-06,1.1874714288846172e-07,1.4607000108700253e-07,1.864002610727452e-10,1.3135347988340345e-07,0.000498414306411247
78.85000000000001,0.00041250805108463605,5.900947352633482e-05,4.846888377565715e-06,5.940010558889502e-06,1.0592001708257006e-05,9.118166728145919e-07,1.1231184812852937e-06,1.0337468114319645e-08,1.1563463193980078e-08,1.6373558042507687e-06,1.1825065466966711e-07,1.4540513040180092e-07,1.8549500520886617e-10,1.309186090231106e-07,0.0004969853770344418
78.9,0.000411357951995734,5.882997154443481e-05,4.827133456508951e-06,5.913551095643508e-06,1.0559366317892273e-05,9.080606821005189e-07,1.1180689213296254e-06,1.0279992684618541e-08,1.1496611695393756e-08,1.6321569844158737e-06,1.1775976828965144e-07,1.4474851187226558e-07,1.846055349036863e-10,1.304852174786459e-07,0.0004955612157056149
78.95,0.00041021155002631015,5.865110588751992e-05,4.807471494474466e-06,5.887224533236384e-06,1.052684794222224e-05,9.043218886499766e-07,1.1130436965285486e-06,1.0222912341294746e-08,1.1430240263462386e-08,1.6269759823153942e-06,1.1727449015495736e-07,1.4410016160160126e-07,1.83724623004097e-10,1.3005318794436764e-07,0.0004941418061681858
79.0,0.00040906883191771485,5.8472874008564685e-05,4.787901998615395e-06,5.861030130858703e-06,1.0494445969830025e-05,9.006002203401639e-07,1.1080427059544994e-06,1.016626042785777e-08,1.13643944534591e-08,1.6218144826420267e-06,1.167947756705934e-07,1.4346001429474093e-07,1.8284620006326882e-10,1.2962248958377775e-07,0.0004927271322151511
79.05000000000001,0.00040792978446293424,5.8295273371773017e-05,4.768424478980247e-06,5.834967152230271e-06,1.0462159797349146e-05,8.968956136447777e-07,1.103065864780421e-06,1.011006910816125e-08,1.1299118207498183e-08,1.616674138889603e-06,1.1632053017005456e-07,1.4282792468008003e-07,1.8196715922146387e-10,1.2919326860185373e-07,0.0004913171777585087
79.10000000000001,0.0004067943945063787,5.8118301452525134e-05,4.749038448494311e-06,5.8090348655700756e-06,1.042998883100846e-05,8.932080132769451e-07,1.0981131036159326e-06,1.005436892747728e-08,1.1234453251521549e-08,1.6115565492666373e-06,1.1585161155214981e-07,1.4220367198627054e-07,1.8108791272356277e-10,1.287658644901019e-07,0.0004899119268282564
79.15,0.0004056626489436687,5.794195573732427e-05,4.729743422941137e-06,5.783232543566359e-06,1.0397932488096547e-05,8.895373717401299e-07,1.0931843676691672e-06,9.999188399565463e-09,1.1170438529082932e-08,1.6064632338934433e-06,1.1538783447586073e-07,1.4158696718916725e-07,1.802116249999225e-10,1.2834075019131088e-07,0.0004885113634993098
79.2,0.00040453453472142476,5.77662337237441e-05,4.710538920944199e-06,5.757559463346993e-06,1.036599019832805e-05,8.858836487922416e-07,1.088279615744092e-06,9.944553625851504e-09,1.1107109680612e-08,1.6013956138379183e-06,1.1492897585433056e-07,1.4097746254162546e-07,1.7934266325675142e-10,1.2791842835205155e-07,0.00048711547177887995
79.25,0.0004034100388370568,5.7591132920376255e-05,4.6914244639486625e-06,5.732014906450012e-06,1.0334161405095227e-05,8.822468108291773e-07,1.0833988190850628e-06,9.890487952126639e-09,1.104449857579393e-08,1.5963549924598619e-06,1.1447478130494073e-07,1.403747627477615e-07,1.7848515994725314e-10,1.2749933183572763e-07,0.00048572423550287744
79.30000000000001,0.00040228914833855456,5.741665084677799e-05,4.672399576203269e-06,5.706598158794374e-06,1.0302445566589559e-05,8.786268301950185e-07,1.0785419600822294e-06,9.837011667364624e-09,1.098263290548637e-08,1.5913425394221597e-06,1.140249721597425e-07,1.3977843705182107e-07,1.77642365760297e-10,1.270837667968891e-07,0.00048433763827956624
79.35000000000001,0.0004011718503242799,5.724278503342048e-05,4.6534637847423815e-06,5.681308510650952e-06,1.0270842156779664e-05,8.750236844269831e-07,1.0737090308530997e-06,9.784141748352273e-09,1.0921535838255235e-08,1.5863592775984518e-06,1.1357925262120311e-07,1.3918803148202323e-07,1.7681683617059052e-10,1.2667190975250227e-07,0.0004829556634910305
79.4,0.0004000581319427577,5.7069533021636776e-05,4.634616619368098e-06,5.6561452566136675e-06,1.0239350666233337e-05,8.714373554439935e-07,1.0689000317170283e-06,9.731891652871941e-09,1.086122574518796e-08,1.5814060729715015e-06,1.1313731666126325e-07,1.3860308051874242e-07,1.7601099092219113e-10,1.2626384549181683e-07,0.00048157829433780297
79.45,0.0003989479803924698,5.689689236357059e-05,4.6158576126325414e-06,5.631107695570894e-06,1.0207970602773601e-05,8.67867828688435e-07,1.0641149695807403e-06,9.680271163191321e-09,1.0801715995186467e-08,1.5764836274852515e-06,1.1269885430395218e-07,1.380231175379276e-07,1.7522759058164044e-10,1.2585962381425124e-07,0.000480205513903177
79.5,0.00039784138292164927,5.672486062212504e-05,4.597186299820245e-06,5.6061951306770365e-06,1.0176701491960307e-05,8.643150922311967e-07,1.0593538562540155e-06,9.629286280635108e-09,1.0743014821495804e-08,1.5715924746963273e-06,1.1226355699878946e-07,1.374476835062469e-07,1.7447002114960996e-10,1.2545931766308598e-07,0.0004788373052187048
79.55000000000001,0.00039673832682807464,5.655343537091166e-05,4.578602218930659e-06,5.581406869324306e-06,1.0145542877390979e-05,8.607791358505432e-07,1.0546167067155127e-06,9.578939171066441e-09,1.0685125258836586e-08,1.5667329779760808e-06,1.1183112187864222e-07,1.368763335643615e-07,1.737424879519122e-10,1.2506307087293596e-07,0.00047747365131840813
79.60000000000001,0.00039563879945886724,5.638261419419991e-05,4.5601049106608085e-06,5.556742223114731e-06,1.0114494320816763e-05,8.572599500956675e-07,1.0499035373492977e-06,9.529228160219106e-09,1.0628045149220079e-08,1.5619053309481252e-06,1.1140125479558092e-07,1.3630864131821363e-07,1.7305007438808354e-10,1.2467112297099242e-07,0.00047611453526852116
79.65,0.00039454278821028594,5.621239468686647e-05,4.5416939183880125e-06,5.532200507832299e-06,1.008355540207125e-05,8.537575253459294e-07,1.0452143641729294e-06,9.480147777017568e-09,1.057176721336956e-08,1.5571095598120807e-06,1.1097367213468135e-07,1.357442008532537e-07,1.7239838756321348e-10,1.2428379623023822e-07,0.000474759940157371
79.7,0.0003934502805275259,5.604277445434524e-05,4.523368788152779e-06,5.507781043415366e-06,1.0052725718812486e-05,8.502718508768493e-07,1.0405492010780732e-06,9.431688842321903e-09,1.0516279183681834e-08,1.5523455272024955e-06,1.1054810151077725e-07,1.3518262667959782e-07,1.717925684719036e-10,1.239014364276281e-07,0.0004734098490366216
79.75,0.00039236126390451676,5.587375111257735e-05,4.5051290686417895e-06,5.483483153929222e-06,1.002200488608029e-05,8.468029139438003e-07,1.035908058104362e-06,9.38383859995159e-09,1.0461563993858677e-08,1.5476129372600353e-06,1.1012428154824786e-07,1.346235519920473e-07,1.712358318356468e-10,1.2352431640509938e-07,0.00047206424482342473
79.80000000000001,0.0003912757258837216,5.5705322287961444e-05,4.4869743111710025e-06,5.459306167538852e-06,9.991392535673399e-06,8.433506988941213e-07,1.0312909397667988e-06,9.336580886386237e-09,1.0407600019733635e-08,1.54291134164527e-06,1.0970196102040657e-07,1.3406662577188667e-07,1.707281074964932e-10,1.231525324507928e-07,0.00047072311019462923
79.85000000000001,0.0003901936540559382,5.5537485617304405e-05,4.468904069668896e-06,5.435249416481931e-06,9.960888315352996e-06,8.399151863180187e-07,1.0266978434562896e-06,9.289896335215899e-09,1.0354361365419454e-08,1.5382401462965076e-06,1.0928089767536684e-07,1.33511509352619e-07,1.7026544618266422e-10,1.2278593443543825e-07,0.0004693864275154275
79.9,0.00038911503606009837,5.5370238747771905e-05,4.4509179006597795e-06,5.411312237041929e-06,9.93049188788105e-06,8.364963522481103e-07,1.0221287579319236e-06,9.243762612217178e-09,1.0301818188701553e-08,1.533598618813708e-06,1.0886085709406627e-07,1.3295787310808774e-07,1.698405331696653e-10,1.224241224435065e-07,0.0004680541788364266
79.95,0.00038803985958307086,5.520357933683963e-05,4.433015363247266e-06,5.387493969521487e-06,9.900202929904163e-06,8.330941674169045e-07,1.0175836619224972e-06,9.198154676857116e-09,1.0249937059591503e-08,1.5289858964315745e-06,1.0844161191125148e-07,1.3240539389350617e-07,1.694441204214673e-10,1.2206651650235276e-07,0.0004667263459665183
80.0,0.00038696811235946376,5.5037505052244514e-05,4.415196019097837e-06,5.363793958215937e-06,9.870021130695054e-06,8.297085965807507e-07,1.0130625228533521e-06,9.153045066062734e-09,1.0198681346110767e-08,1.5244009946175747e-06,1.0802294168298489e-07,1.318537537797946e-07,1.690667897520178e-10,1.217124740696525e-07,0.00046540291059650316
80.05000000000001,0.00038589978217142776,5.487201357193623e-05,4.397459432424515e-06,5.340211551387017e-06,9.839946190765694e-06,8.263395979180144e-07,1.008565295713067e-06,9.108404196225185e-09,1.014801162167462e-08,1.519842816387471e-06,1.0760463360933811e-07,1.3130264047870621e-07,1.6870040782730128e-10,1.2136140958889793e-07,0.0004640838544278625
80.10000000000001,0.0003848348568484616,5.470710258402916e-05,4.37980516997068e-06,5.316746101236799e-06,9.809977820367606e-06,8.229871225083232e-07,1.0040919220728052e-06,9.064200679614905e-09,1.0097886088857603e-08,1.5153101624660984e-06,1.0718648422580548e-07,1.3075174967566227e-07,1.6833888077564774e-10,1.2101287334189264e-07,0.00046276915926400566
80.15,0.0003837733242672156,5.45427697867541e-05,4.362232800993942e-06,5.293396963881736e-06,9.780115737895975e-06,8.19651113898742e-07,9.996423292692335e-07,9.020401651646725e-09,1.0048261014811157e-08,1.5108017424312331e-06,1.0676830207081701e-07,1.3020078928749144e-07,1.6797818147537116e-10,1.2066657025871214e-07,0.0004614588070448055
80.2,0.0003827151723512986,5.437901288841073e-05,4.344741897250179e-06,5.270163499326963e-06,9.75035966821563e-06,8.163315077617286e-07,9.952164297599887e-07,8.976973105731086e-09,9.99909117413694e-09,1.5063161869626978e-06,1.063499112295254e-07,1.2964948546257497e-07,1.6761591738046516e-10,1.2032232745372506e-07,0.00046015277983332955
80.25,0.0003816603890710849,5.421582960732001e-05,4.3273320329776516e-06,5.247045071440738e-06,9.720709340927635e-06,8.130282316486045e-07,9.908141206585508e-07,8.933880232755804e-09,9.950330295558607e-09,1.5018520612788013e-06,1.0593115555544584e-07,1.2909758995887788e-07,1.6725078343411127e-10,1.1998003516038816e-07,0.0004588510597793233
80.30000000000001,0.0003806089624435212,5.4053217671776876e-05,4.310002784881238e-06,5.224041047929072e-06,9.691164488596029e-06,8.097412048411691e-07,9.864352834532814e-07,8.89108776254307e-09,9.901931509248747e-09,1.4974078797818194e-06,1.0551190329004584e-07,1.2854488838570893e-07,1.6688209431627176e-10,1.1963958470699027e-07,0.00045755362908252953
80.35000000000001,0.0003795608805319366,5.389117482000337e-05,4.29275373211679e-06,5.201150800310565e-06,9.661724844954793e-06,8.064703383029511e-07,9.820797839132234e-07,8.848560304899296e-09,9.853847792125683e-09,1.492982121858926e-06,1.0509205174260624e-07,1.2799120868881348e-07,1.6650939790606147e-10,1.1930081771925095e-07,0.00045626046996904285
80.4,0.00037851613144584994,5.372969880010156e-05,4.275584456275557e-06,5.178373703891356e-06,9.632390143115162e-06,8.032155347304182e-07,9.777474721810717e-07,8.806262688105433e-09,9.806032408811691e-09,1.4885732487015108e-06,1.0467153166295976e-07,1.2743642920276402e-07,1.6613212219595665e-10,1.1896349368803635e-07,0.00045497156468661954
80.45,0.00037747470334078105,5.35687873700071e-05,4.258494541368762e-06,5.1557091377403145e-06,9.603160113793708e-06,7.999766887033597e-07,9.734381830516192e-07,8.764160292871456e-09,9.758439346222062e-09,1.4841797209215876e-06,1.0425031094010261e-07,1.2688048559309636e-07,1.6574929415808268e-10,1.1862728172724466e-07,0.00045368689552356125
80.5,0.0003764365844180615,5.340843829744287e-05,4.241483573812255e-06,5.133156484664377e-06,9.574034483581143e-06,7.967536869325029e-07,9.691517364318475e-07,8.722219379891432e-09,9.711023739919153e-09,1.4798000166661629e-06,1.0382839729008825e-07,1.2632337606337064e-07,1.6535946327943983e-10,1.1829178226655083e-07,0.0004524064448557958
80.55000000000001,0.00037540176292464586,5.324864935987279e-05,4.22455114241128e-06,5.110715131184052e-06,9.545012973271453e-06,7.93546408601357e-07,9.64887937976832e-07,8.680407409183931e-09,9.663742290414764e-09,1.4754326498659887e-06,1.0340583965517503e-07,1.257651643064262e-07,1.6496096440157637e-10,1.1795657967326226e-07,0.0004511301952221285
80.60000000000001,0.00037437022715292555,5.3089418344456095e-05,4.207696838345365e-06,5.088384467509138e-06,9.516095296270365e-06,7.903547257982319e-07,9.606465798936969e-07,8.638693349386817e-09,9.616553667539315e-09,1.4710761882097251e-06,1.0298272811938228e-07,1.2520597982875913e-07,1.6455253850979503e-10,1.1762131559156943e-07,0.00044985812941650337
80.65,0.0003733419654405403,5.293074304800141e-05,4.1909202551532675e-06,5.06616388751454e-06,9.487281157101037e-06,7.871785040333743e-07,9.5642744190401e-07,8.597047975101377e-09,9.569418900827204e-09,1.466729270412551e-06,1.025591922482201e-07,1.2464601546336944e-07,1.6413411144176546e-10,1.1728575903485612e-07,0.0004485902305723943
80.7,0.00037231696617019347,5.277262127692145e-05,4.174220988718073e-06,5.04405278871633e-06,9.458570250024095e-06,7.840176028352783e-07,9.522302923533704e-07,8.555444150260074e-09,9.522301753613054e-09,1.4623906223522946e-06,1.0213539787539343e-07,1.2408552209746957e-07,1.6370729433117577e-10,1.1694984167482203e-07,0.0004473264822069603
80.75,0.00037129521776946663,5.261505084718779e-05,4.157598637252374e-06,5.022050572247933e-06,9.429962257787568e-06,7.808718764193444e-07,9.480548894553457e-07,8.513857095336764e-09,9.47516907821371e-09,1.4580590716765626e-06,1.017115424778468e-07,1.235248008613253e-07,1.632751229281552e-10,1.1661363441867164e-07,0.00044606686820054787
80.80000000000001,0.00037027670871063494,5.2458029584285805e-05,4.1410528012835445e-06,5.0001566428364925e-06,9.40145685052095e-06,7.777411744213178e-07,9.439009826555634e-07,8.47226463604611e-09,9.42799114921502e-09,1.4537335605396334e-06,1.0128784939215656e-07,1.229641932340676e-07,1.6284088741185075e-10,1.1627726579301716e-07,0.0004448113727122702
80.85000000000001,0.0003692614275104848,5.230155532317006e-05,4.124583083639144e-06,4.978370408779429e-06,9.373053684786046e-06,7.746253426872614e-07,9.397683141005423e-07,8.430647431008124e-09,9.380741971520615e-09,1.4494131562042981e-06,1.0086456121889717e-07,1.22404069700424e-07,1.6240649777072476e-10,1.1594081253438976e-07,0.00044355998006320545
80.9,0.0003682493627301294,5.2145625908219496e-05,4.1081890894323735e-06,4.9566912819211e-06,9.344752402795296e-06,7.715242241112231e-07,9.356566201947953e-07,8.388989175702904e-09,9.333399559482791e-09,1.4450970593358648e-06,1.0044193282684115e-07,1.2184481771840069e-07,1.6197119095912214e-10,1.1560420896441426e-07,0.00044231267463557526
80.95,0.0003672405029748279,5.199023919319328e-05,4.091870426047678e-06,4.9351186776296905e-06,9.31655263180673e-06,7.684376595113067e-07,9.315656332289224e-07,8.347276779932195e-09,9.285946183159778e-09,1.4407846099164719e-06,1.0002022439772714e-07,1.2128682981539222e-07,1.615311596277767e-10,1.1526721244206093e-07,0.00044106944082693994
81.0,0.0003662348368938039,5.183539304118664e-05,4.075626703126421e-06,4.913652014774233e-06,9.288453983702415e-06,7.65365488534447e-07,9.274950830607095e-07,8.305500515952939e-09,9.238368577554259e-09,1.4364752908098485e-06,9.959969494067556e-08,1.2073049260965719e-07,1.610801042354998e-10,1.149294340844909e-07,0.0004398302630698312
81.05000000000001,0.0003652323531800646,5.16810853245869e-05,4.059457532552664e-06,4.892290715701791e-06,9.260456054755381e-06,7.623075505799355e-07,9.234446988308058e-07,8.263654134472482e-09,9.19065811061611e-09,1.432168729102039e-06,9.918059665364573e-08,1.2017617745580938e-07,1.6061030331475272e-10,1.1459041598889305e-07,0.00043859512589882084
81.10000000000001,0.0003642330405702227,5.152731392503001e-05,4.043362528439062e-06,4.8710342062148374e-06,9.232558425587952e-06,7.592636857315774e-07,9.194142106942726e-07,8.221734945809192e-09,9.142810905860587e-09,1.4278646954249565e-06,9.876317042283642e-08,1.1962423324710864e-07,1.6011378086070393e-10,1.1424972351094954e-07,0.0004373640140341588
81.15,0.00036323688784431523,5.137407673335677e-05,4.0273413071128066e-06,4.849881915548721e-06,9.204760661322091e-06,7.56233735688282e-07,9.154033515491906e-07,8.179743863733535e-09,9.094827915676003e-09,1.4235631015307543e-06,9.834764263890037e-08,1.1907498169264148e-07,1.5958334638521257e-10,1.1390702535426212e-07,0.00043613691245523545
81.2,0.0003622438838256271,5.122137164956979e-05,4.01139348710172e-06,4.828833276349367e-06,9.177062311920535e-06,7.532175446829662e-07,9.114118587436585e-07,8.137685409821625e-09,9.046714941786003e-09,1.4192639964215255e-06,9.793422338334698e-08,1.1852871514830193e-07,1.5901345081356299e-10,1.1356214660306613e-07,0.00043491380644935374
81.25,0.0003612540173805131,5.106919658279041e-05,3.995518689120412e-06,4.807887724651092e-06,9.149462912715128e-06,7.502149603797735e-07,9.074394757427674e-07,8.095567676573975e-09,8.998482599889837e-09,1.414967561348261e-06,9.752310591277921e-08,1.179856968430406e-07,1.5840085425725842e-10,1.1321509082755697e-07,0.000433694681631975
81.30000000000001,0.00036026727741822104,5.0917549451215795e-05,3.979716536056538e-06,4.787044699854588e-06,9.121961985116851e-06,7.472258347398756e-07,9.034859537376324e-07,8.053402248074563e-09,8.950146226227192e-09,1.4106741039755508e-06,9.711446725545732e-08,1.1744616313078525e-07,1.5774506590173586e-10,1.1286603246990435e-07,0.0004324795239393142
81.35000000000001,0.00035928365289071714,5.0766428182076514e-05,3.96398665295717e-06,4.766303644705077e-06,9.094559037500051e-06,7.44250024846483e-07,8.99551053179215e-07,8.011204077579774e-09,8.901725724688078e-09,1.4063840519666205e-06,9.670846964487637e-08,1.1691032723374269e-07,1.5704844150223423e-10,1.1251528111475181e-07,0.00043126831959418543
81.4,0.0003583031327925091,5.0615830711593896e-05,3.948328667015219e-06,4.74566400527057e-06,9.06725356625133e-06,7.41287393680116e-07,8.956345452204679e-07,7.968991322119634e-09,8.853245354092328e-09,1.4020979461817414e-06,9.630526245621083e-08,1.1637838383787128e-07,1.563157641397114e-10,1.1216322011513657e-07,0.0004300610550465721
81.45,0.00035732570616047295,5.0465754984937976e-05,3.932742207555992e-06,4.72512523092034e-06,9.040045056972003e-06,7.383378108357593e-07,8.917362130513559e-07,7.926785134948098e-09,8.804733456371741e-09,1.3978164336085243e-06,9.590498428745059e-08,1.1585051386216878e-07,1.555532103273383e-10,1.118102284856123e-07,0.0004288577168967918
81.5,0.000356351362073679,5.031619895618548e-05,3.91722690602382e-06,4.704686774303508e-06,9.012932985821114e-06,7.354011531741152e-07,8.878558531124025e-07,7.884609417473595e-09,8.756222127567525e-09,1.393540260062837e-06,9.550776483776495e-08,1.1532688874885507e-07,1.5476692679075517e-10,1.1145660676227031e-07,0.000427658291821183
81.55000000000001,0.0003553800896532188,5.016716058827802e-05,3.901782395968774e-06,4.684348091327784e-06,8.98591682098463e-06,7.32477305399893e-07,8.839932761737174e-07,7.842490533111983e-09,8.707746834769901e-09,1.3892702626225088e-06,9.511372627780346e-08,1.1480767370443717e-07,1.539618536283939e-10,1.1110253610967202e-07,0.0004264627665292876
81.60000000000001,0.000354411878062034,5.0018637852980674e-05,3.886408313033502e-06,4.664108641138394e-06,8.958996024255052e-06,7.295661605608478e-07,8.80148308267869e-07,7.800456986306188e-09,8.659345983335884e-09,1.3850073616905379e-06,9.472298387455732e-08,1.142930294508412e-07,1.531415020537752e-10,1.107480936499808e-07,0.0004252711277754079
81.65,0.00035344671650474333,4.987062873084036e-05,3.871104294940102e-06,4.6439678860970815e-06,8.932170052704343e-06,7.266676204621066e-07,8.763207914664782e-07,7.758539070723567e-09,8.61106043988414e-09,1.3807525525371068e-06,9.433564571997278e-08,1.1378311220793975e-07,1.5230889202733165e-10,1.1039332315821401e-07,0.0004240833624232797
81.7,0.00035248459422747297,4.972313121114487e-05,3.8558699814771346e-06,4.62392529176133e-06,8.905438360432345e-06,7.237815959912505e-07,8.725105844920875e-07,7.716768491348572e-09,8.562933017642696e-09,1.3765068961456216e-06,9.395181151005535e-08,1.1327807180989007e-07,1.514680947559503e-10,1.1003833126767745e-07,0.00042289945753310897
81.75,0.0003515255005176863,4.957614329188186e-05,3.840705014486698e-06,4.603980326863694e-06,8.87880040037175e-06,7.20908007350539e-07,8.687175631585546e-07,7.675177965808974e-09,8.515007931676554e-09,1.3722715091901175e-06,9.357157042183956e-08,1.127780480437786e-07,1.5062539672954968e-10,1.0968336410755536e-07,0.0004217194004248568
81.80000000000001,0.0003505694247040145,4.942966297969805e-05,3.825609037851594e-06,4.584132463291273e-06,8.852255626130277e-06,7.180467841936709e-07,8.649416206350499e-07,7.63380081078675e-09,8.467330232313134e-09,1.3680475530004217e-06,9.319499823152578e-08,1.1228316547643764e-07,1.4978931379533074e-10,1.0932882831085521e-07,0.00042054317868119056
81.85000000000001,0.00034961635615608875,4.928368828985883e-05,3.8105816974826038e-06,4.564381176065362e-06,8.82580349385027e-06,7.15197865665492e-07,8.611826675306053e-07,7.592670519751923e-09,8.41994522568507e-09,1.3638362214254915e-06,9.282215390065362e-08,1.1179352719043198e-07,1.4896936239278616e-10,1.0897524767991367e-07,0.00041937078008184625
81.9,0.00034866628428437135,4.913821724620769e-05,3.7956226413058e-06,4.5447259433211895e-06,8.799443464065594e-06,7.123612003440828e-07,8.574406317980547e-07,7.551820338502754e-09,8.372897890697163e-09,1.3596387275801168e-06,9.245307592127834e-08,1.113092079701405e-07,1.4817416545767628e-10,1.0862317583956667e-07,0.00041820219249111957
81.95,0.0003477191985399892,4.899324788112622e-05,3.7807315192499977e-06,4.525166246287847e-06,8.773175003536016e-06,7.095367460857383e-07,8.537154584581746e-07,7.51128284508959e-09,8.326232301881992e-09,1.355456289549564e-06,9.208777874976831e-08,1.1083024755221043e-07,1.4740973677510883e-10,1.0827310089043767e-07,0.000417037403736359
82.0,0.0003467750884145674,4.8848778235494084e-05,3.765907983234261e-06,4.505701569268337e-06,8.746997587039223e-06,7.067244697743648e-07,8.500071091467334e-07,7.471089540636766e-09,8.279991067527739e-09,1.3512901152228801e-06,9.17262496679772e-08,1.103566445732335e-07,1.466785848692588e-10,1.0792537527302916e-07,0.0004158764015124546
82.05000000000001,0.0003458339434400633,4.870480635864928e-05,3.7511516871554983e-06,4.486331399619753e-06,8.7209106991012e-06,7.03924346977871e-07,8.46315561489098e-07,7.431270457357607e-09,8.23421479214277e-09,1.347141386519966e-06,9.136844638875392e-08,1.0988835180797357e-07,1.4597981400924845e-10,1.0758018801006595e-07,0.00041471917333084623
82.10000000000001,0.0003448957531886025,4.8561330308348705e-05,3.736462286876161e-06,4.467055227733632e-06,8.694913835646376e-06,7.011363615151375e-07,8.426408083089231e-07,7.391853789687708e-09,8.18894157177309e-09,1.3430112433613476e-06,9.10142956716936e-08,1.0942527319651225e-07,1.453099551967748e-10,1.0723757770963005e-07,0.0004135657065122873
82.15,0.00034396050727231295,4.841834815072857e-05,3.7218394402119844e-06,4.447872547016386e-06,8.669006505549603e-06,6.98360504938104e-07,8.389828566792457e-07,7.352865553951496e-09,8.14420652992673e-09,1.3389007677946562e-06,9.066369313939715e-08,1.0896726301708594e-07,1.4466405360542815e-10,1.0689747301642204e-07,0.00041241598821054195
82.2,0.00034302819534316265,4.827585796026539e-05,3.707282806919852e-06,4.428782853869921e-06,8.643188232073364e-06,6.955967759344672e-07,8.353417268260781e-07,7.314329281343264e-09,8.100041400909349e-09,1.3348109687316502e-06,9.031650439151876e-08,1.0851412738717037e-07,1.4403666833038066e-10,1.0655974679049038e-07,0.00041127000545370307
82.25,0.0003420988070927963,4.813385781973695e-05,3.6927920486857214e-06,4.409785647672368e-06,8.617458554174504e-06,6.928451796573229e-07,8.317174508961861e-07,7.276265748265187e-09,8.056474166266977e-09,1.3307427677594953e-06,8.997256741246611e-08,1.0806562808596798e-07,1.434227634327458e-10,1.0622427655693455e-07,0.0004101277451961122
82.30000000000001,0.00034117233225237296,4.7992345820183515e-05,3.6783668291126326e-06,4.390880430758945e-06,8.591817027666342e-06,6.901057269888964e-07,8.281100716022648e-07,7.238692747245862e-09,8.013528748802971e-09,1.3266969864682343e-06,8.963169616835091e-08,1.0762148850552528e-07,1.4281865382226434e-10,1.0589100668598553e-07,0.0004089891943766635
82.35000000000001,0.00034024876059240554,4.785132006086939e-05,3.664006813708815e-06,4.372066708402979e-06,8.5662632262235e-06,6.873784337462304e-07,8.24519640760087e-07,7.20162490078899e-09,7.971224767326195e-09,1.3226743356838813e-06,8.929368519882582e-08,1.0718140137272118e-07,1.422230060811276e-10,1.0556000180080208e-07,0.0004078543399728469
82.4,0.0003393280819225985,4.771077864924427e-05,3.6497116698758357e-06,4.353343988797005e-06,8.540796742218318e-06,6.846633198373136e-07,8.209462177333762e-07,7.165073519600205e-09,7.929577353939313e-09,1.3186754069170912e-06,8.895831493752282e-08,1.0674503775470147e-07,1.416375300488529e-10,1.0523147184806601e-07,0.0004067231690301655
82.45,0.0003384102860916886,4.7570719700905216e-05,3.6354810668968676e-06,4.334711783034047e-06,8.515417187379725e-06,6.819604083767032e-07,8.173898678032166e-07,7.1290465057399655e-09,7.888597034334071e-09,1.3147006662371474e-06,8.862535744647402e-08,1.0631205677566145e-07,1.410668341511524e-10,1.0490574972393251e-07,0.0004055956686466417
82.5,0.00033749536298728557,4.743114133955857e-05,3.621314675925015e-06,4.316169605089007e-06,8.490124193267043e-06,6.792697247701013e-07,8.138506604796041e-07,7.093548300377914e-09,7.848289670266094e-09,1.3107504506677413e-06,8.829458222799147e-08,1.0588211543745387e-07,1.4051722879032457e-10,1.0458321888431173e-07,0.0004044718259087919
82.55000000000001,0.0003365833025357125,4.729204169698208e-05,3.60721216997172e-06,4.297716971800179e-06,8.464917411553296e-06,6.765912957776919e-07,8.103286677733905e-07,7.058579875005869e-09,7.808656462175815e-09,1.3068249670835962e-06,8.796576178210775e-08,1.0545487794934193e-07,1.3999488507851213e-10,1.0426421322958041e-07,0.0004033516278008378
82.60000000000001,0.00033567409470184944,4.715341891298746e-05,3.593173223895263e-06,4.279353402850911e-06,8.43979651411459e-06,6.739251485662666e-07,8.068239624472863e-07,7.024138764225701e-09,7.76969400884028e-09,1.3029242934741946e-06,8.763867660654258e-08,1.0503002402804264e-07,1.395041848182312e-10,1.039489282024615e-07,0.00040223506112598034
82.65,0.0003347677294889739,4.7015271135382636e-05,3.579197514389304e-06,4.261078420751352e-06,8.414761192924e-06,6.712713097602538e-07,8.033366162647682e-07,6.9902191375839475e-09,7.731394420012442e-09,1.2990483823408458e-06,8.731311938525801e-08,1.0460725572001976e-07,1.390469636883542e-10,1.0363737878672313e-07,0.00040112211247520034
82.7,0.00033386419693860547,4.6877596519934656e-05,3.565284719971537e-06,4.242891550820367e-06,8.389811159750731e-06,6.686298045017858e-07,7.998666982557465e-07,6.956811907393219e-09,7.693745477254293e-09,1.2951970659130316e-06,8.698889817608793e-08,1.0418630241468058e-07,1.3862280478296714e-10,1.033294189383574e-07,0.0004000127682574719
82.75,0.0003329634871303492,4.674039323033256e-05,3.551434520972404e-06,4.224792321167556e-06,8.36494614566708e-06,6.660006555297858e-07,7.964142730175711e-07,6.923904869071071e-09,7.656730837612965e-09,1.2913700628143532e-06,8.66658384825611e-08,1.0376692385072619e-07,1.3823002513556782e-10,1.0302481036324625e-07,0.00039890701477827886
82.80000000000001,0.0003320655901817403,4.660365943815043e-05,3.5376465995238797e-06,4.206780262675391e-06,8.34016590036789e-06,6.633838822878371e-07,7.929793990695166e-07,6.891482870246636e-09,7.62033027443351e-09,1.2875669857805997e-06,8.634378417495187e-08,1.033489110601429e-07,1.3786677780027952e-10,1.0272330948327306e-07,0.00039780483833423675
82.85000000000001,0.0003311704962480901,4.6467393322810805e-05,3.5239206395483575e-06,4.188854908981508e-06,8.315470191309191e-06,6.607795000702501e-07,7.895621272782251e-07,6.859528004733944e-09,7.58451994944808e-09,1.2837873500332473e-06,8.602259730608307e-08,1.0293208533750669e-07,1.3753175905612147e-10,1.0242473736176203e-07,0.0003967062252878402
82.9,0.0003302781955223304,4.633159307154793e-05,3.510256326747564e-06,4.1710157964610626e-06,8.290858802674391e-06,6.581875192152765e-07,7.861624993706917e-07,6.828019827443475e-09,7.549272710319926e-09,1.2800305819397366e-06,8.570215694392644e-08,1.025162954588294e-07,1.3722427679507616e-10,1.0212900894414575e-07,0.0003956111620984486
82.95,0.0003293886782348613,4.619625687937151e-05,3.49665334859159e-06,4.153262464209261e-06,8.266331534178544e-06,6.556079443539015e-07,7.8278054655037e-07,6.796935586391965e-09,7.514558408037618e-09,1.2762960276439092e-06,8.538235721101076e-08,1.0210141349629664e-07,1.3694380051649193e-10,1.0183611876877088e-07,0.0003945196353070314
83.0,0.0003285019346533979,4.606138294903051e-05,3.4831113943079738e-06,4.135594454023986e-06,8.241888199722568e-06,6.530407737219776e-07,7.794162882307153e-07,6.766250468159986e-09,7.48034422892694e-09,1.2725829614209049e-06,8.506310477548543e-08,1.016873296748055e-07,1.366893769416413e-10,1.0154609864677194e-07,0.00039343163149102773
83.05000000000001,0.0003276179550828181,4.59269694909771e-05,3.4696301548708597e-06,4.118011310388536e-06,8.217528625911082e-06,6.504859985427614e-07,7.760697308991277e-07,6.735937853421337e-09,7.4465950365481916e-09,1.2688905935944275e-06,8.474431607614795e-08,1.0127394678537483e-07,1.3645926834412877e-10,1.0125896846592827e-07,0.0003923471372114878
83.10000000000001,0.000326736729865012,4.5793014723330967e-05,3.4562093229902452e-06,4.100512580454517e-06,8.193252650448908e-06,6.479436024861202e-07,7.727408671227536e-07,6.705969579508534e-09,7.413273719344058e-09,1.2652180779434098e-06,8.442591458029036e-08,1.0086117470244711e-07,1.362509004808762e-10,1.009746936735027e-07,0.0003912661389669445
83.15,0.0003258582493787296,4.5659516871843426e-05,3.4428485931012635e-06,4.083097814024795e-06,8.169060120432437e-06,6.454135612098091e-07,7.694296747059626e-07,6.676316207360905e-09,7.380341540560492e-09,1.2615645186124446e-06,8.410782836656533e-08,1.0044892554207863e-07,1.3606096148529278e-10,1.0069315210547652e-07,0.0003901886231573832
83.2,0.00032498250403943137,4.5526474169862104e-05,3.4295476613535744e-06,4.065766563536613e-06,8.14495089055339e-06,6.428958419873413e-07,7.661361160076414e-07,6.646947290606947e-09,7.3477584876482006e-09,1.2579289766189409e-06,8.378998829462885e-08,1.0003710994425537e-07,1.3588547847790853e-10,1.0041410959580459e-07,0.0003891145760584423
83.25,0.0003241094842991388,4.539388485829558e-05,3.416306225600808e-06,4.048518384044807e-06,8.120924821233206e-06,6.403904034260017e-07,7.628601374246365e-07,6.6178316449362635e-09,7.3154836190275305e-09,1.2543104761135245e-06,8.347232697042231e-08,9.962563486691794e-08,1.3571985535608163e-10,1.0013720967501585e-07,0.000388043983811909
83.30000000000001,0.00032323918064628505,4.526174718557822e-05,3.403123985390078e-06,4.03135283320513e-06,8.0969817767071e-06,6.378971952776016e-07,7.596016690458748e-07,6.588937616298072e-09,7.283475406731347e-09,1.2507080105940011e-06,8.315477864402822e-08,9.921440314770092e-08,1.3555898044749763e-10,9.986198880416287e-08,0.00038697683244468233
83.35000000000001,0.00032237158360556747,4.513005940763535e-05,3.3900006419515846e-06,4.014269471257716e-06,8.073121623077417e-06,6.354161583435831e-07,7.563606244798511e-07,6.5602333468046e-09,7.251692073999876e-09,1.2471205492939e-06,8.283728009147023e-08,9.880331493188175e-08,1.3539750526205704e-10,9.958792518897358e-08,0.0003859131079247453
83.4,0.0003215066837377987,4.4998819787848254e-05,3.3769358981882495e-06,3.997267861010614e-06,8.049344226356046e-06,6.329472244750753e-07,7.531369008563069e-07,6.531687037501658e-09,7.220091927361366e-09,1.243547043962862e-06,8.251977243968233e-08,9.839227089500896e-08,1.3523031765679046e-10,9.931451545219569e-08,0.00038485279624856554
83.45,0.0003206444716397604,4.486802659701969e-05,3.3639294586654554e-06,3.980347567823474e-06,8.02564945051602e-06,6.304903166675446e-07,7.499303790011415e-07,6.503267207383036e-09,7.188633683073183e-09,1.239986436228504e-06,8.220220380329721e-08,9.798117702168418e-08,1.350531604966435e-10,9.904135767603706e-08,0.0003837958835382342
83.5,0.0003197849379440568,4.47376781133394e-05,3.350981029600838e-06,3.963508159591329e-06,8.002037155572109e-06,6.280453492486891e-07,7.467409237817877e-07,6.474942948161279e-09,7.157276788005774e-09,1.2364376656802296e-06,8.188453252129805e-08,9.756995055383598e-08,1.3486325949450763e-10,9.876821141402589e-08,0.00038274235611835604
83.55000000000001,0.00031892807331896847,4.46077726223498e-05,3.3380903188541443e-06,3.946749206728487e-06,7.978507195710016e-06,6.256122281572975e-07,7.43568384618582e-07,6.446684174360201e-09,7.1259817351195175e-09,1.232899678748942e-06,8.156673071861602e-08,9.715852660663785e-08,1.3465971156309746e-10,9.849501024316886e-08,0.00038169220054732516
83.60000000000001,0.00031807386846830816,4.4478308416912e-05,3.3252570359171786e-06,3.9300702821525534e-06,7.955059417483299e-06,6.231908513098929e-07,7.404125961560268e-07,6.4184618682637765e-09,7.094710373611352e-09,1.2293714383781583e-06,8.124878787838106e-08,9.674686487855156e-08,1.344433611744603e-10,9.822181920558855e-08,0.00038064540359418285
83.65,0.00031722231413127485,4.434928379717164e-05,3.312480891903777e-06,3.91347096126852e-06,7.931693658096295e-06,6.207811090511056e-07,7.372733790862779e-07,6.39024831914711e-09,7.063426213602867e-09,1.2258519343980378e-06,8.093071409829516e-08,9.63349558597948e-08,1.3421608962826928e-10,9.794875187252545e-08,0.00037960195217470353
83.7,0.00031637340108231065,4.4220697070525244e-05,3.2997615995398877e-06,3.89695082195301e-06,7.908409743790651e-06,6.183828846829367e-07,7.34150541115778e-07,6.362017356036126e-09,7.032094724917186e-09,1.2223401944311947e-06,8.061254272029239e-08,9.59228259719137e-08,1.3397979427564533e-10,9.767587955159473e-08,0.0003785618332784684
83.75,0.0003155271201309574,4.409254655158657e-05,3.2870988731536987e-06,3.8805094445386066e-06,7.885207488351787e-06,6.159960550673059e-07,7.310438780646128e-07,6.333744573004657e-09,7.000683629067336e-09,1.2188352950844281e-06,8.029433206444582e-08,9.551054114662137e-08,1.337355518838014e-10,9.740316804255602e-08,0.00037752503392181184
83.80000000000001,0.00031468346212171346,4.396483056215314e-05,3.27449242866583e-06,3.864146411798293e-06,7.862086691750499e-06,6.136204912956044e-07,7.279531750869789e-07,6.3054075457371265e-09,6.969163183079881e-09,1.215336373119852e-06,7.997616606201343e-08,9.509820846750138e-08,1.3348332848241227e-10,9.713046248641798e-08,0.00037649154114665685
83.85000000000001,0.00031384241793389284,4.383754743117305e-05,3.2619419835796115e-06,3.8478613089300175e-06,7.839047138933496e-06,6.112560594183669e-07,7.248782080000958e-07,6.276986037781088e-09,6.937506453234709e-09,1.2118426362571787e-06,7.965815366299598e-08,9.468597564354186e-08,1.3322222569566744e-10,9.685751695621017e-08,0.00037546134206116417
83.9,0.00031300397848148194,4.371069549471168e-05,3.2494472569713893e-06,3.831653723541326e-06,7.816088598775058e-06,6.089026212276243e-07,7.218187447079546e-07,6.248462194603305e-09,6.9056895762435526e-09,1.2083533732395457e-06,7.934042698403955e-08,9.427402824686032e-08,1.3295095240827562e-10,9.658404744470429e-08,0.0003744344239000553
83.95,0.00031216813471299974,4.358427309591884e-05,3.2370079694809327e-06,3.815523245634141e-06,7.793210823200541e-06,6.065600350840603e-07,7.187745467055383e-07,6.219820723268111e-09,6.8736920048509414e-09,1.2048679628001007e-06,7.902313825591922e-08,9.386258481551044e-08,1.3266819454473953e-10,9.630978476277551e-08,0.00037341077408058074
84.0,0.00031133487761135736,4.3458278584995936e-05,3.2246238433018874e-06,3.7994694675896244e-06,7.770413546490492e-06,6.042281567806937e-07,7.157453706484865e-07,6.191049055297702e-09,6.841496734355227e-09,1.2013858811955725e-06,7.870645571908199e-08,9.345189008296004e-08,1.323727757363399e-10,9.603451481729558e-08,0.0003723903802415449
84.05000000000001,0.0003105041981937178,4.33327103191633e-05,3.212294602172293e-06,3.7834919841531486e-06,7.747696484772449e-06,6.019068404345215e-07,7.127309699726998e-07,6.162137490069223e-09,6.809090506144002e-09,1.1979067080246374e-06,7.83905586941495e-08,9.304220673677231e-08,1.3206372337341651e-10,9.57581057491448e-08,0.00037137323026531044
84.10000000000001,0.00030967608751135807,4.3207566662627854e-05,3.200019971365182e-06,3.767590392419389e-06,7.725059335705592e-06,5.995959393973401e-07,7.097310965480315e-07,6.133079315970723e-09,6.7764639840465e-09,1.1944301301198041e-06,7.807563211603674e-08,9.263380622000945e-08,1.3174037617800613e-10,9.548052462934536e-08,0.00037035931228618287
84.15,0.000308850536649529,4.3082845986550566e-05,3.187799677679206e-06,3.751764291817478e-06,7.702501778361347e-06,5.972953071768144e-07,7.067455023499943e-07,6.103870906491916e-09,6.743611899149654e-09,1.1909559433872227e-06,7.776186086085843e-08,9.222695916205684e-08,1.3140251235339188e-10,9.520184129049297e-08,0.000369348614683483
84.2,0.0003080275367273184,4.2958546669014436e-05,3.175633449429358e-06,3.7360132840963057e-06,7.680023473301308e-06,5.950047983588327e-07,7.037739411333731e-07,6.074511788477717e-09,6.710533158723228e-09,1.187484052563712e-06,7.744942421104213e-08,9.182192605570104e-08,1.3105033694998583e-10,9.492221184326829e-08,0.00036834112605260987
84.25,0.0003072070788975133,4.283466709499246e-05,3.1635210164377444e-06,3.7203369733099026e-06,7.65762406285166e-06,5.927242695221922e-07,7.008161700916837e-07,6.045004679929168e-09,6.677230915064398e-09,1.1840144689578551e-06,7.713849079469889e-08,9.141894878170387e-08,1.306841792957222e-10,9.464183679822686e-08,0.0003673368351498258
84.30000000000001,0.000306389154346463,4.271120565631574e-05,3.1514621100244147e-06,3.7047349658029173e-06,7.63530317157146e-06,5.904535801367778e-07,6.978719514866415e-07,6.015355495002079e-09,6.643712590410764e-09,1.1805473063355657e-06,7.682921430075336e-08,9.10182435209775e-08,1.3030389433380108e-10,9.436089876894793e-08,0.000366335730816707
84.35000000000001,0.00030557375429394383,4.258816075164193e-05,3.1394564629982694e-06,3.689206870196225e-06,7.613060406910199e-06,5.881925934365815e-07,6.949410542321479e-07,5.985573314226041e-09,6.609989854580323e-09,1.1770827751933188e-06,7.652173021375681e-08,9.06199954910498e-08,1.299081386096879e-10,9.407949714411802e-08,0.00036533780190270887
84.4,0.00030476086999302223,4.2465530786423516e-05,3.127503809647997e-06,3.673752297372585e-06,7.590895360048142e-06,5.859411772591602e-07,6.920232554177541e-07,5.955670318440005e-09,6.576078552669567e-09,1.1736211757281154e-06,7.621615373560133e-08,9.022435580453542e-08,1.294938247753237e-10,9.379760482521355e-08,0.00036434303721198083
84.45,0.00030395049272992033,4.234331417287655e-05,3.115603885733105e-06,3.6583708604624463e-06,7.568807606911287e-06,5.83699204843482e-07,6.891183417571853e-07,5.92566168550566e-09,6.5419985809618496e-09,1.1701628898573367e-06,7.591257897114199e-08,8.983144058316317e-08,1.2905609364968224e-10,9.351506943064035e-08,0.0003633514254977068
84.5,0.00030314261382388154,4.222150932994941e-05,3.1037564284749934e-06,3.6430621748298247e-06,7.546796709350964e-06,5.81466555578495e-07,6.862261109481895e-07,5.895565449501118e-09,6.507773710144341e-09,1.1667083726604386e-06,7.561107935810087e-08,8.944133228497509e-08,1.285890346663315e-10,9.323166662237939e-08,0.0003623629555121337
84.55000000000001,0.0003023372246270363,4.21001146832917e-05,3.0919611765480866e-06,3.627825858058283e-06,7.524862216476538e-06,5.792431156952352e-07,6.833463729308184e-07,5.86540232279884e-09,6.473431355978124e-09,1.1632581436067316e-06,7.531170922672122e-08,8.905408302994512e-08,1.2808712310743517e-10,9.294719097944533e-08,0.0003613776160976816
84.60000000000001,0.0003015343165242695,4.197912866522345e-05,3.0802178700710445e-06,3.6126615299370245e-06,7.503003666128276e-06,5.770287788958249e-07,6.80478951032187e-07,5.835195482171855e-09,6.439002298679067e-09,1.159812777900032e-06,7.501450628983666e-08,8.866971955590137e-08,1.2754697551941303e-10,9.266155079032745e-08,0.0003603953962848497
84.65,0.0003007338809330867,4.185854971470417e-05,3.0685262505979956e-06,3.5975688124470445e-06,7.481220586475921e-06,5.748234469132936e-07,6.776236829867755e-07,5.80497032082876e-09,6.404520353412226e-09,1.1563728982148232e-06,7.471949479695268e-08,8.828824931601218e-08,1.2696873474110237e-10,9.237482904279825e-08,0.0003594162853579915
84.7,0.0002999359093034825,4.173837627730237e-05,3.056886061109864e-06,3.5825473297474156e-06,7.459512497727576e-06,5.726270299968262e-07,6.747804218225086e-07,5.774754169028233e-09,6.370021995444123e-09,1.1529391670247108e-06,7.442668904254325e-08,8.790966715165948e-08,1.2635646394218418e-10,9.208728812027133e-08,0.0003584402728651567
84.75,0.0002991403931178088,4.161860680516508e-05,3.0452970460057356e-06,3.5675967081616476e-06,7.4378789139322026e-06,5.704394473177186e-07,6.719490366040402e-07,5.744575986642031e-09,6.335545944595422e-09,1.1495122796387384e-06,7.413609690253949e-08,8.753396194640234e-08,1.2571743246818572e-10,9.179932208752042e-08,0.00035746734857493415
84.80000000000001,0.00029834732389064355,4.149923975698749e-05,3.033758951094283e-06,3.552716576164143e-06,7.416319344858314e-06,5.682606272920788e-07,6.69129413026004e-07,5.7144660316995235e-09,6.301132714656062e-09,1.1460929579720284e-06,7.384772308468076e-08,8.716112268938111e-08,1.2506075955795337e-10,9.151138169458995e-08,0.00035649750240501256
84.85000000000001,0.000297556693168661,4.1380273597982927e-05,3.0222715235852646e-06,3.537906564366764e-06,7.394833297930719e-06,5.66090507817097e-07,6.663214538503688e-07,5.684455509534274e-09,6.266824134330601e-09,1.1426819449916507e-06,7.356157181607528e-08,8.679114344665265e-08,1.243960596691375e-10,9.122390157053465e-08,0.00035553072435172265
84.9,0.0002967684925305004,4.126170679985267e-05,3.010834512081044e-06,3.5231663055054517e-06,7.373420280206503e-06,5.639290364185108e-07,6.635250791834772e-07,5.654576207643724e-09,6.232662847041654e-09,1.1392799997038376e-06,7.327764875076089e-08,8.642402684903101e-08,1.2373245221228276e-10,9.093724829004723e-08,0.0003545670044388486
84.95,0.0002959827135866375,4.114353784075622e-05,2.9994476665682015e-06,3.5084954344269746e-06,7.352079800371323e-06,5.617761703077568e-07,6.607402265898699e-07,5.624860121750818e-09,6.198691797508379e-09,1.1358878924908528e-06,7.29959619553143e-08,8.60597858439976e-08,1.2307793882644697e-10,9.06516934347661e-08,0.00035360633268924086
85.0,0.0002951993479792554,4.102576520528153e-05,2.988110738409183e-06,3.493893588075753e-06,7.330811370736674e-06,5.596318763481438e-07,6.579668510415212e-07,5.595339078806335e-09,6.1649537134118314e-09,1.1325064005695254e-06,7.271652191458026e-08,8.569844361373162e-08,1.224390156491907e-10,9.036740726871723e-08,0.00035264869911432264
85.05000000000001,0.00029441838738211604,4.090838738441545e-05,2.976823480334005e-06,3.479360405480767e-06,7.3096145092189295e-06,5.574961309302663e-07,6.552049247026967e-07,5.566044362785538e-09,6.13149059064728e-09,1.129136303331609e-06,7.243934058493239e-08,8.534003171713992e-08,1.2182045491178171e-10,9.008446805023528e-08,0.0003516940937162905
85.10000000000001,0.0002936398235004333,4.07914028755144e-05,2.965585646432029e-06,3.4648955277425773e-06,7.288488741281155e-06,5.553689197577579e-07,6.524544365522377e-07,5.537006349105944e-09,6.098343190635554e-09,1.1257783773393988e-06,7.216442960198477e-08,8.498458665762633e-08,1.2122528893089394e-10,8.980288510701919e-08,0.0003507425065012481
85.15,0.00029286364807074445,4.067481018227495e-05,2.954396992143758e-06,3.450498598020392e-06,7.267433601818924e-06,5.532502375453413e-07,6.497153918466419e-07,5.5082541533247635e-09,6.065550557920709e-09,1.1224333907870842e-06,7.189179781719879e-08,8.463214519927658e-08,1.206550626808129e-10,8.952263569714201e-08,0.000349793927503669
85.2,0.0002920898528607842,4.05586078147048e-05,2.9432572742527212e-06,3.436169261519261e-06,7.246448636972133e-06,5.511400876320164e-07,6.469878114289157e-07,5.479815299469902e-09,6.033149565827581e-09,1.1191020972959435e-06,7.162144838879523e-08,8.428273884443534e-08,1.2011037914231976e-10,8.92437135742627e-08,0.00034884834682064205
85.25,0.00029131842966935846,4.044279428909376e-05,2.9321662508773913e-06,3.4219071654773376e-06,7.225533405845322e-06,5.490384815130413e-07,6.442717308896838e-07,5.451715412924619e-09,6.001174497301523e-09,1.1157852289846245e-06,7.135337568407297e-08,8.393638794105745e-08,1.1959165109146728e-10,8.896618080882465e-08,0.0003479057546480349
85.30000000000001,0.00029054937032621834,4.0327368127984925e-05,2.92112368146316e-06,3.4077119591532256e-06,7.204687482119965e-06,5.469454382951773e-07,6.415671995885398e-07,5.423977942237106e-09,5.9696566672253104e-09,1.1124834888383892e-06,7.108756226180519e-08,8.359309590757428e-08,1.1909981133128962e-10,8.869020654054979e-08,0.00034696614130279237
85.35000000000001,0.00028978266669193607,4.021232786014605e-05,2.910129326774376e-06,3.393583293813429e-06,7.1839104555432745e-06,5.448609840804387e-07,6.388742795450504e-07,5.396623913578494e-09,5.938624091530095e-09,1.1091975424863897e-06,7.082397619551729e-08,8.325284404760491e-08,1.1863660438617924e-10,8.841607281110772e-08,0.00034602949721198884
85.4,0.000289018310657779,4.009767202054085e-05,2.8991829488864082e-06,3.379520822719848e-06,7.16320193327908e-06,5.427851512842855e-07,6.361930442101376e-07,5.369671720845712e-09,5.908101207318829e-09,1.105928009576819e-06,7.056256897291765e-08,8.29155873797679e-08,1.1820416711824572e-10,8.814413495553739e-08,0.00034509581285667993
85.45,0.00028825629414558644,3.998339915030072e-05,2.88828431117779e-06,3.3655242011173986e-06,7.142561541107862e-06,5.407179778948819e-07,6.335235771298279e-07,5.343136953621663e-09,5.878108647036682e-09,1.1026754550095925e-06,7.03032741659919e-08,8.258125183353062e-08,1.1780399679811793e-10,8.787474315420124e-08,0.0003441650786780757
85.5,0.00028749660910764604,3.9869507796696416e-05,2.877433178322396e-06,3.3515930862216926e-06,7.1219889244642586e-06,5.38659506680613e-07,6.308659705144445e-07,5.317032264388072e-09,5.848663068490482e-09,1.099440380339271e-06,7.004600701314819e-08,8.224973306590744e-08,1.1743586856719292e-10,8.760815323599925e-08,0.00034323728497540165
85.55000000000001,0.0002867392475265704,3.97559965131099e-05,2.866629316281675e-06,3.337727137206799e-06,7.101483749301985e-06,5.366097843535835e-07,6.282203237273121e-07,5.2913672755608575e-09,5.819777041276842e-09,1.0962232156928897e-06,6.979066499257133e-08,8.192089704215926e-08,1.1709736814590726e-10,8.734446381885112e-08,0.0003423124218337831
85.60000000000001,0.00028598420141517564,3.964286385900648e-05,2.8558724922969437e-06,3.323926015193111e-06,7.081045702777768e-06,5.34568860697266e-07,6.255867417078853e-07,5.266148526108319e-09,5.791458988964014e-09,1.093024312555325e-06,6.953712939828045e-08,8.159458240318106e-08,1.167843085444633e-10,8.708360559711444e-08,0.00034139047910863266
85.65,0.000285231462816358,3.9530108399906784e-05,2.8451624748817015e-06,3.310189383235245e-06,7.060674493747457e-06,5.325367876668075e-07,6.229653333448646e-07,5.241379456743209e-09,5.763713185223706e-09,1.0898439377577453e-06,6.92852678613938e-08,8.127060452009393e-08,1.16491763304054e-10,8.682538386002373e-08,0.0003404714464675454
85.7,0.00028448102380297327,3.9417728707359136e-05,2.834499033814025e-06,3.2965169063100685e-06,7.040369853069467e-06,5.305136184707926e-07,6.203562098154035e-07,5.217060431972437e-09,5.736539801059399e-09,1.0866822689634531e-06,6.903493769316788e-08,8.094876101987227e-08,1.162152053000929e-10,8.656955282563437e-08,0.00033955531346775263
85.75,0.00028373287647771574,3.9305723358911985e-05,2.8238819401289962e-06,3.2829082513047793e-06,7.020131533712318e-06,5.28499406643414e-07,6.177594829068122e-07,5.193188796662084e-09,5.7099349993571346e-09,1.0835393918825312e-06,6.878598986791053e-08,8.062883846177115e-08,1.1595135002317705e-10,8.631589174187138e-08,0.00033864206963842415
85.80000000000001,0.0002829870129729975,3.919409093808641e-05,2.8133109661111803e-06,3.269363087005067e-06,6.999959310664988e-06,5.264942051160932e-07,6.151752633373302e-07,5.169758964247876e-09,5.6838910722199025e-09,1.0804152993666145e-06,6.853827341698781e-08,8.031061975991995e-08,1.156985454160108e-10,8.606425872799747e-08,0.000337731704543172
85.85000000000001,0.0002822434254508295,3.9082830034348955e-05,2.8027858852871637e-06,3.2558810840833697e-06,6.97985298065066e-06,5.244980652975716e-07,6.126036590925045e-07,5.146762533303785e-09,5.658396615955076e-09,1.0773098924434337e-06,6.829163997335977e-08,7.999389188916142e-08,1.1545673480442978e-10,8.581461198103104e-08,0.0003368242078117608
85.9,0.00028150210610270067,3.8971939243084245e-05,2.7923064724181138e-06,3.2424619150871706e-06,6.9598123616462e-06,5.225110361713777e-07,6.100447737934817e-07,5.124188428883114e-09,5.633436738179883e-09,1.0742229832540661e-06,6.804594819206097e-08,7.967845338446435e-08,1.1522710703148151e-10,8.556700109989828e-08,0.0003359195691431059
85.95,0.00028076304714946,3.886141716556809e-05,2.7818725034924123e-06,3.2291052544274072e-06,6.939837292211686e-06,5.205331634193781e-07,6.074987051131514e-07,5.102023064871504e-09,5.608993291298101e-09,1.0711542997611768e-06,6.780106777737879e-08,7.936412115254933e-08,1.1501157863354901e-10,8.53215390607462e-08,0.00033501777828937886
86.0,0.00028002624084119806,3.8751262408940526e-05,2.771483755718325e-06,3.215810778366939e-06,6.9199276306359634e-06,5.185644885798092e-07,6.049655432554774e-07,5.080250523538303e-09,5.585045126579903e-09,1.0681034920105826e-06,6.755688287245056e-08,7.905073615862534e-08,1.1481225483783686e-10,8.507836661656471e-08,0.0003341188250322583
86.05000000000001,0.00027929167945712867,3.8641473586179046e-05,2.7611400075167143e-06,3.202578165009089e-06,6.9000832539059936e-06,5.166050482478097e-07,6.024453695126383e-07,5.058852748538329e-09,5.561568363239313e-09,1.0650701396572747e-06,6.731329461036389e-08,7.873816762908427e-08,1.1463097514004259e-10,8.483761675201073e-08,0.00033322269915823564
86.10000000000001,0.00027855935530547244,3.853204931607204e-05,2.7508410385138153e-06,3.18940709428628e-06,6.880304056509449e-06,5.146548733260062e-07,5.999382549137012e-07,5.0378097477897435e-09,5.538536667233624e-09,1.062053760415331e-06,6.70702226846696e-08,7.842631551712469e-08,1.1446895932556687e-10,8.459938079244636e-08,0.00033232939043387763
86.15,0.00027782926072333875,3.8422988223192106e-05,2.7405866295340286e-06,3.1762972479487055e-06,6.860589949081468e-06,5.127139883321529e-07,5.974442589775087e-07,5.017099802923529e-09,5.5159215349866266e-09,1.0590538190619865e-06,6.682760586698341e-08,7.811511110419924e-08,1.1432651028590845e-10,8.436367510627603e-08,0.0003314388885793924
86.2,0.00027710138807661,3.831428893786979e-05,2.7303765625927876e-06,3.1632483095531153e-06,6.84094085690813e-06,5.107824107702316e-07,5.949634285813196e-07,4.996699682350126e-09,5.4936925778370776e-09,1.0560697366209447e-06,6.658540147431682e-08,7.78045157455282e-08,1.1420278849695116e-10,8.413041152533038e-08,0.0003305511832433002
86.25,0.0002763757297598255,3.8205950096167286e-05,2.7202106208894564e-06,3.150259964451651e-06,6.821356718300375e-06,5.088601505707317e-07,5.924957969554546e-07,4.97658485539971e-09,5.47181780370482e-09,1.0531008993682994e-06,6.634358386258598e-08,7.749451790131111e-08,1.1409578605911693e-10,8.389938271005376e-08,0.0003296662639894479
86.30000000000001,0.00027565227819606616,3.809797033985228e-05,2.7100885888002752e-06,3.1373318997807575e-06,6.801837482853413e-06,5.069472096051156e-07,5.900413828128405e-07,4.956729705445493e-09,5.4502638932187905e-09,1.0501466673442927e-06,6.610214208930278e-08,7.718512871554618e-08,1.1400261715850419e-10,8.367027685920513e-08,0.00032878412031099493
86.35000000000001,0.0002749310258368399,3.799034831637208e-05,2.7000102518713623e-06,3.124463804450185e-06,6.782383109607737e-06,5.050435812787123e-07,5.87600189620917e-07,4.9371077403919335e-09,5.428996468328545e-09,1.0472063821120527e-06,6.58610769426054e-08,7.687637650185508e-08,1.1392006475772761e-10,8.344272768653956e-08,0.00032790474167755727
86.4,0.00027421196516196636,3.788308267882751e-05,2.6899753968117343e-06,3.111655369132025e-06,6.762993565128669e-06,5.031492502054737e-07,5.851722050218599e-07,4.917691799381184e-09,5.407980352191033e-09,1.0442793735760755e-06,6.562039757189319e-08,7.656830056319658e-08,1.1384516029838313e-10,8.321638835905222e-08,0.0003270281176044758
86.45,0.00027349508867946363,3.7776172085947345e-05,2.679983811486398e-06,3.098906286249854e-06,6.743668821522305e-06,5.012641919672267e-07,5.827574004055753e-07,4.8984542550210685e-09,5.3871798198547e-09,1.041364965753427e-06,6.538011797545294e-08,7.626094480592029e-08,1.137755765409607e-10,8.29910031073942e-08,0.0003261542377183359
86.5,0.00027278038892543453,3.766961520206257e-05,2.6700352849094745e-06,3.086216249967934e-06,6.724408854406124e-06,4.993883729592028e-07,5.803557306383527e-07,4.8793672108465594e-09,5.366558839922561e-09,1.0384624814738036e-06,6.514025360226089e-08,7.595435160789758e-08,1.1370973540282526e-10,8.276644792613347e-08,0.0003252830917907744
86.55000000000001,0.0002720678584639535,3.756341069708091e-05,2.660129607237364e-06,3.073584956180478e-06,6.705213640853046e-06,4.975217503227987e-07,5.779671339485374e-07,4.860402694078744e-09,5.346081307940047e-09,1.0355712460652653e-06,6.49008183096245e-08,7.564855636823693e-08,1.1364665377783596e-10,8.254272426261553e-08,0.0003244146697252381
86.60000000000001,0.0002713574898869548,3.745755724646152e-05,2.6502665697619722e-06,3.06101210250101e-06,6.686083157327946e-06,4.956642719656916e-07,5.75591531969066e-07,4.841532844024812e-09,5.325711272697606e-09,1.0326905901553065e-06,6.466182188749234e-08,7.534358310729546e-08,1.1358562719093346e-10,8.231990967485477e-08,0.0003235489615015109
86.65,0.00027064927581411935,3.7352053531189576e-05,2.6404459649039494e-06,3.0484973882517542e-06,6.667017377635579e-06,4.938158766686022e-07,5.732288299352141e-07,4.822730096660674e-09,5.305413156948084e-09,1.029819851777259e-06,6.442326831676504e-08,7.503944140628097e-08,1.1352588326743064e-10,8.209808631616245e-08,0.0003226859570996574
86.7,0.0002699432088927639,3.7246898237751224e-05,2.6306675862060027e-06,3.036040514453135e-06,6.648016270898939e-06,4.9197649427722e-07,5.70878917034497e-07,4.803967366047018e-09,5.285151974202846e-09,1.0269583780160776e-06,6.418515487584566e-08,7.473612488158375e-08,1.1346631282146719e-10,8.18772742830007e-08,0.00032182564643109445
86.75,0.00026923928179772974,3.714209005810855e-05,2.620931228326237e-06,3.0236411838133233e-06,6.629079799586542e-06,4.901460459770232e-07,5.685416669042781e-07,4.785218223245742e-09,5.264893543282921e-09,1.0241055264524865e-06,6.394747215017401e-08,7.443361128533662e-08,1.1340532318685823e-10,8.165739162789584e-08,0.00032096801929905127
86.80000000000001,0.00026853748723127194,3.703762768967464e-05,2.611236687031538e-06,3.0112991007178566e-06,6.6102079176068e-06,4.883244446480014e-07,5.662169382713662e-07,4.766457073330067e-09,5.2446047021663344e-09,1.021260666668927e-06,6.371020493680187e-08,7.413186421530748e-08,1.1334080873963216e-10,8.143825043177713e-08,0.0003201130653980592
86.85000000000001,0.00026783781792294985,3.693350983528893e-05,2.6015837591910134e-06,2.9990139712193447e-06,6.5914005684869385e-06,4.865115952956012e-07,5.639045757266835e-07,4.747659330921126e-09,5.224253522395884e-09,1.0184231820644909e-06,6.347333397339273e-08,7.383083630876758e-08,1.1327022249002743e-10,8.121958424803326e-08,0.0003192607743478289
86.9,0.00026714026662951645,3.682973520319235e-05,2.5919722427694488e-06,2.986785503027207e-06,6.572657683653049e-06,4.847073955535631e-07,5.616044106269651e-07,4.728801594445704e-09,5.203809524907546e-09,1.015592472190283e-06,6.323683836159889e-08,7.353047369156425e-08,1.1319073318688758e-10,8.100109188437474e-08,0.00031841113574631935
86.95,0.0002664448261348096,3.67263025070029e-05,2.582401936820831e-06,2.9746134054975163e-06,6.553979180827028e-06,4.829117362537443e-07,5.59316262114475e-07,4.7098618190067264e-09,5.183243897628223e-09,1.0127679557639218e-06,6.300069850199328e-08,7.323072136114865e-08,1.1309943332160631e-10,8.078248040441989e-08,0.00031756413922450757
87.0,0.00026575148924964335,3.662321046569121e-05,2.5728726414819047e-06,2.962497389622892e-06,6.535364962554903e-06,4.811245020574679e-07,5.570399382447987e-07,4.690819487403494e-09,5.162529714594841e-09,1.0099490744556493e-06,6.276489931522146e-08,7.293152910717964e-08,1.1299355005249414e-10,8.056349717887486e-08,0.0003167197744921055
87.05000000000001,0.0002650602488116993,3.65204578035562e-05,2.563384157965766e-06,2.950437168022461e-06,6.51681491487988e-06,4.793455721424673e-07,5.547752372119935e-07,4.671655778450871e-09,5.141642155693312e-09,1.0071352974634228e-06,6.252943349548439e-08,7.26328575220607e-08,1.1287065255647877e-10,8.034395145817667e-08,0.00031587803137400394
87.10000000000001,0.00026437109768541944,3.641804325020099e-05,2.5539362885555144e-06,2.938432454931905e-06,6.4983289061721016e-06,4.775748209390793e-07,5.52521948659703e-07,4.652353731343727e-09,5.120558725435055e-09,1.0043261268154752e-06,6.229430453123705e-08,7.233468363221453e-08,1.1272891710134548e-10,8.012373153206397e-08,0.0003150388998427636
87.15,0.0002636840287618979,3.631596554050866e-05,2.544528836597918e-06,2.9264829661935395e-06,6.479906786125528e-06,4.7581211890896474e-07,5.502798550662518e-07,4.632898404414358e-09,5.0992594685112605e-09,1.00152110326177e-06,6.205952923656782e-08,7.203700569346604e-08,1.1256749575794063e-10,7.990281943668571e-08,0.0003142023700482959
87.2,0.0002629990349587744,3.621422341461841e-05,2.535161606497148e-06,2.914588419246495e-06,6.461548384930984e-06,4.7405733335935697e-07,5.48048733191298e-07,4.613277026256771e-09,5.0777271792235084e-09,9.987198125461331e-07,6.18251395660695e-08,7.173984674273364e-08,1.123868841894229e-10,7.968129569784353e-08,0.00031336843233626055
87.25,0.00026231610922012786,3.61128156179017e-05,2.52583440370854e-06,2.9027485331169477e-06,6.443253512632606e-06,4.723103292855831e-07,5.458283555712426e-07,4.593479136860814e-09,5.055947601313039e-09,9.959218917937552e-07,6.159118353504127e-08,7.144325658237462e-08,1.1218901832720837e-10,7.945932166326074e-08,0.00031253707724167545
87.30000000000001,0.00026163524451636996,3.601174090093846e-05,2.5165470347323973e-06,2.8909630284084165e-06,6.425021958673345e-06,4.7057097023443493e-07,5.4361849205035e-07,4.573496716129732e-09,5.033909614229424e-09,9.931270357087199e-07,6.135772513231361e-08,7.114731198832732e-08,1.1197685460306406e-10,7.923709345097903e-08,0.00031170829545087265
87.35000000000001,0.0002609564338441405,3.5910998019493627e-05,2.5072993071078458e-06,2.8792316272921446e-06,6.406853491633445e-06,4.6883911918085163e-07,5.414189113343827e-07,4.553324296961676e-09,5.01160540151668e-09,9.903350022564301e-07,6.112484318957669e-08,7.085211506996639e-08,1.1175346770049729e-10,7.901477681894869e-08,0.0003108820777406839
87.4,0.0002602796702262008,3.581058573449345e-05,2.4980910294067065e-06,2.867554053497512e-06,6.388747859163974e-06,4.671146394103082e-07,5.392293825534846e-07,4.5329590599721885e-09,4.989030596772413e-09,9.875456175081703e-07,6.089262925205782e-08,7.055778985616315e-08,1.1152102888138915e-10,7.879244581323057e-08,0.00031005841491784156
87.45,0.00025960494671133024,3.571050281200224e-05,2.4889220112274316e-06,2.855930032302547e-06,6.3707047881158985e-06,4.653973953993235e-07,5.37049676821103e-07,4.512400906931249e-09,4.966184402570117e-09,9.847587793497943e-07,6.066118457329177e-08,7.026447732410109e-08,1.1128011299051429e-10,7.857005013578226e-08,0.00030923729778400424
87.5,0.00025893225637422135,3.561074802319906e-05,2.4797920631890693e-06,2.844359290524488e-06,6.352723984863259e-06,4.636872536865401e-07,5.348795687758463e-07,4.491652510089242e-09,4.9430696778341345e-09,9.819744598021742e-07,6.043061642430165e-08,6.997232921047935e-08,1.1102957616309969e-10,7.834742544311343e-08,0.0003084187171411038
87.55000000000001,0.000258261592315376,3.551132014435453e-05,2.4707009969252667e-06,2.832841556510408e-06,6.334805135817388e-06,4.619840837269534e-07,5.32718838093399e-07,4.4707193347752535e-09,4.919692989427255e-09,9.791927057647342e-07,6.020103395862562e-08,6.968150103666487e-08,1.1076697370149875e-10,7.812434400268843e-08,0.00030760266383486455
87.60000000000001,0.0002575929476610028,3.541221795680791e-05,2.4616486250783272e-06,2.8213765601279196e-06,6.31694790812742e-06,4.60287758722035e-07,5.305672709559158e-07,4.449609632965956e-09,4.896064624149573e-09,9.764136380708647e-07,5.997254390500903e-08,6.939214483207638e-08,1.1048933721009815e-10,7.79005885064661e-08,0.000306789128819731
87.65,0.00025692631556291286,3.5313440246944e-05,2.452634761293279e-06,2.809964032755916e-06,6.299151950560591e-06,4.5859815641870403e-07,5.284246614666806e-07,4.428334405937311e-09,4.872198557944155e-09,9.736374488300707e-07,5.974524636734408e-08,6.91044020507245e-08,1.1019407455282689e-10,7.767602396492335e-08,0.00030597810322060355
87.7,0.0002562616891984182,3.5214985806170445e-05,2.443659220212011e-06,2.798603707275402e-06,6.281416894554471e-06,4.569151598703887e-07,5.262908129982992e-07,4.406907334616282e-09,4.848112379847552e-09,9.708643971207325e-07,5.9519230997241905e-08,6.88183971466504e-08,1.098797042990752e-10,7.745064325810187e-08,0.0003051695783674407
87.75,0.00025559906177022947,3.511685343089496e-05,2.4347218174674318e-06,2.7872953180603745e-06,6.263742355431574e-06,4.552386581537238e-07,5.241655394632064e-07,4.385344676830856e-09,4.8238271690890854e-09,9.680948031833773e-07,5.929457377135795e-08,6.853423221128794e-08,1.0954613659393369e-10,7.722457170733615e-08,0.0003043635457885567
87.80000000000001,0.0002549384265063539,3.501904192250273e-05,2.425822369677669e-06,2.7760386009687677e-06,6.246127933765513e-06,4.535685470348064e-07,5.220486664958957e-07,4.3636651312991845e-09,4.799367324708607e-09,9.653290413418217e-07,5.907133455777945e-08,6.825198298833859e-08,1.0919438548872438e-10,7.699803252548878e-08,0.00030355999716505426
87.85000000000001,0.0002542797766599951,3.4921550087334075e-05,2.4169606944403193e-06,2.7648332933334732e-06,6.228573216886587e-06,4.5190472957934504e-07,5.199400325369644e-07,4.341889668883291e-09,4.7747603480985925e-09,9.625675319433768e-07,5.884955559860322e-08,6.79716964792642e-08,1.0882591127074407e-10,7.67712908907233e-08,0.00030275892426494613
87.9,0.0002536231055094509,3.4824376736661836e-05,2.408136610326709e-06,2.753679133953391e-06,6.211077780513397e-06,4.5024711670148597e-07,5.178394898098124e-07,4.32004133233838e-09,4.750036579950108e-09,9.598107326553266e-07,5.862926097430094e-08,6.769339024410617e-08,1.0844200817193978e-10,7.654460056182238e-08,0.00030196031888177357
87.95,0.000252968406358014,3.4727520686669285e-05,2.39934993687622e-06,2.7425758630845746e-06,6.193641190496202e-06,4.485956276466137e-07,5.157469051816868e-07,4.298145006495445e-09,4.7252288941617455e-09,9.570591294801775e-07,5.841045705382638e-08,6.741705339565182e-08,1.0804356734194574e-10,7.63181697363385e-08,0.0003011641727951025
88.0,0.0002523156725338714,3.463098075842792e-05,2.390600494590638e-06,2.7315232224314174e-06,6.17626300465666e-06,4.469501904039431e-07,5.136621609016348e-07,4.276227161498919e-09,4.7003723523199235e-09,9.543132278549766e-07,5.819313387583089e-08,6.714264918556058e-08,1.0763122399634393e-10,7.60921480771482e-08,0.0003003704777550149
88.05000000000001,0.00025166489739000526,3.4534755777875394e-05,2.381888104928541e-06,2.7205209551379032e-06,6.158942774707876e-06,4.4531074204530684e-07,5.115851552089129e-07,4.254315572362523e-09,4.6755038233458e-09,9.515735441802788e-07,5.79772673531283e-08,6.687011899252344e-08,1.0720561563062154e-10,7.586662561039218e-08,0.0002995792254810569
88.10000000000001,0.0002510160743040941,3.443884457579371e-05,2.3732125902997304e-06,2.7095688057789295e-06,6.1416800482380455e-06,4.4367722898714296e-07,5.095158028064129e-07,4.232439018684415e-09,4.6506615737964065e-09,9.488405980834093e-07,5.776282214641223e-08,6.659938744684392e-08,1.0676747201339643e-10,7.564163407486368e-08,0.00029879040766581403
88.15,0.000250369196678413,3.434324598778723e-05,2.3645737740596817e-06,2.698666520351657e-06,6.124474370740383e-06,4.420496071733185e-07,5.074540351947472e-07,4.210626968858708e-09,4.625884835076188e-09,9.461149056613265e-07,5.754975501568888e-08,6.633036836421355e-08,1.0631752178498234e-10,7.54171501989596e-08,0.00029800401598228585
88.2,0.0002497242579397364,3.424795885426104e-05,2.3559714805040484e-06,2.687813846266951e-06,6.107325287671853e-06,4.4042784217710007e-07,5.053998008637846e-07,4.188909253519696e-09,4.60121335443664e-09,9.433969738748169e-07,5.7338018430499816e-08,6.606297111527854e-08,1.0585647268928146e-10,7.519310865796152e-08,0.00029722004210264033
88.25,0.00024908125153923975,3.415298202039936e-05,2.3474055348631936e-06,2.677010532340863e-06,6.0902323465228116e-06,4.3881190922125087e-07,5.033530653395924e-07,4.1673157332434036e-09,4.576686937094104e-09,9.406872961828922e-07,5.712756420434287e-08,6.579710702891099e-08,1.0538533341091591e-10,7.496943187592575e-08,0.00029643847773522274
88.30000000000001,0.0002484401709524019,3.405831433614399e-05,2.338875763296755e-06,2.66625632878617e-06,6.073195098879752e-06,4.372017931159378e-07,5.013138110859683e-07,4.145875965700648e-09,4.552344987066372e-09,9.379863494199492e-07,5.6918346916277095e-08,6.553269541885712e-08,1.049060899144207e-10,7.474607457620057e-08,0.0002956593146770845
88.35000000000001,0.000247801009678909,3.396395465617306e-05,2.3303819928882573e-06,2.6555509872039835e-06,6.0562131024634075e-06,4.355974881148458e-07,4.992820372609957e-07,4.124618877500216e-09,4.528226054407484e-09,9.352945918343796e-07,5.671032689472125e-08,6.526966883893203e-08,1.044224666188761e-10,7.452307027506449e-08,0.00029488254486825517
88.4,0.0002471637612425565,3.3869901839879546e-05,2.321924051639734e-06,2.6448942605753863e-06,6.0392859231246365e-06,4.3399899769059794e-07,4.972577593303097e-07,4.103572445878243e-09,4.5043673964041795e-09,9.32612462131681e-07,5.650347256549359e-08,6.500797721380818e-08,1.0394038873319504e-10,7.430056190778596e-08,0.0002941081604288465
88.45,0.0002465284191911539,3.377615475135022e-05,2.3135017684664085e-06,2.634285903253152e-06,6.022413136781043e-06,4.3240633423130943e-07,4.952410085400584e-07,4.082763395183631e-09,4.4808045599914115e-09,9.29940379303001e-07,5.629776200783964e-08,6.474759056151496e-08,1.0346782256376854e-10,7.407880170678387e-08,0.0002933361536631329
88.5,0.0002458949770964285,3.368271225934456e-05,2.305114973191396e-06,2.623725670953504e-06,6.005594331277676e-06,4.308195186607926e-07,4.932318312537944e-07,4.062216912784059e-09,4.457570992155643e-09,9.272787429756661e-07,5.609318361686242e-08,6.448850011799418e-08,1.030138522121699e-10,7.385811479382152e-08,0.0002925665170243717
88.55000000000001,0.00024526342855393004,3.3589573237273756e-05,2.2967634965404395e-06,2.6132133207479283e-06,5.9888291081558815e-06,4.2923857998562583e-07,4.912302881587917e-07,4.0419563885834336e-09,4.434697684439397e-09,9.246279339987198e-07,5.588973583520878e-08,6.423071778804672e-08,1.025871426098809e-10,7.363883399024578e-08,0.0002917992430476203
88.60000000000001,0.00024463376718293633,3.3496736563179934e-05,2.2884471701366897e-06,2.602748611055056e-06,5.9721170843151984e-06,4.276635547729676e-07,4.892364533485102e-07,4.0220031818115405e-09,4.412212856857746e-09,9.219883149753221e-07,5.568742598630736e-08,6.397427397210907e-08,1.0219427870634957e-10,7.342122596808494e-08,0.00029103432427096383
88.65,0.00024400598662635746,3.340420111971526e-05,2.280165826495494e-06,2.5923313016325626e-06,5.9554578935539905e-06,4.2609448656362615e-07,4.872504132890922e-07,4.002376418135817e-09,4.3901416856110415e-09,9.193602304749594e-07,5.5486268309887564e-08,6.371921394334399e-08,1.0183864245083732e-10,7.32054351437856e-08,0.0002902717531722257
88.7,0.00024338008055064235,3.331196579412141e-05,2.2719192990192425e-06,2.5819611535691545e-06,5.9388511879757354e-06,4.2453142522550906e-07,4.852722656789099e-07,3.983092819472396e-09,4.3685060779573455e-09,9.167440067000309e-07,5.528628136143256e-08,6.346559306224363e-08,1.0152028727870148e-10,7.299146664995077e-08,0.00028951152214319066
88.75,0.00024275604264568484,3.322002947820894e-05,2.263707421992233e-06,2.5716379292765884e-06,5.92229663924884e-06,4.229744262531201e-07,4.83302118211205e-07,3.964166568155821e-09,4.347324496519592e-09,9.141399504401011e-07,5.508748498457033e-08,6.32134712045864e-08,1.0123677084597769e-10,7.277921377878685e-08,0.0002887536235071194
88.80000000000001,0.00024213386662473002,3.312839106833687e-05,2.2555300305755683e-06,2.56136139248174e-06,5.905793939709207e-06,4.214235500192844e-07,4.813400872508239e-07,3.945609206387212e-09,4.326611834181828e-09,9.115483472184044e-07,5.488989709460067e-08,6.296290683386138e-08,1.0098444526157922e-10,7.256851609349776e-08,0.0002879980495658297
88.85000000000001,0.00024151354622428185,3.303704946539242e-05,2.2473869608020953e-06,2.551131308218741e-06,5.889342803296103e-06,4.1987886098573556e-07,4.79386296436906e-07,3.927429571139521e-09,4.306379339607499e-09,9.089694586134843e-07,5.469353052004583e-08,6.27139511659374e-08,1.0075958352652359e-10,7.235922261869569e-08,0.00028724479265082624
88.9,0.0002408950752040095,3.294600357477058e-05,2.2392780495713527e-06,2.540947442821129e-06,5.8729429663131925e-06,4.1834042687957493e-07,4.774408752241025e-07,3.90963376397513e-09,4.286634592321309e-09,9.064035188181694e-07,5.449839013746722e-08,6.246664285155171e-08,1.0055897045759964e-10,7.215123678977445e-08,0.00028649384515551314
88.95,0.00024027844734665589,3.2855252306354116e-05,2.2312031346445727e-06,2.530809563914083e-06,5.856594188008235e-06,4.168083178429478e-07,4.755039573755375e-07,3.892225154547263e-09,4.267381525267764e-09,9.038507305726404e-07,5.430447050532985e-08,6.22210035458509e-08,1.003799794699566e-10,7.194453370487669e-08,0.00028574519953978336
89.0,0.00023966365645794547,3.276479457449347e-05,2.2231620546397004e-06,2.5207174404066847e-06,5.840296250966344e-06,4.152826055635162e-07,4.735756794211797e-07,3.8752044159300185e-09,4.248620491821894e-09,9.013112606727459e-07,5.411175415958842e-08,6.197703465235756e-08,1.0022041206124154e-10,7.173915542070239e-08,0.00028499884831366157
89.05000000000001,0.00023905069636649277,3.267462929798679e-05,2.2151546490264445e-06,2.510670842484233e-06,5.824048961313318e-06,4.1376336239348867e-07,4.7165617909563604e-07,3.858569589369365e-09,4.2303483734068405e-09,8.987852353046541e-07,5.392021068198142e-08,6.173471543210041e-08,1.0007836153851594e-10,7.153519661481032e-08,0.0002842547840131506
89.10000000000001,0.00023843956092371184,3.258475540006018e-05,2.207180758121368e-06,2.500669541600614e-06,5.807852148727225e-06,4.12250660465061e-07,4.697455937695692e-07,3.8423161755823526e-09,4.212558723189741e-09,8.962727354891849e-07,5.372979659687223e-08,6.149400256789512e-08,9.995217767908173e-11,7.133278908184514e-08,0.0002835129991772681
89.15,0.00023783024400372455,3.2495171808347795e-05,2.1992402230829863e-06,2.4907133104706944e-06,5.791705666257891e-06,4.1074457081013174e-07,4.678440588889597e-07,3.8264372493662905e-09,4.195241940800221e-09,8.937737929319017e-07,5.3540456098337595e-08,6.125483117777816e-08,9.984046026973592e-11,7.113208559149536e-08,0.000282773486327033
89.2,0.00023722273950327097,3.2405877454872296e-05,2.1913328859069163e-06,2.4808019230627837e-06,5.775609389955776e-06,4.092451624921052e-07,4.6595170643633955e-07,3.810923594020698e-09,4.178385472655396e-09,8.9128838656783e-07,5.3352122559528484e-08,6.101711718640401e-08,9.97419987532699e-11,7.093323918335093e-08,0.0002820362379425597
89.25,0.00023661704134161923,3.2316871276025245e-05,2.1834585894210448e-06,2.470935154591131e-06,5.7595632183131465e-06,4.0775250175744217e-07,4.640686634278393e-07,3.795763851937043e-09,4.161974032288721e-09,8.888164400632099e-07,5.316472073329377e-08,6.078076089181282e-08,9.965564700659587e-11,7.073637546422292e-08,0.00028130124643583893
89.30000000000001,0.00023601314346047582,3.222815221254763e-05,2.175617177280723e-06,2.4611127815084664e-06,5.743567071522149e-06,4.0626665121440323e-07,4.6219505045947994e-07,3.780944687675633e-09,4.145989835068186e-09,8.863578204930415e-07,5.2978169517664805e-08,6.054565150789461e-08,9.958018038519866e-11,7.054156045123276e-08,0.0002805685041216816
89.35000000000001,0.00023541103982389696,3.213971920951057e-05,2.167808493964005e-06,2.4513345814985984e-06,5.727620890555941e-06,4.047876690461402e-07,4.603309803155882e-07,3.7664509599219465e-09,4.130412841846434e-09,8.8391233835522e-07,5.279238513211404e-08,6.031167241907643e-08,9.9514196286861e-11,7.034877157403255e-08,0.0002798380031942664
89.4,0.00023481072441819889,3.20515712162959e-05,2.1600323847668856e-06,2.441600333469031e-06,5.711724636080436e-06,4.0331560826491913e-07,4.584765566515129e-07,3.752265898890323e-09,4.115221006401902e-09,8.814797490135117e-07,5.260728453013666e-08,6.007870685169168e-08,9.945610428701833e-11,7.015788233869751e-08,0.0002791097357194711
89.45,0.00023421219125187,3.196370718657707e-05,2.1522886957985965e-06,2.431909817543649e-06,5.695878287205836e-06,4.0185051601384685e-07,4.5663187276202366e-07,3.738371286011196e-09,4.100390521989611e-09,8.790597555867843e-07,5.2422788860329946e-08,5.984664364501437e-08,9.94042213588934e-11,6.996867043331131e-08,0.00027838369365232584
89.5,0.00023361543435548266,3.187612607830004e-05,2.1445772739769117e-06,2.4222628150554366e-06,5.680081840088308e-06,4.0039243292197004e-07,4.5479701044583254e-07,3.724747633086161e-09,4.085896062902691e-09,8.766520132252703e-07,5.223882678193901e-08,5.961538279401806e-08,9.935695333023194e-11,6.97808536969669e-08,0.0002776598688834186
89.55000000000001,0.00023302044778160527,3.178882685366422e-05,2.136897967023486e-06,2.4126591085392365e-06,5.664335306393514e-06,3.9894139251808613e-07,4.5297203897566336e-07,3.711374358508539e-09,4.071711017627429e-09,8.742561346408963e-07,5.205533744267103e-08,5.938484043698612e-08,9.931301733455456e-11,6.959414855772711e-08,0.0002769382533081911
89.60000000000001,0.00023242722560471563,3.170180847910368e-05,2.1292506234592297e-06,2.4030984817245658e-06,5.6486387116349155e-06,3.9749742070801887e-07,4.5115701418219106e-07,3.6982299586079516e-09,4.057807710927838e-09,8.718716966921644e-07,5.187227293787748e-08,5.915495297691468e-08,9.927164165090329e-11,6.940833427220686e-08,0.00027621883890171855
89.65,0.00023183576192111296,3.161506992526814e-05,2.1216350925996896e-06,2.3935807195284498e-06,5.632992093400686e-06,3.960605353194811e-07,4.493519776589874e-07,3.6852921726678715e-09,4.044157612991743e-09,8.694982477686884e-07,5.168960009247923e-08,5.892568005963909e-08,9.923265828399487e-11,6.922329953619972e-08,0.0002755016177747894
89.7,0.00023124605084883196,3.152861016700436e-05,2.114051224550479e-06,2.384105608048324e-06,5.6173954994841925e-06,3.946307457180074e-07,4.4755695609440557e-07,3.672538140666218e-09,4.030731534579224e-09,8.671353156795446e-07,5.150730144117256e-08,5.869700618665276e-08,9.919640274566979e-11,6.903905180815327e-08,0.00027478658219092525
89.75,0.00023065808652755637,3.144242818333743e-05,2.1064988702027238e-06,2.374672934554965e-06,5.6018489859336645e-06,3.9320805249675056e-07,4.4577196073505775e-07,3.6599445532813927e-09,4.017499807905538e-09,8.647824157254677e-07,5.132537532821386e-08,5.8468940817547624e-08,9.916341221485253e-11,6.885568481540156e-08,0.000274073724539277
89.80000000000001,0.00023007186311853296,3.135652295745219e-05,2.098977881228536e-06,2.3652824874854656e-06,5.586352615037392e-06,3.9179244724225055e-07,4.439969869842722e-07,3.647487794171916e-09,4.004432453735874e-09,8.624390586291425e-07,5.1143835103498177e-08,5.824151691352827e-08,9.91340534846067e-11,6.867331864524247e-08,0.0002733630372775559
89.85000000000001,0.00022948737480448663,3.127089347667487e-05,2.091488110076526e-06,2.3559340564362623e-06,5.570906453261359e-06,3.9038391237759446e-07,4.422320141376404e-07,3.635144074959869e-09,3.991499335841835e-09,8.601047580107675e-07,5.0962707453050653e-08,5.801478798330273e-08,9.910828165570998e-11,6.849203794434662e-08,0.00027265451287053483
89.9,0.00022890461578953432,3.11855387324545e-05,2.0840294099673177e-06,2.346627432156183e-06,5.555510569156498e-06,3.8898242108367963e-07,4.404770052564889e-07,3.622889563711724e-09,3.978670304545698e-09,8.577790371270148e-07,5.0782029964351104e-08,5.778882380611902e-08,9.908563469748701e-11,6.831185067069021e-08,0.00027194814374668013
89.95,0.0002283235802991007,3.110045772034473e-05,2.0766016348891148e-06,2.33736240653956e-06,5.540165031253119e-06,3.875879372986218e-07,4.387319071788909e-07,3.610700508002253e-09,3.965915331538584e-09,8.554614346387048e-07,5.060184808419887e-08,5.756370511192954e-08,9.906540134847054e-11,6.81326764381876e-08,0.00027124392228211863
90.0,0.00022774426257983382,3.1015649439985554e-05,2.069204639593283e-06,2.3281387726193753e-06,5.524869905960013e-06,3.862004157946692e-07,4.3699665066661925e-07,3.598553353858305e-09,3.953204638487575e-09,8.531515092330305e-07,5.0422211673153777e-08,5.733951758354363e-08,9.90468186031158e-11,6.795435968574831e-08,0.00027054184080743974
90.05000000000001,0.00022716665689952054,3.0931112895085166e-05,2.061838279589957e-06,2.3189563245604437e-06,5.509625255485742e-06,3.848198023313411e-07,4.352711506853119e-07,3.586424862002707e-09,3.9405088221342374e-09,8.508488429963083e-07,5.024317139090839e-08,5.711634560003894e-08,9.902919187449154e-11,6.777669602666574e-08,0.0002698418916261485
90.10000000000001,0.00022659075754700365,3.084684709340197e-05,2.054502411143687e-06,2.309814857652656e-06,5.494431135799363e-06,3.8344603388289385e-07,4.335553068140403e-07,3.574292222851178e-09,3.927798978627925e-09,8.485530435084936e-07,5.0064775157854234e-08,5.68942661582105e-08,9.901190779531798e-11,6.759946085565276e-08,0.0002691440670344878
90.15,0.00022601655883209746,3.076285104672647e-05,2.047196891269089e-06,2.3007141683042373e-06,5.479287594647441e-06,3.820790389376211e-07,4.318490037794566e-07,3.562133171656462e-09,3.915046829731656e-09,8.462637447062148e-07,4.9887064928482467e-08,5.667334338775808e-08,9.899436118871052e-11,6.742243400760505e-08,0.00026844835933715445
90.2,0.00022544405508550532,3.0679123770863454e-05,2.0399215777265467e-06,2.291654054035071e-06,5.464194669643758e-06,3.8071873786596007e-07,4.30152112108782e-07,3.549926105048493e-09,3.902224853292963e-09,8.439806066320556e-07,4.971007398350068e-08,5.645362401955869e-08,9.897583640633592e-11,6.724541909886896e-08,0.00026775476085827757
90.25,0.00022487324065873684,3.0595664285614174e-05,2.0326763290179233e-06,2.2826343134700565e-06,5.449152386447381e-06,3.793650433538524e-07,4.2846448889503837e-07,3.537650199992578e-09,3.889306419996063e-09,8.417033142496053e-07,4.953382490330927e-08,5.623513408236929e-08,9.895538685487618e-11,6.70682591323396e-08,0.0002670632639499098
90.30000000000001,0.00022430410992402535,3.0512471614758563e-05,2.025461004382306e-06,2.2736547463325078e-06,5.434160757044017e-06,3.780178608973513e-07,4.2678597866717587e-07,3.5252855358890434e-09,3.876265937920467e-09,8.39431575552706e-07,4.9358328331086336e-08,5.6017877002256115e-08,9.893175816405505e-11,6.689085058160089e-08,0.000266373861000807
90.35000000000001,0.00022373665727424655,3.042954478603769e-05,2.018275463791786e-06,2.2647151534376064e-06,5.419219778144673e-06,3.766770893540431e-07,4.2511641435708034e-07,3.5128132201807223e-09,3.863079005845e-09,8.371651192304507e-07,4.91835825751582e-08,5.580183317267526e-08,9.890340155069338e-11,6.67131563285141e-08,0.00026568654444630375
90.4,0.00022317087712283584,3.0346882831136033e-05,2.0111195679472412e-06,2.2558153366858737e-06,5.404329429714525e-06,3.7534262154647157e-07,4.234556183548548e-07,3.500215517431509e-09,3.849722575575901e-09,8.349036921651185e-07,4.9009574043226325e-08,5.558696096230598e-08,9.886860871728962e-11,6.653521371433398e-08,0.0002650013067758075
90.45,0.00022260676390370768,3.026448478566409e-05,2.0039931782741713e-06,2.2469550990567102e-06,5.389489673643928e-06,3.7401434491243483e-07,4.2180340364328657e-07,3.487475981406858e-09,3.8361751228690615e-09,8.326470570379299e-07,4.8836278449848714e-08,5.537319904081036e-08,9.882574018450629e-11,6.63571296319328e-08,0.0002643181405299072
90.5,0.00022204431207117445,3.0182349689140925e-05,1.996896156918545e-06,2.2381342446019655e-06,5.374700452572119e-06,3.7269214219672973e-07,4.201595750019908e-07,3.474579589242196e-09,3.822416825786387e-09,8.303949902977933e-07,4.8663662696160474e-08,5.516046983443931e-08,9.877342165097725e-11,6.617905444282301e-08,0.00026363703827871456
90.55000000000001,0.00022148351609986558,3.0100476584976825e-05,1.989828366742677e-06,2.2293525784395507e-06,5.3599616888729296e-06,3.7137589217869416e-07,4.1852393027140135e-07,3.4615128763449217e-09,3.808429748601572e-09,8.28147280712791e-07,4.849168728836199e-08,5.4948683874924266e-08,9.871053670328973e-11,6.60011341895926e-08,0.00026295799258057505
90.60000000000001,0.00022092437048464798,3.0018864520456128e-05,1.982789671321139e-06,2.220609906747109e-06,5.345273283810475e-06,3.7006547042970035e-07,4.1689626166652474e-07,3.448264070257545e-09,3.794198028679152e-09,8.2590372867543e-07,4.832030913884684e-08,5.473774477453266e-08,9.863594824610227e-11,6.582345373735144e-08,0.00026228099593345256
90.65,0.00022036686974054504,2.9937512546719898e-05,1.975779934936681e-06,2.2119060367556997e-06,5.330635116871257e-06,3.687607500946031e-07,4.1527635713018856e-07,3.4348232213300653e-09,3.779708063118637e-09,8.236641463737173e-07,4.8149484580054494e-08,5.452755454402246e-08,9.854808740071379e-11,6.564599322915299e-08,0.00026160604074115215
90.7,0.00021981100840265768,2.9856419718748936e-05,1.968799022576192e-06,2.2032407767435548e-06,5.316047045277789e-06,3.6746160269105275e-07,4.1366400171542e-07,3.421182327725184e-09,3.7649486914082895e-09,8.214283588745288e-07,4.79791724150263e-08,5.431801896483395e-08,9.844467792601124e-11,6.546861813165647e-08,0.0002609331193144937
90.75,0.00021925678102608485,2.9775585095346734e-05,1.9618467999266884e-06,2.194613936029864e-06,5.301508903687205e-06,3.661678989205076e-07,4.1205897898652445e-07,3.407335452023414e-09,3.749911369891637e-09,8.19196206097256e-07,4.780933682922446e-08,5.410905272954246e-08,9.832281209724077e-11,6.529110903730774e-08,0.00026026222391330964
90.80000000000001,0.0002187041821858444,2.9695007739122497e-05,1.9549231333713164e-06,2.1860253249686036e-06,5.287020504076888e-06,3.6487950948476414e-07,4.1046107242845664e-07,3.393278826518887e-09,3.734590333533573e-09,8.169675455883659e-07,4.763994999497339e-08,5.390058407441008e-08,9.817942034048759e-11,6.511321988905525e-08,0.0002595933468174242
90.85000000000001,0.00021815320647679517,2.9614686716474394e-05,1.9480278899853997e-06,2.177474754942419e-06,5.272581635817611e-06,3.635963059018374e-07,4.0887006685413914e-07,3.379010944210435e-09,3.7189827402971387e-09,8.147422559451469e-07,4.7470994213025445e-08,5.3692558645661314e-08,9.801199068736361e-11,6.493474246930996e-08,0.0002589264804037192
90.9,0.00021760384851355754,2.9534621097572626e-05,1.94116093753249e-06,2.1689620383565285e-06,5.258192065933104e-06,3.6231816131506717e-07,4.0728574979949124e-07,3.3645326325017284e-09,3.7030887934160637e-09,8.125202406831976e-07,4.7302463455892383e-08,5.3484942369097763e-08,9.781926959000958e-11,6.475555528316584e-08,0.0002582616172065537
90.95,0.00021705610293043623,2.945480995634282e-05,1.934322144460464e-06,2.160486988632693e-06,5.243851539543606e-06,3.610449512894252e-07,4.0570791289610913e-07,3.3498471067334515e-09,3.6869118369787745e-09,8.103014323004782e-07,4.7134364205570225e-08,5.3277723133666216e-08,9.760167094729396e-11,6.457564402859931e-08,0.00025759874994788433
91.0,0.00021650996438134245,2.9375252370449377e-05,1.927511379897637e-06,2.1520494202032155e-06,5.229559780489363e-06,3.5977655458910533e-07,4.0413635321173364e-07,3.3349600008789826e-09,3.6704584205265337e-09,8.080857962635987e-07,4.696671551465678e-08,5.307091115588043e-08,9.736124612287574e-11,6.439509272464881e-08,0.0002569378715355091
91.05000000000001,0.0002159654275397164,2.9295947421278908e-05,1.9207285136488997e-06,2.1436491485049846e-06,5.215316492128698e-06,3.5851285393063894e-07,4.025708745489004e-07,3.319879373040034e-09,3.653738328807397e-09,8.058733346314999e-07,4.6799548264312585e-08,5.28645379642052e-08,9.710124796054322e-11,6.421405381063483e-08,0.0002562789750373779
91.10000000000001,0.00021542248709845087,2.9216894193923855e-05,1.9139734161918974e-06,2.135285989973572e-06,5.20112135830393e-06,3.57253736705964e-07,4.010112886924665e-07,3.3046156837740627e-09,3.636764573409476e-09,8.036640890388326e-07,4.663290364335273e-08,5.265865402858339e-08,9.682545611580762e-11,6.403270976113819e-08,0.00025562205364442777
91.15,0.00021488113776981362,2.913809177716597e-05,1.9072459586732065e-06,2.126959762037348e-06,5.186974044467044e-06,3.559990956700867e-07,3.9945741659703774e-07,3.2891817457610056e-09,3.6195533437065446e-09,8.014581427862561e-07,4.646683092672848e-08,5.245332515495221e-08,9.653748434546899e-11,6.385123835346691e-08,0.00025496710063421953
91.2,0.00021434137428537163,2.90595392634601e-05,1.9005460129045635e-06,2.118670283111662e-06,5.172874198955939e-06,3.547488295882336e-07,3.979090895057181e-07,3.2735926438613397e-09,3.6021239153680194e-09,7.992556218265883e-07,4.630138468415769e-08,5.224862785954339e-08,9.624027864600799e-11,6.366978987655043e-08,0.00025431410934398266
91.25,0.00021380319139591494,2.8981235748917928e-05,1.8938734513591044e-06,2.110417372593055e-06,5.158821454410809e-06,3.535028438376611e-07,3.9636614999201704e-07,3.2578656252151525e-09,3.5844985155903463e-09,7.970566944921067e-07,4.613662159529008e-08,5.204464402267015e-08,9.593592433179133e-11,6.348847824450798e-08,0.0002536630731554453
91.30000000000001,0.0002132665838713807,2.8903180333291815e-05,1.8872281471676325e-06,2.102200850853511e-06,5.144815429319249e-06,3.5226105095960575e-07,3.948284529172331e-07,3.242019959667241e-09,3.566702145173179e-09,7.948615698761958e-07,4.597259708130634e-08,5.1841455186003754e-08,9.5625705068879e-11,6.33073811044208e-08,0.0002530139854869476
91.35000000000001,0.00021273154650077838,2.88253721199588e-05,1.8806099741149193e-06,2.0940205392347635e-06,5.1308557296777374e-06,3.510233711571967e-07,3.932958662961538e-07,3.2260767714569516e-09,3.5487623585619178e-09,7.926704948578551e-07,4.580936198004966e-08,5.163913689220289e-08,9.531020326848906e-11,6.312654068413432e-08,0.00025236683978496554
91.4,0.0002121980740921138,2.874781021590449e-05,1.8740188066360108e-06,2.085876260042617e-06,5.116941950756227e-06,3.497897327355154e-07,3.9176827206447313e-07,3.2100588437645546e-09,3.530709003978747e-09,7.904837498354659e-07,4.564695949030406e-08,5.1437753465914805e-08,9.498925804497049e-11,6.294596076022307e-08,0.0002517216295109108
91.45,0.00021166616147231488,2.8670493731707237e-05,1.867454519812578e-06,2.077767836541332e-06,5.10307367895196e-06,3.485600724803985e-07,3.902455667419676e-07,3.193990398340246e-09,3.51257392673846e-09,7.883016433115792e-07,4.548542259053825e-08,5.123735359994762e-08,9.46618187057739e-11,6.276560390889471e-08,0.0002510783481281051
91.5,0.0002111358034871571,2.8593421781522274e-05,1.860916989369282e-06,2.069695092948041e-06,5.089250493717891e-06,3.473343359729921e-07,3.887276619861253e-07,3.1778968530367337e-09,3.494390639761611e-09,7.861245055380796e-07,4.532477210043967e-08,5.103796704384714e-08,9.432594756947662e-11,6.25853998117761e-08,0.0002504369891006082
91.55000000000001,0.00021060699500118904,2.851659348306595e-05,1.854406091670162e-06,2.0616578544271997e-06,5.075471969550648e-06,3.4611247783752485e-07,3.8721448503165293e-07,3.161804560605019e-09,3.4761939661292574e-09,7.839526814863177e-07,4.51650155039009e-08,5.0839602602188806e-08,9.397922584087329e-11,6.24052729322607e-08,0.00024979754591304937
91.60000000000001,0.0002100797308976593,2.844000795760014e-05,1.847921703715058e-06,2.05365594708509e-06,5.061737678022571e-06,3.4489446192024613e-07,3.857059790120642e-07,3.1457405325789614e-09,3.4580196592450494e-09,7.817865234459164e-07,4.5006146595099296e-08,5.0642247547076916e-08,9.361959045608347e-11,6.222518649712233e-08,0.000249160012108882
91.65,0.00020955400607844193,2.836366432991652e-05,1.8414637031360365e-06,2.04568919796434e-06,5.048047189842026e-06,3.436802613979699e-07,3.842021031603616e-07,3.1297321524528056e-09,3.4399040067590637e-09,7.796263835763639e-07,4.484814595076241e-08,5.0445868444891e-08,9.324633831093035e-11,6.204518693955058e-08,0.00024852438133126834
91.7,0.0002090298154639638,2.8287561728321137e-05,1.8350319681938593e-06,2.0377574350385015e-06,5.034400076926151e-06,3.4246985881519513e-07,3.8270283288670745e-07,3.1138068826365304e-09,3.4218834248464753e-09,7.774726067361862e-07,4.469098217712854e-08,5.025041330155122e-08,9.286086143034644e-11,6.186542780853406e-08,0.0002478906473453376
91.75,0.0002085071539931316,2.8211699284618957e-05,1.8286263777744647e-06,2.0298604872066546e-06,5.020795914470026e-06,3.4126324604930234e-07,3.81208159731873e-07,3.0979919698473275e-09,3.403994049708833e-09,7.753255238957025e-07,4.453461383389659e-08,5.005581485141794e-08,9.246673682563695e-11,6.168615878268931e-08,0.00024725880402710296
91.80000000000001,0.0002079860166232589,2.813607613409848e-05,1.8222468113854711e-06,2.0219981842880484e-06,5.0072342829964095e-06,3.4006042420388506e-07,3.797180911962101e-07,3.0823141536569683e-09,3.3862713332685724e-09,7.731854464028793e-07,4.437899190242366e-08,4.98619947570415e-08,9.206908916145721e-11,6.15076804478933e-08,0.00024662884531951375
91.85000000000001,0.00020746639832999462,2.8060691415516548e-05,1.8158931491527131e-06,2.014170357016788e-06,4.993714770370377e-06,3.388614034308362e-07,3.7823265044486297e-07,3.0667993828626706e-09,3.368749649955745e-09,7.710526613203599e-07,4.4224062642524955e-08,4.966886845136048e-08,9.167350958309773e-11,6.133028031599913e-08,0.00024600076517119937
91.9,0.0002069482941072499,2.7985544271083027e-05,1.8095652718167796e-06,2.0063768370365343e-06,4.9802369737634185e-06,3.3766620268237167e-07,3.7675187589092647e-07,3.051472544184378e-09,3.351461921241597e-09,7.689274279889783e-07,4.406977067078455e-08,4.947635033851712e-08,9.12849987427346e-11,6.115417229031466e-08,0.0002453745574802758
91.95,0.00020643169896712713,2.791063384644575e-05,1.8032630607295916e-06,1.998617456895262e-06,4.9668005015521076e-06,3.364748493947544e-07,3.752758206592841e-07,3.0363572075197885e-09,3.334439264164993e-09,7.668099759030778e-07,4.391606209149336e-08,4.928435907001743e-08,9.090730150356494e-11,6.09794583288592e-08,0.00024475021606197047
92.0,0.00020591660793984828,2.783595929067547e-05,1.7969863978509937e-06,1.9908920500400384e-06,4.953404975136842e-06,3.3528737910603296e-07,3.7380455193485435e-07,3.0214753916175688e-09,3.3177106695366626e-09,7.647005039099503e-07,4.376288751692758e-08,4.909282262466454e-08,9.054275780901328e-11,6.080612147132301e-08,0.00024412773464893434
92.05000000000001,0.00020540301607368367,2.776151975625086e-05,1.7907351657453636e-06,1.9832004508118337e-06,4.940050030666859e-06,3.3410383501067e-07,3.7233815019998953e-07,3.0068473535701324e-09,3.3013027148098853e-09,7.625991806739634e-07,4.361020482463132e-08,4.890168293938045e-08,9.019261151427913e-11,6.063404923346204e-08,0.00024350710692272055
92.10000000000001,0.00020489091843488167,2.7687314399043716e-05,1.784509247578253e-06,1.975542494440378e-06,4.9267353206584385e-06,3.32924267454474e-07,3.708767083667568e-07,2.9924914049935184e-09,3.285239315795345e-09,7.605061462792925e-07,4.34579815143005e-08,4.871089986121079e-08,8.985762577697386e-11,6.046307827204056e-08,0.00024288832656669713
92.15,0.00020438031010759733,2.7613342378304007e-05,1.7783085271130303e-06,1.9679180170390273e-06,4.913460515493979e-06,3.3174873337375646e-07,3.6942033081077757e-07,2.978423757167789e-09,3.2695415204950556e-09,7.584215147871188e-07,4.330619654524358e-08,4.8520454218020794e-08,8.95387665829657e-11,6.029304567061441e-08,0.0002422713873249972
92.2,0.0002038711861938227,2.7539602856645228e-05,1.772132888707559e-06,1.9603268555996784e-06,4.900225304790632e-06,3.3057729568313643e-07,3.679691323142258e-07,2.96465839677501e-09,3.25422734736299e-09,7.563453775166313e-07,4.3154841557401046e-08,4.833034983786139e-08,8.923765286433107e-11,6.012383061638648e-08,0.00024165628305048846
92.25,0.0002033635418133167,2.7466095000029718e-05,1.7659822173108893e-06,1.9527688479877077e-06,4.887029398628066e-06,3.294100226168563e-07,3.6652323692642594e-07,2.9512069932097063e-09,3.2393116692941976e-09,7.542778067863966e-07,4.3003921405091704e-08,4.8140614386908904e-08,8.895654986504338e-11,5.99553748582862e-08,0.0002410430077294654
92.30000000000001,0.00020285737210353535,2.7392817977754044e-05,1.7598563984599667e-06,1.9452438329369377e-06,4.873872528626058e-06,3.282469870288956e-07,3.650827767512875e-07,2.9380788377669242e-09,3.224806143627821e-09,7.522188598352584e-07,4.285345396355605e-08,4.795129894540705e-08,8.869793211271854e-11,5.97876806043952e-08,0.00024043155548135464
92.35000000000001,0.00020235267221956296,2.731977096243458e-05,1.7537553182763684e-06,1.937751650044643e-06,4.86075444886374e-06,3.2708826565753723e-07,3.6364789067151647e-07,2.925280814354503e-09,3.210719187451345e-09,7.501685826406633e-07,4.270346920407502e-08,4.7762476301301035e-08,8.846389955180322e-11,5.962079503001204e-08,0.00023982192054258875
92.4,0.0002018494373340422,2.724695312999293e-05,1.7476788634630402e-06,1.9302921397665618e-06,4.84767493663345e-06,3.2593393836035624e-07,3.622187230201548e-07,2.9128174007447164e-09,3.1970559965386616e-09,7.481270133672097e-07,4.255400757324448e-08,4.7574238011552275e-08,8.825577924708951e-11,5.945479445727689e-08,0.00023921409724786454
92.45,0.00020134766263710585,2.717436365964166e-05,1.7416269213010701e-06,1.9228651434119593e-06,4.834633793023504e-06,3.247840873258776e-07,3.6079542221052757e-07,2.9006906987932887e-09,3.1838186053691663e-09,7.460941852085487e-07,4.24051177541485e-08,4.738669035837249e-08,8.807404919568789e-11,5.928977606248563e-08,0.00023860808001675734
92.5,0.00020084734333630812,2.7102001733869967e-05,1.7355993796464697e-06,1.9154705031387046e-06,4.821630843325379e-06,3.236387962683467e-07,3.593781393360711e-07,2.8889004915250747e-09,3.171005984881344e-09,7.440701284298808e-07,4.225685392886963e-08,4.719994940624987e-08,8.791846030684722e-11,5.912585489560079e-08,0.00023800386334349037
92.55000000000001,0.00020034847465655637,2.7029866538429443e-05,1.7295961269269726e-06,1.9081080619483753e-06,4.808665937262183e-06,3.224981496122102e-07,3.5796702675181504e-07,2.8774443245283074e-09,3.158614173931806e-09,7.420548714739056e-07,4.210927269926482e-08,4.701413543798735e-08,8.778812581698744e-11,5.896315688226175e-08,0.00023740144178060506
92.60000000000001,0.00019985105184004362,2.695795726232e-05,1.7236170521388602e-06,1.9007776636813993e-06,4.795738949036631e-06,3.213622316729891e-07,3.5656223664946365e-07,2.8663176087236177e-09,3.146636439875531e-09,7.400484410570699e-07,4.1962429852028645e-08,4.682936710526045e-08,8.768145914910119e-11,5.8801799868087875e-08,0.00023680080990893317
92.65,0.00019935507014618012,2.6886273097775662e-05,1.7176620448437857e-06,1.8934791530121984e-06,4.782849777198067e-06,3.202311258412391e-07,3.5516391963805895e-07,2.855513741288144e-09,3.13506346326772e-09,7.380508612516125e-07,4.181637717080134e-08,4.664575566307017e-08,8.759605525107065e-11,5.864186381557136e-08,0.00023620196229565
92.7,0.00019886052485152653,2.6814813240250635e-05,1.7117309951656322e-06,1.8862123754443795e-06,4.7699983443295255e-06,3.1910491377625855e-07,3.537722233421452e-07,2.8450242413246297e-09,3.12388354142059e-09,7.360621516180944e-07,4.16711594995174e-08,4.6463399661661436e-08,8.752872816045865e-11,5.848336133604129e-08,0.0002356048934524613
92.75,0.00019836741124972662,2.6743576888405333e-05,1.7058237937873792e-06,1.8789771773059403e-06,4.75718459655712e-06,3.1798367461608563e-07,3.523872910291368e-07,2.834838896772479e-09,3.113082805432951e-09,7.340823245183611e-07,4.1526812246072016e-08,4.628238044130002e-08,8.747582096956392e-11,5.832622325299279e-08,0.00023500959780940953
92.80000000000001,0.00019787572465144041,2.6672563244092478e-05,1.6999403319479846e-06,1.871773405744497e-06,4.744408502885416e-06,3.1686748421015595e-07,3.5100926027727394e-07,2.8249459190629473e-09,3.1026454453471322e-09,7.321113817960328e-07,4.1383359484515736e-08,4.610275871641693e-08,8.743368928746108e-11,5.817030834254906e-08,0.00023441606971399143
92.85000000000001,0.00019738546038427807,2.660177151234337e-05,1.6940805014392913e-06,1.8646009087225481e-06,4.7316700543638125e-06,3.157564143807602e-07,3.4963826169510387e-07,2.8153321021205303e-09,3.0925539382713292e-09,7.301493110567268e-07,4.1240812770202776e-08,4.592457245193561e-08,8.73991404770413e-11,5.801543607984871e-08,0.00023382430345476253
92.9,0.00019689661379273287,2.6531200901354008e-05,1.688244194602933e-06,1.8574595350127388e-06,4.718969263090166e-06,3.146505322191419e-07,3.4827441770286515e-07,2.8059829825019028e-09,3.0827892746274656e-09,7.28196081810278e-07,4.1099170730008904e-08,4.574783613523236e-08,8.736967846241765e-11,5.7861432607500126e-08,0.0002332342932999333
92.95,0.00019640918023811578,2.6460850622471488e-05,1.6824313043272726e-06,1.850349134193171e-06,4.7063061610592465e-06,3.1354989942173977e-07,3.469178413855036e-07,2.796882997734406e-09,3.0733311781323267e-09,7.262516417503195e-07,4.095841943417015e-08,4.5572541442963844e-08,8.734354980519844e-11,5.7708176365358966e-08,0.0002326460335376927
93.0,0.00019592315509848955,2.639071989018036e-05,1.6766417240443467e-06,1.8432695566427245e-06,4.693680798864695e-06,3.1245457167167217e-07,3.4556863542628205e-07,2.7880156402576763e-09,3.0641583156769517e-09,7.24315913441948e-07,4.0818533502801566e-08,4.539865920366635e-08,8.73196689899431e-11,5.755563002944917e-08,0.00023205951850512245
93.05000000000001,0.00019543853376860316,2.6320807922089045e-05,1.6708753477268275e-06,1.8362206535364018e-06,4.6810932442643425e-06,3.113645980701283e-07,3.4422689112911784e-07,2.7793636047727305e-09,3.055248493917212e-09,7.223887916665385e-07,4.0679477853408657e-08,4.522614247368658e-08,8.72974879200914e-11,5.740384829681216e-08,0.00023147474259529606
93.10000000000001,0.00019495531165982722,2.6251113938916407e-05,1.6651320698850064e-06,1.8292022768407043e-06,4.668543580619789e-06,3.1028002062185005e-07,3.4289268753687143e-07,2.7709089272483046e-09,3.0465788401048053e-09,7.204701416358643e-07,4.054120995916739e-08,4.505493048196854e-08,8.727682776107155e-11,5.725295714441857e-08,0.00023089170023806441
93.15,0.00019447348420008817,2.6181637164478204e-05,1.6594117855637773e-06,1.8222142793090128e-06,4.656031905222047e-06,3.0920087377837334e-07,3.4156609065183893e-07,2.762633114310155e-09,3.03812596544994e-09,7.185597982383428e-07,4.0403682463390444e-08,4.488495316147981e-08,8.725768101300517e-11,5.710310967086067e-08,0.00023031038585938628
93.2,0.00019399304683380427,2.611237682567378e-05,1.6537143903396524e-06,1.8152565144770077e-06,4.643558327516036e-06,3.08127184042172e-07,3.4024715276370554e-07,2.7545172622293795e-09,3.0298661100896517e-09,7.16657566422005e-07,4.0266845983812555e-08,4.4716135971273644e-08,8.724002727816497e-11,5.695443332369348e-08,0.000229730793833717
93.25,0.00019351399502182104,2.604333215247272e-05,1.648039780317783e-06,1.8083288366581043e-06,4.6311229672373585e-06,3.0705896963428e-07,3.3893591188916244e-07,2.7465421652144085e-09,3.0217752695136216e-09,7.147632227554195e-07,4.0130651940118164e-08,4.45484047202521e-08,8.722372824794719e-11,5.680698758085997e-08,0.00022915291844819005
93.30000000000001,0.00019303632424134707,2.5974502377901563e-05,1.642387852128998e-06,1.8014311009389093e-06,4.61872595247553e-06,3.05996240227408e-07,3.3763239132634483e-07,2.73868841318314e-09,3.0138293030487742e-09,7.128765181432567e-07,3.9995055247494646e-08,4.4381690126751016e-08,8.7208528950591e-11,5.6660746330579594e-08,0.0002285767538924391
93.35000000000001,0.0001925600299858907,2.590588673803068e-05,1.6367585029268632e-06,1.7945631631747095e-06,4.606367417678383e-06,3.049389967459974e-07,3.363365993261909e-07,2.730936479630995e-09,3.0060040257002074e-09,7.10997181611003e-07,3.9860016735396856e-08,4.421593188164883e-08,8.719412642128163e-11,5.6515607263675684e-08,0.00022800229427589704
93.4,0.00019208510776519565,2.5837484471960992e-05,1.6311516303847427e-06,1.7877248799849638e-06,4.5940475016127155e-06,3.0388723123407715e-07,3.3504852888177097e-07,2.7232668006039168e-09,2.9982752852678126e-09,7.091249250167748e-07,3.972550517168616e-08,4.405108202191335e-08,8.718024054073338e-11,5.637141830702478e-08,0.00022742953366209872
93.45,0.00019161155310517825,2.5769294821810957e-05,1.6255671326928894e-06,1.7809161087488385e-06,4.5817663452966954e-06,3.02840926791237e-07,3.3376815763562955e-07,2.715659846120567e-09,2.990619027186326e-09,7.072594484999273e-07,3.9591498795870814e-08,4.38871074628143e-08,8.716664682212894e-11,5.622800554815098e-08,0.00022685846610398137
93.5,0.00019113936154786427,2.5701317032703492e-05,1.6200049085555437e-06,1.7741367076007547e-06,4.5695240899196055e-06,3.0180005757646845e-07,3.3249544790418437e-07,2.7080961856543272e-09,2.983011349954665e-09,7.054004464382171e-07,3.9457986290071803e-08,4.372399157861395e-08,8.715316729471034e-11,5.6085191156133266e-08,0.00022628908566829032
93.55000000000001,0.000190668528651326,2.563355035275298e-05,1.6144648571880482e-06,1.76738653542596e-06,4.557320874764617e-06,3.007645888791009e-07,3.3123034681729846e-07,2.7005565494759262e-09,2.975428554316596e-09,7.035476136592158e-07,3.9324967142062224e-08,4.356173476309459e-08,8.713963610429523e-11,5.594280012699971e-08,0.00022572138644758527
93.60000000000001,0.00019019904998962024,2.5565994033052394e-05,1.608946878313986e-06,1.760665451856133e-06,4.54515683515025e-06,2.9973447725555126e-07,3.299727865702593e-07,2.693021887765701e-09,2.967847189520021e-09,7.017006516383293e-07,3.9192451381284125e-08,4.34003539434566e-08,8.712586268742756e-11,5.5800663605771255e-08,0.0002251553625673277
93.65,0.00018973092115272532,2.54986473276603e-05,1.6034508721623185e-06,1.7539733172649925e-06,4.533032100405884e-06,2.9870967073012067e-07,3.2872268478457273e-07,2.6854734294282644e-09,2.9602441000126407e-09,6.998592744155632e-07,3.906045869631366e-08,4.323988106491556e-08,8.711161284073617e-11,5.5658627851278084e-08,0.00022459100819690383
93.7,0.0001892641377464795,2.5431509493588108e-05,1.5979767394645548e-06,1.7473099927639517e-06,4.5209467918965295e-06,2.976901090576322e-07,3.2747994497324247e-07,2.677892742482015e-09,2.9525964758280235e-09,6.980232139759674e-07,3.892901697085357e-08,4.308036060937067e-08,8.709661875269346e-11,5.551657167004342e-08,0.00022402831756728684
93.75,0.00018879869539251918,2.5364579790787243e-05,1.5925243814519302e-06,1.7406753401977852e-06,4.508901021111482e-06,2.966757240452794e-07,3.262444571055181e-07,2.6702617977539383e-09,2.944881909682229e-09,6.9619222486391e-07,3.879816030456484e-08,4.2921846259573646e-08,8.708061588503436e-11,5.5374427057016955e-08,0.00022346728499002678
93.80000000000001,0.00018833458972821726,2.5297857482136425e-05,1.5870936998526006e-06,1.7340692221403227e-06,4.496894887831036e-06,2.956664399306809e-07,3.250160982654988e-07,2.6625630373924453e-09,2.937078463446511e-09,6.943660878380061e-07,3.866792661391511e-08,4.276439686886098e-08,8.706339006445572e-11,5.5232193723579635e-08,0.00022290790486830908
93.85000000000001,0.00018787181640662242,2.5231341833429038e-05,1.5816845968888608e-06,1.7274915018901778e-06,4.4849284783847615e-06,2.9466217381279647e-07,3.2379473339845804e-07,2.6547794494253945e-09,2.9291647461987185e-09,6.925446124201537e-07,3.8538354935107557e-08,4.260807194287637e-08,8.70448075178413e-11,5.508993960320546e-08,0.00022235017169233102
93.9,0.00018741037109639731,2.5165032113360393e-05,1.5762969752743637e-06,1.7209420434664833e-06,4.473001864014034e-06,2.936628361320482e-07,3.225802161382979e-07,2.6468946492470853e-09,2.921120005500897e-09,6.907276382468005e-07,3.840948257390108e-08,4.245292687967137e-08,8.702480042432868e-11,5.494778396520913e-08,0.00022179408001590364
93.95,0.00018695024948175846,2.5098927593515222e-05,1.570930738211373e-06,1.7144207116046724e-06,4.46111509935076e-06,2.9266833119573695e-07,3.21372389709182e-07,2.6388929685288845e-09,2.91292423292227e-09,6.88915035190866e-07,3.828134226324802e-08,4.2299008243126695e-08,8.700329073758144e-11,5.480586494220795e-08,0.00022123962441647705
94.0,0.0001864914472624155,2.5033027548355123e-05,1.565585789388024e-06,1.7079273717522763e-06,4.449268221023211e-06,2.9167855774460415e-07,3.2017108789408014e-07,2.630759551626247e-09,2.9045582841459185e-09,6.871067022857047e-07,3.815395949666552e-08,4.21463493567421e-08,8.698005195848816e-11,5.466429826128862e-08,0.00022068679944586099
94.05000000000001,0.00018603396015351095,2.496733125520606e-05,1.560262032975602e-06,1.7014618900647506e-06,4.437461246398894e-06,2.9069340955620434e-07,3.1897613606272917e-07,2.622480459114783e-09,2.8960040132870054e-09,6.85302565544854e-07,3.802735020111175e-08,4.199496649653712e-08,8.695452683114625e-11,5.452313831926001e-08,0.00022013559958333615
94.10000000000001,0.00018557778388556066,2.4901837994245997e-05,1.554959373625845e-06,1.6950241334013378e-06,4.425694172473337e-06,2.89712776080596e-07,3.1778735225134275e-07,2.6140427776442957e-09,2.8872444203333198e-09,6.835025748294404e-07,3.790151889682374e-08,4.184485593128945e-08,8.692562939013744e-11,5.438235465998069e-08,0.000219586019204784
94.15,0.00018512291420439336,2.4836547048492416e-05,1.54967771646825e-06,1.68861396932094e-06,4.41396697491243e-06,2.8873654310372997e-07,3.166045482862765e-07,2.6054347348668776e-09,2.8782638099183165e-09,6.817066999654075e-07,3.777645746344702e-08,4.169599200674506e-08,8.689156736345458e-11,5.424183409246798e-08,0.00021903805257861763
94.2,0.00018466934687109163,2.4771457703790037e-05,1.544416967107411e-06,1.6822312660780377e-06,4.402279607254905e-06,2.877645934338317e-07,3.1542753094380154e-07,2.5966458177878536e-09,2.86904795897555e-09,6.7991492635189e-07,3.76521445937493e-08,4.15483264019087e-08,8.684974720746695e-11,5.410141063618055e-08,0.00021849169389120737
94.25,0.00018421707766193258,2.4706569248798534e-05,1.5391770316203676e-06,1.6758758926186306e-06,4.390632000280183e-06,2.8679680760600185e-07,3.142561031381054e-07,2.5876668925196294e-09,2.859584290222157e-09,6.781272503272892e-07,3.752854597150103e-08,4.1401788606634456e-08,8.679686002060679e-11,5.396091460128994e-08,0.00021794693729354392
94.30000000000001,0.00018376610236832871,2.4641880974980263e-05,1.5339578165539717e-06,1.6695477185762055e-06,4.3790240615456305e-06,2.8583306460022937e-07,3.1309006512966235e-07,2.5784903231015576e-09,2.849862047898284e-09,6.763436745691202e-07,3.740561516285461e-08,4.125628758832343e-08,8.672922126117544e-11,5.382022324798618e-08,0.00021740377695187528
94.35000000000001,0.0001833164167967697,2.4577392176588166e-05,1.5287592289222797e-06,1.663246614267744e-06,4.36745567509599e-06,2.8487324256799985e-07,3.119292157461634e-07,2.569110086793007e-09,2.839872471764041e-09,6.745642037967274e-07,3.728329516507104e-08,4.111171453939845e-08,8.664329863822245e-11,5.367929384796194e-08,0.0002168622070831644
94.4,0.000182868016768763,2.451310215065352e-05,1.523581176203948e-06,1.656972450689743e-06,4.355926701346412e-06,2.8391721956268996e-07,3.107733536082673e-07,2.5595218830620104e-09,2.8296089650412233e-09,6.727888410229384e-07,3.716152051658225e-08,4.096794653294017e-08,8.653620440568197e-11,5.35381678039537e-08,0.00021632222196375653
94.45,0.00018242089812077632,2.4449010196973924e-05,1.5184235663396614e-06,1.650725099514282e-06,4.344436977139342e-06,2.8296487426898213e-07,3.0962227835254564e-07,2.5497232333852183e-09,2.8190672517945983e-09,6.710175845633059e-07,3.704021984108507e-08,4.082485086600192e-08,8.640593187457528e-11,5.3396948242901006e-08,0.0002157838159132954
94.5,0.0001819750567041792,2.4385115618101252e-05,1.513286307729573e-06,1.6445044330851145e-06,4.332986315974151e-06,2.8201608672657673e-07,3.084757918441027e-07,2.5397135689496768e-09,2.8082455191826963e-09,6.692504259622898e-07,3.6919318677391296e-08,4.068228984090833e-08,8.625131272467087e-11,5.325576498909166e-08,0.0002152469832675105
94.55000000000001,0.0001815304883851853,2.4321417719329656e-05,1.5081693092307624e-06,1.6383103244137875e-06,4.321574508407218e-06,2.810707390435576e-07,3.0733369937149315e-07,2.5294943034073222e-09,2.7971445400767244e-09,6.674873489379757e-07,3.679874243669281e-08,4.0540125724280616e-08,8.60718647971075e-11,5.3114743057984187e-08,0.000214711718355847
94.60000000000001,0.00018108718904479525,2.4257915808683708e-05,1.5030724801547203e-06,1.6321426471758032e-06,4.310201322618971e-06,2.8012871609485595e-07,3.061958108167143e-07,2.5190688879778357e-09,2.785767771747009e-09,6.657283293844366e-07,3.6678419329292685e-08,4.0398225629772766e-08,8.586770059280971e-11,5.2973983818690424e-08,0.0002141780154928625
94.65,0.0001806451545787386,2.4194609196906417e-05,1.4979957302648347e-06,1.626001275706793e-06,4.298866505143149e-06,2.791899062013599e-07,3.050619417932061e-07,2.508442846422747e-09,2.7741214266463032e-09,6.639733364075227e-07,3.655828311244096e-08,4.025646609043684e-08,8.56395194616229e-11,5.283355828303545e-08,0.0002136458689824403
94.7,0.00018020438089741728,2.413149719744748e-05,1.492938969773914e-06,1.6198860849987409e-06,4.28756978175256e-06,2.7825420178534887e-07,3.0393191474498507e-07,2.4976237877191876e-09,2.762214511771786e-09,6.622223343094702e-07,3.643827552788225e-08,4.011473711656314e-08,8.538859365318539e-11,5.2693506447783104e-08,0.00021311527312821516
94.75,0.00017976486392584862,2.406857912645149e-05,1.4879021093417184e-06,1.61379695069623e-06,4.276310858494413e-06,2.7732149999806383e-07,3.028055600002227e-07,2.486621394638147e-09,2.750058833651527e-09,6.604752853835144e-07,3.631834831998528e-08,3.997294557108919e-08,8.51166680435281e-11,5.25538370462658e-08,0.00021258622224404794
94.80000000000001,0.0001793265996036086,2.4005854302746215e-05,1.4828850600725107e-06,1.607733749092719e-06,4.265089422867388e-06,2.763917033153863e-07,3.0168271677279516e-07,2.4754473868710015e-09,2.7376689666633733e-09,6.587321533344818e-07,3.619846475079137e-08,3.9831017734106485e-08,8.482576379708875e-11,5.241452557864783e-08,0.00021205871066199095
94.85000000000001,0.00017888958388477598,2.3943322047831e-05,1.4778877335126336e-06,1.6016963571268598e-06,4.253905145131637e-06,2.754647200977761e-07,3.0056323410556865e-07,2.4641154578391292e-09,2.7250621831387735e-09,6.569929071071183e-07,3.607860055516399e-08,3.968890096827984e-08,8.451792657518862e-11,5.227551178260373e-08,0.00021153273273856216
94.9,0.00017845381273787542,2.3880981685865063e-05,1.472910041648089e-06,1.5956846523788285e-06,4.242757679742022e-06,2.7454046511080315e-07,2.9944697174942894e-07,2.4526411848519662e-09,2.7122583445114616e-09,6.552575248820259e-07,3.595874430605782e-08,3.954656443665141e-08,8.419498231997927e-11,5.213669954555084e-08,0.0002110082828620516
94.95,0.0001780192821458221,2.3818832543656022e-05,1.4679518969021527e-06,1.5896985130667047e-06,4.231646666894189e-06,2.736188600028308e-07,2.9833380097235816e-07,2.4410419128364235e-09,2.699279753621838e-09,6.535259979901705e-07,3.583889718588681e-08,3.9403998862588296e-08,8.385837465690225e-11,5.199796283969702e-08,0.00021048535546423582
95.0,0.00017758598810586586,2.375687395064838e-05,1.4630132121329965e-06,1.5837378180428725e-06,4.220571734172269e-06,2.726998337366336e-07,2.9722360529316574e-07,2.429336612429915e-09,2.6861509691588895e-09,6.517983345009309e-07,3.5719072184649576e-08,3.926121535831823e-08,8.350916005908948e-11,5.185916080466634e-08,0.00020996394503948243
95.05000000000001,0.00017715392662953568,2.3695105238912073e-05,1.4580939006313317e-06,1.5778024467904528e-06,4.209532498286438e-06,2.717833229719869e-07,2.961162811348293e-07,2.4175457137960823e-09,2.672898584090445e-09,6.500745622550603e-07,3.559929276875638e-08,3.911824338370368e-08,8.314822616413271e-11,5.17201632238752e-08,0.00020944404617241825
95.10000000000001,0.00017672309374258492,2.3633525743131185e-05,1.4531938761180746e-06,1.571892279419773e-06,4.198528566888022e-06,2.708692723965417e-07,2.950117383927863e-07,2.405690918072065e-09,2.659550970776754e-09,6.483547311417431e-07,3.547959108637783e-08,3.897512793087662e-08,8.277675413609631e-11,5.158088377359761e-08,0.00020892565357150694
95.15,0.0001762934854849356,2.3572134800592503e-05,1.448313052742017e-06,1.5660071966648507e-06,4.187559540449321e-06,2.6995763500258823e-07,2.9390990091393587e-07,2.3937949888731086e-09,2.6461379962577285e-09,6.4663891445676e-07,3.5360005795475314e-08,3.88319260632237e-08,8.239683051026006e-11,5.1441312926843804e-08,0.00020840876210035872
95.2,0.00017586509791062406,2.351093175117434e-05,1.443451345077528e-06,1.5601470798799223e-06,4.176625014195064e-06,2.6904837230763836e-07,2.9281070688258806e-07,2.381881526751189e-09,2.632690711929945e-09,6.449272092250475e-07,3.5240579619092926e-08,3.868870296872662e-08,8.201193719731968e-11,5.130153773607989e-08,0.00020789336679386593
95.25,0.0001754379270877465,2.3449915937335328e-05,1.4386086681222639e-06,1.554311811035992e-06,4.165724580072034e-06,2.6814145451708577e-07,2.917141091100971e-07,2.369974729915494e-09,2.6192410224645666e-09,6.432197354236271e-07,3.512135674825757e-08,3.854552771674856e-08,8.162694756125162e-11,5.11617362079651e-08,0.00020737946284673584
95.30000000000001,0.00017501196909840426,2.3389086704103247e-05,1.4337849372948975e-06,1.54850127271741e-06,4.154857828743252e-06,2.6723686062756993e-07,2.9062007522548223e-07,2.358099144863019e-09,2.6058213393444984e-09,6.415166340977919e-07,3.5002380224844625e-08,3.840246893194045e-08,8.12474154641158e-11,5.1022142407071935e-08,0.0002068670455706774
95.35000000000001,0.00017458722003865044,2.3328443399064028e-05,1.4289800684328687e-06,1.5427153481184853e-06,4.144024351593038e-06,2.66334578470048e-07,2.895285877649393e-07,2.3462794108268782e-09,2.592464224802379e-09,6.39818064421983e-07,3.488368944360632e-08,3.8259590615926765e-08,8.087836012776373e-11,5.0882991998762734e-08,0.00020635611033056992
95.4,0.0001741636760184352,2.3267985372350636e-05,1.4241939777901374e-06,1.5369539210401086e-06,4.1332237427291755e-06,2.654346046919724e-07,2.884396441587883e-07,2.3345400021204404e-09,2.579202032208389e-09,6.381241998140887e-07,3.476531791267485e-08,3.8116948353183304e-08,8.052312171439579e-11,5.074446851951417e-08,0.00020584665248095155
95.45,0.0001737413331615526,2.3207711976632168e-05,1.4194265820349672e-06,1.531216875886419e-06,4.122455600968586e-06,2.6453694467839694e-07,2.873532566151009e-07,2.3229049725324014e-09,2.5660665490807246e-09,6.364352232649274e-07,3.4647291403835725e-08,3.7974586128717775e-08,8.018284171082235e-11,5.060667065473567e-08,0.00020533866732418382
95.5,0.00017332018760558704,2.314762256710296e-05,1.4146777982477153e-06,1.525504097661487e-06,4.111719531792984e-06,2.6364161241225085e-07,2.862694518999646e-07,2.3113977059078056e-09,2.553088648866679e-09,6.347513220902676e-07,3.4529626606853796e-08,3.783253395969494e-08,7.985672015548991e-11,5.046960998355973e-08,0.00020483215010041973
95.55000000000001,0.00017290023550186004,2.3087716501471724e-05,1.4099475439186399e-06,1.5198154719660213e-06,4.101015149261289e-06,2.6274863027446726e-07,2.8518827101510435e-07,2.3000406769333685e-09,2.540297957469092e-09,6.3307268234801e-07,3.4412330376154074e-08,3.7690806500917935e-08,7.954278378476299e-11,5.033323448916558e-08,0.00020432709600489975
95.60000000000001,0.00017248147301537756,2.302799313995085e-05,1.405235736945726e-06,1.5141508849941094e-06,4.0903420778658766e-06,2.618580287850968e-07,2.841097687743642e-07,2.2888552259347315e-09,2.527722540175397e-09,6.313994831855949e-07,3.4295399624361824e-08,3.754940272724703e-08,7.923876113316211e-11,5.0197464109254834e-08,0.00020382350021886725
95.65,0.00017206389632477666,2.2968451845245594e-05,1.4005422956325142e-06,1.5085102235299633e-06,4.079699954320127e-06,2.6096984628698234e-07,2.8303401328134555e-07,2.277861351193658e-09,2.5153886141925287e-09,6.2973189139053e-07,3.4178821877856546e-08,3.740830672879473e-08,7.894277678854579e-11,5.0062223976448024e-08,0.00020332135793978901
95.7,0.0001716475016222733,2.2909091982543487e-05,1.3958671386859553e-06,1.5028933749447034e-06,4.069088429265294e-06,2.6008412857402865e-07,2.819610853113203e-07,2.2670775219130133e-09,2.503320291413458e-09,6.280700564093213e-07,3.4062576467680946e-08,3.726748958262624e-08,7.865375694001984e-11,4.9927466327163204e-08,0.00020282066440195512
95.75,0.00017123228511360997,2.284991291950374e-05,1.3912101852142709e-06,1.4973002271931565e-06,4.058507168885164e-06,2.5920092846653275e-07,2.808910776013344e-07,2.256520514506465e-09,2.4915393553552455e-09,6.264141060771915e-07,3.3946636288321925e-08,3.712691219377086e-08,7.837156566433804e-11,4.9793178805318744e-08,0.0002023214148852743
95.80000000000001,0.00017081824301800347,2.2790914026246706e-05,1.3865713547248282e-06,1.4917306688106731e-06,4.047955856417693e-06,2.583203053364786e-07,2.7982409405322316e-07,2.2462052743805372e-09,2.480065075433415e-09,6.24764143264087e-07,3.383097002037303e-08,3.698652893439934e-08,7.809694799132215e-11,4.965938178250397e-08,0.0002018236047148922
95.85000000000001,0.00017040537156809334,2.2732094675343464e-05,1.3819505671220323e-06,1.486184588909972e-06,4.037434193553477e-06,2.57442324586116e-07,2.7876024885504195e-07,2.2361448048226784e-09,2.468914060894252e-09,6.231202435938445e-07,3.3715544683681415e-08,3.684629185797163e-08,7.783135710134732e-11,4.9526119338443195e-08,0.00020132722925616023
95.9,0.0001699936670098896,2.267345424180532e-05,1.3773477427052177e-06,1.4806618771779878e-06,4.026941901711605e-06,2.5656705708353285e-07,2.7769966552715133e-07,2.226350084025595e-09,2.4581001558390134e-09,6.214824543360559e-07,3.3600328367308514e-08,3.6706155228689536e-08,7.757672161712004e-11,4.9393448485322074e-08,0.00020083228390927924
95.95,0.00016958312560272164,2.261499210307354e-05,1.3727628021665648e-06,1.4751624238727519e-06,4.016478723184404e-06,2.5569457855930757e-07,2.7664247589991634e-07,2.2168300106803866e-09,2.4476343758653466e-09,6.198507945077964e-07,3.3485292972696226e-08,3.656608008795498e-08,7.733520218122094e-11,4.926143038777877e-08,0.00020033876410702306
96.0,0.0001691737436191869,2.255670763900902e-05,1.3681956665890198e-06,1.4696861198202805e-06,4.006044422143311e-06,2.548249689686596e-07,2.755888190306187e-07,2.207591377975522e-09,2.437524885946906e-09,6.182252561587882e-07,3.337041680722443e-08,3.6426038579514495e-08,7.710899793184709e-11,4.9130126002453846e-08,0.00019984666531755766
96.05000000000001,0.00016876551734509965,2.2498600231882064e-05,1.3636462574442253e-06,1.4642328564114808e-06,3.995638785499124e-06,2.5395831182382175e-07,2.745388400677759e-07,2.198638875260333e-09,2.4277770182954037e-09,6.166058067526528e-07,3.3255686876517525e-08,3.628601777291546e-08,7.690024202365147e-11,4.899959598658644e-08,0.00019935598305175243
96.10000000000001,0.00016835844307944059,2.244066926636227e-05,1.3591144965904687e-06,1.4588025255990779e-06,3.9852616236108285e-06,2.5309469350162263e-07,2.7349268907157715e-07,2.189975116085418e-09,2.4183933281230115e-09,6.149923925021355e-07,3.3141100744320664e-08,3.614602275889534e-08,7.671093794813095e-11,4.886990092832679e-08,0.00019886671287049228
96.15,0.00016795251713430553,2.2382914129508312e-05,1.3546003062706253e-06,1.4533950198945398e-06,3.974912770838173e-06,2.522342025314818e-07,2.7245051979957455e-07,2.181600690832158e-09,2.409373684468802e-09,6.133849424705209e-07,3.302666785676334e-08,3.6006078837422005e-08,7.654280263353115e-11,4.874109532607591e-08,0.000198378850384817
96.2,0.00016754773583485544,2.2325334210757963e-05,1.3501036091101252e-06,1.448010232365033e-06,3.964592085934292e-06,2.513769288692009e-07,2.714124884671256e-07,2.1735142417009577e-09,2.400715392588255e-09,6.117833732170984e-07,3.2912410261052195e-08,3.5866232675557195e-08,7.639692474053057e-11,4.861321088132299e-08,0.00019789239124395316
96.25,0.0001671440955192661,2.2267928901918064e-05,1.3456243281149212e-06,1.4426480566303806e-06,3.954299452275653e-06,2.505229631620502e-07,2.703787524923227e-07,2.165712557453044e-09,2.392413343845684e-09,6.101875937427821e-07,3.279836268444759e-08,3.572655237388987e-08,7.627334200265852e-11,4.84862322691022e-08,0.00019740733111417297
96.30000000000001,0.00016674159253867788,2.2210697597154564e-05,1.3411623866694674e-06,1.437308386860032e-06,3.944034777927765e-06,2.4967239601072523e-07,2.693494692353038e-07,2.1581906850019323e-09,2.384460188607956e-09,6.085975104833911e-07,3.268457197511247e-08,3.558712644254596e-08,7.617081174361087e-11,4.836007696315691e-08,0.0001969236656600853
96.35000000000001,0.0001663402232571465,2.2153639692982693e-05,1.3367177085347094e-06,1.4319911177700532e-06,3.933797995546177e-06,2.4882531723376785e-07,2.6832479474188713e-07,2.150942054733619e-09,2.3768465273228152e-09,6.070130321023029e-07,3.257109593971989e-08,3.544806174646392e-08,7.608698649042038e-11,4.823459301383168e-08,0.00019644139054232664
96.4,0.00016593998405159266,2.209675458825702e-05,1.332290217846072e-06,1.426696144620109e-06,3.92358906211337e-06,2.47981815140008e-07,2.673048825014135e-07,2.1439586163024544e-09,2.369561114781239e-09,6.054340738503059e-07,3.245800164173985e-08,3.5309480531106694e-08,7.601894397595414e-11,4.810958192273234e-08,0.0001959605014386916
96.45,0.0001655408713117531,2.2040041684161716e-05,1.3278798391114656e-06,1.4214233632104716e-06,3.9134079585133485e-06,2.4714197581450153e-07,2.662898822285289e-07,2.1372309816038766e-09,2.362591072512461e-09,6.038605612870985e-07,3.234536324796086e-08,3.5171516681499234e-08,7.596380465020394e-11,4.79848417905044e-08,0.00019548099408365897
96.5,0.0001651428814401313,2.1983500384200823e-05,1.3234864972092952e-06,1.4161726698790304e-06,3.903254688946766e-06,2.4630588242329463e-07,2.65279938678372e-07,2.1307485716639854e-09,2.3559221043398053e-09,6.022924331942806e-07,3.2233259528582237e-08,3.503431139825986e-08,7.591916790688974e-11,4.786021604456887e-08,0.00019500286431147845
96.55000000000001,0.00016474601085194826,2.192713009418852e-05,1.3191101173864746e-06,1.41094396149831e-06,3.8931292801905404e-06,2.454736145421583e-07,2.6427519050427683e-07,2.1244997643063896e-09,2.3495387103304814e-09,6.007296435520492e-07,3.2121771128215805e-08,3.489800849433574e-08,7.588324762374744e-11,4.773563045042092e-08,0.0001945261080856058
96.60000000000001,0.00016435025597509432,2.1870930222239544e-05,1.3147506252564539e-06,1.4057371354725028e-06,3.88303178070702e-06,2.4464524751420175e-07,2.6327576916664925e-07,2.1184720396530714e-09,2.343424394693993e-09,5.991721624991759e-07,3.201097773180726e-08,3.476274952664888e-08,7.585474310617953e-11,4.761110630659978e-08,0.00019405072150269242
96.65,0.00016395561325007973,2.181490017875951e-05,1.3104079467972429e-06,1.4005520897344965e-06,3.872962259608708e-06,2.438208518409862e-07,2.6228179790113273e-07,2.112652120780931e-09,2.337561863610551e-09,5.976199762462622e-07,3.1900955251415067e-08,3.462866897934277e-08,7.583257357793214e-11,4.748674744088638e-08,0.00019357670076919765
96.7,0.00016356207912998676,2.17590393764354e-05,1.306082008349451e-06,1.3953887227429207e-06,3.862920805485695e-06,2.430004926114465e-07,2.6129339075357164e-07,2.107026107180674e-09,2.331933209489449e-09,5.960730859637563e-07,3.1791773157478554e-08,3.449588971092838e-08,7.581562983899347e-11,4.7362707993647476e-08,0.00019310404215813756
96.75,0.00016316965008042136,2.1703347230226047e-05,1.3017727366143295e-06,1.390246933479196e-06,3.8529075251037565e-06,2.4218422897256334e-07,2.603106516885863e-07,2.1015795990392636e-09,2.3265200787516292e-09,5.945315057166785e-07,3.168349207193846e-08,3.436451886668853e-08,7.580266054714281e-11,4.7239153005577205e-08,0.00019263274195850503
96.80000000000001,0.00016277832257946504,2.1647823157352642e-05,1.2974800586518178e-06,1.3851266214445875e-06,3.842922541982062e-06,2.4137211364534136e-07,2.593336737778332e-07,2.0962978107802793e-09,2.321303820883563e-09,5.92995259565365e-07,3.1576161730326524e-08,3.423464443971895e-08,7.579232684765906e-11,4.7116223303736696e-08,0.000192162796429317
96.85000000000001,0.0001623880931176275,2.159246657728937e-05,1.2932039018786044e-06,1.380027686657274e-06,3.832965994860287e-06,2.405641924892342e-07,2.583625384732339e-07,2.0911656727363717e-09,2.316265617202722e-09,5.914643779936528e-07,3.146981940544996e-08,3.4106332638071317e-08,7.578337301055079e-11,4.699401207545086e-08,0.000191694201766051
96.9,0.00016199895819779834,2.1537276911753924e-05,1.2889441940661796e-06,1.3749500296494086e-06,3.823038036065585e-06,2.397605041177155e-07,2.5739731496962113e-07,2.086167920282038e-09,2.3113865884890704e-09,5.899388938606924e-07,3.136448886628151e-08,3.397962618103058e-08,7.577481786184773e-11,4.6872556044147506e-08,0.00019122695408269955
96.95,0.00016161091433520007,2.148225358469821e-05,1.284700863338908e-06,1.3698935514642005e-06,3.813138829790737e-06,2.3896107956724993e-07,2.5643805966040653e-07,2.0812891702106297e-09,2.3066478813526762e-09,5.884188380981112e-07,3.126017992210088e-08,3.385454360488421e-08,7.576607776273318e-11,4.6751840834755426e-08,0.00019076104940930896
97.0,0.00016122395805734082,2.1427396022299023e-05,1.2804738381721017e-06,1.3648581536529974e-06,3.8032685502952534e-06,2.3816594202144957e-07,2.5548481568900064e-07,2.0765139845844883e-09,2.302030733905674e-09,5.869042353889078e-07,3.115688857432308e-08,3.373107960909186e-08,7.575696942913763e-11,4.663181715313013e-08,0.00019029648370188403
97.05000000000001,0.0001608380859039671,2.1372703652948735e-05,1.2762630473900973e-06,1.359843738272373e-06,3.793427380041827e-06,2.3737510659173865e-07,2.545376125978537e-07,2.0718269227093257e-09,2.2975165219687035e-09,5.853951000671504e-07,3.105459776796938e-08,3.3609206420146665e-08,7.574759965111036e-11,4.651242107917419e-08,0.0001898332528581885
97.10000000000001,0.0001604532944270175,2.1318175907246124e-05,1.2720684201643486e-06,1.3548502078812309e-06,3.783615507780955e-06,2.36588580155386e-07,2.5359646607613046e-07,2.0672125822721215e-09,2.293086787650004e-09,5.838914324677017e-07,3.09532787031556e-08,3.348887609608049e-08,7.57382063826267e-11,4.6393589823370026e-08,0.00018937135273098827
97.15,0.0001600695801905753,2.1263812217987054e-05,1.2678898860115117e-06,1.3498774655379014e-06,3.7738331265968464e-06,2.3580636125130115e-07,2.5266137780619135e-07,2.0626556310254175e-09,2.288723252673405e-09,5.823932159329662e-07,3.0852892636450713e-08,3.337002364326988e-08,7.572902668390008e-11,4.627526673623848e-08,0.00018891077913262537
97.2,0.00015968693977082247,2.1209612020155356e-05,1.2637273747915492e-06,1.344925414797259e-06,3.7640804319280634e-06,2.3502844003355244e-07,2.517323354082592e-07,2.0581408306909513e-09,2.2844078192853658e-09,5.809004146499778e-07,3.0753393074694846e-08,3.325257077262662e-08,7.572022033907256e-11,4.615739635556148e-08,0.0001884515278316597
97.25,0.00015930536975599326,2.115557475091366e-05,1.2595808167058366e-06,1.339993959707844e-06,3.7543576195764145e-06,2.342547982821272e-07,2.508093124818769e-07,2.053653054984404e-09,2.28012256192896e-09,5.794129724476299e-07,3.065472824183368e-08,3.3136430087564676e-08,7.571182567142544e-11,4.6039917446048275e-08,0.00018799359454932667
97.30000000000001,0.0001589248667463281,2.1101699849594255e-05,1.2554501422952747e-06,1.3350830048089907e-06,3.7446648837177017e-06,2.3348540947004757e-07,2.4989226874205194e-07,2.049177303824305e-09,2.2758497131244422e-09,5.779308126328705e-07,3.0556843684086506e-08,3.3021509473720085e-08,7.570372038019223e-11,4.592276375765118e-08,0.00018753697496524209
97.35000000000001,0.000158545427354028,2.1047986757690044e-05,1.251335282438416e-06,1.3301924551279738e-06,3.7350024149278847e-06,2.3272023888556927e-07,2.489811502473222e-07,2.0446987158780377e-09,2.271571647135586e-09,5.764538388891005e-07,3.045968487138938e-08,3.290771645172381e-08,7.569560033087601e-11,4.5805876786747614e-08,0.0001870816647363075
97.4,0.00015816704820320826,2.0994434918845396e-05,1.2472361683495872e-06,1.32532221617715e-06,3.7253703982380047e-06,2.319592438078263e-07,2.480758897163721e-07,2.0402025816138012e-09,2.267270865024265e-09,5.749819372030604e-07,3.0363199654145313e-08,3.279496225986881e-08,7.568702017581426e-11,4.568922577420879e-08,0.0001866276595237007
97.45,0.00015778972592985345,2.0941043778847157e-05,1.243152731577031e-06,1.3204721939511252e-06,3.715769011231068e-06,2.312023737339589e-07,2.4717640692929785e-07,2.0356743589695462e-09,2.262929984602803e-09,5.735149787315625e-07,3.026734044398189e-08,3.2683165452887075e-08,7.567751438442648e-11,4.5572823584243464e-08,0.00018617495501619373
97.5,0.00015741345718177184,2.0887812785615618e-05,1.2390849040010516e-06,1.3156422949239264e-06,3.706198422193632e-06,2.3044957065545432e-07,2.46282609209142e-07,2.031099693619679e-09,2.258531738586686e-09,5.720528234696852e-07,3.017206600503116e-08,3.257225483504218e-08,7.566674687487417e-11,4.545672719959369e-08,0.0001857235469380591
97.55000000000001,0.0001570382386185502,2.0834741389195513e-05,1.2350326178321682e-06,1.3108324260461856e-06,3.696658788334462e-06,2.2970076938116515e-07,2.4539439197891687e-07,2.0264644456220935e-09,2.254058983935841e-09,5.70595324540394e-07,3.007734276717637e-08,3.246217158843067e-08,7.565459207797302e-11,4.5341018436924073e-08,0.0001852734310366732
97.60000000000001,0.00015666406691150928,2.0781829041747104e-05,1.2309958056092836e-06,1.3060424947423438e-06,3.6871502540820942e-06,2.2895589790423073e-07,2.4451163938900007e-07,2.0217547239677967e-09,2.2494947249599617e-09,5.691423328941588e-07,2.9983145603062055e-08,3.2352870508143956e-08,7.564108632379337e-11,4.5225770330597995e-08,0.00018482460305485455
97.65,0.00015629093874365834,2.0729075197537156e-05,1.226974400197851e-06,1.3012724089078556e-06,3.6776729494724695e-06,2.28214877809918e-07,2.436342250095067e-07,2.016956930240416e-09,2.2448221522640057e-09,5.676937021875059e-07,2.988945804416994e-08,3.22443203114301e-08,7.562627770274448e-11,4.511101197580272e-08,0.00018437705870047216
97.7,0.00015591885080965098,2.0676479312930075e-05,1.2229683347880624e-06,1.2965220769064233e-06,3.668226988637219e-06,2.274776247212313e-07,2.4276201258204317e-07,2.012057812233216e-09,2.2400246990392315e-09,5.662492936022498e-07,2.97962719452855e-08,3.213650304420474e-08,7.561005928994386e-11,4.4996705450793096e-08,0.00018393079362682914
97.75,0.0001555477998157407,2.0624040846378998e-05,1.218977542893042e-06,1.291791407567238e-06,3.6588124684023173e-06,2.2674404877898843e-07,2.418948568250855e-07,2.007044527977039e-09,2.235086115579136e-09,5.648089803722497e-07,2.9703586638509784e-08,3.2029412660808586e-08,7.559205064368281e-11,4.4882742707172326e-08,0.0001834858034316593
97.80000000000001,0.0001551777824797364,2.0571759258416907e-05,1.2150019583470492e-06,1.2870803101822394e-06,3.6494294670060533e-06,2.2601405515295018e-07,2.4103260428713586e-07,2.0019047202161223e-09,2.2299905622374074e-09,5.633726518011561e-07,2.961140764521026e-08,3.1923052897520396e-08,7.557153698212045e-11,4.476896209893349e-08,0.000183042083674391
97.85000000000001,0.0001548087955309589,2.0519634011647844e-05,1.2110415153037e-06,1.2823886945033992e-06,3.6400780429443903e-06,2.252875445805015e-07,2.4017509424175836e-07,1.9966266009422904e-09,2.224722720365843e-09,5.619402165813799e-07,2.9519745035147815e-08,3.1817434593545314e-08,7.55474498481169e-11,4.465517843763414e-08,0.0001825996299055994
97.9,0.0001544408357101963,2.046766457073799e-05,1.2070961482341875e-06,1.2777164707400094e-06,3.6307582339507966e-06,2.2456441392931493e-07,2.3932215961858726e-07,1.991199045174293e-09,2.2192679200941685e-09,5.605116052596642e-07,2.942861153546058e-08,3.171257263301327e-08,7.551839251049642e-11,4.454121879773593e-08,0.00018215843770099082
97.95,0.00015407389976966078,2.0415850402406937e-05,1.203165791925527e-06,1.2730635495560034e-06,3.6214700561167624e-06,2.2384455678039497e-07,2.38473627964439e-07,1.985611692760836e-09,2.2136122831607725e-09,5.590867717362245e-07,2.9338020498108605e-08,3.160848268777774e-08,7.548274034731259e-11,4.442695668239781e-08,0.00018171850269273164
98.0,0.00015370798447294498,2.0364190975418886e-05,1.1992503814788063e-06,1.2684298420672917e-06,3.612213503158111e-06,2.2312786402787217e-07,2.37629322428709e-07,1.9798550566053076e-09,2.2077428783928605e-09,5.576656937302696e-07,2.9247983833441565e-08,3.150517793511274e-08,7.543883229408009e-11,4.431233719178367e-08,0.00018127982059098254
98.05000000000001,0.00015334308659497846,2.0312685760573884e-05,1.1953498523074505e-06,1.2638152598391173e-06,3.602988545831251e-06,2.2241422449191908e-07,2.367890627673257e-07,1.973920635368706e-09,2.2016478868843076e-09,5.562483721927621e-07,2.915851001104865e-08,3.140266590964121e-08,7.538520031802593e-11,4.4197386101724216e-08,0.00018084238718872717
98.10000000000001,0.00015297920292198507,2.0261334230699166e-05,1.1914641401355046e-06,1.2592197148834408e-06,3.5937951315024697e-06,2.2170352554117195e-07,2.359526663596326e-07,1.9678010284147952e-09,2.1953167734452926e-09,5.548348296954213e-07,2.906960221862701e-08,3.130094562838713e-08,7.532071420154825e-11,4.408219899586776e-08,0.00018040619834616082
98.15,0.00015261633025143924,2.021013586064036e-05,1.1875931809959182e-06,1.254643119656335e-06,3.5846331838722666e-06,2.2099565372106519e-07,2.351199492326799e-07,1.961490050526764e-09,2.1887404605134625e-09,5.534251078712605e-07,2.8981256756946846e-08,3.120000510489806e-08,7.524453459306656e-11,4.3966913596598446e-08,0.00017997124995793322
98.2,0.0001522544653920236,2.0159090127252867e-05,1.1837369112288566e-06,1.2500853870554158e-06,3.5755026028557737e-06,2.2029049538452833e-07,2.342907270875328e-07,1.954982843754518e-09,2.181911500432696e-09,5.520192640245949e-07,2.8893461735530057e-08,3.109981934536688e-08,7.515588620929757e-11,4.3851675884577167e-08,0.00017953753791410902
98.25,0.0001518936051635863,2.0108196509393218e-05,1.1798952674800195e-06,1.245546430417291e-06,3.5664032646191818e-06,2.1958793732153652e-07,2.3346481632231856e-07,1.9482759836512795e-09,2.174824241830639e-09,5.506173670657758e-07,2.880619612032732e-08,3.1000348898055245e-08,7.505379161698515e-11,4.3736613318025874e-08,0.00017910505806855917
98.30000000000001,0.0001515337463970983,2.005745448791043e-05,1.1760681866989742e-06,1.2410261635150346e-06,3.5573350217711122e-06,2.1888786738406328e-07,2.3264203504686056e-07,1.9413675771301277e-09,2.167474985764398e-09,5.492194929564967e-07,2.8719429171845447e-08,3.090153900764246e-08,7.493693205911718e-11,4.362182394210988e-08,0.00017867380622399782
98.35000000000001,0.00015117488593461157,2.0006863545637468e-05,1.1722556061375095e-06,1.236524500555692e-06,3.548297703706893e-06,2.1819017510304436e-07,2.3182220408386084e-07,1.934257349216575e-09,2.1598621273569224e-09,5.478257198741053e-07,2.8633120299700064e-08,3.0803319408196884e-08,7.48037116594708e-11,4.350738095792878e-08,0.0001782437781335642
98.4,0.0001508170206292164,1.995642316738262e-05,1.168457463347994e-06,1.2320413561777997e-06,3.539291117102659e-06,2.1749475229402602e-07,2.3100514795170303e-07,1.9269467160913418e-09,2.1519862788132193e-09,5.46436123316943e-07,2.8547219347011863e-08,3.0705604771589863e-08,7.465246884125483e-11,4.339334403794306e-08,0.0001778149695104105
98.45,0.00015046014734499975,1.9906132839921028e-05,1.1646736961817592e-06,1.2275766454489433e-06,3.5303150465553674e-06,2.1680149364824898e-07,2.30190695824058e-07,1.919438842004929e-09,2.1438503699807358e-09,5.4505077137661e-07,2.8461667304920992e-08,3.060829581136544e-08,7.448168372920626e-11,4.327976608962529e-08,0.00017738737603405742
98.5,0.0001501042629570034,1.9855992051986155e-05,1.160904242787494e-06,1.223130283863337e-06,3.5213692553638284e-06,2.1611029730599024e-07,2.2937868246156635e-07,1.9117386778978034e-09,2.1354597229948157e-09,5.436697203966971e-07,2.8376397443401614e-08,3.051128102432145e-08,7.429002237857033e-11,4.316668855107842e-08,0.00017696099334661052
98.55000000000001,0.00014974936435118227,1.980600029426134e-05,1.1571490416096545e-06,1.2187021873394307e-06,3.512453486445069e-06,2.1542106540907147e-07,2.2856894911097044e-07,1.903852979870811e-09,2.126822098018456e-09,5.422930112209717e-07,2.8291336829409728e-08,3.041443903251548e-08,7.407616126622768e-11,4.305412696168577e-08,0.00017653581704064154
98.60000000000001,0.00014939544842436334,1.9756157059371417e-05,1.1534080313868934e-06,1.2142922722175493e-06,3.503567463379533e-06,2.1473370462953202e-07,2.277613443671609e-07,1.8957903060122103e-09,2.1179477076337953e-09,5.409206662075803e-07,2.8206408187365447e-08,3.0317641466644475e-08,7.383851365644584e-11,4.294205621390822e-08,0.0001761118426483182
98.65,0.0001490425120842038,1.970646184187425e-05,1.1496811511504967e-06,1.2099004552575496e-06,3.4947108915778484e-06,2.1404812667155675e-07,2.269557249936913e-07,1.8875609904914976e-09,2.1088491980569908e-09,5.395526871504203e-07,2.8121532040500346e-08,3.022075630786712e-08,7.35751066682302e-11,4.2830406573543536e-08,0.0001756890656430967
98.7,0.00014869055224915026,1.965691413825243e-05,1.1459683402228445e-06,1.2055266536365158e-06,3.485883459561282e-06,2.133642487438592e-07,2.2615195669741778e-07,1.879177094266834e-09,2.099541596014057e-09,5.381890542059251e-07,2.803662905540157e-08,3.01236515798787e-08,7.328380982301277e-11,4.2719076023971586e-08,0.0001752674814596299
98.75,0.00014833956584839783,1.9607513446904955e-05,1.1422695382158836e-06,1.2011707849464775e-06,3.477084840347294e-06,2.1268199399982835e-07,2.253499148530206e-07,1.870652332211821e-09,2.0900422208166087e-09,5.368297258750266e-07,2.7951622497154176e-08,3.0026199257782686e-08,7.296291222094228e-11,4.260795567905721e-08,0.00017484708552843958
98.80000000000001,0.0001479895498218492,1.955825926813895e-05,1.1385846850296157e-06,1.1968327671921559e-06,3.468314692931088e-06,2.1200129194287522e-07,2.2454948517328591e-07,1.8620019769382508e-09,2.080370561897114e-09,5.354746400384465e-07,2.786644069012014e-08,2.992827923704974e-08,7.261184728827453e-11,4.249695891923589e-08,0.00017442787331552819
98.85000000000001,0.0001476405011200743,1.9509151104161487e-05,1.1349137208506057e-06,1.1925125187887428e-06,3.459572663853551e-06,2.113220787945527e-07,2.2375056432116428e-07,1.8532427400636932e-09,2.0705481227868955e-09,5.341237159914643e-07,2.7781019371140938e-08,2.982978318721038e-08,7.223181122125531e-11,4.2386044577894694e-08,0.00017400984035664618
98.9,0.00014729241670426952,1.9460188459071326e-05,1.1312565861504948e-06,1.1882099585596961e-06,3.4508583888454855e-06,2.1064429782316997e-07,2.2295306045977785e-07,1.8443926321354784e-09,2.0605982332299218e-09,5.327768573747566e-07,2.769530381943036e-08,2.973061810391249e-08,7.182609979030105e-11,4.2275228210246514e-08,0.00017359298227965296
98.95,0.00014694529354621755,1.9411370838850826e-05,1.1276132216845403e-06,1.1839250057345738e-06,3.4421714945377533e-06,2.0996789963079562e-07,2.221568937367438e-07,1.835470802865834e-09,2.0505458318059255e-09,5.314339558536077e-07,2.760925065205682e-08,2.9630709372699035e-08,7.140008170304824e-11,4.2164579416427836e-08,0.00017317729481240393
99.0,0.00014659912862824735,1.9362697751357833e-05,1.123983568490164e-06,1.1796575799468885e-06,3.4335116002265512e-06,2.0929284239672046e-07,2.2136199669939326e-07,1.8264973637466673e-09,2.0404172220723198e-09,5.300948953611864e-07,2.752282918657003e-08,2.953000317096589e-08,7.096076449904066e-11,4.205420553837262e-08,0.0001727627737759723
99.05000000000001,0.000146253918943194,1.9314168706317625e-05,1.1203675678855165e-06,1.1754076012319885e-06,3.424878319682837e-06,2.0861909207565708e-07,2.205683146377272e-07,1.8174931954875475e-09,2.030239805811492e-09,5.287595566947248e-07,2.7436022293025534e-08,2.9428468062485267e-08,7.051594879818502e-11,4.1944224018841024e-08,0.0001723494150650445
99.10000000000001,0.00014590966149435937,1.9265783215314963e-05,1.1167651614680592e-06,1.1711749900249714e-06,3.41627126299475e-06,2.0794662254917236e-07,2.197758058522454e-07,1.8084797430486058e-09,2.0200417974756496e-09,5.27427822237692e-07,2.7348826685402223e-08,2.9326095681212177e-08,7.007310185435575e-11,4.183472892896866e-08,0.00017193721462073917
99.15,0.0001455663532954718,1.9217540791786067e-05,1.1131762911131522e-06,1.1669596671586085e-06,3.4076900384316904e-06,2.0727541572908462e-07,2.189844418441179e-07,1.7994788013137184e-09,2.0098519243438467e-09,5.260995805771533e-07,2.7261252635191092e-08,2.9222900455153278e-08,6.963826861944196e-11,4.172576088823423e-08,0.0001715261684050845
99.2,0.00014522399137064716,1.9169440951010757e-05,1.1096008989726645e-06,1.1627615538613075e-06,3.3991342543187653e-06,2.0660546161182267e-07,2.181942074255585e-07,1.7905122946625509e-09,1.9996991172358278e-09,5.247747307934792e-07,2.71733231249749e-08,2.9118918382061657e-08,6.921540669402957e-11,4.161729084570472e-08,0.00017111627238781285
99.25,0.00014488257275434925,1.912148321010461e-05,1.106038927473593e-06,1.1585805717550913e-06,3.3906035209102083e-06,2.059367582830133e-07,2.1740510074867582e-07,1.7816020538473992e-09,1.989612196856677e-09,5.234531862186912e-07,2.708507249391021e-08,2.9014204930372883e-08,6.880637635458871e-11,4.150922468528683e-08,0.0001707075225525798
99.30000000000001,0.00014454209449135072,1.9073667088011144e-05,1.1024903193166946e-06,1.1544166428536001e-06,3.38209745225051e-06,2.05269311871863e-07,2.16617133251551e-07,1.7727695936585809e-09,1.9796195609691826e-09,5.221348774887661e-07,2.699654465699169e-08,2.8908832194508014e-08,6.84115335333831e-11,4.140142819537085e-08,0.00017029991492212992
99.35000000000001,0.00014420255363669442,1.9025992105494124e-05,1.0989550174751342e-06,1.1502696895601205e-06,3.3736156680121103e-06,2.0460313645521055e-07,2.1583032952080122e-07,1.7640358948682815e-09,1.969748877604035e-09,5.208197547523236e-07,2.6907791003119687e-08,2.8802885477664795e-08,6.803064018612862e-11,4.1293763932738507e-08,0.00016989344559379044
99.4,0.00014386394725565392,1.8978457785129805e-05,1.0954329651931362e-06,1.146139634665623e-06,3.36515779529864e-06,2.0393825391144893e-07,2.1504472707043197e-07,1.7554211938763252e-09,1.9600267894199663e-09,5.195077889410898e-07,2.681886809145875e-08,2.8696459503527813e-08,6.766370843908195e-11,4.1186126613619694e-08,0.00016948811077176437
99.45,0.0001435262724236953,1.8931063651299342e-05,1.0919241059846565e-06,1.1420264013468314e-06,3.35672347040302e-06,2.0327469372485974e-07,2.1426037603737173e-07,1.746944783343184e-09,1.9504786341180384e-09,5.181989720540118e-07,2.6729835270627796e-08,2.858965446932992e-08,6.731144245917068e-11,4.10784644431009e-08,0.00016908390678358834
99.5,0.00014318952622643846,1.8883809230181212e-05,1.0884283836320593e-06,1.1379299131643042e-06,3.348312340509935e-06,2.0261249274124422e-07,2.1347733879468688e-07,1.7386248268878119e-09,1.9411281854998057e-09,5.1689331645435e-07,2.6640752341336725e-08,2.8482572147103074e-08,6.69751404351327e-11,4.097078054875712e-08,0.00016868083007510624
99.55000000000001,0.00014285370575961868,1.8836694049743662e-05,1.084945742184806e-06,1.1338500940605333e-06,3.3399240653325997e-06,2.019516948760912e-07,2.1269568948411313e-07,1.7304781906551016e-09,1.9319974193447696e-09,5.155908532252366e-07,2.6551677371658603e-08,2.8375312220469717e-08,6.665621602964717e-11,4.086311848813296e-08,0.00016827887718843198
99.60000000000001,0.00014251880812904885,1.8789717639737314e-05,1.081476125958156e-06,1.1297868683580639e-06,3.3315583186741283e-06,2.012923507768794e-07,2.1191551347019017e-07,1.7225202942250649e-09,1.9231063077765053e-09,5.142916296719317e-07,2.646266475737571e-08,2.826796901495339e-08,6.635571104742262e-11,4.0755543063264826e-08,0.00016787804473484413
99.65,0.00014218483045058073,1.8742879531687655e-05,1.078019479531869e-06,1.125740160757618e-06,3.32321478990422e-06,2.006345174414629e-07,2.1113690671894012e-07,1.714764982950448e-09,1.9144726452000503e-09,5.129957060965914e-07,2.6373763600202036e-08,2.8160628745079456e-08,6.60741167605158e-11,4.064812768547437e-08,0.00016747832937449476
99.7,0.00014185176985006753,1.869617925888775e-05,1.074575747748923e-06,1.121709896336243e-06,3.3148931853424672e-06,1.9997825779484264e-07,2.1035997510469227e-07,1.7072244233801562e-09,1.906111908239076e-09,5.117031520024902e-07,2.6285016456403635e-08,2.8053367365816987e-08,6.581154485675151e-11,4.054095261568294e-08,0.00016707972780759933
99.75,0.00014151962346332597,1.864961635639093e-05,1.071144875714237e-06,1.1176960005454649e-06,3.3065932295400434e-06,1.9932364022696156e-07,2.095848336492952e-07,1.6999090229619557e-09,1.8980371513945766e-09,5.10414041908286e-07,2.6196458489102386e-08,2.7946249082619383e-08,6.556803356194658e-11,4.043410994908724e-08,0.0001666822367730299
99.80000000000001,0.00014118838843609868,1.8603190361003522e-05,1.0677268087933997e-06,1.113698399209455e-06,3.2983146664521736e-06,1.9867073809448927e-07,2.0881160569858823e-07,1.6928273747303859e-09,1.890258939404064e-09,5.091284509685505e-07,2.610811704034201e-08,2.7839325545538296e-08,6.534373482707024e-11,4.0327707154437596e-08,0.0001662858530461081
99.85000000000001,0.00014085806192401707,1.8556900811277727e-05,1.0643214926114082e-06,1.1097170185232093e-06,3.2900572604944284e-06,1.9801962918986873e-07,2.0804042204159765e-07,1.685986227186042e-09,1.882785316519325e-09,5.078464506040444e-07,2.6020011624087686e-08,2.7732635729196447e-08,6.513888224399683e-11,4.022186310494936e-08,0.00016589057342964353
99.9,0.0001405286410925635,1.8510747247504404e-05,1.0609288730514057e-06,1.105751785050726e-06,3.2818207974765014e-06,1.9737039518117802e-07,2.0727141997847776e-07,1.6793904790726416e-09,1.875621812160392e-09,5.065681043440415e-07,2.593215432844392e-08,2.7626206481075302e-08,6.495361278172848e-11,4.011669578686744e-08,0.00016549639473765064
99.95,0.0001402001231170345,1.8464729211706038e-05,1.0575488962534305e-06,1.1018026257232002e-06,3.2736050854079336e-06,1.9672312102662378e-07,2.0650474234373214e-07,1.6730431982699261e-09,1.868771481661362e-09,5.052934640735485e-07,2.584455060387356e-08,2.7520053703954717e-08,6.478777137708533e-11,4.0012304930028986e-08,0.00016510331377525813
100.0,0.00013987250518250364,1.841884624762971e-05,1.054181508613167e-06,1.0978694678372192e-06,3.2654099551709125e-06,1.9607789436770182e-07,2.057405364916948e-07,1.6669456635561717e-09,1.8622349801195036e-09,5.040225668608419e-07,2.5757200403280107e-08,2.741418412245134e-08,6.464077333022863e-11,3.9908753962474685e-08,0.0001647113273193801
