Q,J_1s_one_electron,J_2s_one_electron,J_3s_one_electron,J_2p_one_electron,J_total_Mg
0.0,0.07449025403104817,0.34187254168486164,1.579167732409399,0.19178354322954877,5.14176231562791
0.05,0.0744857382680637,0.34147264123515675,1.5418907921318732,0.19178328005387316,5.066398023593426
0.1,0.07447219401758341,0.34027622722312084,1.4358990538946694,0.19178092503078634,4.851980500455465
0.15000000000000002,0.07444963023364018,0.33829311458648664,1.2770407301420534,0.19177184847794002,4.530198040792
0.2,0.07441806136228322,0.33553950324464765,1.086889599757853,0.19174855246864958,4.144185643541466
0.25,0.07437750680833119,0.332037737163839,0.8875874500996749,0.19170098298871027,3.738211286075952
0.30000000000000004,0.07432799046630248,0.3278159643033584,0.6976079286175095,0.1916169383679592,3.349205396982096
0.35000000000000003,0.07426954043956999,0.3229077017644332,0.5294757777884448,0.19148254913036858,3.0022013347671077
0.4,0.0742021889846256,0.3173513168097619,0.3894899227171991,0.1912828019266612,2.7097836685831402
0.45,0.07412597263653452,0.3111894396742247,0.278826509360405,0.19100208014227388,2.4742963241959717
0.5,0.07404093242642591,0.30446832683030206,0.19521770572530633,0.1906246957767278,2.2912021046244355
0.55,0.07394711409778296,0.297237193511511,0.13457892262231638,0.19013539073213276,2.1523388048560173
0.6000000000000001,0.07384456825314745,0.28954753266401173,0.09225618777241408,0.1895197901135375,2.0484153180603717
0.65,0.07373335039853147,0.28145243515381707,0.06381739682663576,0.18876479494785345,1.9705951344450892
0.7000000000000001,0.07361352088475272,0.2730059237911203,0.045455453037605814,0.18785890639470046,1.9113032337951603
0.75,0.07348514476575797,0.26426231188796595,0.03412105117545897,0.1867924777201295,1.8644918819791425
0.8,0.07334829160286674,0.25527559563209595,0.02749650467365091,0.18555789384697896,1.825588146899101
0.8500000000000001,0.07320303524353834,0.24609888835835672,0.023893506159856356,0.18414968111996288,1.7912889462432802
0.9,0.07304945359762746,0.23678390363258978,0.02212728327756532,0.1825645520524873,1.7593085933304888
0.9500000000000001,0.07288762842652792,0.22738049280119102,0.021395704308547328,0.18080139132919298,1.7281359990476903
1.0,0.0727176451533765,0.21793624125952238,0.021176026590767904,0.17886119031766723,1.696826967913337
1.05,0.0725395926967532,0.20849612618190264,0.02114275413818239,0.17674693788952506,1.6648385733708269
1.1,0.07235356332640824,0.19910223690404225,0.02110539704979466,0.17446347554953084,1.6319032478576752
1.1500000000000001,0.07215965253732241,0.18979355763801908,0.020963009821450926,0.17201732479183765,1.5979363887446107
1.2000000000000002,0.07195795893749726,0.1806058108064402,0.02067196554823081,0.16941649430167321,1.562970436394376
1.25,0.0717485841448665,0.17157135806527396,0.020223711878117723,0.16667027414554259,1.5271089530497717
1.3,0.07153163268925257,0.16271915508179607,0.019629808201548745,0.16378902348301805,1.4904953328433028
1.35,0.07130721191608523,0.1540747553625469,0.018912134805679732,0.1607839576240576,1.4532919499129693
1.4000000000000001,0.07107543188945682,0.14566035788627113,0.01809669252392141,0.15766693948060234,1.4156666014829127
1.4500000000000002,0.07083640529289384,0.13749489297554168,0.01720984219024542,0.15445027965104216,1.377783958823615
1.5,0.07059024732691303,0.12959414071625822,0.016276166187876563,0.1511465485598876,1.3398003998214212
1.55,0.07033707560297914,0.12197087627930103,0.015317382449265341,0.14776840327866428,1.3018610883350767
1.6,0.07007701003389069,0.11463503668383931,0.014351921150662835,0.1443284309000285,1.2640985211369569
1.6500000000000001,0.0698101727209047,0.1075939038375822,0.013394902074264178,0.1408390096434818,1.226632015126393
1.7000000000000002,0.06953668783809072,0.10085229906754609,0.012458339742771869,0.1373121882512593,1.1895677828043731
1.75,0.06925668151450182,0.09441278479010026,0.01155146468500154,0.13375958369567018,1.1529993641532283
1.8,0.06897028171478527,0.08827586943862711,0.010681090684336019,0.13019229676857452,1.1170082642869439
1.85,0.06867761811884687,0.08244021225188779,0.009851985560961538,0.12662084475996827,1.081664700423202
1.9000000000000001,0.06837882200114473,0.07690282501024447,0.009067221234411381,0.12305511015263627,1.0470283974074188
1.9500000000000002,0.068074026110133,0.07165926827756947,0.008328490538727078,0.11950430405771029,1.0131493941991208
2.0,0.06776336454831175,0.06670384015420965,0.007636385634785495,0.11597694298404419,0.9800688385788788
2.0500000000000003,0.06744697265327236,0.06202975596364219,0.006990637342648159,0.11248083746373279,0.9478197567015222
2.1,0.06712498688006277,0.05762931767761023,0.006390317297882619,0.10902309103745053,0.9164277899358144
2.15,0.0667975446851369,0.053494072228662155,0.005834006193972044,0.10561010812714722,0.8859118949784256
2.2,0.06646478441209815,0.04961495816386094,0.005319931960071389,0.10224760938097695,0.8562850053579227
2.25,0.06612684517939964,0.045982440358997616,0.00484608183928406,0.09894065315780226,0.8275546537021761
2.3000000000000003,0.065783866770124,0.042586632739995495,0.00441029217386914,0.09569366191874158,0.7997235548804268
2.35,0.06543598952393175,0.03941740914915928,0.004010319397305679,0.09251045240453515,0.7727901505680043
2.4000000000000004,0.06508335423124018,0.03646450265089485,0.0036438953593485013,0.089394268594531,0.746749116050153
2.45,0.06472610202967358,0.03371759369727616,0.00330876971864331,0.08634781656138707,0.7215918302595085
2.5,0.0643643743028082,0.031166387671346267,0.0030027417573809815,0.08337330045162418,0.697306810172816
2.5500000000000003,0.06399831258122363,0.028800682398398402,0.0027236836199696327,0.08047245893328969,0.6738801107989214
2.6,0.06362805844586265,0.02661042626575798,0.0024695566605167176,0.07764660155628023,0.6512956920819561
2.6500000000000004,0.0632537534336958,0.024585767622766923,0.002238422304563534,0.0748966445670542,0.6295357541243777
2.7,0.06287553894568272,0.022717096147596167,0.0020284485884013016,0.07222314580679548,0.6085810422041332
2.75,0.06249355615702055,0.020995076868831092,0.0018379133320614901,0.0696263384002546,0.5884111231173539
2.8000000000000003,0.062107945929668326,0.01941067751992668,0.001665204726467175,0.0671061630115216,0.5690046344212539
2.85,0.061718848727137135,0.017955189885816587,0.0015088199676713912,0.06466229850314995,0.5503395081801499
2.9000000000000004,0.06132640453153602,0.016620245775152857,0.0013673624480030765,0.06229419088681889,0.5323931708302971
2.95,0.06093075276286549,0.015397828220583706,0.0012395379118890603,0.060001080497679105,0.5151427207767512
3.0,0.060532032200551505,0.014280278474649286,0.0011241499000087395,0.0577820273613326,0.4985650853184147
3.0500000000000003,0.0601303809072148,0.013260299331581935,0.001020094736487162,0.055635934752755446,0.48263715846710054
3.1,0.059725936154671734,0.012330955266624413,0.0009263562576032155,0.05356157097108132,0.46733592118428663
3.1500000000000004,0.05931883435216428,0.01148566984533333,0.0008420004348717457,0.051557589373716975,0.45263854550704063
3.2,0.0589092109768182,0.01071822081645372,0.0007661700085437537,0.04962254672841355,0.4385224839741127
3.25,0.058497200506329075,0.010022733263923242,0.0006980792180220172,0.04775491995328224,0.42496554569624206
3.3000000000000003,0.05808293635387692,0.009393671156852242,0.0006370086921163606,0.045953121322886106,0.4119459603430077
3.35,0.05766655080527032,0.008825827601272795,0.000582300543378394,0.0442155122239698,0.3994424312436618
3.4000000000000004,0.05724817495832113,0.008314314064305542,0.0005333536960555887,0.04254041554756487,0.3874341787227537
3.45,0.05682793866445094,0.007854548810323096,0.0004896194657385363,0.0409261268055344,0.37590097471423156
3.5,0.05640597047252962,0.007442244759789122,0.00045059739992284675,0.03937092405944913,0.36482316962117795
3.5500000000000003,0.05598239757494606,0.007073396954763875,0.0004158313819578851,0.03787307674832771,0.3541817123133019
3.6,0.055557345755910044,0.006744269790583033,0.0003849059957894899,0.0364308534994871,0.3439581640814877
3.6500000000000004,0.055130939341983064,0.006451384150895097,0.00035744314518061296,0.03504252900376016,0.3341347072986785
3.7,0.05470330115483486,0.006191504563012995,0.00033309891843353234,0.0337063900328363,0.3246941494695806
3.75,0.05427455246622064,0.005961626472305754,0.0003115606878133803,0.03242074067262152,0.31561992328840865
3.8000000000000003,0.053844812955172586,0.00575896371802024,0.000292544431701998,0.031183906842430734,0.306896083264374
3.85,0.05341420066739748,0.0055809362783639975,0.0002757922668457642,0.029994240165619503,0.2985072994189315
3.9000000000000004,0.05298283197687027,0.005425158339776072,0.0002610701777824242,0.028850121253022432,0.29043884850699214
3.95,0.05255082154961183,0.005289426733938786,0.0002481659305451473,0.02774996245635885,0.2826766031663446
4.0,0.052118282309636804,0.00517170977611501,0.00023688715797149447,0.02669221014464395,0.2752070193553103
4.05,0.05168532540705579,0.0050701365297110305,0.00022705960433087343,0.02567534655264854,0.2680171223980866
4.1000000000000005,0.051252060188313874,0.004982986514446392,0.00021852551747925122,0.024697891246609597,0.2610944919201366
4.15,0.050818594168545596,0.004908679869046662,0.00021114217731757945,0.023758402248730534,0.25442724592220284
4.2,0.05038503300602426,0.00484576797385624,0.0002047805499419829,0.02285547685853607,0.2480040242108614
4.25,0.0499514804786818,0.004792924534096259,0.00019932405750736686,0.021987752205872436,0.24181397137580546
4.3,0.04951803846267316,0.004748937120574165,0.00019466745446506978,0.021153905567269978,0.23584671947904465
4.3500000000000005,0.04908480691295734,0.004712699161400878,0.0001907158014671509,0.02035265447451452,0.23009237059873786
4.4,0.048651883845865586,0.004683202375609423,0.00018738352884578805,0.019582756641601164,0.22454147935024857
4.45,0.04821936532362489,0.004659529637423521,0.00018459358216965554,0.01884300973376494,0.21918503548902576
4.5,0.047787345440804006,0.004640848258230256,0.00018227664294570076,0.018132250999990565,0.21401444668390332
4.55,0.04735591631264682,0.004626403672008329,0.00018037041807167654,0.017449356788289086,0.20902152153518816
4.6000000000000005,0.0469251680652568,0.0046155135089992454,0.00017881899215060266,0.016793241961084983,0.2041984528993232
4.65,0.04649518882759465,0.00460756204173528,0.00017757223725243176,0.016162859226273335,0.19953780157080472
4.7,0.046066064725249774,0.004601994987112537,0.0001765852751507054,0.015557198397873149,0.19503248036226492
4.75,0.04563787987594524,0.004598314647982132,0.00017581798747354387,0.014975285598711438,0.19067573861507045
4.800000000000001,0.04521071638673429,0.004596075377693779,0.0001752345695899249,0.014416182416211964,0.18646114716530776
4.8500000000000005,0.04478465435284577,0.004594879351134526,0.0001748031244051418,0.013878985021125227,0.18238258378352223
4.9,0.04435977185813447,0.0045943726260350235,0.0001744952925650201,0.013362823257911756,0.17843421910093957
4.95,0.04393614497709197,0.004594241478643946,0.00017428591586845049,0.012866859714471992,0.1746105030300407
5.0,0.04351384777837226,0.004594208998278332,0.0001741527309636375,0.012390288777993213,0.17090615168318773
5.050000000000001,0.043092952329786126,0.004594031925726581,0.0001740760906567566,0.011932335682850766,0.16731613478944352
5.1000000000000005,0.042673528704717675,0.0045934977209969976,0.0001740387103940142,0.011492255555749191,0.16383566360671253
5.15,0.04225564498991545,0.004592421846455455,0.0001740254376909346,0.011069332462611806,0.16046017932379453
5.2,0.0418393672946109,0.004590645251970232,0.00017402304247750896,0.010662878461119322,0.15718534194483322
5.25,0.041424759760916106,0.004588032049271311,0.0001740200265060245,0.010272232662251904,0.1540070196468983
5.300000000000001,0.04101188457545267,0.004584467363327662,0.0001740064501312544,0.009896760303700429,0.15092127860002574
5.3500000000000005,0.04060080198216364,0.00457985534914296,0.00017397377492146853,0.009535851837575693,0.14792437323791027
5.4,0.04019157029626009,0.004574117362962453,0.0001739147206945704,0.009188922034454303,0.14501273696656006
5.45,0.039784245919254314,0.004567190277467062,0.00017382313569765388,0.008855409105453108,0.14218297329755672
5.5,0.0393788833550315,0.004559024931101671,0.00017369387876140107,0.008534773843715395,0.1394318473920815
5.550000000000001,0.03897553522691205,0.00454958470224025,0.00017352271236393085,0.008226498786418927,0.136756278001546
5.6000000000000005,0.03857425229565705,0.004538844199428824,0.00017330620563281234,0.0079300873981742,0.13415332979048258
5.65,0.03817508347836962,0.004526788059466645,0.00017304164639975832,0.007645063276468182,0.13162020602728114
5.7,0.03777807586824545,0.00451340984558517,0.00017272696150073743,0.007370969379621653,0.12915424162839265
5.75,0.03738327475512623,0.004498711038462807,0.00017236064458554925,0.007107367277564018,0.12675289654173327
5.800000000000001,0.036990723646810254,0.004482700113270291,0.00017194169076590208,0.006853836425586271,0.12441374945521053
5.8500000000000005,0.03660046429107503,0.004465391696377024,0.00017146953749027575,0.006609973461108271,0.12213449181653428
5.9,0.03621253669836746,0.004446805795762516,0.0001709440110878479,0.00637539152338855,0.11991292215076693
5.95,0.035826979165117866,0.0044269670995696914,0.0001703652784729788,0.0061497195960122965,0.11774694066239484
6.0,0.035443828297634816,0.004405904337608409,0.00016973380354660944,0.0059326018719135535,0.11563454410906099
6.050000000000001,0.035063119036538484,0.004383649700968724,0.00016905030787181817,0.005723697140620344,0.11357382093448011
6.1000000000000005,0.03468488468169129,0.00436023831523473,0.0001683157352380564,0.0055226781973546175,0.11156294664845585
6.15,0.03430915691758513,0.004335707763101841,0.00016753121976256468,0.005329231273571497,0.10960017944232807
6.2,0.03393596583914572,0.0043100976524939605,0.0001666980572084506,0.005143055488483482,0.10768385602859715
6.25,0.03356533997791526,0.004283449226552689,0.00016581767922715758,0.004963862321083572,0.10581238769389165
6.300000000000001,0.033197306328575746,0.004255805012129481,0.00016489163025880987,0.004791375102156429,0.10398425655486664
6.3500000000000005,0.03283189037577603,0.004227208503654141,0.0001639215468474091,0.004625328525747404,0.1021980120070396
6.4,0.032469116121227,0.004197703879480051,0.0001629091391492787,0.004465468179545154,0.10045226735698358
6.45,0.03210900611102995,0.004167335748018879,0.0001618561744326934,0.004311550093623902,0.09874569662870646
6.5,0.03175158146320451,0.004136148921175889,0.00016076446238445408,0.004163340306985516,0.0970770315354428
6.550000000000001,0.0313968618953833,0.004104188212782233,0.00015963584205542887,0.004020614451339187,0.09544505860847705
6.6000000000000005,0.031044865752641707,0.0040714982598933774,0.0001584721702919172,0.0038831573515569298,0.09384861647499558
6.65,0.030695610035432055,0.004038123364983881,0.00015727531151323008,0.0037507626422460644,0.09228659327733472
6.7,0.03034911042759266,0.004004107357218737,0.0001560471287082325,0.0036232323998850505,0.09075792422634957
6.75,0.030005381324403155,0.0039694934711211275,0.00015478947553486733,0.0035003767899759,0.0892615892819737
6.800000000000001,0.02966443586065861,0.003934324241086283,0.00015350418941696836,0.0033820137286749486,0.08779661095437341
6.8500000000000005,0.02932628593873603,0.003898641410311857,0.00015219308554206143,0.0032679685583735392,0.08636205221942113
6.9,0.028990942256627718,0.003862485852827328,0.00015085795167242398,0.0031580737367109786,0.08495701454252082
6.95,0.028658414335917246,0.003825897507409077,0.00014950054368949916,0.0030521685385139124,0.08358063600511512
7.0,0.028328710549674584,0.0037889153222643236,0.00014812258179890264,0.002950098770168597,0.08223208952848719
7.050000000000001,0.028001838150248103,0.0037515772094566923,0.00014672574732978237,0.0028517164959455236,0.08091058118974229
7.1000000000000005,0.027677803296932115,0.0037139200081291717,0.00014531168006824455,0.0027568797758091928,0.07961534862511421
7.15,0.027356611083489538,0.003675979455657117,0.00014388197606999366,0.0026654524142594184,0.0783456595159898
7.2,0.027038265565510432,0.0036377901659351286,0.00014243818590229767,0.002577303719764416,0.07710081015328221
7.25,0.026722769787587933,0.0035993856140675083,0.00014098181326991857,0.0024923082743597497,0.07588012407600922
7.300000000000001,0.02641012581029413,0.0035607981267929004,0.00013951431398378407,0.00241034571300116,0.07468295078014858
7.3500000000000005,0.02610033473693941,0.0035220588780300603,0.00013803709523495234,0.0023313005122731372,0.07350866449404767
7.4,0.025793396740099596,0.00348319788898369,0.00013655151513986653,0.0022550617880688234,0.07235666301685924
7.45,0.0254893110878962,0.003444244032297366,0.00013505888252604315,0.0021815231018704412,0.07122636661666187
7.5,0.025188076170015974,0.003405225039784904,0.0001335604569302078,0.0021105822752727904,0.07011721698509892
7.550000000000001,0.02488968952345668,0.0033661675133124327,0.00013205744878351267,0.002042141212405507,0.0690286762455383
7.6000000000000005,0.024594147857987067,0.0033270969384411857,0.0001305510197608611,0.001976105729922665,0.06796022601191422
7.65,0.024301447081309532,0.0032880377004757665,0.0001290422832735446,0.0019123853942408606,0.06691136649556285
7.7,0.02401158232391511,0.0032490131025947086,0.0001275323050863893,0.001850893365719247,0.06588161565750789
7.75,0.023724547963620883,0.0032100453857696093,0.0001260221040424218,0.0017915462494869023,0.06487050840378725
7.800000000000001,0.023440337649780832,0.0031711557502062736,0.0001245126528797201,0.001734263952634575,0.06387759582154111
7.8500000000000005,0.023158944327161864,0.003132364378066254,0.00012300487912662373,0.0016789695474991352,0.06290244445370428
7.9,0.02288036025947733,0.003093690457250108,0.00012149966606285146,0.0016255891407799916,0.06194463561026053
7.95,0.02260457705257124,0.0030551522060447873,0.00011999785373532904,0.0015740517482373654,0.061003764714126905
8.0,0.022331585677246843,0.0030167668984568984,0.00011850024001866875,0.0015242891747325328,0.06007944067984002
8.05,0.022061376491733998,0.002978550890071341,0.00011700758171128301,0.0014762358993800706,0.059171285323313665
8.1,0.021793939263790366,0.002940519644291114,0.00011552059565905922,0.0014298289655917025,0.05827893280103129
8.15,0.02152926319243193,0.002902687758828971,0.00011403995989938304,0.0013850078758005408,0.05740202907712382
8.200000000000001,0.02126733692928921,0.002865068992335313,0.0001125663148190814,0.0013417144906634558,0.05654023141686794
8.25,0.021008148599585677,0.0028276762910591454,0.00011110026432056522,0.001299892932547792,0.05569320790521753
8.3,0.020751685822735778,0.0027905218154504054,0.00010964237699110006,0.0012594894931169378,0.054860636989056195
8.35,0.020497935732560344,0.002753616966622393,0.000108193187270719,0.0012204525448371688,0.05404220704192993
8.4,0.0202468849971175,0.00271697241260254,0.00010675319661482304,0.0011827324562357436,0.05323761595008419
8.450000000000001,0.019998519838148,0.002680598114308501,0.00010532287464799924,0.0011462815107476246,0.05244657071869475
8.5,0.01975282605013401,0.002644503351194413,0.00010390266030602169,0.00111105382899513,0.05166878709723967
8.55,0.019509789018970932,0.0026086967465194064,0.00010249296296339774,0.0010770052943516134,0.05090398922301716
8.6,0.01926939374025248,0.0025731862921970295,0.00010109416354418009,0.0010440934816467228,0.05015190928186772
8.65,0.019031624837169102,0.002537979373190125,9.970661561408701e-05,0.0010122775888769442,0.049412287185208285
8.700000000000001,0.0187964665780208,0.0025030827914211957,9.833064645226776e-05,0.000981518371791141,0.048684870262535374
8.75,0.018563902893345273,0.0024685027891730967,9.696655810131082e-05,0.0009517780812264227,0.0479694129685979
8.8,0.0183339173926629,0.0024342450719593697,9.56146283943311e-05,0.0009230204030751724,0.04726567660448424
8.85,0.018106493380840413,0.002400314830847525,9.42751119581859e-05,0.0008952104007692775,0.046573429051907915
8.9,0.017881613874075133,0.0023667167642221366,9.294824119205829e-05,0.0008683144601725723,0.04589244452001409
8.950000000000001,0.017659261615502377,0.0023334550989779195,9.163422722082157e-05,0.0008423002367773401,0.045222503304066276
9.0,0.017439419090428412,0.0023005336111358117,9.033326082274844e-05,0.0008171366051052451,0.04456339155540542
9.05,0.017222068541191935,0.0022679556458777205,8.904551333126767e-05,0.0007927936102174817,0.04391490106210674
9.1,0.01700719198165725,0.0022357241369979296,8.777113751059264e-05,0.0007692424212431137,0.04327682903979023
9.15,0.016794771211342267,0.0022038416257712007,8.651026840515311e-05,0.0007464552868385578,0.04264897793206859
9.200000000000001,0.016584787829185082,0.0021723102792395076,8.526302416285966e-05,0.0007244054924950412,0.042031155220145146
9.25,0.016377223246952673,0.0021411319079209143,8.402950683231301e-05,0.0007030673196144842,0.041423173241098704
9.3,0.01617205870229567,0.00211030798294559,8.280980313414567e-05,0.0006824160062777924,0.04082484901441757
9.35,0.015969275271453337,0.0020798396526252177,8.16039852067495e-05,0.0006624277096328861,0.040236004076367925
9.4,0.01576885388161283,0.002049727758463118,8.041211132669729e-05,0.0006430794698329763,0.03965646432180315
9.450000000000001,0.015570775322927253,0.002019972850613432,7.92342266042185e-05,0.0006243491754586919,0.03908605985304196
9.5,0.015375020260196834,0.0019905752027984717,7.80703636541291e-05,0.0006062155303605495,0.03852462483546217
9.55,0.015181569244217936,0.0019615348266940904,7.692054324265328e-05,0.0005886580218610755,0.03797199735947581
9.600000000000001,0.014990402722804594,0.0019328514857935267,7.578477491060493e-05,0.0005716568902585581,0.037428019308568795
9.65,0.01480150105148732,0.0019045247087606345,7.46630575734215e-05,0.0005551930995769426,0.03689253623310441
9.700000000000001,0.014614844503894098,0.0018765538022838622,7.355538009856467e-05,0.0005392483095088363,0.03636539722960607
9.75,0.014430413281818615,0.001848937863442664,7.246172186081918e-05,0.0005238048485009188,0.035846454825249716
9.8,0.014248187524980572,0.0018216757915982518,7.138205327603289e-05,0.0005088456879332581,0.03533556486730925
9.850000000000001,0.014068147320483393,0.0017947662998208385,7.031633631385324e-05,0.0004943544173461895,0.03483258641731331
9.9,0.01389027271197428,0.0017682079258656048,6.92645249900199e-05,0.00048031522067041574,0.0343373816496823
9.950000000000001,0.013714543708511887,0.0017419990427097322,6.822656583877938e-05,0.00046671285341794285,0.033849815754628455
10.0,0.013540940293146867,0.0017161378686628753,6.720239836598878e-05,0.0004535326207933222,0.0333697568451114
10.05,0.0133694424312204,0.001690622477063411,6.619195548347511e-05,0.00044076035668641993,0.032897075867653086
10.100000000000001,0.013200030078386138,0.001665450805572799,6.519516392521599e-05,0.0004283824035096539,0.03243164651682623
10.15,0.013032683188360681,0.001640620665080261,6.421194464590254e-05,0.00041638559284422805,0.031973345153239054
10.200000000000001,0.012867381720407956,0.0016161297482299118,6.32422132024414e-05,0.0004047572268614533,0.031522050724849336
10.25,0.01270410564656281,0.0015919756375823361,6.228588011894618e-05,0.00039348506048671834,0.031077644691448497
10.3,0.01254283495859896,0.001568155813422421,6.134285123576094e-05,0.0003825572842750686,0.030640010952164697
10.350000000000001,0.012383549674746743,0.0015446676612251265,6.041302804305103e-05,0.0003719625079687185,0.030209035775842153
10.4,0.012226229846165783,0.001521508478790636,5.9496307999486546e-05,0.0003616897447080876,0.029784607734160334
10.450000000000001,0.012070855563177841,0.001498675483060151,5.859258483653465e-05,0.0003517283958691927,0.02936661763736421
10.5,0.01191740696126513,0.0014761658166233785,5.770174884886674e-05,0.0003420682365014013,0.028954958472483156
10.55,0.01176586422683913,0.0014539765539285001,5.6823687171374905e-05,0.0003326994013406614,0.028549525343921977
10.600000000000001,0.011616207602785214,0.0014321047072052213,5.5958284043282386e-05,0.00032361237137441335,0.028150215416313917
10.65,0.011468417393788047,0.0014105472321112105,5.510542105981976e-05,0.0003147979609353948,0.027756927859530524
10.700000000000001,0.011322473971442903,0.0013893010331120204,5.426497741192802e-05,0.0003062473053025397,0.027369563795748942
10.75,0.011178357779157952,0.0013683629686043269,5.343683011443787e-05,0.0002979518487881081,0.02698802624848208
10.8,0.01103604933685238,0.0013477298557920453,5.2620854223161466e-05,0.00028990333329106585,0.02661222009348157
10.850000000000001,0.01089552924545543,0.0013273984753246636,5.181692304132262e-05,0.0002820937872976039,0.026242052011428454
10.9,0.010756778191211097,0.0013073655757068388,5.102490831573779e-05,0.0002745155153104883,0.025877430442330276
10.950000000000001,0.010619776949793373,0.00128762787748807,5.024468042314913e-05,0.0002671610876897208,0.02551826554154751
11.0,0.010484506390236832,0.0012681820772410062,4.9476108547099123e-05,0.00026002333088773693,0.025164469137376296
11.05,0.010350947478687162,0.001249024851336669,4.871906084572329e-05,0.00025309531806307203,0.02481595469011754
11.100000000000001,0.010219081281976438,0.0012301528595246559,4.797340461082742e-05,0.00024637036005712104,0.02447263725256657
11.15,0.010088888971027575,0.0012115627483261064,4.723900641860265e-05,0.0002398419967192562,0.024134433431860107
11.200000000000001,0.009960351824092564,0.0011932511542469867,4.651573227232112e-05,0.00023350398856619855,0.023801261352620933
11.25,0.009833451229828975,0.0011752147068190117,4.580344773734402e-05,0.00022735030876213467,0.02347304062134347
11.3,0.009708168690219005,0.0011574500314752581,4.510201806876142e-05,0.00022137513540663144,0.02314969229196584
11.350000000000001,0.009584485823335537,0.0011399537522673272,4.441130833197433e-05,0.00021557284411795934,0.02283113883257743
11.4,0.009462384365959345,0.0011227224944306497,4.3731183516517065e-05,0.0002099380008999432,0.022517304093212683
11.450000000000001,0.009341846176051688,0.0011057528868043233,4.306150864340869e-05,0.00020446535528096537,0.02220811327468463
11.5,0.009222853235086436,0.0010890415641116548,4.240214886631213e-05,0.00019914983371422285,0.021903492898414145
11.55,0.009105387650245678,0.001072585169107339,4.175296956676868e-05,0.00019398653322878802,0.021603370777212298
11.600000000000001,0.008989431656482921,0.001056380354597036,4.1113836443767396e-05,0.0001889707153214707,0.021307675986976273
11.65,0.00887496761845766,0.0010404237853348637,4.0484615597898145e-05,0.0001840978000798845,0.021016338839260146
11.700000000000001,0.008761978032345208,0.0010247121398041532,3.9865173610328626e-05,0.00017936336052752714,0.020729290854684543
11.75,0.008650445527525594,0.0010092421118866087,3.9255377616836905e-05,0.00017476311718206557,0.020446464737150474
11.8,0.008540352868155092,0.000994010412424818,3.86550953771214e-05,0.000170292932818376,0.02016779434882432
11.850000000000001,0.008431682954624148,0.000979013770682895,3.806419533960319e-05,0.00016594880742824825,0.019893214685862783
11.9,0.008324418824905137,0.0009642489357098346,3.7482546701926085e-05,0.0001617268733689886,0.01962266185484773
11.950000000000001,0.008218543655793465,0.0009497126776100053,3.691001946735268e-05,0.0001576233906934821,0.019356073049902535
12.0,0.00811404076404546,0.0009354017887250325,3.634648449724708e-05,0.0001536347426545807,0.019093386530462962
12.05,0.008010893607416301,0.0009213130847311494,3.579181355982661e-05,0.00014975743137697227,0.018834541599676388
12.100000000000001,0.007909085785601332,0.0009074434056559593,3.524587937535899e-05,0.0001459880736899739,0.018579478583405144
12.15,0.007808601041083893,0.0008937896168183759,3.4708555657973085e-05,0.00014232339711495436,0.01832813880981021
12.200000000000001,0.00770942325989281,0.0008803486096953724,3.417971715424566e-05,0.0001387602360013522,0.01808046458949297
12.25,0.00761153647227263,0.0008671173027190333,3.365923967871966e-05,0.00013529552780550282,0.017836399196173785
12.3,0.007514924853269511,0.0008540926420072411,3.314700014650283e-05,0.0001319263095067186,0.01759588684788682
12.350000000000001,0.00741957272323578,0.0008412716020312284,3.2642876603090447e-05,0.00012864971415529964,0.017358872688671992
12.4,0.007325464548255922,0.0008286511862230644,3.214674825154883e-05,0.00012546296754736163,0.01712530277074524
12.450000000000001,0.0072325849404968265,0.0008162284275260426,3.16584954771915e-05,0.00012236338502157908,0.016895124037129595
12.5,0.007140918658485027,0.0008040003888908087,3.117799986987432e-05,0.00011934836837314057,0.016668284304730264
12.55,0.0070504506073135196,0.0007919641637199432,3.070514424402988e-05,0.00011641540288039836,0.01644473224783738
12.600000000000001,0.006961165838780835,0.000780116876263618,3.0239812656557695e-05,0.00011356205443988329,0.01622441738204132
12.65,0.006873049551464812,0.0007684556819688173,2.978189042268039e-05,0.00011078596680552414,0.016007290048545765
12.700000000000001,0.006786087090733571,0.0007569777677845259,2.9331264129872414e-05,0.00010808485892808135,0.015793301398864427
12.75,0.006700263948696104,0.0007456803524251814,2.8887821649962955e-05,0.00010545652239096522,0.015582403379888289
12.8,0.006615565764094761,0.0007345606865945796,2.845145214950997e-05,0.0001028988189387585,0.015374548719310252
12.850000000000001,0.006531978322141989,0.000723616053172351,2.8022046098538795e-05,0.00010040967809491562,0.015169690911395252
12.9,0.006449487554303479,0.000712843767365012,2.759949527773398e-05,9.798709486524654e-05,0.014967784203083931
12.950000000000001,0.0063680795380299015,0.0007022411768235229,2.7183692784169587e-05,9.562912752393143e-05,0.014768783580418776
13.0,0.0062877404964393705,0.0006918056617292016,2.6774533035659433e-05,9.333389547894159e-05,0.014572644755282112
13.05,0.006208456797952613,0.0006815346348497478,2.6371911773804673e-05,9.109957721386327e-05,0.014379324152435511
13.100000000000001,0.006130214955882919,0.0006714255415670755,2.5975726065813464e-05,8.892440830324448e-05,0.014188778896851084
13.15,0.006053001627982734,0.0006614758598785573,2.5585874305163264e-05,8.680667949869419e-05,0.014000966801325072
13.200000000000001,0.005976803615948821,0.000651683100373226,2.520225621117374e-05,8.474473488307579e-05,0.013815846354364896
13.25,0.005901607864887834,0.0006420448061844092,2.482477282755507e-05,8.273697009024102e-05,0.013633376708341043
13.3,0.005827401462744031,0.0006325585529201944,2.445332651999305e-05,8.078183058784859e-05,0.013453517667895527
13.350000000000001,0.005754171639690926,0.0006232219485730793,2.4087820972830382e-05,7.88778100209123e-05,0.013276229678599146
13.4,0.005681905767488495,0.0006140326334100798,2.3728161184899934e-05,7.702344861381149e-05,0.013101473815849819
13.450000000000001,0.005610591358807603,0.0006049882798445238,2.3374253464563798e-05,7.52173316285882e-05,0.012929211774004912
13.5,0.005540216066523248,0.0005960865922907015,2.30260054240093e-05,7.345808787743999e-05,0.012759405855740558
13.55,0.005470767682978105,0.0005873253070024773,2.2683325972850403e-05,7.174438828739677e-05,0.012592018961631247
13.600000000000001,0.005402234139217934,0.000578702191896936,2.234612531108123e-05,7.0074944515252e-05,0.012427014579943415
13.65,0.005334603504200232,0.0005702150463640665,2.2014314921425674e-05,6.844850761088967e-05,0.012264356776636785
13.700000000000001,0.005267863983977566,0.0005618617010634518,2.1687807561125228e-05,6.686386672722299e-05,0.012104010185567624
13.75,0.00520200392085696,0.0005536400177088878,2.1366517253205266e-05,6.531984787502976e-05,0.011945939998888285
13.8,0.005137011792536598,0.000545547888841796,2.1050359277257603e-05,6.381531272103353e-05,0.011790111957637505
13.850000000000001,0.005072876211221194,0.0005375832375942762,2.073925015977592e-05,6.234915742764637e-05,0.011636492342516371
13.9,0.005009585922717198,0.0005297440174425816,2.0433107664078288e-05,6.092031153284725e-05,0.0114850479648448
13.950000000000001,0.0049471298055090715,0.0005220282119517755,2.0131850779849654e-05,5.952773686873038e-05,0.011335746157693775
14.0,0.004885496869817796,0.0005144338345122883,1.9835399712335586e-05,5.817042651731402e-05,0.011188554767188724
14.05,0.004824676256642699,0.0005069589280690519,1.9543675871216547e-05,5.684740380225265e-05,0.011043442143979452
14.100000000000001,0.00476465723678773,0.0004996015648438659,1.9256601859191133e-05,5.555772131514985e-05,0.010900377134872474
14.15,0.004705429209873195,0.0004923598460516052,1.8974101460294706e-05,5.430045997521634e-05,0.010759329074621488
14.200000000000001,0.004646981703333976,0.0004852319016108567,1.8696099627978754e-05,5.307472812106701e-05,0.010620267777872025
14.25,0.004589304371405242,0.00047821588984954115,1.8422522472975116e-05,5.187966063349673e-05,0.010483163531256497
14.3,0.004532386994096545,0.00047130999720604186,1.815329725096753e-05,5.071441808811715e-05,0.010347987085635812
14.350000000000001,0.004476219476155266,0.0004645124379263447,1.7888352350092346e-05,4.9578185936781365e-05,0.010214709648484095
14.4,0.004420791846020266,0.0004578214537576577,1.7627617278288555e-05,4.847017371676168e-05,0.010083302876412995
14.450000000000001,0.004366094254766591,0.00045123531363896015,1.737102265051652e-05,4.738961428668614e-05,0.00995373886783225
14.5,0.004312116975042082,0.00044475231338890714,1.7118500175863764e-05,4.633576308827692e-05,0.009825990155743368
14.55,0.0042588503999966415,0.00043837077539148604,1.686998264455485e-05,4.530789743296842e-05,0.009700029700663176
14.600000000000001,0.004206285042204959,0.00043208904827981025,1.6625403914881896e-05,4.430531581251936e-05,0.009575830883674417
14.65,0.004154411532583404,0.000425905506618404,1.638469890007094e-05,4.332733723276473e-05,0.009453367499600346
14.700000000000001,0.004103220619301804,0.00041981855058431883,1.6147803555098766e-05,4.237330056968614e-05,0.00933261375030056
14.75,0.004052703166690811,0.0004138266056474036,1.591465486347393e-05,4.144256394701029e-05,0.009213544238085439
14.8,0.004002850154145469,0.0004079281222500246,1.56851908239947e-05,4.0534504134573214e-05,0.009096133959246414
14.850000000000001,0.003953652675025669,0.0004021215754865258,1.5459350437496345e-05,3.964851596671815e-05,0.008980358297699692
14.9,0.0039051019355540563,0.00039640546478269216,1.5237073693598948e-05,3.8784011780020596e-05,0.00886619301874082
14.950000000000001,0.003857189253711989,0.00039077831357546967,1.5018301557466599e-05,3.7940420869660926e-05,0.008753614262907815
15.0,0.003809906058134134,0.00038523866899318126,1.4802975956588128e-05,3.7117188963790576e-05,0.008642598539950551
15.05,0.003763243887002188,0.00037978510153645524,1.459103976758864e-05,3.631377771526052e-05,0.008533122722904027
15.100000000000001,0.003717194386938303,0.000374416204760082,1.4382436803080963e-05,3.5529664210105894e-05,0.008425164042263568
15.15,0.0036717493118986594,0.00036913059495598873,1.4177111798565133e-05,3.4764340492201214e-05,0.008318700080259634
15.200000000000001,0.003626900522067694,0.00036392691083751754,1.3975010399383715e-05,3.4017313103523234e-05,0.00821370876523033
15.25,0.0035826399827534423,0.0003588038132251806,1.3776079147740345e-05,3.328810263947901e-05,0.0081101683660896
15.3,0.0035389597632844035,0.00035375998473404673,1.3580265469788025e-05,3.257624331877578e-05,0.00800805748688913
15.350000000000001,0.003495852035908388,0.00034879412946291487,1.3387517662793706e-05,3.1881282567329725e-05,0.00790735506147217
15.4,0.0034533090746937125,0.00034390497268540826,1.3197784882384828e-05,3.120278061572766e-05,0.007808040348217377
15.450000000000001,0.003411323254433139,0.0003390912605431207,1.3011017129883322e-05,3.054031010977433e-05,0.0077100929248709316
15.5,0.003369887049550944,0.00033435175974093584,1.2827165239732183e-05,2.9893455733674763e-05,0.007613492683465272
15.55,0.003328993033013422,0.000329685257244627,1.26461808670191e-05,2.9261813845416968e-05,0.007518219825322638
15.600000000000001,0.0032886338752432117,0.0003250905599808442,1.2468016475101604e-05,2.8644992123936925e-05,0.007424254856141937
15.65,0.0032488023430377166,0.0003205664945395797,1.2292625323337568e-05,2.804260922766194e-05,0.007331578581167239
15.700000000000001,0.0032094912984919443,0.0003161119068791998,1.2119961454924705e-05,2.7454294464043682e-05,0.0072401721004364
15.75,0.003170693697926066,0.00031172566203412517,1.1949979684852459e-05,2.6879687469706207e-05,0.0071500168041083246
15.8,0.0031324025908179313,0.0003074066438252273,1.1782635587969152e-05,2.6318437900847027e-05,0.007061094367867338
15.850000000000001,0.003094611118740849,0.0003031537545730139,1.1617885487167313e-05,2.577020513354342e-05,0.006973386748403321
15.9,0.0030573125143068367,0.00029896591481365755,1.1455686441689509e-05,2.5234657973627483e-05,0.006886876178966133
15.950000000000001,0.003020500100115598,0.00029484206301792515,1.1295996235556973e-05,2.471147437580616e-05,0.006801545164992997
16.0,0.0029841672877094537,0.00029078115531305755,1.113877336612308e-05,2.420034117171411e-05,0.006717376479807554
16.05,0.0029483075765344134,0.00028678216520763904,1.098397703275328e-05,2.3700953806597573e-05,0.006634353160389197
16.1,0.0029129145529076146,0.0002828440833195002,1.0831567125633237e-05,2.321301608433934e-05,0.006552458503211532
16.150000000000002,0.002877981888991295,0.00027896591710668345,1.068150421470636e-05,2.2736239920544034e-05,0.0064716760601486335
16.2,0.0028435033417734874,0.0002751466906015037,1.0533749538742002e-05,2.2270345103413736e-05,0.006391989634447949
16.25,0.002809472752055588,0.0002713854441477263,1.0388264994535219e-05,2.181505906215294e-05,0.006313383276768616
16.3,0.0027758840434469892,0.00026768123414088797,1.0245013126239063e-05,2.1370116642651745e-05,0.0062358412812841425
16.35,0.0027427312213668745,0.00026403313277177176,1.0103957114829852e-05,2.0935259890203957e-05,0.006159348181848176
16.400000000000002,0.002710008372053349,0.0002604402277730552,9.965060767706102e-06,2.0510237839026484e-05,0.00608388874822238
16.45,0.0026777096615800203,0.0002569016221691391,9.828288508421402e-06,2.009480630835387e-05,0.006009447982365285
16.5,0.002645829334880142,0.00025341643402916413,9.693605366551445e-06,1.968872770488989e-05,0.005936011114781054
16.55,0.0026143617147784564,0.00024998379622322256,9.560976967695452e-06,1.929177083140621e-05,0.005863563600927186
16.6,0.0025833012010307997,0.0002466028561817614,9.430369523611789e-06,1.890371070128451e-05,0.005792091117680053
16.650000000000002,0.0025526422693715974,0.0002432727756581802,9.301749822487786e-06,1.8524328358806566e-05,0.00572157955985737
16.7,0.0025223794705693213,0.00023999273049461742,9.175085219343507e-06,1.8153410705002993e-05,0.005652015036796583
16.75,0.002492507429489982,0.00023676191039091914,9.050343626569085e-06,1.7790750328877952e-05,0.005583383868988208
16.8,0.002463020844168758,0.00023357951867678455,8.927493504595343e-06,1.7436145343833998e-05,0.0055156725847632804
16.85,0.002433914484889787,0.0002304447720870737,8.806503852697027e-06,1.708939922912636e-05,0.005448867917033874
16.900000000000002,0.0024051831932742065,0.00022735690054026845,8.6873441999282e-06,1.6750320676182843e-05,0.005382956800085903
16.95,0.0023768218813764916,0.0002243151469200717,8.569984596189092e-06,1.6418723439630583e-05,0.005317926366423289
17.0,0.0023488255307891216,0.00022131876686012764,8.454395603423667e-06,1.6094426192876403e-05,0.005253763943662604
17.05,0.002321189191755648,0.00021836702853184945,8.340548286947199e-06,1.577725238809328e-05,0.005190457051477448
17.1,0.0022939079822921617,0.00021545921243533092,8.228414206902868e-06,1.546703012046959e-05,0.0051279933985916085
17.150000000000002,0.0022669770873172176,0.00021259461119332542,8.117965409846619e-06,1.5163591996583655e-05,0.005066360879820281
17.2,0.002240391757790229,0.0002097725293482697,8.009174420459223e-06,1.4866775006770154e-05,0.005005547573158536
17.25,0.002214147309858346,0.00020699228316232874,7.90201423338457e-06,1.457642040134976e-05,0.004945541736916218
17.3,0.0021882391240118622,0.00020425320042044134,7.7964583051932e-06,1.429237357059795e-05,0.004886331806898582
17.35,0.002162662644248116,0.00020155462023633763,7.692480546469877e-06,1.4014483928332555e-05,0.004827906393631842
17.400000000000002,0.0021374133772439296,0.00019889589286150618,7.590055314024182e-06,1.3742604799004375e-05,0.004770254279632946
17.45,0.002112486891536573,0.00019627637949708285,7.489157403222904e-06,1.3476593308178704e-05,0.00471336441672283
17.5,0.002087878816713243,0.0001936954521086341,7.389762040443044e-06,1.3216310276299403e-05,0.0046572259233824366
17.55,0.0020635848426090787,0.00019115249324380893,7.2918448756442995e-06,1.2961620115631198e-05,0.004601828082150851
17.6,0.0020396007185136686,0.00018864689585282768,7.195381975059653e-06,1.2712390730278737e-05,0.004547160337064785
17.650000000000002,0.0020159222523860646,0.00018617806311178146,7.100349814002903e-06,1.2468493419184998e-05,0.004493212291138807
17.7,0.001992545310078273,0.0001837454082487115,7.0067252697918134e-06,1.2229802782014544e-05,0.00443997370388564
17.75,0.0019694658145672007,0.00018134835437243774,6.9144856147855665e-06,1.1996196627830307e-05,0.0043874344888758295
17.8,0.001946679745195053,0.0001789863343041086,6.823608509535283e-06,1.1767555886475932e-05,0.004335584711336249
17.85,0.0019241831369181312,0.00017665879041143804,6.734071996046144e-06,1.154376452257813e-05,0.0042844145857867
17.900000000000002,0.00190197207956402,0.00017436517444560098,6.645854491149891e-06,1.1324709452086849e-05,0.004233914473714062
17.95,0.0018800427170971297,0.00017210494738075522,6.558934779986304e-06,1.1110280461273534e-05,0.004184074881283383
18.0,0.0018583912468925516,0.00016987757925615725,6.473292009592261e-06,1.090037012811036e-05,0.004134886457085264
18.05,0.0018370139190182115,0.00016768254902084276,6.388905682597133e-06,1.069487374595621e-05,0.00408633998991904
18.1,0.0018159070355252568,0.0001655193443808364,6.305755651022982e-06,1.0493689249477079e-05,0.004038426406611095
18.150000000000002,0.0017950669497466553,0.0001633874616488615,6.223822110188316e-06,1.0296717142731502e-05,0.003991136769867799
18.2,0.0017744900656039603,0.0001612864055965168,6.143085592713972e-06,1.0103860429353604e-05,0.003944462276162504
18.25,0.0017541728369221867,0.00015921568930888695,6.06352696262972e-06,9.915024544768584e-06,0.0038983942536560184
18.3,0.0017341117667527778,0.00015717483404155706,5.9851274095803195e-06,9.730117290377855e-06,0.0038529241601500974
18.35,0.001714303406704582,0.0001551633690799964,5.9078684431295145e-06,9.549048769652651e-06,0.003808043581073332
18.400000000000002,0.0016947443562828153,0.00015318083160128064,5.83173188716069e-06,9.37173132607741e-06,0.0037637442274989774
18.45,0.0016754312622359491,0.00015122676653812049,5.7566998743728025e-06,9.19807948288583e-06,0.0037200179341942
18.5,0.0016563608179104663,0.00014930072644516362,5.6827548408701744e-06,9.028009884534435e-06,0.003676856657700207
18.55,0.0016375297626134507,0.00014740227136754024,5.609879520844894e-06,8.861441239860484e-06,0.0036342524744428346
18.6,0.0016189348809829275,0.00014553096871161746,5.538056941350349e-06,8.69829426687236e-06,0.0035921975788730247
18.650000000000002,0.0016005730023659222,0.00014368639311793335,5.467270417164635e-06,8.538491639122702e-06,0.0035506842816367765
18.7,0.0015824410002041693,0.00014186812633627802,5.397503545742476e-06,8.381957933615902e-06,0.0035097050077740753
18.75,0.0015645357914274094,0.00014007575710289007,5.328740202254287e-06,8.22861958020315e-06,0.0034692522949463264
18.8,0.0015468543358542336,0.0001383088810197391,5.260964534711164e-06,8.078404812419943e-06,0.0034293187916918876
18.85,0.0015293936356003898,0.0001365671004358606,5.194160959174373e-06,7.931243619722066e-06,0.003389897255709182
18.900000000000002,0.0015121507344945093,0.0001348500243307149,5.128314155048104e-06,7.787067701077815e-06,0.0033509805521670117
18.95,0.0014951227175011843,0.00013315726819953857,5.063409060454196e-06,7.645810419875394e-06,0.0033125616520416064
19.0,0.0014783067101513292,0.0001314884539406575,4.99943086768752e-06,7.5074067601057125e-06,0.0032746336304799828
19.05,0.0014616998779797808,0.00012984320974473377,4.936365018750824e-06,7.371793283782326e-06,0.003237189665189225
19.1,0.0014452994259700487,0.0001282211699859139,4.874197200967696e-06,7.238908089561087e-06,0.0032002230348512272
19.150000000000002,0.001429102598006171,0.00012662197511485076,4.81291334267246e-06,7.108690772523632e-06,0.0031637271175625303
19.200000000000003,0.0014131066763316022,0.00012504527155356935,4.752499608975766e-06,6.981082385089786e-06,0.0031276953892988334
19.25,0.001397308981015071,0.00012349071159214792,4.692942397604652e-06,6.856025399025114e-06,0.0030921214224037975
19.3,0.0013817068694233373,0.0001219579532871846,4.6342283348158445e-06,6.733463668510868e-06,0.0030569988841017406
19.35,0.0013662977357007968,0.00012044666036202355,4.5763442713811766e-06,6.613342394244811e-06,0.003022321535033872
19.400000000000002,0.001351079010255847,0.00011895650210870987,4.5192772786438645e-06,6.495608088542057e-06,0.0029880832278176535
19.450000000000003,0.0013360481592539647,0.00011748715329164741,4.463014644644532e-06,6.380208541406371e-06,0.0029542779056289515
19.5,0.0013212026841174214,0.00011603829405293149,4.407543870315817e-06,6.267092787543123e-06,0.002920899600806596
19.55,0.001306540121031567,0.00011460960981932888,4.3528526657443946e-06,6.1562110742859886e-06,0.0028879424334789967
19.6,0.0012920580404576297,0.0001132007912108798,4.2989289464993685e-06,6.047514830410531e-06,0.002855400610212481
19.650000000000002,0.0012777540466519435,0.00011181153395109348,4.245760830025823e-06,5.94095663580837e-06,0.002823268422680976
19.700000000000003,0.0012636257771915548,0.00011044153877871252,4.1933366321025215e-06,5.836490191996723e-06,0.0027915402463567205
19.75,0.0012496709025061332,0.00010909051136101985,4.141644863362631e-06,5.734070293438751e-06,0.0027602105392216638
19.8,0.0012358871254161158,0.00010775816220866232,4.0906742258763975e-06,5.633652799650899e-06,0.0027292738404992144
19.85,0.001222272180677034,0.00010644420659196696,4.040413609794776e-06,5.535194608074307e-06,0.002698724769406037
19.900000000000002,0.001208823834529935,0.00010514836445872354,3.990852090052898e-06,5.438653627687832e-06,0.0026685580239235503
19.950000000000003,0.0011955398842578469,0.00010387036035340988,3.941978923132414e-06,5.343988753341164e-06,0.0026387683795888253
20.0,0.001182418157748216,0.00010260992333783564,3.8937835438816775e-06,5.251159840787037e-06,0.002609350688304589
20.05,0.0011694565130612453,0.00010136678691318005,3.846255562392763e-06,5.160127682392204e-06,0.0025802998771679896
20.1,0.0011566528380040826,0.0001001406889434014,3.7993847609343817e-06,5.070853983507574e-06,0.002551610947317882
20.150000000000002,0.0011440050497107722,9.893137157999342e-05,3.75316109093967e-06,4.983301339478312e-06,0.0025232789728002803
20.200000000000003,0.001131511094227921,9.773858118806685e-05,3.707574670047927e-06,4.897433213275509e-06,0.002495299099451725
20.25,0.0011191689461060063,9.656206827373325e-05,3.662615779199379e-06,4.813213913731452e-06,0.0024676665438002664
20.3,0.001106976607996258,9.54015874127685e-05,3.6182748597820042e-06,4.730608574361093e-06,0.0024403765919837834
20.35,0.001094932110253062,9.425689718053506e-05,3.5745425108295596e-06,4.649583132752963e-06,0.0024134245986853708
20.400000000000002,0.0010830335105418043,9.312776008314008e-05,3.5314094862698445e-06,4.570104310513071e-06,0.0023868059860855067
20.450000000000003,0.0010712788934521033,9.2013942489809e-05,3.4888666922223814e-06,4.492139593746047e-06,0.0023605162428307455
20.5,0.0010596663701163626,9.09152145664535e-05,3.4469051843446193e-06,4.415657214058136e-06,0.0023345509230186705
20.55,0.0010481940778335772,8.983135021041263e-05,3.405516165225774e-06,4.34062613006714e-06,0.002308905645198834
20.6,0.0010368601796983425,8.876212698634802e-05,3.3646909818275422e-06,4.267016009404935e-06,0.0022835760913894657
20.650000000000002,0.0010256628642349853,8.770732606327156e-05,3.32442112297075e-06,4.194797211198466e-06,0.002258558006109646
20.700000000000003,0.0010146003450367694,8.666673215268706e-05,3.284698216867196e-06,4.123940769015711e-06,0.0022338471954267414
20.75,0.0010036708604101074,8.564013344782594e-05,3.245514028695891e-06,4.054418374263428e-06,0.0022094395260188393
20.8,0.000992872673023715,8.462732156395773e-05,3.2068604582228384e-06,3.986202360023868e-06,0.002185330924251934
20.85,0.0009822040695626573,8.362809147975736e-05,3.168729537463653e-06,3.919265685318157e-06,0.0021615173752716657
20.900000000000002,0.0009716633603872121,8.264224147970957e-05,3.1311134283881876e-06,3.853581919784215e-06,0.002137994922109325
20.950000000000003,0.0009612488791965014,8.166957309753309e-05,3.094004420666462e-06,3.7891252287576272e-06,0.0021147596648019473
21.0,0.0009509589826968256,8.070989106060637e-05,3.0573949294551335e-06,3.7258703587441363e-06,0.002091807759526239
21.05,0.0009407920502746417,7.976300323537699e-05,3.021277493223766e-06,3.6637926232727505e-06,0.0020691354177461213
21.1,0.0009307464836741334,7.882872057373822e-05,2.9856447716202265e-06,3.6028678891188956e-06,0.0020467389053736972
21.150000000000002,0.0009208207066793027,7.790685706035449e-05,2.950489543374456e-06,3.543072562887176e-06,0.002024614541943386
21.200000000000003,0.0009110131648005363,7.69972296609198e-05,2.915804704239951e-06,3.4843835779438e-06,0.0020027586997990545
21.25,0.0009013223249655844,7.609965827133245e-05,2.881583264972268e-06,3.4267783816889086e-06,0.0019811678032939117
21.3,0.0008917466752148926,7.521396566776929e-05,2.8478183493438683e-06,3.3702349231593477e-06,0.0019598383280029674
21.35,0.0008822847244012417,7.433997745764459e-05,2.8145031921946863e-06,3.314731640952784e-06,0.0019387667999478785
21.400000000000002,0.0008729350018936244,7.347752203143662e-05,2.7816311375177162e-06,3.2602474514641893e-06,0.0019179497948339425
21.450000000000003,0.0008636960572853148,7.262643051536722e-05,2.7491956365790285e-06,3.206761737426121e-06,0.0018973839372990787
21.5,0.0008545664601060732,7.178653672491906e-05,2.7171902460715747e-06,3.1542543367443996e-06,0.0018770659001745942
21.55,0.000845544799538427,7.09576771191753e-05,2.685608626302153e-06,3.1027055316210333e-06,0.001856992403757535
21.6,0.0008366296841379859,7.013969075596778e-05,2.654444539410969e-06,3.0520960379565495e-06,0.0018371602150944687
21.650000000000002,0.0008278197415577233,6.933241924781823e-05,2.623691847623156e-06,3.002406995023995e-06,0.001817566147276473
21.700000000000003,0.0008191136182761824,6.853570671865912e-05,2.593344511531698e-06,2.9536199554072166e-06,0.0017982070587451897
21.75,0.0008105099793295515,6.774939976131994e-05,2.563396588411179e-06,2.9057168751961816e-06,0.0017790798526097424
21.8,0.000802007508047553,6.697334739576498e-05,2.533842230561787e-06,2.858680104432307e-06,0.0017601814759743532
21.85,0.0007936049057931052,6.62074010280698e-05,2.504675683683045e-06,2.812492377797034e-06,0.0017415089192764981
21.900000000000002,0.0007853008917056935,6.54514144101222e-05,2.47589128527669e-06,2.767136805536964e-06,0.0017230592156354065
21.950000000000003,0.0007770942024484114,6.470524360003557e-05,2.4474834630781965e-06,2.7225968646191913e-06,0.0017048294402107653
22.0,0.0007689835919586168,6.396874692326123e-05,2.4194467335164136e-06,2.678856390110568e-06,0.0016868167095714524
22.05,0.0007609678312021536,6.324178493438734e-05,2.3917757002007824e-06,2.6358995667748377e-06,0.0016690181810741327
22.1,0.0007530457079310987,6.252422037961255e-05,2.364465052435673e-06,2.593710920881789e-06,0.0016514310522515846
22.150000000000002,0.0007452160264449731,6.181591815988126e-05,2.337509563761294e-06,2.5522753122226595e-06,0.0016340525602105674
22.200000000000003,0.0007374776073553819,6.111674529466946e-05,2.31090409052072e-06,2.5115779263262864e-06,0.0016168799810391018
22.25,0.0007298292873540298,6.042657088640907e-05,2.284643570452549e-06,2.471604266870587e-06,0.0015999106292230061
22.3,0.0007222699189840659,5.974526608553906e-05,2.2587230213087148e-06,2.4323401482841244e-06,0.0015831418570715322
22.35,0.000714798370414719,5.907270405617282e-05,2.233137539497014e-06,2.393771688532708e-06,0.0015665710541519738
22.400000000000002,0.000707413525219167,5.840875994236965e-05,2.2078822987478607e-06,2.3558853020860272e-06,0.0015501956467330854
22.450000000000003,0.0007001142821556058,5.775331083500025e-05,2.1829525488048494e-06,2.3186676930595616e-06,0.0015340130972371791
22.5,0.0006928995549514671,5.710623573919517e-05,2.1583436141386946e-06,2.2821058485270766e-06,0.0015180209037007645
22.55,0.0006857682720907437,5.6467415542365586e-05,2.1340508926840843e-06,2.2461870319991624e-06,0.0015022165992435816
22.6,0.0006787193766043826,5.583673298278667e-05,2.110069854599068e-06,2.210898777063451e-06,0.0014865977515459172
22.650000000000002,0.0006717518258636953,5.521407261873248e-05,2.0863960410465334e-06,2.176228881182165e-06,0.0014711619623340416
22.700000000000003,0.0006648645913767508,5.459932079815321e-05,2.0630250629973894e-06,2.142165399642887e-06,0.0014559068668736602
22.75,0.0006580566585877059,5.3992365628884564e-05,2.0399526000550397e-06,2.1086966396584817e-06,0.001440830133471242
22.8,0.0006513270266790306,5.339309694937965e-05,2.0171743993007568e-06,2.075811154612233e-06,0.0014259294629830953
22.85,0.0006446747083765943,5.2801406299954454e-05,1.9946862741595972e-06,2.043497738444407e-06,0.001411202588332083
22.900000000000002,0.0006380987297575638,5.22171868945368e-05,1.972484103286442e-06,2.011745420176482e-06,0.0013966472740318328
22.950000000000003,0.00063159813006108,5.164033359291036e-05,1.9505638294718253e-06,1.9805434585694677e-06,0.0013822613157183413
23.0,0.0006251719615016727,5.107074287344452e-05,1.9289214585671707e-06,1.9498813369127883e-06,0.0013680425396888453
23.05,0.0006188192890853709,5.0508312806301096e-05,1.907553058429077e-06,1.9197487579403156e-06,0.0013539888024478443
23.1,0.0006125391904284799,4.995294302711e-05,1.8864547578823262e-06,1.8901356388702567e-06,0.001340097990260166
23.150000000000002,0.0006063307555789752,4.9404534711104424e-05,1.8656227457012389e-06,1.861032106565636e-06,0.0013263680187109556
23.200000000000003,0.0006001930868404861,4.8862990547707945e-05,1.845053269609058e-06,1.8324284928122606e-06,0.00131279683227248
23.25,0.0005941252985988274,4.832821471556515e-05,1.8247426352950314e-06,1.804315329711114e-06,0.001299382403877642
23.3,0.0005881265171510422,4.780011285800756e-05,1.804687205448855e-06,1.7766833451822011e-06,0.0012861227345000903
23.35,0.0005821958805369258,4.727859205894761e-05,1.7848833988121786e-06,1.7495234585769899e-06,0.0012730158527408332
23.400000000000002,0.0005763325383729879,4.676356081919209e-05,1.7653276892468396e-06,1.722826776396607e-06,0.0012600598144212334
23.450000000000003,0.000570535651688823,4.6254929033168187e-05,1.746016604819528e-06,1.696584588113091e-06,0.0012472527021823
23.5,0.0005648043927658531,4.575260796605433e-05,1.726946726902587e-06,1.6707883620910369e-06,0.0012345926250901663
23.55,0.0005591379449784079,4.5256510231308445e-05,1.7081146892906384e-06,1.6454297416070492e-06,0.0012220777182476562
23.6,0.0005535355026371131,4.476654976858698e-05,1.689517177332761e-06,1.6205005409645165e-06,0.0012097061424118528
23.650000000000002,0.0005479962708345468,4.428264182204686e-05,1.6711509270799154e-06,1.5959927417012316e-06,0.0011974760836175546
23.700000000000003,0.0005425194652931373,4.3804702919024056e-05,1.6530127244473576e-06,1.5718984888875137e-06,0.0011853857528065425
23.75,0.0005371043122152683,4.3332650849081814e-05,1.635099404391753e-06,1.548210087512509e-06,0.001173433385462559
23.8,0.0005317500481355561,4.286640464342162e-05,1.6174078501027191e-06,1.5249199989564183e-06,0.0011616172412518995
23.85,0.0005264559197752761,4.240588455465094e-05,1.599934992208552e-06,1.502020837546487e-06,0.00114993560366955
23.900000000000002,0.0005212211838988976,4.1951012036900575e-05,1.5826778079958522e-06,1.4795053671946023e-06,0.0011383867796907559
23.950000000000003,0.0005160451071727028,4.150170972628592e-05,1.565633320642812e-06,1.4573664981144473e-06,0.0011269690994279496
24.0,0.0005109269660254585,4.105790142170562e-05,1.5487985984659116e-06,1.435597283616197e-06,0.0011156809157929573
24.05,0.0005058660465111085,4.061951206597154e-05,1.5321707541797693e-06,1.414190916976782e-06,0.0011045206041643803
24.1,0.0005008616441734627,4.0186467727264435e-05,1.5157469441699256e-06,1.393140728383841e-06,0.0010934865620600973
24.150000000000002,0.0004959130639128471,3.9758695580908886e-05,1.499524367778302e-06,1.372440181951477e-06,0.0010825772088147775
24.200000000000003,0.0004910196198546913,3.933612389146223e-05,1.4835002666011166e-06,1.3520828728060286e-06,0.0010717909852623454
24.25,0.0004861806352200243,3.8918681995111666e-05,1.4676719237990293e-06,1.3320625242400984e-06,0.0010611263534233107
24.3,0.0004813954421978479,3.850630028237379e-05,1.4520366634192819e-06,1.3123729849331167e-06,0.0010505817961968806
24.35,0.00047666338181936654,3.80989101810917e-05,1.4365918497296347e-06,1.2930082262367973e-06,0.0010401558170577965
24.400000000000002,0.00047198380383403925,3.769644413972362e-05,1.421334886563864e-06,1.2739623395238385e-06,0.0010298469397577964
24.450000000000003,0.00046735606658743255,3.729883561091824e-05,1.4062632166786199e-06,1.2552295335983116e-06,0.0010196537080316486
24.5,0.0004627795369008461,3.6906019035371595e-05,1.3913743211214377e-06,1.2368041321661954e-06,0.0010095746853076753
24.55,0.00045825358995268365,3.651792982596016e-05,1.3766657186096969e-06,1.2186805713645526e-06,0.0009996084544226943
24.6,0.0004537776091615486,3.613450435214572e-05,1.3621349649203356e-06,1.2008533973479176e-06,0.0009897536173413169
24.650000000000002,0.00044935098607103293,3.575567992464649e-05,1.347779652290111e-06,1.1833172639304473e-06,0.0009800087948795217
24.700000000000003,0.00044497312023617885,3.538139478037028e-05,1.3335974088262285e-06,1.1660669302824785e-06,0.0009703726264324457
24.75,0.0004406434191115878,3.501158806760466e-05,1.319585897927144e-06,1.1490972586801407e-06,0.0009608437697063199
24.8,0.0004363612979411506,3.464619983145963e-05,1.305742817713353e-06,1.132403212306711e-06,0.0009514209004544875
24.85,0.00043212617964938013,3.4285170999558434e-05,1.2920659004679955e-06,1.115979853104456e-06,0.0009421027122174399
24.900000000000002,0.00042793749473431616,3.3928443367971796e-05,1.278552912087085e-06,1.0998223396756952e-06,0.0009328879160668043
24.950000000000003,0.000423794681161985,3.3575959587391416e-05,1.2652016515391982e-06,1.0839259252318965e-06,0.0009237752403532226
25.0,0.00041969718426238835,3.322766314953841e-05,1.2520099503344492e-06,1.068285955589624e-06,0.0009147634304580601
25.05,0.00041564445662699837,3.28834983738024e-05,1.2389756720025739e-06,1.0528978672121842e-06,0.0009058512485488798
25.1,0.00041163595800774105,3.2543410394107454e-05,1.2260967115799813e-06,1.0377571852958706e-06,0.0008970374733386321
25.150000000000002,0.0004076711552174398,3.220734514600037e-05,1.2133709951055825e-06,1.0228595218997036e-06,0.0008883208998484896
25.200000000000003,0.0004037495220317024,3.187524935395768e-05,1.2007964791252553e-06,1.0082005741176168e-06,0.0008797003391742763
25.25,0.0003998705390922291,3.1547070518907406e-05,1.1883711502047864e-06,9.937761222920575e-07,0.000871174618256435
25.3,0.0003960336938115187,3.122275690596158e-05,1.1760930244511356e-06,9.79582028267992e-07,0.0008627425796534708
25.35,0.00039223848027895663,3.090225753235613e-05,1.1639601470418754e-06,9.656142336863487e-07,0.0008544030813188274
25.400000000000002,0.00038848439916825957,3.058552215559401e-05,1.1519705917626484e-06,9.518687583159295e-07,0.000846154996381128
25.450000000000003,0.00038477095764625997,3.0272501261788314e-05,1.1401224605525158e-06,9.38341698422875e-07,0.0008379972129277389
25.5,0.00038109766928300993,2.9963146054201635e-05,1.1284138830570417e-06,9.250292251767714e-07,0.0008299286337915978
25.55,0.00037746405396318347,2.9657408441978174e-05,1.1168430161889733e-06,9.119275830925165e-07,0.0008219481763412563
25.6,0.0003738696377987621,2.935524102906545e-05,1.105408043696395e-06,8.990330885070978e-07,0.0008140547722740904
25.650000000000002,0.0003703139530429793,2.9056597103321818e-05,1.0941071757382025e-06,8.863421280904265e-07,0.0008062473674126213
25.700000000000003,0.0003667965380055098,2.876143062580685e-05,1.0829386484667809e-06,8.738511573894252e-07,0.0007985249215039035
25.75,0.00036331693696888294,2.846969622025121e-05,1.0719007236177526e-06,8.615566994045733e-07,0.0007908864080219312
25.8,0.0003598747001061023,2.818134916270278e-05,1.0609916881066612e-06,8.494553431981281e-07,0.0007833308139730123
25.85,0.00035646938339945627,2.789634537134617e-05,1.0502098536324837e-06,8.375437425332799e-07,0.0007758571397040695
25.900000000000002,0.00035310054856049734,2.7614641396492227e-05,1.039553556287834e-06,8.258186145434892e-07,0.0007684643987138156
25.950000000000003,0.0003497677629511772,2.7336194410734758e-05,1.0290211561757404e-06,8.142767384313012e-07,0.0007611516174667632
26.0,0.0003464705995061184,2.7060962199271474e-05,1.018611037032889e-06,8.029149541959334e-07,0.0007539178352100212
26.05,0.0003432086366560053,2.678890315038614e-05,1.008321605859207e-06,7.917301613889532e-07,0.0007467621037928351
26.1,0.0003399814582520811,2.6519976246089395e-05,9.98151292553681e-07,7.807193178973916e-07,0.0007396834874888327
26.150000000000002,0.00033678865349172945,2.6254141052915038e-05,9.880985495562879e-07,7.698794387536303e-07,0.0007326810628209233
26.200000000000003,0.0003336298168451294,2.599135771286938e-05,9.781618514959473e-07,7.592075949714431e-07,0.0007257539183888181
26.25,0.0003305045479829651,2.573158693453081e-05,9.683396948443643e-07,7.487009124075711e-07,0.000718901154699126
26.3,0.0003274124517051746,2.5474789984296936e-05,9.586305975756844e-07,7.383565706482307e-07,0.0007121218839979838
26.35,0.0003243531378707253,2.522092867777686e-05,9.490330988318477e-07,7.281718019199783e-07,0.0007054152301061879
26.400000000000002,0.0003213262213283969,2.4969965371325824e-05,9.395457585935173e-07,7.181438900243475e-07,0.0006987803282567785
26.450000000000003,0.00031833132184855934,2.4721862953719885e-05,9.301671573565246e-07,7.082701692957142e-07,0.0006922163249350458
26.5,0.0003153680640559313,2.447658483796813e-05,9.20895895813703e-07,6.985480235818433e-07,0.0006857223777209174
26.55,0.0003124360773633021,2.4234094953259945e-05,9.117305945420269e-07,6.889748852465856e-07,0.0006792976551336877
26.6,0.0003095349959062075,2.3994357737045188e-05,9.026698936949623e-07,6.79548234194218e-07,0.0006729413364790607
26.650000000000002,0.00030666445847854,2.3757338127244692e-05,8.937124526999295e-07,6.702655969149129e-07,0.0006666526116984588
26.700000000000003,0.00030382410846908333,2.352300155458896e-05,8.848569499607977e-07,6.611245455508557e-07,0.0006604306812205713
26.75,0.0003010135937989566,2.329131393508282e-05,8.761020825653153e-07,6.521226969825259e-07,0.0006542747558151047
26.8,0.00029823256685995335,2.306224166259375e-05,8.674465659973884e-07,6.432577119346787e-07,0.0006481840564486971
26.85,0.00029548068445376557,2.2835751601561923e-05,8.588891338541301e-07,6.345272941015758e-07,0.0006421578141429727
26.900000000000002,0.00029275760773207543,2.2611811079829585e-05,8.504285375675918e-07,6.259291892910118e-07,0.0006361952698346911
26.950000000000003,0.0002900630021375048,2.2390387881587866e-05,8.420635461310898e-07,6.174611845867131e-07,0.0006302956742379679
27.0,0.00028739653734540936,2.2171450240438992e-05,8.337929458300463e-07,6.09121107528681e-07,0.0006244582877085288
27.05,0.0002847578872065031,2.1954966832571736e-05,8.256155399772926e-07,6.009068253110686e-07,0.0006186823801099707
27.1,0.0002821467296903047,2.1740906770048413e-05,8.175301486527078e-07,5.928162439971949e-07,0.0006129672306819947
27.150000000000002,0.0002795627468293892,2.152923959420119e-05,8.095356084471382e-07,5.848473077512948e-07,0.0006073121279105829
27.200000000000003,0.0002770056246644359,2.131993526913602e-05,8.016307722105591e-07,5.769979980866303e-07,0.0006017163694000846
27.25,0.0002744750531900603,2.111296417534228e-05,7.938145088043492e-07,5.69266333129586e-07,0.0005961792617471914
27.3,0.0002719707263014174,2.0908297103406202e-05,7.86085702857632e-07,5.616503668993842e-07,0.0005907001204167588
27.35,0.00026949234174156693,2.0705905247826544e-05,7.784432545276152e-07,5.541481886030715e-07,0.0005852782696194606
27.400000000000002,0.00026703960104958717,2.050576020093042e-05,7.708860792638505e-07,5.467579219454187e-07,0.0005799130421912354
27.450000000000003,0.00026461220950942745,2.0307833946887797e-05,7.634131075763498e-07,5.394777244534055e-07,0.0005746037794745036
27.5,0.00026220987609948865,2.011209885582287e-05,7.5602328480749e-07,5.32305786814956e-07,0.0005693498312011277
27.55,0.0002598323134429195,1.9918527678020617e-05,7.487155709076348e-07,5.252403322316013e-07,0.0005641505553770851
27.6,0.000257479237758621,1.972709353822705e-05,7.414889402144243e-07,5.182796157847611e-07,0.0005590053181688336
27.650000000000002,0.0002551503688129448,1.9537769930041325e-05,7.343423812356491e-07,5.114219238153301e-07,0.0005539134937913355
27.700000000000003,0.0002528454298720782,1.9350530710398316e-05,7.272748964356604e-07,5.046655733162733e-07,0.0005488744643977221
27.75,0.0002505641476551047,1.916535009414003e-05,7.2028550202525e-07,4.980089113379404e-07,0.0005438876199705676
27.8,0.000248306252287729,1.8982202648674292e-05,7.133732277549379e-07,4.914503144058075e-07,0.0005389523582147513
27.85,0.0002460714772566597,1.8801063288719397e-05,7.065371167116185e-07,4.849881879503766e-07,0.0005340680844518837
27.900000000000002,0.0002438595593646362,1.8621907271132978e-05,6.997762251184924e-07,4.786209657489526e-07,0.0005292342115162691
27.950000000000003,0.00024167023868609325,1.8444710189823882e-05,6.930896221382373e-07,4.7234710937903746e-07,0.0005244501596523849
28.0,0.00023950325852345236,1.8269447970745545e-05,6.864763896793616e-07,4.661651076830823e-07,0.000519715356413853
28.05,0.00023735836536403066,1.8096096866969413e-05,6.799356222056821e-07,4.600734762443402e-07,0.0005150292365638776
28.1,0.00023523530883756005,1.7924633453837256e-05,6.73466426548875e-07,4.5407075687358243e-07,0.0005103912419771339
28.150000000000002,0.00023313384167430486,1.775503462419075e-05,6.670679217240435e-07,4.4815551710642556e-07,0.000505800821543078
28.200000000000003,0.00023105371966377115,1.758727758367723e-05,6.60739238748257e-07,4.4232634971104187e-07,0.0005012574310706595
28.25,0.00022899470161399867,1.742133984613024e-05,6.544795204620036e-07,4.36581872206022e-07,0.0004967605331944179
28.3,0.00022695654931142575,1.725719922902354e-05,6.482879213535095e-07,4.3092072638816215e-07,0.0004923095972819345
28.35,0.00022493902748132118,1.7094833848997536e-05,6.421636073858767e-07,4.2534157786996374e-07,0.00048790409934262895
28.400000000000002,0.0002229419037487717,1.6934222117456647e-05,6.361057558269889e-07,4.1984311562662333e-07,0.0004835435219378704
28.450000000000003,0.00022096494860021905,1.677534273623657e-05,6.301135550821394e-07,4.144240515523103e-07,0.0004792273540923894
28.5,0.00021900793534553812,1.6618174693340223e-05,6.241862045293353e-07,4.0908312002552533e-07,0.00047495509120696857
28.55,0.00021707064008064716,1.6462697258741165e-05,6.183229143572283e-07,4.038190774833405e-07,0.00047072623497239113
28.6,0.00021515284165064455,1.630888998025347e-05,6.125229054056341e-07,3.986307020043306e-07,0.0004665402932846333
28.650000000000002,0.00021325432161346168,1.615673267946678e-05,6.067854090085898e-07,3.9351679289999824e-07,0.000462396780161274
28.700000000000003,0.0002113748642040262,1.6006205447745512e-05,6.011096668399094e-07,3.8847617031451405e-07,0.0004582952156591103
28.75,0.0002095142562989278,1.5857288642291205e-05,5.954949307611946e-07,3.835076748325875e-07,0.0004542351257929559
28.8,0.00020767228738157828,1.5709962882266773e-05,5.899404626722583e-07,3.7861016709529057e-07,0.00045021604245560633
28.85,0.00020584874950786068,1.5564209044981855e-05,5.844455343639219e-07,3.7378252742366604e-07,0.00044623750333895487
28.900000000000002,0.0002040434372722578,1.542000826213801e-05,5.790094273731431e-07,3.690236554499451e-07,0.0004422990518562375
28.950000000000003,0.00020225614777445478,1.5277341916132905e-05,5.736314328404373e-07,3.643324697562137e-07,0.0004384002370653935
29.0,0.00020048668058640862,1.5136191636422426e-05,5.683108513695523e-07,3.597079075203656e-07,0.0004345406135935234
29.05,0.00019873483771987673,1.499653929593978e-05,5.630469928893586e-07,3.5514892416918246e-07,0.00043071974156242684
29.1,0.0001970004235943999,1.4858367007570673e-05,5.578391765179192e-07,3.5065449303839227e-07,0.00042693718651520737
29.150000000000002,0.0001952832450057305,1.4721657120683503e-05,5.526867304287e-07,3.4622360503954944e-07,0.0004231925193439227
29.200000000000003,0.00019358311109470146,1.4586392217713784e-05,5.475889917188858e-07,3.418552683335941e-07,0.00041948531621826987
29.25,0.0001918998333165286,1.4452555110801828e-05,5.425453062797684e-07,3.375485080109465e-07,0.0004158151585152861
29.3,0.00019023322541053965,1.4320128838482765e-05,5.375550286691638e-07,3.3330236577799405e-07,0.0004121816327500511
29.35,0.00018858310337032568,1.4189096662428176e-05,5.326175219858382e-07,3.2911589964983756e-07,0.0004085843305073784
29.400000000000002,0.00018694928541430596,1.4059442064238277e-05,5.277321577458989e-07,3.2498818364915967e-07,0.0004050228483744752
29.450000000000003,0.00018533159195670236,1.3931148742283963e-05,5.22898315761117e-07,3.209183075110872e-07,0.0004014967878745614
29.5,0.00018372984557891664,1.3804200608597844e-05,5.181153840191547e-07,3.169053763939169e-07,0.00039800575540143075
29.55,0.0001821438710013042,1.3678581785813407e-05,5.133827585656609e-07,3.129485105955825e-07,0.0003945493621549401
29.6,0.0001805734950553402,1.3554276604151645e-05,5.086998433882097e-07,3.090468452757396e-07,0.00039112722407741457
29.650000000000002,0.00017901854665617,1.343126959845418e-05,5.04066050302044e-07,3.051995301833478e-07,0.0003877389617909526
29.700000000000003,0.00017747885677554028,1.3309545505262266e-05,4.994807988375972e-07,3.0140572938963713e-07,0.0003843842005356181
29.75,0.00017595425841510442,1.3189089259940848e-05,4.949435161297649e-07,2.9766462102634104e-07,0.0003810625701085081
29.8,0.00017444458658009653,1.3069885993846894e-05,4.904536368088946e-07,2.9397539702908586e-07,0.00037777370480367915
29.85,0.00017294967825336999,1.2951921031541418e-05,4.86010602893468e-07,2.903372628858302e-07,0.00037451724335292466
29.900000000000002,0.00017146937236979336,1.283517988804428e-05,4.816138636844438e-07,2.867494373902432e-07,0.00037129282886738565
29.950000000000003,0.00017000350979100006,1.27196482661312e-05,4.77262875661237e-07,2.8321115239992174e-07,0.0003681001087799845
30.0,0.00016855193328048598,1.260531205367224e-05,4.7295710237930733e-07,2.797216525993434e-07,0.00036493873478867113
30.05,0.00016711448747904967,1.2492157321011048e-05,4.686960143693259e-07,2.7628019526745383e-07,0.0003618083628004648
30.1,0.0001656910188805715,1.23801703183843e-05,4.6447908903790035e-07,2.7288605004979667e-07,0.0003587086528762862
30.150000000000002,0.00016428137580812502,1.2269337473380533e-05,4.6030581056982714e-07,2.695384987350841e-07,0.0003556392691765613
30.200000000000003,0.00016288540839041725,1.2159645388437838e-05,4.561756698318497e-07,2.662368350361206e-07,0.00035259987990759057
30.25,0.00016150296853855226,1.2051080838379737e-05,4.5208816427789524e-07,2.629803643749867e-07,0.0003495901572686697
30.3,0.00016013390992311344,1.1943630767988585e-05,4.480427978557654e-07,2.597684036723932e-07,0.0003466097773999499
30.35,0.00015877808795156104,1.1837282289616e-05,4.44039080915262e-07,2.566002811411223e-07,0.0003436584203310313
30.400000000000002,0.00015743535974593827,1.1732022680829556e-05,4.4007653011771605e-07,2.534753360834665e-07,0.0003407357699302718
30.450000000000003,0.00015610558412088341,1.1627839382095279e-05,4.361546683469031e-07,2.5039291869258565e-07,0.0003378415138548067
30.5,0.0001547886215619428,1.1524719994495307e-05,4.322730246213206e-07,2.473523898576991e-07,0.0003349753435012651
30.55,0.0001534843342041798,1.1422652277480123e-05,4.2843113400780426e-07,2.4435312097303315e-07,0.00033213695395717364
30.6,0.000152192585811077,1.1321624146654887e-05,4.2462853753646186e-07,2.413944937504499e-07,0.00032932604395303935
30.650000000000002,0.0001509132417537257,1.1221623671599197e-05,4.208647821169028e-07,2.384759000356764e-07,0.0003265423158150977
30.700000000000003,0.0001496461689902997,1.1122639073719823e-05,4.1713942045574364e-07,2.3559674162806178e-07,0.00032378547541871887
30.75,0.00014839123604580893,1.102465872413585e-05,4.134520109753664e-07,2.3275643010379255e-07,0.00032105523214246307
30.8,0.00014714831299212852,1.0927671141595682e-05,4.098021177339096e-07,2.2995438664249142e-07,0.00031835129882277114
30.85,0.00014591727142830064,1.0831664990425469e-05,4.061893103464754e-07,2.2719004185713183e-07,0.00031567339170928793
30.900000000000002,0.00014469798446110335,1.0736629078508356e-05,4.026131639075279e-07,2.2446283562719838e-07,0.0003130212304208016
30.950000000000003,0.00014349032668588407,1.064255235529411e-05,3.990732589144669e-07,2.2177221693503048e-07,0.0003103945379017955
31.0,0.00014229417416765345,1.0549423909838635e-05,3.9556918119235656e-07,2.191176437052807e-07,0.00030779304037960054
31.05,0.00014110940442243529,1.0457232968872856e-05,3.9210052181978973e-07,2.1649858264742506e-07,0.0003052164673221404
31.1,0.00013993589639887038,1.0365968894900584e-05,3.8866687705587283e-07,2.13914509101265e-07,0.00030266455139626124
31.150000000000002,0.00013877353046006874,1.0275621184324782e-05,3.8526784826830805e-07,2.113649068853569e-07,0.0003001370284266358
31.200000000000003,0.00013762218836570796,1.0186179465601866e-05,3.819030418625588e-07,2.0884926814831225e-07,0.00029763363735523467
31.25,0.000136481753254374,1.0097633497423558e-05,3.785720692120798e-07,2.0636709322290948e-07,0.00029515412020135673
31.3,0.00013535210962614013,1.0009973166925827e-05,3.752745465895937e-07,2.0391789048295906e-07,0.0002926982220222088
31.35,0.00013423314332538215,9.92318848792457e-06,3.7201009509940094e-07,2.015011762028693e-07,0.0002902656908740295
31.400000000000002,0.0001331247415238248,9.83726959917748e-06,3.687783406107003e-07,1.9911647441985464e-07,0.0002878562777737451
31.450000000000003,0.0001320267927038173,9.752206762671785e-06,3.655789136919097e-07,1.9676331679873564e-07,0.0002854697366611544
31.5,0.00013093918664183429,9.667990361937413e-06,3.6241144954596725e-07,1.9444124249927755e-07,0.000283105824361631
31.55,0.00012986181439219864,9.58461090038513e-06,3.59275587946598e-07,1.9214979804601553e-07,0.00028076430054933685
31.6,0.00012879456827102407,9.502058999669379e-06,3.561709731755342e-07,1.8988853720051898e-07,0.00027844492771094103
31.650000000000002,0.00012773734184037304,9.420325398075265e-06,3.53097253960666e-07,1.8765702083604306e-07,0.0002761474711098342
31.700000000000003,0.0001266900298926277,9.339400948929436e-06,3.5005408341511563e-07,1.8545481681452153e-07,0.00027387169875083163
31.75,0.000125652528435071,9.259276619034408e-06,3.470411189772159e-07,1.8328149986585322e-07,0.0002716173813453604
31.8,0.00012462473467467406,9.179943487125967e-06,3.4405802235138013e-07,1.8113665146943635e-07,0.00026938429227711945
31.85,0.00012360654700308826,9.101392742353357e-06,3.411044594498499e-07,1.7901985973790693e-07,0.0002671722075682104
31.900000000000002,0.00012259786498183782,9.023615682781772e-06,3.381801003353031e-07,1.769307193030346e-07,0.000264980905845728
31.950000000000003,0.00012159858932771064,8.946603713916895e-06,3.352846191643137e-07,1.748688312037363e-07,0.0002628101683088061
32.0,0.0001206086218983449,8.870348347251104e-06,3.3241769413164634e-07,1.728338027761633e-07,0.00026065977869611226
32.050000000000004,0.00011962786567800752,8.794841198830976e-06,3.2957900741537174e-07,1.7082524754582056e-07,0.00025852952325378266
32.1,0.00011865622476356392,8.720073987845855e-06,3.267682451227953e-07,1.6884278512168093e-07,0.00025641919070379523
32.15,0.00011769360435063311,8.646038535236967e-06,3.2398509723717725e-07,1.668860410922492e-07,0.000254328572212768
32.2,0.00011673991071992883,8.572726762326957e-06,3.2122925756523983e-07,1.649546469235433e-07,0.0002522574613611833
32.25,0.0001157950512237826,8.500130689469451e-06,3.1850042368544696e-07,1.630482398589523e-07,0.0002502056541130287
32.300000000000004,0.00011485893427284482,8.42824243471821e-06,3.1579829689703856e-07,1.6116646282093103e-07,0.0002481729487858457
32.35,0.00011393146932296468,8.357054212515834e-06,3.131225821698181e-07,1.593089643145026e-07,0.0002461591460211876
32.4,0.00011301256686224265,8.286558332401405e-06,3.104729880946703e-07,1.5747539833252516e-07,0.0002441640487554726
32.45,0.00011210213839825601,8.216747197737011e-06,3.078492268348061e-07,1.5566542426269386e-07,0.0002421874621912318
32.5,0.000111200096445454,8.147613304452786e-06,3.052510140777208e-07,1.5387870679624257e-07,0.00024022919376874647
32.550000000000004,0.00011030635451271879,8.07914923981004e-06,3.02678068987849e-07,1.521149158383089e-07,0.0002382890531380632
32.6,0.00010942082709109312,8.01134768118247e-06,3.0013011415991587e-07,1.5037372641993644e-07,0.00023636685213139063
32.65,0.00010854342964166847,7.944201394854881e-06,2.976068755729627e-07,1.4865481861167466e-07,0.00023446240473586267
32.7,0.00010767407858363481,7.877703234839352e-06,2.951080825450447e-07,1.4695787743875154e-07,0.00023257552706667094
32.75,0.00010681269128248811,7.811846141708518e-06,2.9263346768858704e-07,1.4528259279778594e-07,0.00023070603734055717
32.800000000000004,0.00010595918603839243,7.746623141445599e-06,2.901827668663854e-07,1.4362865937500695e-07,0.0002288537558496589
32.85,0.00010511348207469738,7.682027344311125e-06,2.8775571914825015e-07,1.4199577656595746e-07,0.00022701850493570924
32.9,0.00010427549952660514,7.618051943725856e-06,2.8535206676827305e-07,1.4038364839664556e-07,0.00022520010896457843
32.95,0.000103445159429988,7.554690215169853e-06,2.829715550827161e-07,1.38791983446122e-07,0.0002233983943011579
33.0,0.00010262238371035304,7.491935515097363e-06,2.8061393252850816e-07,1.3722049477045317e-07,0.00022161318928458053
33.050000000000004,0.00010180709517195073,7.429781279867194e-06,2.7827895058233825e-07,1.3566889982806102e-07,0.00021984432420376888
33.1,0.00010099921748702855,7.3682210246885514e-06,2.759663637203436e-07,1.3413692040640885e-07,0.00021809163127331336
33.15,0.00010019867518522379,7.307248342581836e-06,2.7367592937837253e-07,1.326242825500003e-07,0.000216354944609668
33.2,9.940539364309677e-05,7.246856903354395e-06,2.714074079128227e-07,1.311307164896717e-07,0.000214634100207666
33.25,9.861929907380126e-05,7.187040452590915e-06,2.691605625620434e-07,1.2965595657315096e-07,0.00021292893591734734
33.300000000000004,9.784031851688898e-05,7.127792810658124e-06,2.669351594082872e-07,1.2819974119685637e-07,0.0002112392914210919
33.35,9.706837982824935e-05,7.069107871723821e-06,2.647309673402127e-07,1.2676181273891685e-07,0.0002095650082110603
33.4,9.630341167017897e-05,7.010979602789755e-06,2.625477580159192e-07,1.2534191749338454e-07,0.00020790592956692962
33.45,9.554534350158209e-05,6.953402042738329e-06,2.603853058265135e-07,1.2393980560562066e-07,0.00020626190053392758
33.5,9.479410556829885e-05,6.896369301392866e-06,2.5824338786019946e-07,1.225552310088313e-07,0.0002046327679011568
33.550000000000004,9.404962889355882e-05,6.839875558591123e-06,2.5612178386687337e-07,1.2118795136172938e-07,0.000203018380180204
33.6,9.331184526856032e-05,6.7839150632720675e-06,2.5402027622323123e-07,1.1983772798730587e-07,0.00020141858758403509
33.65,9.258068724317103e-05,6.7284821325754674e-06,2.519386498983684e-07,1.1850432581268257e-07,0.00019983324200616582
33.7,9.185608811675055e-05,6.6735711509543e-06,2.4987669241987114e-07,1.171875133100323e-07,0.00019826219700010963
33.75,9.113798192909224e-05,6.619176569299707e-06,2.478341938403901e-07,1.1588706243854276e-07,0.00019670530775909594
33.800000000000004,9.042630345148187e-05,6.56529290407822e-06,2.4581094670468635e-07,1.1460274858740375e-07,0.00019516243109605395
33.85,8.972098817787362e-05,6.511914736481277e-06,2.4380674601714793e-07,1.1333435051980177e-07,0.0001936334254238629
33.9,8.902197231617919e-05,6.459036711586594e-06,2.418213892097628e-07,1.1208165031789841e-07,0.0001921181507358585
33.95,8.83291927796707e-05,6.406653537531424e-06,2.3985467611054827e-07,1.1084443332877829e-07,0.000190616468586598
34.0,8.76425871784949e-05,6.354759984697429e-06,2.3790640891242522e-07,1.0962248811134588e-07,0.00018912824207287758
34.050000000000004,8.696209381129619e-05,6.30335088490693e-06,2.3597639214253065e-07,1.0841560638415224e-07,0.0001876533358149962
34.1,8.628765165694934e-05,6.252421130630529e-06,2.340644326319665e-07,1.0722358297413825e-07,0.0001861916159382685
34.15,8.561920036639765e-05,6.2019656742057365e-06,2.321703394859702e-07,1.0604621576627228e-07,0.00018474295005477636
34.2,8.495668025459718e-05,6.151979527066602e-06,2.3029392405450826e-07,1.0488330565406903e-07,0.00018330720724536097
34.25,8.430003229256505e-05,6.102457758984107e-06,2.2843499990328278e-07,1.0373465649097204e-07,0.00018188425804185074
34.300000000000004,8.364919809952916e-05,6.0533954973171075e-06,2.265933827851424e-07,1.0260007504258216e-07,0.00018047397440951833
34.35,8.300411993518024e-05,6.004787926273818e-06,2.2476889061189884e-07,1.0147937093971934e-07,0.00017907622972977022
34.4,8.236474069202239e-05,5.956630286183494e-06,2.229613434265344e-07,1.0037235663229824e-07,0.00017769089878305863
34.45,8.173100388782263e-05,5.908917872778315e-06,2.2117056337579963e-07,9.927884734400631e-08,0.00017631785773201752
34.5,8.110285365815752e-05,5.861646036485248e-06,2.1939637468319456e-07,9.819866102776756e-08,0.0001749569841048185
34.550000000000004,8.048023474905436e-05,5.814810181727692e-06,2.176386036223267e-07,9.713161832197564e-08,0.0001736081567787406
34.6,7.986309250972822e-05,5.7684057662369e-06,2.1589707849064133e-07,9.60775425074867e-08,0.00017227125596395646
34.65,7.925137288541054e-05,5.722428300372849e-06,2.1417162958351567e-07,9.503625946535248e-08,0.00017094616318752594
34.7,7.86450224102704e-05,5.6768733464545775e-06,2.124620891687174e-07,9.400759763528421e-08,0.0001696327612775991
34.75,7.804398820042633e-05,5.631736518099787e-06,2.107682914612157e-07,9.299138797483167e-08,0.00016833093434782365
34.800000000000004,7.744821794704645e-05,5.587013479573496e-06,2.090900725983403e-07,9.198746391926346e-08,0.00016704056778195215
34.85,7.685765990953808e-05,5.542699945145786e-06,2.0742727061529066e-07,9.099566134213943e-08,0.00016576154821865114
34.9,7.62722629088228e-05,5.498791678458295e-06,2.0577972542097936e-07,9.001581851655677e-08,0.00016449376353650349
34.95,7.569197632069812e-05,5.45528449189951e-06,2.04147278774211e-07,8.904777607706183e-08,0.00016323710283920606
35.0,7.511675006928369e-05,5.41217424598864e-06,2.0252977426019346e-07,8.809137698221462e-08,0.00016199145644095835
35.050000000000004,7.454653462054998e-05,5.369456848767901e-06,2.0092705726736918e-07,8.714646647779188e-08,0.00016075671585203725
35.1,7.398128097593044e-05,5.327128255203229e-06,1.993389749645697e-07,8.621289206061994e-08,0.0001595327737645602
35.15,7.342094066601364e-05,5.285184466593125e-06,1.9776537627848255e-07,8.529050344302302e-08,0.00015831952403842862
35.2,7.286546574431622e-05,5.2436215299856445e-06,1.9620611187142976e-07,8.437915251787813e-08,0.00015711686168745387
35.25,7.23148087811347e-05,5.202435537603379e-06,1.9466103411945207e-07,8.347869332426442e-08,0.00015592468286566066
35.300000000000004,7.176892285747453e-05,5.161622626276222e-06,1.9312999709069248e-07,8.258898201369541e-08,0.00015474288485376505
35.35,7.122776155905697e-05,5.121178976881977e-06,1.9161285652407905e-07,8.170987681692522e-08,0.0001535713660458276
35.4,7.069127897040081e-05,5.081100813794498e-06,1.901094698082968e-07,8.084123801131614e-08,0.0001524100259360751
35.45,7.01594296689794e-05,5.0413844043394166e-06,1.886196959610501e-07,7.998292788875984e-08,0.0001512587651058923
35.5,6.96321687194516e-05,5.00202605825726e-06,1.8714339560860813e-07,7.913481072414052e-08,0.00015011748521097978
35.550000000000004,6.910945166796473e-05,4.9630221271738265e-06,1.8568043096562723e-07,7.82967527443296e-08,0.00014898608896867435
35.6,6.859123453653031e-05,4.9243690040778225e-06,1.8423066581525506e-07,7.746862209770511e-08,0.00014786448014543298
35.65,6.807747381746972e-05,4.886063122805512e-06,1.82793965489498e-07,7.665028882418259e-08,0.00014675256354447453
35.7,6.756812646793026e-05,4.848100957532398e-06,1.8137019684985877e-07,7.584162482575106e-08,0.00014565024499357953
35.75,6.706314990447026e-05,4.810479022271784e-06,1.799592282682414e-07,7.504250383750448e-08,0.0001445574313330456
35.800000000000004,6.656250199771148e-05,4.773193870380066e-06,1.7856092960811027e-07,7.425280139915793e-08,0.00014347403040379427
35.85,6.606614106705965e-05,4.736242094068777e-06,1.7717517220590877e-07,7.347239482704278e-08,0.00014239995103563092
35.9,6.557402587549012e-05,4.6996203239231465e-06,1.7580182885272672e-07,7.270116318656906e-08,0.0001413351030356514
35.95,6.508611562439964e-05,4.663325228427195e-06,1.7444077377621754e-07,7.193898726514929e-08,0.000140279397176797
36.0,6.460236994852245e-05,4.627353513495216e-06,1.7309188262276151e-07,7.118574954557445e-08,0.00013923274518655432
36.050000000000004,6.412274891090931e-05,4.591701922009523e-06,1.717550324398673e-07,7.044133417983279e-08,0.00013819505973579642
36.1,6.364721299797036e-05,4.556367233364464e-06,1.7043010165881317e-07,6.970562696336638e-08,0.00013716625442776746
36.15,6.317572311457872e-05,4.521346263016497e-06,1.6911697007752058e-07,6.89785153097544e-08,0.00013614624378720401
36.2,6.270824057923596e-05,4.4866358620403326e-06,1.678155188436604e-07,6.825988822581797e-08,0.0001351349432495948
36.25,6.224472711929776e-05,4.45223291669103e-06,1.6652563043798568e-07,6.754963628713817e-08,0.0001341322691505764
36.300000000000004,6.178514486625837e-05,4.418134347971895e-06,1.6524718865788678e-07,6.684765161397899e-08,0.0001331381387154602
36.35,6.132945635109473e-05,4.384337111208233e-06,1.639800786011706e-07,6.61538278476101e-08,0.0001321524700488939
36.4,6.087762449966748e-05,4.350838195626708e-06,1.6272418665005372e-07,6.546806012701997e-08,0.0001311751821246506
36.45,6.0429612628179794e-05,4.317634623940371e-06,1.6147940045537246e-07,6.47902450660142e-08,0.00013020619477554715
36.5,5.998538443869246e-05,4.284723451939203e-06,1.6024560892100484e-07,6.412028073069159e-08,0.00012924542868348948
36.550000000000004,5.954490401469404e-05,4.252101768086072e-06,1.5902270218849793e-07,6.345806661729064e-08,0.00012829280536964097
36.6,5.91081358167268e-05,4.21976669311812e-06,1.5781057162190357e-07,6.280350363040165e-08,0.00012734824718471606
36.65,5.8675044678065856e-05,4.187715379653376e-06,1.5660910979281322e-07,6.215649406153574e-08,0.0001264116772993933
36.7,5.8245595800452386e-05,4.155945011802642e-06,1.5541821046559492e-07,6.151694156804636e-08,0.00012548301969484953
36.75,5.781975474987955e-05,4.124452804786503e-06,1.5423776858282668e-07,6.088475115239629e-08,0.00012456219915341215
36.800000000000004,5.7397487452429826e-05,4.093236004557377e-06,1.5306768025092182e-07,6.025982914176364e-08,0.00012364914124932683
36.85,5.697876019016464e-05,4.0622918874266225e-06,1.51907842725947e-07,5.964208316798225e-08,0.0001227437723396423
36.9,5.656353959706368e-05,4.0316177596965036e-06,1.507581543996258e-07,5.903142214780866e-08,0.00012184601955520647
36.95,5.6151792655014906e-05,4.00121095729706e-06,1.4961851478553118e-07,5.8427756263511983e-08,0.00012095581079177607
37.0,5.5743486689853815e-05,3.971068845427755e-06,1.484888245054591e-07,5.7830996943779895e-08,0.00012007307470123673
37.050000000000004,5.5338589367450843e-05,3.941188818203808e-06,1.4736898527598178e-07,5.724105684493465e-08,0.00011919774068293087
37.1,5.4937068689847714e-05,3.911568298307232e-06,1.4625889989518051e-07,5.665784983245556e-08,0.00011832973887509499
37.15,5.4538892991440286e-05,3.8822047366424e-06,1.4515847222955117e-07,5.6081290962800504e-08,0.00011746900014640129
37.2,5.414403093520884e-05,3.853095611996171e-06,1.4406760720108419e-07,5.5511296465522864e-08,0.00011661545608760533
37.25,5.375245150899449e-05,3.824238430702473e-06,1.429862107745143e-07,5.494778372567825e-08,0.00011576903900329702
37.300000000000004,5.3364124021820645e-05,3.795630726311236e-06,1.4191418994473723e-07,5.4390671266514865e-08,0.00011492968190375232
37.35,5.2979018100260286e-05,3.7672700592617186e-06,1.4085145272439326e-07,5.383987873244503e-08,0.00011409731849688746
37.4,5.2597103684846785e-05,3.7391540165600436e-06,1.397979081316116e-07,5.3295326872290225e-08,0.00011327188318031062
37.45,5.221835102652912e-05,3.7112802114609793e-06,1.3875346617791826e-07,5.2756937522796845e-08,0.00011245331103347281
37.5,5.184273068317031e-05,3.6836462831538784e-06,1.377180378563006e-07,5.222463359241776e-08,0.00011164153780991548
37.550000000000004,5.1470213516087996e-05,3.6562498964526646e-06,1.3669153512942687e-07,5.169833904535366e-08,0.0001108364999296123
37.6,5.110077068663794e-05,3.6290887414899127e-06,1.3567387091802308e-07,5.117797888585196e-08,0.00011003813447140688
37.65,5.073437365283832e-05,3.602160533414846e-06,1.3466495908939872e-07,5.066347914275651e-08,0.00010924637916554167
37.7,5.037099416603551e-05,3.5754630120952997e-06,1.336647144461237e-07,5.015476685430557e-08,0.00010846117238627971
37.75,5.00106042676105e-05,3.5489939418235445e-06,1.326730527148525e-07,4.9651770053173135e-08,0.00010768245314461683
37.800000000000004,4.9653176285724605e-05,3.52275111102589e-06,1.3168989053529336e-07,4.915441775174874e-08,0.00010691016108108207
37.85,4.9298682832105516e-05,3.496732331976101e-06,1.3071514544932142e-07,4.866263992765351e-08,0.0001061442364586278
37.9,4.894709679887147e-05,3.4709354405124633e-06,1.2974873589023255e-07,4.817636750948585e-08,0.00010538462015560525
37.95,4.8598391355394365e-05,3.4453582957585473e-06,1.2879058117213826e-07,4.76955323627951e-08,0.00010463125365882688
38.0,4.825253994520085e-05,3.4199987798475693e-06,1.2784060147949703e-07,4.7220067276278364e-08,0.0001038840790567135
38.050000000000004,4.790951628291031e-05,3.3948547976502724e-06,1.268987178567798e-07,4.674990594819608e-08,0.0001031430390325239
38.1,4.7569294351210566e-05,3.369924276506367e-06,1.259648521982715e-07,4.6284982973004185e-08,0.00010240807685766842
38.15,4.723184839786937e-05,3.3452051659593717e-06,1.2503892723800362e-07,4.5825233828197164e-08,0.00010167913638510267
38.2,4.689715293278233e-05,3.320695437494898e-06,1.2412086653981541e-07,4.537059486136034e-08,0.00010095616204280225
38.25,4.656518272505645e-05,3.2963930842822947e-06,1.232105944875458e-07,4.492100327742684e-08,0.00010023909882731715
38.300000000000004,4.623591280012821e-05,3.2722961209195715e-06,1.223080362753492e-07,4.447639712613535e-08,9.952789229740308e-05
38.35,4.590931843691704e-05,3.248402583181643e-06,1.2141311789813723e-07,4.403671528968651e-08,9.882248856773176e-05
38.400000000000006,4.558537516501227e-05,3.2247105277717393e-06,1.2052576614214235e-07,4.3601897470593214e-08,9.812283430267586e-05
38.45,4.526405876189445e-05,3.201218032076048e-06,1.1964590857560433e-07,4.317188417972306e-08,9.742887671017054e-05
38.5,4.494534525018946e-05,3.177923193921443e-06,1.1877347353957463e-07,4.274661672452795e-08,9.674056353564812e-05
38.550000000000004,4.462921089495582e-05,3.154824131336334e-06,1.179083901388388e-07,4.2326037197459196e-08,9.605784305604673e-05
38.6,4.4315632201004585e-05,3.131918982314568e-06,1.1705058823295603e-07,4.1910088464564244e-08,9.53806640738916e-05
38.650000000000006,4.4004585910250744e-05,3.1092059045823005e-06,1.1619999842741207e-07,4.149871415426187e-08,9.470897591144648e-05
38.7,4.3696048999097006e-05,3.0866830753678835e-06,1.1535655206488645e-07,4.109185864629353e-08,9.404272840493731e-05
38.75,4.33899986758481e-05,3.0643486911746296e-06,1.1452018121662957e-07,4.068946706084699e-08,9.33818718988438e-05
38.800000000000004,4.308641237815641e-05,3.0422009675564876e-06,1.1369081867395113e-07,4.029148524785026e-08,9.27263572402608e-05
38.85,4.278526777049798e-05,3.0202381388965682e-06,1.1286839793981667e-07,3.989785977643248e-08,9.207613577332732e-05
38.900000000000006,4.2486542741678205e-05,2.998458458188441e-06,1.120528532205494e-07,3.950853792454829e-08,9.143115933372167e-05
38.95,4.2190215402367805e-05,2.9768601968202475e-06,1.1124411941764019e-07,3.912346766876487e-08,9.079138024322397e-05
39.0,4.189626408266744e-05,2.955441644361493e-06,1.1044213211965968e-07,3.8742597674207e-08,9.015675130434242e-05
39.050000000000004,4.160466732970172e-05,2.9342011083525673e-06,1.0964682759427318e-07,3.8365877284658245e-08,8.952722579500507e-05
39.1,4.1315403905241684e-05,2.9131369140969154e-06,1.0885814278035591e-07,3.799325651281615e-08,8.890275746331479e-05
39.150000000000006,4.1028452783355115e-05,2.8922474044558003e-06,1.0807601528021263e-07,3.7624686030697646e-08,8.828330052236644e-05
39.2,4.074379314808529e-05,2.8715309396456933e-06,1.073003833518901e-07,3.726011716019393e-08,8.766880964512692e-05
39.25,4.0461404391156565e-05,2.8509858970381684e-06,1.0653118590158465e-07,3.689950186377034e-08,8.705923995937525e-05
39.300000000000004,4.0181266109707526e-05,2.830610670962339e-06,1.0576836247615481e-07,3.654279273531044e-08,8.64545470427039e-05
39.35,3.9903358104050896e-05,2.8104036725097758e-06,1.0501185325572119e-07,3.6189942991101304e-08,8.58546869175794e-05
39.400000000000006,3.962766037545952e-05,2.7903633293418408e-06,1.0426159904636036e-07,3.584090646095709e-08,8.525961604646118e-05
39.45,3.9354153123979015e-05,2.7704880854994774e-06,1.0351754127289291e-07,3.549563757948004e-08,8.466929132697966e-05
39.5,3.908281674626563e-05,2.750776401215337e-06,1.0277962197176096e-07,3.515409137745501e-08,8.408367008717019e-05
39.550000000000004,3.881363183344994e-05,2.731226752728286e-06,1.0204778378399158e-07,3.481622347337664e-08,8.35027100807647e-05
39.6,3.854657916902572e-05,2.7118376321002224e-06,1.0132196994825414e-07,3.448199006510623e-08,8.292636948253903e-05
39.650000000000006,3.8281639726763135e-05,2.6926075470351555e-06,1.0060212429400438e-07,3.4151347921656226e-08,8.235460688371452e-05
39.7,3.8018794668647144e-05,2.6735350207005787e-06,9.988819123470841e-08,3.382425437510098e-08,8.178738128741547e-05
39.75,3.7758025342839426e-05,2.6546185915510256e-06,9.918011576115589e-08,3.3500667312610353e-08,8.122465210417888e-05
39.800000000000004,3.7499313281664616e-05,2.6358568131538466e-06,9.847784343485677e-08,3.318054516860561e-08,8.066637914751826e-05
39.85,3.7242640199620123e-05,2.6172482540171516e-06,9.778132038151902e-08,3.286384691703454e-08,8.01125226295398e-05
39.900000000000006,3.698798799140886e-05,2.5987914974198602e-06,9.709049328460781e-08,3.255053206376419e-08,7.956304315660925e-05
39.95,3.673533872999554e-05,2.580485141243898e-06,9.640530937898508e-08,3.2240560639089796e-08,7.901790172507138e-05
40.0,3.6484674664685126e-05,2.562327797808433e-06,9.572571644462825e-08,3.193389319035681e-08,7.847705971701852e-05
40.050000000000004,3.623597821922406e-05,2.54431809370619e-06,9.505166280042758e-08,3.1630490774695536e-08,7.794047889610952e-05
40.1,3.598923198992368e-05,2.526454669641784e-06,9.438309729805917e-08,3.133031495186584e-08,7.740812140343825e-05
40.150000000000006,3.574441874380507e-05,2.5087361802720295e-06,9.371996931593465e-08,3.1033327777209784e-08,7.687994975344933e-05
40.2,3.550152141676612e-05,2.4911612940482546e-06,9.306222875322632e-08,3.073949179471147e-08,7.635592682990346e-05
40.25,3.526052311176933e-05,2.473728693060521e-06,9.240982602396493e-08,3.044877003016125e-08,7.58360158818886e-05
40.300000000000004,3.5021407097051066e-05,2.4564370728837862e-06,9.176271205121111e-08,3.016112598442352e-08,7.532018051987867e-05
40.35,3.478415680435154e-05,2.4392851424259595e-06,9.11208382612999e-08,2.987652362680581e-08,7.480838471183844e-05
40.400000000000006,3.454875582716506e-05,2.422271623777798e-06,9.048415657815401e-08,2.959492738852756e-08,7.430059277937317e-05
40.45,3.431518791901104e-05,2.405395252064682e-06,8.985261941766838e-08,2.931630215628771e-08,7.37967693939245e-05
40.5,3.408343699172452e-05,2.388654775300172e-06,8.922617968216413e-08,2.9040613265928304e-08,7.32968795730093e-05
40.550000000000004,3.385348711376683e-05,2.372048954241384e-06,8.860479075490996e-08,2.8767826496193542e-08,7.280088867650342e-05
40.6,3.362532250855576e-05,2.355576562246132e-06,8.79884064947115e-08,2.849790806258257e-08,7.230876240296872e-05
40.650000000000006,3.33989275528147e-05,2.339236385131796e-06,8.737698123056654e-08,2.8230824611293874e-08,7.18204667860219e-05
40.7,3.317428677494134e-05,2.3230272210359455e-06,8.677046975638728e-08,2.796654321326071e-08,7.133596819074692e-05
40.75,3.295138485339469e-05,2.306947880278632e-06,8.616882732578259e-08,2.770503135827531e-08,7.085523331014785e-05
40.800000000000004,3.273020661510098e-05,2.29099718522638e-06,8.557200964690966e-08,2.7446256949201057e-08,7.037822916164373e-05
40.85,3.251073703387795e-05,2.275173970157836e-06,8.497997287738855e-08,2.719018829627101e-08,6.990492308360398e-05
40.900000000000006,3.229296122887695e-05,2.2594770811310257e-06,8.439267361927284e-08,2.6936794111470914e-08,6.943528273192332e-05
40.95,3.2076864463043374e-05,2.2439053758522608e-06,8.381006891408761e-08,2.6686043503006352e-08,6.896927607663749e-05
41.0,3.186243214159433e-05,2.228457723546603e-06,8.323211623792483e-08,2.6437905969851644e-08,6.850687139857684e-05
41.050000000000004,3.164964981051412e-05,2.2131330048299207e-06,8.265877349659912e-08,2.619235139637991e-08,6.804803728605957e-05
41.1,3.1438503155066886e-05,2.197930111582494e-06,8.208999902086423e-08,2.5949350047072948e-08,6.759274263162293e-05
41.150000000000006,3.122897799832608e-05,2.182847946824131e-06,8.152575156168317e-08,2.5708872561308896e-08,6.714095662879166e-05
41.2,3.102106029972114e-05,2.1678854245908217e-06,8.096599028556044e-08,2.547088994822764e-08,6.66926487688844e-05
41.25,3.081473615360038e-05,2.1530414698128543e-06,8.041067476992981e-08,2.523537358167168e-08,6.624778883785635e-05
41.300000000000004,3.0609991787810574e-05,2.13831501819442e-06,7.985976499859531e-08,2.5002295195201915e-08,6.580634691317837e-05
41.35,3.040681356229275e-05,2.1237050160946704e-06,7.931322135723016e-08,2.4771626877186994e-08,6.536829336075241e-05
41.400000000000006,3.020518796769373e-05,2.1092104204101865e-06,7.877100462892882e-08,2.454334106596457e-08,6.493359883186148e-05
41.45,3.0005101623993893e-05,2.09483019845889e-06,7.82330759898134e-08,2.4317410545074377e-08,6.450223426015564e-05
41.5,2.980654127915016e-05,2.0805633278653243e-06,7.769939700469224e-08,2.4093808438560913e-08,6.407417085867172e-05
41.550000000000004,2.9609493807754673e-05,2.0664087964473274e-06,7.716992962277145e-08,2.3872508206345286e-08,6.364938011688763e-05
41.6,2.9413946209708745e-05,2.052365602104068e-06,7.664463617341831e-08,2.3653483639664987e-08,6.322783379781045e-05
41.650000000000006,2.921988560891157e-05,2.038432752705402e-06,7.612347936197506e-08,2.343670885658025e-08,6.280950393509737e-05
41.7,2.9027299251964227e-05,2.0246092659825804e-06,7.560642226562275e-08,2.3222158297546543e-08,6.239436283021013e-05
41.75,2.8836174506887984e-05,2.010894169420241e-06,7.509342832929544e-08,2.300980672105144e-08,6.198238304960135e-05
41.800000000000004,2.8646498861857354e-05,1.9972865001497026e-06,7.458446136164366e-08,2.279962919931536e-08,6.157353742193329e-05
41.85,2.8458259923947536e-05,1.983785304843537e-06,7.40794855310449e-08,2.2591601114055097e-08,6.116779903532858e-05
41.900000000000006,2.8271445417895707e-05,1.97038963961138e-06,7.357846536166261e-08,2.2385698152308894e-08,6.076514123465135e-05
41.95,2.8086043184876734e-05,1.9570985698970084e-06,7.308136572955319e-08,2.2181896302322546e-08,6.0365537618820524e-05
42.0,2.7902041181292302e-05,1.9439111703766144e-06,7.258815185881763e-08,2.198017184949504e-08,5.996896203815244e-05
42.050000000000004,2.7719427477573962e-05,1.9308265248583102e-06,7.209878931780014e-08,2.1780501372383286e-08,5.9575388591734445e-05
42.1,2.7538190256999665e-05,1.917843726182824e-06,7.161324401533247e-08,2.1582861738764863e-08,5.918479162482823e-05
42.150000000000006,2.7358317814523357e-05,1.9049618761253547e-06,7.113148219702197e-08,2.13872301017575e-08,5.879714572630201e-05
42.2,2.7179798555618134e-05,1.8921800852986212e-06,7.065347044158484e-08,2.11935838959952e-08,5.841242572609265e-05
42.25,2.700262099513202e-05,1.8794974730570278e-06,7.017917565722206e-08,2.100190083385934e-08,5.803060669269569e-05
42.300000000000004,2.6826773756156827e-05,1.8669131674019854e-06,6.970856507803851e-08,2.08121589017643e-08,5.765166393068429e-05
42.35,2.6652245568909745e-05,1.8544263048883492e-06,6.924160626050516e-08,2.0624336356496796e-08,5.727557297825618e-05
42.400000000000006,2.6479025269627176e-05,1.8420360305319436e-06,6.877826707996225e-08,2.043841172160779e-08,5.690230960480781e-05
42.45,2.6307101799471356e-05,1.829741497718205e-06,6.831851572716505e-08,2.0254363783856585e-08,5.653184980853659e-05
42.5,2.6136464203448855e-05,1.817541868111874e-06,6.786232070486923e-08,2.0072171589705934e-08,5.6164169814069436e-05
42.550000000000004,2.5967101629341384e-05,1.8054363115677679e-06,6.740965082445721e-08,1.9891814441867565e-08,5.579924607011842e-05
42.6,2.579900332664857e-05,1.7934240060426037e-06,6.696047520260468e-08,1.9713271895897404e-08,5.543705524716294e-05
42.650000000000006,2.5632158645542288e-05,1.781504137507839e-06,6.651476325798538e-08,1.9536523756839223e-08,5.5077574235157256e-05
42.7,2.5466557035833017e-05,1.769675899863561e-06,6.607248470801591e-08,1.936155007591687e-08,5.472078014126469e-05
42.75,2.5302188045947353e-05,1.7579384948533618e-06,6.563360956563759e-08,1.9188331147273585e-08,5.4366650287616345e-05
42.800000000000004,2.5139041321917138e-05,1.7462911319802249e-06,6.519810813613717e-08,1.9016847504757913e-08,5.401516220909555e-05
42.85,2.497710660637985e-05,1.734733028423399e-06,6.476595101400473e-08,1.8847079918755596e-08,5.366629365114704e-05
42.900000000000006,2.4816373737589868e-05,1.7232634089562245e-06,6.433710907982748e-08,1.8679009393066467e-08,5.332002256761024e-05
42.95,2.4656832648441057e-05,1.7118815058649452e-06,6.391155349722182e-08,1.851261716182622e-08,5.2976327118577406e-05
43.0,2.4498473365499852e-05,1.7005865588684443e-06,6.348925570979928e-08,1.8347884686471535e-08,5.263518566827502e-05
43.050000000000004,2.4341286008049315e-05,1.6893778150389309e-06,6.307018743816891e-08,1.8184793652748663e-08,5.229657678296933e-05
43.1,2.418526078714375e-05,1.6782545287235505e-06,6.265432067697548e-08,1.8023325967764504e-08,5.1960479228895144e-05
43.150000000000006,2.4030388004673582e-05,1.6672159614668914e-06,6.224162769197048e-08,1.7863463757079346e-08,5.1626871970207366e-05
43.2,2.3876658052440897e-05,1.656261381934416e-06,6.18320810171191e-08,1.7705189361840934e-08,5.129573416695591e-05
43.25,2.372406141124487e-05,1.6453900658367568e-06,6.142565345173955e-08,1.7548485335959093e-08,5.096704517308249e-05
43.300000000000004,2.3572588649977518e-05,1.6346012958549082e-06,6.102231805767609e-08,1.7393334443320365e-08,5.064078453444013e-05
43.35,2.3422230424729418e-05,1.6238943615662837e-06,6.06220481565055e-08,1.7239719655041873e-08,5.031693198683466e-05
43.400000000000006,2.3272977477905065e-05,1.6132685593716131e-06,6.02248173267757e-08,1.7087624146764016e-08,4.9995467454087494e-05
43.45,2.3124820637348302e-05,1.6027231924227103e-06,5.983059940127622e-08,1.6937031295981447e-08,4.967637104612047e-05
43.5,2.2977750815477042e-05,1.5922575705510523e-06,5.943936846433949e-08,1.678792467941145e-08,4.9359623057061334e-05
43.550000000000004,2.283175900842773e-05,1.581871010197197e-06,5.9051098849175135e-08,1.664028807039951e-08,4.9045203963370596e-05
43.6,2.2686836295209186e-05,1.5715628343410163e-06,5.866576513523458e-08,1.6494105436361234e-08,4.8733094421989036e-05
43.650000000000006,2.2542973836865537e-05,1.5613323724327175e-06,5.828334214560505e-08,1.6349360936260154e-08,4.842327526850528e-05
43.7,2.2400162875648636e-05,1.5511789603246808e-06,5.790380494443479e-08,1.6206038918121145e-08,4.8115727515344235e-05
43.75,2.225839473419924e-05,1.5411019402040598e-06,5.75271288343878e-08,1.606412391657841e-08,4.7810432349974843e-05
43.800000000000004,2.2117660814737357e-05,1.5311006605261698e-06,5.715328935412781e-08,1.5923600650457947e-08,4.7507371133138054e-05
43.85,2.197795259826144e-05,1.521174475948641e-06,5.678226227583121e-08,1.578445402039375e-08,4.720652539709419e-05
43.900000000000006,2.1839261643756156e-05,1.5113227472663134e-06,5.6414023602727683e-08,1.5646669106477416e-08,4.690787684388926e-05
43.95,2.1701579587409067e-05,1.5015448413468971e-06,5.604854956667096e-08,1.5510231165940473e-08,4.661140734364091e-05
44.0,2.1564898141835605e-05,1.4918401310673504e-06,5.5685816625736796e-08,1.5375125630868757e-08,4.63170989328426e-05
44.050000000000004,2.1429209095312656e-05,1.482207995250996e-06,5.5325801461847515e-08,1.524133810594913e-08,4.6024933812686694e-05
44.1,2.129450431102051e-05,1.4726478186053591e-06,5.496848097842473e-08,1.5108854366247252e-08,4.573489434740606e-05
44.150000000000006,2.1160775726292857e-05,1.463158991660699e-06,5.4613832298068804e-08,1.4977660355016106e-08,4.544696306263334e-05
44.2,2.1028015351875244e-05,1.4537409107092632e-06,5.4261832760264764e-08,1.4847742181535278e-08,4.516112264377876e-05
44.25,2.0896215271191285e-05,1.4443929777452119e-06,5.391245991911385e-08,1.4719086118979947e-08,4.48773559344251e-05
44.300000000000004,2.0765367639617024e-05,1.4351146004052407e-06,5.3565691541093e-08,1.4591678602319454e-08,4.4595645934740634e-05
44.35,2.063546468376319e-05,1.425905191909878e-06,5.322150560283762e-08,1.4465506226245002e-08,4.4315975799909284e-05
44.400000000000006,2.050649870076502e-05,1.4167641710054363e-06,5.28798802889495e-08,1.4340555743125935e-08,4.4038328838577564e-05
44.45,2.0378462057580064e-05,1.4076909619066414e-06,5.254079398983221e-08,1.4216814060994407e-08,4.376268851131904e-05
44.5,2.0251347190293306e-05,1.3986849942398923e-06,5.220422529954845e-08,1.4094268241557536e-08,4.348903842911484e-05
44.550000000000004,2.0125146603429982e-05,1.3897457029871783e-06,5.187015301370353e-08,1.3972905498237245e-08,4.321736235185115e-05
44.6,1.999985286927581e-05,1.3808725284306289e-06,5.153855612735211e-08,1.3852713194237084e-08,4.2947644186832994e-05
44.650000000000006,1.9875458627204392e-05,1.3720649160976775e-06,5.1209413832927984e-08,1.373367884063536e-08,4.267986798731381e-05
44.7,1.975195658301213e-05,1.363322316706866e-06,5.088270551819948e-08,1.3615790094504914e-08,4.241401795104142e-05
44.75,1.962933950826003e-05,1.3546441861142394e-06,5.055841076424619e-08,1.349903475705825e-08,4.2150078418819386e-05
44.800000000000004,1.9507600239622788e-05,1.3460299852603592e-06,5.023650934345821e-08,1.3383400771818283e-08,4.188803387308412e-05
44.85,1.938673167824485e-05,1.3374791801179116e-06,4.991698121755925e-08,1.3268876222814354e-08,4.162786893649753e-05
44.900000000000006,1.926672678910326e-05,1.3289912416398942e-06,4.959980653565182e-08,1.3155449332802594e-08,4.136956837055443e-05
44.95,1.9147578600377555e-05,1.3205656457084034e-06,4.9284965632284465e-08,1.304310846151078e-08,4.111311707420555e-05
45.0,1.9029280202826206e-05,1.3122018730839785e-06,4.89724390255399e-08,1.2931842103907115e-08,4.085850008249489e-05
45.050000000000004,1.8911824749169898e-05,1.3038994093555256e-06,4.866220741514571e-08,1.2821638888492776e-08,4.060570256521209e-05
45.1,1.8795205453481405e-05,1.295657744890804e-06,4.835425168060611e-08,1.271248757561756e-08,4.0354709825559334e-05
45.150000000000006,1.867941559058185e-05,1.2874763747874544e-06,4.8048552879354135e-08,1.2604377055818397e-08,4.010550729883223e-05
45.2,1.8564448495443648e-05,1.2793547988245928e-06,4.7745092244925524e-08,1.249729634818075e-08,3.9858080551115417e-05
45.25,1.8450297562599596e-05,1.2712925214149285e-06,4.7443851185151714e-08,1.239123459872199e-08,3.961241527799168e-05
45.300000000000004,1.833695624555842e-05,1.263289051557428e-06,4.714481128037423e-08,1.2286181078796782e-08,3.936849730326522e-05
45.35,1.8224418056226573e-05,1.2553439027905054e-06,4.6847954281678956e-08,1.2182125183524466e-08,3.912631257769867e-05
45.400000000000006,1.8112676564336017e-05,1.2474565931457268e-06,4.655326210914947e-08,1.2079056430237093e-08,3.888584717776321e-05
45.45,1.8001725396878354e-05,1.239626645102044e-06,4.6260716850140687e-08,1.1976964456948802e-08,3.8647087304402766e-05
45.5,1.7891558237544717e-05,1.2318535855405215e-06,4.5970300757570985e-08,1.1875839020846048e-08,3.84100192818107e-05
45.550000000000004,1.77821688261718e-05,1.2241369456995797e-06,4.568199624823399e-08,1.1775669996797916e-08,3.817462955622001e-05
45.6,1.7673550958193753e-05,1.2164762611307318e-06,4.539578590112909e-08,1.1676447375886764e-08,3.794090469470655e-05
45.650000000000006,1.7565698484099744e-05,1.2088710716548024e-06,4.511165245581017e-08,1.1578161263958488e-08,3.770883138400446e-05
45.7,1.745860530889751e-05,1.2013209213186487e-06,4.482957881075333e-08,1.1480801880192543e-08,3.747839642933498e-05
45.75,1.735226539158234e-05,1.193825358352343e-06,4.454954802174168e-08,1.1384359555690873e-08,3.724958675324699e-05
45.800000000000004,1.7246672744611867e-05,1.186383935126841e-06,4.427154330026916e-08,1.128882473208604e-08,3.702238939447046e-05
45.85,1.714182143338639e-05,1.1789962081121167e-06,4.399554801196192e-08,1.1194187960168131e-08,3.679679150678195e-05
45.900000000000006,1.7037705575734537e-05,1.1716617378357508e-06,4.3721545675016064e-08,1.110043989852971e-08,3.657278035788178e-05
45.95,1.69343193414046e-05,1.16438008884199e-06,4.3449519958654245e-08,1.1007571312229287e-08,3.6350343328283856e-05
46.0,1.6831656951560997e-05,1.1571508296512423e-06,4.317945468159839e-08,1.0915573071472489e-08,3.612946791021651e-05
46.050000000000004,1.672971267828621e-05,1.1499735327200298e-06,4.2911333810559315e-08,1.0824436150310926e-08,3.591014170653547e-05
46.1,1.662848084408794e-05,1.1428477744013807e-06,4.264514145874339e-08,1.0734151625358475e-08,3.569235242964827e-05
46.150000000000006,1.6527955821411338e-05,1.1357731349056476e-06,4.2380861884375155e-08,1.0644710674524482e-08,3.547608790044987e-05
46.2,1.6428132032156556e-05,1.1287491982617703e-06,4.211847948923713e-08,1.0556104575764178e-08,3.5261336047269716e-05
46.25,1.632900394720116e-05,1.121775552278949e-06,4.1857978817224637e-08,1.046832470584552e-08,3.504808490482974e-05
46.300000000000004,1.623056608592771e-05,1.1148517885087472e-06,4.159934455291683e-08,1.0381362539132497e-08,3.4836322613213545e-05
46.35,1.6132813015756268e-05,1.1079775022076105e-06,4.134256152016397e-08,1.029520964638464e-08,3.462603741684639e-05
46.400000000000006,1.6035739351681706e-05,1.1011522922997847e-06,4.108761468068956e-08,1.0209857693572343e-08,3.44172176634858e-05
46.45,1.5939339755816032e-05,1.094375761340655e-06,4.083448913270818e-08,1.0125298440708111e-08,3.420985180322304e-05
46.5,1.584360893693532e-05,1.0876475154804691e-06,4.058317010955803e-08,1.0041523740693104e-08,3.400392838749485e-05
46.550000000000004,1.57485416500315e-05,1.0809671644284678e-06,4.0333642978348817e-08,9.958525538179057e-09,3.379943606810571e-05
46.6,1.5654132695868843e-05,1.0743343214174057e-06,4.008589323862491e-08,9.876295868445227e-09,3.3596363596260415e-05
46.650000000000006,1.556037692054493e-05,1.0677486031684488e-06,3.983990652104181e-08,9.79482685629016e-09,3.339469982160659e-05
46.7,1.546726921505641e-05,1.0612096298564674e-06,3.959566858605795e-08,9.714110714938176e-09,3.31944336912875e-05
46.75,1.5374804514869067e-05,1.054717025075694e-06,3.9353165322640784e-08,9.634139744960109e-09,3.299555424900456e-05
46.800000000000004,1.5282977799492528e-05,1.0482704158057625e-06,3.911238274698671e-08,9.554906333208488e-09,3.27980506340898e-05
46.85,1.5191784092059356e-05,1.0418694323781161e-06,3.887330700125494e-08,9.476402951766537e-09,3.260191208058805e-05
46.900000000000006,1.5101218458908418e-05,1.035513708442769e-06,3.863592435231498e-08,9.398622156910981e-09,3.2407127916348476e-05
46.95,1.5011276009172763e-05,1.0292028809354434e-06,3.840022119050853e-08,9.321556588088725e-09,3.2213687562125966e-05
47.0,1.4921951894371579e-05,1.0229365900450485e-06,3.816618402842381e-08,9.245198966906676e-09,3.202158053069154e-05
47.050000000000004,1.4833241308006522e-05,1.016714479181519e-06,3.793379949968353e-08,9.169542096134984e-09,3.183079642595226e-05
47.1,1.4745139485162219e-05,1.0105361949440014e-06,3.770305435774608e-08,9.094578858723333e-09,3.164132494208027e-05
47.150000000000006,1.465764170211078e-05,1.0044013870893754e-06,3.747393547471982e-08,9.020302216829945e-09,3.145315586265073e-05
47.2,1.4570743275920593e-05,9.98309708501127e-07,3.724642984019018e-08,8.946705210863528e-09,3.1266279059789005e-05
47.25,1.4484439564068974e-05,9.922608151585443e-07,3.702052456005878e-08,8.873780958537512e-09,3.108068449332637e-05
47.300000000000004,1.4398725964058938e-05,9.86254366106253e-07,3.679620685539595e-08,8.801522653936714e-09,3.089636220996479e-05
47.35,1.4313597913039933e-05,9.8029002342408e-07,3.6573464061305434e-08,8.729923566596189e-09,3.071330234245021e-05
47.400000000000006,1.4229050887432349e-05,9.743674521972323e-07,3.6352283625800615e-08,8.658977040592032e-09,3.053149510875432e-05
47.45,1.414508040255609e-05,9.684863204868077e-07,3.613265310869384e-08,8.58867649364411e-09,3.0350930811265046e-05
47.5,1.4061682012262784e-05,9.626462993006108e-07,3.591456018049714e-08,8.519015416230243e-09,3.0171599835985166e-05
47.550000000000004,1.3978851308571887e-05,9.56847062564288e-07,3.569799262133477e-08,8.44998737071208e-09,2.999349265173929e-05
47.6,1.3896583921310539e-05,9.510882870927728e-07,3.5482938319867495e-08,8.381585990472301e-09,2.9816599809389193e-05
47.650000000000006,1.3814875517756994e-05,9.453696525620283e-07,3.526938527222839e-08,8.313804979062861e-09,2.9640911941056873e-05
47.7,1.3733721802287887e-05,9.396908414811023e-07,3.505732158097035e-08,8.246638109364432e-09,2.9466419759356108e-05
47.75,1.365311851602894e-05,9.340515391644707e-07,3.484673545402419e-08,8.180079222756594e-09,2.9293114056631414e-05
47.800000000000004,1.3573061436509355e-05,9.284514337046822e-07,3.4637615203668584e-08,8.114122228298765e-09,2.9120985704205205e-05
47.85,1.3493546377319759e-05,9.22890215945296e-07,3.4429949245510764e-08,8.048761101921797e-09,2.8950025651632662e-05
47.900000000000006,1.3414569187773524e-05,9.173675794540981e-07,3.4223726097477744e-08,7.983989885629863e-09,2.878022492596398e-05
47.95,1.333612575257171e-05,9.118832204966147e-07,3.401893437881888e-08,7.919802686712742e-09,2.8611574631014563e-05
48.0,1.3258211991471282e-05,9.064368380098963e-07,3.3815562809118756e-08,7.856193676968178e-09,2.8444065946642404e-05
48.050000000000004,1.3180823858956797e-05,9.010281335765872e-07,3.3613600207320556e-08,7.79315709193424e-09,2.8277690128033016e-05
48.1,1.3103957343915457e-05,8.956568113992693e-07,3.3413035490760034e-08,7.730687230131608e-09,2.8112438504991762e-05
48.150000000000006,1.3027608469315354e-05,8.903225782750718e-07,3.321385767420952e-08,7.668778452315476e-09,2.7948302481243165e-05
48.2,1.295177329188715e-05,8.850251435705598e-07,3.3016055868932134e-08,7.607425180737159e-09,2.7785273533737706e-05
48.25,1.287644790180884e-05,8.797642191968781e-07,3.281961928174607e-08,7.546621898415079e-09,2.7623343211965416e-05
48.300000000000004,1.2801628422393814e-05,8.745395195851642e-07,3.2624537214098864e-08,7.486363148415144e-09,2.7462503137276646e-05
48.35,1.27273110097821e-05,8.693507616622216e-07,3.243079906115137e-08,7.426643533140299e-09,2.730274500220979e-05
48.400000000000006,1.2653491852634617e-05,8.641976648264427e-07,3.223839431087155e-08,7.367457713629089e-09,2.7144060569825637e-05
48.45,1.2580167171830696e-05,8.590799509239959e-07,3.2047312543137685e-08,7.308800408863311e-09,2.6986441673048838e-05
48.5,1.2507333220168505e-05,8.539973442252531e-07,3.185754342885096e-08,7.250666395084337e-09,2.6829880214015723e-05
48.550000000000004,1.2434986282068604e-05,8.489495714014711e-07,3.1669076729057816e-08,7.193050505118283e-09,2.6674368163428975e-05
48.6,1.2363122673280507e-05,8.439363615017206e-07,3.14819022940813e-08,7.135947627709728e-09,2.6519897559918877e-05
48.650000000000006,1.2291738740592092e-05,8.389574459300476e-07,3.129601006266143e-08,7.0793527068638115e-09,2.6366460509410784e-05
48.7,1.2220830861542115e-05,8.340125584228871e-07,3.1111390061104876e-08,7.023260741196801e-09,2.62140491844994e-05
48.75,1.2150395444135452e-05,8.291014350267029e-07,3.092803240244347e-08,6.967666783294864e-09,2.6062655823828965e-05
48.800000000000004,1.2080428926561328e-05,8.24223814075867e-07,3.074592728560157e-08,6.912565939080965e-09,2.591227273148008e-05
48.85,1.2010927776914375e-05,8.193794361707724e-07,3.056506499457192e-08,6.857953367189774e-09,2.5762892276362576e-05
48.900000000000006,1.1941888492918398e-05,8.145680441561673e-07,3.038543589760056e-08,6.803824278350447e-09,2.5614506891614436e-05
48.95,1.1873307601653069e-05,8.097893830997253e-07,3.0207030446380365e-08,6.750173934777324e-09,2.5467109074007014e-05
49.0,1.1805181659283212e-05,8.050432002708296e-07,3.002983917525221e-08,6.696997649568242e-09,2.5320691383355997e-05
49.050000000000004,1.1737507250790918e-05,8.003292451195849e-07,2.9853852700415875e-08,6.6442907861103925e-09,2.51752464419385e-05
49.1,1.1670280989710325e-05,7.956472692560492e-07,2.9679061719146824e-08,6.59204875749379e-09,2.5030766933916008e-05
49.150000000000006,1.1603499517864984e-05,7.909970264296731e-07,2.950545700902353e-08,6.540267025932026e-09,2.488724560476295e-05
49.2,1.1537159505107976e-05,7.863782725089645e-07,2.9333029427163326e-08,6.488941102190367e-09,2.4744675260701348e-05
49.25,1.1471257649064497e-05,7.81790765461354e-07,2.9161769909463063e-08,6.438066545020972e-09,2.4603048768140755e-05
49.300000000000004,1.1405790674877119e-05,7.772342653332766e-07,2.8991669469850072e-08,6.387638960605386e-09,2.4462359053124124e-05
49.35,1.1340755334953573e-05,7.727085342304592e-07,2.882271919954065e-08,6.33765400200383e-09,2.432259910077917e-05
49.400000000000006,1.1276148408716984e-05,7.682133362984061e-07,2.8654910266305787e-08,6.288107368611323e-09,2.418376195477506e-05
49.45,1.1211966702358708e-05,7.637484377030968e-07,2.8488233913744728e-08,6.23899480562095e-09,2.4045840716784822e-05
49.5,1.1148207048593518e-05,7.593136066118734e-07,2.832268146056598e-08,6.190312103493552e-09,2.3908828545952874e-05
49.550000000000004,1.1084866306417306e-05,7.549086131745324e-07,2.8158244299875863e-08,6.1420550974341965e-09,2.3772718658368033e-05
49.6,1.1021941360867192e-05,7.505332295046108e-07,2.7994913898474534e-08,6.094219666875108e-09,2.3637504326541806e-05
49.650000000000006,1.0959429122783943e-05,7.4618722966086e-07,2.7832681796158996e-08,6.046801734965057e-09,2.3503178878891715e-05
49.7,1.0897326528576868e-05,7.418703896289203e-07,2.7671539605033596e-08,5.999797268065141e-09,2.336973569923003e-05
49.75,1.0835630539990931e-05,7.375824873031735e-07,2.7511479008827477e-08,5.9532022752508044e-09,2.3237168226257365e-05
49.800000000000004,1.0774338143876247e-05,7.333233024687898e-07,2.7352491762219108e-08,5.907012807820187e-09,2.310546995306143e-05
49.85,1.0713446351959868e-05,7.290926167839588e-07,2.719456969016796e-08,5.8612249588084165e-09,2.2974634426620837e-05
49.900000000000006,1.0652952200619745e-05,7.248902137622965e-07,2.7037704687252744e-08,5.815834862507961e-09,2.2844655247313636e-05
49.95,1.0592852750661049e-05,7.207158787554431e-07,2.688188871701666e-08,5.770838693995063e-09,2.271552606843099e-05
50.0,1.053314508709458e-05,7.16569398935829e-07,2.6727113811319224e-08,5.726232668661889e-09,2.2587240595695428e-05
50.050000000000004,1.0473826318917446e-05,7.124505632796241e-07,2.6573372069695167e-08,5.68201304175452e-09,2.245979258678406e-05
50.1,1.0414893578895913e-05,7.08359162549862e-07,2.6420655658719535e-08,5.63817610791677e-09,2.2333175850856488e-05
50.150000000000006,1.0356344023350303e-05,7.042949892797298e-07,2.62689568113792e-08,5.594718200739463e-09,2.220738424808726e-05
50.2,1.0298174831942145e-05,7.002578377560385e-07,2.6118267826451177e-08,5.551635692315403e-09,2.2082411689203164e-05
50.25,1.0240383207463293e-05,6.962475040028528e-07,2.59685810678869e-08,5.50892499279978e-09,2.1958252135024863e-05
50.300000000000004,1.0182966375627204e-05,6.922637857652946e-07,2.5819888964203557e-08,5.466582549976073e-09,2.183489959601326e-05
50.35,1.012592158486226e-05,6.883064824935104e-07,2.5672184007880506e-08,5.424604848827078e-09,2.1712348131820265e-05
50.400000000000006,1.0069246106107058e-05,6.843753953267968e-07,2.552545875476264e-08,5.382988411111467e-09,2.1590591850843903e-05
50.45,1.0012937232607804e-05,6.804703270778971e-07,2.5379705823470044e-08,5.34172979494563e-09,2.1469624909788017e-05
50.5,9.956992279717592e-06,6.76591082217447e-07,2.52349178948127e-08,5.300825594390248e-09,2.1349441513226046e-05
50.550000000000004,9.90140858469773e-06,6.727374668585855e-07,2.509108771121227e-08,5.260272439042265e-09,2.1230035913169308e-05
50.6,9.846183506520997e-06,6.689092887417214e-07,2.4948208076128952e-08,5.220066993631767e-09,2.1111402408639486e-05
50.650000000000006,9.791314425676762e-06,6.651063572194494e-07,2.4806271853494446e-08,5.180205957623792e-09,2.0993535345245158e-05
50.7,9.736798743978117e-06,6.61328483241626e-07,2.466527196715085e-08,5.1406860648250944e-09,2.0876429114762737e-05
50.75,9.682633884370776e-06,6.575754793405898e-07,2.4525201400295003e-08,5.101504082995543e-09,2.0760078154721296e-05
50.800000000000004,9.628817290743925e-06,6.538471596165353e-07,2.4386053194928683e-08,5.062656813464438e-09,2.0644476947991566e-05
50.85,9.575346427742908e-06,6.501433397230355e-07,2.424782045131378e-08,5.02414109075148e-09,2.0529620022379026e-05
50.900000000000006,9.522218780583664e-06,6.464638368527049e-07,2.411049632743377e-08,4.985953782192239e-09,2.041550195022076e-05
50.95,9.469431854869092e-06,6.428084697230156e-07,2.3974074038460412e-08,4.948091787568348e-09,2.030211734798655e-05
51.0,9.41698317640708e-06,6.391770585622477e-07,2.3838546856225693e-08,4.910552038742064e-09,2.018946087588356e-05
51.050000000000004,9.364870291030377e-06,6.355694250955866e-07,2.370390810869914e-08,4.873331499295386e-09,2.00775272374651e-05
51.1,9.31309076441823e-06,6.319853925313607e-07,2.3570151179470142e-08,4.8364271641734295e-09,1.9966311179243165e-05
51.150000000000006,9.261642181919666e-06,6.284247855474123e-07,2.3437269507236002e-08,4.799836059332311e-09,1.9855807490304625e-05
51.2,9.21052214837859e-06,6.248874302776121e-07,2.3305256585295007e-08,4.7635552413912e-09,1.9746011001931337e-05
51.25,9.15972828796049e-06,6.213731542985025e-07,2.317410596104421e-08,4.727581797288413e-09,1.9636916587223804e-05
51.300000000000004,9.10925824398088e-06,6.178817866160798e-07,2.3043811235482664e-08,4.691912843941975e-09,1.9528519160728537e-05
51.35,9.0591096787354e-06,6.144131576527082e-07,2.2914366062719613e-08,4.65654552791414e-09,1.9420813678069144e-05
51.400000000000006,9.009280273331498e-06,6.109670992341601e-07,2.2785764149487452e-08,4.621477025079965e-09,1.931379513558077e-05
51.45,8.959767727521831e-06,6.075434445767934e-07,2.2657999254659873e-08,4.586704540299907e-09,1.920745856994837e-05
51.5,8.910569759539183e-06,6.041420282748501e-07,2.253106518877415e-08,4.552225307096328e-09,1.9101799057848194e-05
51.550000000000004,8.861684105933035e-06,6.007626862878858e-07,2.2404955813558956e-08,4.518036587333973e-09,1.8996811715592964e-05
51.6,8.813108521407714e-06,5.974052559283256e-07,2.2279665041466648e-08,4.484135670904239e-09,1.8892491698780438e-05
51.650000000000006,8.76484077866203e-06,5.940695758491378e-07,2.2155186835210265e-08,4.450519875413219e-09,1.8788834201945237e-05
51.7,8.716878668230566e-06,5.907554860316391e-07,2.203151520730514e-08,4.4171865458736e-09,1.868583445821426e-05
51.75,8.669219998326376e-06,5.874628277734126e-07,2.190864421961457e-08,4.384133054400141e-09,1.8583487738965208e-05
51.800000000000004,8.621862594685284e-06,5.84191443676352e-07,2.178656798290091e-08,4.351356799908832e-09,1.8481789353488526e-05
51.85,8.574804300411655e-06,5.80941177634824e-07,2.1665280656380514e-08,4.318855207819758e-09,1.838073464865264e-05
51.900000000000006,8.528042975825601e-06,5.777118748239427e-07,2.1544776447283384e-08,4.286625729763411e-09,1.8280319008572235e-05
51.95,8.481576498311732e-06,5.745033816879686e-07,2.1425049610417173e-08,4.254665843290554e-09,1.818053785427998e-05
52.0,8.435402762169268e-06,5.713155459288148e-07,2.1306094447735153e-08,4.222973051585522e-09,1.808138664340115e-05
52.050000000000004,8.389519678463647e-06,5.68148216494672e-07,2.1187905307909288e-08,4.191544883182984e-09,1.7982860869831555e-05
52.1,8.343925174879552e-06,5.650012435687457e-07,2.1070476585906714e-08,4.160378891688121e-09,1.7884956063418538e-05
52.150000000000006,8.298617195575281e-06,5.618744785581006e-07,2.095380272257044e-08,4.1294726555000614e-09,1.7787667789644905e-05
52.2,8.253593701038603e-06,5.587677740826211e-07,2.0837878204204875e-08,4.0988237775386674e-09,1.769099164931609e-05
52.25,8.20885266794389e-06,5.556809839640753e-07,2.072269756216506e-08,4.0684298849745216e-09,1.759492327825011e-05
52.300000000000004,8.164392089010671e-06,5.526139632152899e-07,2.0608255372449867e-08,4.038288628962157e-09,1.7499458346970597e-05
52.35,8.120209972863554e-06,5.495665680294329e-07,2.049454625529923e-08,4.008397684376471e-09,1.7404592560402833e-05
52.400000000000006,8.076304343893388e-06,5.465386557693964e-07,2.0381564874795157e-08,3.9787547495522314e-09,1.7310321657572473e-05
52.45,8.032673242119863e-06,5.435300849572912e-07,2.02693059384683e-08,3.9493575460267415e-09,1.7216641411307404e-05
52.5,7.989314723055315e-06,5.405407152640375e-07,2.015776419690599e-08,3.920203818285424e-09,1.7123547627942226e-05
52.550000000000004,7.94622685756988e-06,5.375704074990628e-07,2.004693444336444e-08,3.891291333510539e-09,1.7031036147025677e-05
52.6,7.90340773175794e-06,5.346190236000996e-07,1.9936811513386872e-08,3.862617881332848e-09,1.693910284103085e-05
52.650000000000006,7.860855446805765e-06,5.316864266230801e-07,1.9827390284423405e-08,3.83418127358613e-09,1.6847743615068054e-05
52.7,7.818568118860499e-06,5.28772480732136e-07,1.9718665675455497e-08,3.805979344064738e-09,1.6756954406600568e-05
52.75,7.776543878900304e-06,5.258770511896891e-07,1.9610632646623848e-08,3.778009948283907e-09,1.666673118516294e-05
52.800000000000004,7.734780872605788e-06,5.230000043466437e-07,1.9503286198859997e-08,3.7502709632429085e-09,1.6577069952082044e-05
52.85,7.693277260232645e-06,5.201412076326746e-07,1.9396621373521432e-08,3.7227602871910153e-09,1.6487966740200828e-05
52.900000000000006,7.652031216485442e-06,5.173005295466054e-07,1.929063325203033e-08,3.695475839396201e-09,1.6399417613604532e-05
52.95,7.6110409303926875e-06,5.144778396468875e-07,1.918531695551599e-08,3.668415559916584e-09,1.631141866734968e-05
53.0,7.570304605182986e-06,5.116730085421651e-07,1.9080667644460482e-08,3.641577409374528e-09,1.622396602719547e-05
53.050000000000004,7.529820458162423e-06,5.088859078819359e-07,1.8976680518348124e-08,3.6149593687333884e-09,1.6137055849337817e-05
53.1,7.489586720593099e-06,5.06116410347304e-07,1.887335081531804e-08,3.588559439076907e-09,1.6050684320145902e-05
53.150000000000006,7.449601637572749e-06,5.033643896418173e-07,1.8770673811819824e-08,3.5623756413911808e-09,1.5964847655901117e-05
53.2,7.409863467915587e-06,5.006297204824006e-07,1.8668644822273366e-08,3.536406016349136e-09,1.5879542102538618e-05
53.25,7.370370484034176e-06,4.979122785903696e-07,1.8567259198731588e-08,3.510648624097665e-09,1.5794763935391137e-05
53.300000000000004,7.331120971822466e-06,4.952119406825376e-07,1.8466512330546348e-08,3.4851015440470814e-09,1.5710509458935383e-05
53.35,7.292113230539934e-06,4.925285844624078e-07,1.8366399644037612e-08,3.4597628746630254e-09,1.562677500654074e-05
53.400000000000006,7.253345572696746e-06,4.898620886114458e-07,1.826691660216576e-08,3.4346307332609717e-09,1.554355694022028e-05
53.45,7.21481632394008e-06,4.872123327804443e-07,1.8168058704207462e-08,3.4097032558030204e-09,1.5460851650384283e-05
53.5,7.17652382294144e-06,4.845791975809634e-07,1.8069821485434345e-08,3.384978596697036e-09,1.537865555559586e-05
53.550000000000004,7.13846642128506e-06,4.81962564576859e-07,1.7972200516794804e-08,3.3604549285981615e-09,1.5296965102329017e-05
53.6,7.1006424833573694e-06,4.793623162758921e-07,1.7875191404599043e-08,3.336130442212624e-09,1.5215776764728997e-05
53.650000000000006,7.063050386237422e-06,4.7677833612141557e-07,1.7778789790206836e-08,3.312003346103836e-09,1.5135087044374712e-05
53.7,7.025688519588436e-06,4.742105084841462e-07,1.7682991349718782e-08,3.288071866500738e-09,1.5054892470043606e-05
53.75,6.9885552855502646e-06,4.7165871865401043e-07,1.7587791793670293e-08,3.2643342471083252e-09,1.4975189597478542e-05
53.800000000000004,6.951649098632916e-06,4.6912285283207305e-07,1.7493186866728332e-08,3.2407887489204316e-09,1.4895975009156957e-05
53.85,6.914968385611072e-06,4.66602798122542e-07,1.7399172347391533e-08,3.2174336500346407e-09,1.481724531406222e-05
53.900000000000006,6.878511585419528e-06,4.640984425248474e-07,1.7305744047692717e-08,3.1942672454693576e-09,1.4738997147456953e-05
53.95,6.842277149049686e-06,4.6160967492580134e-07,1.7212897812904468e-08,3.1712878469829806e-09,1.466122717065868e-05
54.0,6.806263539446934e-06,4.591363850918278e-07,1.7120629521247578e-08,3.1484937828952013e-09,1.458393207081739e-05
54.050000000000004,6.770469231409025e-06,4.566784636612702e-07,1.7028935083602455e-08,3.125883397910181e-09,1.4507108560695256e-05
54.1,6.734892711485401e-06,4.542358021367732e-07,1.693781044322296e-08,3.1034550529420122e-09,1.4430753378448445e-05
54.150000000000006,6.699532477877394e-06,4.5180829287773293e-07,1.6847251575453014e-08,3.0812071249421845e-09,1.4354863287410814e-05
54.2,6.664387040339436e-06,4.4939582909282523e-07,1.6757254487446415e-08,3.05913800672881e-09,1.4279435075879788e-05
54.25,6.6294549200811e-06,4.469983048325995e-07,1.666781521788848e-08,3.037246106817966e-09,1.4204465556904083e-05
54.300000000000004,6.594734649670096e-06,4.446156149821474e-07,1.6578929836721188e-08,3.0155298492569525e-09,1.412995156807347e-05
54.35,6.560224772936169e-06,4.4224765525384047e-07,1.6490594444870682e-08,2.9939876734594605e-09,1.4055889971310516e-05
54.400000000000006,6.52592384487583e-06,4.3989432218013396e-07,1.6402805173976768e-08,2.9726180340426212e-09,1.3982277652664136e-05
54.45,6.491830431558042e-06,4.3755551310644434e-07,1.631555818612602e-08,2.951419400665944e-09,1.390911152210522e-05
54.5,6.4579431100306985e-06,4.352311261840892e-07,1.6228849673586746e-08,2.9303902578720536e-09,1.3836388513323981e-05
54.550000000000004,6.424260468228018e-06,4.3292106036329764e-07,1.6142675858546504e-08,2.9095291049293096e-09,1.37641055835293e-05
54.6,6.390781104878781e-06,4.30625215386287e-07,1.6057032992852485e-08,2.8888344556761866e-09,1.36922597132499e-05
54.650000000000006,6.357503629415376e-06,4.283434917804018e-07,1.5971917357753917e-08,2.8683048383674203e-09,1.3620847906137267e-05
54.7,6.324426661883736e-06,4.260757908513228e-07,1.5887325263647405e-08,2.8479387955219006e-09,1.3549867188770544e-05
54.75,6.291548832854049e-06,4.238220146763353e-07,1.5803253049824226e-08,2.8277348837723323e-09,1.347931461046305e-05
54.800000000000004,6.258868783332321e-06,4.2158206609766493e-07,1.5719697084219947e-08,2.8076916737166396e-09,1.3409187243070712e-05
54.85,6.226385164672756e-06,4.1935584871587523e-07,1.563665376316712e-08,2.7878077497709944e-09,1.3339482180802222e-05
54.900000000000006,6.194096638490891e-06,4.1714326688332495e-07,1.555411951115004e-08,2.7680817100244976e-09,1.3270196540030878e-05
54.95,6.162001876577593e-06,4.1494422569769274e-07,1.547209078056119e-08,2.7485121660955747e-09,1.3201327459108267e-05
55.0,6.13009956081378e-06,4.127586309955571e-07,1.539056405146024e-08,2.7290977429899927e-09,1.3132872098179536e-05
55.050000000000004,6.098388383085962e-06,4.1058638934603975e-07,1.530953583133614e-08,2.7098370789604412e-09,1.3064827639000437e-05
55.1,6.066867045202549e-06,4.0842740804451034e-07,1.5229002654870633e-08,2.690728825367759e-09,1.2997191284756067e-05
55.150000000000006,6.035534258810894e-06,4.062815951063458e-07,1.5148961083703584e-08,2.6717716465436885e-09,1.292996025988115e-05
55.2,6.004388745315137e-06,4.0414885926075244e-07,1.5069407706202895e-08,2.6529642196551973e-09,1.2863131809882116e-05
55.25,5.973429235794751e-06,4.020291099446436e-07,1.499033913723369e-08,2.6343052345703414e-09,1.2796703201160678e-05
55.300000000000004,5.942654470923863e-06,3.9992225729657634e-07,1.4911752017929783e-08,2.6157933937256328e-09,1.2730671720839093e-05
55.35,5.912063200891311e-06,3.978282121507451e-07,1.4833643015469921e-08,2.5974274119949082e-09,1.266503467658702e-05
55.400000000000006,5.881654185321384e-06,3.95746886031029e-07,1.4756008822854063e-08,2.57920601655966e-09,1.2599789396449892e-05
55.45,5.851426193195352e-06,3.936781911450991e-07,1.4678846158682122e-08,2.561127946780873e-09,1.2534933228678951e-05
55.5,5.821378002773637e-06,3.9162204037857597e-07,1.460215176693498e-08,2.5431919540722316e-09,1.247046354156273e-05
55.550000000000004,5.791508401518735e-06,3.8957834728924546e-07,1.4525922416757444e-08,2.525396801774802e-09,1.2406377723260125e-05
55.6,5.761816186018837e-06,3.8754702610132834e-07,1.445015490224346e-08,2.507741265033121e-09,1.2342673181635015e-05
55.650000000000006,5.732300161912102e-06,3.8552799169980004e-07,1.437484604222264e-08,2.4902241306726568e-09,1.2279347344092286e-05
55.7,5.702959143811676e-06,3.8352115962476796e-07,1.429999268004956e-08,2.4728441970786735e-09,1.221639765741546e-05
55.75,5.673791955231323e-06,3.8152644606589723e-07,1.422559168339515e-08,2.4556002740763935e-09,1.2153821587605691e-05
55.800000000000004,5.644797428511778e-06,3.7954376785689053e-07,1.4151639944038819e-08,2.438491182812577e-09,1.209161661972229e-05
55.85,5.615974404747758e-06,3.7757304247001946e-07,1.4078134377663748e-08,2.4215157556383654e-09,1.2029780257724714e-05
55.900000000000006,5.5873217337155936e-06,3.756141880107043e-07,1.4005071923653913e-08,2.404672835993456e-09,1.1968310024315864e-05
55.95,5.558838273801573e-06,3.7366712321214785e-07,1.3932449544892463e-08,2.3879612782915937e-09,1.1907203460786975e-05
56.0,5.530522891930872e-06,3.7173176743001513e-07,1.3860264227561983e-08,2.371379947807294e-09,1.1846458126863742e-05
56.050000000000004,5.502374463497165e-06,3.6980804063716485e-07,1.3788512980947277e-08,2.3549277205638696e-09,1.178607160055394e-05
56.1,5.4743918722928665e-06,3.6789586341842997e-07,1.3717192837239714e-08,2.3386034832226816e-09,1.172604147799641e-05
56.150000000000006,5.446574010439961e-06,3.65995156965444e-07,1.3646300851342785e-08,2.32240613297362e-09,1.1666365373311337e-05
56.2,5.418919778321515e-06,3.641058430715188e-07,1.3575834100680257e-08,2.3063345774268226e-09,1.160704091845199e-05
56.25,5.391428084513746e-06,3.622278441265659e-07,1.350578968500577e-08,2.2903877345055825e-09,1.1548065763057669e-05
56.300000000000004,5.364097845718735e-06,3.603610831120672e-07,1.3436164726214096e-08,2.2745645323404486e-09,1.1489437574308074e-05
56.35,5.336927986697745e-06,3.5850548359609226e-07,1.3366956368154305e-08,2.2588639091644934e-09,1.1431154036778971e-05
56.400000000000006,5.309917440205101e-06,3.56660969728359e-07,1.3298161776444678e-08,2.24328481320975e-09,1.1373212852299067e-05
56.45,5.2830651469227135e-06,3.548274662353437e-07,1.32297781382893e-08,2.227826202604809e-09,1.1315611739808323e-05
56.5,5.2563700553951355e-06,3.530048984154316e-07,1.3161802662296119e-08,2.212487045273509e-09,1.1258348435217368e-05
56.550000000000004,5.229831121965234e-06,3.5119319213411565e-07,1.3094232578297035e-08,2.1972663188347812e-09,1.1201420691268302e-05
56.6,5.2034473107104395e-06,3.4939227381923864e-07,1.3027065137169489e-08,2.1821630105035952e-09,1.1144826277396717e-05
56.650000000000006,5.177217593379523e-06,3.4760207045627675e-07,1.2960297610659545e-08,2.1671761169929934e-09,1.1088562979594878e-05
56.7,5.151140949329998e-06,3.458225095836703e-07,1.2893927291206848e-08,2.1523046444171967e-09,1.1032628600276253e-05
56.75,5.125216365466018e-06,3.4405351928819303e-07,1.2827951491771115e-08,2.1375476081957775e-09,1.0977020958141137e-05
56.800000000000004,5.099442836176869e-06,3.4229502820036687e-07,1.2762367545660037e-08,2.1229040329589323e-09,1.0921737888043545e-05
56.85,5.073819363276007e-06,3.405469654899183e-07,1.2697172806358999e-08,2.10837295245374e-09,1.086677724085929e-05
56.900000000000006,5.048344955940603e-06,3.38809260861274e-07,1.2632364647362389e-08,2.0939534094514617e-09,1.0812136883355188e-05
56.95,5.023018630651677e-06,3.370818445491014e-07,1.2567940462006272e-08,2.079644455655879e-09,1.0757814698059504e-05
57.0,4.997839411134708e-06,3.3536464731388603e-07,1.2503897663302438e-08,2.065445151612625e-09,1.0703808583133469e-05
57.050000000000004,4.972806328300814e-06,3.336576004375517e-07,1.244023368377433e-08,2.0513545666195195e-09,1.0650116452243996e-05
57.1,4.947918420188445e-06,3.3196063571912096e-07,1.2376945975294549e-08,2.0373717786378945e-09,1.0596736234437549e-05
57.150000000000006,4.923174731905563e-06,3.302736854704122e-07,1.231403200892336e-08,2.023495874204832e-09,1.0543665874015026e-05
57.2,4.898574315572382e-06,3.2859668251177985e-07,1.2251489274748939e-08,2.0097259483464244e-09,1.04909033304079e-05
57.25,4.874116230264563e-06,3.2692956016788947e-07,1.2189315281729123e-08,1.9960611044919834e-09,1.0438446578055316e-05
57.300000000000004,4.849799541956954e-06,3.2527225226353415e-07,1.212750755753457e-08,1.982500454389141e-09,1.0386293606282379e-05
57.35,4.82562332346781e-06,3.236246931194883e-07,1.206606364839335e-08,1.969043118019916e-09,1.0334442419179504e-05
57.400000000000006,4.80158665440349e-06,3.2198681754839675e-07,1.2004981118936877e-08,1.9556882235176817e-09,1.0282891035482754e-05
57.45,4.777688621103678e-06,3.203585608507051e-07,1.1944257552047328e-08,1.9424349070850367e-09,1.0231637488455371e-05
57.5,4.753928316587042e-06,3.1873985881062326e-07,1.188389054870622e-08,1.929282312912544e-09,1.018067982577022e-05
57.550000000000004,4.73030484049741e-06,3.1713064769212735e-07,1.1823877727844765e-08,1.916229593098409e-09,1.0130016109393355e-05
57.6,4.7068172990504075e-06,3.155308642349987e-07,1.1764216726195364e-08,1.903275907569008e-09,1.0079644415468618e-05
57.650000000000006,4.683464804980542e-06,3.139404456508956e-07,1.1704905198144243e-08,1.8904204240002545e-09,1.0029562834203165e-05
57.7,4.660246477488798e-06,3.1235932961946397e-07,1.1645940815585916e-08,1.877662317739838e-09,9.979769469754134e-06
57.75,4.637161442190642e-06,3.107874542844804e-07,1.1587321267778453e-08,1.8650007717303113e-09,9.930262440116183e-06
57.800000000000004,4.614208831064516e-06,3.092247582500313e-07,1.1529044261200267e-08,1.8524349764330093e-09,9.881039877010093e-06
57.85,4.591387782400788e-06,3.0767118057672726e-07,1.1471107519408316e-08,1.8399641297527775e-09,9.832099925772364e-06
57.900000000000006,4.568697440751107e-06,3.0612666077794906e-07,1.1413508782897494e-08,1.827587436963526e-09,9.783440745245689e-06
57.95,4.5461369568782616e-06,3.045911388161303e-07,1.1356245808961137e-08,1.8153041106345973e-09,9.735060507670513e-06
58.0,4.52370548770642e-06,3.0306455509907085e-07,1.129931637155299e-08,1.8031133705578915e-09,9.686957398577436e-06
58.050000000000004,4.501402196271841e-06,3.0154685047628526e-07,1.1242718261150385e-08,1.7910144436758216e-09,9.63912961668061e-06
58.1,4.479226251674017e-06,3.0003796623538364e-07,1.118644928461848e-08,1.7790065640100376e-09,9.591575373772099e-06
58.150000000000006,4.457176829027206e-06,2.985378440984835e-07,1.113050726507599e-08,1.7670889725908766e-09,9.544292894617077e-06
58.2,4.43525310941244e-06,2.970464262186564e-07,1.1074890041761862e-08,1.7552609173876265e-09,9.497280416850045e-06
58.25,4.413454279829904e-06,2.9556365517640367e-07,1.1019595469903325e-08,1.743521653239521e-09,9.450536190871858e-06
58.300000000000004,4.391779533151754e-06,2.940894739761655e-07,1.0964621420585075e-08,1.7318704417874563e-09,9.404058479747732e-06
58.35,4.370228068075353e-06,2.92623826042861e-07,1.090996578061954e-08,1.7203065514064595e-09,9.357845559106105e-06
58.400000000000006,4.348799089076882e-06,2.9116665521845787e-07,1.0855626452418463e-08,1.708829257138881e-09,9.311895717038351e-06
58.45,4.327491806365399e-06,2.897179057585749e-07,1.080160135386555e-08,1.697437840628299e-09,9.266207253999448e-06
58.5,4.306305435837247e-06,2.8827752232911237e-07,1.0747888418189863e-08,1.6861315900541296e-09,9.220778482709423e-06
58.550000000000004,4.285239199030897e-06,2.868454500029141e-07,1.0694485593841777e-08,1.6749098000669449e-09,9.17560772805571e-06
58.6,4.264292323082174e-06,2.854216342564594e-07,1.064139084436844e-08,1.6637717717244678e-09,9.13069332699635e-06
58.650000000000006,4.243464040679847e-06,2.8400602096658284e-07,1.0588602148290101e-08,1.6527168124282767e-09,9.086033628464011e-06
58.7,4.222753590021644e-06,2.8259855640722534e-07,1.0536117498979382e-08,1.6417442358611673e-09,9.041626993270864e-06
58.75,4.202160214770607e-06,2.811991872462115e-07,1.048393490454032e-08,1.630853361925159e-09,8.997471794014269e-06
58.800000000000004,4.1816831640118505e-06,2.798078605420579e-07,1.043205238768877e-08,1.6200435166802145e-09,8.953566414983276e-06
58.85,4.1613216922096955e-06,2.784245237408097e-07,1.0380467985633724e-08,1.6093140322835928e-09,8.90990925206598e-06
58.900000000000006,4.1410750591651455e-06,2.7704912467290246e-07,1.032917974995993e-08,1.5986642469298115e-09,8.866498712657596e-06
58.95,4.12094252997377e-06,2.756816115500558e-07,1.0278185746511432e-08,1.5880935047912902e-09,8.823333215569422e-06
59.0,4.100923374983909e-06,2.7432193296219047e-07,1.0227484055276148e-08,1.577601155959604e-09,8.780411190938507e-06
59.050000000000004,4.081016869755268e-06,2.729700378743763e-07,1.0177072770271639e-08,1.5671865563873975e-09,8.737731080138156e-06
59.1,4.061222295017868e-06,2.716258756238056e-07,1.0126949999431456e-08,1.5568490678308663e-09,8.695291335689194e-06
59.150000000000006,4.04153893663132e-06,2.7028939591679145e-07,1.007711386449284e-08,1.5465880577928257e-09,8.653090421171964e-06
59.2,4.021966085544493e-06,2.689605488257963e-07,1.0027562500885449e-08,1.5364028994664764e-09,8.611126811139148e-06
59.25,4.002503037755486e-06,2.676392847864834e-07,9.978294057620868e-09,1.5262929716796958e-09,8.569398991029259e-06
59.300000000000004,3.983149094271968e-06,2.66325554594796e-07,9.929306697183304e-09,1.5162576588399278e-09,8.527905457080936e-06
59.35,3.96390356107187e-06,2.6501930940406225e-07,9.880598595420925e-09,1.5062963508796745e-09,8.486644716247983e-06
59.400000000000006,3.944765749064368e-06,2.63720500722124e-07,9.832167941438437e-09,1.4964084432025394e-09,8.445615286115077e-06
59.45,3.925734974051258e-06,2.624290804084936e-07,9.784012937490682e-09,1.48659333662986e-09,8.404815694814263e-06
59.5,3.906810556688612e-06,2.611450006715322e-07,9.736131798876901e-09,1.476850437347888e-09,8.364244480942128e-06
59.550000000000004,3.887991822448791e-06,2.598682140656559e-07,9.688522753835945e-09,1.4671791568555265e-09,8.3239001934777e-06
59.6,3.869278101582786e-06,2.585986734885652e-07,9.641184043442632e-09,1.4575789119126338e-09,8.283781391701064e-06
59.650000000000006,3.850668729082846e-06,2.573363321784977e-07,9.594113921505002e-09,1.4480491244888525e-09,8.243886645112631e-06
59.7,3.832163044645474e-06,2.560811437115073e-07,9.547310654462097e-09,1.438589221712993e-09,8.204214533353166e-06
59.75,3.8137603926346925e-06,2.548330619987645e-07,9.500772521283058e-09,1.4291986358229132e-09,8.164763646124417e-06
59.800000000000004,3.795460122045651e-06,2.53592041283882e-07,9.454497813367003e-09,1.4198768041159718e-09,8.125532583110496e-06
59.85,3.7772615864685448e-06,2.523580361402639e-07,9.408484834443584e-09,1.4106231688999897e-09,8.086519953899906e-06
59.900000000000006,3.759164144052811e-06,2.511310014684761e-07,9.362731900474611e-09,1.401437177444674e-09,8.047724377908191e-06
59.95,3.741167157471672e-06,2.499108924936426e-07,9.317237339556592e-09,1.392318281933629e-09,8.009144484301345e-06
60.0,3.723269993886939e-06,2.486976647628612e-07,9.271999491823818e-09,1.3832659394168106e-09,7.970778911919748e-06
60.050000000000004,3.7054720249141413e-06,2.4749127414264423e-07,9.227016709352603e-09,1.374279611763499e-09,7.932626309202857e-06
60.1,3.6877726265879502e-06,2.462916768163809e-07,9.182287356066366e-09,1.365358765615777e-09,7.894685334114489e-06
60.150000000000006,3.6701711793278735e-06,2.450988292818207e-07,9.1378098076412e-09,1.3565028723424506e-09,7.856954654068727e-06
60.2,3.6526670679042757e-06,2.4391268834858056e-07,9.09358245141258e-09,1.3477114079934966e-09,7.819432945856499e-06
60.25,3.6352596814046496e-06,2.4273321113567134e-07,9.049603686282845e-09,1.3389838532549558e-09,7.782118895572737e-06
60.300000000000004,3.6179484132001987e-06,2.415603550690478e-07,9.00587192262932e-09,1.3303196934043128e-09,7.745011198544177e-06
60.35,3.6007326609127013e-06,2.403940778791794e-07,8.962385582213455e-09,1.3217184182663319e-09,7.708108559257786e-06
60.400000000000006,3.5836118263816305e-06,2.392343375986407e-07,8.919143098090569e-09,1.3131795221693303e-09,7.671409691289738e-06
60.45,3.5665853156315893e-06,2.3808109255972505e-07,8.876142914520446e-09,1.3047025039019491e-09,7.634913317235082e-06
60.5,3.549652538839982e-06,2.3693430139207633e-07,8.833383486878785e-09,1.2962868666703586e-09,7.598618168637896e-06
60.550000000000004,3.532812910304984e-06,2.3579392302034304e-07,8.79086328156923e-09,1.287932118055883e-09,7.562522985922128e-06
60.6,3.5160658484137822e-06,2.3465991666185256e-07,8.748580775936355e-09,1.2796377699730779e-09,7.52662651832298e-06
60.650000000000006,3.4994107756110573e-06,2.3353224182430388e-07,8.706534458179324e-09,1.271403338628254e-09,7.490927523818851e-06
60.7,3.4828471183677673e-06,2.3241085830348255e-07,8.664722827266251e-09,1.2632283444784187e-09,7.455424769063903e-06
60.75,3.466374307150159e-06,2.312957261809931e-07,8.623144392849346e-09,1.2551123121906466e-09,7.420117029321147e-06
60.800000000000004,3.449991776389063e-06,2.3018680582201247e-07,8.581797675180853e-09,1.2470547706018588e-09,7.385003088396122e-06
60.85,3.433698964449445e-06,2.290840578730627e-07,8.540681205029554e-09,1.2390552526790293e-09,7.350081738571149e-06
60.900000000000006,3.417495313600193e-06,2.2798744325980145e-07,8.49979352359809e-09,1.2311132954798016e-09,7.315351780540064e-06
60.95,3.401380269984188e-06,2.268969231848337e-07,8.45913318244109e-09,1.2232284401135074e-09,7.2808120233436065e-06
61.0,3.3853532835885946e-06,2.258124591255397e-07,8.418698743383887e-09,1.215400231702578e-09,7.246461284305251e-06
61.050000000000004,3.369413808215422e-06,2.2473401283192365e-07,8.378488778441909e-09,1.2076282193443674e-09,7.212298388967641e-06
61.1,3.353561301452331e-06,2.2366154632448038e-07,8.338501869740836e-09,1.1999119560733634e-09,7.178322171029544e-06
61.150000000000006,3.3377952246436617e-06,2.2259502189207875e-07,8.298736609437294e-09,1.1922509988237889e-09,7.144531472283298e-06
61.2,3.32211504286174e-06,2.215344020898659e-07,8.259191599640459e-09,1.184644908392585e-09,7.110925142552848e-06
61.25,3.3065202248783873e-06,2.2047964973718661e-07,8.21986545233415e-09,1.177093249402752e-09,7.077502039632233e-06
61.300000000000004,3.291010243136691e-06,2.1943072791552265e-07,8.180756789299902e-09,1.1695955902670898e-09,7.044261029224629e-06
61.35,3.275584573723011e-06,2.183875999664488e-07,8.141864242040327e-09,1.162151503152327e-09,7.011200984881915e-06
61.400000000000006,3.260242696339197e-06,2.1735022948960562e-07,8.103186451703008e-09,1.1547605639435958e-09,6.978320787944673e-06
61.45,3.2449840942750692e-06,2.1631858034069135e-07,8.06472206900549e-09,1.1474223522092566e-09,6.945619327482788e-06
61.5,3.2298082543810975e-06,2.1529261662946904e-07,8.02646975416068e-09,1.1401364511660915e-09,6.913095500236451e-06
61.550000000000004,3.2147146670413266e-06,2.142723027177916e-07,7.988428176803092e-09,1.1329024476448756e-09,6.880748210557712e-06
61.6,3.1997028261465286e-06,2.1325760321764404e-07,7.950596015915375e-09,1.1257199320562711e-09,6.8485763703525135e-06
61.650000000000006,3.184772229067556e-06,2.122484829892012e-07,7.912971959755731e-09,1.1185884983570689e-09,6.816578899023168e-06
61.7,3.169922376628947e-06,2.1124490713890347e-07,7.875554705785689e-09,1.111507744016809e-09,6.784754723411373e-06
61.75,3.155152773082721e-06,2.10246841017547e-07,7.83834296059881e-09,1.1044772699847043e-09,6.753102777741642e-06
61.800000000000004,3.140462926082407e-06,2.0925425021839168e-07,7.801335439849973e-09,1.0974966806569103e-09,6.721622003565237e-06
61.85,3.125852346657293e-06,2.0826710057528502e-07,7.764530868184868e-09,1.0905655838441315e-09,6.6903113497045905e-06
61.900000000000006,3.1113205491868636e-06,2.0728535816080076e-07,7.727927979170557e-09,1.0836835907395694e-09,6.659169772198108e-06
61.95,3.0968670513754803e-06,2.0630898928439484e-07,7.691525515226365e-09,1.076850315887156e-09,6.628196234245527e-06
62.0,3.0824913742272424e-06,2.0533796049057525e-07,7.655322227555358e-09,1.0700653771501412e-09,6.597389706153647e-06
62.050000000000004,3.0681930420210743e-06,2.043722385570889e-07,7.619316876076622e-09,1.0633283956800162e-09,6.56674916528256e-06
62.1,3.053971582286019e-06,2.034117904931234e-07,7.583508229357838e-09,1.056638995885707e-09,6.536273595992315e-06
62.150000000000006,3.039826525776713e-06,2.024565835375228e-07,7.547895064548571e-09,1.0499968054030998e-09,6.505961989589988e-06
62.2,3.0257574064490983e-06,2.0150658515702065e-07,7.512476167314136e-09,1.0434014550648833e-09,6.475813344277256e-06
62.25,3.0117637614362985e-06,2.0056176304448567e-07,7.47725033176993e-09,1.0368525788706841e-09,6.445826665098332e-06
62.300000000000004,2.9978451310247175e-06,1.9962208511718365e-07,7.442216360416413e-09,1.0303498139575078e-09,6.41600096388838e-06
62.35,2.9840010586303335e-06,1.9868751951505388e-07,7.407373064074591e-09,1.0238928005704717e-09,6.386335259222346e-06
62.400000000000006,2.970231090775167e-06,1.977580345989989e-07,7.372719261822023e-09,1.0174811820338396e-09,6.3568285763641794e-06
62.45,2.9565347770639737e-06,1.9683359894919047e-07,7.3382537809294345e-09,1.0111146047223572e-09,6.3274799472165204e-06
62.5,2.942911670161097e-06,1.9591418136338802e-07,7.303975456797795e-09,1.0047927180328534e-09,6.298288410270763e-06
62.550000000000004,2.929361325767532e-06,1.9499975085527228e-07,7.2698831328960026e-09,9.98515174356131e-10,6.269253010557538e-06
62.6,2.915883302598175e-06,1.940902766527928e-07,7.235975660698934e-09,9.922816290491824e-10,6.24037279959763e-06
62.650000000000006,2.9024771623592425e-06,1.931857281965284e-07,7.202251899626215e-09,9.860917404076238e-10,6.21164683535324e-06
62.7,2.8891424697259015e-06,1.922860751380633e-07,7.168710716981357e-09,9.799451696384215e-10,6.183074182179723e-06
62.75,2.875878792320056e-06,1.913912873383743e-07,7.135350987891657e-09,9.738415808329182e-10,6.154653910777641e-06
62.800000000000004,2.8626857006883336e-06,1.9050133486623327e-07,7.10217159524824e-09,9.677806409401157e-10,6.1263850981452715e-06
62.85,2.8495627682802496e-06,1.8961618799662305e-07,7.0691714296465795e-09,9.617620197402238e-10,6.098266827531479e-06
62.900000000000006,2.836509571426535e-06,1.8873581720916494e-07,7.036349389327918e-09,9.557853898184612e-10,6.070298188388966e-06
62.95,2.8235256893176637e-06,1.8786019318656113e-07,7.003704380121071e-09,9.498504265391332e-10,6.042478276327927e-06
63.0,2.810610703982533e-06,1.869892868130492e-07,6.9712353153845045e-09,9.439568080199782e-10,6.0148061930700525e-06
63.050000000000004,2.7977642002673307e-06,1.861230691728697e-07,6.938941115948839e-09,9.381042151067482e-10,5.987281046402938e-06
63.1,2.7849857658145767e-06,1.852615115487463e-07,6.906820710060166e-09,9.322923313480386e-10,5.959901950134855e-06
63.150000000000006,2.772274991042317e-06,1.8440458542037855e-07,6.8748730333236406e-09,9.265208429703976e-10,5.932668024049861e-06
63.2,2.759631469123514e-06,1.8355226246294816e-07,6.843097028647587e-09,9.207894388536605e-10,5.9055783938633406e-06
63.25,2.7470547959655756e-06,1.8270451454563605e-07,6.811491646187995e-09,9.1509781050655e-10,5.878632191177838e-06
63.300000000000004,2.73454457019007e-06,1.8186131373015276e-07,6.780055843293565e-09,9.094456520424954e-10,5.8518285534392875e-06
63.35,2.7221003931126043e-06,1.8102263226928152e-07,6.748788584451284e-09,9.038326601557077e-10,5.825166623893608e-06
63.400000000000006,2.7097218687228497e-06,1.8018844260543185e-07,6.717688841232109e-09,8.982585340974466e-10,5.798645551543612e-06
63.45,2.6974086036647516e-06,1.793587173692067e-07,6.686755592237433e-09,8.927229756526051e-10,5.7722644911063075e-06
63.5,2.6851602072168776e-06,1.7853342937798014e-07,6.655987823046035e-09,8.872256891165129e-10,5.746022602970507e-06
63.550000000000004,2.6729762912729396e-06,1.777125516344879e-07,6.6253845261612635e-09,8.817663812718869e-10,5.7199190531548084e-06
63.6,2.6608564703224736e-06,1.7689605732542942e-07,6.594944700958735e-09,8.763447613660882e-10,5.69395301326592e-06
63.650000000000006,2.648800361431659e-06,1.7608391982008036e-07,6.564667353634374e-09,8.709605410885578e-10,5.668123660457279e-06
63.7,2.636807584224317e-06,1.752761126689182e-07,6.534551497153102e-09,8.656134345485253e-10,5.642430177388067e-06
63.75,2.624877760863039e-06,1.7447260960225738e-07,6.504596151197687e-09,8.603031582529011e-10,5.6168717521825055e-06
63.800000000000004,2.6130105160304824e-06,1.736733845288974e-07,6.474800342118212e-09,8.550294310843825e-10,5.591447578389502e-06
63.85,2.6012054769108155e-06,1.7287841153478153e-07,6.445163102881964e-09,8.497919742798108e-10,5.566156854942637e-06
63.900000000000006,2.5894622731712995e-06,1.7208766488166555e-07,6.415683473023605e-09,8.445905114087026e-10,5.54099878612043e-06
63.95,2.5777805369440396e-06,1.7130111900579883e-07,6.386360498595785e-09,8.394247683520117e-10,5.51597258150698e-06
64.0,2.5661599028078603e-06,1.7051874851661504e-07,6.3571932321202105e-09,8.34294473281099e-10,5.491077455952877e-06
64.05,2.554600007770342e-06,1.6974052819543482e-07,6.328180732539161e-09,8.291993566369153e-10,5.4663126295364535e-06
64.10000000000001,2.5431004912499933e-06,1.6896643299417815e-07,6.2993220651672465e-09,8.241391511093736e-10,5.441677327525333e-06
64.15,2.531660995058582e-06,1.681964380340884e-07,6.270616301643716e-09,8.191135916169402e-10,5.417170780338329e-06
64.2,2.520281163383576e-06,1.6743051860446485e-07,6.242062519885086e-09,8.141224152864018e-10,5.392792223507571e-06
64.25,2.5089606427707583e-06,1.666686501614076e-07,6.213659804038164e-09,8.091653614328588e-10,5.368540897641005e-06
64.3,2.497699082106962e-06,1.6591080832657173e-07,6.185407244433522e-09,8.042421715399043e-10,5.3444160483851745e-06
64.35000000000001,2.4864961326029483e-06,1.651569688859319e-07,6.157303937539153e-09,7.99352589239985e-10,5.320416926388279e-06
64.4,2.4753514477764313e-06,1.644071077885577e-07,6.129348985914697e-09,7.944963602949736e-10,5.296542787263577e-06
64.45,2.4642646834352125e-06,1.6366120114539708e-07,6.10154149816611e-09,7.896732325769141e-10,5.272792891553013e-06
64.5,2.4532354976604773e-06,1.6291922522807193e-07,6.073880588900506e-09,7.848829560489711e-10,5.249166504691193e-06
64.55,2.442263550790212e-06,1.621811564676822e-07,6.046365378681427e-09,7.80125282746549e-10,5.22566289696963e-06
64.60000000000001,2.43134850540275e-06,1.6144697145361998e-07,6.018994993984434e-09,7.75399966758611e-10,5.202281343501261e-06
64.65,2.420490026300469e-06,1.6071664693239418e-07,5.991768567153034e-09,7.707067642091582e-10,5.179021124185287e-06
64.7,2.4096877804935806e-06,1.5999015980646236e-07,5.964685236355594e-09,7.660454332389421e-10,5.155881523672231e-06
64.75,2.398941437184088e-06,1.5926748713307476e-07,5.937744145541702e-09,7.614157339872871e-10,5.132861831329333e-06
64.8,2.3882506677498477e-06,1.585486061231269e-07,5.910944444398901e-09,7.568174285740882e-10,5.109961341206192e-06
64.85000000000001,2.377615145728763e-06,1.578334941400201e-07,5.884285288310572e-09,7.522502810820647e-10,5.08717935200068e-06
64.9,2.367034546803118e-06,1.5712212869853366e-07,5.857765838313605e-09,7.4771405753912e-10,5.0645151670251645e-06
64.95,2.3565085487840017e-06,1.5641448746370361e-07,5.831385261056519e-09,7.432085259008862e-10,5.041968094172929e-06
65.0,2.346036831595892e-06,1.5571054824971266e-07,5.805142728757924e-09,7.387334560334384e-10,5.019537445884925e-06
65.05,2.33561907726134e-06,1.5501028901878806e-07,5.779037419165293e-09,7.342886196961731e-10,4.997222539116764e-06
65.10000000000001,2.3252549698857813e-06,1.5431368788010833e-07,5.7530685155140336e-09,7.298737905248851e-10,4.975022695305957e-06
65.15,2.3149441956424795e-06,1.5362072308871995e-07,5.727235206487141e-09,7.254887440149627e-10,4.952937240339463e-06
65.2,2.3046864427575595e-06,1.5293137304446096e-07,5.701536686174823e-09,7.211332575047423e-10,4.930965504521419e-06
65.25,2.2944814014951886e-06,1.5224561629089487e-07,5.675972154034611e-09,7.168071101590738e-10,4.90910682254119e-06
65.3,2.2843287641428606e-06,1.5156343151425236e-07,5.6505408148518696e-09,7.125100829530034e-10,4.887360533441648e-06
65.35000000000001,2.2742282249967956e-06,1.5088479754238171e-07,5.625241878700525e-09,7.082419586556428e-10,4.86572598058769e-06
65.4,2.26417948034747e-06,1.5020969334370846e-07,5.600074560904161e-09,7.040025218141603e-10,4.844202511635049e-06
65.45,2.2541822284652293e-06,1.4953809802620136e-07,5.5750380819973016e-09,6.997915587379335e-10,4.8227894784992835e-06
65.5,2.2442361695860484e-06,1.4886999083634868e-07,5.550131667687294e-09,6.956088574828911e-10,4.801486237325066e-06
65.55,2.234341005897382e-06,1.4820535115814203e-07,5.525354548816204e-09,6.914542078359599e-10,4.780292148455697e-06
65.60000000000001,2.224496441524134e-06,1.4754415851206835e-07,5.500705961323054e-09,6.87327401299683e-10,4.759206576402849e-06
65.65,2.2147021825147455e-06,1.4688639255411043e-07,5.476185146206585e-09,6.832282310769956e-10,4.738228889816586e-06
65.7,2.2049579368273678e-06,1.4623203307475404e-07,5.4517913494880996e-09,6.791564920561181e-10,4.717358461455557e-06
65.75,2.195263414316169e-06,1.4558105999800473e-07,5.427523822174706e-09,6.751119807956104e-10,4.69659466815747e-06
65.8,2.1856183267177373e-06,1.4493345338041162e-07,5.4033818202228e-09,6.71094495509575e-10,4.675936890809801e-06
65.85000000000001,2.1760223876375875e-06,1.4428919341009898e-07,5.379364604501869e-09,6.67103836052996e-10,4.655384514320695e-06
65.9,2.16647531253679e-06,1.4364826040580653e-07,5.355471440758623e-09,6.631398039072268e-10,4.634936927590153e-06
65.95,2.1569768187186742e-06,1.430106348159354e-07,5.3317015995812615e-09,6.592022021655843e-10,4.614593523481376e-06
66.0,2.147526625315667e-06,1.4237629721760387e-07,5.308054356364257e-09,6.552908355191181e-10,4.594353698792385e-06
66.05,2.1381244532762157e-06,1.4174522831570939e-07,5.284528991273355e-09,6.514055102425119e-10,4.574216854227852e-06
66.10000000000001,2.1287700253518184e-06,1.4111740894199847e-07,5.261124789210603e-09,6.475460341800945e-10,4.554182394371135e-06
66.15,2.1194630660841644e-06,1.4049282005414435e-07,5.2378410397800215e-09,6.43712216732005e-10,4.534249727656569e-06
66.2,2.110203301792352e-06,1.3987144273483066e-07,5.214677037253333e-09,6.399038688404832e-10,4.514418266341915e-06
66.25,2.1009904605602297e-06,1.3925325819084435e-07,5.191632080535937e-09,6.36120802976291e-10,4.494687426481078e-06
66.3,2.0918242722238246e-06,1.3863824775217428e-07,5.168705473133348e-09,6.323628331252684e-10,4.475056627897016e-06
66.35000000000001,2.082704468358868e-06,1.380263928711174e-07,5.145896523117764e-09,6.286297747750058e-10,4.455525294154856e-06
66.4,2.073630782268432e-06,1.3741767512139288e-07,5.1232045430948746e-09,6.249214449016527e-10,4.436092852535249e-06
66.45,2.0646029489706343e-06,1.368120761972616e-07,5.100628850171003e-09,6.212376619568522e-10,4.416758734007875e-06
66.5,2.055620705186467e-06,1.3620957791265418e-07,5.078168765920602e-09,6.175782458547905e-10,4.397522373205212e-06
66.55,2.0466837893277054e-06,1.3561016220030515e-07,5.055823616353688e-09,6.139430179593667e-10,4.3783832083964855e-06
66.60000000000001,2.0377919414849104e-06,1.3501381111089395e-07,5.033592731883628e-09,6.103318010715058e-10,4.3593406814618045e-06
66.65,2.028944903415539e-06,1.3442050681219373e-07,5.011475447296058e-09,6.067444194165839e-10,4.340394237866557e-06
66.7,2.020142418532118e-06,1.3383023158822496e-07,4.989471101716648e-09,6.031806986319386e-10,4.321543326635911e-06
66.75,2.011384231890538e-06,1.3324296783841763e-07,4.967579038579467e-09,5.996404657545559e-10,4.302787400329597e-06
66.8,2.0026700901784233e-06,1.32658698076779e-07,4.945798605596465e-09,5.961235492088338e-10,4.28412591501685e-06
66.85000000000001,1.993999741703593e-06,1.3207740493106815e-07,4.924129154726368e-09,5.926297787944561e-10,4.265558330251542e-06
66.9,1.985372936382624e-06,1.3149907114197786e-07,4.90257004214418e-09,5.891589856744095e-10,4.247084109047538e-06
66.95,1.9767894257294744e-06,1.3092367956232113e-07,4.881120628210808e-09,5.857110023630903e-10,4.228702717854191e-06
67.0,1.968248962844225e-06,1.3035121315622594e-07,4.859780277442907e-09,5.822856627145464e-10,4.210413626532075e-06
67.05,1.9597513024018896e-06,1.2978165499833527e-07,4.838548358482918e-09,5.788828019108021e-10,4.192216308328881e-06
67.10000000000001,1.9512962006413166e-06,1.292149882730136e-07,4.817424244069549e-09,5.755022564503078e-10,4.1741102398555015e-06
67.15,1.942883415354184e-06,1.2865119627356046e-07,4.796407311008293e-09,5.721438641365075e-10,4.156094901062325e-06
67.2,1.9345127058740585e-06,1.2809026240142871e-07,4.775496940142176e-09,5.688074640664911e-10,4.138169775215658e-06
67.25,1.9261838330655603e-06,1.2753217016545025e-07,4.75469251632292e-09,5.654928966197697e-10,4.120334348874385e-06
67.3,1.917896559313601e-06,1.2697690318106706e-07,4.733993428382181e-09,5.62200003447151e-10,4.102588111866784e-06
67.35000000000001,1.9096506485127034e-06,1.2642444516956845e-07,4.713399069102982e-09,5.589286274597214e-10,4.084930557267508e-06
67.4,1.9014458660564142e-06,1.2587477995733498e-07,4.6929088351915034e-09,5.556786128179328e-10,4.067361181374789e-06
67.45,1.8932819788267774e-06,1.253278914750868e-07,4.672522127248938e-09,5.524498049207782e-10,4.049879483687752e-06
67.5,1.8851587551839086e-06,1.247837637571392e-07,4.652238349743733e-09,5.492420503950849e-10,4.032484966883954e-06
67.55,1.8770759649556396e-06,1.2424238094066348e-07,4.632056910983981e-09,5.460551970849081e-10,4.015177136797084e-06
67.60000000000001,1.8690333794272414e-06,1.2370372726495354e-07,4.611977223089954e-09,5.428890940410033e-10,3.997955502394816e-06
67.65,1.8610307713312377e-06,1.2316778707069896e-07,4.59199870196698e-09,5.397435915104234e-10,3.98081957575687e-06
67.7,1.853067914837274e-06,1.2263454479926193e-07,4.5721207672784025e-09,5.366185409261985e-10,3.963768872053186e-06
67.75,1.8451445855420858e-06,1.2210398499196186e-07,4.552342842418809e-09,5.335137948970996e-10,3.946802909522316e-06
67.8,1.8372605604595328e-06,1.2157609228936442e-07,4.53266435448755e-09,5.304292071975324e-10,3.9299212094499545e-06
67.85000000000001,1.8294156180107094e-06,1.2105085143057626e-07,4.513084734262329e-09,5.273646327574931e-10,3.913123296147641e-06
67.9,1.8216095380141416e-06,1.2052824725254605e-07,4.493603416173034e-09,5.243199276526258e-10,3.896408696931637e-06
67.95,1.8138421016760357e-06,1.2000826468936928e-07,4.474219838275882e-09,5.21294949094385e-10,3.879776942101928e-06
68.0,1.8061130915806253e-06,1.1949088877160004e-07,4.4549334422276045e-09,5.182895554202741e-10,3.863227564921427e-06
68.05,1.7984222916805788e-06,1.1897610462556742e-07,4.435743673259939e-09,5.153036060841868e-10,3.846760101595318e-06
68.10000000000001,1.790769487287481e-06,1.1846389747269734e-07,4.416649980154312e-09,5.1233696164682e-10,3.830374091250546e-06
68.15,1.7831544650623978e-06,1.1795425262884009e-07,4.397651815216631e-09,5.093894837661944e-10,3.814069075915506e-06
68.2,1.7755770130064912e-06,1.1744715550360168e-07,4.378748634252397e-09,5.064610351882625e-10,3.7978446004998205e-06
68.25,1.7680369204517266e-06,1.1694259159968212e-07,4.359939896541897e-09,5.035514797375924e-10,3.781700212774327e-06
68.3,1.7605339780516401e-06,1.1644054651221792e-07,4.341225064815647e-09,5.006606823081346e-10,3.7656354633511964e-06
68.35000000000001,1.753067977772176e-06,1.1594100592812941e-07,4.3226036052301136e-09,4.977885088540944e-10,3.7496499056641955e-06
68.4,1.7456387128826046e-06,1.1544395562547425e-07,4.304074987343482e-09,4.949348263808585e-10,3.7337430959491297e-06
68.45,1.7382459779464873e-06,1.1494938147280446e-07,4.285638684091512e-09,4.92099502936035e-10,3.7179145932243827e-06
68.5,1.7308895688127312e-06,1.1445726942852943e-07,4.267294171763862e-09,4.892824076005761e-10,3.7021639592716525e-06
68.55,1.723569282606701e-06,1.1396760554028346e-07,4.2490409299805355e-09,4.864834104799513e-10,3.6864907586168097e-06
68.60000000000001,1.7162849177213983e-06,1.1348037594429829e-07,4.230878441668321e-09,4.837023826954293e-10,3.670894558510902e-06
68.65,1.7090362738087175e-06,1.1299556686478095e-07,4.21280619303755e-09,4.809391963754271e-10,3.6553749289113243e-06
68.7,1.7018231517707474e-06,1.1251316461329492e-07,4.194823673559008e-09,4.781937246469482e-10,3.6399314424630843e-06
68.75,1.6946453537511593e-06,1.1203315558814768e-07,4.176930375941069e-09,4.754658416270957e-10,3.624563674480259e-06
68.8,1.6875026831266486e-06,1.1155552627378227e-07,4.159125796106919e-09,4.727554224146617e-10,3.6092712029275636e-06
68.85000000000001,1.6803949444984428e-06,1.1108026324017325e-07,4.141409433172006e-09,4.700623430817893e-10,3.594053608402067e-06
68.9,1.6733219436838821e-06,1.1060735314222834e-07,4.123780789421685e-09,4.673864806657329e-10,3.578910474115059e-06
68.95,1.6662834877080437e-06,1.101367827191931e-07,4.106239370288928e-09,4.647277131606609e-10,3.5638413858740154e-06
69.0,1.6592793847954492e-06,1.0966853879406137e-07,4.0887846843324674e-09,4.620859195095455e-10,3.5488459320647434e-06
69.05,1.6523094443618245e-06,1.0920260827298997e-07,4.0714162432147235e-09,4.594609795961596e-10,3.533923703633635e-06
69.10000000000001,1.6453734770059214e-06,1.0873897814471756e-07,4.05413356168014e-09,4.568527742370929e-10,3.5190742940700607e-06
69.15,1.6384712945014104e-06,1.0827763547998852e-07,4.036936157533798e-09,4.54261185173869e-10,3.5042972993889085e-06
69.2,1.631602709788815e-06,1.0781856743098045e-07,4.019823551619894e-09,4.5168609506514874e-10,3.489592318113222e-06
69.25,1.6247675369675262e-06,1.073617612307368e-07,4.002795267800625e-09,4.491273874789826e-10,3.4749589512570013e-06
69.3,1.617965591287866e-06,1.0690720419260339e-07,3.985850832935022e-09,4.4658494688513146e-10,3.4603968023081192e-06
69.35000000000001,1.6111966891432122e-06,1.0645488370966925e-07,3.968989776858122e-09,4.4405865864746513e-10,3.445905477211364e-06
69.4,1.6044606480621894e-06,1.0600478725421237e-07,3.952211632360344e-09,4.415484090164521e-10,3.431484584351623e-06
69.45,1.5977572867009018e-06,1.0555690237714833e-07,3.935515935166808e-09,4.390540851216676e-10,3.4171337345371638e-06
69.5,1.5910864248352414e-06,1.0511121670748453e-07,3.918902223916901e-09,4.365755749644081e-10,3.402852540983072e-06
69.55,1.5844478833532447e-06,1.0466771795177778e-07,3.9023700401441335e-09,4.3411276741038117e-10,3.3886406192947955e-06
69.60000000000001,1.5778414842475063e-06,1.0422639389359617e-07,3.885918928256037e-09,4.316655521824211e-10,3.3744975874518115e-06
69.65,1.5712670506076587e-06,1.0378723239298554e-07,3.869548435514103e-09,4.2923381985330255e-10,3.3604230657914364e-06
69.7,1.5647244066128896e-06,1.0335022138593881e-07,3.853258112013962e-09,4.2681746183861145e-10,3.346416676992716e-06
69.75,1.558213377524533e-06,1.0291534888387059e-07,3.8370475106659515e-09,4.244163703896815e-10,3.332478046060477e-06
69.8,1.5517337896787073e-06,1.0248260297309514e-07,3.820916187175477e-09,4.2203043858658577e-10,3.3186068003094757e-06
69.85000000000001,1.5452854704790067e-06,1.0205197181430833e-07,3.804863700023592e-09,4.196595603311987e-10,3.3048025693486646e-06
69.9,1.5388682483892574e-06,1.0162344364207391e-07,3.788889610447973e-09,4.173036303403295e-10,3.2910649850656007e-06
69.95,1.5324819529263081e-06,1.0119700676431298e-07,3.7729934824237525e-09,4.1496254413890534e-10,3.2773936816109234e-06
70.0,1.5261264146528942e-06,1.0077264956179791e-07,3.757174882644572e-09,4.1263619805321855e-10,3.2637882953829927e-06
70.05,1.519801465170544e-06,1.003503604876498e-07,3.741433380503969e-09,4.1032448920423517e-10,3.250248465012621e-06
70.10000000000001,1.513506937112538e-06,9.993012806683991e-08,3.725768548076668e-09,4.080273155009601e-10,3.2367738313479147e-06
70.15,1.5072426641369302e-06,9.951194089569511e-08,3.7101799601000123e-09,4.057445756338763e-10,3.223364037439254e-06
70.2,1.5010084809196025e-06,9.909578764140605e-08,3.6946671939557354e-09,4.0347616906843037e-10,3.210018728524339e-06
70.25,1.4948042231473882e-06,9.868165704154008e-08,3.679229829651677e-09,4.0122199603857766e-10,3.1967375520133913e-06
70.3,1.4886297275112386e-06,9.826953790355757e-08,3.6638674498037664e-09,3.989819575403919e-10,3.1835201574744416e-06
70.35000000000001,1.482484831699438e-06,9.78594191043315e-08,3.6485796396180707e-09,3.967559553257272e-10,3.1703661966187296e-06
70.4,1.47636937439088e-06,9.74512895896715e-08,3.6333659868729967e-09,3.945438918959327e-10,3.1572753232862245e-06
70.45,1.4702831952483745e-06,9.704513837385026e-08,3.618226081901682e-09,3.9234567049562386e-10,3.1442471934312265e-06
70.5,1.4642261349120222e-06,9.66409545391345e-08,3.6031595175743616e-09,3.9016119510654575e-10,3.1312814651081017e-06
70.55,1.4581980349926287e-06,9.62387272353191e-08,3.5881658892809767e-09,3.879903704414378e-10,3.118377798457106e-06
70.60000000000001,1.4521987380651679e-06,9.583844567926475e-08,3.573244794913996e-09,3.858331019379574e-10,3.1055358556903207e-06
70.65,1.4462280876623011e-06,9.544009915443921e-08,3.5583958348512454e-09,3.836892957527072e-10,3.092755301077699e-06
70.7,1.440285928267928e-06,9.504367701046145e-08,3.5436186119389072e-09,3.815588587552784e-10,3.080035800933188e-06
70.75,1.434372105310801e-06,9.464916866265008e-08,3.5289127314745577e-09,3.7944169852234323e-10,3.0673770236009854e-06
70.8,1.4284864651581793e-06,9.425656359157457e-08,3.5142778011904545e-09,3.7733772333182275e-10,3.05477863944188e-06
70.85000000000001,1.4226288551095272e-06,9.386585134260974e-08,3.499713431236967e-09,3.7524684215709824e-10,3.0422403208196903e-06
70.9,1.4167991233902707e-06,9.347702152549444e-08,3.485219234166056e-09,3.7316896466125367e-10,3.0297617420878294e-06
70.95,1.4109971191455797e-06,9.309006381389219e-08,3.4707948249148348e-09,3.711040011914016e-10,3.0173425795759217e-06
71.0,1.4052226924342146e-06,9.270496794495609e-08,3.4564398207893083e-09,3.690518627730479e-10,3.0049825115765578e-06
71.05,1.3994756942224086e-06,9.232172371889674e-08,3.4421538414482426e-09,3.670124611044938e-10,2.992681218332134e-06
71.10000000000001,1.3937559763777963e-06,9.194032099855339e-08,3.4279365088871977e-09,3.649857085513082e-10,2.9804383820217814e-06
71.15,1.3880633916633921e-06,9.156074970896818e-08,3.4137874474227096e-09,3.62971518140824e-10,2.968253686748411e-06
71.2,1.3823977937316004e-06,9.118299983696329e-08,3.399706283676325e-09,3.609698035567093e-10,2.9561268185258203e-06
71.25,1.3767590371182816e-06,9.080706143072206e-08,3.385692646559006e-09,3.589804791335818e-10,2.944057465265927e-06
71.3,1.3711469772368566e-06,9.043292459937278e-08,3.3717461672555162e-09,3.570034598516568e-10,2.93204531676608e-06
71.35000000000001,1.3655614703724523e-06,9.00605795125752e-08,3.3578664792090964e-09,3.550386613314548e-10,2.9200900646964624e-06
71.4,1.3600023736760995e-06,8.969001640011043e-08,3.344053218106251e-09,3.5308599982854256e-10,2.908191402587603e-06
71.45,1.3544695451589555e-06,8.932122555147382e-08,3.3303060218613747e-09,3.511453922283383e-10,2.8963490258179517e-06
71.5,1.348962843686586e-06,8.895419731547124e-08,3.3166245306016657e-09,3.492167560409565e-10,2.8845626316015636e-06
71.55,1.3434821289732795e-06,8.858892209981781e-08,3.303008386652213e-09,3.473000093961018e-10,2.8728319189758758e-06
71.60000000000001,1.3380272615764053e-06,8.822539037073977e-08,3.28945723452108e-09,3.4539507103799434e-10,2.8611565887895604e-06
71.65,1.3325981028908174e-06,8.786359265257998e-08,3.2759707208846983e-09,3.4350186032034396e-10,2.849536343690486e-06
71.7,1.3271945151432855e-06,8.750351952740484e-08,3.262548494573103e-09,3.4162029720138417e-10,2.837970888113735e-06
71.75,1.3218163613869816e-06,8.714516163461553e-08,3.2491902065553e-09,3.3975030223893833e-10,2.8264599282697384e-06
71.8,1.316463505495999e-06,8.678850967056144e-08,3.235895509924989e-09,3.37891796585529e-10,2.815003172132484e-06
71.85000000000001,1.3111358121599106e-06,8.643355438815663e-08,3.2226640598861754e-09,3.3604470198352975e-10,2.803600329427808e-06
71.9,1.3058331468783738e-06,8.608028659649943e-08,3.2094955137389968e-09,3.3420894076037224e-10,2.7922511116217867e-06
71.95,1.3005553759557616e-06,8.572869716049384e-08,3.1963895308656045e-09,3.3238443582375914e-10,2.7809552319091845e-06
72.0,1.295302366495845e-06,8.537877700047485e-08,3.183345772716147e-09,3.3057111065696195e-10,2.769712405202014e-06
72.05,1.2900739863965082e-06,8.503051709183609e-08,3.170363902794808e-09,3.2876888931415913e-10,2.758522348118163e-06
72.10000000000001,1.2848701043445005e-06,8.468390846465998e-08,3.157443586646071e-09,3.2697769641577376e-10,2.7473847789701075e-06
72.15,1.2796905898102356e-06,8.43389422033512e-08,3.144584491841036e-09,3.251974571438901e-10,2.736299417753719e-06
72.2,1.2745353130426114e-06,8.399560944627203e-08,3.131786287963759e-09,3.234280972376938e-10,2.7252659861371207e-06
72.25,1.2694041450638843e-06,8.365390138538108e-08,3.119048646597745e-09,3.2166954298895987e-10,2.7142842074496597e-06
72.3,1.2642969576645704e-06,8.33138092658744e-08,3.106371241312678e-09,3.199217212375844e-10,2.7033538066709405e-06
72.35000000000001,1.2592136233983862e-06,8.2975324385829e-08,3.093753747651002e-09,3.1818455936711623e-10,2.692474510419935e-06
72.4,1.2541540155772315e-06,8.263843809584968e-08,3.081195843114632e-09,3.164579853003858e-10,2.6816460469441942e-06
72.45,1.249118008266194e-06,8.23031417987176e-08,3.0686972071520975e-09,3.1474192749515577e-10,2.6708681461090987e-06
72.5,1.2441054762786048e-06,8.196942694904187e-08,3.056257521145412e-09,3.13036314939773e-10,2.6601405393872227e-06
72.55,1.2391162951711217e-06,8.163728505291392e-08,3.0438764683970437e-09,3.1134107714889453e-10,2.6494629598477586e-06
72.60000000000001,1.2341503412388486e-06,8.130670766756359e-08,3.0315537341172214e-09,3.0965614415924803e-10,2.6388351421460143e-06
72.65,1.2292074915104966e-06,8.09776864010188e-08,3.0192890054111934e-09,3.0798144652541714e-10,2.6282568225130057e-06
72.7,1.2242876237435653e-06,8.065021291176682e-08,3.0070819712665548e-09,3.063169153156652e-10,2.6177277387450912e-06
72.75,1.2193906164195741e-06,8.032427890841854e-08,2.994932322540719e-09,3.0466248210780535e-10,2.6072476301937135e-06
72.8,1.2145163487393187e-06,7.999987614937486e-08,2.9828397519485186e-09,3.030180789850951e-10,2.596816237755195e-06
72.85000000000001,1.2096647006181635e-06,7.967699644249565e-08,2.9708039540497954e-09,3.0138363853217563e-10,2.5864333038606106e-06
72.9,1.2048355526813737e-06,7.935563164477154e-08,2.958824625237117e-09,2.997590938310418e-10,2.576098572465751e-06
72.95,1.200028786259467e-06,7.903577366199712e-08,2.9469014637236455e-09,2.981443784570415e-10,2.565811789041118e-06
73.0,1.1952442833836121e-06,7.871741444844736e-08,2.9350341695310292e-09,2.965394264749299e-10,2.5555727005620307e-06
73.05,1.190481926781055e-06,7.840054600655606e-08,2.9232224444773796e-09,2.949441724349349e-10,2.545381055498786e-06
73.10000000000001,1.185741599870575e-06,7.808516038659669e-08,2.9114659921653767e-09,2.9335855136886243e-10,2.5352366038068876e-06
73.15,1.181023186757982e-06,7.777124968636584e-08,2.89976451797046e-09,2.917824987862455e-10,2.5251390969173537e-06
73.2,1.176326572231633e-06,7.745880605086818e-08,2.8881177290290634e-09,2.90215950670517e-10,2.515088287727083e-06
73.25,1.171651641757991e-06,7.714782167200452e-08,2.87652533422692e-09,2.886588434752236e-10,2.5050839305892964e-06
73.3,1.1669982814772127e-06,7.683828878826173e-08,2.8649870441875118e-09,2.8711111412026024e-10,2.4951257813040457e-06
73.35000000000001,1.1623663781987648e-06,7.653019968440498e-08,2.8535025712606565e-09,2.8557269998814196e-10,2.48521359710879e-06
73.4,1.1577558193970794e-06,7.622354669117244e-08,2.84207162951101e-09,2.8404353892033304e-10,2.4753471366690477e-06
73.45,1.1531664932072265e-06,7.591832218497157e-08,2.8306939347067696e-09,2.825235692135663e-10,2.4655261600690916e-06
73.5,1.1485982884206309e-06,7.561451858757836e-08,2.8193692043084944e-09,2.8101272961619983e-10,2.4557504288027327e-06
73.55,1.144051094480813e-06,7.53121283658381e-08,2.8080971574578316e-09,2.795109593246467e-10,2.4460197057641654e-06
73.60000000000001,1.1395248014791595e-06,7.50111440313687e-08,2.796877514966509e-09,2.7801819797979275e-10,2.4363337552388684e-06
73.65,1.1350193001507306e-06,7.471155814026646e-08,2.78570999930535e-09,2.765343856634569e-10,2.4266923428945853e-06
73.7,1.1305344818700846e-06,7.441336329281286e-08,2.774594334593307e-09,2.750594628948908e-10,2.4170952357723508e-06
73.75,1.126070238647144e-06,7.411655213318462e-08,2.763530246586637e-09,2.735933706273007e-10,2.407542202277594e-06
73.8,1.121626463123085e-06,7.382111734916526e-08,2.7525174626681647e-09,2.721360502444036e-10,2.3980330121713036e-06
73.85000000000001,1.1172030485662573e-06,7.352705167185882e-08,2.7415557118365787e-09,2.706874435570041e-10,2.3885674365612478e-06
73.9,1.1127998888681361e-06,7.323434787540607e-08,2.730644724695779e-09,2.692474927996085e-10,2.3791452478932735e-06
73.95,1.1084168785392933e-06,7.29429987767016e-08,2.719784233444429e-09,2.6781614062706973e-10,2.3697662199426406e-06
74.0,1.1040539127054076e-06,7.265299723511437e-08,2.708973971865489e-09,2.663933301112585e-10,2.3604301278054424e-06
74.05,1.099710887103298e-06,7.236433615220945e-08,2.698213675315757e-09,2.6497900473775067e-10,2.351136747890073e-06
74.10000000000001,1.095387698076984e-06,7.207700847147175e-08,2.6875030807155776e-09,2.6357310840256266e-10,2.341885857908758e-06
74.15,1.0910842425737804e-06,7.179100717803229e-08,2.676841926538752e-09,2.621755854089168e-10,2.3326772368691563e-06
74.2,1.0868004181404075e-06,7.150632529839558e-08,2.6662299528022635e-09,2.607863804640011e-10,2.3235106650659948e-06
74.25,1.0825361229191408e-06,7.122295590016969e-08,2.655666901056107e-09,2.594054386757958e-10,2.314385924072788e-06
74.3,1.0782912556439812e-06,7.094089209179797e-08,2.6451525143734246e-09,2.5803270554991023e-10,2.3053027967336044e-06
74.35000000000001,1.074065715636853e-06,7.066012702229259e-08,2.634686537340528e-09,2.566681269864358e-10,2.296261067154891e-06
74.4,1.0698594028038345e-06,7.03806538809704e-08,2.624268716046995e-09,2.5531164927684937e-10,2.287260520697365e-06
74.45,1.065672217631402e-06,7.010246589718994e-08,2.6138987980758706e-09,2.539632191009244e-10,2.2783009439679414e-06
74.5,1.0615040611827138e-06,6.982555634009104e-08,2.6035765324939564e-09,2.5262278352367653e-10,2.2693821248117394e-06
74.55,1.057354835093913e-06,6.954991851833591e-08,2.59330166984215e-09,2.512902899923314e-10,2.260503852304136e-06
74.60000000000001,1.0532244415704572e-06,6.927554577985214e-08,2.583073962125854e-09,2.499656863333262e-10,2.25166591674287e-06
74.65,1.0491127833834789e-06,6.900243151157786e-08,2.57289316280546e-09,2.486489207493251e-10,2.24286810964022e-06
74.7,1.0450197638661606e-06,6.87305691392079e-08,2.5627590267868347e-09,2.4733994181626016e-10,2.234110223715208e-06
74.75,1.0409452869101462e-06,6.845995212694263e-08,2.5526713104120376e-09,2.4603869848041934e-10,2.225392052885884e-06
74.8,1.0368892569619723e-06,6.819057397723812e-08,2.5426297714499553e-09,2.447451400555278e-10,2.2167133922616537e-06
74.85000000000001,1.0328515790195238e-06,6.792242823055818e-08,2.5326341690869303e-09,2.4345921621987434e-10,2.208074038135657e-06
74.9,1.0288321586285207e-06,6.765550846512852e-08,2.5226842639177885e-09,2.421808770134637e-10,2.1994737879772145e-06
74.95,1.0248309018790176e-06,6.738980829669157e-08,2.51277981793656e-09,2.409100728351721e-10,2.190912440424303e-06
75.0,1.0208477154019392e-06,6.712532137826432e-08,2.502920594527406e-09,2.3964675443994766e-10,2.1823897952761014e-06
75.05,1.016882506365634e-06,6.686204139989721e-08,2.493106358455767e-09,2.3839087293602965e-10,2.17390565348559e-06
75.10000000000001,1.0129351824724528e-06,6.659996208843476e-08,2.4833368758593216e-09,2.3714237978218667e-10,2.1654598171521865e-06
75.15,1.0090056519553552e-06,6.633907720727832e-08,2.4736119142391213e-09,2.359012267849848e-10,2.1570520895144554e-06
75.2,1.0050938235745306e-06,6.607938055614962e-08,2.463931242450829e-09,2.3466736609606495e-10,2.1486822749428384e-06
75.25,1.001199606614052e-06,6.58208659708569e-08,2.454294630695997e-09,2.334407502094601e-10,2.1403501789324666e-06
75.3,9.97322910878548e-07,6.556352732306227e-08,2.4447018505132964e-09,2.322213319589286e-10,2.1320556080960004e-06
75.35000000000001,9.934636466898992e-07,6.53073585200507e-08,2.435152674769931e-09,2.310090645153046e-10,2.1237983701565314e-06
75.4,9.896217248839613e-07,6.505235350450102e-08,2.4256468776531533e-09,2.2980390138388278e-10,2.1155782739405344e-06
75.45,9.857970568073008e-07,6.479850625425779e-08,2.41618423466172e-09,2.286057964018094e-10,2.1073951293708517e-06
75.5,9.819895543139645e-07,6.454581078210534e-08,2.406764522597419e-09,2.2741470373551117e-10,2.0992487474597475e-06
75.55,9.781991297622656e-07,6.429426113554334e-08,2.3973875195567266e-09,2.2623057787813537e-10,2.0911389403020003e-06
75.60000000000001,9.74425696011592e-07,6.404385139656406e-08,2.3880530049224893e-09,2.250533736470059e-10,2.083065521068039e-06
75.65,9.706691664192422e-07,6.3794575681431e-08,2.3787607593555844e-09,2.238830461811174e-10,2.075028303997144e-06
75.7,9.66929454837273e-07,6.35464281404588e-08,2.3695105647869087e-09,2.2271955093864567e-10,2.067027104390669e-06
75.75,9.632064756093782e-07,6.329940295779532e-08,2.3603022044091006e-09,2.215628436944686e-10,2.059061738605332e-06
75.8,9.595001435677855e-07,6.305349435120476e-08,2.3511354626684225e-09,2.204128805377162e-10,2.051132024046544e-06
75.85000000000001,9.558103740301734e-07,6.280869657185248e-08,2.342010125256823e-09,2.1926961786934e-10,2.0432377791617813e-06
75.9,9.521370827966147e-07,6.256500390409164e-08,2.332925979103839e-09,2.1813301239970448e-10,2.0353788234340184e-06
75.95,9.484801861465315e-07,6.232241066525062e-08,2.3238828123688417e-09,2.1700302114619764e-10,2.027554977375179e-06
76.0,9.448396008356812e-07,6.208091120542249e-08,2.314880414433029e-09,2.158796014308477e-10,2.0197660625196586e-06
76.05,9.412152440931578e-07,6.184049990725584e-08,2.3059185758916724e-09,2.1476271087798518e-10,2.012011901417878e-06
76.10000000000001,9.376070336184139e-07,6.160117118574692e-08,2.296997088546432e-09,2.1365230741190733e-10,2.004292317629886e-06
76.15,9.340148875783093e-07,6.136291948803373e-08,2.2881157453975655e-09,2.1254834925456595e-10,1.996607135719009e-06
76.2,9.30438724604168e-07,6.112573929319071e-08,2.2792743406363273e-09,2.1145079492327998e-10,1.98895618124553e-06
76.25,9.268784637888674e-07,6.088962511202559e-08,2.270472669637349e-09,2.1035960322845017e-10,1.981339280760431e-06
76.3,9.233340246839408e-07,6.065457148687716e-08,2.2617105289511496e-09,2.092747332713226e-10,1.973756261799166e-06
76.35000000000001,9.198053272967012e-07,6.042057299141476e-08,2.2529877162966167e-09,2.0819614444173863e-10,1.9662069528754756e-06
76.4,9.162922920873889e-07,6.01876242304396e-08,2.244304030553557e-09,2.0712379641591758e-10,1.9586911834752595e-06
76.45,9.127948399663295e-07,5.995571983968611e-08,2.2356592717553322e-09,2.0605764915427005e-10,1.9512087840504672e-06
76.5,9.093128922911201e-07,5.972485448562614e-08,2.227053241081572e-09,2.0499766289920248e-10,1.9437595860130507e-06
76.55,9.058463708638315e-07,5.949502286527373e-08,2.218485740850831e-09,2.0394379817296244e-10,1.9363434217289496e-06
76.60000000000001,9.023951979282278e-07,5.926621970599122e-08,2.209956574513362e-09,2.028960157754934e-10,1.9289601245121177e-06
76.65,8.989592961670117e-07,5.90384397652973e-08,2.201465546644032e-09,2.0185427678231006e-10,1.9216095286186e-06
76.7,8.955385886990773e-07,5.881167783067566e-08,2.193012462935052e-09,2.0081854254238608e-10,1.9142914692406305e-06
76.75,8.921329990767923e-07,5.8585928719385475e-08,2.1845971301890165e-09,1.997887746760607e-10,1.90700578250079e-06
76.80000000000001,8.887424512832927e-07,5.836118727827283e-08,2.176219356311845e-09,1.9876493507297135e-10,1.8997523054461925e-06
76.85000000000001,8.853668697298021e-07,5.813744838358401e-08,2.1678789503057663e-09,1.9774698588999255e-10,1.8925308760427236e-06
76.9,8.82006179252959e-07,5.7914706940779455e-08,2.159575722262421e-09,1.9673488954919245e-10,1.885341333169297e-06
76.95,8.786603051121727e-07,5.769295788434933e-08,2.1513094833559593e-09,1.957286087358113e-10,1.878183516612171e-06
77.0,8.753291729869919e-07,5.747219617763029e-08,2.1430800458362036e-09,1.9472810639625473e-10,1.871057267059294e-06
77.05000000000001,8.720127089744909e-07,5.7252416812623725e-08,2.1348872230218974e-09,1.9373334573611056e-10,1.8639624260946897e-06
77.10000000000001,8.687108395866797e-07,5.7033614809815076e-08,2.1267308292939368e-09,1.9274429021816259e-10,1.8568988361928865e-06
77.15,8.654234917479208e-07,5.681578521799411e-08,2.1186106800886466e-09,1.9176090356044e-10,1.8498663407133698e-06
77.2,8.621505927923738e-07,5.6598923114077016e-08,2.1105265918911475e-09,1.9078314973428147e-10,1.8428647838950898e-06
77.25,8.588920704614525e-07,5.638302360292933e-08,2.102478382228848e-09,1.898109929623993e-10,1.8358940108509957e-06
77.30000000000001,8.55647852901299e-07,5.61680818171902e-08,2.09446586966477e-09,1.888443977169743e-10,1.82895386756261e-06
77.35000000000001,8.5241786866028e-07,5.595409291709802e-08,2.0864888737910027e-09,1.8788332871776425e-10,1.8220442008746444e-06
77.4,8.492020466864905e-07,5.5741052090316806e-08,2.0785472152223384e-09,1.8692775093022292e-10,1.8151648584896407e-06
77.45,8.460003163252844e-07,5.552895455176432e-08,2.0706407155898813e-09,1.8597762956363232e-10,1.808315688962659e-06
77.5,8.428126073168158e-07,5.531779554344101e-08,2.0627691975346114e-09,1.850329300692628e-10,1.8014965416959984e-06
77.55000000000001,8.396388497935984e-07,5.510757033426028e-08,2.05493248470101e-09,1.8409361813854023e-10,1.7947072669339506e-06
77.60000000000001,8.364789742780849e-07,5.4898274219880026e-08,2.0471304017307326e-09,1.831596597012259e-10,1.7879477157575984e-06
77.65,8.333329116802546e-07,5.468990252253489e-08,2.039362774256445e-09,1.8223102092361105e-10,1.7812177400796336e-06
77.7,8.302005932952259e-07,5.448245059087011e-08,2.0316294288957326e-09,1.81307668206729e-10,1.7745171926392238e-06
77.75,8.270819508008802e-07,5.427591379977648e-08,2.0239301932447205e-09,1.8038956818459057e-10,1.7678459269969103e-06
77.80000000000001,8.239769162555023e-07,5.4070287550226113e-08,2.0162648958720785e-09,1.7947668772241609e-10,1.7612037975295354e-06
77.85000000000001,8.208854220954409e-07,5.3865567269109804e-08,2.0086333663128923e-09,1.7856899391489403e-10,1.7545906594252167e-06
77.9,8.178074011327761e-07,5.366174840907502e-08,2.00103543506264e-09,1.7766645408445312e-10,1.7480063686783343e-06
77.95,8.147427865530115e-07,5.3458826448365356e-08,1.9934709335712563e-09,1.7676903577954366e-10,1.7414507820845736e-06
78.0,8.116915119127773e-07,5.3256796890660835e-08,1.9859396942370788e-09,1.7587670677292965e-10,1.734923757235988e-06
78.05000000000001,8.086535111375493e-07,5.305565526491946e-08,1.9784415504010462e-09,1.7498943506000924e-10,1.7284251525160995e-06
78.10000000000001,8.056287185193867e-07,5.2855397125220126e-08,1.970976336340677e-09,1.7410718885714524e-10,1.7219548270950379e-06
78.15,8.026170687146774e-07,5.265601805060576e-08,1.9635438872642984e-09,1.7322993659998762e-10,1.7155126409246947e-06
78.2,7.996184967419068e-07,5.2457513644928364e-08,1.956144039305274e-09,1.7235764694183874e-10,1.7090984547339322e-06
78.25,7.966329379794371e-07,5.225987953669488e-08,1.9487766295164638e-09,1.7149028875201143e-10,1.7027121300238088e-06
78.30000000000001,7.936603281633011e-07,5.2063111378913856e-08,1.941441495864277e-09,1.7062783111421222e-10,1.6963535290628438e-06
78.35000000000001,7.907006033850164e-07,5.186720484894356e-08,1.9341384772228085e-09,1.6977024332493967e-10,1.690022514882315e-06
78.4,7.877537000894044e-07,5.167215564834058e-08,1.9268674133685407e-09,1.689174948918776e-10,1.6837189512715783e-06
78.45,7.84819555072433e-07,5.147795950271e-08,1.919628144974577e-09,1.6806955553232164e-10,1.677442702773429e-06
78.5,7.818981054790699e-07,5.1284612161556375e-08,1.91242051360516e-09,1.6722639517160867e-10,1.6711936346794926e-06
78.55000000000001,7.789892888011487e-07,5.109210939813565e-08,1.9052443617101297e-09,1.6638798394155923e-10,1.6649716130256384e-06
78.60000000000001,7.760930428752561e-07,5.0900447009308415e-08,1.8980995326193593e-09,1.655542921789392e-10,1.6587765045874413e-06
78.65,7.732093058806221e-07,5.070962081539347e-08,1.890985870537519e-09,1.647252904239191e-10,1.6526081768756496e-06
78.7,7.703380163370343e-07,5.0519626660023026e-08,1.8839032205384805e-09,1.6390094941855832e-10,1.6464664981317029e-06
78.75,7.674791131027618e-07,5.0330460409998624e-08,1.87685142855987e-09,1.630812401053092e-10,1.6403513373232724e-06
78.80000000000001,7.646325353724926e-07,5.0142117955148154e-08,1.869830341397952e-09,1.622661336255071e-10,1.6342625641398306e-06
78.85000000000001,7.617982226752887e-07,4.995459520818387e-08,1.8628398067021636e-09,1.6145560131789724e-10,1.6282000489882567e-06
78.9,7.589761148725474e-07,4.9767888104560874e-08,1.8558796729699907e-09,1.606496147171633e-10,1.6221636629884595e-06
78.95,7.561661521559834e-07,4.9581992602337296e-08,1.8489497895416814e-09,1.598481455524672e-10,1.6161532779690397e-06
79.0,7.533682750456214e-07,4.939690468203502e-08,1.8420500065949922e-09,1.5905116574601409e-10,1.610168766462979e-06
79.05000000000001,7.505824243878005e-07,4.921262034650114e-08,1.835180175139954e-09,1.5825864741158662e-10,1.6042100017033529e-06
79.10000000000001,7.478085413531978e-07,4.9029135620770974e-08,1.8283401470139131e-09,1.574705628531481e-10,1.5982768576190843e-06
79.15,7.450465674348554e-07,4.8846446551931396e-08,1.8215297748764762e-09,1.566868845634325e-10,1.5923692088307073e-06
79.2,7.422964444462294e-07,4.866454920898537e-08,1.8147489122043074e-09,1.5590758522252942e-10,1.5864869306461735e-06
79.25,7.395581145192482e-07,4.848343968271743e-08,1.8079974132862606e-09,1.5513263769650161e-10,1.580629899056683e-06
79.30000000000001,7.368315201023825e-07,4.830311408555982e-08,1.801275133218248e-09,1.543620150360003e-10,1.5747979907325372e-06
79.35000000000001,7.341166039587332e-07,4.812356855146006e-08,1.7945819278983042e-09,1.5359569047490362e-10,1.5689910830190323e-06
79.4,7.314133091641233e-07,4.794479923574862e-08,1.7879176540216676e-09,1.5283363742895953e-10,1.563209053932361e-06
79.45,7.287215791052111e-07,4.776680231500823e-08,1.7812821690760442e-09,1.520758294944406e-10,1.5574517821555573e-06
79.5,7.260413574776109e-07,4.758957398694368e-08,1.7746753313366122e-09,1.5132224044680458e-10,1.551719147034463e-06
79.55000000000001,7.233725882840273e-07,4.7413110470252355e-08,1.7680969998611397e-09,1.5057284423937854e-10,1.5460110285737177e-06
79.60000000000001,7.207152158324052e-07,4.7237408004496196e-08,1.7615470344853792e-09,1.498276150020376e-10,1.5403273074327857e-06
79.65,7.180691847340836e-07,4.7062462849973855e-08,1.7550252958182133e-09,1.4908652703990479e-10,1.534667864921991e-06
79.7,7.154344399019707e-07,4.688827128759426e-08,1.7485316452368596e-09,1.483495548320602e-10,1.529032582998596e-06
79.75,7.128109265487261e-07,4.671482961875068e-08,1.7420659448822548e-09,1.476166730302572e-10,1.5234213442628996e-06
79.80000000000001,7.101985901849553e-07,4.6542134165195774e-08,1.735628057654423e-09,1.4688785645764693e-10,1.5178340319543569e-06
79.85000000000001,7.075973766174205e-07,4.6370181268917554e-08,1.729217847207826e-09,1.4616308010752408e-10,1.512270529947737e-06
79.9,7.050072319472544e-07,4.619896729201573e-08,1.722835177946742e-09,1.4544231914207028e-10,1.5067307227492862e-06
79.95,7.024281025681946e-07,4.602848861657954e-08,1.7164799150206526e-09,1.447255488911071e-10,1.5012144954929362e-06
80.0,6.998599351648249e-07,4.585874164456611e-08,1.7101519243198029e-09,1.4401274485087185e-10,1.495721733936527e-06
80.05000000000001,6.973026767108286e-07,4.5689722797679406e-08,1.703851072470645e-09,1.4330388268279026e-10,1.4902523244580542e-06
80.10000000000001,6.947562744672571e-07,4.5521428517250316e-08,1.6975772268313214e-09,1.4259893821226964e-10,1.4848061540519513e-06
80.15,6.922206759808024e-07,4.535385526411721e-08,1.6913302554872662e-09,1.4189788742749257e-10,1.4793831103253787e-06
80.2,6.896958290820877e-07,4.5186999518507774e-08,1.6851100272468022e-09,1.4120070647821614e-10,1.4739830814945539e-06
80.25,6.871816818839671e-07,4.502085777992106e-08,1.6789164116367154e-09,1.4050737167460325e-10,1.4686059563810975e-06
80.30000000000001,6.846781827798344e-07,4.485542656701062e-08,1.6727492788978734e-09,1.3981785948604163e-10,1.463251624408402e-06
80.35000000000001,6.821852804419483e-07,4.469070241746879e-08,1.6666084999809606e-09,1.3913214653996955e-10,1.4579199755980357e-06
80.4,6.797029238197605e-07,4.452668188791085e-08,1.6604939465421163e-09,1.3845020962072645e-10,1.4526109005661513e-06
80.45,6.772310621382623e-07,4.4363361553760704e-08,1.6544054909386776e-09,1.3777202566841537e-10,1.447324290519934e-06
80.5,6.747696448963381e-07,4.420073800913705e-08,1.648343006224985e-09,1.3709757177774972e-10,1.4420600372540666e-06
80.55000000000001,6.723186218651301e-07,4.403880786674032e-08,1.6423063661481072e-09,1.3642682519692437e-10,1.4368180331472188e-06
80.60000000000001,6.698779430864169e-07,4.387756775774057e-08,1.6362954451436363e-09,1.357597633265198e-10,1.4315981711585614e-06
80.65,6.674475588709958e-07,4.371701433166535e-08,1.6303101183316148e-09,1.3509636371835914e-10,1.4264003448242958e-06
80.7,6.650274197970826e-07,4.355714425628931e-08,1.624350261512358e-09,1.3443660407441803e-10,1.421224448254215e-06
80.75,6.626174767087184e-07,4.3397954217524276e-08,1.6184157511623012e-09,1.337804622457438e-10,1.4160703761282844e-06
80.80000000000001,6.602176807141868e-07,4.323944091930953e-08,1.612506464429913e-09,1.33127916231359e-10,1.4109380236932404e-06
80.85000000000001,6.578279831844449e-07,4.3081601083503416e-08,1.6066222791316922e-09,1.3247894417718212e-10,1.405827286759223e-06
80.9,6.554483357515576e-07,4.292443144977523e-08,1.600763073748239e-09,1.31833524374959e-10,1.400738061696412e-06
80.95,6.53078690307149e-07,4.2767928775498196e-08,1.5949287274201187e-09,1.3119163526121356e-10,1.3956702454317018e-06
81.0,6.507189990008601e-07,4.261208983564281e-08,1.5891191199438313e-09,1.305532554161891e-10,1.3906237354453908e-06
81.05000000000001,6.483692142388175e-07,4.2456911422671084e-08,1.5833341317680274e-09,1.2991836356280078e-10,1.38559842976789e-06
81.10000000000001,6.46029288682114e-07,4.230239034643162e-08,1.5775736439895916e-09,1.2928693856561334e-10,1.380594226976464e-06
81.15,6.436991752452939e-07,4.214852343405499e-08,1.571837538349606e-09,1.2865895942980372e-10,1.3756110261919758e-06
81.2,6.413788270948534e-07,4.1995307529850087e-08,1.5661256972295258e-09,1.2803440530014248e-10,1.3706487270756668e-06
81.25,6.390681976477485e-07,4.1842739495201175e-08,1.5604380036474178e-09,1.2741325545999677e-10,1.3657072298259543e-06
81.30000000000001,6.367672405699122e-07,4.1690816208465343e-08,1.5547743412540808e-09,1.2679548933030686e-10,1.3607864351752452e-06
81.35000000000001,6.344759097747841e-07,4.153953456487104e-08,1.5491345943292714e-09,1.2618108646860083e-10,1.3558862443867803e-06
81.4,6.321941594218438e-07,4.138889147641689e-08,1.5435186477778825e-09,1.2557002656801786e-10,1.3510065592514854e-06
81.45,6.2992194391516e-07,4.123888387177155e-08,1.537926387126302e-09,1.2496228945631354e-10,1.3461472820848535e-06
81.5,6.276592179019453e-07,4.1089508696173846e-08,1.5323576985186512e-09,1.243578550948906e-10,1.3413083157238447e-06
81.55000000000001,6.254059362711212e-07,4.094076291133361e-08,1.526812468713027e-09,1.2375670357784034e-10,1.3364895635238028e-06
81.60000000000001,6.231620541518948e-07,4.079264349533364e-08,1.5212905850779155e-09,1.2315881513098587e-10,1.3316909293553986e-06
81.65,6.209275269123389e-07,4.064514744253164e-08,1.5157919355884828e-09,1.2256417011092645e-10,1.3269123176015836e-06
81.7,6.187023101579872e-07,4.049827176346329e-08,1.5103164088230317e-09,1.2197274900409875e-10,1.3221536331545717e-06
81.75,6.164863597304354e-07,4.035201348474573e-08,1.5048638939593387e-09,1.2138453242584453e-10,1.317414781412836e-06
81.80000000000001,6.142796317059519e-07,4.020636964898169e-08,1.4994342807709922e-09,1.207995011194805e-10,1.312695668278126e-06
81.85000000000001,6.120820823940998e-07,4.006133731466439e-08,1.4940274596241673e-09,1.2021763595538087e-10,1.307996200152509e-06
81.9,6.098936683363622e-07,3.9916913556082796e-08,1.4886433214738206e-09,1.1963891793006092e-10,1.3033162839354178e-06
81.95,6.077143463047819e-07,3.977309546322768e-08,1.4832817578601262e-09,1.1906332816527623e-10,1.298655827020731e-06
82.0,6.055440733006077e-07,3.9629880141698315e-08,1.477942660905216e-09,1.1849084790712144e-10,1.2940147372938652e-06
82.05000000000001,6.033828065529485e-07,3.9487264712609725e-08,1.4726259233095611e-09,1.1792145852513716e-10,1.2893929231288864e-06
82.10000000000001,6.012305035174395e-07,3.934524631250058e-08,1.4673314383486466e-09,1.1735514151142303e-10,1.284790293385646e-06
82.15,5.990871218749108e-07,3.920382209324149e-08,1.4620590998694398e-09,1.1679187847976318e-10,1.280206757406922e-06
82.2,5.969526195300707e-07,3.9062989221944215e-08,1.4568088022870596e-09,1.1623165116475584e-10,1.2756422250155925e-06
82.25,5.948269546101945e-07,3.8922744880871234e-08,1.4515804405814831e-09,1.1567444142094963e-10,1.2710966065118203e-06
82.30000000000001,5.927100854638216e-07,3.8783086267345884e-08,1.4463739102941066e-09,1.1512023122198428e-10,1.2665698126702549e-06
82.35000000000001,5.906019706594636e-07,3.8644010593663464e-08,1.441189107524371e-09,1.1456900265973457e-10,1.2620617547372614e-06
82.4,5.885025689843154e-07,3.850551508700231e-08,1.4360259289265941e-09,1.1402073794347361e-10,1.2575723444281494e-06
82.45,5.864118394429803e-07,3.836759698933594e-08,1.4308842717066048e-09,1.1347541939903201e-10,1.2531014939244398e-06
82.5,5.843297412561996e-07,3.823025355734552e-08,1.4257640336184534e-09,1.12933029467963e-10,1.248649115871135e-06
82.55000000000001,5.822562338595911e-07,3.809348206233296e-08,1.4206651129612493e-09,1.1239355070672066e-10,1.244215123374011e-06
82.60000000000001,5.80191276902399e-07,3.795727979013474e-08,1.415587408575887e-09,1.1185696578584164e-10,1.2397994299969342e-06
82.65,5.781348302462444e-07,3.7821644041035866e-08,1.4105308198418875e-09,1.113232574891299e-10,1.235401949759179e-06
82.7,5.760868539638909e-07,3.768657212968482e-08,1.4054952466741583e-09,1.107924087128548e-10,1.231022597132777e-06
82.75,5.74047308338015e-07,3.755206138500896e-08,1.400480589519865e-09,1.1026440246494603e-10,1.2266612870398774e-06
82.80000000000001,5.720161538599837e-07,3.7418109150130253e-08,1.3954867493553565e-09,1.097392218641992e-10,1.2223179348501237e-06
82.85000000000001,5.699933512286437e-07,3.728471278228183e-08,1.3905136276829792e-09,1.092168501394995e-10,1.2179924563780539e-06
82.9,5.679788613491118e-07,3.7151869652724776e-08,1.3855611265279693e-09,1.0869727062902507e-10,1.2136847678805035e-06
82.95,5.65972645331579e-07,3.701957714666577e-08,1.3806291484354358e-09,1.0818046677947512e-10,1.2093947860540375e-06
83.0,5.639746644901196e-07,3.688783266317511e-08,1.375717596467271e-09,1.0766642214530935e-10,1.205122428032396e-06
83.05000000000001,5.619848803415072e-07,3.67566336151052e-08,1.3708263741990867e-09,1.0715512038797518e-10,1.2008676113839509e-06
83.10000000000001,5.600032546040422e-07,3.662597742900986e-08,1.3659553857172387e-09,1.0664654527515303e-10,1.1966302541091895e-06
83.15,5.580297491963795e-07,3.649586154506356e-08,1.3611045356158207e-09,1.0614068068000091e-10,1.1924102746381978e-06
83.2,5.560643262363711e-07,3.636628341698176e-08,1.356273728993694e-09,1.0563751058041009e-10,1.1882075918281757e-06
83.25,5.541069480399119e-07,3.6237240511941584e-08,1.3514628714515206e-09,1.0513701905826863e-10,1.1840221249609597e-06
83.30000000000001,5.521575771197929e-07,3.61087303105029e-08,1.3466718690886928e-09,1.0463919029872022e-10,1.1798537937405615e-06
83.35000000000001,5.502161761845657e-07,3.598075030653004e-08,1.3419006285006992e-09,1.0414400858943332e-10,1.1757025182907295e-06
83.4,5.482827081374066e-07,3.585329800711391e-08,1.3371490567760746e-09,1.0365145831988714e-10,1.1715682191525125e-06
83.45,5.463571360749957e-07,3.5726370932494585e-08,1.3324170614933536e-09,1.0316152398064772e-10,1.1674508172818513e-06
83.5,5.444394232863985e-07,3.559996661598448e-08,1.327704550718457e-09,1.0267419016264905e-10,1.1633502340471787e-06
83.55000000000001,5.425295332519552e-07,3.547408260389212e-08,1.3230114330016858e-09,1.021894415564895e-10,1.159266391227037e-06
83.60000000000001,5.406274296421806e-07,3.5348716455446264e-08,1.3183376173749642e-09,1.0170726295173562e-10,1.155199211007714e-06
83.65,5.387330763166641e-07,3.522386574272037e-08,1.3136830133489682e-09,1.0122763923622386e-10,1.1511486159808842e-06
83.7,5.368464373229825e-07,3.5099528050557734e-08,1.3090475309104443e-09,1.0075055539536078e-10,1.1471145291412735e-06
83.75,5.34967476895618e-07,3.497570097649717e-08,1.3044310805193946e-09,1.0027599651144003e-10,1.1430968738843379e-06
83.80000000000001,5.330961594548816e-07,3.485238213069904e-08,1.2998335731061985e-09,9.98039477629744e-11,1.1390955740039517e-06
83.85000000000001,5.312324496058467e-07,3.4729569135871846e-08,1.2952549200689931e-09,9.933439442400745e-11,1.1351105536901195e-06
83.9,5.29376312137284e-07,3.460725962719905e-08,1.2906950332709206e-09,9.886732186343836e-11,1.1311417375266886e-06
83.95,5.275277120206083e-07,3.4485451252266696e-08,1.2861538250374255e-09,9.840271554436745e-11,1.127189050489091e-06
84.0,5.256866144088294e-07,3.4364141670991255e-08,1.2816312081535822e-09,9.794056102343432e-11,1.1232524179420889e-06
84.05000000000001,5.238529846355095e-07,3.424332855554801e-08,1.2771270958614159e-09,9.748084395015829e-11,1.1193317656375388e-06
84.10000000000001,5.220267882137303e-07,3.412300959030005e-08,1.2726414018572358e-09,9.702355006628672e-11,1.1154270197121728e-06
84.15,5.2020799083506e-07,3.400318247172731e-08,1.268174040289004e-09,9.656866520515515e-11,1.1115381066853835e-06
84.2,5.183965583685338e-07,3.3883844908356595e-08,1.263724925753736e-09,9.61161752910427e-11,1.1076649534570344e-06
84.25,5.165924568596366e-07,3.3764994620691585e-08,1.2592939732948413e-09,9.566606633853684e-11,1.1038074873052775e-06
84.30000000000001,5.147956525292933e-07,3.3646629341143454e-08,1.254881098399571e-09,9.521832445190356e-11,1.0999656358843842e-06
84.35000000000001,5.130061117728673e-07,3.352874681396217e-08,1.250486216996527e-09,9.477293582446208e-11,1.096139327222599e-06
84.4,5.112238011591603e-07,3.3411344795167715e-08,1.2461092454529939e-09,9.43298867379604e-11,1.0923284897199895e-06
84.45,5.094486874294233e-07,3.329442105248223e-08,1.2417501005722671e-09,9.388916356196009e-11,1.0885330521463274e-06
84.5,5.07680737496372e-07,3.317797336526237e-08,1.2374086995916095e-09,9.345075275322179e-11,1.0847529436389714e-06
84.55000000000001,5.059199184432075e-07,3.3061999524432096e-08,1.233084960179474e-09,9.301464085510092e-11,1.0809880937007688e-06
84.60000000000001,5.041661975226457e-07,3.294649733241592e-08,1.2287788004326924e-09,9.258081449694479e-11,1.0772384321979701e-06
84.65,5.024195421559486e-07,3.2831464603072424e-08,1.2244901388743974e-09,9.214926039349284e-11,1.073503889358152e-06
84.7,5.006799199319656e-07,3.271689916162864e-08,1.2202188944514941e-09,9.171996534428055e-11,1.0697843957681572e-06
84.75,4.98947298606179e-07,3.260279884461436e-08,1.2159649865321808e-09,9.129291623305151e-11,1.0660798823720492e-06
84.80000000000001,4.972216460997549e-07,3.248916149979694e-08,1.211728334903522e-09,9.086810002717706e-11,1.0623902804690738e-06
84.85000000000001,4.955029304986033e-07,3.2375984986116836e-08,1.207508859769034e-09,9.044550377707189e-11,1.0587155217116409e-06
84.9,4.937911200524382e-07,3.226326717362317e-08,1.2033064817462873e-09,9.002511461561523e-11,1.0550555381033092e-06
84.95,4.920861831738493e-07,3.2151005943410016e-08,1.1991211218645568e-09,8.960691975758236e-11,1.0514102619967929e-06
85.0,4.903880884373759e-07,3.203919918755276e-08,1.1949527015624165e-09,8.91909064990753e-11,1.0477796260919767e-06
85.05000000000001,4.886968045785883e-07,3.192784480904511e-08,1.1908011426853986e-09,8.877706221695853e-11,1.0441635634339394e-06
85.10000000000001,4.870123004931756e-07,3.181694072173661e-08,1.1866663674836975e-09,8.836537436830574e-11,1.0405620074110017e-06
85.15,4.853345452360352e-07,3.170648485027008e-08,1.1825482986097607e-09,8.795583048983825e-11,1.0369748917527693e-06
85.2,4.836635080203729e-07,3.159647513001988e-08,1.178446859116047e-09,8.754841819737424e-11,1.0334021505282018e-06
85.25,4.819991582168058e-07,3.148690950703043e-08,1.174361972452756e-09,8.714312518528592e-11,1.0298437181436897e-06
85.30000000000001,4.803414653524706e-07,3.137778593795506e-08,1.1702935624654662e-09,8.673993922595487e-11,1.026299529341138e-06
85.35000000000001,4.786903991101405e-07,3.126910238999542e-08,1.1662415533929472e-09,8.633884816923438e-11,1.0227695191960731e-06
85.4,4.770459293273427e-07,3.116085684084093e-08,1.162205869864877e-09,8.593983994191345e-11,1.0192536231157485e-06
85.45,4.7540802599548476e-07,3.105304727860893e-08,1.1581864368996284e-09,8.554290254719191e-11,1.0157517768372697e-06
85.5,4.737766592589864e-07,3.0945671701785136e-08,1.1541831799020001e-09,8.514802406413994e-11,1.0122639164257319e-06
85.55000000000001,4.721517994144145e-07,3.0838728119164355e-08,1.1501960246610193e-09,8.475519264718445e-11,1.0087899782723626e-06
85.60000000000001,4.7053341690962685e-07,3.0732214549791744e-08,1.1462248973478241e-09,8.43643965256001e-11,1.0053298990926864e-06
85.65,4.689214823429165e-07,3.062612902290422e-08,1.1422697245134149e-09,8.397562400297918e-11,1.001883615924686e-06
85.7,4.673159664621657e-07,3.0520469577872444e-08,1.1383304330864747e-09,8.358886345672726e-11,9.984510661269895e-07
85.75,4.6571684016400304e-07,3.0415234264143e-08,1.1344069503712454e-09,8.320410333755185e-11,9.950321873770599e-07
85.80000000000001,4.6412407449296567e-07,3.0310421141181066e-08,1.1304992040454103e-09,8.282133216896102e-11,9.916269176693982e-07
85.85000000000001,4.6253764064066885e-07,3.020602827841353e-08,1.1266071221579261e-09,8.24405385467679e-11,9.882351953137613e-07
85.9,4.6095750994497646e-07,3.0102053755172007e-08,1.1227306331269276e-09,8.20617111385878e-11,9.848569589333823e-07
85.95,4.5938365388918066e-07,2.9998495660636694e-08,1.1188696657376442e-09,8.168483868334937e-11,9.8149214746321e-07
86.0,4.5781604410118476e-07,2.989535209378052e-08,1.1150241491402781e-09,8.130990999080754e-11,9.781407001481559e-07
86.05000000000001,4.562546523526908e-07,2.9792621163313378e-08,1.1111940128479399e-09,8.093691394105513e-11,9.748025565413505e-07
86.10000000000001,4.546994505583947e-07,2.9690300987627032e-08,1.1073791867346165e-09,8.056583948404285e-11,9.71477656502417e-07
86.15,4.531504107751813e-07,2.9588389694739922e-08,1.1035796010331195e-09,8.019667563909897e-11,9.681659401957434e-07
86.2,4.5160750520132984e-07,2.948688542224273e-08,1.0997951863330194e-09,7.982941149445846e-11,9.64867348088778e-07
86.25,4.500707061757209e-07,2.9385786317244187e-08,1.0960258735786536e-09,7.946403620679347e-11,9.615818209503283e-07
86.30000000000001,4.48539986177049e-07,2.928509053631718e-08,1.0922715940670786e-09,7.910053900073788e-11,9.58309299848871e-07
86.35000000000001,4.4701531782304227e-07,2.91847962454452e-08,1.0885322794461052e-09,7.873890916842589e-11,9.550497261508777e-07
86.4,4.4549667386968167e-07,2.9084901619968885e-08,1.0848078617123084e-09,7.837913606904105e-11,9.5180304151914e-07
86.45,4.4398402721043044e-07,2.898540484453335e-08,1.0810982732090547e-09,7.802120912834848e-11,9.485691879111158e-07
86.5,4.424773508754655e-07,2.8886304113035533e-08,1.0774034466245645e-09,7.766511783824442e-11,9.453481075772806e-07
86.55000000000001,4.409766180309136e-07,2.8787597628571917e-08,1.0737233149899221e-09,7.731085175630868e-11,9.421397430594887e-07
86.60000000000001,4.3948180197809423e-07,2.868928360338665e-08,1.070057811677158e-09,7.695840050535364e-11,9.389440371893482e-07
86.65,4.379928761527633e-07,2.8591360258819854e-08,1.0664068703972795e-09,7.660775377298309e-11,9.357609330865988e-07
86.7,4.365098141243653e-07,2.8493825825256465e-08,1.0627704251984323e-09,7.625890131114573e-11,9.325903741575074e-07
86.75,4.3503258959528784e-07,2.8396678542075198e-08,1.0591484104640185e-09,7.59118329357036e-11,9.294323040932683e-07
86.80000000000001,4.3356117640012127e-07,2.8299916657597872e-08,1.055540760910707e-09,7.556653852599956e-11,9.262866668684157e-07
86.85000000000001,4.320955485049243e-07,2.8203538429039152e-08,1.0519474115866425e-09,7.522300802442136e-11,9.231534067392467e-07
86.9,4.306356800064902e-07,2.810754212245639e-08,1.048368297869527e-09,7.48812314359777e-11,9.200324682422481e-07
86.95,4.291815451316218e-07,2.801192601269998e-08,1.0448033554647728e-09,7.454119882787258e-11,9.169237961925403e-07
87.0,4.277331182364086e-07,2.791668838336396e-08,1.0412525204037416e-09,7.4202900329081e-11,9.138273356823271e-07
87.05000000000001,4.262903738055083e-07,2.7821827526736865e-08,1.0377157290417965e-09,7.386632612993207e-11,9.107430320793535e-07
87.10000000000001,4.2485328645143474e-07,2.772734174375297e-08,1.034192918056504e-09,7.353146648169696e-11,9.076708310253787e-07
87.15,4.2342183091384625e-07,2.7633229343943668e-08,1.0306840244459179e-09,7.31983116961739e-11,9.046106784346487e-07
87.2,4.219959820588424e-07,2.753948864538941e-08,1.0271889855267246e-09,7.286685214527835e-11,9.015625204923887e-07
87.25,4.2057571487826267e-07,2.7446117974671727e-08,1.0237077389324046e-09,7.25370782606352e-11,8.985263036532975e-07
87.30000000000001,4.191610044889896e-07,2.7353115666825566e-08,1.0202402226115268e-09,7.220898053317911e-11,8.955019746400526e-07
87.35000000000001,4.1775182613225853e-07,2.7260480065292084e-08,1.0167863748259468e-09,7.188254951275356e-11,8.924894804418296e-07
87.4,4.163481551729667e-07,2.716820952187141e-08,1.0133461341490515e-09,7.155777580771205e-11,8.894887683128205e-07
87.45,4.1494996709899134e-07,2.7076302396676105e-08,1.0099194394640944e-09,7.123465008452535e-11,8.864997857707702e-07
87.5,4.135572375205095e-07,2.6984757058084674e-08,1.0065062299623848e-09,7.091316306738535e-11,8.835224805955174e-07
87.55000000000001,4.1216994216932196e-07,2.6893571882695266e-08,1.0031064451415582e-09,7.059330553782079e-11,8.805568008275444e-07
87.60000000000001,4.1078805689818334e-07,2.6802745255279915e-08,9.997200248039019e-10,7.027506833430992e-11,8.776026947665401e-07
87.65,4.0941155768013246e-07,2.6712275568738862e-08,9.963469090546453e-10,6.995844235189702e-11,8.746601109699633e-07
87.7,4.080404206078304e-07,2.6622161224055266e-08,9.929870383002768e-10,6.964341854181674e-11,8.717289982516228e-07
87.75,4.066746218929008e-07,2.6532400630250095e-08,9.89640353246848e-10,6.932998791110379e-11,8.688093056802621e-07
87.80000000000001,4.053141378652739e-07,2.6442992204337353e-08,9.863067948983136e-10,6.901814152222769e-11,8.659009825781525e-07
87.85000000000001,4.039589449725368e-07,2.6353934371279715e-08,9.829863045548903e-10,6.870787049272493e-11,8.630039785196993e-07
87.9,4.026090197792837e-07,2.6265225563944117e-08,9.796788238113647e-10,6.839916599482012e-11,8.601182433300474e-07
87.95,4.0126433896647364e-07,2.6176864223057845e-08,9.763842945554734e-10,6.809201925506372e-11,8.572437270837043e-07
88.0,3.999248793307905e-07,2.6088848797164896e-08,9.731026589663031e-10,6.778642155396645e-11,8.543803801031671e-07
88.05000000000001,3.9859061778400685e-07,2.6001177742582468e-08,9.698338595126566e-10,6.748236422563842e-11,8.515281529575578e-07
88.10000000000001,3.972615313523532e-07,2.5913849523357975e-08,9.665778389514248e-10,6.717983865742973e-11,8.486869964612698e-07
88.15,3.959375971758877e-07,2.5826862611225866e-08,9.633345403259948e-10,6.687883628957579e-11,8.458568616726166e-07
88.2,3.9461879250787315e-07,2.5740215485565164e-08,9.601039069646757e-10,6.657934861484115e-11,8.430376998924951e-07
88.25,3.933050947141558e-07,2.565390663335713e-08,9.568858824790752e-10,6.628136717817161e-11,8.40229462663053e-07
88.30000000000001,3.9199648127254816e-07,2.5567934549143037e-08,9.536804107625748e-10,6.598488357634525e-11,8.374321017663657e-07
88.35000000000001,3.906929297722172e-07,2.5482297734982414e-08,9.504874359888013e-10,6.568988945762239e-11,8.346455692231226e-07
88.4,3.893944179130725e-07,2.5396994700411224e-08,9.473069026100013e-10,6.539637652140504e-11,8.318698172913159e-07
88.45,3.881009235051618e-07,2.5312023962400723e-08,9.441387553554926e-10,6.510433651789667e-11,8.291047984649434e-07
88.5,3.868124244680684e-07,2.5227384045316347e-08,9.409829392302121e-10,6.481376124776081e-11,8.263504654727165e-07
88.55000000000001,3.8552889883031205e-07,2.5143073480876664e-08,9.378393995131409e-10,6.45246425617874e-11,8.236067712767744e-07
88.60000000000001,3.8425032472875536e-07,2.505909080811294e-08,9.347080817557908e-10,6.423697236055915e-11,8.208736690714115e-07
88.65,3.829766804080101e-07,2.4975434573328736e-08,9.315889317807185e-10,6.395074259411685e-11,8.181511122818037e-07
88.7,3.817079442198506e-07,2.489210333005977e-08,9.284818956800266e-10,6.366594526163506e-11,8.154390545627506e-07
88.75,3.8044409462262894e-07,2.480909563903404e-08,9.25386919813834e-10,6.338257241109119e-11,8.127374497974201e-07
88.80000000000001,3.791851101806938e-07,2.4726410068132145e-08,9.223039508088185e-10,6.31006161389434e-11,8.100462520961032e-07
88.85000000000001,3.779309695638141e-07,2.4644045192348023e-08,9.192329355568255e-10,6.28200685898093e-11,8.073654157949768e-07
88.9,3.766816515466029e-07,2.4561999593749663e-08,9.161738212133287e-10,6.25409219561447e-11,8.046948954548688e-07
88.95,3.7543713500794825e-07,2.4480271861440242e-08,9.13126555195995e-10,6.2263168477929e-11,8.020346458600365e-07
89.0,3.741973989304456e-07,2.4398860591519408e-08,9.100910851832222e-10,6.198680044234773e-11,7.993846220169505e-07
89.05000000000001,3.7296242239983356e-07,2.431776438704485e-08,9.070673591127337e-10,6.171181018347756e-11,7.967447791530832e-07
89.10000000000001,3.7173218460443486e-07,2.423698185799413e-08,9.040553251801684e-10,6.143819008197847e-11,7.941150727157103e-07
89.15,3.7050666483459715e-07,2.4156511621226562e-08,9.010549318376316e-10,6.116593256479039e-11,7.914954583707115e-07
89.2,3.692858424821404e-07,2.4076352300445587e-08,8.98066127792297e-10,6.089503010481869e-11,7.888858920013855e-07
89.25,3.680696970398062e-07,2.3996502526161157e-08,8.950888620049849e-10,6.06254752206327e-11,7.862863297072685e-07
89.30000000000001,3.6685820810071015e-07,2.391696093565236e-08,8.921230836888524e-10,6.035726047616287e-11,7.836967278029597e-07
89.35000000000001,3.656513553577991e-07,2.383772617293059e-08,8.891687423079523e-10,6.009037848041108e-11,7.811170428169578e-07
89.4,3.6444911860330836e-07,2.3758796888702464e-08,8.862257875758033e-10,5.98248218871468e-11,7.785472314904961e-07
89.45,3.6325147772822566e-07,2.3680171740333172e-08,8.832941694541255e-10,5.956058339460005e-11,7.759872507763934e-07
89.5,3.620584127217562e-07,2.360184939181016e-08,8.803738381514649e-10,5.929765574518255e-11,7.734370578379068e-07
89.55000000000001,3.608699036707913e-07,2.352382851370688e-08,8.774647441217716e-10,5.903603172519465e-11,7.708966100475911e-07
89.60000000000001,3.5968593075938173e-07,2.3446107783146898e-08,8.745668380631101e-10,5.877570416453385e-11,7.683658649861707e-07
89.65,3.585064742682104e-07,2.336868588376798e-08,8.716800709163392e-10,5.85166659364062e-11,7.658447804414079e-07
89.7,3.573315145740724e-07,2.3291561505686627e-08,8.688043938637766e-10,5.825890995704384e-11,7.633333144069879e-07
89.75,3.561610321493557e-07,2.3214733345462696e-08,8.659397583279049e-10,5.8002429185423165e-11,7.608314250814051e-07
89.80000000000001,3.5499500756152507e-07,2.313820010606425e-08,8.630861159699571e-10,5.774721662298188e-11,7.583390708668566e-07
89.85000000000001,3.538334214726109e-07,2.306196049683279e-08,8.602434186887028e-10,5.7493265313339206e-11,7.558562103681448e-07
89.9,3.5267625463869765e-07,2.2986013233448357e-08,8.574116186191889e-10,5.724056834202087e-11,7.533828023915825e-07
89.95,3.515234879094186e-07,2.2910357037895052e-08,8.545906681313922e-10,5.6989118836187016e-11,7.509188059439071e-07
90.0,3.5037510222745197e-07,2.2834990638426916e-08,8.517805198289428e-10,5.673890996435015e-11,7.484641802312018e-07
90.05000000000001,3.4923107862801993e-07,2.275991276953368e-08,8.489811265478578e-10,5.64899349361096e-11,7.460188846578196e-07
90.10000000000001,3.4809139823839227e-07,2.2685122171906875e-08,8.461924413553067e-10,5.6242187001886476e-11,7.435828788253202e-07
90.15,3.4695604227738976e-07,2.2610617592406178e-08,8.434144175483343e-10,5.5995659452652097e-11,7.411561225314045e-07
90.2,3.4582499205489357e-07,2.2536397784025956e-08,8.406470086526144e-10,5.575034561966137e-11,7.387385757688623e-07
90.25,3.4469822897135614e-07,2.246246150586193e-08,8.378901684211559e-10,5.5506238874190357e-11,7.363301987245236e-07
90.30000000000001,3.435757345173148e-07,2.2388807523078117e-08,8.351438508331831e-10,5.5263332627276064e-11,7.339309517782158e-07
90.35000000000001,3.4245749027290984e-07,2.2315434606873965e-08,8.324080100928784e-10,5.5021620329457016e-11,7.315407955017301e-07
90.4,3.4134347790740233e-07,2.224234153445153e-08,8.296826006280767e-10,5.4781095470512083e-11,7.29159690657787e-07
90.45,3.402336791786979e-07,2.216952708898318e-08,8.269675770890969e-10,5.454175157920547e-11,7.267875981990156e-07
90.5,3.391280759328715e-07,2.2096990059579112e-08,8.242628943475724e-10,5.430358222303686e-11,7.244244792669346e-07
90.55000000000001,3.380266501036955e-07,2.202472924125528e-08,8.21568507495236e-10,5.406658100798313e-11,7.220702951909399e-07
90.60000000000001,3.3692938371217167e-07,2.1952743434901578e-08,8.188843718427211e-10,5.383074157825113e-11,7.197250074873014e-07
90.65,3.3583625886606276e-07,2.188103144724992e-08,8.162104429184102e-10,5.359605761602527e-11,7.173885778581583e-07
90.7,3.3474725775943037e-07,2.1809592090842845e-08,8.135466764671988e-10,5.3362522841222875e-11,7.150609681905282e-07
90.75,3.3366236267217345e-07,2.173842418400206e-08,8.108930284493813e-10,5.3130131011247834e-11,7.127421405553173e-07
90.80000000000001,3.325815559695699e-07,2.1667526550797322e-08,8.082494550394604e-10,5.289887592075155e-11,7.104320572063379e-07
90.85000000000001,3.3150482010182203e-07,2.1596898021015485e-08,8.056159126249869e-10,5.2668751401387893e-11,7.081306805793333e-07
90.9,3.304321376036022e-07,2.1526537430129504e-08,8.029923578054546e-10,5.2439751321563685e-11,7.058379732910038e-07
90.95,3.293634910936033e-07,2.1456443619268014e-08,8.003787473911146e-10,5.221186958621408e-11,7.035538981380422e-07
91.0,3.2829886327409144e-07,2.1386615435184814e-08,7.977750384018493e-10,5.198510013655833e-11,7.012784180961755e-07
91.05000000000001,3.2723823693046e-07,2.1317051730228558e-08,7.951811880660668e-10,5.175943694986507e-11,6.990114963192085e-07
91.10000000000001,3.2618159493078893e-07,2.124775136231279e-08,7.925971538195087e-10,5.1534874039220844e-11,6.967530961380777e-07
91.15,3.2512892022540277e-07,2.117871319488587e-08,7.900228933042689e-10,5.131140545329625e-11,6.945031810599056e-07
91.2,3.2408019584643483e-07,2.1109936096901355e-08,7.874583643676202e-10,5.1089025276116553e-11,6.922617147670643e-07
91.25,3.230354049073921e-07,2.1041418942788438e-08,7.849035250608094e-10,5.0867727626829824e-11,6.900286611162437e-07
91.30000000000001,3.219945306027227e-07,2.0973160612422506e-08,7.823583336380743e-10,5.0647506659486373e-11,6.878039841375235e-07
91.35000000000001,3.209575562073876e-07,2.090515999109603e-08,7.798227485555361e-10,5.0428356562807835e-11,6.855876480334553e-07
91.4,3.1992446507643145e-07,2.0837415969489427e-08,7.772967284701407e-10,5.021027155996199e-11,6.833796171781418e-07
91.45,3.188952406445592e-07,2.076992744364221e-08,7.747802322385292e-10,4.999324590834585e-11,6.8117985611633e-07
91.5,3.1786986642571364e-07,2.070269331492432e-08,7.722732189159996e-10,4.977727389936116e-11,6.789883295625041e-07
91.55000000000001,3.168483260126552e-07,2.0635712490007585e-08,7.69775647755445e-10,4.956234985819479e-11,6.768050023999855e-07
91.60000000000001,3.1583060307654606e-07,2.05689838808374e-08,7.672874782062839e-10,4.9348468143602106e-11,6.746298396800411e-07
91.65,3.148166813665332e-07,2.050250640460443e-08,7.648086699134158e-10,4.913562314769075e-11,6.724628066209883e-07
91.7,3.138065447093374e-07,2.0436278983716716e-08,7.623391827161655e-10,4.8923809295705694e-11,6.703038686073148e-07
91.75,3.1280017700884255e-07,2.0370300545771736e-08,7.598789766472669e-10,4.8713021045815135e-11,6.68152991188798e-07
91.80000000000001,3.117975622456878e-07,2.0304570023528644e-08,7.574280119318127e-10,4.850325288889967e-11,6.6601014007963e-07
91.85000000000001,3.1079868447686334e-07,2.0239086354880832e-08,7.549862489862319e-10,4.829449934834332e-11,6.638752811575509e-07
91.9,3.0980352783530574e-07,2.0173848482828537e-08,7.525536484172525e-10,4.8086754979824696e-11,6.61748380462982e-07
91.95,3.088120765294982e-07,2.010885535545157e-08,7.50130171020938e-10,4.788001437110111e-11,6.596294041981681e-07
92.0,3.0782431484307227e-07,2.004410592588229e-08,7.477157777816559e-10,4.767427214180825e-11,6.575183187263232e-07
92.05000000000001,3.0684022713441104e-07,1.9979599152278662e-08,7.453104298710352e-10,4.7469522943264116e-11,6.554150905707811e-07
92.10000000000001,3.058597978362569e-07,1.991533399779765e-08,7.429140886470208e-10,4.7265761458259395e-11,6.533196864141527e-07
92.15,3.048830114553182e-07,1.9851309430568496e-08,7.40526715652847e-10,4.706298240084962e-11,6.512320730974842e-07
92.2,3.0390985257188114e-07,1.9787524423666258e-08,7.38148272616043e-10,4.686118051616103e-11,6.491522176194239e-07
92.25,3.0294030583942244e-07,1.9723977955085705e-08,7.35778721447496e-10,4.6660350580193256e-11,6.470800871353924e-07
92.30000000000001,3.019743559842245e-07,1.966066900771505e-08,7.334180242404789e-10,4.646048739961737e-11,6.450156489567578e-07
92.35000000000001,3.010119878049939e-07,1.9597596569309996e-08,7.310661432696477e-10,4.626158581158348e-11,6.429588705500165e-07
92.4,3.0005318617247916e-07,1.9534759632467916e-08,7.287230409900728e-10,4.606364068352241e-11,6.409097195359754e-07
92.45,2.99097936029094e-07,1.947215719460225e-08,7.263886800363402e-10,4.586664691295445e-11,6.388681636889429e-07
92.5,2.9814622238854107e-07,1.9409788257916925e-08,7.240630232215676e-10,4.5670599427296e-11,6.368341709359229e-07
92.55000000000001,2.9719803033543774e-07,1.934765182938093e-08,7.217460335364275e-10,4.547549318366677e-11,6.348077093558121e-07
92.60000000000001,2.962533450249455e-07,1.9285746920703244e-08,7.194376741482244e-10,4.5281323168708816e-11,6.327887471786063e-07
92.65,2.953121516823991e-07,1.9224072548307615e-08,7.171379083999757e-10,4.508808439839174e-11,6.307772527846037e-07
92.7,2.943744356029399e-07,1.91626277333077e-08,7.148466998095074e-10,4.4895771917822867e-11,6.287731947036211e-07
92.75,2.9344018215115047e-07,1.9101411501482235e-08,7.12564012068472e-10,4.470438080106726e-11,6.267765416142088e-07
92.80000000000001,2.925093767606911e-07,1.904042288325036e-08,7.102898090414354e-10,4.451390615096138e-11,6.247872623428716e-07
92.85000000000001,2.9158200493393973e-07,1.8979660913647274e-08,7.08024054765013e-10,4.43243430989289e-11,6.228053258632976e-07
92.9,2.906580522416315e-07,1.891912463229969e-08,7.057667134469539e-10,4.413568680480182e-11,6.208307012955851e-07
92.95,2.8973750432250255e-07,1.8858813083401716e-08,7.035177494651963e-10,4.394793245663845e-11,6.188633579054787e-07
93.0,2.8882034688293497e-07,1.879872531569075e-08,7.012771273669986e-10,4.3761075270542434e-11,6.169032651036086e-07
93.05000000000001,2.879065656966035e-07,1.8738860382423555e-08,6.990448118680263e-10,4.3575110490486885e-11,6.14950392444733e-07
93.10000000000001,2.8699614660412604e-07,1.867921734135242e-08,6.968207678514701e-10,4.339003338813787e-11,6.130047096269886e-07
93.15,2.860890755127127e-07,1.8619795254701558e-08,6.946049603672201e-10,4.320583926267624e-11,6.110661864911392e-07
93.2,2.8518533839582035e-07,1.8560593189143588e-08,6.923973546309025e-10,4.302252344062261e-11,6.091347930198334e-07
93.25,2.842849212928072e-07,1.850161021577601e-08,6.90197916023039e-10,4.2840081275669325e-11,6.072104993368665e-07
93.30000000000001,2.833878103085897e-07,1.8442845410098048e-08,6.880066100882224e-10,4.265850814850551e-11,6.052932757064431e-07
93.35000000000001,2.8249399161330284e-07,1.8384297851987554e-08,6.858234025342141e-10,4.247779946664754e-11,6.033830925324491e-07
93.4,2.81603451441959e-07,1.8325966625677996e-08,6.836482592310915e-10,4.229795066426347e-11,6.014799203577217e-07
93.45,2.8071617609411234e-07,1.8267850819735607e-08,6.814811462103852e-10,4.211895720200806e-11,5.995837298633287e-07
93.5,2.798321519335232e-07,1.8209949527036605e-08,6.793220296642474e-10,4.194081456685997e-11,5.976944918678492e-07
93.55000000000001,2.789513653878247e-07,1.815226184474462e-08,6.77170875944605e-10,4.1763518271952036e-11,5.958121773266595e-07
93.60000000000001,2.780738029481921e-07,1.8094786874288326e-08,6.750276515623267e-10,4.15870638564046e-11,5.93936757331224e-07
93.65,2.7719945116901197e-07,1.8037523721338968e-08,6.72892323186409e-10,4.141144688516043e-11,5.920682031083856e-07
93.7,2.763282966675556e-07,1.7980471495788247e-08,6.707648576431128e-10,4.1236662948827664e-11,5.902064860196669e-07
93.75,2.7546032612365296e-07,1.7923629311726243e-08,6.686452219151416e-10,4.106270766351392e-11,5.883515775605698e-07
93.80000000000001,2.745955262793685e-07,1.7866996287419345e-08,6.665333831408835e-10,4.088957667066569e-11,5.865034493598815e-07
93.85000000000001,2.7373388393868017e-07,1.7810571545288582e-08,6.644293086135387e-10,4.071726563690964e-11,5.846620731789861e-07
93.9,2.7287538596715745e-07,1.7754354211887864e-08,6.623329657803003e-10,4.0545770253893026e-11,5.828274209111745e-07
93.95,2.720200192916443e-07,1.7698343417882382e-08,6.602443222415988e-10,4.037508623812827e-11,5.809994645809653e-07
94.0,2.71167770899942e-07,1.7642538298027162e-08,6.581633457502689e-10,4.020520933083539e-11,5.791781763434238e-07
94.05000000000001,2.7031862784049417e-07,1.7586937991145727e-08,6.560900042107303e-10,4.003613529778792e-11,5.77363528483488e-07
94.10000000000001,2.6947257722207475e-07,1.7531541640108953e-08,6.540242656782636e-10,3.986785992915728e-11,5.755554934152988e-07
94.15,2.6862960621347506e-07,1.7476348391813932e-08,6.519660983582293e-10,3.9700379039356544e-11,5.737540436815306e-07
94.2,2.677897020431956e-07,1.7421357397162965e-08,6.499154706051779e-10,3.9533688466897904e-11,5.719591519527287e-07
94.25,2.6695285199913773e-07,1.7366567811042736e-08,6.478723509221691e-10,3.9367784074236264e-11,5.701707910266506e-07
94.30000000000001,2.661190434282977e-07,1.7311978792303693e-08,6.458367079599973e-10,3.9202661747613226e-11,5.683889338276084e-07
94.35000000000001,2.65288263736463e-07,1.7257589503739357e-08,6.438085105163641e-10,3.903831739691491e-11,5.666135534058189e-07
94.4,2.6446050038790857e-07,1.7203399112065758e-08,6.417877275351829e-10,3.88747469555227e-11,5.648446229367522e-07
94.45,2.636357409050969e-07,1.714940678790116e-08,6.397743281057995e-10,3.8711946380166665e-11,5.630821157204886e-07
94.5,2.6281397286837846e-07,1.7095611705745815e-08,6.377682814622009e-10,3.854991165077884e-11,5.613260051810777e-07
94.55000000000001,2.619951839156942e-07,1.704201304396171e-08,6.35769556982273e-10,3.838863877034838e-11,5.595762648658985e-07
94.60000000000001,2.6117936174228046e-07,1.6988609984752708e-08,6.337781241870915e-10,3.8228123764776054e-11,5.578328684450291e-07
94.65,2.6036649410037355e-07,1.6935401714144504e-08,6.317939527401787e-10,3.806836268273423e-11,5.560957897106129e-07
94.7,2.5955656879891816e-07,1.6882387421964805e-08,6.298170124466864e-10,3.790935159552284e-11,5.543650025762324e-07
94.75,2.587495737032764e-07,1.682956630182373e-08,6.278472732527515e-10,3.7751086596925776e-11,5.526404810762874e-07
94.80000000000001,2.579454967349382e-07,1.6776937551094192e-08,6.258847052447591e-10,3.759356380307497e-11,5.509221993653727e-07
94.85000000000001,2.571443258712348e-07,1.672450037089246e-08,6.239292786485717e-10,3.7436779352310735e-11,5.492101317176655e-07
94.9,2.5634604914505127e-07,1.667225396605874e-08,6.219809638288406e-10,3.7280729405040484e-11,5.47504252526308e-07
94.95,2.555506546445432e-07,1.662019754513804e-08,6.200397312882655e-10,3.7125410143603135e-11,5.458045363028006e-07
95.0,2.5475813051285355e-07,1.656833032036091e-08,6.181055516669149e-10,3.697081777213366e-11,5.441109576763956e-07
95.05000000000001,2.539684649478315e-07,1.6516651507624476e-08,6.16178395741463e-10,3.681694851642589e-11,5.424234913934934e-07
95.10000000000001,2.5318164620175354e-07,1.6465160326473593e-08,6.14258234424533e-10,3.666379862379702e-11,5.407421123170461e-07
95.15,2.523976625810442e-07,1.6413856000081905e-08,6.123450387639964e-10,3.651136436295586e-11,5.390667954259579e-07
95.2,2.5161650244600053e-07,1.636273775523322e-08,6.104387799422405e-10,3.6359642023871274e-11,5.373975158144951e-07
95.25,2.508381542105166e-07,1.631180482230284e-08,6.085394292755244e-10,3.6208627917635804e-11,5.357342486916957e-07
95.30000000000001,2.500626063418105e-07,1.6261056435239083e-08,6.066469582132273e-10,3.60583183763387e-11,5.340769693807837e-07
95.35000000000001,2.492898473601528e-07,1.621049183154503e-08,6.047613383371937e-10,3.590870975293467e-11,5.324256533185877e-07
95.4,2.4851986583859517e-07,1.6160110252260063e-08,6.02882541361084e-10,3.575979842111332e-11,5.307802760549592e-07
95.45,2.477526504027024e-07,1.6109910941941743e-08,6.010105391296567e-10,3.561158077517276e-11,5.291408132521986e-07
95.5,2.469881897302849e-07,1.6059893148647773e-08,5.991453036180859e-10,3.546405322988934e-11,5.275072406844808e-07
95.55000000000001,2.4622647255113254e-07,1.601005612391794e-08,5.972868069313239e-10,3.5317212220392904e-11,5.25879534237286e-07
95.60000000000001,2.454674876467512e-07,1.5960399122756313e-08,5.954350213034351e-10,3.517105420203902e-11,5.242576699068341e-07
95.65,2.4471122385009864e-07,1.5910921403613433e-08,5.935899190969037e-10,3.5025575650287534e-11,5.226416237995197e-07
95.7,2.4395767004532403e-07,1.586162222836864e-08,5.917514728020003e-10,3.488077306057782e-11,5.210313721313528e-07
95.75,2.4320681516750755e-07,1.581250086231247e-08,5.899196550361119e-10,3.473664294820092e-11,5.194268912274014e-07
95.80000000000001,2.4245864820240195e-07,1.5763556574129197e-08,5.880944385430937e-10,3.459318184818081e-11,5.178281575212376e-07
95.85000000000001,2.417131581861761e-07,1.571478863587952e-08,5.862757961926213e-10,3.4450386315151656e-11,5.162351475543873e-07
95.9,2.4097033420515817e-07,1.566619632298317e-08,5.844637009795677e-10,3.4308252923236756e-11,5.146478379757812e-07
95.95,2.4023016539558243e-07,1.561777891420178e-08,5.826581260233529e-10,3.416677826592915e-11,5.130662055412107e-07
96.0,2.394926409433359e-07,1.5569535691621788e-08,5.808590445672652e-10,3.402595895597243e-11,5.114902271127858e-07
96.05000000000001,2.387577500837071e-07,1.5521465940637436e-08,5.790664299778751e-10,3.3885791625241855e-11,5.099198796583964e-07
96.10000000000001,2.380254821011366e-07,1.5473568949933946e-08,5.772802557443942e-10,3.37462729246256e-11,5.083551402511776e-07
96.15,2.3729582632896723e-07,1.5425844011470618e-08,5.755004954780385e-10,3.360739952390956e-11,5.067959860689752e-07
96.2,2.3656877214919784e-07,1.5378290420464174e-08,5.737271229114315e-10,3.346916811166018e-11,5.052423943938168e-07
96.25,2.3584430899223706e-07,1.533090747537211e-08,5.71960111897961e-10,3.333157539510996e-11,5.036943426113848e-07
96.30000000000001,2.3512242633665863e-07,1.5283694477876174e-08,5.701994364111644e-10,3.319461810004125e-11,5.021518082104923e-07
96.35000000000001,2.344031137089591e-07,1.5236650732866042e-08,5.684450705441258e-10,3.305829297067222e-11,5.006147687825625e-07
96.4,2.3368636068331482e-07,1.5189775548422864e-08,5.66696988508862e-10,3.292259676954661e-11,4.990832020211104e-07
96.45,2.329721568813422e-07,1.5143068235803008e-08,5.649551646357419e-10,3.2787526277420594e-11,4.975570857212264e-07
96.5,2.3226049197185842e-07,1.5096528109421944e-08,5.632195733728306e-10,3.265307829314845e-11,4.960363977790653e-07
96.55000000000001,2.3155135567064355e-07,1.5050154486838233e-08,5.614901892853131e-10,3.251924963357311e-11,4.945211161913356e-07
96.60000000000001,2.3084473774020473e-07,1.5003946688737527e-08,5.597669870549326e-10,3.238603713341836e-11,4.930112190547949e-07
96.65,2.301406279895397e-07,1.4957904038916598e-08,5.580499414793653e-10,3.2253437645175996e-11,4.915066845657424e-07
96.7,2.2943901627390385e-07,1.491202586426764e-08,5.56339027471644e-10,3.212144803900023e-11,4.900074910195203e-07
96.75,2.2873989249457738e-07,1.486631149476251e-08,5.546342200595593e-10,3.19900652025971e-11,4.885136168100144e-07
96.80000000000001,2.280432465986337e-07,1.4820760263437089e-08,5.529354943850907e-10,3.185928604111578e-11,4.870250404291584e-07
96.85000000000001,2.2734906857871034e-07,1.477537150637583e-08,5.512428257038157e-10,3.1729107477047833e-11,4.855417404664423e-07
96.9,2.266573484727789e-07,1.473014456269621e-08,5.495561893843616e-10,3.15995264501191e-11,4.840636956084197e-07
96.95,2.259680763639183e-07,1.4685078774533427e-08,5.478755609078186e-10,3.14705399171814e-11,4.825908846382222e-07
97.0,2.252812423800883e-07,1.4640173487025113e-08,5.46200915867132e-10,3.134214485211028e-11,4.811232864350737e-07
97.05000000000001,2.2459683669390434e-07,1.4595428048296106e-08,5.445322299665765e-10,3.121433824570283e-11,4.796608799738084e-07
97.10000000000001,2.2391484952241462e-07,1.455084180944345e-08,5.428694790211975e-10,3.108711710557188e-11,4.782036443243919e-07
97.15,2.2323527112687617e-07,1.4506414124521239e-08,5.41212638956237e-10,3.0960478456043936e-11,4.7675155865144353e-07
97.2,2.2255809181253445e-07,1.4462144350525722e-08,5.395616858065667e-10,3.0834419338059905e-11,4.7530460221376183e-07
97.25,2.21883301928403e-07,1.441803184738048e-08,5.379165957161548e-10,3.0708936809072456e-11,4.7386275436385366e-07
97.30000000000001,2.2121089186704435e-07,1.43740759779216e-08,5.362773449375087e-10,3.058402794294465e-11,4.724259945474646e-07
97.35000000000001,2.2054085206435312e-07,1.4330276107883056e-08,5.346439098311357e-10,3.0459689829852586e-11,4.709943023031137e-07
97.4,2.1987317299933827e-07,1.4286631605882003e-08,5.330162668649757e-10,3.0335919576184034e-11,4.695676572616276e-07
97.45,2.1920784519390864e-07,1.4243141843404292e-08,5.313943926138761e-10,3.021271430444203e-11,4.681460391456803e-07
97.5,2.1854485921265847e-07,1.4199806194790019e-08,5.297782637590646e-10,3.009007115314547e-11,4.6672942776933396e-07
97.55000000000001,2.1788420566265439e-07,1.4156624037219142e-08,5.281678570875774e-10,2.9967987276730937e-11,4.653178030375826e-07
97.60000000000001,2.172258751932243e-07,1.4113594750697254e-08,5.265631494917599e-10,2.98464598454612e-11,4.639111449458993e-07
97.65,2.165698584957456e-07,1.4070717718041276e-08,5.249641179687206e-10,2.972548604532528e-11,4.6250943357978313e-07
97.7,2.159161463034364e-07,1.4027992324865358e-08,5.233707396197957e-10,2.960506307794372e-11,4.611126491143108e-07
97.75,2.152647293911471e-07,1.398541795956682e-08,5.217829916500529e-10,2.94851881604741e-11,4.5972077181369075e-07
97.80000000000001,2.1461559857515283e-07,1.3942994013312186e-08,5.202008513677516e-10,2.936585852551445e-11,4.5833378203081867e-07
97.85000000000001,2.1396874471294821e-07,1.3900719880023325e-08,5.186242961838338e-10,2.9247071421014793e-11,4.5695166020683683e-07
97.9,2.133241587030413e-07,1.3858594956363525e-08,5.170533036114227e-10,2.912882411018517e-11,4.5557438687069357e-07
97.95,2.1268183148475039e-07,1.38166186417238e-08,5.154878512652751e-10,2.901111387139757e-11,4.542019426387073e-07
98.0,2.1204175403800115e-07,1.3774790338209226e-08,5.139279168612699e-10,2.889393799809859e-11,4.5283430821413186e-07
98.05000000000001,2.1140391738312486e-07,1.3733109450625326e-08,5.123734782159164e-10,2.8777293798717248e-11,4.5147146438672445e-07
98.10000000000001,2.1076831258065855e-07,1.3691575386464594e-08,5.108245132458866e-10,2.8661178596570874e-11,4.501133920323175e-07
98.15,2.101349307311445e-07,1.3650187555892943e-08,5.092809999675012e-10,2.8545589729785528e-11,4.4876007211238857e-07
98.2,2.095037629749326e-07,1.3608945371736404e-08,5.077429164961867e-10,2.84305245512005e-11,4.474114856736376e-07
98.25,2.0887480049198287e-07,1.356784824946784e-08,5.062102410459802e-10,2.831598042827453e-11,4.46067613847563e-07
98.30000000000001,2.0824803450166918e-07,1.3526895607193643e-08,5.046829519290865e-10,2.8201954743005454e-11,4.4472843785004185e-07
98.35000000000001,2.0762345626258476e-07,1.3486086865640643e-08,5.031610275553568e-10,2.8088444891839715e-11,4.4339393898091253e-07
98.4,2.0700105707234703e-07,1.3445421448143018e-08,5.016444464318061e-10,2.7975448285586164e-11,4.4206409862355725e-07
98.45,2.063808282674053e-07,1.3404898780629279e-08,5.001331871621331e-10,2.7862962349330453e-11,4.407388982444894e-07
98.5,2.0576276122284865e-07,1.3364518291609291e-08,4.986272284462195e-10,2.7750984522348094e-11,4.394183193929424e-07
98.55000000000001,2.0514684735221486e-07,1.3324279412161432e-08,4.971265490796661e-10,2.763951225801908e-11,4.3810234370046005e-07
98.60000000000001,2.0453307810730112e-07,1.3284181575919836e-08,4.956311279533195e-10,2.752854302374426e-11,4.36790952880491e-07
98.65,2.0392144497797412e-07,1.324422421906165e-08,4.941409440528009e-10,2.7418074300861816e-11,4.354841287279823e-07
98.7,2.03311939491983e-07,1.3204406780294213e-08,4.926559764580256e-10,2.7308103584560478e-11,4.3418185311897783e-07
98.75,2.0270455321477223e-07,1.3164728700842585e-08,4.911762043427313e-10,2.7198628383799477e-11,4.328841080102179e-07
98.80000000000001,2.0209927774929566e-07,1.312518942443717e-08,4.897016069740286e-10,2.7089646221226517e-11,4.3159087543874106e-07
98.85000000000001,2.0149610473583245e-07,1.3085788397301114e-08,4.882321637119258e-10,2.6981154633093678e-11,4.3030213752148955e-07
98.9,2.0089502585180212e-07,1.3046525068137876e-08,4.867678540088014e-10,2.6873151169177483e-11,4.2901787645491263e-07
98.95,2.002960328115825e-07,1.300739888811897e-08,4.853086574090214e-10,2.6765633392697153e-11,4.2773807451457717e-07
99.0,1.9969911736632764e-07,1.2968409310871721e-08,4.838545535485496e-10,2.665859888023413e-11,4.264627140547772e-07
99.05000000000001,1.991042713037869e-07,1.2929555792467099e-08,4.824055221543581e-10,2.6552045221653213e-11,4.2519177750814666e-07
99.10000000000001,1.985114864481256e-07,1.2890837791407586e-08,4.809615430440123e-10,2.6445970020023516e-11,4.239252473852745e-07
99.15,1.9792075465974525e-07,1.2852254768615052e-08,4.795225961252812e-10,2.634037089153782e-11,4.2266310627432035e-07
99.2,1.9733206783510618e-07,1.281380618741888e-08,4.7808866139563e-10,2.6235245465436562e-11,4.21405336840634e-07
99.25,1.967454179065504e-07,1.2775491513543969e-08,4.766597189417933e-10,2.6130591383929034e-11,4.2015192182637587e-07
99.30000000000001,1.961607968421254e-07,1.2737310215098898e-08,4.752357489393274e-10,2.6026406302113255e-11,4.1890284405014e-07
99.35000000000001,1.9557819664540975e-07,1.2699261762564146e-08,4.738167316522114e-10,2.5922687887904817e-11,4.1765808640657967e-07
99.4,1.9499760935533794e-07,1.2661345628780321e-08,4.724026474323682e-10,2.5819433821957387e-11,4.16417631866033e-07
99.45,1.9441902704602783e-07,1.2623561288936603e-08,4.709934767192089e-10,2.5716641797586277e-11,4.151814634741528e-07
99.5,1.9384244182660826e-07,1.2585908220559048e-08,4.695892000392506e-10,2.5614309520693205e-11,4.139495643515373e-07
99.55000000000001,1.9326784584104744e-07,1.2548385903499023e-08,4.681897980056769e-10,2.5512434709692396e-11,4.1272191769336245e-07
99.60000000000001,1.926952312679832e-07,1.2510993819921843e-08,4.667952513178972e-10,2.5411015095438064e-11,4.114985067690185e-07
99.65,1.9212459032055263e-07,1.2473731454295267e-08,4.654055407610992e-10,2.5310048421147447e-11,4.1027931492174484e-07
99.7,1.9155591524622386e-07,1.2436598293378181e-08,4.640206472058704e-10,2.5209532442328148e-11,4.090643255682698e-07
99.75,1.909891983266284e-07,1.2399593826209307e-08,4.626405516077724e-10,2.510946492670593e-11,4.078535221984512e-07
99.80000000000001,1.904244318773941e-07,1.236271754409594e-08,4.6126523500688847e-10,2.500984365415227e-11,4.0664688837491874e-07
99.85000000000001,1.8986160824797987e-07,1.2325968940602858e-08,4.598946785274374e-10,2.491066641661207e-11,4.0544440773272004e-07
99.9,1.893007198215098e-07,1.2289347511541122e-08,4.5852886337733993e-10,2.4811931018031525e-11,4.0424606397896473e-07
99.95,1.8874175901460945e-07,1.2252852754957063e-08,4.571677708478105e-10,2.471363527428765e-11,4.0305184089247436e-07
100.0,1.8818471827724262e-07,1.2216484171121337e-08,4.5581138231297623e-10,2.4615777013118974e-11,4.0186172232343257e-07
