Q,J_1s1/2(2),J_2s1/2(2),J_2p1/2(2),J_2p3/2(4),J_3s1/2(2),J_3p1/2(2),J_3p3/2(4),J_3d3/2(4),J_3d5/2(6),J_4s1/2(2),J_4p1/2(2),J_4p3/2(4),J_4d3/2(4),J_4d5/2(1),J_5s1/2(1),J_total_Ru_relativistic
0.0,0.03767047718694115,0.13642333575392163,0.06794577656246334,0.14045354823585768,0.3310083408190484,0.19686810760288093,0.4036766910637553,0.27551596445384313,0.4167474914682888,0.8111790911981352,0.5360672060168896,1.1040002348676479,1.2179776894364283,0.9321426965993544,1.680126202628841,8.287802853894297
0.05,0.03767033198825857,0.13641688678645447,0.06794577649851456,0.14045354808899618,0.3309029745131198,0.1968680962948323,0.40367666547239905,0.27551596445188287,0.4167474914651855,0.8095625915265735,0.5360653749474795,1.1039959668683692,1.217977409952064,0.9321424407246626,1.6327404311472837,8.238681950726075
0.1,0.037669896396835094,0.13639754191559175,0.06794577592475844,0.1404535467674075,0.33058709070633496,0.19686799460382598,0.4036764353434814,0.2755159643872714,0.4167474913629019,0.8047339782925685,0.5360490011838552,1.103957818746445,1.2179686607388396,0.9321344572829995,1.49934925014447,8.100054903797586
0.15000000000000002,0.03766917042654323,0.13636530723476242,0.06794577369580553,0.14045354162890303,0.33006133396659454,0.19686759963565495,0.40367554157731306,0.2755159638498474,0.416747490512154,0.7967554333208089,0.535985965493022,1.1038110591242891,1.2179013438088293,0.932073334899396,1.3033302963409124,7.895159155514837
0.2,0.03766815410050279,0.13632019289572525,0.0679457679038062,0.14045352827258034,0.3293267760275023,0.19686657458492132,0.4036732222165486,0.2755159613801788,0.41674748660279337,0.785729024550529,0.5358244457791546,1.1034353883381491,1.2176227238350648,0.9318219826441456,1.0753744120386433,7.654325641170245
0.25,0.03766684745107928,0.13626221310263828,0.06794575588014848,0.14045350054293795,0.32838491198337577,0.1968644507521025,0.40366841723361124,0.27551595331998097,0.416747473844549,0.7717944107285141,0.5354953743931896,1.1026710306787086,1.2168253163068798,0.9311082547387016,0.8452010366532923,7.406604947609709
0.30000000000000004,0.03766525051988178,0.13619138610376383,0.06794573419783227,0.14045345053562877,0.32723765499086005,0.19686063034683648,0.40365977518179375,0.2755159322307628,0.41674744046513745,0.7551257397285824,0.5349156720720013,1.1013267157168902,1.2150402110850527,0.929524825898235,0.6354778155978538,7.173688234671113
0.35000000000000003,0.03766336335776007,0.13610773418081654,0.06794569867451733,0.14045336860484584,0.32588732950548716,0.1968543900570568,0.4036456616593621,0.27551588490814716,0.41674736556981523,0.735927845585087,0.5339920721442522,1.099189057630689,1.2116858541399387,0.9265785964312359,0.4593704179917346,6.967564640440746
0.4,0.0376611860248012,0.1360112836359642,0.06794564437624154,0.14045324337233134,0.32433666308924897,0.19684488535812344,0.4036241695223862,0.27551579002629095,0.4167472154176295,0.7144318703424356,0.5326253214739111,1.0960327748778775,1.206154207305988,0.921770032497498,0.3212663587607826,6.7914206460815105
0.45,0.037658718590325435,0.1359020647764936,0.06794556562180519,0.1404530617379982,0.32258877683271325,0.19683115553085873,0.4035931307690623,0.2755156154531898,0.41674693917980143,0.6908904519163441,0.5307145331776393,1.0916311696900476,1.1979031500856092,0.9146728872489454,0.21924223371139548,6.642289454322229
0.5,0.03765596113288155,0.13578011189715486,0.06794545598781641,0.1404528088921518,0.3206471744423439,0.19681212935245354,0.4035501300060984,0.2755153152832812,0.41674646425466244,0.6655726278584113,0.5281614703411343,1.0857663066277383,1.1865282226912939,0.9049911342021015,0.14786842938297842,6.513993742352502
0.55,0.03765291374024151,0.13564546326020113,0.06794530831439193,0.14045246832929703,0.3185157300504438,0.19678663141960576,0.40349251939642267,0.2755148266385649,0.41674569122121113,0.6387586071235211,0.5248745582829165,1.0782383868017962,1.1718004325958484,0.8925838009110636,0.10049036725482183,6.399497705340347
0.6000000000000001,0.03764957650939455,0.13549816107314144,0.06794511471150677,0.14045202186351452,0.3161986748114713,0.1967533890590289,0.4034174349771484,0.27551406629336445,0.41674448851954254,0.6107345579387949,0.520772452776629,1.0688739012621422,1.1536704801450384,0.8774606934172886,0.07069942165369904,6.292384435011706
0.65,0.03764594954654059,0.1353382514642273,0.06794486656598578,0.14045144964538778,0.3137005823543463,0.19671103977666043,0.40332181422748403,0.27551292718080295,0.41674268695103267,0.5817875502680535,0.5157870297165598,1.057532253568096,1.1322481241497615,0.859758513176008,0.05307168452263847,6.1875547231135855
0.7000000000000001,0.037642032967083044,0.13516578445569508,0.06794455454912894,0.14045073018046114,0.3110263531657211,0.19665813919353825,0.4032024147581812,0.27551127484101756,0.4167400740941756,0.5522007770227176,0.5098657043465098,1.0441106571922179,1.1077678825856647,0.8397078579249333,0.04339462333031684,6.081388860607362
0.75,0.03763782689562104,0.1349808139347892,0.06794416862496204,0.14044984034920696,0.3081811979840104,0.19659316941342467,0.40305583398724226,0.27550894387208014,0.4167363887333517,0.5222491601377811,0.5029730317916901,1.0285472282566994,1.0805507727129129,0.8175993576985736,0.038602094756849885,5.971609829149195
0.8,0.03763333146594098,0.13478339762259178,0.0679436980591033,0.14044875542847812,0.3051706202882248,0.19651454776486088,0.4028785296610021,0.2755057344445232,0.4167313153975495,0.4921954270589496,0.4950915820591568,1.0108222997285574,1.0509686695940255,0.7937539792652539,0.03658070011179585,5.857022587950014
0.8500000000000001,0.037628546821007476,0.13457359704068758,0.06794313142823617,0.140447449114421,0.30200039796931183,0.1964206358584452,0.40266684107539324,0.27550140893931485,0.4167244791042197,0.46228672124204795,0.486222119360145,0.9909580732543288,1.0194147374295386,0.7684997042569324,0.03594650614038026,5.737234349034409
0.9,0.03762347311295372,0.13435147747569418,0.06794245663017745,0.1404458935468218,0.29867656427475675,0.19630974889875455,0.40241701084921633,0.27549568876712655,0.4167154404000694,0.432751788061695,0.47638314577523194,0.9690167952738921,0.9862810263408156,0.7421548527052805,0.03584189689415542,5.612407259006642
0.9500000000000001,0.03761811050307117,0.13411710794168963,0.06794166089452969,0.1404440593348577,0.2952053881196236,0.19618016518947323,0.4021252070995736,0.27548825142384553,0.4167036907858062,0.4037987560618228,0.46560989193755337,0.9450976931773363,0.9519428710834373,0.7150172636097458,0.035771218645256765,5.483061335807623
1.0,0.037612459161798666,0.13387056114057155,0.06794073079390588,0.14044191558422287,0.2915933538590166,0.19603013576995282,0.4017875458692646,0.2754787278335788,0.4166886486057432,0.37561351359571715,0.4539528522898816,0.9193329353241294,0.9167490164168833,0.6873581259649972,0.03547718384983411,5.349927706059498
1.05,0.037606519268710926,0.13361191342038312,0.06793965225571401,0.14043942992559733,0.2878471406181113,0.19585789412159554,0.4014001136568704,0.2754667000259568,0.4166696554759028,0.34835866325140336,0.4414759699334123,0.8918828875737523,0.8810161812201716,0.6594192235876669,0.03485262375976843,5.213844568095018
1.1,0.0376002910125064,0.13334124473164363,0.0679384105744883,0.14043656854442615,0.2839736012764526,0.1956616658831156,0.4009589899024206,0.2754516991894744,0.4166459733159906,0.3221730214955725,0.4282545769489608,0.8629309315110812,0.8450268418837898,0.6314125182972575,0.03387999990841271,5.075686334475593
1.1500000000000001,0.03759377459099455,0.1330586385817227,0.06793699042475355,0.140433296211974,0.279979741203146,0.19543967851487043,0.400460269284893,0.27543320413700373,0.41661678204149943,0.297171618958181,0.41437319145669776,0.8326780893178756,0.8090292106532082,0.6035212228018998,0.032591396115949904,4.9363171042946705
1.2000000000000002,0.03758697021108249,0.13276418198729886,0.06793537587440847,0.14042957631761904,0.27587269683890053,0.19519017085404597,0.39990008369227853,0.27541064021359335,0.41658117796244987,0.2734461478042418,0.3999232638597814,0.8013376709455707,0.7732386127852865,0.5759017383040058,0.031042970163268305,4.796561277813831
1.25,0.03757987808876103,0.13245796542494487,0.06793355039861297,0.14042537090234927,0.2716597142196319,0.19491140250449687,0.3992746237304749,0.27538337867034024,0.41653817292504625,0.2510657966285133,0.3850009529802061,0.7691301244184763,0.7378396785641276,0.5486860217172475,0.029299271658760926,4.657185902831991
1.3,0.03757249844909012,0.13214008277988357,0.06793149689416458,0.14042064069342278,0.26734812753452813,0.19460166300745624,0.39858015964376703,0.27535073652160313,0.41648669422202345,0.2300784100669746,0.36970499934947326,0.7362782328683404,0.7029889423219001,0.5219840952748567,0.027424098756992324,4.518890878384476
1.35,0.037564831526183666,0.13181063129295992,0.06792919769434792,0.14041534514015183,0.2629453378091452,0.19425928074210388,0.39781306152702334,0.27531197689622666,0.4164255852868554,0.21051190955678875,0.35413474881812684,0.7030027648512464,0.668817576907091,0.49588651983968324,0.025475570562423146,4.382304338450357
1.4000000000000001,0.037556877563193765,0.13146971150587555,0.0679266345842412,0.14040944245077033,0.2584587918012684,0.19388263150808305,0.39696981871787945,0.27526630988687967,0.4163536071764751,0.1923759130423137,0.33838836576140785,0.6695186496014637,0.6354340921886056,0.4704667289943061,0.0235038384569798,4.247981413239744
1.4500000000000002,0.03754863681229431,0.13111742720473443,0.06792378881646313,0.14040288963034264,0.2538959611939806,0.19347014674544216,0.3960470582659977,0.2752128938951744,0.4162694408368727,0.17566349453384475,0.3225612621426348,0.6360317175141784,0.6029268965833389,0.445783171650741,0.0215503912946437,4.116405177120683
1.5,0.03754010953466405,0.13075388536194865,0.06792064112734315,0.1403956425196707,0.24926432216666025,0.19302032135111308,0.39504156238587085,0.2751508374640287,0.4161716901360615,0.160353028885367,0.30674475701113596,0.6027360191594577,0.5713666683265028,0.42188124347757006,0.01964827681996567,3.9879890057273606
1.55,0.03753129600046897,0.13037919607655526,0.06791717175349753,0.1403876558351557,0.24457133542052853,0.19253172105487612,0.3939502848094771,0.275079201582842,0.41605888563955346,0.14641007258755828,0.2910249709370505,0.5698117138950789,0.5408085144320383,0.39879500726000994,0.017822809638249053,3.86307983692294
1.6,0.03752219648884415,0.12999347251299603,0.06791336044879355,0.14037888320956926,0.2398244267309186,0.19200298932176627,0.3927703659652769,0.2749970024455578,0.41592948909480265,0.13378923742089327,0.2754819515475577,0.5374235016845369,0.5112939147020432,0.37654871344930996,0.01609250021745641,3.741962005240323
1.6500000000000001,0.03751281128787499,0.1295968308384128,0.06790918650168377,0.1403692772336891,0.2350309680936938,0.1914328537520008,0.39149914692046955,0.27490321463664463,0.41578189858314657,0.12243602016856042,0.2601890197326002,0.5057195587890366,0.48285245946049377,0.3551581377811807,0.014470046179846607,3.624861429959334
1.7000000000000002,0.03750314069457783,0.12918939015851277,0.06790462875289166,0.14035878949875216,0.23019825952823986,0.19082013195371517,0.39013418203398303,0.27479677471549924,0.41561445429069876,0.11228855798348766,0.245212321146458,0.47483092915812186,0.4555033957799171,0.3346317550219347,0.012963295370212473,3.5119500060870017
1.75,0.03749318501488005,0.12877127245205836,0.06789966561343008,0.14034737063967845,0.2253335115942434,0.19016373686804178,0.38867325027826244,0.2746765851658016,0.4154254448434749,0.10327928522014566,0.23061056419568646,0.4448713180563209,0.42925699966229824,0.31497176790992576,0.011576132975790724,3.4033500904900387
1.8,0.037482944563599484,0.1283426025040378,0.06789427508293357,0.14033497037901824,0.22044382867408877,0.189462681530316,0.38711436519844244,0.27454151867296356,0.41521311414682205,0.09533647341030918,0.21643492358733965,0.415937232150825,0.4041157921331861,0.29617500921323503,0.010309271190077308,3.2991390024371943
1.85,0.03747241966442332,0.1279035078375731,0.06788843476828506,0.14032153757157392,0.21553619306720348,0.18871608325540745,0.38545578348785103,0.27439042269002756,0.4149756686649918,0.08838564145857977,0.20272908750996327,0.38810841036604465,0.38007561651864313,0.27823373318830774,0.009160935466588,3.199353475515463
1.9000000000000001,0.037461610649886415,0.12745411864462258,0.06788212190251781,0.14030702024964822,0.21061744993710005,0.18792316723931834,0.38369601216890625,0.27422212425020204,0.414711285073456,0.08235082797550075,0.18952942642756873,0.3614484917358539,0.35712659291054827,0.2611363108459127,0.008127450237621722,3.1039940102486643
1.9500000000000002,0.03745051786134896,0.12699456771553683,0.06787531336397275,0.14029136566886954,0.2056942931462437,0.18708326957323163,0.3818338143782535,0.2740354349826574,0.41441811821431473,0.07715572190685888,0.17686526208711376,0.33600586975778696,0.33525396422163056,0.24486784152054752,0.007203731612431532,3.013029086010798
2.0,0.03743914164897367,0.12652499036752615,0.06786798569569147,0.14027452035454516,0.20077325200825963,0.1861958396700978,0.3798682137643785,0.2738291562872443,0.4140943092838467,0.07272465124084022,0.16475921649323805,0.3118146869444405,0.31443884653498977,0.22941069151704196,0.006383696645599403,2.9263991984567133
2.0500000000000003,0.03742748237170231,0.12604552437209954,0.06786011512502507,0.1402564301484924,0.19586067898141934,0.18526044210759643,0.37779849751485295,0.2736020846234102,0.4137379941808853,0.06898343258808082,0.15322762213176527,0.2888959280137811,0.2946588948934181,0.21474496907481933,0.005660599348488613,2.844020695475837
2.1,0.037415540397231724,0.12555630988153477,0.06785167758343873,0.14023704025629813,0.19096273832185243,0.18427675789486928,0.3756242180387709,0.27335301686875585,0.41334731194520624,0.06586008686014284,0.14228097649064003,0.2672585751676381,0.27588889424800783,0.200848943500198,0.0050273033490155815,2.765789390803601
2.15,0.037403316101989194,0.12505748935443992,0.06784264872649196,0.14021629529495652,0.18608539570954574,0.183244585173777,0.3733451933377666,0.2730807557033504,0.4129204132164317,0.06328542816008192,0.1319244258217177,0.24690079394532533,0.25810128396146276,0.18769941514742777,0.004476500385930528,2.6915839400406947
2.2,0.03739080987110734,0.1245492074804671,0.06783300395397444,0.14019413934083497,0.1812344088549584,0.18216383936856165,0.3709615061062266,0.27278411497707905,0.41245546864602134,0.06119353439429228,0.12215826501958535,0.2278111230327358,0.24126662313244066,0.17527204197747584,0.0040008829156662805,2.6212689690714273
2.25,0.03737802209839842,0.1240316111042395,0.06782271843017723,0.14017051597791816,0.1764153190890157,0.1810345528006879,0.3684735016078914,0.2724619250188815,0.41195067719766204,0.05952210907282589,0.11297844239501792,0.209969646031083,0.22535400307845968,0.16354162759119334,0.003593278144442648,2.554697949637894
2.3000000000000003,0.037364953186327994,0.12350484914855257,0.06781176710427919,0.1401453683462804,0.17163344393438326,0.17985687378827556,0.3658817843819613,0.2721130378487037,0.4114042742747003,0.058212744343207196,0.10437705993932102,0.19334912745969945,0.2103314124884848,0.15248237492881855,0.003246749853319632,2.491715821026315
2.35,0.03735160354598816,0.12296907253691108,0.0678001247308286,0.14011863919073628,0.1668938706512851,0.1786310652519142,0.36318721383706004,0.27173633225528837,0.4108145396171071,0.057211095557450305,0.09634286137552996,0.17791609913352005,0.1961660600411888,0.14206810928214342,0.002954673513683822,2.4321613605206354
2.4000000000000004,0.03733797359707013,0.12242443411546326,0.06778776589029978,0.14009027090962006,0.16220145074673256,0.17735750285076357,0.36039089879596214,0.27133071870550735,0.4101798049147446,0.05646697765840216,0.08886170184982391,0.16363188649424773,0.18282465872507825,0.1322724738043815,0.0027107894040210912,2.375869308462118
2.45,0.037324063767836306,0.12187108857439352,0.06777466500970482,0.14006020560364466,0.15756079543190035,0.17603667267468706,0.3574941910578565,0.2708951440537554,0.409498461088322,0.05593439344103081,0.08191699451853392,0.1504535674813278,0.17027367562335943,0.12306910029142479,0.0025092377402650017,2.322672256358042
2.5,0.03730987449509178,0.12130919236883514,0.06776079638324049,0.1400283851247909,0.1529762720085273,0.1746691685197383,0.35449867804810126,0.270428596022916,0.4087689651943208,0.0555715033437639,0.07549013052783732,0.13833485911631285,0.1584795504915189,0.11443175769019201,0.0023445792263986666,2.2724023085615856
2.5500000000000003,0.037295406224155316,0.12073890363936426,0.06774613419295067,0.13999475112517873,0.1484520011616516,0.17325568877562755,0.35140617462794105,0.26993010743153584,0.4079898469152424,0.05534054589642509,0.06956086996594112,0.12722692916419773,0.14740888610540875,0.10633448053738423,0.0022118039044232616,2.224892529667428
2.6,0.03728065940882976,0.12016038213213617,0.0677306525293845,0.13995924510587202,0.14399185513271806,0.17179703295483756,0.3482187141385215,0.2693987601450573,0.40715971460171985,0.0552077173315082,0.06410770229707884,0.11707913205694725,0.1370286130825752,0.09875167929162926,0.0021063307262391027,2.1799781909350546
2.6500000000000004,0.03726563451137194,0.11957378911872475,0.06771432541223113,0.13992180846556965,0.139599456744123,0.17029409789384428,0.34493853875477093,0.26883368873220825,0.40627726083826465,0.0551430181861139,0.05910817557199282,0.10783966975099364,0.12730613161649723,0.0916582343214505,0.0020239998810117343,2.1374978297991682
2.7,0.037250332002461986,0.11897928731572571,0.06769712681091164,0.1398823825491354,0.13527817924360225,0.16874787365743774,0.3415680892253561,0.2682340838109014,0.4053412675096267,0.05512007400953232,0.05453919436180875,0.09945617937708873,0.11820943232691798,0.08502957516223307,0.001961059576536541,2.097294136939276
2.75,0.037234752361172185,0.11837704080418363,0.06767903066510916,0.13984090869592078,0.13103114693450668,0.16715943917743792,0.33810999407498277,0.2675991950712112,0.4043506103498695,0.05511593656821989,0.05037728689356561,0.09187625046295056,0.10970719825058506,0.07884174650952665,0.0019141486865254965,2.0592146855057676
2.8000000000000003,0.03721889607493525,0.11776721494890262,0.0676600109052186,0.1397973282878345,0.1268612365559611,0.1655299576571765,0.33456705834484374,0.2669283339661375,0.4033042629612531,0.05511087122356757,0.04659884228888807,0.08504787520110513,0.10176888983349343,0.07307146227530556,0.0018802764336192474,2.0231125169582422
2.85,0.03720276363951207,0.11714997631769986,0.06764004147269724,0.1397515827971142,0.12277107937515074,0.16386067177297678,0.3309422519460493,0.266220876063908,0.4022013002948239,0.05508813546234985,0.04318031913508608,0.07891983572880532,0.09436481461701908,0.06769614892935681,0.0018568000702983527,1.9888465976228475
2.9000000000000004,0.037186355558958974,0.1165254926006605,0.06761909634029831,0.1397036138337557,0.11876306395252564,0.1621528987035264,0.32723869769944836,0.26547626305848404,0.40104090158919603,0.055033752895676254,0.040098426862661095,0.07344203271418955,0.08746618317291172,0.06269397925410664,0.0018414013432379154,1.9562821595796374
2.95,0.03716967234559444,0.11589393252945228,0.06759714953216939,0.13965336319255706,0.11483933953954906,0.16040802501751736,0.32345965913340397,0.2646940044376982,0.3998223527683397,0.05493628641732684,0.03733028157643843,0.0685657597304954,0.08104515273060045,0.05804389753801632,0.001832062377731186,1.9252909388668904
3.0,0.03715271451996532,0.115255465796757,0.06757417514379821,0.13960077289973416,0.11100182006772746,0.15862750144923568,0.31960852810886503,0.2638736788110452,0.39854504830323634,0.05478661363175191,0.03485353810013621,0.06424392797291642,0.07507485981858927,0.05372563714857882,0.001827041491517801,1.8957513232638545
3.0500000000000003,0.037135482610812495,0.11461026297587569,0.06755014736178867,0.13954578525906736,0.10725218868704452,0.15681283759094064,0.31568881233851875,0.26301493490155936,0.39720849254600143,0.05457770712889823,0.03264650005599035,0.06043124585252638,0.06952944312620453,0.04971973135944142,0.0018248493400094565,1.8675484211346796
3.1,0.037117977155036126,0.1139584954405634,0.06752504048345008,0.13948834289753767,0.1035919028115587,0.15496559652989256,0.3117041228639575,0.26211749220842706,0.3958123005484959,0.05430442169883588,0.03068820982095398,0.05708435790779632,0.06438405770380903,0.04600751822964519,0.0018242257051309854,1.8405740620050905
3.1500000000000004,0.03710019869766029,0.11330033528514845,0.06749882893618322,0.1394283888104136,0.1000221996298072,0.15308738945678568,0.3076581615516916,0.2611811413489952,0.3943561983805344,0.053963290143985765,0.028958520186870434,0.054161947323253204,0.05961488153228748,0.04257114025993585,0.0018241171643061708,1.8147267387078585
3.2,0.037082147791797214,0.11263595524499075,0.06747148729664729,0.13936586640575016,0.09654410203777236,0.15117987027113675,0.30355470866552614,0.26020574409064406,0.39284002296554865,0.053552328959602255,0.02743814951081976,0.051624806151053665,0.05519911539706583,0.039393539497265026,0.001823655813323065,1.7899115000989432
3.25,0.03706382499861093,0.1119655286173321,0.06744299030969168,0.1393007195482621,0.09315842495249238,0.14924473020788231,0.2993976105693315,0.25919123308458697,0.39126372145397825,0.053070854812247326,0.0261087220795939,0.04943587710677959,0.05111497692395016,0.03645844870273521,0.001822139164860913,1.7660398025323354
3.3000000000000003,0.03704523088728051,0.11128922918259111,0.0674133129070378,0.1392328926025361,0.08986578196492714,0.14728369250806825,0.2951907676106209,0.2581376113150503,0.3896273501567363,0.05251931244890583,0.024952795334172086,0.04756027056576189,0.04734168956878369,0.033750379136915136,0.0018190113013947249,1.7430293274907818
3.35,0.03702636603496277,0.1106072311261539,0.06738243022569575,0.139162330475546,0.08666659229140056,0.14529850715508402,0.29093812223162624,0.25704495127846694,0.38793107306284785,0.05189911441332296,0.023953875510576303,0.04596526012909592,0.043859467278475575,0.031254605469367314,0.001813845325904157,1.720803772008526
3.4000000000000004,0.03700723102675449,0.10991970896071078,0.06735031762610173,0.13908897865843758,0.0835610879838205,0.14329094569641973,0.28664364735078385,0.2559133939083016,0.38617515996678753,0.051212492728023126,0.023096423156327855,0.04462025986608043,0.040649495470417636,0.02895714827805028,0.0018063271249006742,1.6992926178019179
3.45,0.036987826455654196,0.10922683744918843,0.06731695070996217,0.13901278326755034,0.08054932135991104,0.14126279616941678,0.28231133505372835,0.2547431472619145,0.38435998423216683,0.050462362517082845,0.022365849880011408,0.043496786077592324,0.037693908923440926,0.02684475455503999,0.0017962404352545084,1.6784308843479148
3.5,0.03696815292252344,0.1085287915283252,0.06728230533779114,0.1389336910846446,0.07763117261585845,0.13921585814795714,0.27794518562907633,0.25353448498647435,0.38248602021925415,0.04965219739283043,0.02174850758773655,0.0425684061672433,0.03497576711847784,0.024904876591729387,0.0017834531882460524,1.6581588705181687
3.5500000000000003,0.036948211036047576,0.10782574623293678,0.06724635764612825,0.13885164959630392,0.07480635758506415,0.13715193792550373,0.27354919698049446,0.25228774458136166,0.3805538404043666,0.048785916306024746,0.021231671356637238,0.04181067695741253,0.0324790275071095,0.023125649583808,0.001767905090230354,1.6384218887894288
3.6,0.03692800141269615,0.10711787662091782,0.06720908406442441,0.1387666070324841,0.07207443560809108,0.13507284384837537,0.2691273544428079,0.25100332547476795,0.3785641122194737,0.04786778146061512,0.020803516993608155,0.04120107454793674,0.03018851713813665,0.021495868259043698,0.0017495963891772976,1.6191699955125562
3.6500000000000004,0.03690752467668277,0.10640535769902386,0.06717046133158358,0.13867851240418103,0.0694348174803753,0.13298038181162525,0.26468362102624077,0.24968168693230755,0.3765175946404137,0.04690230681794083,0.02045309422852618,0.04071891758819549,0.02808990303169363,0.020004962793077133,0.0017285777687972767,1.6003577202306642
3.7,0.036886781459924516,0.10568836434947705,0.06713046651214917,0.13858731554019127,0.06688677344583625,0.13087635092840183,0.26022192810931344,0.24832334581543017,0.37441513455196784,0.04589417665840197,0.02017029639621736,0.04034528561979896,0.026169661643923717,0.018642974251194676,0.001704941306416695,1.581943796588645
3.75,0.036865772402000944,0.10496707125743727,0.067089077012124,0.13849296712294057,0.06442944120613926,0.12876253938221105,0.2557461665974609,0.24692887420726195,0.37225766291768186,0.04484817362862711,0.019945827371118562,0.0400629339478255,0.024415047722477132,0.017400529768088972,0.001678812427662806,1.563890896971058
3.8000000000000003,0.03684449815011259,0.1042416528393796,0.06704627059441352,0.13839541872335664,0.062061833917035875,0.12664072047008054,0.2512601785611118,0.245498896923229,0.3700461907817912,0.04376911567658834,0.019771166433443715,0.03985620631392594,0.022814062821382895,0.01626881764785549,0.001650342789144383,1.5461653726428513
3.85,0.03682295935903907,0.10351228317241716,0.06700202539388254,0.13829462283476424,0.05978284814491129,0.1245126488432526,0.24676774936377732,0.24403408892343598,0.3677818051299154,0.04266180126378778,0.019638531666009193,0.0397109464746475,0.021355423711350293,0.015239562543286955,0.0016197040196815617,1.528737000844159
3.9000000000000004,0.036801156691096716,0.10277913592460741,0.06695631993201583,0.13819053290578143,0.057591271758396866,0.12238005695071123,0.2422726002876647,0.24253517264330096,0.36546566463435576,0.04153096224058943,0.019540842406862827,0.03961440963281926,0.0200285308869116,0.014305000855347702,0.0015870822518482797,1.5115787400023102
3.95,0.03677909081609578,0.10204238428627843,0.06690913313117408,0.13808310337219815,0.05548579173164614,0.12024465168958454,0.2377783816614589,0.24100291525839515,0.3630989953088817,0.040381223776225,0.019471681214533052,0.03955517452837707,0.018823437345673173,0.013457856471743669,0.0015526733772773494,1.4946664939695422
4.0,0.03675676241129724,0.10130220090241025,0.06686044432843692,0.13797228968781844,0.053465001837612505,0.11810811126525825,0.23328866649220723,0.2394381258988145,0.3606830860968396,0.039217070747385174,0.019425255740008043,0.03952305686704289,0.017730817793235567,0.012691316943456462,0.0015166789615148363,1.4779788859733378
4.05,0.03673417216136913,0.10055875780610515,0.06681023328902509,0.13785804835425014,0.05152741021140027,0.115972082262898,0.22880694460071446,0.23784165282773184,0.35821928441528395,0.03804282000722731,0.019396360842331567,0.03950902465016404,0.016741938401876058,0.011999010184581577,0.00147930275754307,1.4614970427725016
4.1000000000000005,0.03671132075834249,0.09981222635317913,0.06675848021929477,0.13774033694962654,0.049671446765474275,0.1138381769310028,0.22433661725749934,0.23621438059805147,0.35570899167662845,0.03686259797886628,0.01938034123276779,0.03950511586604316,0.015848627228465237,0.011374981766311566,0.0014407477599066986,1.4452043893414601
4.15,0.03668820890156689,0.09906277715790551,0.06670516577929742,0.13761911415624606,0.04789547044020259,0.1117079706766084,0.21988099231418942,0.23455722720032463,0.35315365880806077,0.0356803230429075,0.019373054885605347,0.03950435891148525,0.015043245381218552,0.010813672860152158,0.001401213744254067,1.4290864542600246
4.2,0.036664837297665516,0.0983105800299401,0.06665027109489892,0.13749433978711773,0.04619777627486096,0.10958299977082235,0.21544327982323386,0.23287114121429284,0.35055478178767574,0.03449969221641585,0.019370837411575727,0.039500696031262154,0.01431865900812102,0.01030989887481396,0.0013608952406206354,1.4131306858633172
4.25,0.036641206660489915,0.09755580391245594,0.06659377776945259,0.13736597481140078,0.04457660228584418,0.1074647592625092,0.2110265881369979,0.2311570989756154,0.3479138972149659,0.033324171650113005,0.01937046755226776,0.03948890999194852,0.01366821216212003,0.00985882882225374,0.0013199798918257504,1.3973262791002605
4.3,0.03661731771107426,0.0967986168215142,0.06653566789502098,0.13723398137872908,0.04303013614039748,0.10535470109714723,0.20663392047565862,0.22941610176851396,0.3452325779319843,0.032156990500895356,0.019369133920531467,0.03946455414432216,0.013085700586012237,0.009455965437059446,0.0012786471518558915,1.381664012960717
4.3500000000000005,0.03659317117758928,0.0960391857866962,0.066475924063142,0.1370983228424114,0.041556521615700004,0.10325423243715423,0.20226817195185243,0.2276491730542412,0.3425124287101666,0.031001137767415553,0.019364403082378603,0.03942388597447483,0.012565346450214874,0.009097126064714415,0.0012370672832651014,1.3661360982614166
4.4,0.03656876779529577,0.09527767679302053,0.0664145293751354,0.13695896378150096,0.04015386483459496,0.10116471417932321,0.19793212703872406,0.22585735574445565,0.3397550820164847,0.0298593617070134,0.01935418905000158,0.03936380419720296,0.012101774064542466,0.00877842432899641,0.0011954006160249948,1.3507360355223166
4.45,0.03654410830649772,0.09451425472416686,0.06635146745194621,0.13681587002172765,0.03882024027066432,0.09908745966441929,0.1936284574668859,0.22404170952776792,0.3369621938713045,0.028734171482343255,0.01933672423294988,0.03928178940543548,0.011689986575093458,0.008496252582022877,0.0011537970336700772,1.3354584826168956
4.5,0.03651919346049508,0.09374908330702772,0.06628672244352228,0.1366690086552894,0.03755369651668795,0.09702373357346764,0.18935972053481756,0.22220330825692175,0.334135439809051,0.02762784071532733,0.019310531874936004,0.03917584825573979,0.011325343651231806,0.008247265133876407,0.0011123956560222662,1.3202991318444137
4.55,0.03649402401353609,0.09298232505760723,0.06622027903772339,0.13651834805949833,0.03635226181180267,0.09497475100480211,0.18512835781640238,0.22034323740328685,0.3312765109515425,0.026542412654329897,0.019274399986915755,0.03904446114169737,0.01100354016057702,0.00802836225537129,0.001071324690246848,1.30525459604534
4.6000000000000005,0.03646860072876933,0.09221414122828454,0.06615212246876027,0.1363638579142808,0.03521394932388767,0.09294167672554739,0.18093669424861072,0.2184625915845778,0.32838711020265765,0.025479706687520257,0.019227356772739256,0.03888653328357008,0.010720585822282155,0.007836674944086004,0.0010307014246609392,1.290322303360235
4.65,0.036442924376195354,0.09144469175645858,0.06608223852516201,0.13620550921852959,0.03413676218484412,0.09092562459086961,0.17678693758178937,0.21656247217097574,0.32546894857184494,0.024441325961140143,0.019168647531553083,0.03870134914363633,0.010472785824566256,0.007669550439161369,0.0009906323425503225,1.275500400219277
4.7,0.036416995732617925,0.09067413521458866,0.06601061355727102,0.13604327430530966,0.033118698277510496,0.08892765712404839,0.17268117817459172,0.21464398497411863,0.3225237416328719,0.023428665885725113,0.019097713011019462,0.03848853006135708,0.010256722389308444,0.007524538467764243,0.0009512133353351775,1.2607876621434377
4.75,0.03639081558159498,0.08990262876164486,0.0659372344842652,0.13587712685591832,0.03215775477395964,0.08694878525019607,0.1686213891152848,0.21270823802274733,0.3195532061231596,0.02244292333619597,0.019014169177089438,0.03824799499066874,0.010069237261989121,0.007399378204690147,0.0009125299967870726,1.2461834119361914
4.800000000000001,0.03636438471338918,0.08913032809598007,0.06586208880070743,0.13570704191280336,0.031251932425858706,0.08498996817627248,0.16460942665097683,0.21075633942814717,0.3165590566880423,0.02148510637310806,0.018917788359322195,0.037979924212770834,0.00990741510216026,0.007291985923935667,0.000874657982348171,1.2316874448458228
4.8500000000000005,0.036337703924918134,0.0883573874096343,0.06578516458262298,0.13553299589134266,0.030399239608440248,0.08305211340991486,0.16064703090622726,0.20878939534191104,0.31354300277334557,0.020556044332224067,0.018808481725396484,0.03768472589139781,0.009768567748627527,0.007200443319119303,0.0008376634192232841,1.2172999602843455
4.9,0.036310774019704284,0.08758395934408068,0.06570645049310568,0.1353549665904907,0.02959769612043191,0.08113607690951759,0.1567358268725114,0.2068085080079708,0.3105067456687851,0.01965639814797556,0.018686283034341722,0.037363005333390785,0.00965021933169541,0.007122986469343572,0.0008016033548685529,1.203021499698214
4.95,0.03628359580782447,0.0868101949474212,0.06562593578745468,0.13517293320229815,0.02884533674302541,0.07924266335795488,0.1528773256501162,0.20481477391030112,0.30745197570385685,0.018786670793334976,0.018551333614970578,0.03701553681510421,0.009550092202612284,0.007057995426298478,0.0007665262333624214,1.1888528901959359
5.0,0.03625617010585913,0.08603624363303843,0.06554361031784346,0.13498687632031167,0.028140214561632973,0.07737262655233451,0.149072925924223,0.20280928201719106,0.3043803695971112,0.01794721773417629,0.018403868513881233,0.03664323783451245,0.009466093649822207,0.0070039843973326524,0.0007324723903110951,1.1747951935495813
5.050000000000001,0.036228497736841225,0.08526225313970882,0.06545946453752362,0.13479677794686248,0.027480404054784344,0.07552666990220296,0.1453239156571908,0.20079311212250617,0.3012935879589882,0.01713825731041553,0.01824420375608935,0.03624714564956747,0.009396303371376286,0.006959592499431105,0.0006994745583640573,1.160849660201852
5.1000000000000005,0.036200579530204786,0.08448836949318146,0.06537348950456615,0.13460262149925298,0.026864003955060646,0.07370544702868634,0.1416314739793752,0.19876733328392757,0.29819327294772713,0.01635988096915167,0.01807272466073326,0.035828395965174176,0.009338961671739409,0.006923575059387173,0.0006675583766295073,1.1470176879247977
5.15,0.0361724163217332,0.0837147369692246,0.06528567688514347,0.13440439181485156,0.026289139887445166,0.07190956245714522,0.13799667326119744,0.19673300235775115,0.295081046077258,0.015612063286740982,0.017889875154267574,0.03538820363389245,0.009292458350927818,0.006894795435119644,0.0006367428980014823,1.1333007847906995
5.2,0.03614400895350716,0.08294149805814183,0.06519601895635582,0.13420207515510713,0.0257539667908985,0.07013957239604252,0.13442048134961299,0.19469116262946315,0.2919585061754321,0.014894671727303882,0.017696148024028288,0.034927845238969454,0.009255322254624549,0.006872217333339538,0.000607041089601503,1.1197005361324286
5.25,0.03611535827385232,0.08216879343075771,0.0651045086086059,0.1339956592084954,0.02525667112933745,0.06839598559486776,0.13090376395260434,0.19264284253897246,0.28882722749044715,0.014207476094652657,0.017492076055932556,0.03444864343239837,0.009226211454142541,0.006854897599560228,0.0005784603225908245,1.1062185751872176
5.300000000000001,0.036086465137286666,0.08139676190587182,0.06501113934752625,0.13378513309241,0.024795472898517423,0.06667926427412738,0.12744728715584128,0.19058905449907784,0.28568875794287496,0.013550157643115126,0.017278224001294872,0.03395195290526011,0.009203904025266394,0.006841979456748377,0.0005510028481931097,1.092856557133412
5.3500000000000005,0.036057330404467555,0.08062554041917903,0.06491590529546419,0.13357048735401217,0.024368627435588795,0.06498982512059513,0.12405172005620158,0.18853079380547733,0.28254461752030147,0.012922317820283455,0.0170551813192334,0.0334391478725167,0.009187289396013534,0.006832686169291543,0.0005246662575887929,1.0796161362462147
5.4,0.03602795494213852,0.07985526399365239,0.06481880119252906,0.13335171397005413,0.02397442703832103,0.06332804034121765,0.1207176374974211,0.18646903763638398,0.2793962968112321,0.012323486621409706,0.016823555642848355,0.03291161095958941,0.009175360234361324,0.006826315109886677,0.0004994439238220308,1.0664989459148677
5.45,0.035998339623075755,0.07908606571138417,0.06471982239720755,0.1331288063456912,0.02361120240116809,0.06169423876928551,0.1174455228937443,0.1844047441396014,0.276245255674611,0.011753130541068833,0.01658396691923079,0.032370723383383156,0.009167204847570115,0.006822232207701052,0.00047532542401778293,1.0535065812787408
5.5,0.03596848532603434,0.07831807668687926,0.06461896488655275,0.13290175931229903,0.023277323875485905,0.06008870701670627,0.11423577112806052,0.1823388516047244,0.27309292204103375,0.011210660112879833,0.016337042175361714,0.0318178563258337,0.009162000065675602,0.006819866756702538,0.0004522969407917904,1.0406405842550215
5.550000000000001,0.035938392935694195,0.0775514260417941,0.06451622525595278,0.13267056912431316,0.022971202561311584,0.058511690666452634,0.11108869151164207,0.1802722777179714,0.26994069084150735,0.010695437032580423,0.01608341086405274,0.031254363403490824,0.009159004582930601,0.0068187065639173285,0.00043034164214655744,1.0279024307457578
5.6000000000000005,0.03590806334260578,0.07678624088111342,0.06441160071848576,0.132435233455108,0.02269129123817619,0.05696339549950276,0.10800451079323799,0.1782059188970192,0.26678992305942284,0.010206780863647992,0.01582370074622799,0.030681574142055242,0.00915755273186107,0.006818293418267406,0.00040944003936972705,1.0152935198261013
5.65,0.03587749744313551,0.07602264627075558,0.06430508910386734,0.13219575139193385,0.022436085142451333,0.05544398875083938,0.10498337620591855,0.17614064970309692,0.2636419449012498,0.009743975328005913,0.015558534268024966,0.030100788370115265,0.009157048665475946,0.006818218861363804,0.000389570322982825,1.0028151647292172
5.7,0.03584669613941093,0.075260765216597,0.06419668885699804,0.13195212342993087,0.02220412259872729,0.053953600389329115,0.1020253585407104,0.17407732232750642,0.2604980470813437,0.009306274187202514,0.015288525393375723,0.02951327145155012,0.009156960924270105,0.006818120242495893,0.0003707086770009458,0.9904685854564491
5.75,0.03581566033926568,0.0745007186449045,0.06408639903611736,0.13170435146523904,0.02199398551268862,0.05249232441655914,0.09913045523670165,0.17201676614966227,0.2573594842161642,0.008892906721848438,0.01501427685489778,0.028920250281151565,0.009156817365644469,0.006817677040980626,0.00035282957178062353,0.9782549028536057
5.800000000000001,0.03578439095618412,0.07374262538416394,0.06397421931057216,0.1314524387872243,0.021804299732895712,0.05106022017996692,0.09629859347793232,0.16995978736369344,0.2542274743231391,0.00850308281909395,0.014736377788060676,0.02832290997294561,0.009156200434290539,0.0068166074398356025,0.00033590603601267317,0.9661751340060111
5.8500000000000005,0.035752888909245835,0.07298660214829238,0.06386014995820707,0.1311963900698415,0.021633735288798868,0.04965731369585604,0.09352963328801357,0.16790716867061192,0.25110319841937434,0.00813599767956306,0.01445540171568541,0.027722391175452655,0.009154742753156657,0.006814665135561412,0.00031990990844273586,0.9542301888161033
5.9,0.035721155123069843,0.07223276352122002,0.06374419186238452,0.13093621136215466,0.021481006512208176,0.04828359897814733,0.09082337061403499,0.16585966903303317,0.2479878002153942,0.00779083615647603,0.014171904851870165,0.02711978795269259,0.009152123015643,0.006811636369604411,0.00030481206989342255,0.9424208676378265
5.95,0.03568919052775857,0.0714812219428279,0.06362634650864275,0.13067191007803627,0.021344872049319678,0.046939039368968954,0.08817954039192626,0.16381802348942834,0.24488238589910624,0.00746677674072271,0.013886424696409836,0.02651614617411048,0.009148062160652386,0.006807337167740202,0.00029058265642643036,0.9307478598520771
6.0,0.03565699605884163,0.07073208769622565,0.063506615981,0.13040349498506695,0.021224134770257957,0.04562356886743889,0.08559781958602816,0.16178294302489454,0.24178802400521304,0.007162995206428985,0.013599478892682156,0.025912462360758996,0.009142319813180495,0.006801610774365781,0.00027719125447603756,0.9192117432768593
6.050000000000001,0.03562457265721941,0.06998546889635357,0.06338500295791318,0.130130976192658,0.021117641582939835,0.04433709345323977,0.08307783019620378,0.15975511449544974,0.23870574536533778,0.006878667932118503,0.013311564323806018,0.02530968293902394,0.009134690974052619,0.006794325269431637,0.0002646070787245813,0.9078129843144724
6.1000000000000005,0.03559192126910639,0.06924147147989226,0.06326151070789972,0.12985436513941898,0.021024283157894678,0.04307949240182727,0.0806191422263784,0.15773520060288845,0.23563654313419408,0.006612974912939042,0.013023156423633121,0.024708703856918784,0.009125002943201939,0.006785371356329235,0.00025279913361443175,0.8965519387461368
6.15,0.035559042845974304,0.06850019919646212,0.06313614308483152,0.129573674579793,0.020942993570496116,0.04185061958834792,0.07822127660893526,0.15572383991727404,0.23258137288720307,0.00636510247962235,0.012734708680809628,0.024110370521507368,0.009113112461801985,0.006774660309728658,0.00024173635929773473,0.8854288530920849
6.2,0.0355259383444951,0.06776175360109483,0.06300890452290964,0.129288918569983,0.020872749866869315,0.04065030477757233,0.07588370807991554,0.15372164694419233,0.22954115278505313,0.0061342457399010605,0.012446652315738166,0.02351547801934644,0.009098903059425751,0.006762122073113446,0.00023138776281947124,0.8744438664624296
6.25,0.03549260872648369,0.06702623404795788,0.06287980003132883,0.12900011245319187,0.020812571559538803,0.03947835489737107,0.0736058680004703,0.15172921223394684,0.226516763800793,0.00591961075803628,0.012159396111781044,0.02292477158497628,0.009082282593044097,0.006747703496268033,0.00022172253553781268,0.8635970128307259
6.300000000000001,0.035459054958840504,0.06629373768531265,0.06274883518864122,0.1287072728441999,0.02076152005867599,0.03833455529347577,0.07138714712049153,0.14974710252993845,0.22350905000515964,0.005720416487933672,0.011873326383474343,0.02233894728543343,0.00906318096547169,0.006731366703482514,0.00021271015777021832,0.8528882236683014
6.3500000000000005,0.03542527801349393,0.06556435945168633,0.0626160161368282,0.12841041761330324,0.020718698044594194,0.03721867096347578,0.0692268982808092,0.14777586095354106,0.22051881890595892,0.005535896475060733,0.011588807065870965,0.02175865289151868,0.009041548011794015,0.006713087583957843,0.00020432049163378993,0.8423173308835268
6.4,0.03539127886734249,0.06483819207323671,0.06248134957508987,0.12810956586963707,0.020683248786923385,0.03613044776819932,0.06712443905077656,0.14581600722285742,0.21754684183743972,0.005365300342038485,0.011306179910401457,0.02118448890912981,0.009017351542917702,0.006692854396405913,0.00019652386306926698,0.8318840700154654
6.45,0.03535705850219689,0.0641153260622892,0.062344842753361523,0.12780473794390698,0.020654355415678644,0.03506961361882067,0.06507905429848422,0.14386803790281788,0.21459385439573253,0.005207895072380565,0.01102576477383743,0.02061700974636931,0.008990575535919544,0.006670666480173244,0.00018929113381362214,0.8215880836357823
6.5,0.03532261790472195,0.06339584971702426,0.062206503465566595,0.1274959553705529,0.020631240149215906,0.03403587963821712,0.06308999869123612,0.14193242668416428,0.21166055691655672,0.0050629661064032746,0.010747859988065555,0.020056724994368627,0.00896121846166363,0.0066465330658128305,0.00018259376395094273,0.8114289249175206
6.550000000000001,0.03528795806637826,0.06267984912229337,0.062066340042615596,0.12718324086936894,0.020613163483847844,0.033028941295274984,0.06115649912429463,0.14000962468894598,0.2087476149915381,0.004929818262842253,0.010472742799433148,0.019504100801843324,0.008929291740750325,0.006620472178571638,0.00017640386568243025,0.8014060613336806
6.6000000000000005,0.035253079983363814,0.061967408151541004,0.061924361345160606,0.1268666183266038,0.020599423349671755,0.03204847951101012,0.05927775707625417,0.13810006080024018,0.20585566001961864,0.004807776499194029,0.010200669867410844,0.018959561325317103,0.00889481831914373,0.006592509628456774,0.00017069424887308527,0.7915188784518596
6.65,0.03521798465655541,0.06125860846980997,0.06178057675611489,0.12654611277556482,0.020589354236941783,0.031094161735526576,0.0574529508897331,0.13620414201389577,0.20298528979018132,0.004696186523261756,0.00993187781323586,0.018423490238736774,0.008857831355383042,0.0065626780809080465,0.00016543845898773861,0.781766683794837
6.7,0.03518267309144993,0.06055352953780671,0.06163499617294732,0.12622175037675037,0.020582326297099794,0.03016564299498699,0.055681237976385765,0.13432225381018947,0.200137069094657,0.0045944152678309225,0.009666583810053883,0.017896232287853617,0.008818373011965868,0.006531016202662039,0.00016061080813464527,0.7721487107407743
6.75,0.03514714629810551,0.059852248617003306,0.06148762999976112,0.12589355839753377,0.020577744422363986,0.029262566907909543,0.05396175694552578,0.13245476054337035,0.19731153036352134,0.004501851239838492,0.009404986206871187,0.01737809487627457,0.008776493343767167,0.006497567877613193,0.00015618639985159888,0.7626641224393109
6.800000000000001,0.035111405291082545,0.05915484077575217,0.061338489139166646,0.12556156519142297,0.02057504730756206,0.02838456667023969,0.05229362965592366,0.13060200584715917,0.1945091743257345,0.0044179047548332144,0.00914726517936554,0.0168693496714962,0.008732249276668503,0.006462381487679515,0.00015214114822682858,0.7533120157223132
6.8500000000000005,0.035075451089384604,0.05846137889638958,0.06118758498395774,0.1252258001769193,0.020573706497687423,0.027531266008770424,0.0506759631905935,0.12876431305435723,0.19173047068781604,0.004342008066960098,0.008893583401288109,0.016370234220529904,0.008685703670270342,0.006425509254243457,0.00014845179190577323,0.7440914249910734
6.9,0.03503928471639917,0.05777193368330344,0.061034929408601286,0.12488629381599901,0.02057322542445263,0.026702280102601658,0.04910785175461674,0.12694198562880743,0.18897585882988877,0.0042736154041421205,0.0086440867308225,0.015880953565914645,0.008636924459016506,0.006387006636088809,0.0001450959033919181,0.7350013260640468
6.95,0.035002907199838354,0.05708657367194107,0.060880534760549485,0.12454307759224066,0.020573138434914852,0.025897216472439775,0.04758837849626717,0.12513530760803823,0.18624574851616352,0.004212202917580653,0.00839890490685453,0.015401681854001835,0.008585983866210196,0.006346931779792134,0.0001420518940404568,0.726040639970873
7.0,0.03496631957167941,0.056405365238732096,0.06072441385138436,0.12419618398862192,0.020573009815053563,0.025115675837639937,0.04611661725189906,0.12334454405500661,0.1835405206174724,0.004157268554155352,0.008158152250649114,0.014932563928392576,0.008532957685902192,0.006305345018872012,0.00013929901518216467,0.7172082366806428
7.050000000000001,0.034929522868105196,0.05572837261190168,0.060566579947803977,0.12384564646500841,0.02057243281099163,0.024357252940989005,0.04469163421524236,0.12156994151744112,0.18086052784359108,0.004108331859776992,0.007921928368931436,0.014473716902319552,0.008477924628191634,0.006262308418398055,0.00013681735578111932,0.7085029387544732
7.1000000000000005,0.03489251812944456,0.05505565788314909,0.06040704676245976,0.1234914994353575,0.020571028650367456,0.023621537341314853,0.04331248953191462,0.11981172849336903,0.1782060954832222,0.004064933721234466,0.007690318854829686,0.014025231704600905,0.00842096572352996,0.006217885361749151,0.00013458783706801267,0.6999235249136113
7.15,0.034855306400112564,0.054387281020166385,0.06024582844465421,0.12313377824465949,0.02056844556618831,0.022908114174088525,0.04197823882010966,0.1180701159014926,0.17557752214963712,0.004026636053581582,0.007463395983558662,0.01358717459455653,0.008362163781723986,0.006172140176341124,0.0001325922045804906,0.6914687335154511
7.2,0.034817888728550704,0.0537232998799723,0.060082939570908316,0.12277251914563846,0.020564357825323298,0.022216564880260796,0.040687934618559386,0.1163452975551592,0.17297508053009938,0.003993021439631275,0.00724121940010985,0.013159588641973396,0.008301602901827248,0.006125137795590525,0.00013081301792359178,0.6831372659315278
7.25,0.034780266167166986,0.053063770223035836,0.059918395135407816,0.12240775927523484,0.02055846476362918,0.021546467903642334,0.03944062776298672,0.11463745063874628,0.17039901813731076,0.003963692727665254,0.0070238367965669265,0.012742495168837688,0.008239368029300191,0.0060769434544795334,0.0001292336385095018,0.6749277898225198
7.300000000000001,0.03474243977227596,0.0524087457281645,0.0597522105403374,0.12203953663089123,0.020550489829543005,0.020897399357199118,0.03823536869237695,0.11294673618535762,0.16784955806123886,0.003938272593026434,0.006811284576989002,0.012335895150122232,0.008175544556746532,0.0060276224160285595,0.00012783821548619176,0.6668389423057837
7.3500000000000005,0.03470441060403868,0.05175827800813187,0.05958440158611182,0.12166789004666301,0.02054017963782289,0.02026893365869111,0.037071208686491094,0.11127329955479956,0.16532689971979697,0.003916403068840118,0.0066035885080997754,0.011939770571431281,0.008110217964901675,0.005977239726330666,0.00012661167001024425,0.6588693330121607
7.4,0.03466617972640259,0.05111241662601916,0.05941498446151276,0.12129285916917458,0.020527303034971783,0.01966064413613284,0.03594720103612917,0.10961727091087552,0.16283121960695474,0.0038977450507079485,0.006400764354291036,0.01155408574176625,0.008043473500986682,0.005925859996058073,0.0001255396780680134,0.6510175470300512
7.45,0.034627748207041384,0.05047120911224579,0.059243975733740316,0.12091448443344227,0.020511650177739083,0.019072103603600492,0.03486240214772546,0.1079787656971059,0.16036267203696405,0.0038819777798362893,0.006202818495695451,0.011178788560091217,0.007975395891495422,0.00587354720624788,0.00012460865208283137,0.6432821477350541
7.5,0.03458911711729475,0.04983470098226366,0.05907139233838761,0.12053280703858395,0.020493031625961357,0.01850288490795041,0.03381587258392002,0.10635788511004428,0.15792138988348328,0.0038687983086977667,0.006009748528307036,0.010813811734750208,0.007906069086569609,0.0058203645363731705,0.0001238057215299045,0.635661679504117
7.550000000000001,0.03455028753210815,0.04920293575489019,0.0588972515693472,0.12014786892343557,0.020471277450875965,0.017952561447049903,0.03280667804180422,0.10475471656942421,0.1555074853124803,0.003857920952981115,0.005821543845329631,0.01045907395512417,0.007835576033589298,0.0057663742131010155,0.00012311871279036565,0.6281546703143311
7.6000000000000005,0.03451126052997248,0.04857595497125516,0.058721571068657545,0.11975971274209422,0.020446236359920367,0.017420707660152777,0.031833890270582046,0.10316933418443101,0.15312105050788682,0.003849076733259869,0.005638186199115144,0.010114481015216486,0.007763998477731564,0.00571163737811225,0.00012253612843806814,0.6207596342268258
7.65,0.03447203719286374,0.047953798214336464,0.05854436881629789,0.11936838183940685,0.0204177748389149,0.016906899491078934,0.030896587930423713,0.10160179921544982,0.15076215838906382,0.0038420128095044714,0.005459650243215804,0.009779926889123491,0.007691416787135384,0.005656213973340369,0.00012204712609140939,0.613475073756247
7.7,0.03443261860618268,0.04733650312906033,0.058365663119939626,0.11897392022642364,0.020385776312417878,0.016410714824880962,0.029993857394315974,0.10005216053069732,0.14843086331922306,0.0038364919112744925,0.005285904054220344,0.009455294758582646,0.007617909800655905,0.005600162642338587,0.00012164149695139802,0.6062994821271647
7.75,0.03439300585869437,0.04672410544294122,0.05818547260466212,0.11857637255583445,0.020350140322938925,0.0159317338986998,0.029124793494732768,0.09852045505719603,0.1461272018040292,0.003832291766157343,0.0051169096331741895,0.009140457992996611,0.00754355469656621,0.005543540646568493,0.00012130964412112348,0.5992313454193128
7.800000000000001,0.03435320004246781,0.046116638987237384,0.05800381620264087,0.1181757840974062,0.020310781729599225,0.01546953968752776,0.02828850021696287,0.09700670822560077,0.143851193179683,0.003829204528766504,0.004952623386500542,0.008835281082509805,0.007468426880463582,0.005486403795223249,0.00012104256077398691,0.5922691446033633
7.8500000000000005,0.03431320225281548,0.04551413571859774,0.057820713142815616,0.11777220071343916,0.020267629926735895,0.015023718265609916,0.027484091340937773,0.09551093440843439,0.1416028402898592,0.0038270362123752647,0.004792996586443529,0.008539620524867479,0.0073925998906972795,0.005428806387397345,0.00012083180824466335,0.5854113574692708
7.9,0.034273013588232905,0.04491662574117624,0.05763618294054593,0.11736566883425886,0.02022062808286159,0.014593859144224355,0.02671069103340324,0.09403313735133483,0.13938213015093942,0.0038256061250406333,0.004637975811147277,0.008253325666919614,0.007316145320028246,0.005370801165647407,0.00012066949410572496,0.5786564604498663
7.95,0.034232635150338205,0.04432413732919012,0.05745024538726167,0.11695623543376084,0.020169732400309847,0.014179555586588996,0.02596743439227362,0.09257331059695907,0.13718903460504842,0.0038247463118658213,0.004487503364566488,0.007976239501745997,0.0072391327522245,0.005312439279821779,0.00012054825028897403,0.5720029303422444
8.0,0.03419206804381165,0.04373669694989855,0.0572629205401155,0.11654394800502421,0.020114911395821077,0.013780404900646581,0.025253467944997773,0.0911314379012295,0.13502351096045934,0.003824301004857944,0.004341517676474993,0.007708199422476342,0.00716162971206912,0.005253770260061807,0.00012046121133619581,0.5654492459292806
8.05,0.03415131337633522,0.043154329286978495,0.05707422871164444,0.11612885453601006,0.020056145202253697,0.013396008710481444,0.02456795010275138,0.08970749364164703,0.13288550261899487,0.003824126081659594,0.004199953682899858,0.007449037933961881,0.0070837016274914065,0.0051948419981978095,0.00012040199287334233,0.5589938895041806
8.1,0.034110372258532196,0.04257705726427505,0.05688419045944737,0.11571100348536009,0.019993424891539154,0.013025973207121202,0.023910051572252126,0.08830144321743143,0.13077493969010312,0.0038240885342682254,0.004062743187360464,0.007198583323522572,0.007005411802782993,0.005135700736732576,0.0001203646704041535,0.5526353483011326
8.15,0.034069245803906696,0.042004902069903316,0.05669282657588513,0.11529044375831034,0.019926751818938587,0.012669909379473886,0.02327895572697177,0.08691324344128289,0.12869173959133898,0.0038240659487050665,0.003929815203335799,0.006956660292047327,0.006926821401703908,0.005076391064476079,0.00012034375851539589,0.5463721158347952
8.200000000000001,0.034027935128783354,0.04143788318068004,0.05650015807780986,0.11486722468273475,0.019856136988602373,0.012327433226147034,0.022673858939494515,0.08554284292259239,0.12663580763503057,0.0038239459964550145,0.0038010962784203223,0.006723090546764775,0.006847989439361532,0.005016955918159764,0.00012033419055208998,0.5402026931515884
8.25,0.033986441352246904,0.04087601838686252,0.05630620619632966,0.11444139598533236,0.019781600440381426,0.011998165948888648,0.022093970876741757,0.08419018244195633,0.1246070376009529,0.003823625938369907,0.003676510800659537,0.006497693357029444,0.006768972782143861,0.004957436589495422,0.00012033129878259565,0.5341255899961733
8.3,0.03394476559608187,0.040319323817173285,0.05611099236661501,0.1140130077679718,0.019703170657791078,0.011681734128382738,0.021538514759753134,0.08285519531688089,0.1226053122948747,0.0038230121416091456,0.0035559812875824307,0.006280286074486169,0.006689826154977443,0.004897872736958844,0.00012033079504525906,0.5281393258961838
8.35,0.033902908984712286,0.03976781396408951,0.055914538217752816,0.11358211048420638,0.019620883996984105,0.011377769883123022,0.021006727589680394,0.08153780775858757,0.1206305040928834,0.003822019610083196,0.0034394286584687544,0.006070684618985077,0.006610602154970089,0.004838302401696727,0.00012032875185156797,0.5222424311680749
8.4,0.033860872645141406,0.03922150170937557,0.05571686556265381,0.11314875491597214,0.01953478413654894,0.011085911012077737,0.020497860341614722,0.08023793921985473,0.11868247547142738,0.0038205715287664608,0.0033267724904051475,0.005868703931622316,0.0065313512707057195,0.004778762027220229,0.00012032158393026803,0.5164334478473166
8.450000000000001,0.03381865770689154,0.03868039834983877,0.055517996388019145,0.11271299215048136,0.01944492154791228,0.010805801121847609,0.02001117812783215,0.07895550273385504,0.11676107952305198,0.0038185988221558042,0.003217931258695835,0.005674158396279676,0.006452121906627982,0.004719286482423162,0.0001203060302234191,0.5107109305461357
8.5,0.033776265301943886,0.038144513623287385,0.05531795284437141,0.1122748735573231,0.01935135298609178,0.010537089739006019,0.019545960332002205,0.07769040524396781,0.11486616045783318,0.003816039727069143,0.0031128225622004896,0.005486862231027999,0.0063729604117417045,0.0046599090873846736,0.00012027913637419836,0.5050734472416251
8.55,0.03373369656467843,0.03761385573467143,0.05511675723615544,0.11183445076578202,0.019254141000514174,0.010279432408297425,0.019101500715865808,0.07644254792456624,0.11299755409054432,0.0038128393799044267,0.0030113633341751762,0.005306629850746209,0.00629391111192474,0.0046006616416644705,0.00012023823776346206,0.49951957999725377
8.6,0.03369095263181392,0.03708843138238664,0.05491443201191407,0.1113917756423866,0.01915335346558708,0.010032490777355962,0.018677107499847682,0.07521182649279821,0.11115508831361778,0.0038089494184125774,0.002913470039192162,0.005133276202288923,0.006215016345510668,0.00454157445479484,0.00012018094314366216,0.4940479256210508
8.65,0.03364803464234789,0.03656824578472219,0.054710999754543584,0.11094690026869665,0.019049063130688274,0.009795932668591032,0.01827210341902641,0.07399813151139423,0.10933858355598575,0.003804327597978012,0.002819058856711559,0.004966617073511311,0.00613631650178536,0.004482676378482358,0.00012010511889569779,0.48865709626336035
8.700000000000001,0.03360494373749679,0.036053302706433796,0.054506483171633716,0.1104998769193406,0.018941347189214808,0.009569432138871837,0.017885825755843975,0.0728013486825543,0.10754785322791005,0.0037989374223467826,0.0027280458518732734,0.004806469377431965,0.006057850061870826,0.004423994840205211,0.00012000887390307135,0.483345719956931
8.75,0.03356168106063615,0.035543604485423506,0.0543009050858967,0.1100507580403115,0.018830286866315125,0.009352669527626492,0.01751762635089318,0.07162135913297733,0.10578270415192842,0.0037927477886946707,0.002640347134071235,0.004652651412782925,0.005979653641677856,0.0043655558780696276,0.00011989054500993191,0.4781124411023146
8.8,0.033518247757240854,0.03503915205950822,0.05409428842568969,0.10959959622753108,0.01871596702491096,0.00914533149395538,0.017166871593078947,0.07045803969011093,0.10404293698006475,0.00378573264688528,0.0025558790038642033,0.0045049831021633,0.00590176203671631,0.0043073841766197805,0.00011974868302838451,0.47295592090136807
8.85,0.03347464497482548,0.034539944993259686,0.053886656215634855,0.10914644420569052,0.0185984757896014,0.00894711104334189,0.016832942390406537,0.06931126314971177,0.10232834659746882,0.0037778706727309447,0.002474558088768103,0.004363286208978958,0.0058242082682873845,0.004249503103307607,0.00011958203926989098,0.46787483774128386
8.9,0.03343087386288476,0.03404598150489822,0.05367803156734102,0.10869135480737555,0.01847790418802933,0.008757707544526604,0.016515234122606224,0.06818089853481568,0.10063872251266276,0.0037691449550366187,0.002396301468463796,0.0042273845343160765,0.005747023630583498,0.004191934745560442,0.00011938955258727283,0.4628678875316879
8.950000000000001,0.033386935572834085,0.033557258493224044,0.05346843767023082,0.10823438095248443,0.018354345809280397,0.008576826737094404,0.016213156576761846,0.0670668113462287,0.09897384923458992,0.003759542696178589,0.0023210267899418774,0.004097104094861158,0.00567023773849602,0.004134699948292341,0.0001191703369363237,0.45793378399743495
9.0,0.033342831257950206,0.03307377156456927,0.0532578977824769,0.10777557562794528,0.01822789647887628,0.008404180730306523,0.01592613386706738,0.0659688638046569,0.09733350663666972,0.0037490549259454435,0.0022486523730921057,0.0039722732829431655,0.005593878575867921,0.0040778183515553295,0.0001189236694725327,0.453071258929395
9.05,0.033298562073311916,0.03259551505975493,0.0530464352220507,0.10731499186773993,0.018098653949917592,0.008239487993692667,0.01565360433979387,0.06488691508460197,0.09571747030807543,0.0037376762283479943,0.0021790973072304144,0.0038527230097354006,0.005517972543800129,0.004021308428213152,0.00011864897919397842,0.44827906239546006
9.1,0.033254129175740936,0.032122482081037615,0.05283407335788722,0.10685268273324108,0.017966717609926814,0.008082473339901164,0.015395020464507256,0.06382082154015664,0.09412551189246121,0.003725404481087479,0.0021122815390411903,0.003738286832615307,0.0054425445088809666,0.003965187521577131,0.00011834583614498919,0.44355596291420707
9.15,0.03320953372374287,0.03165466451903015,0.052620835601168724,0.10638870129386804,0.01783218820293818,0.007932867900287802,0.015149848712535958,0.06277043692283854,0.09255739941437122,0.003712240607357053,0.002048125952396997,0.0036288010676401136,0.005367617851358363,0.003909471882757563,0.00011801394117825764,0.4389007475934699
9.200000000000001,0.03316477687744832,0.031192053079582158,0.052406745396730535,0.10592310060806744,0.0176951675663796,0.007790409093707336,0.014917569423647147,0.061735612591608875,0.09101289759357348,0.003698188339640104,0.001986552440502701,0.00352410488805651,0.005293214513078637,0.0038541767075866503,0.00011765311625003551,0.43431222223585947
9.25,0.033119859798554065,0.030734637310605804,0.052191826214591626,0.10545593370462357,0.01755575838229086,0.007654840588954464,0.014697676661849957,0.06071619771522458,0.08949176814756449,0.0036832539951599497,0.0019274839707955221,0.0034240404097232217,0.005219355045051053,0.0037993161731798846,0.00011726329521685639,0.4297892114133859
9.3,0.033074783650264415,0.03028240562883303,0.051976101541612627,0.10498725356430338,0.017414063942422807,0.007525912261284548,0.014489678061205123,0.05971203946707818,0.08799377008249777,0.0036674462626287794,0.001870844643017229,0.0033284527642876067,0.0051460586547156404,0.0037449034740820414,0.00011684451508713573,0.4253305585133203
9.35,0.03302954959723269,0.029835345346490936,0.05175959487328387,0.10451711310184082,0.01727018792676402,0.00740338014342785,0.014293094662481994,0.05872298321268262,0.08651865997279282,0.0036507759999390554,0.0018165597408591225,0.0032371901609206245,0.00507334325284783,0.0036909508578730765,0.00011639690768207947,0.4209351257571194
9.4,0.032984158805502824,0.02939344269788196,0.05154232970564558,0.10404556514826395,0.01712423419504366,0.007287006371494604,0.01410746074146602,0.05774887268996002,0.08506619222968347,0.0036332560424377092,0.0017645557775645096,0.003150103937378383,0.005001225499839885,0.0036374696602787015,0.00011592069169163793,0.41660179419413296
9.450000000000001,0.03293861244245111,0.028956682865856617,0.05132432952734261,0.10357266243356929,0.01697630659076312,0.0071765591261524885,0.013932323629683456,0.05678955018249742,0.08363611935896906,0.003614901021422289,0.0017147605358574453,0.00306704860112299,0.0049297208512713376,0.0035844703397636324,0.00011541616512755462,0.4123294636718504
9.5,0.03289291167672811,0.028525050008166276,0.0511056178118155,0.1030984575697461,0.016826508757312994,0.007071812569442054,0.013767243528273784,0.05584485668593232,0.08222819220823126,0.003595727192498418,0.0016671031025503808,0.0029878818611996988,0.004858843602753303,0.003531962511395071,0.00011488369818949665,0.40811705278423477
9.55,0.032847057678200675,0.028098527283684296,0.05088621800962988,0.10262300303415386,0.016674943965737307,0.006972546777580386,0.013611793315705662,0.05491463206763324,0.08084216020378197,0.0035757522734395355,0.001621513898167704,0.0029124646515321846,0.004788606933837197,0.0034799549799048746,0.00011432372657108231,0.4039634987995599
9.600000000000001,0.03280105161789419,0.027677096878484256,0.05066615354094582,0.10214635115325559,0.01652171495371249,0.0068785476700881365,0.013465558349998208,0.05399871521984127,0.07947777157760796,0.0035549952911926455,0.001577924701906907,0.0028406611462632515,0.004719022950850956,0.003428455772022445,0.00011373674520247844,0.3998677575692667
9.65,0.032754894667934895,0.02726074003176406,0.05044544778812881,0.10166855408670909,0.016366923775314977,0.0067896069355601425,0.01332813626607625,0.053096944206438235,0.07813477358457671,0.003533476437677652,0.0015362686722444404,0.0027723387677348723,0.004650102728766578,0.003377472168023956,0.0001131233023984704,0.3958288034193492
9.700000000000001,0.032708588001492414,0.02684943706160543,0.050224124088503554,0.10118966381181821,0.016210671661158246,0.006705521954385528,0.01319913676885626,0.052209156403507595,0.0768129127101682,0.003511216934032642,0.0014964803634792663,0.0027073681876698943,0.004581856352109371,0.0033270107324729252,0.00011248399437302458,0.3918456290256326
9.75,0.03266213279272247,0.026443167390558794,0.050002205727252176,0.10070973210834579,0.016053058888487567,0.006626095718709047,0.013078181422628626,0.051335188633854424,0.07551193486899632,0.0034882389029630995,0.00145849573849343,0.002645623322087771,0.004514292954797669,0.003277077344293973,0.00011181946006434949,0.3879172452742556
9.8,0.0326155302167097,0.02604190957104337,0.0497797159304576,0.10022881054368935,0.015894184660828318,0.0065511367499116015,0.012964903437271656,0.0504748772956486,0.07423158559438033,0.0034645652488592775,0.0014222521779954744,0.0025869813204581382,0.004447420758990571,0.0032276772261947686,0.0001111303762264289,0.38404268110866524
9.850000000000001,0.03256878144941075,0.02564564131055353,0.04955667785829349,0.09974695045842083,0.015734146996792202,0.006480459013874661,0.012858947451803847,0.049628058485356404,0.07297161021922714,0.0034402195453528445,0.0013876884864993128,0.00253132254956879,0.004381247113067766,0.003178814973294439,0.00011041745277416267,0.3802209833642902
9.9,0.03252188766759742,0.02525433949666205,0.04933311459836127,0.09926420295219086,0.015573042627653915,0.00641388183428016,0.012759969315752594,0.048794568115122776,0.07173175404848038,0.0034152259299911475,0.0013547448952779882,0.002478530572557829,0.004315778528655056,0.003130494580938687,0.00010968142837614808,0.37645121659189823
9.950000000000001,0.03247485004880012,0.024867980221811754,0.04910904915917513,0.09878061886999791,0.015410966903319778,0.006351229804184941,0.012667635868790529,0.04797424202476599,0.07051176252339078,0.003389609005715124,0.0013233630625189936,0.0024284921235337427,0.004251020716643464,0.0030827194716943314,0.0001089230663089569,0.37273246287065154
10.0,0.03242766977125142,0.024486538807887506,0.048884504463795754,0.0982962487888228,0.015248013706318805,0.006292332696096562,0.012581624719064464,0.04716691608854502,0.06931138137785958,0.0033633937488348167,0.0012934860708955066,0.0023810970781817566,0.00418697862231406,0.003035492521360281,0.000108143150605472,0.36906382161183376
10.05,0.032380348013829836,0.024109989830560258,0.04865950334361289,0.09781114300462786,0.015084275373455714,0.006237025370765391,0.012501624020616605,0.046372426316856966,0.0681303567871016,0.0033366054232046,0.0012650584227561499,0.0023362384207303204,0.00412365645954383,0.0029888160839349675,0.0001073424825122372,0.36544440935410927
10.100000000000001,0.032332885956003796,0.02373830714339611,0.04843406853227756,0.09732535151972087,0.014919842624774981,0.0061851476848965295,0.01242733225027362,0.045590608953021264,0.06696843550887323,0.0033092695003086752,0.0012380260331249333,0.0022938122076285963,0.004061057743949126,0.0029426920156663677,0.00010652187726063518,0.3618733595511763
10.15,0.03228528477777582,0.023371463901722903,0.04820822265978383,0.09683892403048273,0.014754804499494194,0.006136544397973945,0.012358457984355607,0.04482130056530404,0.06582536501750498,0.0032814115849759003,0.0012123362206925663,0.002253717528264134,0.003999185325006116,0.0028971216982435957,0.0001056821611384952,0.35834982235271884
10.200000000000001,0.03223754565962689,0.023009432586247665,0.04798198824670041,0.09635190991545796,0.014589248298574655,0.006091065078378541,0.012294719675534752,0.044064338134334205,0.0647008936309748,0.003253057346451777,0.0011879376969704532,0.0022158564630298224,0.003938041417239818,0.00285210606118688,0.00010482416880468565,0.3548729643795132
10.25,0.032189669782460996,0.022652185026418685,0.04775538769855224,0.09586435822380711,0.014423259533606774,0.006048564008971564,0.012235845430151911,0.0433195591360607,0.063594770631255,0.0032242324545642075,0.0011647805537691172,0.0021801340390302628,0.003877627630415484,0.002807645603657932,0.00010394874078118436,0.3514419684935032
10.3,0.03214165832754996,0.02229969242352574,0.04752844330035162,0.09537631766411932,0.01425692188169714,0.006008900092304752,0.01218157278627866,0.042586801620396714,0.06250674637815934,0.0031949625207284603,0.001142816249153446,0.0021464581836995456,0.00381794499874133,0.0027637404158366006,0.00010305672107133297,0.34805603356361403
10.350000000000001,0.03209351247647844,0.021951925373533177,0.047301177211279154,0.09488783659358374,0.014090317146054089,0.005971936755609112,0.01213164849279275,0.04186590428569548,0.061436572416914664,0.003165273043545653,0.0011219975920181327,0.002114739676584981,0.0037589940092489183,0.002720390199805983,0.00010214895486828161,0.34471437422801254
10.4,0.0320452334110891,0.021608853889640085,0.04707361145951386,0.0943989630075177,0.013923525221977805,0.005937541855704919,0.012085828289715836,0.041156706549197994,0.06038400157967505,0.0031351893587577553,0.0011022787254178822,0.0020848920995342503,0.003700774629372932,0.002677594289921864,0.0001012262863680199,0.341416220653405
10.450000000000001,0.0319968223134281,0.02127044742456268,0.046845767937212235,0.09390974452924958,0.01375662406797066,0.005905587583966704,0.012043876690044412,0.040459048613591286,0.059348788081192295,0.003104736593330786,0.0010836151087786495,0.0020568317855071253,0.0036432863336233277,0.00263535167266148,0.00010028955673376125,0.33816081829185307
10.5,0.03194828036569072,0.020936674892534226,0.04661766839563583,0.09342022840035447,0.013589689681692996,0.0058759503714684936,0.012005566763287522,0.039772771529812775,0.058330687608853085,0.003073939623446352,0.0010659634991083626,0.0020304777662173905,0.003586528129371089,0.0025936610057922956,9.933960224270897e-05,0.33494742763550833
10.55,0.03189960875016729,0.02060750469101776,0.0463893344404266,0.09293046147123953,0.013422796080498607,0.0058485107944263376,0.011970679920908377,0.03909771725623257,0.05732945740728569,0.0030428230361899795,0.0010492819313182807,0.002005751718796118,0.0035304985817633653,0.0025525206367384115,9.837725263195507e-05,0.3317753239696408
10.600000000000001,0.03185080864918927,0.020282904722127914,0.04616078752702958,0.0924404901920772,0.0132560152862938,0.005823153480047397,0.011939005703851297,0.038433728714343925,0.05634485635773746,0.0030114110947329006,0.001033529697759387,0.001982577911654199,0.003475195837621944,0.0025119286201999358,9.740332963073356e-05,0.3286437971242969
10.65,0.03180188124507563,0.019962842413757682,0.04593204895626201,0.09195036060408276,0.013089417314472662,0.005799767012887279,0.011910341572320389,0.037780649841087845,0.05537664505241662,0.002979727706811956,0.0010186673270717675,0.0019608831497096844,0.0034206176482719274,0.0024718827350385503,9.641864563721219e-05,0.325552151224904
10.700000000000001,0.03175282772007944,0.01964728474040674,0.04570313987002809,0.09146011833113357,0.012923070166690372,0.005778243841810185,0.011884492697962145,0.03713832563793539,0.05442458586398895,0.0029477963963201806,0.0010046565624388035,0.0019405967191340426,0.0033667613914288193,0.0024323805003866428,9.542400252192235e-05,0.32249970444226533
10.75,0.03170364925633469,0.019336198243708237,0.0454740812471786,0.09096980857172697,0.012757039827245234,0.00575848018763954,0.011861271758590603,0.036506602216848635,0.05348844301041455,0.0029156402778284293,0.0009914603393320325,0.001921650331760443,0.0033136240921977527,0.0023934191910746877,9.44201905627206e-05,0.3194857887424431
10.8,0.031654347035803394,0.019029549052650818,0.04524489389951422,0.0904794760912732,0.012591390262848584,0.005740375951580184,0.011840498735580782,0.035885326843237024,0.052567982615304334,0.002883282033865965,0.000979042762826714,0.0019039780692865602,0.003261202443196987,0.0023549958524777597,9.340798751622792e-05,0.31650974963696277
10.850000000000001,0.0316049222402229,0.018727302903493576,0.04501559846793168,0.08998916521472028,0.012426183425570583,0.005723834624486977,0.01182200071404394,0.03527434797602434,0.05166297276397238,0.0028507438947954528,0.0009673690845625807,0.0018875163273941542,0.003209492823979742,0.0023171073147415715,9.238815783524967e-05,0.3135709459337754
10.9,0.03155537605105346,0.018429425159371248,0.04478621541871149,0.08949891981950699,0.012261479258757908,0.005708763197048643,0.011805611685886579,0.03467351530493724,0.05077318355535423,0.002818047621124991,0.0009564056794189348,0.0018722037598978116,0.0031584913199134033,0.0022797502064014355,9.136145201038604e-05,0.31066874948939477
10.950000000000001,0.031505709649426096,0.018135880829587673,0.0445567650399461,0.08900878332884025,0.012097335705727802,0.005695072070950028,0.011791172355844133,0.03408267978512396,0.04989838714995724,0.00278521448810689,0.0009461200219683238,0.001857981223026053,0.0031081937404878507,0.00224292096749649,9.032860597330183e-05,0.3078025449624622
11.0,0.03145592421609064,0.01784663458859573,0.04432726743810738,0.08851879870529344,0.011933808721050855,0.005682674971070455,0.011778529950569912,0.03350169366920913,0.04903835781400456,0.0027522652724796914,0.0009364806627684753,0.0018447917199295027,0.0030585956370441218,0.0022066158621668573,8.929034050511071e-05,0.30497172956888585
11.05,0.031406020931364124,0.01756165079466194,0.044097742534751856,0.08802900844472106,0.011770952284242577,0.005671488858770761,0.01176753803085003,0.03293041053688657,0.04819287195992844,0.0027192202412164306,0.0009274572045479219,0.0018325803455030377,0.003009692319985156,0.0021708309906878337,8.824736060867599e-05,0.3021757128387264
11.100000000000001,0.03135600097507936,0.017280893508214584,0.04386821006336261,0.08753945457048637,0.0116088184156917,0.005661433846316624,0.011758056307005748,0.03236868532215048,0.04736170818336584,0.00268609914214851,0.0009190202783368111,0.001821294231601695,0.0029614788753829792,0.0021355623010197037,8.72003548369268e-05,0.299413916375
11.15,0.031305865526533846,0.01700432650987409,0.04363868956632623,0.08705017862799733,0.011447457194660284,0.005652433112481183,0.01174995045753596,0.0318163743382614,0.046544647296802924,0.0026529211963405917,0.0009111415195905724,0.0018108824927233497,0.0029139501808307425,0.0021008055999173973,8.614999463148127e-05,0.2966857736145074
11.200000000000001,0.03125561576443889,0.01673191331816478,0.043409200392043386,0.08656122167954675,0.011286916779198141,0.005644412819365488,0.011743091951044246,0.03127333530054096,0.04574147236001174,0.002619705092097852,0.0009037935443504589,0.001801296172224712,0.0028671009205406455,0.0020665565635509327,8.509693374703663e-05,0.293990729590866
11.25,0.031205252866869034,0.016463617206907467,0.04317976169217164,0.0860726242994525,0.011127243427821098,0.005637302030471133,0.01173735787148717,0.030739427347086932,0.04495196870741798,0.0025864689804926885,0.000896949925481401,0.0017924881891308712,0.002820925599702993,0.002032810747684244,8.404180782632584e-05,0.29132824070000346
11.3,0.03115477801121176,0.016199401222292225,0.04295039241899872,0.08558442656949296,0.010968481522809275,0.005631032630055463,0.011732630746773227,0.030214511057496417,0.044175923972533115,0.0025532304723035037,0.000890585169024174,0.0017844132855924918,0.002775418558016297,0.0019995635975045127,8.298523417476962e-05,0.2886977744682789
11.350000000000001,0.031104192374117445,0.01593922819963136,0.04272111132294481,0.08509666807463352,0.010810673594988492,0.005625539243795975,0.011728798380734949,0.029698448469683475,0.04341312810958195,0.00252000663626368,0.0008846746906956612,0.0017770279750389626,0.00273057398239852,0.001966810457071062,8.192781172971401e-05,0.2860988093233096
11.4,0.03105349713144961,0.015683060779792316,0.04249193695019213,0.08460938789903949,0.010653860349864057,0.0056207591607869796,0.011725753688490255,0.0291911030948737,0.04266337341245044,0.0024868139985240578,0.0008791947925679878,0.0017702904910703843,0.002686385919018653,0.0019345465783613155,8.087012117075743e-05,0.2835308343676521
11.450000000000001,0.031002693458235458,0.015430861425310803,0.04226288764044011,0.08412262462237052,0.010498080694982611,0.005616632256888237,0.011723394535203154,0.028692339930856302,0.041926454531075866,0.0024536685432373175,0.0008741226399545815,0.0017641607371263683,0.0026428482847069743,0.001902767129984915,7.981272510638916e-05,0.2809933491554796
11.5,0.030951782528616696,0.015182592436184587,0.04203398152478455,0.0836364163163523,0.010343371768403766,0.005613100919442133,0.01172162357824824,0.028202025473571687,0.04120216848539709,0.0024205857141775433,0.0008694362385287085,0.0017586002369651484,0.0025999548777870048,0.0018714672055549209,7.875616826066398e-05,0.27848586347227505
11.55,0.030900765515800628,0.014938215965348273,0.04180523652371875,0.0831508005416202,0.010189768968168905,0.005610109973372944,0.011720348112778164,0.027720027727109294,0.040490314676978,0.002387580417312817,0.0008651144116977074,0.0017535720859823964,0.002557699388514957,0.001840641831638261,7.770097760468009e-05,0.27600789711764595
11.600000000000001,0.03084964359201157,0.014697694033830087,0.041576670345255175,0.08266581434483075,0.010037305982660484,0.005607606608678982,0.011719479920688402,0.027246216212189003,0.03979069489841474,0.002354667024253186,0.0008611367782539415,0.0017490409033952712,0.002516075409282346,0.0018102859753086203,7.664766243007102e-05,0.2735589796914827
11.65,0.030798417928442526,0.014460988545591321,0.04134830048316551,0.08218149425603528,0.009886014821750359,0.005605540309325723,0.01171893512296905,0.026780461973196005,0.03910311334063198,0.002321859376500484,0.0008574837303213478,0.001744972785313502,0.0024750764445771664,0.0017803945513305659,7.559671438351094e-05,0.2711386503835343
11.700000000000001,0.030747089695207164,0.014228061302049629,0.04112014421533744,0.08169787628631153,0.009735925848641067,0.005603862783545607,0.011718634035429163,0.026322637583837252,0.03842737659817099,0.0022891707904305527,0.0008541364116144042,0.0017413352587157102,0.002434695920705749,0.0017509624289159635,7.454860749411577e-05,0.26874645776640643
11.75,0.030695660061292127,0.013998874016287475,0.040892218602246275,0.08121499592564804,0.00958706781230916,0.005602527895547813,0.01171850102777523,0.025872617151485262,0.037763293672568296,0.0022566140629422704,0.0008510766960243597,0.0017380972363457473,0.0023949271952905886,0.0017219844380661194,7.350379823074615e-05,0.2663819595920595
11.8,0.03064413019450958,0.01377338832694692,0.04066454048553941,0.08073288814107622,0.009439467880464347,0.005601491598639204,0.01171846438602172,0.025430276320272234,0.03711067597391977,0.0022242014777114935,0.000848287166545728,0.0017352289725406321,0.0023557635664054268,0.0016934553755933656,7.246272559488832e-05,0.264044722591781
11.850000000000001,0.030592501261450127,0.013551565811812537,0.04043712648673193,0.08025158737504547,0.00929315167294324,0.00560071186975556,0.011718456178208358,0.024995492272996085,0.03646933732072246,0.002191944811991678,0.0008457510945543646,0.001732702019998809,0.0023171982811743346,0.0016653700108252116,7.142581124126756e-05,0.2617343222794514
11.9,0.030540774427435975,0.013333368001083923,0.04020999300601114,0.07977112754403604,0.009148143295460777,0.005600148645400348,0.011718412123395618,0.024568143731896988,0.035839093938082184,0.002159855343906368,0.0008434524194469258,0.001730489187494898,0.0022792245438198527,0.001637723090968597,7.039345962666019e-05,0.2594503427580663
11.950000000000001,0.030488950856474444,0.013118756390339728,0.03998315622114832,0.0792915420374048,0.009004465373646924,0.0055997637589865175,0.011718271463907153,0.024148110958361432,0.035219764454372304,0.002127943860182133,0.0008413757286501419,0.0017285644985448535,0.0022418355231860303,0.0016105093461979366,6.936605818116967e-05,0.2571923765295839
12.0,0.030437031711211773,0.012907692453195221,0.03975663208651565,0.07881286371645896,0.008862139087300512,0.005599520879575139,0.01171797684078529,0.023735275751608782,0.03461116989642601,0.0020962206642737343,0.0008395062380070665,0.0017269031510233962,0.002205024359720758,0.0015837234944849582,6.834397750994742e-05,0.25496002430809717
12.05,0.03038501815288722,0.012700137653655274,0.039530436332206285,0.07833512491375245,0.00872118420479586,0.005599385452003214,0.011717474172423319,0.023329521446412805,0.03401313368334054,0.0020646955848362815,0.0008378297725462665,0.0017254814777336502,0.0021687841720072973,0.0015573602461122125,6.732757164758363e-05,0.25275289483636026
12.100000000000001,0.030332911341287516,0.012496053458165207,0.03930458446325572,0.07785835743260036,0.008581619117582089,0.005599324638391565,0.011716712536336207,0.02293073290990946,0.03342548161897016,0.00203337798450209,0.0008363327476387518,0.00172427690792708,0.002133108062998464,0.0015314143078940144,6.631717836767262e-05,0.25057060470582637
12.15,0.030280712434701592,0.012295401347361607,0.03907909175896234,0.07738259254680596,0.008443460874718374,0.005599307261022389,0.011715644054029407,0.022538796537539627,0.03284804188318031,0.0020022767689225453,0.0008350021505463155,0.0017232679297700428,0.0020979891259729523,0.0015058803871657379,6.531311954057784e-05,0.24841277818023977
12.200000000000001,0.030228422589875643,0.012098142827525632,0.03885397327230516,0.07690786100059563,0.008306725217392244,0.005599303746574887,0.011714223778923668,0.022153600248174074,0.03228064502193379,0.001971400396037869,0.000833825522363879,0.0017224340537516408,0.0020634204501722053,0.0014807531955182808,6.431570152188242e-05,0.24627904702266648
12.25,0.03017604296196852,0.011904239441741396,0.03862924382945691,0.07643419300875669,0.008171426613371342,0.005599286071706249,0.011712409587292234,0.02177503347846617,0.03172312393627652,0.0019407568855400626,0.000832790940357433,0.0017217557770260695,0.0020293951261496847,0.001456027452282974,6.332521552767787e-05,0.24416905032591993
12.3,0.03012357470450741,0.011713652780761885,0.038404918029390216,0.0759616182569728,0.008037578291342247,0.0055992277099642844,0.011710162072165374,0.021402987176475676,0.031175313870287533,0.0019103538284965524,0.0008318870006982636,0.0017212145486813757,0.001995906250817296,0.0014316978878540327,6.234193796300417e-05,0.24208243434637794
12.350000000000001,0.030071018969343888,0.011526344493585349,0.03818101024357513,0.07549016590235247,0.007905192275093339,0.005599103580017038,0.011707444440156006,0.02103735379460601,0.030637052398056166,0.0018801983971043082,0.0008311028015933479,0.0017207927359254307,0.0019629469320874716,0.0014077592468690614,6.136613069560577e-05,0.24001885234106063
12.4,0.030018376906610245,0.011342276297744786,0.037957534615765745,0.07501986457414529,0.007774279417501386,0.005598889995183907,0.011704222411159065,0.02067802728189493,0.030108179409745934,0.0018502973545462577,0.0008304279268110875,0.0017204735911789503,0.0019305102931025237,0.0013842062912152535,6.0398041283627626e-05,0.237977964407889
12.450000000000001,0.029965649664676172,0.011161409989313515,0.03773450506187407,0.07455074237464117,0.007644849434284624,0.0055985646142519925,0.011700464120876358,0.020324903075697592,0.029588537096802696,0.0018206570649238949,0.0008298524296008928,0.0017202412200645078,0.0018985894761297019,0.001361033802896428,5.9437903201002826e-05,0.2359594373292346
12.5,0.029912838390105768,0.010983707452629861,0.03751193526992915,0.07408282688024774,0.007516910937487774,0.005598106393560751,0.011696140026117836,0.0199778780927993,0.029077969936362604,0.0017912835032419282,0.0008293668170045151,0.0017200805502796473,0.0018671776461370857,0.001338236586775253,5.8485936114180225e-05,0.2339629444187934
12.55,0.02985994422761486,0.010809130669743839,0.03728983870011929,0.0736161451427408,0.007390471468666924,0.005597495540337361,0.011691222812829563,0.01963685071999334,0.028576324674912182,0.001762182265422628,0.0008289620345564333,0.0017199773013414157,0.0018362679940767727,0.0013158094731212484,5.754234623286529e-05,0.23198816537170946
12.600000000000001,0.029806968320028687,0.010637641729589163,0.037068228584915576,0.07315072369068332,0.007265537531744941,0.0055967134672646884,0.011685687306798103,0.019301720804158568,0.028083450311251812,0.0017333585783293227,0.0008286294513700347,0.001719917955188904,0.0018058537400011741,0.00129374731995056,5.660732673710754e-05,0.23003478611801195
12.65,0.029753911808239886,0.010469202836883615,0.0368471179292746,0.07268658853100786,0.00714211462551018,0.005595742748263239,0.011679510386980596,0.018972389641869328,0.027599198078810838,0.0017048173097800527,0.000828360845605813,0.0017198897276297614,0.0017759281360847,0.0012720450152053256,5.568105825370444e-05,0.22810249867939952
12.700000000000001,0.029700775831166815,0.010303776320761057,0.03662651951091835,0.0722237651507578,0.007020207275733686,0.005594567075468044,0.011672670901409509,0.018648759968569333,0.027123421427360853,0.001676562978533915,0.0008281483903173356,0.0017198805406161385,0.001746484469514119,0.0012506974787570109,5.476370932495111e-05,0.22619100102920886
12.75,0.029647561525712247,0.010141324643138494,0.03640644588068951,0.07176227851898279,0.0068998190668822425,0.005593171217381068,0.011665149585620753,0.01833073594733983,0.026655976004172,0.0016485997642340146,0.0008279846396703369,0.0017198789953351142,0.001717516065251605,0.0012296996642179733,5.385543683150631e-05,0.22429999695545952
12.8,0.029594270026722352,0.009981810406821364,0.03618690936297991,0.0713021530887833,0.006780952673406471,0.005591540978179376,0.011656928983553761,0.018018223157290698,0.026196719634654413,0.0016209315172921888,0.0008278625155299637,0.0017198743460983576,0.0016890162887008096,0.001209046560623704,5.295638635355228e-05,0.22242919592699023
12.850000000000001,0.029540902466946056,0.009825196363350663,0.03596792205623053,0.07084341279950024,0.006663609890585414,0.00558966315815906,0.011647993370872066,0.01771112858160255,0.02574551230252606,0.0015935617687019529,0.0008277752944109178,0.0017198564750155107,0.0016609785482162918,0.0011887331940109373,5.2066692467910574e-05,0.22057831296259617
12.9,0.02948745997699471,0.00967144542059521,0.035749495833500726,0.07038608107904447,0.006547791664910593,0.005587525515294672,0.011638328680652895,0.017409360595246035,0.025302216129545536,0.001566493739767216,0.0008277165947850006,0.0017198158674355535,0.001633396297405918,0.001168754628861211,5.118647901518832e-05,0.21874706850305495
12.950000000000001,0.02943394368530214,0.009520520650092592,0.03553164234310513,0.06993018084636195,0.006433498123994466,0.0055851167278937195,0.011627922431394464,0.017112828952403885,0.02486669535484725,0.0015397303517354906,0.0008276803647403433,0.0017197435881401938,0.0016062630372773755,0.0011491059694469677,5.031585937442205e-05,0.2169351882861104
13.0,0.02938035471808498,0.009372385294142395,0.03531437300931608,0.06947573451403014,0.006320728605989835,0.005582426358325686,0.011616763657289765,0.016821444773620062,0.024438816313914643,0.0015132742353253892,0.000827660869986407,0.001719631258273165,0.0015795723182498644,0.0011297823611352946,4.9454936752190504e-05,0.21514240322443584
13.05,0.029326694199303425,0.009227002772655141,0.03509769903312971,0.06902276399098078,0.006209481688508191,0.0055794448178048675,0.011604842840715892,0.01653512053269893,0.024018447417225135,0.0014871277401392127,0.0008276526821986545,0.0017194710329891923,0.001553317741985102,0.0011107789916245032,4.860380448954696e-05,0.21336844928644827
13.100000000000001,0.029272963250622255,0.0090843366897607,0.03488163139309398,0.06857129068534522,0.006099755217026688,0.005576163332206307,0.011592151846888247,0.016253770043376994,0.023605459128599564,0.001461292943952455,0.0008276506676966461,0.0017192555798063644,0.0015274929630550796,0.0010920910920998175,4.776254637878247e-05,0.2116130673799091
13.15,0.02921916299137226,0.008944350840179647,0.03466618084619655,0.06812133550741731,0.005991546332774626,0.0055725739088940355,0.011578683860629303,0.01597730844578807,0.023199723943286732,0.0014357716618728913,0.0008276499764492053,0.0017189780576456718,0.0015020916904898423,0.0010737139383383216,4.693123696322123e-05,0.2098760032382977
13.200000000000001,0.029165294538511966,0.008807009215361292,0.03445135792881084,0.06767291887273016,0.005884851500091756,0.005568669304540851,0.011564433325201982,0.0157056521927423,0.022801116365812692,0.001410565455362768,0.0008276460314002237,0.0017186320965415607,0.0014771076891609048,0.0010556428517247015,4.6109941821271825e-05,0.20815700730981532
13.25,0.02911135900658977,0.008672276009392091,0.03423717295769843,0.06722606070524226,0.0057796665332520165,0.005564442993918884,0.011549395883158182,0.015438719035838365,0.022409512887623058,0.0013856756411183314,0.0008276345181086421,0.0017182117780074376,0.0014525347809650822,0.0010378732001085419,4.5298717858023295e-05,0.2064558346488791
13.3,0.02905735750770635,0.008540115624677975,0.03402363603106581,0.06678078044062856,0.005675986622747296,0.00555988913964024,0.011533568319153413,0.015176428011427106,0.022024791964544717,0.0013611032998015666,0.0008276113746961266,0.0017177116160401495,0.0014283668458641512,0.0010204003985121713,4.4497613609052333e-05,0.20477224481011463
13.350000000000001,0.029003291151477494,0.008410492677404492,0.03381075702967403,0.06633709702967298,0.0055738063610271775,0.005555002562827114,0.011516948504679082,0.014918699426444403,0.02164683399409293,0.001336849284619656,0.0008275727820959535,0.0017171265387475433,0.0014045978228085657,0.0010032199097020867,4.370666955949095e-05,0.203106001744833
13.4,0.028949161044997226,0.008283372002778306,0.033598545617999125,0.06589502894175772,0.0054731197676914384,0.0055497787146908525,0.011499535344664476,0.014665454844129828,0.021275521292647717,0.0013129142297481804,0.0008275151545966129,0.0017164518705833046,0.0013812217105270185,0.0009863272445941216,4.2925918485915234e-05,0.20145687369989185
13.450000000000001,0.028894968292801314,0.008158718660053847,0.03338701124544181,0.06545459416844562,0.005373920314133173,0.005544213648999572,0.011481328725901093,0.014416617069647128,0.020910738072522743,0.0012892985585946587,0.0008274351306736479,0.0017156833151734101,0.001358232568234731,0.0009697179625286613,4.215538580034408e-05,0.19982463311895174
13.5,0.028840713996831135,0.008036497937348872,0.03317616314758467,0.06501581022715179,0.005276200947631348,0.005538303995414085,0.011462329467242606,0.014172110135621783,0.02055237041894883,0.001266002491899535,0.0008273295641032605,0.0017148169387187285,0.0013356245163304544,0.0009533876715007311,4.139508986219517e-05,0.19820905654619003
13.55,0.028786399256397865,0.007916675356252552,0.03296601034749505,0.06457869416490021,0.005179954114892313,0.00553204693367205,0.011442539271534326,0.013931859287609902,0.020200306266992565,0.0012430260556722183,0.0008271955153512551,0.001713849153958553,0.0013133917370580037,0.0009373320283631026,4.064504225672936e-05,0.1966099245324067
13.600000000000001,0.028732025168147057,0.007799216676229949,0.03275656165707211,0.064143262562162,0.005085171785040796,0.005525440168600439,0.011421960679226783,0.013695790969512442,0.019854435378430155,0.0012203690889603103,0.0008270302432309475,0.0017127767046801403,0.001291528475105177,0.0009215467390103842,3.990524805612678e-05,0.1950270215434648
13.65,0.028677592826023543,0.007684087898826503,0.03254782567843627,0.06370953153677125,0.004991845472061469,0.005518481905936603,0.011400597023628622,0.013463832808947569,0.01951464931859507,0.0011980312514505776,0.000826831196823747,0.0017115966507596028,0.0012700290381750905,0.0009060275586010889,3.917570605672616e-05,0.19346013587109367
13.700000000000001,0.028623103321236715,0.007571255271676282,0.032339810805359435,0.06327751674791474,0.0048999662566929884,0.005511170828938448,0.01137845238775481,0.013235913602593673,0.019180841433217237,0.0011760120309006771,0.0008265960076562022,0.001710306353719757,0.001248887797514851,0.0008907702918183581,3.8456408998098294e-05,0.1919090595459923
13.75,0.028568557742226157,0.007460685292317764,0.032132525224734504,0.06284723340019228,0.004809524807777068,0.005503506075764427,0.01135553156272679,0.013011963301514854,0.018852906825270854,0.0011543107504010074,0.0008263224821273809,0.0017089034627907353,0.0012280991883387386,0.0008757707931101559,3.7747343805123615e-05,0.19037358825309786
13.8,0.02851395717462761,0.007352344711820744,0.03192597691808234,0.062418696247743634,0.004720511403065624,0.005495487217604305,0.011331840007681985,0.012791912996479818,0.018530742331846418,0.0011329265754663554,0.0008260085941805197,0.0017073859014593712,0.0012076577101622456,0.0008610249669109239,3.7048491850081986e-05,0.188853521248982
13.850000000000001,0.028459302701239343,0.007246200538228194,0.03172017366309494,0.06199191959843895,0.004632915949489788,0.005487114237541902,0.011307383811150786,0.012575694903284994,0.01821424650106231,0.0011118585209573257,0.0008256524782129418,0.0017057518544935824,0.001187557927092026,0.00084652876786472,3.635982919020098e-05,0.18734866128134203
13.9,0.028404595401988832,0.007142220039816643,0.03151512303521297,0.061566917318129015,0.0045467280028949,0.005478387510131258,0.01128216965385992,0.012363242348091667,0.017903319569029946,0.001091105457831739,0.0008252524222182877,0.001703999755428241,0.001167794468042729,0.0008322782010020067,3.568132680396378e-05,0.18585881451048208
13.950000000000001,0.028349836353899826,0.007040370748178799,0.03131083240923639,0.061143702834952025,0.004461936787246222,0.005469307781667927,0.0112562047729218,0.012154489752786645,0.017597863436885974,0.0010706661197264463,0.0008248068611551755,0.0017021282744993408,0.001148362026869975,0.0008182693218507407,3.5012950861175424e-05,0.18438379043273845
14.0,0.028295026631059768,0.006940620461132083,0.031107308960966546,0.0607222891436938,0.004378531213310497,0.005459876151137409,0.01122949692737032,0.011949372620375485,0.017297781647904256,0.0010505391093702284,0.0008243143705364781,0.0017001363070136284,0.0011292553624815606,0.000804498236530312,3.4354662970977165e-05,0.18292340180585337
14.05,0.028240167304587557,0.006842937245456633,0.030904559668878236,0.0603026888101978,0.004296499896818851,0.005450094051822945,0.011202054365004186,0.011747827520416507,0.017002979364699296,0.0010307229048286586,0.0008237736602335093,0.0016980229621412102,0.0011104692989379202,0.0007909611018214534,3.370642038545837e-05,0.18147746457623026
14.100000000000001,0.0281852594426017,0.0067472894394664815,0.030702591315820513,0.059884913975822227,0.004215831176116997,0.005439963233555251,0.011173885790499806,0.011549792074503781,0.01671336334653259,0.001011215865582075,0.0008231835684895085,0.0016957875521189539,0.0010919987254986174,0.0007776541251608069,3.30681762306757e-05,0.18004579780799998
14.15,0.0281303041101888,0.006653645655417412,0.03050141049074457,0.059468976361940824,0.0041365131293089295,0.0054294857455869944,0.011145000334756374,0.011355204941806401,0.016428841926732204,0.0009920162384380088,0.0008225430561369188,0.0016934295818527361,0.0010738385966451009,0.0007645735645798316,3.243987975588749e-05,0.1786282236138909
14.200000000000001,0.02807530236937241,0.006561974781755098,0.030301023590457426,0.059054887274484366,0.004058533590900685,0.005418663920075156,0.011115407525436674,0.011164005804671183,0.01614932499023551,0.0009731221632796472,0.0008218512010130392,0.001690948738906782,0.0010559839321301753,0.000751715728618277,3.1821476510472e-05,0.177224567087847
14.25,0.028020255279082258,0.0064722459852070945,0.030101436821400138,0.05864265760852013,0.003981880167951017,0.005407500356154674,0.011085117258667851,0.010976135354295487,0.015874723951264477,0.0009545316786521035,0.0008211071925687016,0.0016883448838685153,0.001038429817006824,0.0007390769761698274,3.1212908475615914e-05,0.17583465623928468
14.3,0.027965163895123796,0.006384428712722111,0.029902656201448986,0.05823229785286605,0.00390654025573601,0.005395997904587105,0.011054139771867137,0.010791535276476234,0.015604951731141879,0.0009362427271883927,0.0008203103266646817,0.0016856180410775422,0.0010211714015826154,0.0007266537162464354,3.061411424342794e-05,0.1744583219289724
14.350000000000001,0.027910029270148167,0.006298492693260154,0.029704687561738573,0.05782381809473714,0.003832501052935003,0.005384159652968297,0.01102248561765837,0.010610148237441176,0.015339922736256912,0.0009182531608771695,0.0008194600005506135,0.001682768389707658,0.001004203901325371,0.0007144424077259145,3.0025029202872947e-05,0.1730953978065334
14.4,0.02785485245362249,0.006214407939436915,0.029507536548505353,0.057417228024421084,0.0037597495763452733,0.005371988911479404,0.010990165638845804,0.010431917869767736,0.015079552836187438,0.0009005607461743283,0.0008185557080212547,0.001679796255191082,0.000987522596714544,0.0007024395591076224,2.9445585660262982e-05,0.17174572024948062
14.450000000000001,0.027799634491800507,0.006132144749025859,0.029311208624950406,0.05701253693998042,0.003688272675133171,0.005359489199165861,0.010957190944412548,0.010256788758394622,0.014823759341986067,0.000883163168960658,0.0008175970347450476,0.0016767021009744603,0.0009711228329720024,0.0006906417282363144,2.8875712986640004e-05,0.17040912830372462
14.5,0.027744376427693614,0.006051673706321439,0.029115709073120277,0.056609753751978825,0.003618057044629579,0.005346664230729234,0.010923572886511685,0.01008470642673107,0.014572460984636697,0.0008660580393477964,0.0008165836537600424,0.001673486520596482,0.0009550000196821564,0.0006790455219880694,2.8315337877140633e-05,0.16908546362560414
14.55,0.027689079301042228,0.005972965683366734,0.028921042995804554,0.056208886988228554,0.003549089239677591,0.005333517903817179,0.010889323038418849,0.009915617322868022,0.01432557789368738,0.0008492428963347654,0.0008155153211323737,0.0016701502300771908,0.0009391496303860235,0.000667647595944722,2.7764384580491432e-05,0.16777457042536667
14.600000000000001,0.027633744148287537,0.005895991841048911,0.02872721531844912,0.05580994479855702,0.003481355687540566,0.005320054286797039,0.010854453173415853,0.009749468805895618,0.014083031576065375,0.0008327152123174766,0.0008143918717726078,0.0016666940606092516,0.0009235672021707483,0.0006564446540406028,2.7222774977540137e-05,0.16647629541194528
14.65,0.027578372002543594,0.005820723630065748,0.02853423079108385,0.055412934959589565,0.003414842700378672,0.005306277606998903,0.010818975244575587,0.009586209132330676,0.013844744895079425,0.0008164723974536335,0.0008132132154053714,0.001663118951541551,0.0009082483352257003,0.0006454334481393664,2.6690428657675704e-05,0.16519048773906933
14.700000000000001,0.027522963893569764,0.005747132791766502,0.02834209399026358,0.055017864879546366,0.003349536487302197,0.0052921922394142795,0.010782901365419215,0.009425787442657822,0.013610642049614066,0.0008005118038855655,0.0008119793326877557,0.0016594259436456477,0.0008931886923893225,0.0006346107775483439,2.6167263108015374e-05,0.16391699895281847
14.75,0.02746752084774357,0.005675191358870369,0.028150809321021434,0.054624741603051113,0.0032854231660099584,0.005277802695836794,0.01074624379141738,0.009268153747987638,0.013380648553520454,0.0007848307298235999,0.0008106902714720499,0.001655616172655776,0.0008783839987282222,0.000623973488539378,2.5653193858853083e-05,0.1626556829405366
14.8,0.02741204388803384,0.005604871656065661,0.027960381018833132,0.054233571815948976,0.003222488774021114,0.00526311361443166,0.010709014902307823,0.009113258916834724,0.013154691215207525,0.000769426423492623,0.0008093461432084207,0.0016516908630733512,0.0008638300411213022,0.0006135184739294358,2.5148134516459404e-05,0.16140639588102607
14.850000000000001,0.02735653403397428,0.005536146300492921,0.027770813151591526,0.05384436185013201,0.003160719279508832,0.005248129749720946,0.010671227185202548,0.008961054662018623,0.012932698117437323,0.0007542960869445427,0.0008079471194832352,0.0016476513222272436,0.000849522667789219,0.0006032426726964438,2.465199690271111e-05,0.16016899619612243
14.9,0.027300992301637347,0.00546898820211503,0.027582109621590096,0.05345711768836952,0.0031001005917441643,0.00523285596297196,0.010632893218458315,0.00881149352769007,0.012714598597327636,0.0007394368797393525,0.0008064934286888257,0.0016434989345813764,0.0008354577877642337,0.0005931430696022923,2.416469137593942e-05,0.15894334450365613
14.950000000000001,0.02724541970360851,0.005403370563977399,0.027394274167514512,0.053071844969141475,0.0030406185711585607,0.0052172972129763615,0.010594025656284952,0.008664528876484898,0.012500323226564952,0.0007248459224975063,0.0008049853528206151,0.0016392351562814853,0.0008216313703551489,0.0005832166948769173,2.36861270525125e-05,0.15772930357159576
15.0,0.027189817248960885,0.005339266882361301,0.027207310366441313,0.052688548991473017,0.002982259039033444,0.005201458547207913,0.01055463721406664,0.0085201148768078,0.012289803791830424,0.0007105203003262926,0.0008034232243976535,0.0016348615099330487,0.0008080394446421478,0.0005734606239779712,2.3216211791226625e-05,0.15652673827325106
15.05,0.02713418594323018,0.005276650946833282,0.027021221635842595,0.052307234719767844,0.002925007786825176,0.005185345093347038,0.010514740654371945,0.008378206490247703,0.012082973275441073,0.0006964570661228616,0.0008018074235027267,0.0016303795796025252,0.0007946780989648037,0.0005638719772828871,2.2754852220862293e-05,0.1553355155436035
15.100000000000001,0.027078526788390057,0.005215496840193665,0.026836011235595977,0.05192790678863887,0.0028688505851338342,0.005168962051160682,0.010474348773629079,0.00823875945912661,0.011879765836208422,0.0006826532437565749,0.0008001383749382949,0.001625791006034128,0.0007815434803744042,0.0005544479196073136,2.2301953978929837e-05,0.15415550433676686
15.15,0.027022840782827805,0.005155778938327005,0.026651682269998755,0.05155056950773409,0.0028137731923240598,0.005152314684726201,0.010433474389443432,0.008101730294183315,0.011680116790516207,0.000669105831133323,0.000798416545494582,0.001621097482074485,0.0007686317941176931,0.000545185659659073,2.18574218691497e-05,0.15298657558442916
15.200000000000001,0.026967128921320388,0.005097471909957393,0.02646823768978543,0.05117522686655584,0.0027597613628062697,0.005135408314988309,0.01039213032853511,0.007967076262393354,0.011483962593618762,0.0006558118031444912,0.0007966424413261895,0.001616300748297727,0.0007559393031995107,0.0005360824495247293,2.1421159751574606e-05,0.15182860215520502
15.25,0.02691139219501086,0.005040550716311447,0.026285680294147813,0.050801882539272016,0.00270680085498646,0.005118248312638388,0.01035032941527479,0.007834755374926441,0.011291240821161425,0.0006427681145032814,0.0007948166054336615,0.0016114025888238138,0.0007434623279112381,0.0005271355840790705,2.099307050767336e-05,0.15068145881498837
15.3,0.026855631591385112,0.004984990610691732,0.02610401273275672,0.050430539889517095,0.0026548774388927055,0.005100840091305709,0.010308084460796781,0.007704726375242248,0.011101890150923832,0.0006299717024711032,0.0007929396152465011,0.0016064048273232183,0.000731197245217112,0.0005183424002625209,2.0573056340872964e-05,0.1495450221883733
15.350000000000001,0.026799848094249002,0.004930767137963416,0.025923237507784597,0.05006120197518179,0.0026039769034864866,0.0050831891010504095,0.010265408252668834,0.0075769487273255436,0.010915850344787174,0.0006174194894767934,0.00079101208030424,0.0016013093232013925,0.0007191404881082651,0.0005097002764223557,2.016101905897041e-05,0.14841917072106928
15.4,0.026744042683705813,0.004877856133956809,0.025743356975928156,0.04969387155318941,0.0025540850636668047,0.005065300822148296,0.01022231354509876,0.007451382604061275,0.010733062230925832,0.000605108385631393,0.0007890346400322854,0.0015961179679566781,0.0007072885450577322,0.0005012066318614006,1.9756859978276615e-05,0.14730378464319888
15.450000000000001,0.02668821633613408,0.004826233724788468,0.02556437335043029,0.04932855108425758,0.002505187766975015,0.005047180759157831,0.010178813049658503,0.007327988875750228,0.010553467686223946,0.0005930352911412105,0.0007870079616094011,0.0015908326817054915,0.0006956379594625402,0.0004928589264451104,1.9360479762643632e-05,0.14619874593350232
15.5,0.026632370024165776,0.004775876326103504,0.025386288703100616,0.048965242737643876,0.002457270900008234,0.005028834435259901,0.010134919426506897,0.007206729098765741,0.010377009618917203,0.0005811970986218639,0.0007849327379238009,0.001585455409868715,0.0006841853289197072,0.0004846546601061436,1.8971778651783762e-05,0.14510393828456378
15.55,0.026576504716664836,0.004726760642241612,0.02520910496633371,0.048603948395873744,0.0024103203945490064,0.00501026738686119,0.010090645276092812,0.007087565504351693,0.010203631951459766,0.0005695906953159305,0.0007828096856149201,0.0015799881200133134,0.0006729273044583455,0.00047659137236085976,1.859065682622447e-05,0.14401924706901795
15.600000000000001,0.02652062137870605,0.004678863665329429,0.02503282393512456,0.04824466965944963,0.002364322233418932,0.004991485158452278,0.010046003131321021,0.00697046098756211,0.010033279603616465,0.0005582129652168184,0.0007806395431980016,0.0015744327988433322,0.0006618605899211206,0.0004686666420126729,1.8217014344990716e-05,0.14294455930651742
15.65,0.026464720971554286,0.004632162674301634,0.024857447269080374,0.04788740785153973,0.00231926245606374,0.004972493297711762,0.010001005450163532,0.006855379096342362,0.009865898475779854,0.0005470607911014057,0.0007784230692686734,0.001568791449334641,0.0006509819414011182,0.00046087808693767967,1.7850750809303533e-05,0.1418797636313901
15.700000000000001,0.026408804452644083,0.004586635233853288,0.024682976494428154,0.04753216402264515,0.0022751271638772664,0.004953297350847982,0.009955664608699729,0.006742284020752006,0.009701435432511793,0.0005361310564739873,0.0007761610407847414,0.0015630660880080567,0.0006402881665156675,0.0004532233636859956,1.7491765431973317e-05,0.14082475026115987
15.75,0.026352872775559588,0.004542259193325806,0.024509413006017458,0.04717893895524448,0.0022319025252716717,0.004933902858170134,0.009909992894569137,0.006631140582329192,0.009539838286309119,0.0005254206474240489,0.0007738542514224901,0.001557258742335782,0.0006297761235725039,0.0004457001668883287,1.71399575351615e-05,0.13977941096597488
15.8,0.026296926890014834,0.004499012685528894,0.024336758069317548,0.04682773316841414,0.0021895747805010745,0.004914315349880788,0.009864002500821051,0.006521914223596333,0.00938105578159256,0.0005149264544003718,0.0007715035100048634,0.0015513714482763572,0.000619442720890346,0.00043830622875260867,1.6795226735907702e-05,0.13874363903872766
15.850000000000001,0.026240967741834383,0.0044568741255008185,0.024165012822408544,0.046478546922423904,0.002148130246245745,0.004894540342082066,0.00981770552014588,0.006414570997706879,0.009225037578918332,0.0005046453739039808,0.0007691096389990226,0.0015454062479335058,0.0006092849163198245,0.000431039318759576,1.6457472564996017e-05,0.13771732926574742
15.9,0.0261849962729343,0.004415822209209232,0.023994178277965822,0.046131380223306026,0.0021075553199638043,0.004874583332987917,0.009771113939473356,0.0063090775582327055,0.009071734239411322,0.0004945743101024121,0.0007666734730808858,0.0015393651873343483,0.0005992997167035363,0.00042389724326914247,1.6126594244407385e-05,0.1367003778982192
15.950000000000001,0.02612901342130347,0.00437583591219482,0.023824255325237177,0.0457862328273972,0.002067836484017309,0.004854449799335171,0.009724239634923354,0.006205401149091696,0.008921097209418943,0.0004847101763677609,0.0007641958577643639,0.001533250314322497,0.0005894841771065952,0.00041687784483507816,1.5802491151171266e-05,0.1356926826244666
16.0,0.026073020120985297,0.004336894488159958,0.02365524473201224,0.04544310424585238,0.002028960309579481,0.004834145192986261,0.009677094367095442,0.006103509594615043,0.008773078805384573,0.00047504989674091965,0.0007616776480930788,0.0015270636765615812,0.0005798354000259177,0.0004099790015177337,1.5485063360720785e-05,0.1346941425429706
16.05,0.02601701730205969,0.004298977467504503,0.023487147146583516,0.0451019937491292,0.0019909134603296732,0.004813674937716668,0.0096296897766837,0.006003371289753547,0.008627632198939212,0.0004655904073243466,0.0007591197073923934,0.0015208073196448341,0.0005703505348500456,0.0004031986265370166,1.5174211459623785e-05,0.133704658135908
16.1,0.025961005890625444,0.004262064655810862,0.023319963099698665,0.044762900371442524,0.0019536826959426087,0.004793044426180401,0.009582037380403838,0.005904955190422362,0.008484711402210217,0.0004563286576056545,0.0007565229060796087,0.001514483285306545,0.0005610267774326877,0.00039653466806531534,1.4869835979234745e-05,0.13272413124320595
16.150000000000002,0.025904986808782934,0.004226136132280369,0.02315369300650344,0.044425822915187776,0.0019172548753782466,0.004772259017046974,0.009534148567219963,0.005808230803983351,0.008344271253345581,0.00044726161171422155,0.0007538881205302002,0.0015080936097313915,0.0005518613694053462,0.00038998510870603503,1.457183747889371e-05,0.1317524650372947
16.2,0.025848960974617162,0.004191172248123017,0.022988337168474884,0.044090759955332605,0.001881616959978546,0.004751324032303553,0.009486034594858828,0.00571316817986433,0.008206267402252346,0.0004383862496129802,0.0007512162319980117,0.0015016403219579085,0.0005428515972512318,0.00038354796468355074,1.4280117323372812e-05,0.1307895639986323
16.25,0.025792929302181127,0.0041571536249025015,0.022823895775344244,0.043757709843775736,0.0018467560163772379,0.004730244754716121,0.009437706586599731,0.00561973790031427,0.008070656296547508,0.0004296995682274767,0.000748508125587391,0.001495125442372527,0.0005339947916058225,0.0003772212852348458,1.3994578056866122e-05,0.12983533389184337
16.3,0.025736892701479566,0.004124061152838562,0.02266036890700934,0.043426670713672684,0.001812659219228655,0.00470902642544372,0.009389175528328672,0.005527911071293671,0.007937395167719933,0.0004211985825142711,0.000745764689275348,0.0014885509812907357,0.0005252883269753386,0.00037100315240312133,1.3715122827456476e-05,0.12888968174230112
16.35,0.02568085207845301,0.004091875989068468,0.022497756535435755,0.04309764048372713,0.001779313853761446,0.004687674241799961,0.009340452265845648,0.005437659313499031,0.007806442017501417,0.0004128803264706935,0.0007429868129819136,0.001481918937621924,0.000516729621453074,0.0003648916808109621,1.3441654784380574e-05,0.1279525158132148
16.400000000000002,0.025624808334962175,0.004060579555869543,0.02233605852654661,0.042770616862447555,0.0017467073181629724,0.004666193355156208,0.009291547502414451,0.005348954753520486,0.007677755604445242,0.0004047418540879648,0.0007401753876869734,0.0014752312976144789,0.0005083161360369792,0.0003588850169852858,1.317407747024482e-05,0.12702374558340715
16.45,0.02556876236877271,0.004030153538844547,0.022175274642100482,0.04244559735236851,0.001714827125800011,0.004644588868980991,0.009242471796544584,0.005261770015131596,0.007551295430710413,0.0003967802402496436,0.0007373313045919072,0.001468490033677712,0.000500045373792912,0.00035298133848270404,1.2912295707840285e-05,0.12610328172575658
16.5,0.025512715073540235,0.004000579885071671,0.02201540454155705,0.04212257925423562,0.001683660907281256,0.004622865837010374,0.009193235559995306,0.005176078210710137,0.007427021729049659,0.0003889925815773163,0.000734455454324399,0.001461697103277275,0.0004919148793744884,0.00034717885342788334,1.265621562815808e-05,0.1251910360860608
16.55,0.025456667338795782,0.0039718408012209315,0.021856447783930293,0.041801559671154204,0.0016531964123670465,0.004601029261544176,0.009143849055992165,0.0050918529327889026,0.007304895449999439,0.00038137599722540543,0.0007315487261847954,0.0014548544479009082,0.00048392223887191267,0.000341475800502891,1.2405743693933477e-05,0.12428692166217277
16.6,0.025400620049931495,0.0039439187516386144,0.021698403829628655,0.04148253551270047,0.0016234215117315353,0.0045790840918630785,0.009094322397646614,0.005009068245735265,0.007184878249269836,0.00037392762962688223,0.0007286120074323959,0.001447963992091559,0.0004760650793909247,0.00033587044870706764,1.2160786112144474e-05,0.12339085258350656
16.650000000000002,0.025344574088186717,0.0039167964564014715,0.02154127204228205,0.041165503498995115,0.0015943241985824767,0.004557035222761829,0.009044665546569738,0.0049276986775584,0.007066932475332496,0.0003666446451916228,0.0007256461826100946,0.00144102764254516,0.00046834106802200344,0.00033036109647173613,1.1921249564594935e-05,0.12250274409107549
16.7,0.025288530330634367,0.0038904568893422813,0.02138505169055534,0.040850460164738686,0.001565892590143644,0.004534887493193886,0.008994888311671343,0.004847719211842974,0.006951021157204583,0.00035952423495906464,0.0007226521329058499,0.0014340472872704994,0.00046074791066088113,0.0003249460706465985,1.168704229977512e-05,0.12162251251806976
16.75,0.02523248965016766,0.00386488327604835,0.02122974194994794,0.04053740186320825,0.0015381149290047687,0.004512645685023013,0.008945000348135976,0.004769105279808036,0.006837107992426636,0.0003525636152067605,0.0007196307355495411,0.0014270247948087087,0.00045328335136520545,0.0003196237260974756,1.1458074051320234e-05,0.12075007527084965
16.8,0.025176452915487174,0.0038400590918345376,0.02107534190457942,0.040226324770215156,0.0015109795843438146,0.004490314521877459,0.008895011156567793,0.004691832752489976,0.006725157335232433,0.0003457600280163857,0.0007165828632438741,0.0014199620135099081,0.00044594517218615027,0.0003143924457999578,1.1234254899964066e-05,0.119885350810284
16.85,0.025120420991088206,0.0038159680596922814,0.020921850548960664,0.039917224888023156,0.0014844750530262128,0.0044678986681025035,0.008844930082296337,0.004615877933048164,0.006615134184908578,0.00033911074179869896,0.0007135093836280722,0.001412860770864531,0.0004387311927200979,0.00030925064059098077,1.1015494768030228e-05,0.11902825863351651
16.900000000000002,0.025064394737248474,0.003792594148216123,0.02076926678975047,0.039610098049226786,0.0014585899605856383,0.004445402727807285,0.00879476631483573,0.004541217549192095,0.006507004174341836,0.000332613051778945,0.0007104111587731516,0.0014057228728868811,0.0004316392690362044,0.0003041967481963269,1.0801704421266872e-05,0.11817871925629722
16.95,0.025008375010016144,0.003769921569509169,0.020617589447497305,0.03930493992058959,0.001433313062090752,0.004422831244001969,0.008744528887489922,0.0044678287457286985,0.006400733558752069,0.000326264280444148,0.0007072890447076016,0.0013985501035485687,0.00042466729262134463,0.0002992292321994597,1.0592796702499616e-05,0.11733665419589924
17.0,0.02495236266119815,0.0037479347770688863,0.020466817258365935,0.039001746006841774,0.0014086332429022227,0.004400188697821416,0.008694226677096953,0.004395689077228503,0.0062962892046085385,0.00032006177795371903,0.0007041438909722918,0.001391344224259631,0.0004178131901101171,0.0002943465818116379,1.0388686257989523e-05,0.11650198595449773
17.05,0.024896358538348887,0.0037266184636546252,0.02031694887584892,0.03870051165443734,0.001384539519324263,0.004377479507831682,0.008643868403905448,0.004324776500809383,0.006193638578727586,0.0003140029225147726,0.0007009765402034313,0.0013841069733953517,0.00041107492358080525,0.00028954731229104765,1.0189287993097206e-05,0.11567463800286662
17.1,0.024840363484759157,0.003705957559138169,0.020167982872462496,0.038401232055269977,0.001361021039154747,0.004354708029415748,0.008593462631576745,0.00425506936903648,0.006092749737549323,0.00030808512072348735,0.000697787827742414,0.0013768400658669537,0.00040445049042405287,0.0002848299649595984,9.994516271374583e-06,0.11485453476435072
17.150000000000002,0.024784378339445492,0.003685937228338645,0.020019917741426897,0.03810390225034784,0.0013380670821379235,0.004331878554235041,0.008543017767306366,0.004186546422936998,0.00599359131659126,0.0003023058078738113,0.0006945785812714338,0.0013695451927344506,0.00039793792230272644,0.0002801931062670218,9.804285981917395e-06,0.11404160159919784
17.2,0.02472840393713975,0.0036665428688430466,0.01987275189833082,0.03780851713342689,0.001315667060323602,0.0043089953097634,0.008492542062058737,0.0041191867851285155,0.0058961325200766555,0.00029666244823474885,0.0006913496204738219,0.0013622240208599529,0.00039153528389467414,0.0002756353266596812,9.618514134955277e-06,0.11323576478934924
17.25,0.024672441108279035,0.0036477601088136,0.019726483682779867,0.037515071454602505,0.0012938105183365805,0.00428606245889026,0.008442043610909264,0.004052969953059412,0.005800343110735335,0.0002911525352974137,0.0006881017567181318,0.0013548781925996698,0.0003852406724217307,0.00027115524035098144,9.437119885242126e-06,0.11243695152367904
17.3,0.024616490678995948,0.003629574804783197,0.019581111360028953,0.03722355982385953,0.0012724871335600154,0.004263084099589945,0.008391530353488162,0.003987875792360119,0.005706193399774866,0.00028577359199299533,0.0006848357927650768,0.0013475093255328025,0.0003790522179498394,0.00026675148594288545,9.260022916443772e-06,0.11164508988354079
17.35,0.02456055347110913,0.0036119730394400308,0.019436633122598336,0.036933976714580215,0.0012516867162362716,0.004240064264654038,0.008341010074520532,0.003923884530303711,0.005613654237019738,0.0002805231708827369,0.0006815525224964522,0.0013401190122254907,0.00037296808336957264,0.0002624227266978148,9.087142323606174e-06,0.11086010882845765
17.400000000000002,0.024504630302114118,0.0035949411194025984,0.0192930470918733,0.03664631646701017,0.001231399209488753,0.004217006921483942,0.008290490404457482,0.0038609767493745497,0.005522697001216448,0.00027539885432101063,0.0006782527306651962,0.001332708820028057,0.00036698646329473745,0.0002581676496294854,8.918397585444175e-06,0.1100819381819453
17.45,0.024448721985174508,0.0035784655729861644,0.01915035131968731,0.03636057329168231,0.001211614689268074,0.004193915971940803,0.008239978820193266,0.0037991333809435437,0.005433293590502221,0.0002703982545925514,0.0006749371926657225,0.001325280290903916,0.0003611055825242882,0.00025398496405935303,8.753710537496132e-06,0.10931050861766152
17.5,0.02439282932911342,0.0035625331479617567,0.019008543789888494,0.0360767412727984,0.001192323364225848,0.004170795252250097,0.008189482645863522,0.0037383356990486533,0.005345416413035135,0.00026551901402489564,0.0006716066743236438,0.001317834941288667,0.00035532369538072793,0.0002498734010262392,8.5930058518014e-06,0.10854575164608131
17.55,0.02433695313840528,0.0035471308093087536,0.01886762241988951,0.0357948143715686,0.0011735155755192915,0.004147648532958263,0.008139009053720048,0.0036785653142792983,0.0052590383777835325,0.0002607588050770633,0.0006682619317040067,0.0013103742619780222,0.00034963908622819906,0.00024583171393644746,8.436209273027957e-06,0.10778759960162936
17.6,0.024281094213167896,0.0035322457369620585,0.01872758506220049,0.03551478642950858,0.0011551817965497076,0.004124479518938845,0.008088565065077517,0.0036198041677632147,0.005174132885472398,0.00025611533040548716,0.0006649037109371815,0.0013028997180432658,0.00034405007000837815,0.00024185867926508576,8.28324565355491e-06,0.10703598562995363
17.650000000000002,0.024225253349154836,0.0035178653235548576,0.018588429505945147,0.03523665117169434,0.0011373126326378665,0.0041012918494457255,0.008038157551327892,0.0035620345252544415,0.005090673819684597,0.0002515863229081771,0.0006615327480616137,0.0012954127487729233,0.00033855499154951564,0.0002379530959605984,8.134039175570855e-06,0.1062908436751281
17.7,0.024169431337748105,0.003503977172157916,0.018450153478359935,0.03496040220997484,0.0011198988206391838,0.004078089098211084,0.007987793235018371,0.003505238971321045,0.005008635538114762,0.00024716954574806685,0.0006581497688827036,0.0012879147676392525,0.0003331522238599263,0.00023411378375615594,7.988515539404839e-06,0.10555210846697075
17.75,0.024113628965951105,0.00349056909401633,0.01831275464627612,0.03468603304614221,0.0011029312285015126,0.0040548747735858195,0.007937478690988863,0.003449400403631191,0.004927992863973643,0.00024286279235644938,0.0006547554888471458,0.0012804071622881138,0.00032784016689248934,0.00023033958197122444,7.846603479549895e-06,0.1048197155089018
17.8,0.024057847016381934,0.003477629106284655,0.018176230617584895,0.03441353707505997,0.0010864008547682997,0.004031652318720268,0.007887220347565218,0.0033945020273362637,0.004848721077540822,0.00023866388641737932,0.0006513506129320952,0.001272891294550791,0.00032261724779073273,0.00022662934986614604,7.708233709806409e-06,0.10409360106650926
17.85,0.02400208626726693,0.0034651454297612554,0.018040578942685282,0.03414290758774884,0.0010702988280297345,0.004008425111783086,0.007837024487804472,0.0033405273495495883,0.0047707959078635625,0.00023457068183387552,0.0006479358355485261,0.001265368500476408,0.0003174819218703458,0.00022298196776563095,7.573336478207271e-06,0.10337370215646574
17.900000000000002,0.02394634749243453,0.0034531064866227404,0.01790579711591493,0.03387413777443057,0.0010546164063244732,0.003985196466216285,0.007786897250788629,0.003287460173919475,0.0046941935245997215,0.00023058106267674397,0.00064451184045814,0.0012578400903837483,0.0003124326726262284,0.0002193963371747766,7.441840665790643e-06,0.10265995653523675
17.95,0.02389063146130943,0.0034415008981592944,0.017771882576963747,0.03360722072752975,0.001039344976494423,0.003961969631024469,0.0077368446329635805,0.0032352845952952135,0.0046188905300026,0.0002266929431168181,0.000641079300703153,0.001250307348931437,0.00030746801012350336,0.00021587137919701149,7.313675645825621e-06,0.10195230268746025
18.0,0.023834938938907,0.003430317482511695,0.01763883271227026,0.03334214944463364,0.0010244760534949863,0.003938747791096373,0.007686872489519907,0.003183984994484669,0.004544863951045579,0.0002229042673414031,0.0006376388785482848,0.0012427715352055575,0.0003025864690464168,0.00021240603254942935,7.188773886936037e-06,0.10125067981454217
18.05,0.023779270685828035,0.003419545252410794,0.017506644856400917,0.03307891683141031,0.0010100012796631138,0.003915534067556925,0.007636986535812484,0.0031335460331022038,0.00447209123168456,0.00021921300945570792,0.0006341912254343014,0.0012352338828238378,0.00029778660817826293,0.00020899925305265107,7.0670713052387736e-06,0.10055502782411936
18.1,0.023723627458253738,0.003409173412920184,0.017375316293412033,0.03281751570448502,0.0009959124239454,0.003892331518148053,0.007587192348815852,0.00308395264850553,0.004400550225255999,0.00021561717337002933,0.0006307369819425021,0.0012276956000554877,0.00029306701152813705,0.00020565001487622713,6.9485048425289255e-06,0.09986528732035672
18.150000000000002,0.023668010007941033,0.003399191359182786,0.017244844258194593,0.03255793879427508,0.000982201381088419,0.003869143137636575,0.007537495368612542,0.003035190048820239,0.004330219187008587,0.00021211479267344593,0.0006272767777696147,0.0012201578699557465,0.00028842628944360607,0.00020235731181399188,6.833009903649707e-06,0.09918139959431989
18.2,0.023612419082218134,0.0033895886741720418,0.01711522593780186,0.03230017874778338,0.000968860170793408,0.0038459718582475742,0.007487900899911601,0.002987243708050682,0.004261076766766471,0.0002087039304947538,0.0006238112317126138,0.0012126218505141442,0.0002838630779803426,0.00019912015676395713,6.72052053380073e-06,0.09850330661374476
18.25,0.023556855423980384,0.0033803551264483733,0.01698645847275974,0.032044228131350626,0.0009558809368373282,0.0038228205501216698,0.007438414113594667,0.0029400993612758914,0.004193102001722005,0.00020538267935134674,0.0006203409516630129,0.0012050886748155272,0.00027937603669171067,0.00019593757956394786,6.610972216243948e-06,0.09783095101239246
18.3,0.023501319771686412,0.0033714806679215744,0.016858538958360095,0.03179007943336667,0.0009432559461622946,0.0037996920217947404,0.007389040048287152,0.0028937429999293107,0.004126274309356052,0.00020214916098671747,0.000616866534610191,0.0011975594512129992,0.00027496384681533246,0.00019280862521287934,6.504304237957075e-06,0.0971642760799404
18.35,0.02344581285935453,0.003362955431619733,0.016731464445936803,0.031537725066940886,0.0009309775879352573,0.003776589020698623,0.007339783611952059,0.002848160867160984,0.004060573480483777,0.00019900152619721595,0.0006133885666532857,0.001190035263512071,0.00027062521151323757,0.00018973235419729722,6.400458966358766e-06,0.0965032257531221
18.400000000000002,0.023390335416559414,0.0033547697294653007,0.01660523194412478,0.03128715737253196,0.0009190383725797872,0.0037535142336814382,0.007290649583504171,0.002803339453280992,0.003995979672424009,0.00019593795464868072,0.0006099076230211725,0.0011825171711654576,0.0002663588576100355,0.00018670784440752197,6.299378712104499e-06,0.09584774460771682
18.45,0.023334888168429074,0.0033469140500588844,0.01647983842010194,0.031038368620537247,0.0009074309307817395,0.0037304702875462117,0.0072416426144424305,0.0027592654912828637,0.00393247340229019,0.00019295665468353125,0.0006064242681000333,0.0011750062094780373,0.0002621635365615201,0.00018373419234392325,6.20100351971296e-06,0.09519777785015734
18.5,0.02327947183564205,0.003339379056471311,0.01635528080081408,0.03079135101384184,0.0008961480124705023,0.00370745974960651,0.00719276723049837,0.0027159259524456992,0.0038700355404009605,0.00019005586311889247,0.0006029390554680322,0.001167503389821485,0.0002580380230935474,0.00018081051196596352,6.105272323650292e-06,0.09455327130798287
18.55,0.023224087134424948,0.0033321555840445122,0.016231555974182917,0.030546096690327828,0.0008851824857774973,0.0036844851282579042,0.007144027833298656,0.0026733080420138218,0.003808647303808514,0.0001872338450363141,0.0005994525279366661,0.0011600096998580338,0.00025398111238433005,0.0001779359320180268,6.012126357775661e-06,0.09391417141972773
18.6,0.023168734776550168,0.003325234638201734,0.016108660790297075,0.03030259772534365,0.0008745273359735103,0.0036615488735640537,0.0070954287020397674,0.002631399194952672,0.0037482902499427324,0.00018448889356362908,0.0005959652175984021,0.0011525261037727166,0.0002499916182680971,0.0001751095943471262,5.921511270220587e-06,0.09328042522568555
18.650000000000002,0.023113415469333955,0.0033186073922675716,0.015986592062586322,0.03006084613413402,0.000864175664386402,0.0036386533778563126,0.00704697399517303,0.0025901870717797834,0.003688946270369301,0.0001818193296494906,0.0005924776458802771,0.0011450535425133958,0.0002460683739989786,0.00017233065478654345,5.833375659444787e-06,0.09265198036037481
18.7,0.02305812991563468,0.0033122651852983066,0.015865346568978988,0.029820833874230634,0.0008541206873006748,0.0036158009763457804,0.006998667752098258,0.00254965955446963,0.003630597584659912,0.00017922350183110518,0.0005889903236031562,0.001137592934037887,0.0002422102345218662,0.000169598285550999,5.747667424970659e-06,0.09202878504598686
18.75,0.023002878813851376,0.0033061995199229976,0.015744921053042617,0.02958255284780381,0.0008443557348403208,0.0035929939477467527,0.006950513894864331,0.002509804742431144,0.0035732267343727034,0.000176699785995658,0.0005855037510463518,0.0011301451735675505,0.00023841607758533093,0.00016691167646465114,5.664331626919066e-06,0.09141078808516252
18.8,0.022947662857922584,0.00330040206019577,0.0156253122251081,0.0293459949039756,0.0008348742498363364,0.0035702345149106114,0.006902516229875179,0.0024706109485567824,0.0035168165771411845,0.00017424658513590216,0.0005820184180172843,0.0011227111338468403,0.00023468480212294573,0.00016427003342227195,5.583312088390112e-06,0.09079793885215579
18.85,0.022892482737325394,0.0032948646294597163,0.015506516763377115,0.029111151841094297,0.0008256697866802109,0.003547524845469175,0.006854678449599598,0.0024320666953419287,0.0034613502808697742,0.00017186232910034767,0.0005785348039258305,0.0011152916654083615,0.00023101532509586356,0.00016167257525352997,5.504555214636176e-06,0.09019018728321579
18.900000000000002,0.022837339137074777,0.003289579208222813,0.015388531315013158,0.0288780154089709,0.0008167360101646749,0.003524867052486626,0.006807004134283542,0.002394160711073527,0.0034068113180342465,0.0001695454743384616,0.0005750533778629971,0.0011078875968430324,0.00022740657962868764,0.0001591185318471164,5.428012233914836e-06,0.0895874838680785
18.95,0.022782232737723167,0.0032845379320462363,0.01527135249721617,0.02864657731107773,0.0008080666943129282,0.003502263195119142,0.00675949675366349,0.0023568819260868148,0.0033531834600853154,0.00016729450364126144,0.0005715745986835624,0.0011004997350748953,0.00022385751608417273,0.0001566071452345083,5.35363756460094e-06,0.08898977964361399
19.0,0.02272716421536027,0.003279733089445443,0.015154976898280808,0.028416829206709404,0.0007996557211975228,0.003479715279281392,0.006712159668679607,0.002320219469089017,0.003300450771953627,0.00016510792587766214,0.0005680989150923636,0.001093128865640024,0.00022036710484467606,0.00015413767242336302,5.2813848084702455e-06,0.08839702618868367
19.05,0.02267213424161317,0.00327515711980437,0.015039401078638607,0.028188762713106746,0.0007914970797500413,0.003457225258319126,0.0066649961331875065,0.002284162663548951,0.0032485976066545068,0.00016298427572692526,0.0005646267657339665,0.0010857757529689053,0.0002169343378098561,0.00015170938697778118,5.211204234383422e-06,0.08780917561807484
19.1,0.02261714348364664,0.0032708026113030786,0.01492462157188392,0.02796236940754357,0.0007835848645626447,0.003434795033687073,0.006618009295667401,0.0022487010241513967,0.003197608599990719,0.00016092211340754272,0.0005611585792854938,0.0010784411406716103,0.00021355822673284268,0.00014932157744894917,5.14304423306646e-06,0.08722618057421594
19.150000000000002,0.02256219260416371,0.003266662298859171,0.0148106348857839,0.027737640829376946,0.0007759132746825452,0.0034124264556314393,0.006571202200929582,0.0022138242533151996,0.00314746866535163,0.00015892002440288567,0.000557694774552428,0.0010711257518251239,0.00021023779951382014,0.00014697354374700663,5.0768554281177555e-06,0.08664799421756353
19.200000000000003,0.02250728226140649,0.0032627290620832715,0.014697437503272565,0.02751456848206114,0.0007684766124003992,0.0033901213238763106,0.006524577791815169,0.0021795222377740345,0.0030981629886071317,0.00015697661918393733,0.0005542357605672035,0.0010638302892622957,0.0002069720976048349,0.00014466459458619836,5.012593566524882e-06,0.08607457021806754
19.25,0.022452413109157226,0.003258995923248867,0.014585025883429045,0.027293143835125575,0.0007612692820335848,0.003367881388313297,0.006478138910891154,0.0021457850452187843,0.0030496770230947073,0.00015509053292942046,0.0005507819366903839,0.0010565554358620006,0.00020376017674411738,0.00014239404824572833,4.95021841493188e-06,0.08550586274939881
19.3,0.022397585796739578,0.0032554560452767722,0.014473396462440115,0.027073358326117066,0.0007542857887052809,0.003345708349693784,0.006431888302138778,0.0021126029210004884,0.0030019964846980363,0.00015326042524361496,0.0005473336927141909,0.0010493018548401985,0.00020060111014945646,0.00014016123583025276,4.889689610310866e-06,0.08494182648519794
19.35,0.022342800969020183,0.0032521027297344866,0.01436254565454721,0.026855203362506904,0.000747520737120239,0.0033236038603232094,0.006385828612634424,0.0020799662848928753,0.002955107347015621,0.00015148497987214717,0.000543891408968141,0.0010420701900416384,0.0001974939909523018,0.00013796550384139678,4.8309632698693045e-06,0.08438241659474066
19.400000000000002,0.022288059266410407,0.003248929414850674,0.014252469852977892,0.02663867032356277,0.000740968830338083,0.0033015695247567626,0.0063399623942221135,0.0020478657279134243,0.0029089958366178056,0.00014976290441600984,0.0005404554564265395,0.0010348610662319177,0.0001944379312569086,0.00013580621343102045,4.773992502761255e-06,0.0838275887359151
19.450000000000003,0.02223336132486835,0.003245929673545005,0.014143165430862,0.026423750562186103,0.0007346248685449544,0.003279606900495987,0.006294292105176887,0.0020162920092019975,0.002863648428390721,0.00014809293004405832,0.0005370261968176251,0.0010276750893895724,0.00019143205825042315,0.00013368273671249132,4.718731413156566e-06,0.08327729904589934
19.5,0.022178707775901085,0.003243097211473577,0.014034628742132571,0.026210435406715134,0.0007284837478242744,0.0032577174986857544,0.006248820111858309,0.0019852360529560463,0.0028190518409656213,0.00014647381120421173,0.0005336039827341989,0.0010205128469978275,0.00018847551053698298,0.0001315944532315049,4.665139002008897e-06,0.0827315041322191
19.55,0.0221240992465671,0.0032404258650901075,0.0139268561224116,0.025998716162693905,0.0007225404589273613,0.003235902784811115,0.006203548690353383,0.0019546889454214148,0.002775193032232114,0.00014490432533357768,0.0005301891577456163,0.0010133749083356465,0.00018556743780935692,0.0001295407496681226,4.6131794337105255e-06,0.08219016106683413
19.6,0.022069536359479034,0.003237909599723106,0.013819843889880888,0.0257885841146078,0.0007167900860446169,0.0032141641793935727,0.006158480028108293,0.0019246419319378177,0.002732059194933859,0.00014338327256771644,0.000526782056511054,0.0010062618247678112,0.0001827070040754275,0.00012752102302648611,4.562818359113387e-06,0.0816532273834166
19.650000000000002,0.02201501973280655,0.003235542507669187,0.013713588346137952,0.02558003052758567,0.0007112278055779495,0.0031925030586863142,0.0061136162255482785,0.0018950864140380027,0.002689637752345229,0.00014190947544925504,0.0005233830048939562,0.0009991741300338622,0.00017989339147310847,0.0001255346844373776,4.514018488138247e-06,0.08112066107517082
19.700000000000003,0.0219605499802795,0.0032333188063027036,0.013608085777037227,0.025373046649069125,0.0007058488849150842,0.003170920755367989,0.006068959297685131,0.0018660139465997052,0.0026479163540275514,0.0001404817786360667,0.000519992320077548,0.0009921123405358815,0.00017712580109320507,0.00012358116005552628,4.4667382856066024e-06,0.08059242058996784
19.75,0.021906127711191284,0.0032312328362018475,0.013503332453516658,0.02516762371044923,0.000700648681206372,0.0031494185592346358,0.006024511175711766,0.0018374162350494653,0.0026068828716635183,0.00013909904860922792,0.00051661031068127,0.0009850769556251687,0.00017440344976495608,0.00012165988799069075,4.420934955381516e-06,0.08006846482185145
19.8,0.02185175353040242,0.0032292790592913646,0.013399324632409775,0.024963752928670962,0.0006956226401446838,0.0031279977178893656,0.0059802737085833495,0.001809285132617397,0.0025665253949683576,0.00013776017338096386,0.0005132372768779626,0.0009780684578878753,0.00017172556525953765,0.00011977031364218202,4.3765691717325165e-06,0.07954875310119795
19.85,0.02179742803834436,0.0032274520570020173,0.01329605855724349,0.024761425507805926,0.0006907662947489503,0.0031066594374294675,0.00593624866458458,0.0017816126376420513,0.002526832227676459,0.00013646406220278786,0.0005098735105116299,0.0009710873134296158,0.00016909138382254984,0.00011791188725034408,4.333607509525325e-06,0.07903324518720374
19.900000000000002,0.021743151831023492,0.003225746528446912,0.013193530459021613,0.024560632640593442,0.0006860752641518724,0.0030854048831305677,0.005892437732882617,0.0017543908909244557,0.002487791883602047,0.00013520964527402707,0.000506519295215632,0.0009641339721589788,0.0001665001520741843,0.00011608406568227469,4.292020474938917e-06,0.07852190126465707
19.950000000000003,0.021688925500025373,0.0032241572886148088,0.013091736556994308,0.024361365509950585,0.0006815452523923117,0.003064235180127541,0.005848842525065325,0.0017276121731305035,0.0024493930827726405,0.00013399587345091818,0.0005031749065311951,0.0009572088680697978,0.00016395113164270467,0.00011428631691336145,4.251777755387233e-06,0.07801468194343676
20.0,0.02163474963251917,0.003222679266580509,0.012990673059413612,0.024163615290451416,0.0006771720472128372,0.0030431514140918732,0.00580546457666444,0.00170126890224083,0.0024116247476339762,0.00013282171795644073,0.0004998406120261704,0.0009503124195220202,0.000161443602517622,0.00011251812333780803,4.2128446438952875e-06,0.0775115482568126
20.05,0.0215806248112623,0.003221307503732416,0.012890336164275108,0.02396737314977576,0.0006729515188628837,0.0030221546319051705,0.00576230534866331,0.001675353631047336,0.002374475999325115,0.00013168617009104474,0.0004965166714139921,0.0009434450295210426,0.00015897686206727663,0.00011077898093123621,4.1751826192055664e-06,0.07701246165549318
20.1,0.021526551614605295,0.003220037152017349,0.012790722060045985,0.023772630250128046,0.0006688796189079537,0.003001245842328581,0.005719366228988952,0.001649859044695565,0.0023379361540225175,0.00013058824094442127,0.0004932033366727901,0.0009366070859954657,0.00015655022019582193,0.0001090683946846583,4.1387536347603385e-06,0.07651738399786817
20.150000000000002,0.021472530616496864,0.003218863472202683,0.012691826926379508,0.02357937774962632,0.0006649523790452683,0.0029804260166678403,0.005676648533988082,0.0016247779582720873,0.002301994719351801,0.0001295269611084549,0.0004899008521645809,0.0009297989620732697,0.00015416299431262348,0.0001073858738280697,4.103524636377439e-06,0.07602627754015381
20.200000000000003,0.021418562386489145,0.003217781832155878,0.012593646934816117,0.023387606803662003,0.0006611659099262556,0.0029596960894337273,0.005634153509886901,0.0016001033144361252,0.0022666413908660043,0.0001285013803914965,0.00048660945475443717,0.0009230210163564466,0.00015181450804005993,0.00010573093062825754,4.069468645215779e-06,0.07553910493048806
20.25,0.021364647489743184,0.003216787705141454,0.012496178249471275,0.023197308566230663,0.0006575163999862397,0.002939056958997705,0.005591882334234399,0.0015758281810946265,0.0022318660485891543,0.00012751056753408898,0.0004833293739295053,0.0009162735931940787,0.00014950409465742972,0.00010410308374605127,4.036561507181824e-06,0.07505582920805703
20.3,0.021310786487034585,0.003215876668135456,0.012399417027710167,0.023008474191234123,0.0006540001142816737,0.0029185094882425234,0.0055498361173289545,0.0015519457491200077,0.002197658753623952,0.00012655360992627526,0.0004800608319177357,0.0009095570229537601,0.00014723110247915266,0.00010250186348994994,4.004776865139672e-06,0.07457641380434345
20.35,0.021256979934759387,0.0032150444001574504,0.012303359420809484,0.02282109483375444,0.0006506133933352447,0.002898054505207621,0.0055080159036280845,0.0015284493301098339,0.0021640097448224487,0.00012562961332661217,0.000476804043806216,0.0009028716222911721,0.00014499489773695163,0.00010092681472121172,3.974083304410049e-06,0.07410082254177057
20.400000000000002,0.021203228384940116,0.0032142866806200766,0.012208001574606329,0.022635161651299883,0.0006473526519891502,0.0028776928037291083,0.0054664226731411195,0.001505332354187654,0.002130909435518538,0.00012473770158300237,0.00047355921765902695,0.0008962176944175452,0.00014279486241467878,9.937749493915823e-05,3.9444458934811505e-06,0.07362901962693887
20.450000000000003,0.021149532385232025,0.003213599387696187,0.012113339630134435,0.022450665805023418,0.0006442143782668372,0.002857425144074185,0.005425057342804715,0.0014825883678442815,0.002098348410321172,0.00012387701635544615,0.0004703265546345879,0.0008895955293647525,0.00014063038840850847,9.785346881938505e-05,3.915830908375321e-06,0.07316096963988829
20.5,0.02109589247892955,0.003212978496703581,0.012019369724247867,0.02226759846091405,0.0006411951322434703,0.0028372522535698367,0.005383920767841047,0.0014602110318187873,0.002066317421967187,0.00012304671684080013,0.00046710624910248057,0.000883005404247834,0.00013850087228777503,9.63543032646763e-05,3.8882100891434585e-06,0.07269663752406808
20.55,0.021042309204972916,0.0032124200785073457,0.011926087990232261,0.022085950790961283,0.0006382915449253809,0.002817174827225644,0.0053430137430985816,0.001438194119018486,0.002034807388232653,0.0001222459794996158,0.0004638984887597437,0.0008764475835248376,0.00013640571456816503,9.487956670827441e-05,3.8615611700737545e-06,0.07223598858140524
20.6,0.020988783097954978,0.003211920297939805,0.011833490558403882,0.021905713974293244,0.0006355003171387342,0.002797193528350603,0.005302337004375363,0.001416531512477235,0.0020038093889016956,0.00012147399778512005,0.00046070345474661604,0.0008699223192539575,0.00013434432403781682,9.342883321709134e-05,3.835864284761458e-06,0.0717789884731609
20.650000000000002,0.02093531468812821,0.003211475412238067,0.011741573556696491,0.021726879198288584,0.0006328182184276303,0.002777308989163801,0.0052618912297247005,0.0013952172033513237,0.0019733146627917094,0.00012072998187438864,0.0004575213217616693,0.0008634298513479598,0.00013231612383402978,9.200168828665857e-05,3.811096964866769e-06,0.07132560322288012
20.700000000000003,0.020881904501411894,0.003211081769499167,0.011650333111236266,0.02154943765966272,0.0006302420859618455,0.0027575218113988493,0.005221677040743235,0.0013742452889522981,0.0019433146048339549,0.00012001315840175943,0.00045435225817625673,0.0008569704078258847,0.00013032055457116006,9.059773187414756e-05,3.787231477445276e-06,0.07087579921602687
20.75,0.020828553059399478,0.003210735807152773,0.011559765346904893,0.02137338056552866,0.0006277688234544021,0.002737832566901974,0.0051816950038413336,0.0013536099708160434,0.0019138007632085116,0.00011932277019452896,0.0004511964261481937,0.0008505442050619395,0.00012835707195238684,8.921657621248202e-05,3.7642364621238957e-06,0.07042954319323971
20.8,0.02077526087936612,0.003210434050451449,0.01146986638789094,0.021198699134432737,0.0006253954000891407,0.002718241798223652,0.005141945631495761,0.001333305552807457,0.0018847648365325784,0.00011865807601097413,0.0004480539817346056,0.0008441514480314348,0.00012642514037376645,8.785783979399569e-05,3.7420816376782603e-06,0.06998680223887228
20.85,0.02072202847427641,0.0032101731109784246,0.011380632358229736,0.0210253845973658,0.0006231188494584585,0.0026987500192037312,0.005102429383484679,0.0013133264392600902,0.0018561986711011684,0.00011801835028074162,0.0004449250750039161,0.0008377923305536031,0.00012452422702746534,8.652114175997807e-05,3.7207421251403513e-06,0.06954754377010935
20.900000000000002,0.020668856352792274,0.0032099496851728544,0.01129205938233179,0.020853428198749923,0.0006209362685113585,0.0026793577155499373,0.005063146668104894,0.0012936671331500896,0.0018280942581791891,0.00011740288284764408,0.0004418098501469795,0.0008314670355311584,0.00012265380073989772,8.520610070708667e-05,3.7001992562017616e-06,0.06911173553177129
20.950000000000003,0.020615745019281026,0.003209760552872511,0.011204143585499982,0.02068282119740119,0.0006188448165119469,0.002660065345409705,0.005024097843371418,0.0012743222343038374,0.0018004437313439941,0.00011681097871490097,0.000438708445587392,0.0008251757351865504,0.00012081333642471301,8.39123387798164e-05,3.6804373001472733e-06,0.06867934559798913
21.0,0.02056269497382362,0.003209602575873877,0.011116881094435623,0.02051355486746885,0.0006168417140085017,0.0026408733399352776,0.004985283218199359,0.0012552864376386681,0.001773239363877459,0.00011624195779285611,0.00043562099409101237,0.0008189185912949586,0.00011900232198741068,8.263948811422224e-05,3.6614384629899395e-06,0.06825034237700471
21.05,0.020509706712223037,0.0032094726965095745,0.011030268037733522,0.0203456204993511,0.0006149242418132221,0.0026217821038420123,0.004946703053568151,0.0012365545314360498,0.00174647356620666,0.00011569515464919876,0.0004325476228747006,0.0008126957554141418,0.00011722026269416112,8.138719497050747e-05,3.64317970117085e-06,0.06782469461298721
21.1,0.020456780726012883,0.0032093679362430842,0.010944300546366267,0.020179009400588033,0.000613089739992763,0.0026027920159598615,0.004908357563668218,0.001218121395646661,0.0017201388833922846,0.00011516991826171043,0.00042948845371425465,0.0008065073691112818,0.00011546667973311182,8.015511847676722e-05,3.6256335553003498e-06,0.06740237138072248
21.150000000000002,0.020403917502466114,0.003209285394280689,0.010858974754157756,0.020013712896731848,0.0006113356068696385,0.0025839034297779682,0.0048702469170300725,0.001199982000226749,0.0016942279926638543,0.00011466561177355442,0.0004264436030514842,0.0008003535641869085,0.00011374110373533019,7.894292466661201e-05,3.6087723684252794e-06,0.06698334207398698
21.200000000000003,0.02035111752460394,0.0032092222462005745,0.0107742867982462,0.019849722332194848,0.0006096592980345783,0.002565116673982361,0.00483237123763595,0.0011821314035052226,0.001668733701000919,0.00011418161225112516,0.000423413182100354,0.000794234462895931,0.00011204306754955232,7.775027979411543e-05,3.5925729349367557e-06,0.06656757639293062
21.25,0.02029838127120488,0.003209175742599025,0.010690232819536717,0.01968702907107548,0.0006080583253699036,0.002546432052986717,0.004794730606014054,0.0011645647505809072,0.0016436489427593681,0.0001137173104444738,0.0004203972969521309,0.0007881501781657267,0.0001103721031444924,7.657684747159992e-05,3.577018394380432e-06,0.06615504433669987
21.3,0.020245709216813984,0.0032091432077536314,0.010606808963143628,0.019525624497962715,0.0006065302560839828,0.0025278498474561647,0.004757325060315461,0.0011472772717494057,0.001618966777342011,0.00011327211055032949,0.00041739604867949213,0.0007821008138112101,0.00010872774474470181,7.542229160819382e-05,3.5620961177395287e-06,0.06574571620413264
21.35,0.020193101831752224,0.0032091220383034403,0.01052401137882266,0.019365500018719256,0.0006050727117568182,0.0025093703148241324,0.004720154597373839,0.0011302642809590405,0.0015946803869126306,0.00011284542997773986,0.0004144095334395837,0.0007760864647468384,0.00010710953607012891,7.428628318585622e-05,3.5477930643550393e-06,0.06533956259990853
21.400000000000002,0.020140559582126006,0.00320910970194596,0.010441836221393115,0.019206647061243698,0.000603683367396805,0.0024909936898022053,0.004683219173748007,0.00111352117429532,0.0015707830741526776,0.00011243669911635544,0.0004114378425760269,0.0007701072171955549,0.0001055170367327977,7.316850628904271e-05,3.5340917560410937e-06,0.06493655443976962
21.450000000000003,0.020088082929836864,0.0032091037361509397,0.010360279651150198,0.019049057076212086,0.0006023599505086956,0.00247272018488301,0.004646518706747492,0.001097043428493423,0.001547268260059827,0.00011204536110738626,0.0004084810627198771,0.0007641631488947533,0.00010394982335772296,7.206865926610598e-05,3.520969527894417e-06,0.06453666294891627
21.5,0.0200356723325913,0.0032091017468908302,0.010279337834267625,0.01889272153779921,0.0006011002401727967,0.002454549990836114,0.004610053075441175,0.0010808265994781798,0.0015241294817876219,0.00011167087161725696,0.0004055392758895105,0.0007582543292993663,0.0001024074844759921,7.098645010843838e-05,3.508401478752486e-06,0.06413985965213416
21.55,0.019983328243910747,0.0032091014073878394,0.010199006943190626,0.018737631944379825,0.0005999020661354148,0.00243648327719695,0.004573822121649141,0.0010648663209310392,0.0015013603905254236,0.00011131269861398461,0.0004026125595893835,0.0007523808197821594,0.00010088961235931095,6.992158895283176e-05,3.49636511441349e-06,0.06374611635971908
21.6,0.019931051113141723,0.0032091004568774828,0.010119283157019553,0.018583779819210357,0.0005987633079105629,0.0024185201927487783,0.004537825650917886,0.0010491583028835385,0.0014789547494179418,0.00011097032214629967,0.000399700986907584,0.00074654267383125,9.939579702327577e-05,6.887378253549519e-05,3.484843636821124e-06,0.06335540515620854
21.650000000000002,0.019878841385466098,0.003209096699388535,0.010040162661884117,0.01843115671109112,0.0005976818938929311,0.0024006608659976896,0.004502063433478963,0.0010336983303367653,0.0014569064315235747,0.00011064323412552519,0.0003968046266120749,0.0007407399372447667,9.792562627857923e-05,6.784273419304412e-05,3.4738257813474507e-06,0.06296769839729513
21.700000000000003,0.0198266995019115,0.0032090880025392775,0.009961641651308473,0.018279754195009577,0.0005966558004821183,0.0023829054056406767,0.0044665352051912474,0.0010184822619063473,0.0014352094178108536,0.00011033093811022589,0.00039392354324554947,0.0007349726483225129,9.647869182634459e-05,6.682814943185112e-05,3.4633023637179012e-06,0.06258296871510026
21.75,0.019774625899361905,0.003209072296349941,0.009883716326567269,0.018129563872764865,0.0005956830512181161,0.00236525390102679,0.00443124066846693,0.0010035060284924893,0.0014138577951922705,0.0001100329490936352,0.00039105779721884275,0.0007292408380544711,9.505459749749563e-05,6.582974350391598e-05,3.4532617910041937e-06,0.062201189026599935
21.8,0.01972262101056829,0.0032090475720712376,0.009806382897032744,0.017980577373573867,0.0005947617159280297,0.0023477064226113988,0.004396179493181387,0.000988765631974588,0.0013928457545947783,0.00010974879329386677,0.000388207444902879,0.0007235445303060223,9.365296433241866e-05,6.484724612147827e-05,3.4436873869817797e-06,0.06182233253787997
21.85,0.019670685264159504,0.003209011881028872,0.00972963758051311,0.017832786354659253,0.000593889909884015,0.0023302630224035998,0.004361351317567107,0.0009742571439299836,0.0013721675890662967,0.00010947800794691642,0.00038537253871916735,0.0007178837419998367,9.227342915358066e-05,6.388040021509231e-05,3.4345581545075482e-06,0.06144637273940084
21.900000000000002,0.019618819084653228,0.003208963333483921,0.009653476603582224,0.017686182501819643,0.000593065792972405,0.0023129237344067816,0.004326755749091755,0.0009599767043763761,0.0013518176919175141,0.00010922014110245997,0.00038255312722885955,0.0007122584832944472,9.091563734579308e-05,6.292895536364581e-05,3.4258524076979284e-06,0.06107328339304676
21.950000000000003,0.01956702289246708,0.0032089000975089677,0.009577896201900762,0.017540757529982288,0.0005922875688739947,0.002295688575052397,0.004292392365320604,0.000945920520537484,0.001331790554898345,0.0001089747514224522,0.0003797492552203797,0.0007066687577595705,8.957923418974329e-05,6.199265986353027e-05,3.4175519684677057e-06,0.06070303851696606
22.0,0.01951529710392984,0.003208820397879877,0.00950289262052902,0.017396503183738542,0.0005915534842554475,0.0022785575436269716,0.004258260714763443,0.0009320848656315037,0.0013120807664083786,0.00010874140798253055,0.0003769609637956113,0.0007011145625482201,8.826386003863584e-05,6.107125627485119e-05,3.409644360808646e-06,0.06033561237576369
22.05,0.019463642131292827,0.003208722514983094,0.009428462114231404,0.01725341123786238,0.0005908618279717814,0.0022615306226923836,0.004224360317706119,0.0009184660776819405,0.0012926830097406737,0.0001085196900762239,0.00037418829045460575,0.0006955958885656097,8.696915230328823e-05,6.0164483170509145e-05,3.4021217260486314e-06,0.05997097948045889
22.1,0.019412058382741376,0.0032086047837383454,0.009354600947772858,0.017111473497812373,0.0005902109302798915,0.0022446077784994706,0.004190690667026928,0.0009050605583504105,0.0012735920613582915,0.00010830918702196308,0.0003714312691787729,0.0006901127206347942,8.569475306937404e-05,5.927208204910295e-05,3.3949771940381175e-06,0.059609114596728
22.150000000000002,0.019360546262406474,0.0032084655925366224,0.00928130539620721,0.016970681800217234,0.0005895991620630553,0.002227788961394988,0.004157251228997942,0.0008918647717909815,0.001254802789202918,0.0001081094979728843,0.0003686899305125246,0.0006846650376589609,8.44403177503113e-05,5.839380524586761e-05,3.388200950855707e-06,0.059249992754908824
22.200000000000003,0.019309106170376483,0.003208303382193326,0.009208571745157672,0.016831028013345347,0.0005890249340663704,0.0022110741062219773,0.0041240414440715,0.0008788752435256676,0.001236310151034997,0.00010792023172941196,0.00036596430164337617,0.0006792528127803143,8.320551952412205e-05,5.7529420055400623e-05,3.3817783448159737e-06,0.05889358925407078
22.25,0.019257738502709017,0.003208116644916447,0.00913639629108958,0.016692504037558537,0.0005884866961430655,0.0021944631327135916,0.004091060727652003,0.0008660885593406779,0.0012181091928047706,0.00010774100655460318,0.00036325440648054397,0.0006738760135355659,8.199004678020489e-05,5.667870652327871e-05,3.3756910677209373e-06,0.058539879655869605
22.3,0.019206443651442903,0.0032079039232896555,0.00906477534157546,0.01655510180575028,0.0005879829365116226,0.0021779559458804157,0.0040583084708531785,0.0008535013642030285,0.0012001950470536408,0.00010757144999223343,0.0003605602657321062,0.0006685346020081269,8.079359493268143e-05,5.584145011125117e-05,3.3699206033346335e-06,0.058188839769939917
22.35,0.019155222004610315,0.0032076638092701755,0.008993705215552645,0.01641881328376881,0.000587512181023647,0.002161552436391358,0.004025784041241018,0.0008411103611971519,0.0011825629313452965,0.00010741119868760115,0.00035788189698080316,0.0006632285349771871,7.96158572894835e-05,5.5017433456905275e-05,3.3644518668277746e-06,0.05784044563765923
22.400000000000002,0.019104073946248957,0.0032073949432013145,0.008923182243573429,0.016283630470825164,0.0005870729924424171,0.0021452524809481366,0.0039934867835625144,0.0008289123104811132,0.0011652081467260302,0.00010725989821102942,0.0003552193147585387,0.0006579577640638802,7.845652024202843e-05,5.420643198364315e-05,3.359274942980411e-06,0.057494673522211166
22.450000000000003,0.019052999856414416,0.0032070960128395185,0.008853202768047986,0.016149545399886608,0.0005866639697320421,0.0021290559426534357,0.003961416020460412,0.000816904028262082,0.0011481260762137018,0.00010711720288404296,0.00035257253061962284,0.0006527222358747262,7.731526555694005e-05,5.340821589733766e-05,3.3543839936814133e-06,0.057151499909336545
22.5,0.0190020001111926,0.0032067657523958235,0.00878376314348012,0.01601655013805566,0.0005862837473571557,0.0021129626713727863,0.003929571053174118,0.0008050823857906966,0.001131312183314817,0.00010698277560819976,0.00034994155321276844,0.0006475218921424777,7.619177847920741e-05,5.262255743435906e-05,3.3497740466641113e-06,0.05681090151705745
22.55,0.018951075082712272,0.0032064029415915705,0.008714859736695967,0.015884636786934917,0.0005859309945930669,0.002096972504090214,0.003897951162226958,0.0007934443083739632,0.0011147620105691758,0.00010685628769655651,0.00034732638835183985,0.0006423566698644362,7.508575702983822e-05,5.184923921834393e-05,3.345437556362093e-06,0.05647285530750548
22.6,0.018900225139157758,0.003206006404728254,0.008646488927065803,0.015753797482978067,0.0005856044148462922,0.002081085265257742,0.0038665556080999786,0.0007819867744063587,0.0010984711781215938,0.00010673741870774667,0.00034472703908535927,0.000637226501438281,7.39969171798447e-05,5.108805895118251e-05,3.3413626763302137e-06,0.05613733849270059
22.650000000000002,0.018849450644781676,0.0032055750097713673,0.008578647106719016,0.015624024397827221,0.000585302744985385,0.0020653007671387765,0.0038353836318924164,0.0007707068144187792,0.001082435382320163,0.00010662585628264828,0.00034214350576479083,0.0006321313147954539,7.292499088846448e-05,5.033882772854028e-05,3.337534122188905e-06,0.05580432852943689
22.700000000000003,0.018798751959917828,0.0032051076674481167,0.008511330680752393,0.015495309738636881,0.000585024754681981,0.0020496188101454603,0.003804434455969067,0.0007596015101450128,0.0010666503943405656,0.00010652129598361704,0.00033957578611165456,0.0006270710335322056,7.18697179801446e-05,4.9601362832021536e-05,3.3339360217488263e-06,0.055473803104498697
22.75,0.01874812944099418,0.0032046033303588643,0.008444536067431837,0.015367645748384813,0.0005847692457619728,0.002034039183170046,0.0037737072845947005,0.000748667993605406,0.0010511120588359453,0.00010642344113625838,0.0003370238752835357,0.0006220455770384613,7.083083625404565e-05,4.887547891874015e-05,3.3305551077729987e-06,0.05514574011687659
22.8,0.01869758344054593,0.003204060992102167,0.008378259698387592,0.015241024706169982,0.0005845350515667272,0.002018561663910353,0.0037432013045557004,0.0007379034462073965,0.0010358162926118457,0.00010633200267371056,0.0003344877659390574,0.0006170548606246885,6.980807519793739e-05,4.816098242034453e-05,3.3273825197449366e-06,0.05482011766543317
22.85,0.018647114307228704,0.0032034796864132764,0.008312498018803148,0.015115438927497966,0.0005843210363242566,0.0020031860191893785,0.0037129156857691314,0.000727305097862607,0.001020759083325756,0.0001062466989834113,0.0003319674483018693,0.0006120987956469442,6.880115671578441e-05,4.7457672206642945e-05,3.3244133082301845e-06,0.0544969140475771
22.900000000000002,0.018596722385831824,0.0032028584863159656,0.008247247487597866,0.014990880764553875,0.0005841260945302522,0.0019879120052691203,0.0036828495818793704,0.0007168702261201756,0.001005936488210778,0.00010616725575631977,0.00032946291022366585,0.0006071772896301923,6.780980246902756e-05,4.676534616063416e-05,3.3216440019527206e-06,0.054176107768551016
22.950000000000003,0.01854640801729169,0.00320219650328754,0.00818250457760347,0.014867342606463194,0.0005839491503388893,0.001972739368158676,0.0036530021308425102,0.0007065961553160266,0.0009913446328229708,0.00010609340583856824,0.00032697413724622627,0.0006022902463899056,6.683374385754426e-05,4.608381012811982e-05,3.319069623885236e-06,0.05385767755520923
23.0,0.01849617153870524,0.003201492886436905,0.008118265775734525,0.014744816879540693,0.0005837891569633083,0.001957667843916692,0.003623372455498701,0.0006964802557377799,0.0009769797098119163,0.00010602488908551819,0.00032450111266244094,0.000597437566151875,6.587272925517843e-05,4.5412884441317084e-05,3.3166817719187275e-06,0.053541602365714
23.05,0.018446013283343513,0.0032007468216955445,0.008054527583152948,0.01462329604752763,0.0005836450960856798,0.001942697158948217,0.003593959664132593,0.0006865199428050003,0.0009628379777140626,0.0001059614522181978,0.0003220438175762931,0.0005926191456701091,6.492652458484062e-05,4.47524045090589e-05,3.314468711534142e-06,0.05322786138867522
23.1,0.01839593358066531,0.003199957531021282,0.007991286515426759,0.014502772611817592,0.0005835159772767563,0.0019278270302960443,0.003564762851022089,0.00067671267626451,0.0009489157597684262,0.00010590284868209791,0.000319602230961783,0.0005878348783427237,6.39949068421257e-05,4.410221510498411e-05,3.3124172993091437e-06,0.0529164340307918
23.150000000000002,0.018345932756330934,0.003199124271614678,0.007928539102683055,0.014383239111671026,0.0005834008374248128,0.0019130571659265862,0.0035357810969755365,0.0006670559594004642,0.000935209442754205,0.00010584883850830415,0.0003171763297208019,0.0005830846543257604,6.307765388349807e-05,4.346216129384076e-05,3.3105156286804773e-06,0.052607299898142175
23.200000000000003,0.018296011132216006,0.0031982463351479373,0.007866281889755408,0.014264688124418829,0.0005832987401738808,0.0018983872650103655,0.0035070134698575632,0.0006575473382589265,0.0009217154758499081,0.00010579918817694162,0.00031476608873999123,0.0005783683606449359,6.217453575291345e-05,4.283208067583371e-05,3.3087550125692106e-06,0.05230043877969201
23.25,0.018246169026425403,0.0031973230470061773,0.00780451143632573,0.014147112265655152,0.0005832087753711757,0.001883817018197186,0.0034784590251037205,0.0006481844008866657,0.0009084303695135818,0.00010575367048290806,0.00031237148094662333,0.0005736858813053507,6.12853120251599e-05,4.221180092935005e-05,3.307130342773953e-06,0.05199583064051695
23.3,0.018196406753307227,0.0031963537655409313,0.007743224317060721,0.014030504189419622,0.0005831300585236177,0.0018693461078860413,0.0034501168062240927,0.0006389647765839051,0.0008953506943837339,0.00010571206440386989,0.0003099924773635299,0.0005690370973991648,6.040973654345168e-05,4.16011439014297e-05,3.305638731339984e-06,0.051693455627272684
23.35,0.01814672462346692,0.0031953378813357417,0.007682417121743036,0.013914856588369289,0.0005830617302633487,0.0018549742084898466,0.0034219858452960725,0.000629886135170773,0.0008824730802005759,0.00010567415497049495,0.00030762904716308503,0.0005644218872112019,5.954756715511969e-05,4.0999934153951545e-05,3.3042772141955333e-06,0.051393294082203646
23.400000000000002,0.018097122943781407,0.0031942748164837105,0.007622086455397193,0.013800162193940384,0.0005830029558221418,0.0018407009866950408,0.003394065163446431,0.0006209461862671835,0.0008697942147471809,0.00010563973313889536,0.00030528115772021907,0.0005598401263223653,5.8698575523188364e-05,4.040800762435693e-05,3.3030407381962547e-06,0.05109532655764789
23.450000000000003,0.01804760201741334,0.0031931640238768697,0.007562228938410388,0.013686413776500187,0.0005829529245146045,0.0018265261017161385,0.003366353771322881,0.000612142678585909,0.0008573108428101977,0.00010560859566525425,0.00030294877466443664,0.0005552916877107144,5.786255205622995e-05,3.982521602395722e-05,3.3019214258254914e-06,0.05079953382269693
23.5,0.01799816214382543,0.003192004986507235,0.00750284120664828,0.013573604145489188,0.0005829108492300733,0.0018124492055452963,0.003338850669555289,0.0006034733992385923,0.0008450197651597457,0.00010558054498261107,0.00030063186193081393,0.0005507764418500545,5.703930344280172e-05,3.9251424748177095e-05,3.300909374698275e-06,0.05050589685752828
23.55,0.017948803618794806,0.003190797216779405,0.007443919911565827,0.013461726149553701,0.0005828759659330986,0.001798469943196955,0.0033115548492066893,0.0005949361730544548,0.0008329178375481277,0.00010555538907978082,0.0002983303818099769,0.0005462942568059433,5.6228643954162025e-05,3.868650529807582e-05,3.2999944585319424e-06,0.05021439683703955
23.6,0.01789952673442754,0.0031895402558345773,0.007385461720313334,0.013350772676669256,0.000582847533172418,0.0017845879529476399,0.003284465292214297,0.0005865288619114742,0.0008210019697270175,0.00010553294138238346,0.0002960442949970971,0.0005418449983291161,5.543038474477647e-05,3.813032591068755e-05,3.2991681731504595e-06,0.049925015110754756
23.650000000000002,0.017850331779173136,0.003188233672885833,0.007327463315837701,0.013240736654254796,0.0005828248315983153,0.0017708028665709633,0.003257580971820637,0.0005782493640797848,0.0008092691244827595,0.00010551302063596007,0.0002937735606399621,0.0005374285299463969,5.464432634016384e-05,3.758274495681095e-05,3.2984246507798737e-06,0.049637733187874
23.700000000000003,0.01780121903783918,0.00318687706456457,0.007269921396979053,0.013131611049278005,0.0005828071634882636,0.0017571143095679166,0.003230900852994987,0.0005700956135770844,0.0007977163166894521,0.00010549545079115219,0.00029151813638619346,0.0005330447130492143,5.38702579337757e-05,3.7043610293348346e-05,3.2977604280111843e-06,0.049352532733860206
23.75,0.017752188791605998,0.00318547005427794,0.007212832678562799,0.013023388868351917,0.0005827938522807507,0.0017435219013925065,0.0032044238928452774,0.0005620655795358172,0.000786340612379475,0.00010548006089092034,0.00028927797842967187,0.0005286934069798178,5.3107963815924984e-05,3.651276486214728e-05,3.297173166477687e-06,0.049069395579377444
23.8,0.01770324131804141,0.003184012291577157,0.007156193891487189,0.012916063157822953,0.0005827842421171839,0.001730025255672803,0.0031781490410206013,0.0005541572655819141,0.0007751391278311296,0.00010546668495977703,0.0002870530415562013,0.0005243744691152331,5.235723383465824e-05,3.599005583685208e-05,3.296660021634274e-06,0.04878830373647669
23.85,0.017654376891115556,0.003182503451536549,0.007100001782806538,0.012809627003850688,0.0005827776973917719,0.0017166239804274766,0.003152075240104517,0.0005463687092248799,0.0007641090286730808,0.00010545516189500886,0.0002848432791884194,0.0005200877549489297,5.161787288295333e-05,3.5475342951956935e-05,3.2962164868243238e-06,0.048509239413485145
23.900000000000002,0.01760559578121576,0.003180943234143216,0.0070442531158101005,0.012704073532479388,0.0005827736023092833,0.0017033176782778714,0.0031262014259992627,0.000538697981259005,0.0007532475290052685,0.00010544533535986233,0.0002826486434299334,0.0005158331181701234,5.0889704896062114e-05,3.4968502060398106e-05,3.295836228113891e-06,0.04823218502064365
23.950000000000003,0.01755689825516149,0.0031793313636971584,0.006988944670096743,0.012599395909701607,0.000582771360450578,0.0016901059466556947,0.003100526528301066,0.0005311431851755024,0.0007425518905359873,0.00010543705367866763,0.00028046908510866365,0.000511610410740659,5.017256944326365e-05,3.4469422232219625e-05,3.2955118669595224e-06,0.047957123162846255
24.0,0.017508284576219352,0.0031776675882217538,0.006934073241645497,0.012495587341513967,0.0005827703943458111,0.001676988378006386,0.003075049470666686,0.0005237024565853616,0.0007320194217348288,0.00010543016973387528,0.0002783045538193871,0.0005074194829694763,4.9466312459499345e-05,3.3977997733351115e-05,3.2952362110907735e-06,0.04768403662186633
24.05,0.017459755004118144,0.0031759516788844432,0.00687963564288203,0.0123926410739653,0.0005827701450552082,0.001663964559988221,0.0030497691711713387,0.0005163739626527166,0.0007216474770011778,0.00010542454086498108,0.0002761549979654952,0.0005032601835847544,4.877077537320693e-05,3.349411858312766e-05,3.2950033059611095e-06,0.04741290833539611
24.1,0.017411309795064,0.0031741834294274985,0.006825628702741199,0.012290550393197397,0.0005827700717573103,0.001651034075667232,0.0030246845426581746,0.0005091559015385399,0.0007114334558479846,0.00010542002876931525,0.000274020364800002,0.0004991323598039121,4.808578760418283e-05,3.3017664011900456e-05,3.2948088583247943e-06,0.04714372138174697
24.150000000000002,0.017362949201755552,0.003172362655608743,0.006772049266725669,0.012189308625478408,0.0005827696513445882,0.001638196503707993,0.002999794493079422,0.0005020465018544549,0.0007013748021005061,0.000105416499404672,0.00027190060046583634,0.0004950358574016646,4.74111658301379e-05,3.254850178144095e-05,3.294649914903116e-06,0.04687645897645399
24.200000000000003,0.01731467347339917,0.0031704891946520946,0.006718894196960751,0.012088909137229164,0.0005827683780263264,0.00162545141856034,0.0029750979258293727,0.0004950440221264911,0.0006914690031097435,0.00010541382289375572,0.0002697956500354413,0.000490970520776311,4.6746720323928315e-05,3.208649364394395e-05,3.2945240202184945e-06,0.04661110448158705
24.25,0.017266482855724248,0.0031685629047078063,0.006666160372245505,0.01198934533504255,0.0005827657629386766,0.0016127983906420937,0.0029505937400693405,0.0004881467502685868,0.0006817135889802997,0.00010541187343041942,0.00026770545754967027,0.0004869361930143481,4.609226547873474e-05,3.163150444329602e-05,3.2944283100682075e-06,0.04634764142284564
24.3,0.017218377590998535,0.0031665836643222697,0.0066138446881001765,0.011890610665696064,0.0005827613337617814,0.0016002369865178363,0.00292628083104473,0.00048135300306565993,0.0006721061318123744,0.00010541052918767078,0.00026562996605593764,0.0004829327159534159,4.54476297845052e-05,3.118341075710561e-05,3.294359003585132e-06,0.04608605350606165
24.35,0.017170357918043545,0.003164551371917265,0.006561944056810091,0.011792698616157813,0.0005827546343438701,0.0015877667690738216,0.002902158090394379,0.00047466112566607274,0.0006626442449576478,0.0001054096722274201,0.00026356911764556344,0.0004789599302435365,4.481266079415054e-05,3.074210522222291e-05,3.294311504341691e-06,0.045826324625001746
24.400000000000002,0.01712242407224998,0.003162465945278525,0.006510455407466015,0.011695602713585978,0.000582745224332227,0.0015753872976890615,0.002878224406452287,0.00046806949108330693,0.0006533255822887725,0.00010540918841194388,0.00026152285349024694,0.0004750176754066013,4.418722286735296e-05,3.030749462531648e-05,3.2942809570331806e-06,0.04556843885618465
24.450000000000003,0.017074576285593224,0.0031603273210534864,0.006459375686001112,0.011599316525321996,0.0005827326788109377,0.0015630981284026626,0.0028544786645418796,0.0004615764997066849,0.0006441478374822319,0.00010540896731703781,0.00025949111387763224,0.0004711057898941428,4.35711886716105e-05,2.9879492594409676e-05,3.2942628779603226e-06,0.04531238044214701
24.5,0.017026814786648872,0.0031581354542581158,0.006408701855224534,0.01150383365887759,0.0005827165879453121,0.0015508988140774704,0.0028309197472629506,0.00045518057882096627,0.000635108743314311,0.00010540890214683211,0.00025747383824596166,0.00046722411114351743,4.29644281355282e-05,2.9458010079544517e-05,3.2942535141160703e-06,0.045058133769695606
24.55,0.016979139800608306,0.00315589031779267,0.006358430894851727,0.011409147761915745,0.0005826965566328921,0.0015387889045600754,0.0028075465347713975,0.00044888018213465385,0.0006262060709699303,0.00010540888965024257,0.00025547096521784683,0.00046337247563271175,4.236679962621158e-05,2.9042947738776683e-05,3.2942498007414104e-06,0.04480568335190392
24.6,0.016931551549294325,0.0031535919019662854,0.006308559801531558,0.011315252522225901,0.0005826722041609456,0.0015267679468372543,0.002784357905051911,0.00044267378931685345,0.000617437629364113,0.00010540883003903064,0.0002534824326332112,0.0004595507189340215,4.177814713092699e-05,2.863419348245657e-05,3.294249006888875e-06,0.04455501382097568
24.650000000000002,0.016884050251176803,0.003151240214030265,0.006259085588870259,0.011222141667693353,0.0005826431638703533,0.0015148354851888873,0.0027613527341837146,0.00043655990554252144,0.0006088012644758379,0.00010540862690744546,0.0002515081775814481,0.00045575867576680293,4.1198304622716674e-05,2.8231626193247836e-05,3.294248289021989e-06,0.04430610993439268
24.700000000000003,0.01683663612138839,0.0031488352777199434,0.006210005287452329,0.011129808966263114,0.0005826090828257924,0.0015029910613374219,0.002738529896599509,0.0004305370610459511,0.0006002948586940564,0.00010540818715342109,0.00024954813643282184,0.0004519961800494082,4.062710572564896e-05,2.7835124010477848e-05,3.294244407774012e-06,0.044058956591106056
24.75,0.01678930937174027,0.0031463771328050162,0.006161315944858423,0.011038248225898347,0.0005825696214921272,0.0014912342145939378,0.002715888265337738,0.0004246038106823437,0.0005919163301756439,0.00010540742090130101,0.00024760224486910295,0.00044826306495029483,4.006439458097632e-05,2.7444573660950953e-05,3.294233792890567e-06,0.04381353885033937
24.8,0.016742070210737908,0.0031438658346482073,0.006113014625680297,0.010947453294533466,0.0005825244534169088,0.0014795644820008635,0.0026934267122882935,0.00041875873349731256,0.0005836636322150614,0.00010540624142606227,0.00024567043791340484,0.0004445591629382125,3.951003335289785e-05,2.7059876921152395e-05,3.294212951921508e-06,0.04356984194452197
24.85,0.016694918843596907,0.0031413014537721652,0.006065098411532903,0.010857418060022142,0.0005824732649188973,0.0014679813984714155,0.002671144108431808,0.0004130004323041805,0.0005755347526255173,0.00010540456507901076,0.00024375264995918545,0.00044088430583135314,3.8963903249541235e-05,2.6680951534185804e-05,3.2941789848083317e-06,0.04332785128031402
24.900000000000002,0.016647855472258836,0.003138684075434463,0.006017564401063658,0.010768136450080219,0.0005824157547825109,0.0014564844969257966,0.002649039324072625,0.0004073275332689172,0.0005675277131314032,0.00010540231121491928,0.00024184881479839072,0.00043723832484539473,3.842589864483496e-05,2.6307726222381436e-05,3.2941298586872262e-06,0.04308755242660303
24.950000000000003,0.016600880295407117,0.003136013799210594,0.00597040970995898,0.010679602432223769,0.0005823516339581148,0.0014450733084242224,0.0026271112290655835,0.0004017386855025826,0.0005596405687718034,0.0001053994021205801,0.00023995886564875767,0.0004336210506404779,3.789591673041189e-05,2.5940131862552482e-05,3.294064225057145e-06,0.0428489310937506
25.0,0.016553993508482957,0.0031332907385848447,0.005923631470948142,0.010591810013702383,0.0005822806252680583,0.001433747362296826,0.002605358693036743,0.00039623256066113356,0.0005518714073148675,0.00010539576294474444,0.00023808273518033187,0.0004300323133672604,3.7373846927257556e-05,2.5578092434956385e-05,3.2939808426227847e-06,0.04261197311199312
25.05,0.016507195303701268,0.0031305150205489306,0.005877226833804503,0.010504753241427786,0.0005822024631183721,0.0014225061862704895,0.002583780585598138,0.00039080785255245687,0.0005442183486828387,0.00010539132162942181,0.0002362203555412812,0.00042647194271225645,3.685956433565991e-05,2.5221519403427848e-05,3.293877898741053e-06,0.042376664417225575
25.1,0.016460485870066682,0.0031276867852082866,0.005831192965344204,0.010418426201898005,0.0005821168932160387,0.0014113493065926695,0.0025623757765567174,0.00038546327675049937,0.0005366795443875497,0.00010538600884251355,0.00023437165838309407,0.00042293976794266584,3.635292982685986e-05,2.4870311750771114e-05,3.2937525681151287e-06,0.042142991049334666
25.150000000000002,0.016413865393389532,0.003124806185395896,0.005785527049422339,0.01033282302111708,0.0005820236722917469,0.0014002762481522503,0.00254114313611754,0.0003801975702163554,0.0005292531769761753,0.00010537975791175532,0.00023253657488522356,0.0004194356179508063,3.585379668988916e-05,2.452436160222801e-05,3.2936010352324963e-06,0.04191093916315403
25.200000000000003,0.01636733405630189,0.003121873386293551,0.005740226286926708,0.010247937864510536,0.0005819225678280464,0.0013892865345974917,0.002520081535081369,0.00037500949092618874,0.0005219374594870608,0.00010537250475994422,0.00023071503577920438,0.0004159593212981395,3.536202113594836e-05,2.418356315292031e-05,3.29341902718198e-06,0.041680495047106185
25.25,0.016320892038273638,0.0031188885650604305,0.005695287895769188,0.010163764936836706,0.000581813357792816,0.001378379688451118,0.002499189845036761,0.00036989781750585923,0.0005147306349154312,0.00010536418784142708,0.00022890697137222795,0.00041251070625875086,3.4877472468638714e-05,2.384782134064591e-05,3.2932027030917055e-06,0.041451645141626726
25.3,0.016274539515628527,0.0031158519104688967,0.005650709110874761,0.010080298482093972,0.000581695830377961,0.0013675552312225937,0.0024784669385467576,0.0003648613488721278,0.0005076309756887962,0.00010535474807982683,0.00022711231157013755,0.0004090896008620638,3.4400038910105914e-05,2.3517056853063685e-05,3.292949555081018e-06,0.04122437604960468
25.35,0.01622827666156031,0.0031127636225473897,0.005606487184168316,0.009997532783424164,0.0005815697837432564,0.0013568126835176496,0.002457911689330304,0.00035989890388032355,0.0005006367831518732,0.00010534412880698434,0.00022533098589981086,0.0004056958329345721,3.392962681130721e-05,2.319120553501362e-05,3.2926588840017743e-06,0.04099867453419528
25.400000000000002,0.016182103646148856,0.0031096239122303253,0.005562619384559204,0.00991546216301207,0.0005814350257652542,0.0013461515651450933,0.002437522972438471,0.00035500932097834475,0.0004937463870608445,0.00010533227570309452,0.00022356292353092219,0.0004023292301404413,3.346615356347998e-05,2.2870212456553133e-05,3.292331536965385e-06,0.040774527504269915
25.450000000000003,0.016136020636376307,0.003106433001014885,0.005519102997923654,0.009834080981981286,0.0005812913737911711,0.0013355713952209638,0.002417299664425612,0.0003501914578668827,0.0004869581450867774,0.0001053191367380159,0.00022180805329712422,0.0003989896200209592,3.300953695692008e-05,2.2554022955098977e-05,3.2919689294626844e-06,0.04055192199258511
25.5,0.016090027796143238,0.003103191120624594,0.005475935327085081,0.009753383640286462,0.0005811386543976774,0.0013250716922700763,0.0023972406435155413,0.0003454441911657508,0.0004802704423280354,0.00010530466211373493,0.00022006630371672767,0.00039567683003293287,3.25596850660879e-05,2.2242574095810938e-05,3.291571741604043e-06,0.040330845134583355
25.55,0.016044125286284842,0.0030998985126795887,0.005433113691792338,0.00967336457660204,0.0005809767031545064,0.0013146519743249996,0.0023773447897628345,0.0003407664160862042,0.0004736816908315118,0.00010528880420796748,0.0002183376030129785,0.00039239068758620407,3.211649048789008e-05,2.1935789787069033e-05,3.2911388499163024e-06,0.0401112841554509
25.6,0.015998313264587147,0.003096555428373465,0.005390635428695993,0.009594018268207672,0.000580805364392806,0.001304311759022527,0.002357610985209369,0.0003361570461091455,0.00046719032912252603,0.0001052715175188817,0.0002166218791340255,0.0003891310200804571,3.167983106518274e-05,2.1633581354442567e-05,3.290666951111271e-06,0.03989322636982475
25.650000000000002,0.015952591885803228,0.0030931621281566125,0.005348497891322632,0.009515339230870279,0.0005806244909781532,0.0012940505636976694,0.002338038114036172,0.00033161501266910015,0.0004607948217432157,0.00010525275861092755,0.00021491905977262985,0.0003858976549414063,3.1249576767769184e-05,2.1335853299669426e-05,3.2901510507129743e-06,0.03967665919372018
25.700000000000003,0.015906961301669437,0.00308971888142593,0.005306698450047273,0.009437322018722981,0.0005804339440881555,0.0012838679054752308,0.002318625062710698,0.00032713926484386174,0.00045449365879927125,0.00010523248606175957,0.00021322907238561896,0.0003826904196563225,3.0825600111599225e-05,2.104251204499843e-05,3.2895856773730315e-06,0.0394615701637205
25.75,0.015861421660921658,0.003086225966220828,0.005265234492063943,0.00935996122414093,0.0005802335929945625,0.001273763301359005,0.0022993707201296155,0.00032272876904970016,0.00044828535551485874,0.00010521066041023949,0.0002115518442130323,0.0003795091418087146,3.040778622114951e-05,2.075347439036309e-05,3.2889664271277043e-06,0.03924794695586573
25.8,0.015815973109311553,0.0030826836689254148,0.00522410342135443,0.009283251477614133,0.0005800233148498115,0.001263736268318638,0.0022802739777571975,0.00031838250874203014,0.00044216845179557616,0.00010518724410550555,0.00020988730229687538,0.0003763536491118799,2.9996038827082244e-05,2.0468672564589624e-05,3.2882912799446422e-06,0.039035777396854654
25.85,0.015770615789622848,0.003079092283976777,0.00518330265865532,0.009207187447617445,0.0005798029944779348,0.0012537863233742059,0.002261333729759422,0.0003140994841214437,0.00043614151179930175,0.00010516220145709509,0.00020823537349939767,0.0003732237694410203,2.9590280029016644e-05,2.0188054045549124e-05,3.2875611335034734e-06,0.03882504946301029
25.900000000000002,0.015725349841687605,0.0030754521135792495,0.005142829641423294,0.009131763840477699,0.0005795725241697528,0.0012439129836785423,0.0022425488731338474,0.00030987871184500295,0.00043020312351478053,0.00010513549858610657,0.00020659598452083577,0.0003701193308636847,2.919044394737991e-05,1.9911576253112322e-05,3.2867792407417418e-06,0.038615751266921634
25.950000000000003,0.01568017540240251,0.003071763467424591,0.00510268182379878,0.009056975400238164,0.0005793318034822821,0.0012341157665973657,0.002223918307835366,0.00030571922474270034,0.0004243518983478113,0.00010510710337738732,0.00020496906191661406,0.00036704016166845196,2.879646659872772e-05,1.9639198070422463e-05,3.2859496781414386e-06,0.03840787103617931
26.0,0.015635092605745186,0.0030680266624179614,0.005062856676567997,0.008982816908520383,0.0005790807390422859,0.0012243941897872462,0.002205440936897927,0.0003016200715389907,0.00041858647071489255,0.00010507698543273285,0.0002033545321140439,0.0003639860903919453,2.8408275659650793e-05,1.937087126293933e-05,3.2850754089434103e-06,0.03820139709150313
26.05,0.01559010158279046,0.0030642420224096137,0.005023351687123409,0.008909283184383457,0.0005788192443538964,0.0012147477712714488,0.002187115666552293,0.00029758031657929986,0.000412905497644187,0.00010504511602508428,0.00020175232142859655,0.0003609569458444298,2.8025783770780557e-05,1.9106534854688293e-05,3.284156698390861e-06,0.03799631783173005
26.1,0.015545202461726706,0.003060409877932213,0.004984164359422683,0.008836369084180933,0.00057854723961024,0.001205176029513704,0.002168941406339945,0.00029359903956142273,0.0004073076583836736,0.0001050114680537108,0.00020016235607983422,0.00035795255713433707,2.7648887717538737e-05,1.8846114417413168e-05,3.2831904925638148e-06,0.03779262173056693
26.150000000000002,0.015500395367872146,0.0030565305659436826,0.004945292213946132,0.008764069501415289,0.0005782646515089939,0.0011956784834899344,0.0021509170692231875,0.00028967533527171526,0.000401791654016348,0.00010497601600036354,0.00019858456220705619,0.000354972753692034,2.7277473716494562e-05,1.8589526461331402e-05,3.282170996259323e-06,0.03759029734576096
26.200000000000003,0.015455680423691163,0.003052604429575496,0.0049067327876527395,0.008692379366590156,0.0005779714130718103,0.001186254652757983,0.002133041571691553,0.0002858083133259953,0.0003963562070823432,0.00010493873588638827,0.00019701886588467492,0.00035201736529303897,2.6911426894213223e-05,1.833668632912232e-05,3.281091268970362e-06,0.037389333336995643
26.25,0.015411057748810625,0.003048631817886323,0.0048684836339347734,0.00862129364706036,0.0005776674634675367,0.0011769040575253823,0.00211531383386458,0.00028199709791506454,0.0003910000612078423,0.00010489960523078235,0.000195465193137283,0.0003490862220806886,2.6550641613691655e-05,1.8087516804007732e-05,3.2799453316088112e-06,0.03718971848587054
26.3,0.015366527460036191,0.0030446130856209438,0.004830542322571033,0.008550807346879812,0.000577352747839169,0.0011676262187151967,0.0020977327795910377,0.00027824082755476475,0.00038572198074065243,0.00010485860300918125,0.00019392346995432958,0.00034617915458806095,2.619502906184249e-05,1.7841954442137362e-05,3.2787300907713947e-06,0.03699144171069512
26.35,0.015322089671368652,0.003040548592974346,0.004792906439678803,0.008480915506647407,0.0005770272171344708,0.0011584206580299865,0.0020802973365446936,0.00027453865484048767,0.0003805207503923226,0.00010481570961375805,0.0001923936223043137,0.0003432959937588272,2.584451950858114e-05,1.7599951472291128e-05,3.2774463847220065e-06,0.036794492070653655
26.400000000000002,0.01527774449402023,0.0030364387053609153,0.004755573587664499,0.008411613203350928,0.0005766908279401948,0.0011492868980139176,0.0020630064363166695,0.00027088974620605177,0.0003753951748866756,0.00010477090681401778,0.0001908755761484154,0.0003404365709666851,2.549905850556679e-05,1.736147265547993e-05,3.2760986924730643e-06,0.036598858757542714
26.450000000000003,0.015233492036430906,0.0030322837931886413,0.004718541385173081,0.008342895550209072,0.0005763435423198431,0.0011402244621130629,0.0020458590145044863,0.0002672932816868686,0.00037034407861463926,0.0001047241777184677,0.00018936925745353868,0.00033760071803316257,2.5158598362841018e-05,1.7126488218180583e-05,3.274693510772269e-06,0.036404531077537564
26.5,0.015189332404284729,0.003028084231638253,0.004681807467036272,0.00827475769651167,0.0005759853276549021,0.0011312328747339288,0.0020288540107978588,0.0002637484546873183,0.00036536630529525826,0.00010467550673714335,0.00018787459220480262,0.0003347882672438198,2.4823087822476572e-05,1.689496528427324e-05,3.2732369305157793e-06,0.036211498428863224
26.55,0.015145265700526116,0.0030238404004472,0.004645369484219587,0.008207194827458138,0.0005756161564894928,0.0011223116613002374,0.00201199036906131,0.00026025447175225544,0.0003604607176427709,0.00010462487954497078,0.0001863915064175809,0.00033199905136316294,2.449246341092484e-05,1.666686069695625e-05,3.2717322816010237e-06,0.036019750282612305
26.6,0.015101292025376174,0.0030195526836984013,0.004609225103768262,0.008140202163994305,0.0005752360063783733,0.0011134603483080113,0.0019952670374136913,0.0002568105523425729,0.0003556261970396417,0.00010457228304594562,0.000184919926149234,0.0003292329036488202,2.4166645330898293e-05,1.6442117603746148e-05,3.270178692869734e-06,0.03582927617279095
26.650000000000002,0.015057411476348988,0.003015221469613683,0.004573372008752059,0.008073774962647601,0.0005748448597382342,0.0011046784633789806,0.001978682968304655,0.00025341592861474445,0.0003508616432154345,0.0001045177053381103,0.0001834597775106803,0.00032648965786561166,2.3845539197487887e-05,1.622066688275042e-05,3.268571063084321e-06,0.0356400656984721
26.700000000000003,0.015013624148267908,0.003010847150351819,0.004537807898209027,0.008007908515360715,0.0005744427037022274,0.0010959655353123576,0.0019622371185881683,0.00025006984520427696,0.00034616597393142206,0.00010446113567931222,0.0001820109866779222,0.00032376914830005394,2.352904297572476e-05,1.6002432874577255e-05,3.2669014481142056e-06,0.035452108536883624
26.75,0.014969930133281847,0.0030064301218111094,0.004502530487088235,0.007942598149323802,0.0005740295299776709,0.0010873210941350067,0.001945928449593123,0.0002467715590129994,0.0003415381246708269,0.00010440256445372589,0.00018057347990357216,0.0003210712097755582,2.3217056783976438e-05,1.5787341486625455e-05,3.265161430854949e-06,0.03526539446272894
26.8,0.01492632952088153,0.003001970783436401,0.004467537506191501,0.007877839226805251,0.0005736053347068701,0.0010787446711500433,0.0019297559271911082,0.0002435203390001176,0.0003369770483345859,0.0001043419831391224,0.00017914718352834072,0.0003183956776682037,2.29094923349024e-05,1.5575328001522626e-05,3.2633447520455935e-06,0.03507991336712155
26.85,0.014882822397915784,0.0029974695380304965,0.004432826702114188,0.007813627144981166,0.0005731701183310008,0.0010702357989838991,0.0019137185218614263,0.00024031546597696977,0.0003324817149425453,0.0001042793842748695,0.00017773202399237544,0.0003157423879226153,2.260627895945439e-05,1.536634206797966e-05,3.261449375823396e-06,0.0348956552697306
26.900000000000002,0.014839408848607781,0.0029929267915698586,0.004398395837185045,0.007749957335763518,0.0005727238854569968,0.0010617940116318771,0.0018978152087533889,0.0002371562324054112,0.0003280511113399776,0.00010421476143064495,0.000176327927846293,0.00031311117706724854,2.2307364307511528e-05,1.5160348302928847e-05,3.2594782790634194e-06,0.03471261031994753
26.950000000000003,0.014796088954571279,0.002988342953024544,0.004364242689405171,0.007686825265627107,0.0005722666447273872,0.0010534188445022346,0.001882044967745978,0.00023404194219976522,0.0003236842409093303,0.00010414810917584547,0.0001749348217617569,0.00031050188222840196,2.2012709549005297e-05,1.4957322361360014e-05,3.257438615164922e-06,0.034530768786404334
27.0,0.01475286279482685,0.0029837184341822945,0.004330365052386112,0.0076242264354353575,0.0005717984086930296,0.0010451098344588239,0.001866406783504924,0.00023097191053227507,0.00031938012328710846,0.00010407942304967338,0.00017355263254150634,0.0003079143411425177,2.1722280654174467e-05,1.4757243774956077e-05,3.2553394473075564e-06,0.03435012103791691
27.05,0.014709730445818097,0.0029790536494767083,0.0042967607352871135,0.007562156380265001,0.0005713191936886848,0.001036866519862316,0.0018508996455372571,0.0002279454636419916,0.00031513779408579533,0.00010400869953188394,0.0001721812871288353,0.0003053483921667457,2.1436038551017358e-05,1.4560087863422426e-05,3.2531887765159663e-06,0.03417065752168139
27.1,0.014666691981427858,0.002974349015819428,0.0042634275627515955,0.007500610669229753,0.0005708290197113822,0.001028688440610048,0.0018355225482434073,0.000224961938647038,0.0003109563046207243,0.00010393593601417712,0.00017082071261662488,0.00030280387428820475,2.115393126254455e-05,1.4365819270955268e-05,3.250990863177608e-06,0.033992368745376915
27.150000000000002,0.01462374747299439,0.002969604952436266,0.004230363374842828,0.0074395849053029576,0.000570327910301521,0.0010205751381745123,0.0018202744909668878,0.0002220206833601858,0.0003068347216418058,0.00010386113077221982,0.00016947083625610626,0.00030028062713270904,2.0875890448524485e-05,1.4174389120018008e-05,3.248744730260566e-06,0.03381524526848119
27.200000000000003,0.014580896989327538,0.0029648218807072067,0.004197566026978876,0.007379074725139327,0.0005698158924266598,0.0010125261556405214,0.0018051544780416367,0.00021912105610768487,0.0003027721270700231,0.0001037842829382861,0.00016813158546556277,0.0002977784909738406,2.0601833362242076e-05,1.398573661113221e-05,3.2464443143764566e-06,0.03363927770510491
27.25,0.014538140596724893,0.0029600002240102122,0.00416503338986683,0.007319075798895797,0.0005692929963679407,0.0010045410377410788,0.0017901615188370657,0.00021626242555128705,0.00029876761773860947,0.00010370539247450512,0.0001668028878391361,0.00029529730674307064,2.0331669541226365e-05,1.3799794509156902e-05,3.244080197802561e-06,0.033464456737038614
27.3,0.014495478358987913,0.0029551404075687645,0.004132763349436329,0.007259583830051528,0.0005687592556091017,0.0009966193308919777,0.0017752946278008655,0.0002134441705134042,0.0002948203051388186,0.00010362446014670714,0.00016548467115580124,0.00029283691604121645,2.006531011115099e-05,1.361649677697913e-05,3.24164239928926e-06,0.03329077313262985
27.35,0.014452910337438058,0.0029502428583030814,0.004100753806772455,0.007200594555227184,0.0005682147067280258,0.0009887605832251643,0.001760552824499638,0.00021066567980534628,0.0002909293151702069,0.00010354148749885861,0.00016417686338844148,0.0002903971611509927,1.980267682880192e-05,1.3435786001473847e-05,3.2391234180350677e-06,0.03311821776545576
27.400000000000002,0.014410436590932874,0.002945308004684938,0.004069002678047962,0.007142103744003429,0.0005676593892907811,0.0009809643446208813,0.0017459351336573847,0.00020792635205857878,0.0002870937878953402,0.00010345647682807646,0.00016287939271282363,0.0002879778850499322,1.9543708124546948e-05,1.3257618366941133e-05,3.236520639467694e-06,0.03294678162691397
27.450000000000003,0.014368057175882076,0.0029403362765960265,0.004037507894454913,0.007084107198738775,0.0005670933457481034,0.000973230166738625,0.0017314405851919222,0.00020522559555894774,0.00028331287729884634,0.00010336943116021065,0.00016159218751619783,0.00028557893142268847,1.9288360354542625e-05,1.308196470793675e-05,3.2338373454251535e-06,0.03277645582871524
27.5,0.0143257721462636,0.0029353281051897983,0.004006267402135732,0.007026600754386793,0.0005665166213342746,0.0009655576030469427,0.0017170682142492648,0.00020256282808381622,0.0002795857510507316,0.00010328035422598264,0.00016031517640524549,0.00028320014467176437,1.9036603937399977e-05,1.290880737180058e-05,3.231081942162602e-06,0.03260723159429531
27.55,0.014283581553639634,0.002930283922756718,0.003975279162113685,0.006969580278312723,0.0005659292639683524,0.0009579462088520874,0.0017028170612360238,0.0001999374767420587,0.00027591159027388196,0.00010318925043766646,0.0001590482882131862,0.0002808413699260571,1.8788415584278217e-05,1.2738133877207293e-05,3.2282655688573495e-06,0.03243910024150242
27.6,0.014241485447172636,0.0029252041625928726,0.003944541150222855,0.006913041670109585,0.0005653313241577055,0.0009503955413255681,0.0016886861718498844,0.00019734897781686353,0.00027228958931567503,0.00010309612486629881,0.00015779145200601121,0.0002785024530471702,1.8543768971739636e-05,1.2569929288339132e-05,3.2253987996952146e-06,0.0322720531615429
27.650000000000002,0.014199483873641316,0.0029200892588718717,0.003914051357037579,0.006856980861413749,0.0005647228549038095,0.0009429051595306058,0.0016746745971081883,0.0001947967766112884,0.0002687189555236221,0.00010300098321940518,0.00015654459708798512,0.00027618324063404947,1.8302626622993693e-05,1.240416956495679e-05,3.2224884740871287e-06,0.0321060818002455
27.700000000000003,0.014157576877456604,0.0029149396465199813,0.0038838077878014152,0.006801393815720083,0.0005641039116102608,0.0009354746244475298,0.0016607813933746847,0.0001922803272965218,0.00026519890902497,0.00010290383181923045,0.00015530765300670918,0.0002738835800269844,1.806493535703091e-05,1.224081781617842e-05,3.2195356402541225e-06,0.031941177646918444
27.75,0.014115764500677582,0.0029097557610944296,0.003853808462355644,0.006746276528196683,0.0005634745519929658,0.0009281034989981323,0.0016470056223844892,0.00018979909276280014,0.00026172868251018934,0.00010280467758146443,0.00015408054955810745,0.0002716033193122154,1.783062657950822e-05,1.2079824497199715e-05,3.2165352146069157e-06,0.031777332233716024
27.8,0.014074046783027394,0.002904538038664828,0.003824051415067323,0.006691625025499224,0.0005628348359924611,0.0009207913480690053,0.0016333463512672936,0.00018735254447293148,0.00025830752102027666,0.0001027035279944542,0.00015286321679166263,0.00026934230732823556,1.759962126009346e-05,1.1921131421533813e-05,3.213477420964055e-06,0.03161453714529768
27.85,0.014032423761909144,0.002899286915697651,0.003794534694756939,0.006637435365585011,0.0005621848256883268,0.0009135377385338873,0.0016198026525688818,0.00018494016231838183,0.00025493468173780505,0.00010260039109889668,0.0001516555850160971,0.0002671003936744109,1.737183809780792e-05,1.1764678369460165e-05,3.2103505774502247e-06,0.031452784035630156
27.900000000000002,0.013990895472421746,0.0028940028289437137,0.003765256364625646,0.006583703637526715,0.0005615245852156477,0.0009063422392750342,0.0016063736042709793,0.00018256143447787385,0.00025160943378165,0.00010249527546800461,0.00015045758480549323,0.00026487742872186525,1.7147202500780535e-05,1.1610410364401316e-05,3.207144463611817e-06,0.03129206464686317
27.950000000000003,0.013949461947375756,0.0028886862153285962,0.0037362145021821373,0.006530425961325874,0.0005608541806834864,0.0008992044212036426,0.0015930582898094922,0.00018021585727845591,0.0002483310580053287,0.00010238819018813855,0.00014926914700564607,0.0002626732636258953,1.6925653823568293e-05,1.1458283542190437e-05,3.203853357723167e-06,0.031132370824735935
28.0,0.013908123217309177,0.0028833375118459577,0.003707407199169164,0.0064775984877261765,0.0005601736800953253,0.0008921238572793458,0.0015798557980911724,0.00017790293505899602,0.00024509884679888483,0.00010227914483989565,0.00014809020274029013,0.0002604877503386612,1.6707148841709307e-05,1.130826797631421e-05,3.2004778919317e-06,0.030973694526002998
28.05,0.013866879310503222,0.002877957155453685,0.003678832561489707,0.0064252173980265575,0.0005594831532714408,0.0008851001225288005,0.0015667652235087457,0.00017562218003605644,0.00024191210389425528,0.00010216814947964443,0.000146920683416793,0.0002583207416207069,1.649166053519286e-05,1.1160346709349818e-05,3.1970251486681627e-06,0.030816027815622815
28.1,0.013825730252998073,0.002872545582972826,0.0036504887091328565,0.006373278903894192,0.0005587826717731708,0.0008781327940633935,0.0015537856659545584,0.00017337311217210897,0.00023877014417405894,0.00010205521462149322,0.00014576052073098344,0.00025617209105006174,1.6279172581046026e-05,1.101451131588887e-05,3.1935068977653565e-06,0.03065936285433248
28.150000000000002,0.013784676068608582,0.002867103230989249,0.003622373776099375,0.006321779247177338,0.0005580723088290372,0.0008712214510960789,0.0015409162308327611,0.00017115525904604567,0.00023567229348374097,0.00010194035121967955,0.0001446096466709546,0.0002540416530282166,1.6069671141045948e-05,1.0870755280672642e-05,3.189936435900543e-06,0.030503691879938677
28.200000000000003,0.013743716778939954,0.002861630535757984,0.0035944859103269958,0.0062707146997181395,0.0005573521392626874,0.0008643656749573727,0.0015281560290700841,0.00016896815572594613,0.0002326178884470164,0.00010182357065136875,0.00014346799351991918,0.00025192928278303247,1.586313625018157e-05,1.0729067056696857e-05,3.186324941542342e-06,0.030349007187408916
28.25,0.013702852403403399,0.0028561279331101867,0.0035668232736154604,0.006220081563165379,0.0005566222394226182,0.0008575650491105242,0.0015155041771252366,0.0001668113446440604,0.00022960627628455143,0.00010170488469985241,0.00014233549385841537,0.00024983483636941485,1.5659535178015758e-05,1.058942471801538e-05,3.182678415517427e-06,0.030195301113120646
28.3,0.01366208295923174,0.0028505958583626826,0.00353938404155131,0.006169876168787213,0.0005558826871136453,0.0008508191591658792,0.0015029597969969635,0.00016468437547396655,0.00022663681463582327,0.00010158430553814004,0.00014121208056631435,0.0002477581706691668,1.5458819543712655e-05,1.045179363974484e-05,3.1789960776830995e-06,0.030042566027353987
28.35,0.013621408461495007,0.002845034746230037,0.003512166403432475,0.00612009487728397,0.0005551335615300849,0.0008441275928944642,0.001490522016230809,0.0001625868050098665,0.00022370887138410407,0.00010146184571294081,0.00014009768682511395,0.00024569914339164783,1.5260926901297238e-05,1.0316127778389141e-05,3.175270630769629e-06,0.029890794336730975
28.400000000000002,0.013580828923115983,0.002839445030739104,0.0034851685621926365,0.006070734078600965,0.0005543749431906115,0.0008374899402407979,0.0014781899679246035,0.0001605181970479781,0.0002208218244845076,0.00010133751812903461,0.00013899224612090108,0.00024365761307662721,1.5065786288195758e-05,1.018237414089484e-05,3.1714902715583806e-06,0.029739978495564406
28.450000000000003,0.013540344354885712,0.0028338271451460026,0.0034583887343254136,0.006021790191741419,0.0005536069138747587,0.0008309057933349587,0.0014659627907327244,0.00015847812226998787,0.0002179750617950461,0.00010121133603403315,0.000137895692248159,0.00024163343910008298,1.4873326181468462e-05,1.0050479187883284e-05,3.1676418932428196e-06,0.029590111022750897
28.5,0.01349995476547899,0.0028281815218554832,0.0034318251498083796,0.005973259664579496,0.0005528295565610295,0.0008243747465039215,0.0014538396288691583,0.0001564661581285268,0.0002151679809106416,0.00010108331300353111,0.00013680795931432768,0.00023962648168279912,1.4683482699664827e-05,9.920395432194958e-06,3.1637146576964834e-06,0.02944118451948585
28.55,0.013459660161469794,0.0028225085923426225,0.0034054760520269116,0.0059251389736734664,0.0005520429553665819,0.0008178963962821823,0.0014418196321093941,0.00015448188873463134,0.00021239998900003621,0.0001009534629266461,0.00013572898174477247,0.0002376366019006938,1.449620586916391e-05,9.792086482422e-06,3.159703033362019e-06,0.02929319168296269
28.6,0.013419460547346706,0.002816808787076817,0.0033793396976979236,0.005877424624079069,0.0005512471954884611,0.0008114703414216914,0.0014299019557911942,0.00015252490474715607,0.00020967050264555166,0.00010082179999194257,0.00013465869428764282,0.00023566366169512626,1.4311462329201079e-05,9.66552922675855e-06,3.1556084995365745e-06,0.029146125312324776
28.650000000000002,0.01337935592552827,0.002811082535448016,0.003353414356793453,0.005830113149163048,0.0005504423631463417,0.0008050961829011064,0.0014180857608142544,0.00015059480326409978,0.00020697894768564244,0.00010068833867373245,0.00013359703201805694,0.00023370752388117004,1.41292338147978e-05,9.540712625866095e-06,3.151439421168962e-06,0.02899997830517903
28.700000000000003,0.013339346296378334,0.002805330265695162,0.0033276983124641522,0.005783201110416921,0.0005496285455267539,0.0007987735239343872,0.0014063702136388016,0.00014869118771581273,0.00020432475906019337,0.00010055309371874202,0.00013254393034115174,0.00023176805215212255,1.3949511871025717e-05,9.417633479445515e-06,3.147209067649763e-06,0.028854743645460656
28.75,0.013299431658221346,0.0027995524048367837,0.0033021898609626823,0.005736685097271005,0.0005488058307287588,0.0007925019699787468,0.0013947544862831516,0.0001468136677600501,0.00020170738065851244,0.00010041608013313406,0.00013149932499376322,0.00022984511107928174,1.3772290226167392e-05,9.296290313572878e-06,3.1429322739100836e-06,0.028710414385720872
28.8,0.013259612007357596,0.0027937493786037073,0.003276887311567023,0.005690561726908691,0.0005479743077110453,0.0007862811287419728,0.0013832377563202534,0.00014496185917883798,0.00019912626516996716,0.00010027731316987437,0.00013046315204480385,0.00022793856610709467,1.3597556832353014e-05,9.176677000004667e-06,3.1386216510169108e-06,0.02856698362836424
28.85,0.013219887338078452,0.0027879216113738405,0.0032517889865037322,0.005644827644081057,0.0005471340662404195,0.0007801106101891416,0.0013718192068732649,0.00014313538377712164,0.00019658087393722108,0.00010013680831643407,0.00012943534789470467,0.00022604828354489564,1.3425287624877716e-05,9.058777752576918e-06,3.1342843874895677e-06,0.028424444510575228
28.900000000000002,0.01318025764268153,0.002782069526108986,0.0032268932208711363,0.005599479520921772,0.0005462851968416547,0.0007739900265487309,0.0013604980266101654,0.00014133386928316113,0.00019407067681201915,9.999458128282228e-05,0.0001284158492745126,0.0002241741305572999,1.325544356315944e-05,8.942564754070993e-06,3.129920489171623e-06,0.028282790196600186
28.950000000000003,0.013140722911485832,0.0027761935442936468,0.0032021983625624916,0.0055545140567623465,0.0005454277907486774,0.0007679189923181541,0.0013492734097374534,0.00013955694925064544,0.00019159515201347914,9.985064798994656e-05,0.0001274045932453216,0.0002223159751556813,1.308797164386129e-05,8.827998963946288e-06,3.125522874571651e-06,0.028142013879046055
29.0,0.013101283132846841,0.00277029408587578,0.0031777027721891222,0.005509927977947769,0.0005445619398570579,0.0007618971242687276,0.0013381445559929462,0.00013780426296249417,0.0001891537859888436,9.97050245583014e-05,0.00012640151719863656,0.0002204736861929073,1.292280955610586e-05,8.715033838409997e-06,3.1210792447167755e-06,0.02800210878851866
29.05,0.013061938293171578,0.0027643715692094602,0.0031534048230035332,0.005465718037652499,0.0005436877366777808,0.0007559240414500838,0.0013271106706377082,0.00013607545533631587,0.00018674607327664772,9.955772729698553e-05,0.00012540655885803428,0.0002186471333626841,1.2759892744170236e-05,8.60362097442301e-06,3.1165752296237904e-06,0.027863068208881535
29.1,0.013022688376933619,0.002758426410999418,0.0031293029008225455,0.005421881015696908,0.000542805274292267,0.0007499993651940509,0.0013161709644471445,0.00013437017683149623,0.00018437151637226278,9.940877269304757e-05,0.00012441965628214816,0.0002168361872036737,1.2599162075947614e-05,8.493716238536513e-06,3.1119980477282525e-06,0.027724885494130793
29.150000000000002,0.012983533366688064,0.0027524590262474075,0.003105395403950422,0.005378413718364117,0.0005419146463086207,0.0007441227191180042,0.0013053246537012705,0.00013268808335788448,0.00018202962559576996,9.92581774011564e-05,0.0001234407478686395,0.00021504071910726609,1.2440570207976889e-05,8.385284855656612e-06,3.1073398142200868e-06,0.027587554082586483
29.200000000000003,0.012944473243086467,0.0027464698282003703,0.0030816807431020285,0.0053353129782172945,0.0005410159468190758,0.0007382937291277094,0.0012945709601741946,0.00013102883618605217,0.00017971991896212548,9.910595823358789e-05,0.00012246977235852314,0.00021326060132686775,1.2284085097771382e-05,8.278304222782787e-06,3.1025997020116523e-06,0.027451067504816865
29.25,0.012905507984891727,0.0027404592283003576,0.003058157341326028,0.005292575653917429,0.000540109270358617,0.0007325120234196688,0.0012839091111228338,0.0001293921018590957,0.00017744192205357588,9.895213215051516e-05,0.00012150666884006414,0.0002114957069860497,1.2129689843631276e-05,8.172763796705171e-06,3.097784397655321e-06,0.027315419383263952
29.3,0.012866637568992915,0.0027344276361361726,0.0030348236339281156,0.005250198630041564,0.0005391947118647481,0.0007267772324829825,0.0012733383392748844,0.0001277775521059552,0.00017519516789428323,9.879671625058492e-05,0.00012055137675150158,0.00020974591008304352,1.1977378945766553e-05,8.068662130141309e-06,3.0929066866116785e-06,0.02718060342356927
29.35,0.012827861970420093,0.0027283754593967033,0.0030116780683943265,0.005208178816901576,0.0005382723666383864,0.0007210889891007419,0.0012628578828160822,0.0001261848637562244,0.00017297919682712252,9.863972776176035e-05,0.00011960383588209064,0.00020801108548986066,1.1827151952233127e-05,7.966001822103291e-06,3.087982481154556e-06,0.02704661339964046
29.400000000000002,0.012789181162359052,0.0027223031038258994,0.002988719104314395,0.0051665131503634346,0.0005373423303058554,0.0007154469283509622,0.0012524669853767594,0.0001246137186564233,0.00017079355639261062,9.848118403241095e-05,0.00011866398637132718,0.00020629110894555654,1.1679006069745136e-05,7.864783641530248e-06,3.0830270376101446e-06,0.026913443136043574
29.450000000000003,0.01275059511616603,0.0027162109731793684,0.0029659452133052027,0.0051251985916670245,0.0005364046987819546,0.0007098506876070708,0.001242164896017734,0.00012306380358770907,0.00016863780120992983,9.832110252263202e-05,0.00011773176870665482,0.00020458585704458758,1.1532929538891931e-05,7.765001256911427e-06,3.0780513399666615e-06,0.026781086491931668
29.5,0.012712103801382374,0.0027100994691825527,0.0029433548789343116,0.005084232127246516,0.0005354595682340824,0.0007042999065379628,0.0012319508692155488,0.00012153481018499912,0.00016651149286000906,9.815950079578126e-05,0.0001168071237203357,0.00020289520722245908,1.1388897348202531e-05,7.666637821613292e-06,3.0730595639642363e-06,0.026649537350250715
29.55,0.012673707185749148,0.0027039689914904533,0.0029209465966435924,0.0050436107685512925,0.0005345070350473884,0.0006987942271076333,0.001221824164847079,0.00012002643485748092,0.0001644141997706238,9.799639651022533e-05,0.0001158899925864024,0.00020121903774163714,1.1246870261180589e-05,7.569665187150441e-06,3.0680482161132742e-06,0.026518789614567412
29.6,0.01263540523522172,0.002697819937648872,0.0028987188736729723,0.005003331551867497,0.0005335471957909343,0.0006933332935744048,0.0012117840481735392,0.00011853837871048515,0.00016234549710348155,9.783180741129504e-05,0.00011498031681863037,0.0001995572276807949,1.1106797320232825e-05,7.474045874160432e-06,3.0630070965577467e-06,0.026388837213965573
29.650000000000002,0.012597197913984276,0.002691652703057132,0.002876670228984289,0.004963391538140139,0.0005325801471848392,0.000687916752489752,0.001201829789823899,0.00011707034746869584,0.00016030496664325345,9.766575132345164e-05,0.00011407803827026149,0.00019790965692982563,1.0968621172677471e-05,7.379737279865042e-06,3.057921804891865e-06,0.026259674114557253
29.700000000000003,0.012559085184464304,0.002685467680932252,0.002854799193185275,0.004923787812795847,0.0005316059860683897,0.000682544252696744,0.0011919606657777337,0.00011562205140067508,0.00015829219668851948,9.749824614266924e-05,0.00011318309913581572,0.00019627620619181994,1.0832284923317147e-05,7.286697094121955e-06,3.0527771875964956e-06,0.026131294334685085
29.75,0.012521067007347021,0.0026792652622745373,0.002833104308453679,0.004884517485566229,0.0005306248093690925,0.0006772154453281096,0.0011821759573475306,0.00011419320524467843,0.0001563067819445917,9.732930982903755e-05,0.00011229544195483224,0.00019465675699162333,1.0697738896667819e-05,7.194888645730841e-06,3.047560953872356e-06,0.02600369196014723
29.8,0.012483143341589748,0.00267304583583456,0.0028115841284615264,0.004845577690311881,0.0005296367140726486,0.0006719299838039378,0.0011724749511604641,0.00011278352813573716,0.00015434832341818102,9.71589603995856e-05,0.00011141500961690305,0.00019305119168902746,1.0564945752832537e-05,7.104284949505235e-06,3.042266666259286e-06,0.0258768611558628
29.85,0.012445314144436262,0.0026668097880815007,0.00279023721829954,0.004806965584847062,0.0005286417971938289,0.0006666875238290286,0.0011628569391396698,0.00011139274353398667,0.00015241642831387677,9.698721592132297e-05,0.00011054174536701656,0.00019145939349346765,1.0433882812038554e-05,7.014870548439177e-06,3.0368954324868835e-06,0.025750796171249524
29.900000000000002,0.012407579371431068,0.002660557503172813,0.002769062154401715,0.00476867835076502,0.0005276401557482317,0.0006614877233898967,0.001153321218485021,0.00011002057915421645,0.00015051070993240274,9.681409450448812e-05,0.0001096755928100981,0.00018988124647658353,1.0304541099232944e-05,6.926640765533548e-06,3.031455880277128e-06,0.025625491338016608
29.950000000000003,0.01236993897643364,0.002654289362925191,0.0027480575244700624,0.0047307131932639995,0.0005266318867249011,0.0006563302427514445,0.0011438670916534381,0.00010866676689662187,0.00014863078757062158,9.663961429598959e-05,0.00010881649591376332,0.00018831663557930891,1.0176921375065953e-05,6.8395985768136595e-06,3.0259623746759844e-06,0.025500941060805537
30.0,0.012332392911632609,0.0026480057467868066,0.0027272219273995328,0.004693067340973953,0.0005256170870597883,0.0006512147444533125,0.001134493866338742,0.00010733104277873573,0.0001467762864232543,9.646379347302184e-05,0.0001079643990086597,0.00018676544661124043,1.0051028102332924e-05,6.7537498544694714e-06,3.0204318708243953e-06,0.025377139802767276
30.05,0.012294941127559893,0.0026417070318107867,0.002706553973203114,0.004655738045783926,0.0005245958536100355,0.0006461408933059148,0.0011252008554510663,0.0001060131468685186,0.00014494683748628455,9.628665023683812e-05,0.00010711924678628855,0.00018522756624168358,9.926862747091707e-06,6.669098084936169e-06,3.0148801530490322e-06,0.025254082069329435
30.1,0.012257583573104802,0.0026353935926299085,0.0026860522829371346,0.004618722582670194,0.0005235682831290658,0.000641108356386175,0.001115987377095857,0.0001047128232185889,0.00014314207746202016,9.610820280666561e-05,0.00010628098429476189,0.00018370288198363,9.804417931834449e-06,6.5856397604088225e-06,3.009318365479944e-06,0.02513176239377653
30.150000000000002,0.012220320195528059,0.002629065801432479,0.0026657154886267505,0.004582018249525089,0.0005225344722424593,0.0006361168030329636,0.0011068527545524585,0.00010342981980157106,0.0001413616486657795,9.592846941375444e-05,0.00010544955693342303,0.00018219128217355742,9.68367373038309e-06,6.503361458491491e-06,3.003750642737388e-06,0.025010175327759954
30.200000000000003,0.012183150940475795,0.0026227240279393747,0.002645542233191643,0.004545622366986571,0.0005214945174245972,0.0006311659048422533,0.001097796316252315,0.00010216388844654363,0.00013960519893417694,9.574746829556055e-05,0.00010462491044754669,0.0001806926559509908,9.564596884063163e-06,6.422239219645575e-06,2.9981733511297794e-06,0.024889315438642208
30.25,0.012146075751993484,0.0026163686393822195,0.0026255311703719283,0.004509532278268548,0.0005204485149760585,0.000626255335661996,0.001088817395756799,0.00010091478477656784,0.00013787238153497845,9.556521769007079e-05,0.00010380699092435496,0.00017920689324194813,9.447143050518882e-06,6.3422403081163655e-06,2.9925760547037697e-06,0.024769177313992287
30.3,0.012109094572539822,0.002610000000482663,0.002605680964654277,0.004473745348991925,0.00051939656100175,0.0006213847715867327,0.0010799153317346774,9.968226814727728e-05,0.00013616285507849935,9.538173583028618e-05,0.00010299574479133242,0.00017773388474965254,9.331261527773483e-06,6.263326917027455e-06,2.986943936671813e-06,0.024649755571970366
30.35,0.01207220734300057,0.00260361847343275,0.0025859902911982697,0.004438258967016451,0.0005183387513897539,0.0006165538909519453,0.00107108946793924,9.846610158651172e-05,0.0001344762834305194,9.519704093888349e-05,0.00010219111881734372,0.00017627352195436274,9.216901374410786e-06,6.1854609678500245e-06,2.9812611230818084e-06,0.024531044875121942
30.400000000000002,0.012035414002702331,0.0025972244178763416,0.0025664578357629713,0.004403070542273297,0.0005172751817908761,0.0006117623743281552,0.0010623391531850949,9.726605173497519e-05,0.0001328123356266859,9.50111512230752e-05,0.0001013930601164426,0.00017482569712217027,9.104017575496717e-06,6.108608945334605e-06,2.97551421113007e-06,0.024413039944474375
30.450000000000003,0.011998714489426274,0.0025908181908915725,0.002547082294633745,0.004368177506598432,0.0005162059475988792,0.0006070099045147799,0.0010536637413246495,9.608188878790166e-05,0.0001311706857883811,9.482408486968355e-05,0.00010060151615364986,0.00017339030332058164,8.992575928285354e-06,6.03274573214832e-06,2.9696952867740528e-06,0.024295735570855743
30.5,0.011962108739421823,0.002584400146974318,0.002527862374549308,0.004333577313566779,0.0005151311439313849,0.0006022961665337537,0.0010450625912242926,9.491338643771042e-05,0.0001295510130400271,9.463586004043537e-05,9.981643475149465e-05,0.00017196723443708729,8.882555624547422e-06,5.957856642618556e-06,2.963803804984308e-06,0.02417912662098056
30.55,0.011925596687420261,0.0025779706380226414,0.0025087967926290273,0.004299267438327156,0.0005140508656114282,0.0005976208476229206,0.0010365350667402861,9.376032181763323e-05,0.0001279530014278024,9.444649486747345e-05,9.90377640958709e-05,0.00017055638519609102,8.773949015243176e-06,5.88393725120347e-06,2.957846907873453e-06,0.02406320803695291
30.6,0.011889178266648325,0.002571530013322213,0.0024898842763004807,0.004265245377438028,0.0005129652071496514,0.0005929836372292089,0.001028080536694387,9.262247544629764e-05,0.00012637633983974723,9.425600744906781e-05,9.826545273982336e-05,0.00016915765116973588,8.666758650519435e-06,5.810991088841495e-06,2.9518380744659186e-06,0.023947974829240794
30.650000000000002,0.011852853408841707,0.0025650786195326597,0.00247112356322726,0.004231508648704057,0.0005118742627271196,0.0005883842270015898,0.0010196983748492054,9.149963117324771e-05,0.0001248207219272301,9.406441584550049e-05,9.749944960423651e-05,0.00016777092877929753,8.56099226677327e-06,5.7390257340528845e-06,2.9457943769795e-06,0.023833422064590916
30.700000000000003,0.011816622044258525,0.0025586168006748373,0.002452513401237045,0.004198054791013464,0.0005107781261787462,0.0005838223107838331,0.0010113879598833136,9.039157612538688e-05,0.00012328584602775309,9.387173807509171e-05,9.673970397500033e-05,0.00016639611528571373,8.456656815649412e-06,5.6680481547013574e-06,2.9397329518310276e-06,0.023719544851440892
30.75,0.011780484101692731,0.002552144898118996,0.00243405254824994,0.004164881364176213,0.0005096768909773104,0.0005792975846070634,0.0010031486753661225,8.92981006543262e-05,0.0001217714150890719,9.367799211033502e-05,9.598616549693981e-05,0.00016503310877008078,8.353752806135442e-06,5.59806029415022e-06,2.9336674751860197e-06,0.0236063383258846
30.8,0.011744439508487468,0.0025456632505738174,0.002415739772207081,0.00413198594876301,0.0005085706502180566,0.0005748097466821229,0.00099497990973253,8.82189982846214e-05,0.00012027713659460565,9.348319587411512e-05,9.52387841654808e-05,0.00016368180810711022,8.252270133672296e-06,5.529055819541068e-06,2.9276054178134623e-06,0.02349379764106104
30.85,0.011708488190548375,0.0025391721940763116,0.0023975738509995227,0.00409936614594515,0.0005074594966038587,0.0005703584973917541,0.0009868810562573618,8.715406566288432e-05,0.00011880272249011547,9.328736723599361e-05,9.44975103175317e-05,0.00016234211293614413,8.152186231601293e-06,5.46101868259236e-06,2.921546654935063e-06,0.023381917962034125
30.900000000000002,0.011672630072356836,0.0025326720619825356,0.002379553572397402,0.004067019577335178,0.0005063435224309374,0.0005659435392825992,0.0009788515130296081,8.610310250775126e-05,0.00011734788911162695,9.309052400856236e-05,9.376229462327367e-05,0.0001610139236350184,8.053466876013103e-06,5.393923748167669e-06,2.915483679582983e-06,0.023270694467005096
30.950000000000003,0.011636865076983166,0.002526163184959132,0.0023616777339793846,0.0040349438848284016,0.0005052228195751168,0.0005615645770570317,0.0009708906829264722,8.506591156069459e-05,0.00011591235711457554,9.289268394387909e-05,9.303308808041905e-05,0.00015969714130168212,7.95606941743241e-06,5.327739311787361e-06,2.909403309009989e-06,0.023160122354348184
31.0,0.011601193126099762,0.0025196458909756535,0.002343945143062402,0.004003136730445249,0.0005040974794786068,0.0005572213175648211,0.0009629979735872404,8.404229853766215e-05,0.00011449585140415278,9.269386473001177e-05,9.230984201202978e-05,0.00015839166774706535,7.859947726395643e-06,5.262430948093901e-06,2.903289485455956e-06,0.023050196853804602
31.05,0.011565614139994166,0.002513120505297661,0.002326354616631674,0.0039715957961744585,0.0005029675931372991,0.0005529134697946387,0.0009551727973869814,8.303207208152947e-05,0.00011309810106683148,9.24940839877243e-05,9.159250806827499e-05,0.00015709740550050332,7.765057819889628e-06,5.197965884358042e-06,2.8971266043532755e-06,0.022940913239430344
31.1,0.011530128037582119,0.002506587350480575,0.002308904981271041,0.0039403187838171535,0.0005018332510885648,0.0005486407448654127,0.000947414571410093,8.203504371535166e-05,0.00011171883930305039,9.22933592673345e-05,9.0881038231691e-05,0.00015581425782649574,7.671363029028547e-06,5.134317014759702e-06,2.89090274026542e-06,0.022832266841642936
31.150000000000002,0.011494734736420514,0.002500046746364258,0.002291595073093577,0.003909303414831742,0.0005006945433995393,0.000544402856017535,0.0009397227174236949,8.105102779639968e-05,0.0001103578033610363,9.209170804576549e-05,9.017538482475165e-05,0.00015454212874920384,7.578837684543463e-06,5.071465763197466e-06,2.884612158869506e-06,0.02272425305593463
31.200000000000003,0.011459434152720323,0.002493499010068315,0.002274423737672518,0.003878547430179695,0.0004995515596558853,0.0005401995186039277,0.0009320966618508864,8.007984147096821e-05,0.00010901473447174506,9.188914772379556e-05,8.947550051802575e-05,0.00015328092307936397,7.487468610785531e-06,5.009403244106582e-06,2.8782566125405097e-06,0.022616867346482883
31.25,0.011424226201359458,0.002486944455988088,0.0022573898299724894,0.0038480485901721813,0.0004984043889510195,0.0005360304500809753,0.0009245358357438737,7.912130462994166e-05,0.0001076893777849013,9.168569562349213e-05,8.878133833700167e-05,0.00015203054643758303,7.397254167834308e-06,4.9481295198681505e-06,2.871845137975338e-06,0.02251010524390668
31.3,0.011389110795895562,0.0024803833957913295,0.0022404922142810423,0.0038178046743175677,0.0004972531198757929,0.0005318953699993258,0.0009170396747569759,7.817523986510478e-05,0.00010638148230611807,9.148136898579575e-05,8.809285166584855e-05,0.00015079090526846185,7.308201073205549e-06,4.887651137580462e-06,2.8653923795047343e-06,0.022403962337599212
31.35,0.011354087848578782,0.00247381613841554,0.0022237297641405085,0.0037878134811698025,0.0004960978405086136,0.0005277939999945716,0.0009096076191195234,7.724147242618609e-05,0.00010509080083507845,9.127618496820603e-05,8.7409994246931e-05,0.00014956190684160627,7.2203196701084835e-06,4.827977463713576e-06,2.858915773852833e-06,0.022298434264153025
31.400000000000002,0.011319157270364446,0.002467242990065947,0.002207101362280161,0.0037580728281776535,0.0004949386384059998,0.0005237260637778078,0.0009022391136086496,7.631983017862028e-05,0.00010381708990475953,9.107016064251472e-05,8.673272017569443e-05,0.00014834345923803684,7.133618601718919e-06,4.769116558758728e-06,2.852432174792496e-06,0.022193516694155556
31.450000000000003,0.011284318970925699,0.0024606642542141103,0.0021906059005486964,0.0037285805515348313,0.0004937756005935536,0.0005196912871260795,0.0008949336075219895,7.541014356201813e-05,0.00010256010972168186,9.086331299253516e-05,8.606098389144304e-05,0.00014713547132333787,7.048099946135322e-06,4.711071408642495e-06,2.8459546187662055e-06,0.022089205319929514
31.5,0.011249572858666092,0.002454080231597143,0.0021742422798470364,0.0036993345060309904,0.0004926088135573435,0.0005156893978727202,0.0008876905546502927,7.45122455493316e-05,0.00010131962410716659,9.065565891179166e-05,8.539474016536088e-05,0.000145937852711533,6.963755751977183e-06,4.653837241645885e-06,2.8394898995672e-06,0.021985495846559993
31.55,0.011214918840732094,0.002447491220217519,0.002158009410061449,0.003670332564903598,0.0004914383632356867,0.0005117201258975853,0.000880509413249955,7.362597160670164e-05,0.00010009540043958199,9.044721520115442e-05,8.473394408771564e-05,0.00014475051372561106,6.880566616513773e-06,4.597400426482324e-06,2.8330374245573397e-06,0.021882383987826208
31.6,0.011180356823025565,0.0024408975153434693,0.002141906209997002,0.003641572619690705,0.0004902643350113201,0.00050778320311719,0.0008733896460154842,7.275115965397814e-05,9.888720959756405e-05,9.023799856643261e-05,8.40785510564166e-05,0.000143573365361454,6.798502530461065e-06,4.541739122462666e-06,2.8265895223580168e-06,0.021779865467611858
31.650000000000002,0.011145886710216163,0.0024342994095099308,0.002125931607311335,0.0036130525800845787,0.0004890868137039504,0.0005038783634747492,0.0008663307200518978,7.188765002589867e-05,9.769482590419191e-05,9.002802561596345e-05,8.342851676891403e-05,0.00014240631926144528,6.717525769857914e-06,4.486825510041073e-06,2.820133069136808e-06,0.02167793602627805
31.700000000000003,0.011111508405753692,0.00242769719252005,0.002110084538448766,0.0035847703737862313,0.0004879058835631733,0.0005000053429301301,0.0008593321068470664,7.103528543391592e-05,9.651802707210297e-05,8.981731285825554e-05,8.278379721885819e-05,0.00014124928770233545,6.63759523901692e-06,4.432629139778863e-06,2.81365208126929e-06,0.021576591430594646
31.75,0.011077221811880407,0.0024210911514472174,0.0020943639485747267,0.003556723946360831,0.00048672162826175335,0.0004961638794497184,0.0008523932822440095,7.01939109286619e-05,9.535659414953067e-05,8.960587669975368e-05,8.214434869807607e-05,0.00014010218359931107,6.558671420432771e-06,4.37912074804986e-06,2.8071307946766564e-06,0.02147582748525716
31.8,0.011043026829643232,0.0024144815706376157,0.0020787687915105294,0.0035289112610939932,0.0004855341308892525,0.0004923537129962024,0.0008455137264131453,6.93633738630374e-05,9.421031146724802e-05,8.939373344278994e-05,8.151012780343012e-05,0.00013896492052514468,6.480720997364134e-06,4.326275820333319e-06,2.8005566871423075e-06,0.02137564004379046
31.85,0.011008923358905959,0.00240786873171328,0.0020632980296684763,0.0035013302988489746,0.00048434347394600227,0.0004885745855182822,0.0008386929238245114,6.85435238559168e-05,9.307896658640222e-05,8.918089928376934e-05,8.088109144718168e-05,0.0001378374127403799,6.403720294790258e-06,4.2740772435075015e-06,2.7939229011213235e-06,0.021276025016778555
31.900000000000002,0.010974911298361357,0.002401252913575639,0.002047950633987297,0.003473979057924739,0.00048314973933740693,0.00048482624094030313,0.0008319303632199517,6.773421275645584e-05,9.196235024722253e-05,8.89673903116128e-05,8.025719686876776e-05,0.00013671957522827543,6.327656921902145e-06,4.222516570237539e-06,2.787229619243802e-06,0.021176978375870407
31.950000000000003,0.010940990545543242,0.0023946343924095385,0.0020327255838679284,0.003446855553914919,0.00048195300836857084,0.0004811084251518218,0.0008252255375852833,6.693529460899286e-05,9.08602563185873e-05,8.875322250644823e-05,7.963840164555889e-05,0.00013561132372713922,6.2525293459164785e-06,4.171593688179719e-06,2.7804841337246268e-06,0.02107849615281585
32.0,0.010907160996838479,0.00238801344168772,0.0020176218671096365,0.003419957819567668,0.0004807533617392413,0.0004774208859971055,0.0008185779441224488,6.614662561853251e-05,8.977248174843427e-05,8.853841173850864e-05,7.902466370026934e-05,0.00013451257475294344,6.1783445125609e-06,4.121314985769974e-06,2.773699590980494e-06,0.02098057443371029
32.050000000000004,0.010873422547498925,0.0023813903321757523,0.0020026384798464704,0.003393283904646388,0.00047955087953905755,0.0004737633732645693,0.0008119870842216536,6.536806411680136e-05,8.869882651499854e-05,8.83229737671707e-05,7.841594130323413e-05,0.00013342324560670685,6.10511398292965e-06,4.071690377255152e-06,2.7668926344977656e-06,0.020883209349496414
32.1,0.01083977509165334,0.002374765331937403,0.001987774426484079,0.0033668318757913793,0.00047834564124310004,0.0004701356386761589,0.0008054524634335102,6.459947052886664e-05,8.763909357886545e-05,8.81069242400529e-05,7.781219306866364e-05,0.00013234325436379426,6.0328493191187785e-06,4.022729750900164e-06,2.760080383443575e-06,0.020786397064452677
32.15,0.01080621852231919,0.00236813870634042,0.001973028719636843,0.0033405998163823303,0.0004771377257077282,0.00046653743587667264,0.0007989735914411698,6.384070734030589e-05,8.659308883582054e-05,8.789027869209162e-05,7.721337794507306e-05,0.0001312725198455377,5.961557576111247e-06,3.974439502582841e-06,2.7532773359841634e-06,0.020690133764777862
32.2,0.010772752731414436,0.002361510718062734,0.0019584003800653766,0.003314585826401734,0.00047592721116670295,0.0004629685204230378,0.0007925499820324731,6.309163906492036e-05,8.556062107048623e-05,8.767305254452922e-05,7.661945520117445e-05,0.00013021096157686402,5.8912377207234035e-06,3.926819788372419e-06,2.7464928123017462e-06,0.02059441564934587
32.25,0.010739377609769259,0.0023548816270990616,0.0019438884366143694,0.0032887880222991924,0.00047471417522758407,0.0004594286497735391,0.0007861811530721119,6.235213221298165e-05,8.454150191072975e-05,8.745526110377496e-05,7.60303844093997e-05,0.0001291584997363,5.821878606087837e-06,3.879862977684441e-06,2.7397294168718046e-06,0.020499238924228946
32.300000000000004,0.010706093047137686,0.002348251690767878,0.0019294919261507613,0.00326320453685657,0.0004734986948683939,0.0004559175832769984,0.0007798666264738009,6.16220552600013e-05,8.353554578282755e-05,8.723691956013536e-05,7.544612542973306e-05,0.00012811505510632962,5.753458824674238e-06,3.8335535505250235e-06,2.7329827532825303e-06,0.0204045998017996
32.35,0.010672898932209228,0.0023416211637187867,0.0019152098935022917,0.003237833519054091,0.00047228084643454376,0.00045243508216192077,0.0007736059281724857,6.090127861601705e-05,8.254256986737688e-05,8.701804298644901e-05,7.486663839656997e-05,0.00012708054903228636,5.6859484150003405e-06,3.7878694145015002e-06,2.7262423717266987e-06,0.02031049450435328
32.4,0.010639795152620387,0.0023349902979402292,0.0019010413913963689,0.0032126731339372646,0.0004710607056360112,0.0004489809095255962,0.0007673985880965647,6.0189674595383754e-05,8.15623940559373e-05,8.679864633669264e-05,7.429188371085628e-05,0.00012605490339668245,5.619312076374209e-06,3.742784372685887e-06,2.7194937359884872e-06,0.020216919271433015
32.45,0.010606781594966148,0.0023283593427675625,0.00188698548039931,0.003187721562484737,0.0004698383475447646,0.0004455548303231715,0.0007612441401401534,5.9487117387062996e-05,8.05948409083932e-05,8.657874444464824e-05,7.372182203888711e-05,0.00012503804061333537,5.553513298211303e-06,3.698271286924362e-06,2.7127208600183427e-06,0.02012387036946333
32.5,0.01057385814481142,0.0023217285448914726,0.0018730412288559299,0.0031629770014770203,0.00046861384659242745,0.0004421566113566914,0.0007551421221353852,5.879348302540184e-05,7.963973561102381e-05,8.635835202272678e-05,7.315641431799115e-05,0.00012402988364224626,5.488518666386173e-06,3.654305373265733e-06,2.705909165708227e-06,0.020031344101945094
32.550000000000004,0.010541024686702363,0.0023150981483667102,0.0018592077128294624,0.0031384376633660743,0.00046738727656817314,0.0004387860212641064,0.000749092075824745,5.810864936139148e-05,7.869690593526696e-05,8.613748366103324e-05,7.25956217681055e-05,0.00012303035602252474,5.424301593974962e-06,3.6108670544406394e-06,2.6990480736375186e-06,0.01993933681839201
32.6,0.010508281104177735,0.0023084683946211575,0.0018454840160418628,0.003114101776145819,0.0004661587106168482,0.000435442830508263,0.0007430935468334604,5.743249603440008e-05,7.776618219716854e-05,8.591615382673181e-05,7.203940590717326e-05,0.00012203938191738745,5.360844842684662e-06,3.567943886044854e-06,2.692132889963938e-06,0.0198478449204467
32.65,0.010475627279780105,0.002301839522465192,0.0018318692298144317,0.0030899675832234746,0.00046492822123731246,0.00043212681136586443,0.0007371460846419315,5.676490444436878e-05,7.684739721750164e-05,8.569437686372906e-05,7.148772856755434e-05,0.00012105688616295508,5.298141426292913e-06,3.5255312476316582e-06,2.6851656835234213e-06,0.019756864864141865
32.7,0.010443063095067054,0.002295211768101355,0.0018183624530088123,0.003066033343291817,0.0004636958802809939,0.0004288377379164167,0.0007312492425582211,5.61057577244654e-05,7.594038628254716e-05,8.547216699264951e-05,7.094055191038058e-05,0.00012008279431168622,5.236193771375724e-06,3.4836317063302785e-06,2.6781550107006776e-06,0.019666393157934805
32.75,0.010410588430622321,0.0022885853651343105,0.0018049627919683399,0.0030422973302023063,0.00046246175895065054,0.00042557538603115786,0.0007254025776906023,5.545494071418699e-05,7.504498710552348e-05,8.52495383110335e-05,7.039783843504726e-05,0.00011911703266197109,5.175011306417596e-06,3.4422531825950587e-06,2.6711145173345443e-06,0.019576426356833803
32.800000000000004,0.01037820316606684,0.0022819605445810716,0.0017916693604597242,0.0030187578328390572,0.00046122592779933134,0.00042233953336196845,0.0007196056509201588,5.4812339932902556e-05,7.416103978865208e-05,8.50265047936528e-05,6.985955098178869e-05,0.00011815952826758647,5.114606914818968e-06,3.401406248152082e-06,2.664060635903745e-06,0.019486961053591614
32.85,0.010345907180069787,0.0022753375348815133,0.0017784812796151155,0.0029954131549937337,0.0004599884567295348,0.00041912995933027734,0.0007138580268734629,5.417784355383065e-05,7.328838678585163e-05,8.480308029282219e-05,6.93256527264152e-05,0.00011721020892402988,5.0549928782138e-06,3.361101034374219e-06,2.6570097886904768e-06,0.019397993868477653
32.9,0.010313700350359502,0.0022687165619091256,0.0017653976778744937,0.0029722616152412632,0.00045874941499255426,0.0004159464451159516,0.0007081592738953075,5.355134137844145e-05,7.242687286604557e-05,8.457927853858468e-05,6.879610716759688e-05,0.00011626900313263626,4.99617701626756e-06,3.3213442918772302e-06,2.6499756302174744e-06,0.01930952143940987
32.95,0.010281582553734401,0.002262097848982032,0.001752417690928431,0.002949301546816452,0.00045750887118800837,0.00041278877364618377,0.0007025089640215184,5.29327248112782e-05,7.157634507707512e-05,8.435511313867179e-05,6.827087810836336e-05,0.0001153358400472033,4.9381596770916716e-06,3.282137100955581e-06,2.6429668402874207e-06,0.019221540414117957
33.0,0.01024955366607382,0.002255481616874245,0.0017395404616612077,0.0029265312974914685,0.00045626689326354997,0.00040965672958437517,0.0006969066729518415,5.232188683518972e-05,7.073665271020626e-05,8.413059757817967e-05,6.774992963451464e-05,0.00011441064941093583,4.880932061439618e-06,3.2434735989802637e-06,2.6359858246455976e-06,0.019134047445554598
33.050000000000004,0.010217613562348758,0.0022488680838271477,0.0017267651400942618,0.0029039492294541565,0.00045502354851474576,0.00040655009931901155,0.0006913519800228981,5.1718721986965915e-05,6.990764726521847e-05,8.390574521895427e-05,6.72332260932389e-05,0.0001134933614933521,4.824476120071321e-06,3.205340902950804e-06,2.629028483078386e-06,0.01904703919114481
33.1,0.010185762116632642,0.0022422574655612143,0.0017140908833300208,0.002881553719187259,0.0004537789035851264,0.0004034686709525457,0.0006858444681812353,5.1123126333371287e-05,6.9089182416068e-05,8.368056929873669e-05,6.672073207529669e-05,0.00011258390703704919,4.768765999693468e-06,3.1677202054064116e-06,2.6220850343315693e-06,0.018960512315829993
33.15,0.010153999202111942,0.0022356499752879287,0.0017015168554960585,0.0028593431573484536,0.0004525330244663962,0.000400412234290275,0.0006803837239564463,5.0534997447567e-05,6.828111397711202e-05,8.345508293016993e-05,6.6212412403627e-05,0.00011168221722282013,4.713770765719336e-06,3.130588836916571e-06,2.6151417435479343e-06,0.01887446349828498
33.2,0.010122324691096795,0.0022290458237219242,0.0016890422276896232,0.0028373159486512756,0.0004512859764988025,0.0003973805808292268,0.0006749693374343865,4.995423438591676e-05,6.748329986988652e-05,8.32292990998072e-05,6.570823213024496e-05,0.0001107882236587847,4.659457929404212e-06,3.0939229368371967e-06,2.6081832614541274e-06,0.018788889439194368
33.25,0.01009073845503155,0.0022224452190933216,0.0016766661779225177,0.0028154705117468953,0.000450037824371657,0.0003943735037470499,0.0006696009022304788,4.9380737665168984e-05,6.669560009042711e-05,8.300323066727729e-05,6.520815654197127e-05,0.00010990185839535788,4.60579718645227e-06,3.057700281392171e-06,2.601195179938928e-06,0.01870378687015146
33.300000000000004,0.010059240364505232,0.0022158483671602474,0.001664387891066315,0.002793805279106716,0.0004487886321240041,0.00039139079789090854,0.0006642780154631042,4.881440924000802e-05,6.591787667712217e-05,8.277689036475294e-05,6.471215117408378e-05,0.00010902305396366508,4.55276375811035e-06,3.021902807046951e-06,2.5941663872296724e-06,0.018619152561688546
33.35,0.01002783028926199,0.0022092554712215538,0.0016522065587979509,0.002772318696905864,0.00044753846314543453,0.00038843225976639283,0.0006590002777270985,4.825515248097005e-05,6.514999367909189e-05,8.255029079683568e-05,6.422018182964759e-05,0.00010815174343110658,4.500340810936181e-06,2.9865184354716984e-06,2.587090873172818e-06,0.018534983329163514
33.4,0.00999650809821144,0.0022026667321296983,0.001640121379545643,0.002751009224907483,0.0004462873801770352,0.0003854976875264329,0.0006537672930673355,4.770287215271507e-05,6.439181712508091e-05,8.232344444091336e-05,6.373221460127718e-05,0.00010728786046480289,4.448520592324884e-06,2.951541929770012e-06,2.579968737002224e-06,0.018451276035608952
33.45,0.00996527365943898,0.002196082348303804,0.0016281315584351782,0.002729875336347896,0.0004450354453124756,0.00038258688096023095,0.0006485786689524189,4.7157474392651046e-05,6.364321499285871e-05,8.209636364798077e-05,6.324821589159653e-05,0.00010643133939214487,4.397304124725451e-06,2.916974664669541e-06,2.572806244148042e-06,0.01836802759110176
33.5,0.009934126840216051,0.0021895025157428805,0.0016162363072365496,0.0027089155178226117,0.00044378271999922375,0.00037969964148220687,0.0006434340162484758,4.6618866689903344e-05,6.290405717911774e-05,8.186906064384289e-05,6.276815242876688e-05,0.0001055821152478723,4.346699525902589e-06,2.882823359609319e-06,2.5656148870769186e-06,0.01828523494871009
33.550000000000004,0.009903067507010303,0.0021829274280391916,0.0016044348443109268,0.002688128269173134,0.00044252926503988635,0.00037683577212095664,0.0006383329491930485,4.608695786462312e-05,6.217421546986045e-05,8.164154753055926e-05,6.229199127415e-05,0.00010474012379902579,4.2967192406087365e-06,2.849097988040172e-06,2.558409568757582e-06,0.01820289509762307
33.6,0.009872095525495754,0.0021763572763917848,0.0015927263945580015,0.0026675121033746503,0.00044127514059367367,0.00037399507750823395,0.0006332750853691046,4.5561658047630865e-05,6.145356351126916e-05,8.141383628794833e-05,6.181969982036145e-05,0.0001039053015424749,4.247376646986279e-06,2.8158092133450555e-06,2.5512062211559064e-06,0.018121005054582372
33.65,0.009841210760562833,0.0021697922496201473,0.0015811101893636558,0.002647065546424507,0.00044002040617797895,0.00037117736386794547,0.0006282600456791453,4.504287866038725e-05,6.0741976781048196e-05,8.118593877495472e-05,6.135124577945544e-05,0.00010307758567398938,4.198682597849845e-06,2.7829657770753945e-06,2.5440192994323565e-06,0.01803956185504041
33.7,0.009810413076328411,0.002163232534178009,0.0015695854665479958,0.002626787137231539,0.00043876512067007374,0.00036838243900517097,0.000623287454319433,4.4530532395287845e-05,6.0039332560232484e-05,8.095786673070136e-05,6.088659716254619e-05,0.00010225691403234085,4.150642448135682e-06,2.750572257087643e-06,2.536859586117478e-06,0.017958562545453083
33.75,0.009779702336145769,0.0021566783141672703,0.0015581514703137324,0.0026066754275062246,0.0004375093423089129,0.00036561011229520584,0.0006183569387543316,4.40245331962755e-05,5.934550990545425e-05,8.072963177509336e-05,6.0425722253553485e-05,0.0001014432250259608,4.103254017313044e-06,2.718627532535232e-06,2.5297326310658373e-06,0.017878004177828696
33.800000000000004,0.009749078402614462,0.002150129771352048,0.0015468074511948916,0.00258672898165163,0.00043625312869704434,0.0003628601946726238,0.0006134681296907548,4.352479623976437e-05,5.8660389621658895e-05,8.050124540890992e-05,5.996858958074701e-05,0.00010063645755260376,4.05650677389297e-06,2.687124170095128e-06,2.522638026217341e-06,0.017797883807247342
33.85,0.009718541137590195,0.0021435870851728455,0.001535552666005896,0.002566946376655216,0.00043499653680262345,0.00036013249862037073,0.0006086206610527431,4.303123791587229e-05,5.798385423526518e-05,8.02727190134039e-05,5.95151678901976e-05,9.983655092379959e-05,4.010382337339087e-06,2.656048803582778e-06,2.515569603413475e-06,0.017718198492622763
33.9,0.009688090402194574,0.0021370504327608234,0.0015243863777909658,0.002547326201981412,0.00043373962296152404,0.00035742683815888,0.000603814169956147,4.254377580995403e-05,5.7315787967759024e-05,8.004406384950947e-05,5.9065426125038966e-05,9.904344480538391e-05,3.964856191116486e-06,2.625383428372746e-06,2.5085165194708687e-06,0.017638945300500933
33.95,0.009657726056824842,0.002130519988952183,0.0015133078557738814,0.00252786705946503,0.00043248244287954644,0.00035474302883521956,0.0005990482966834388,4.206232868443222e-05,5.6656076709716196e-05,7.981529105682959e-05,5.86193334136376e-05,9.825707918315392e-05,3.919900315627065e-06,2.5951073904457836e-06,2.501465040359091e-06,0.017560121311208342
34.0,0.009627447961163556,0.002123995926302648,0.0015023163753080876,0.002508567563205485,0.00043122505163471737,0.00035208088771226877,0.0005943226846586451,4.15868164609201e-05,5.600460799524529e-05,7.958641165261944e-05,5.8176859068464084e-05,9.747739435901154e-05,3.875486314972412e-06,2.5651997457463426e-06,2.494400707883686e-06,0.01748172362629027
34.050000000000004,0.009597255974188165,0.0021174784151020295,0.0014914112178271255,0.0024894263394617884,0.0004299675036796768,0.0003494402333579228,0.0005896369804223957,4.111716020263038e-05,5.5361270976843016e-05,7.935743653099479e-05,5.773797259585543e-05,9.670433097839358e-05,3.831588552908238e-06,2.5356416223521594e-06,2.4873105364269914e-06,0.017403749376035504
34.1,0.009567149954180593,0.0021109676233888944,0.0014805916707954275,0.002470442026548383,0.0004287098528441525,0.00034682088583433445,0.0005849908336071072,4.06532820970672e-05,5.4725956400656807e-05,7.912837646257309e-05,5.730264371519637e-05,9.593783008503519e-05,3.7881868352112134e-06,2.5064182384674967e-06,2.480184941619066e-06,0.01732619572597472
34.15,0.0095371297587367,0.0021044637169653014,0.0014698570276594314,0.0024516132747317326,0.0004274521523375142,0.00034422266668718407,0.0005803838969122824,4.0195105438993966e-05,5.409855658214496e-05,7.889924209469747e-05,5.687084238457022e-05,9.517783319487328e-05,3.7452682598929075e-06,2.4775202951927644e-06,2.47301917489425e-06,0.017249059881455402
34.2,0.009507195244775727,0.0020979668594116227,0.001459206587799047,0.0024329387461277273,0.00042619445475140875,0.0003416453989349877,0.0005758158260799418,3.974255461367428e-05,5.3478965382129534e-05,7.8670043952314e-05,5.644253882887703e-05,9.442428237783883e-05,3.702827980229904e-06,2.4489445538635405e-06,2.465814077587113e-06,0.017172339089646976
34.25,0.009477346268549687,0.00209147721210144,0.001448639656479463,0.0024144171145998794,0.0004249368120624705,0.0003390889070584409,0.0005712862798701857,3.9295555080380446e-05,5.2867078183234484e-05,7.844079243947537e-05,5.6017703565941424e-05,9.367712033486213e-05,3.660868778148935e-06,2.420693518595334e-06,2.458576009196781e-06,0.017096030638631396
34.300000000000004,0.00944758268565265,0.002084994934216497,0.0014381555448032732,0.0023960470656582754,0.0004236792756351035,0.00033655301698979576,0.0005667949200368768,3.885403335616431e-05,5.226279186670115e-05,7.821149784134818e-05,5.559630742632464e-05,9.293629045787201e-05,3.6193995215554566e-06,2.3927742765864048e-06,2.451315914883735e-06,0.01702013185365391
34.35,0.009417904351030043,0.002078520182761727,0.0014277535696629639,0.002377827296359347,0.00042242189622433625,0.0003340375561022807,0.000562341411303464,3.841791699988768e-05,5.166600478957718e-05,7.79821703265202e-05,5.517832156339656e-05,9.220173686286365e-05,3.5784327546727944e-06,2.365196684136652e-06,2.4440476771886608e-06,0.016944640091102404
34.4,0.009388311118987818,0.00207205311258033,0.001417433053693711,0.0023597565152063795,0.00042116472397874086,0.0003315423531995539,0.0005579254213389282,3.798713459650591e-05,5.107661676226956e-05,7.775281994934694e-05,5.476371745159205e-05,9.147340438991052e-05,3.5379818037242225e-06,2.337971189419959e-06,2.4367860544438636e-06,0.016869552731182676
34.45,0.009358802843201614,0.002065593876368904,0.001407193325226529,0.002341833442050817,0.0004199078084434187,0.00032906723850519964,0.0005535466207338666,3.7561615741602123e-05,5.049452902645801e-05,7.752345665206098e-05,5.435246687248753e-05,9.075123856878072e-05,3.498057840410079e-06,2.311106627030939e-06,2.429544556125314e-06,0.016794867170415305
34.5,0.009329379376725858,0.002059142624692634,0.0013970337182417486,0.0023240568079943387,0.00041865119856304787,0.0003266120436522648,0.0005492046829767107,3.7141291026167096e-05,4.991964423336168e-05,7.729409026638689e-05,5.39445418901274e-05,9.00351855538694e-05,3.4586673305905585e-06,2.2846083041038993e-06,2.4223335554373946e-06,0.016720580815006644
34.550000000000004,0.009300040572002765,0.002052699506000508,0.0013869535723228135,0.0023064253552916693,0.00041739494268498776,0.0003241766016728333,0.0005448992844300734,3.6726092021620366e-05,4.935186642235269e-05,7.706473051446608e-05,5.353991481864824e-05,8.932519203674828e-05,3.4198102228484685e-06,2.258476641167593e-06,2.415158872562634e-06,0.01664669107595607
34.6,0.009270786280871352,0.0020462646666405925,0.0013769522326104286,0.002288937837254192,0.0004161390885624436,0.0003217607469876475,0.0005406301043072394,3.631595126506998e-05,4.879110099991271e-05,7.683538700898815e-05,5.31385581864513e-05,8.862120514807862e-05,3.381479119242686e-06,2.232706548808578e-06,2.408021019345561e-06,0.016573195366529788
34.65,0.009241616354576319,0.002039838250875329,0.0013670290497570146,0.0022715930181542777,0.00041488368335768224,0.0003193643153957668,0.000536396824648785,3.5910802244805275e-05,4.823725471892467e-05,7.660606925253465e-05,5.274044470177093e-05,8.792317236240671e-05,3.3436595288557248e-06,2.2072876178265215e-06,2.400915235195972e-06,0.016500091102427495
34.7,0.00921253064377693,0.0020334204008968714,0.0013571833798815044,0.0022543896731303907,0.00041362877364530145,0.00031698714406427344,0.0005321991302993392,3.55105793860205e-05,4.769023565829624e-05,7.637678663625784e-05,5.234554722439644e-05,8.723104141920416e-05,3.3063311443597924e-06,2.182205079021821e-06,2.393832313608686e-06,0.016427375704555783
34.75,0.009183528998555823,0.00202701125684245,0.0013474145845244667,0.0022373265880929446,0.0004123744054155492,0.0003146290715180221,0.0005280367088844845,3.51152180367648e-05,4.714995320290885e-05,7.614754843811801e-05,5.1953838747521e-05,8.654476027141603e-05,3.2694699281649507e-06,2.157441369425349e-06,2.3867600515625224e-06,0.01635504660387962
34.800000000000004,0.009154611268427735,0.002020610956809754,0.0013377220306035394,0.0022204025596308753,0.00041112062407768786,0.00031228993762943047,0.00052390925078779,3.472465445411454e-05,4.661631802388632e-05,7.591836382097769e-05,5.156529239232628e-05,8.586427706903603e-05,3.2330506840372125e-06,2.1329780575281594e-06,2.379685046878058e-06,0.0162831012475156
34.85,0.009125777302348223,0.0020142196368723455,0.0013281050903692073,0.0022036163949189914,0.0004098674744634068,0.0003099695836083206,0.000519816449127993,3.433882579056567e-05,4.608924205917991e-05,7.568924183088705e-05,5.1179881416155224e-05,8.51895401803633e-05,3.197049743435887e-06,2.1087978485693873e-06,2.3725945726019484e-06,0.016211537105150244
34.9,0.00909702694872227,0.0020078374310950773,0.001318563141360882,0.0021869669116260236,0.0004086150008302746,0.00030766785199180086,0.0005157579997363121,3.395767008064099e-05,4.5568638494462225e-05,7.546019139588239e-05,5.0797579233215335e-05,8.452049824828363e-05,3.16144740441871e-06,2.084886401984188e-06,2.3654783211543066e-06,0.016140351674942675
34.95,0.00906836005541288,0.0020014644715495348,0.0013090955663633158,0.0021704529378234307,0.00040736324686523425,0.00030538458663419805,0.0005117336011339068,3.3581126227710124e-05,4.505442174432702e-05,7.523122132556341e-05,5.0418359444971065e-05,8.385710027392414e-05,3.1262298044622944e-06,2.061233727075869e-06,2.3583298443210126e-06,0.016069542488174854
35.0,0.00903977646974961,0.0019951008883294856,0.001299701753363335,0.002154073311894931,0.0004061122556881372,0.0003031196326970362,0.0005077429545094786,3.3209133991018164e-05,4.454650743378892e-05,7.500234031161698e-05,5.004219587596591e-05,8.319929571604161e-05,3.091389979602892e-06,2.0378349731752925e-06,2.3511474980986535e-06,0.015999107112011322
35.050000000000004,0.009011276038537007,0.001988746809566328,0.0012903810955068775,0.0021378268824467357,0.00040486206985531205,0.00030087283663906054,0.000503785763697008,3.284163397291908e-05,4.404481238007745e-05,7.477355692932951e-05,4.9669062609971795e-05,8.254703459209543e-05,3.0569279662477736e-06,2.014690504523119e-06,2.3439347080551717e-06,0.015929043149911545
35.1,0.008982858608063056,0.001982402361444557,0.0012811329910563678,0.002121712508218533,0.00040361273136317106,0.0002986440462063138,0.0004998617351536422,3.24785676063117e-05,4.354925457472214e-05,7.454487963999494e-05,4.929893402121831e-05,8.19002675664745e-05,3.022849937887269e-06,1.9918052523009247e-06,2.3366994749030197e-06,0.015859348239579456
35.15,0.008954524024107506,0.001976067668217215,0.0012719568433483858,0.0021057290579951553,0.0004023642816518468,0.0002964331104222577,0.0004959705779377167,3.211987714227331e-05,4.3059753165921776e-05,7.43163167939945e-05,4.8931784796029415e-05,8.125894601286411e-05,2.989166515443496e-06,1.9691874502006135e-06,2.3294532141454464e-06,0.01579002004877095
35.2,0.008926272131950179,0.00196974285222135,0.001262852060751664,0.002089875410518979,0.0004011167616088618,0.00029423987957794586,0.0004921120036869252,3.176550563788889e-05,4.257622844119442e-05,7.408787663422384e-05,4.85675899414299e-05,8.062302204108183e-05,2.95589051071525e-06,1.9468469519960264e-06,2.322209160121117e-06,0.01572105626963456
35.25,0.008898102776379231,0.001963428033893468,0.0012538180566253954,0.0020741504544030307,0.0003998702115728271,0.000292064205222248,0.0004882857265966327,3.141539694427202e-05,4.209860181030301e-05,7.385956729948027e-05,4.820632477900689e-05,7.999244848341953e-05,2.9230344294073645e-06,1.9247933760086265e-06,2.3149805918326964e-06,0.015652454612406563
35.300000000000004,0.008870015801699313,0.001957123331784967,0.0012448542492778404,0.00205855308804477,0.0003986246713371672,0.0002899059401521207,0.0004844914633983256,3.106949569477382e-05,4.1626795788450765e-05,7.363139682741317e-05,4.7847964924299294e-05,7.936717884098416e-05,2.890608073155898e-06,1.903034326327173e-06,2.3077790937191636e-06,0.015584212799263626
35.35,0.008842011051739731,0.0019508288625775722,0.0012359600619252613,0.00204308221954061,0.0003973801801538726,0.00028776493840293384,0.000480728933338214,3.0727747293377914e-05,4.116073397974376e-05,7.34033731566869e-05,4.749248625397145e-05,7.874716719599282e-05,2.858616555319637e-06,1.8815739212956753e-06,2.300613039615351e-06,0.015516328559074198
35.4,0.008814088369862506,0.0019445447410987458,0.0012271349226511458,0.0020277367666010904,0.0003961367767372744,0.00028564105523884475,0.0004769978581559683,3.039009790327677e-05,4.0700341060913845e-05,7.317550412809869e-05,4.713986486473029e-05,7.813236810069514e-05,2.827058990550255e-06,1.860411821695318e-06,2.2934865060410444e-06,0.015448799623721577
35.45,0.008786247598970407,0.0019382710803370852,0.0012183782643657493,0.002012515656466768,0.0003948944992678428,0.00028353414714322653,0.00047329796206360567,3.00564944356276e-05,4.0245542765299256e-05,7.294779748453074e-05,4.6790077029142245e-05,7.752273645693689e-05,2.7959280276995763e-06,1.8395428867476602e-06,2.2863988092955294e-06,0.01538162372650996
35.5,0.008758488581514928,0.0019320079914577038,0.001209689524765942,0.00199741782582479,0.0003936533853960065,0.0002814440718091491,0.0004696289717245186,2.972688453848438e-05,3.9796265867077875e-05,7.272026086977024e-05,4.644309915401994e-05,7.691822740186182e-05,2.765210271712833e-06,1.8189574932775347e-06,2.279344751424311e-06,0.015314798602840669
35.550000000000004,0.008730811159504184,0.0019257555838175803,0.0012010681462953459,0.001982442220726126,0.0003924134722459895,0.00027937068812991,0.0004659906162326428,2.9401216585902518e-05,3.935243816574831e-05,7.24929018263886e-05,4.60989077468085e-05,7.631879621466958e-05,2.734887506320772e-06,1.7986424493523091e-06,2.272315487566172e-06,0.015248321992934534
35.6,0.008703215174510797,0.0019195139649808958,0.0011925135761047926,0.0019675877965035075,0.0003911747964196682,0.0002773138561896227,0.0004623826270917758,2.907943966721461e-05,3.8913988470856285e-05,7.226572779300994e-05,4.5757479394432784e-05,7.572439825677047e-05,2.7049385199740153e-06,1.7785823498466251e-06,2.2652998037712285e-06,0.015182191646056937
35.65,0.008675700467679678,0.0019132832407343316,0.0011840252660130636,0.001952853517690012,0.0003899373940004424,0.0002752734372538536,0.0004588047381950312,2.876150357647305e-05,3.848084658696051e-05,7.203874610139414e-05,4.541879075748698e-05,7.513498895342348e-05,2.6753412754947743e-06,1.7587611792405748e-06,2.258285590924245e-06,0.01511640532558781
35.7,0.008648266879735791,0.0019070635151023452,0.0011756026724679385,0.0019382383579383306,0.0003887013005571222,0.0002732492937603161,0.00045525668580444163,2.8447358802058022e-05,3.805294329883567e-05,7.181196397380674e-05,4.5082818580671786e-05,7.455052381958516e-05,2.6460751464248724e-06,1.7391639601937274e-06,2.251261369798856e-06,0.015050960814317659
35.75,0.008620914250991865,0.0019008548903624157,0.0011672452565075434,0.0019237412999407039,0.0003874665511478291,0.00027124128930961796,0.00045173820853070505,2.813695651644775e-05,3.7630210356908274e-05,7.158538852112921e-05,4.47495397182608e-05,7.397095852692046e-05,2.617122950008987e-06,1.719778253297077e-06,2.2442177566014807e-06,0.014985855919390254
35.800000000000004,0.008593642421356006,0.0018946574670602456,0.00115895248372198,0.0019093613353494932,0.0003862331803239066,0.0002692492886560602,0.0004482490473130691,2.783024856614804e-05,3.721258046292094e-05,7.135902674208613e-05,4.441893117139026e-05,7.339624900349819e-05,2.5884725274732617e-06,1.7005953253596736e-06,2.2371487140620363e-06,0.014921088476293701
35.85,0.008566451230339325,0.0018884713440249408,0.001150723824215268,0.0018950974646984398,0.0003850012221338446,0.0002672731576984944,0.00044478894539936627,2.752718746177968e-05,3.6799987255823165e-05,7.113288552383686e-05,4.4090970132375156e-05,7.282635155332178e-05,2.5601176677675458e-06,1.6816108330313353e-06,2.230052378685979e-06,0.014856656351316302
35.9,0.008539340517063445,0.0018822966183841385,0.0011425587525675607,0.001880948697324543,0.0003837707101272102,0.0002653127634712298,0.00044135764832618475,2.7227726368319922e-05,3.6392365297883156e-05,7.090697164401134e-05,4.376563403026326e-05,7.226122298009243e-05,2.5320582547678475e-06,1.662824929530678e-06,2.222931291083741e-06,0.014792557442060266
35.95,0.008512310120268004,0.001876133385579104,0.0011344567477976637,0.001866914051290606,0.0003825416773585888,0.00026336797413499806,0.00043795490389918716,2.6931819095496697e-05,3.5989650061018724e-05,7.0681291774089e-05,4.344290057158725e-05,7.170082069884313e-05,2.504299631346836e-06,1.6442417897360942e-06,2.2157919991252778e-06,0.014728789675949396
36.0,0.008485359878318088,0.001869981739379786,0.0011264172933258417,0.001852992553308423,0.0003813141563915318,0.0002614386589679723,0.00043458046217357204,2.66394200883327e-05,3.5591777913343244e-05,7.045585248384299e-05,4.31227477707927e-05,7.114510282041029e-05,2.476851286783139e-06,1.625868637059565e-06,2.20864415761166e-06,0.01466535100702339
36.050000000000004,0.008458489629211587,0.0018638417718998194,0.001118439876936902,0.0018391832386625852,0.0003800881793025087,0.000259524688356838,0.0004312340754346731,2.6350484417836532e-05,3.5198686105922535e-05,7.023066024642669e-05,4.2805153966051274e-05,7.05940281969756e-05,2.449725057722342e-06,1.607714416594757e-06,2.201499307272192e-06,0.014602239411519717
36.1,0.008431699210586556,0.0018577135736114944,0.0011105239907435798,0.0018254851511349496,0.0003788637776848664,0.0002576259337879226,0.00042791549817870815,2.606496777183957e-05,3.481031275974079e-05,7.000572144358416e-05,4.2490097817963176e-05,7.004755642171203e-05,2.4229330780743505e-06,1.5897882865099004e-06,2.1943694784077483e-06,0.01453945288278591
36.15,0.008404988459728455,0.0018515972333606665,0.0011026691311501922,0.0018118973429297074,0.00037764098265278916,0.00025574226783837576,0.0004246244870936629,2.5782826445974926e-05,3.4426596852870315e-05,6.97810423704306e-05,4.217755829078294e-05,6.950564778129431e-05,2.3964857302569178e-06,1.5720981087803093e-06,2.1872657262401412e-06,0.014476989426060476
36.2,0.008378357213577384,0.0018454928383816254,0.0010948747988165834,0.0017984188745990993,0.00037641982484526345,0.00025387356416740696,0.00042136080104032155,2.5504017334797187e-05,3.4047478207843144e-05,6.955662923928674e-05,4.1867514618010394e-05,6.896826316598611e-05,2.3703898502922298e-06,1.5546491231536949e-06,2.1801967414672393e-06,0.014414847053708523
36.25,0.008351805308735263,0.0018394004743119132,0.0010871404986223532,0.0017850488149697477,0.000375200334430044,0.0002520196975075781,0.0004181242010334387,2.5228497923040154e-05,3.3672897479220477e-05,6.933248818215133e-05,4.155994625618763e-05,6.843536394742628e-05,2.344647416276045e-06,1.5374429762372683e-06,2.1731677531631424e-06,0.01435302378154404
36.300000000000004,0.008325332581472918,0.0018333202252070822,0.001079465739631352,0.0017717862410695905,0.0003739825411076187,0.0002501805436561478,0.00041491445022304776,2.4956226277009865e-05,3.3302796141356116e-05,6.910862525155347e-05,4.125483283228596e-05,6.790691183843338e-05,2.3192548878437523e-06,1.5204772341199076e-06,2.166179941608598e-06,0.01429151762677197
36.35,0.008298938867737181,0.0018272521735554106,0.0010718500350564704,0.0017586302380554533,0.00037276647411517585,0.00024835597946647485,0.00041173131387591694,2.468716103611159e-05,3.293711647635181e-05,6.888504641972294e-05,4.095215409095544e-05,6.738286875159429e-05,2.294203264573902e-06,1.5037454307392367e-06,2.1592304540526327e-06,0.014230326607786187
36.4,0.008272624003157873,0.001821196400292552,0.001064292902224688,0.0017455798991412022,0.00037155216223056734,0.00024654588283947257,0.00040857455935713877,2.442126140450734e-05,3.2575801562199616e-05,6.866175757622336e-05,4.065188984802253e-05,6.686319667377609e-05,2.2694788214552592e-06,1.487237617419258e-06,2.1523129425100246e-06,0.014169448745689607
36.45,0.008246387823054776,0.0018151529848161338,0.0010567938625424087,0.0017326343255265194,0.00037033963377627177,0.0002447501327151203,0.0004054439561118637,2.4158487142902617e-05,3.221879526110939e-05,6.843876452439354e-05,4.0354019955946455e-05,6.634785757195834e-05,2.2450643935363533e-06,1.4709413127646843e-06,2.1454184470610503e-06,0.014108882067152767
36.5,0.008220230162444556,0.001809122005000301,0.0010493524414610658,0.001719792626326279,0.0003691289166233539,0.0002429686090640305,0.00040233927564717293,2.3898798560459828e-05,3.186604220801757e-05,6.821607297710195e-05,4.005852428555194e-05,6.583681334211754e-05,2.2209410346295744e-06,1.4548427214536385e-06,2.1385364785436676e-06,0.014048624608174631
36.550000000000004,0.008194150856047596,0.0018031035372101886,0.0010419681684429901,0.0017070539185004988,0.00036792003819541915,0.00024120119287906734,0.0003992602915140856,2.364215650683584e-05,3.151748779927374e-05,6.799368855242424e-05,3.976538272641808e-05,6.533002580776359e-05,2.197089856404007e-06,1.4389280831331682e-06,2.1316562342285626e-06,0.013988674418356325
36.6,0.008168149738294828,0.0017970976563163484,0.0010346405769275624,0.0016944173267849116,0.0003667130254725653,0.000239447766167025,0.00039620677928971053,2.338852236434252e-05,3.117307818150318e-05,6.777161676988641e-05,3.947457520605534e-05,6.482745676875401e-05,2.1734938447509554e-06,1.4231850068544451e-06,2.124767893749625e-06,0.013929029565288848
36.65,0.008142226643334468,0.0017911044357091003,0.001027369204297617,0.0016818819836220966,0.0003655079049953267,0.0002377082119403566,0.00039317851655952844,2.3137858040227095e-05,3.0832760240640845e-05,6.754986304786947e-05,3.918608172571341e-05,6.432906809491366e-05,2.150139444146465e-06,1.4076036381338074e-06,2.117863862366762e-06,0.013869688138552506
36.7,0.008116381405038732,0.0017851239473128282,0.0010201535918461227,0.0016694470290932117,0.00036430470286861344,0.00023598241420896086,0.00039017528289981613,2.2890125959071315e-05,3.0496481591135315e-05,6.732843270265179e-05,3.889988240861808e-05,6.383482185351723e-05,2.1270177140294605e-06,1.3921775116900198e-06,2.1109397439745917e-06,0.013810648252752973
36.75,0.008090613857010504,0.0017791562616002133,0.0010129932847431275,0.001657111610850304,0.0003631034447656436,0.00023427025797202394,0.0003871968598602061,2.264528905530705e-05,3.0164190565319355e-05,6.710733094938222e-05,3.861595755487552e-05,6.33446804554954e-05,2.1041249125421977e-06,1.3769039802478325e-06,2.103994846646823e-06,0.01375190804912184
36.800000000000004,0.008064923832589912,0.0017732014476063915,0.0010058878320029568,0.0016448748840491784,0.00036190415593186624,0.0002325716292099135,0.0003842430309463778,2.2403310765846198e-05,2.98358362029439e-05,6.688656290505244e-05,3.8334287696400986e-05,6.285860680281434e-05,2.081462447817677e-06,1.3617841758464488e-06,2.0970321609513584e-06,0.013693465695494268
36.85,0.008039311164860913,0.0017672595729430584,0.0009988367864516865,0.0016327360112828617,0.00036070686118887767,0.00023088641487613168,0.00038131358160288986,2.216415502282386e-05,2.9511368240874143e-05,6.666613359329813e-05,3.8054853645134654e-05,6.237656441914456e-05,2.0590362277761913e-06,1.346822531318304e-06,2.0900579031014042e-06,0.01363531938478989
36.9,0.008013775686657777,0.0017613307038124941,0.0009918397046948613,0.0016206941625156084,0.0003595115849383268,0.00022921450288931932,0.00037840829919614036,2.1927786246452055e-05,2.9190737102943664e-05,6.644604795063013e-05,3.7777636528509115e-05,6.189851754771489e-05,2.0368555091271945e-06,1.3320259401517015e-06,2.083080766268766e-06,0.013577467332296323
36.95,0.007988317230571544,0.001755414905021527,0.000984896147085481,0.0016087485150174856,0.00035831835116581176,0.0002275557821253173,0.00037552697299746493,2.1694169337983024e-05,2.8873893889965363e-05,6.622631083351226e-05,3.750261780756028e-05,6.142443120395077e-05,2.0149313880838214e-06,1.3174026573464647e-06,2.0761109662765216e-06,0.01351990777206931
37.0,0.007962935628956454,0.001749512239995429,0.0009780056776922425,0.0015968982532995155,0.00035712718344476583,0.00022591014240928294,0.00037266939416636763,2.1463269672780103e-05,2.856079036989621e-05,6.60069270255794e-05,3.722977927505393e-05,6.095427117568247e-05,1.9932751013127087e-06,1.3029610584722933e-06,2.069159106934118e-06,0.01346263895274977
37.050000000000004,0.007937630713936264,0.0017436227707917319,0.0009711678642680258,0.0015851425690493557,0.0003559381049403309,0.00022427747450785835,0.00036983535573388007,2.123505309349413e-05,2.8251378968152985e-05,6.578790124424755e-05,3.695910303331046e-05,6.048800396978275e-05,1.9718963286673645e-06,1.2887083933419253e-06,2.0622349248944837e-06,0.013405659133183338
37.1,0.007912402317410593,0.0017377465581139848,0.0009643822782186491,0.0015734806610675546,0.00035475113841322114,0.00022265767012139703,0.0003670246525860583,2.100948590334456e-05,2.794561275807777e-05,6.556923814601384e-05,3.669057145378208e-05,6.0025596710349056e-05,1.9508017036356363e-06,1.2746496872406706e-06,2.05534608713291e-06,0.013348966578381036
37.15,0.007887250271061155,0.0017318836613254276,0.0009576484945718591,0.0015619117352043276,0.00035356630622357166,0.00022105062187624137,0.0003642370814476047,2.0786534859502615e-05,2.7643445451549368e-05,6.53509423298723e-05,3.6424167122589675e-05,5.956701699924296e-05,1.9299937211535155e-06,1.2607869348557833e-06,2.048497285886909e-06,0.013292559556414842
37.2,0.007862174406357971,0.0017260341384625994,0.0009509660919465812,0.0015504350042968922,0.00035238363033477624,0.00021945622331705645,0.00036147244086562406,2.0566167166575646e-05,2.7344831389739504e-05,6.513301833847241e-05,3.615987277791664e-05,5.911223275428756e-05,1.9094701726451895e-06,1.2471186871285148e-06,2.0416898093750315e-06,0.013236436336677643
37.25,0.007837174554565554,0.0017201980462488737,0.0009443346525224177,0.0015390496881073413,0.000351203132317311,0.00021787436889921796,0.00035873053119351,2.034835047019073e-05,2.7049725534010873e-05,6.4915470656895e-05,3.589767124617687e-05,5.8661212043162434e-05,1.88922415049476e-06,1.2336400608214062e-06,2.0349215957953405e-06,0.013180595189611774
37.300000000000004,0.007812250546748985,0.0017143754401079108,0.0009377537620093823,0.0015277550132610322,0.00035002483335254246,0.0002163049539812516,0.00035601115457495574,2.0133052850675552e-05,2.675808345695431e-05,6.469830370919028e-05,3.5637545384108024e-05,5.8213922931713184e-05,1.869244582070326e-06,1.2203431348551098e-06,2.0281876374954036e-06,0.01312503438772312
37.35,0.007787402213780011,0.0017085663741770486,0.0009312230096178937,0.0015165502131855328,0.00034884875423652335,0.0002147478748173294,0.0003533141149281,1.9920242816835722e-05,2.6469861333563752e-05,6.448152185308408e-05,3.5379478033356166e-05,5.7770333363926386e-05,1.8495172010163857e-06,1.2072176605348526e-06,2.0214805925332923e-06,0.013069752207597287
37.4,0.007762629386343035,0.0017027709013206042,0.0009247419880289985,0.001505434528050067,0.0003476749153837709,0.00021320302854981607,0.00035063921792979436,1.970988929982595e-05,2.6185015932545418e-05,6.426512937347749e-05,3.512345199277408e-05,5.7330411087369835e-05,1.830025839906663e-06,1.1942520021271213e-06,2.0147915532705698e-06,0.013014746932687383
37.45,0.007737931894941097,0.001696989073143108,0.000918310293364844,0.0014944072047054994,0.000346503336831031,0.00021167031320187054,0.0003479862710000022,1.9501961647114283e-05,2.590350460775979e-05,6.404913047552194e-05,3.486945001170981e-05,5.689412363286867e-05,1.8107539141090997e-06,1.1814342179590371e-06,2.0081109921112556e-06,0.012960016856686605
37.5,0.007713309569901804,0.001691220940002461,0.0009119275251593914,0.0014834674966248376,0.0003453340382410265,0.00021014962767010054,0.0003453550832863235,1.92964296165375e-05,2.5625285289793863e-05,6.383352927812161e-05,3.461745480522747e-05,5.646143835113776e-05,1.7916859460494985e-06,1.1687531754022596e-06,2.001429861013708e-06,0.012905560287209227
37.550000000000004,0.00768876224138318,0.0016854665510230077,0.0009055932863293579,0.0014726146638442332,0.00034416703890618723,0.00020864087171726744,0.00034274546564864213,1.909326337044578e-05,2.5350316477660826e-05,6.361832980869052e-05,3.436744908974627e-05,5.603232250271051e-05,1.7728089585395084e-06,1.1561995731637424e-06,1.9947406974259062e-06,0.012851375549330258
37.6,0.007664289739379517,0.0016797259541085406,0.0008993071831454088,0.0014618479729045157,0.00034300235775236584,0.00020714394596504695,0.00034015723064390356,1.8892433469935918e-05,2.5078557230626075e-05,6.340353599987544e-05,3.4119415635281925e-05,5.560674339150804e-05,1.7541135689558872e-06,1.1437667426243613e-06,1.9880385089594984e-06,0.012797460988447067
37.65,0.007639891893727137,0.0016739991959552171,0.000893068825203571,0.0014511666967932104,0.00034184001334253367,0.00020565875188683857,0.00033759019251101155,1.8693910869170673e-05,2.48099671601562e-05,6.318915168875319e-05,3.387333732858106e-05,5.518466852744031e-05,1.735594657248546e-06,1.1314511310856602e-06,1.9813212631124616e-06,0.012743814972045063
37.7,0.007615568534110126,0.0016682863220644044,0.000886877825396889,0.0014405701148870733,0.0003406800238804609,0.0002041851918006293,0.00033504416715585193,1.84976669097836e-05,2.45445064219898e-05,6.297518061874961e-05,3.3629197240170824e-05,5.476606580008265e-05,1.717251548598399e-06,1.1192524254927988e-06,1.9745899641020926e-06,0.012690435890224403
37.75,0.00759131949006604,0.0016625873767554444,0.0008807337998873123,0.0014300575128951248,0.0003395224072143788,0.00020272316886190905,0.00033251897213643934,1.8303673315367597e-05,2.4282135708327787e-05,6.276162644422923e-05,3.338697868783755e-05,5.435090364408492e-05,1.699087718566767e-06,1.1071733290401992e-06,1.9678484285978582e-06,0.0126373221550927
37.800000000000004,0.007567144590991511,0.0016569024031783323,0.0008746363680778045,0.0014196281828021628,0.00033836718084062173,0.00020127258705663554,0.00033001442664818233,1.8111902186045634e-05,2.4022816240140827e-05,6.254849273740471e-05,3.314666528936166e-05,5.393915117770839e-05,1.681110074106783e-06,1.0952190343641212e-06,1.961102875422041e-06,0.012584472199209802
37.85,0.007543043666147877,0.0016512314433263266,0.0008685851525846933,0.0014092814228127898,0.00033721436190725353,0.00019983335119425367,0.00032753035150927506,1.7922325993123e-05,2.3766509759593026e-05,6.233578299694749e-05,3.290824099843782e-05,5.3530778298669996e-05,1.6633278886785257e-06,1.0833964491508475e-06,1.9543613473275645e-06,0.012531884473214395
37.9,0.007519016544666695,0.0016455745380484657,0.0008625797792102353,0.0013990165372959045,0.00033606396721767227,0.00019840536690076308,0.00032506656914620417,1.7734917573819033e-05,2.3513178522578966e-05,6.21235006574712e-05,3.267169011947901e-05,5.3125755725997186e-05,1.6457514918134664e-06,1.0717132423841623e-06,1.947632911338479e-06,0.012479557442730821
37.95,0.007495063055555265,0.0016399317270620137,0.000856619876915414,0.0013888328367296903,0.00033491601323419764,0.00019698854061183865,0.0003226229035793788,1.754965012607776e-05,2.326278529137325e-05,6.191164909893882e-05,3.243699729925655e-05,5.2724054982382036e-05,1.628390846153887e-06,1.0601768045897092e-06,1.940926635960599e-06,0.012427489584772534
38.0,0.007471183027702086,0.0016343030489648237,0.0008507050777929617,0.0013787296376470853,0.00033377051608163896,0.00019558277956600203,0.0003201991804088794,1.7366497203456052e-05,2.3015293327390598e-05,6.170023165502173e-05,3.2204147495817005e-05,5.2325648317931815e-05,1.6112541781191184e-06,1.048793244655366e-06,1.934250488799446e-06,0.012375679384074668
38.050000000000004,0.007447376289882248,0.0016286885412476115,0.000844835017040596,0.0013687062625817117,0.0003326274915508418,0.0001941879917978417,0.0003177952268003212,1.7185432710087843e-05,2.277066638405443e-05,6.148925161952243e-05,3.197312592757756e-05,5.193050858255843e-05,1.594346835175586e-06,1.037566555240424e-06,1.927610402428905e-06,0.012324125329917817
38.1,0.007423642670762824,0.001623088240306161,0.0008390093329344875,0.0013587620400143008,0.00033148695510221734,0.00019280408613128665,0.0003154108714708399,1.700643089572398e-05,2.252886869977335e-05,6.127871225015667e-05,3.174391800766828e-05,5.1538609059843426e-05,1.5776705067936253e-06,1.0264980511276371e-06,1.9210097115414324e-06,0.012272825913904743
38.15,0.007399981998908166,0.001617502181453435,0.0008332276668029365,0.0013488963043195626,0.00033034892186924885,0.00019143097217292729,0.0003130459446751889,1.6829466350845833e-05,2.2289864991022805e-05,6.106861676925263e-05,3.151650927022482e-05,5.114992327944908e-05,1.5612228785265423e-06,1.0155861286022643e-06,1.9144489968414706e-06,0.012221779628866234
38.2,0.0073763941027851915,0.0016119303989316116,0.0008274896630002732,0.0013391083957135363,0.00032921340666197966,0.00019006856030538867,0.00031070027819195544,1.6654514001852176e-05,2.2053620445531385e-05,6.0858968361244916e-05,3.129088529626755e-05,5.076442482757589e-05,1.5449977192685045e-06,1.0048263382814277e-06,1.9079262174684784e-06,0.012170984968797429
38.25,0.007352878810768624,0.0016063729259240393,0.0008217949688809753,0.0013293976602014,0.0003280804239704805,0.00018871676168075359,0.0003083737053098915,1.648154910631806e-05,2.1820100715569752e-05,6.0649770167179924e-05,3.1067031646924474e-05,5.038208717532381e-05,1.5289853567322995e-06,9.9421173277912e-07,1.9014369922158857e-06,0.012120440429629207
38.300000000000004,0.007329435951146158,0.0016008297945671003,0.0008161432347739911,0.0013197634495257253,0.00032694998796829413,0.00018737548821403348,0.000306066060814356,1.6310547248324294e-05,2.1589271911340428e-05,6.044102527677426e-05,3.084493381105567e-05,5.00028835430716e-05,1.5131734787212218e-06,9.83733444120891e-07,1.8949749926545445e-06,0.012070144510715721
38.35,0.007306065352123627,0.0015953010359620046,0.0008105341139572881,0.0013102051211152052,0.0003258221125158618,0.00018604465257669189,0.0003037771809738747,1.6141484333857146e-05,2.1361100594467676e-05,6.02327367188443e-05,3.06245771728882e-05,4.962678681533374e-05,1.4975481884844782e-06,9.73381444583933e-07,1.8885325160872946e-06,0.012020095717009096
38.400000000000006,0.007282766841830076,0.001589786680186488,0.000804967262632599,0.0013007220380338107,0.0003246968111639254,0.00018472416819021413,0.000301506903526808,1.597433658627635e-05,2.1135553771584964e-05,6.002490745111943e-05,3.0405947003222833e-05,4.925376951536888e-05,1.482095221258511e-06,9.631454299252434e-07,1.8821012950981475e-06,0.011970292561837776
38.45,0.007259540248322843,0.00158428675630644,0.0007994423399003915,0.0012913135689304161,0.00032357409715691124,0.00018341394921972916,0.00029925506766813575,1.580908054185121e-05,2.0912598888019477e-05,5.981754035054658e-05,3.0189028475346814e-05,4.88838038426536e-05,1.4668011975016456e-06,9.530157358241434e-07,1.8756734714013686e-06,0.011920733570008009
38.5,0.00723638539959255,0.0015788012923874369,0.0007939590077350332,0.0012819790879888449,0.0003224539834362893,0.00018211391056767735,0.00029702151403634855,1.5645693045362886e-05,2.0692203821571137e-05,5.961063820517185e-05,2.9973806704228414e-05,4.851686176982892e-05,1.4516547680461244e-06,9.429841771364393e-07,1.8692425283211995e-06,0.011871417280763848
38.550000000000004,0.0072133021235680755,0.0015733303155061992,0.0007885169309601724,0.0012727179748783714,0.0003213364826439127,0.0001808239678675289,0.00029480608470045265,1.5484151245772484e-05,2.047433687638539e-05,5.940420370855255e-05,2.9760266805149886e-05,4.815291518955875e-05,1.4366475179010286e-06,9.330447068225202e-07,1.862803962551785e-06,0.011822342250137409
38.6,0.007190290248121497,0.001567873851761968,0.0007831157772243225,0.0012635296147046557,0.000320221607125335,0.00017954403747755043,0.00029260862314708474,1.53244325919536e-05,2.025896677691795e-05,5.919823945741614e-05,2.9548393965899914e-05,4.77919360965337e-05,1.4217745394459022e-06,9.231938284028508e-07,1.85635560301056e-06,0.011773507052421995
38.650000000000006,0.007167349601072942,0.0015624319262877878,0.0007777552169766438,0.0012544133979610988,0.0003191093689331038,0.0001782740364746179,0.000290428974267733,1.516651482848807e-05,2.0046062661989632e-05,5.899274795296729e-05,2.9338173525206112e-05,4.7433896786147564e-05,1.4070346417795374e-06,9.134307421044976e-07,1.8498976492127602e-06,0.011724910280761825
38.7,0.007144480010195463,0.0015570045632617195,0.0007724349234429379,0.0012453687204806467,0.0003179997798300345,0.00017701388264807982,0.000288266984346071,1.5010375991524485e-05,1.983559407893061e-05,5.878773160588222e-05,2.9129591049389405e-05,4.7078770049546594e-05,1.3924302048885578e-06,9.03757236737615e-07,1.843432568481321e-06,0.011676550546990332
38.75,0.007121681303219804,0.0015515917859179587,0.0007671545726018321,0.0012363949833879985,0.0003168928512924594,0.0001757634944936655,0.0002861225010453946,1.4855994404697778e-05,1.962753097781173e-05,5.858319274465255e-05,2.8922632399332867e-05,4.6726529344981395e-05,1.3779667051316732e-06,8.94177348756298e-07,1.8369649162630515e-06,0.011628426480800738
38.800000000000004,0.007098953307839167,0.001546193616557878,0.0007619138431611699,0.0012274915930522519,0.0003157885945134559,0.0001745227912074419,0.00028399537339616966,1.4703348675109494e-05,1.9421843705762267e-05,5.837913362659367e-05,2.871728378077309e-05,4.637714892766488e-05,1.3636519466924009e-06,8.846968100589481e-07,1.8305010134000925e-06,0.011580536728213589
38.85,0.007076295851713939,0.0015408100765609866,0.0007567124165346,0.0012186579610399646,0.00031468702040605165,0.0001732916926798177,0.0002818854517836852,1.4552417689367574e-05,1.921850300137243e-05,5.8175556450544453e-05,2.8513531772545523e-05,4.603060392441546e-05,1.3494950543777515e-06,8.753223184545621e-07,1.8240483674879569e-06,0.011532879949297607
38.900000000000006,0.007053708762476334,0.0015354411863957986,0.0007515499768183529,0.0012098935040686196,0.00031358813960640625,0.00017207011948959186,0.0002797925879358098,1.440318060968453e-05,1.9017479989179097e-05,5.7972463370090446e-05,2.8311363329588028e-05,4.5686870344835504e-05,1.3355053221755575e-06,8.660606969242718e-07,1.8176148253322375e-06,0.011485454815278724
38.95,0.007031191867735054,0.0015300869656306307,0.0007464262107682246,0.001201197643960521,0.00031249196247697196,0.00017085799289805136,0.0002777166349108569,1.4255616870033688e-05,1.881874617423416e-05,5.776985650606151e-05,2.8110765760012316e-05,4.534592502708851e-05,1.3216910514959457e-06,8.569180432310883e-07,1.8112076144787517e-06,0.011438260005426944
39.0,0.00700874499507985,0.0015247474329443053,0.0007413408077767419,0.001192569807597078,0.0003113984991096295,0.0001696552348431122,0.0002756574470855502,1.4109706172361997e-05,1.8622273436753568e-05,5.75677379570952e-05,2.7911726678136773e-05,4.5007745522853105e-05,1.3080585259909686e-06,8.478989836788691e-07,1.8048325261277437e-06,0.011391294204239262
39.050000000000004,0.00698636797208608,0.0015194226061367782,0.000736293459850527,0.0011840094268735087,0.00031030775932880237,0.0001684617679335079,0.0002736148801430949,1.3965428482859126e-05,1.8428034026846462e-05,5.736610980722147e-05,2.7714233937783986e-05,4.4672309932106775e-05,1.2946112421341946e-06,8.390061213125064e-07,1.798493422918111e-06,0.011344556099325482
39.1,0.006964060626319225,0.0015141125021396833,0.0007312838615878521,0.0011755159386539426,0.0003092197526945486,0.0001672775154430235,0.0002715887910613519,1.382276402828184e-05,1.8236000559323112e-05,5.716497412969397e-05,2.7518275552135925e-05,4.433959670341444e-05,1.2813494584140278e-06,8.302397213030595e-07,1.7921920759171778e-06,0.011298044380128111
39.150000000000006,0.006941822785339331,0.0015088171370267879,0.0007263117101563764,0.0011670887847269114,0.0003081344885056278,0.000166102401304773,0.00026957903810111074,1.3681693292332668e-05,1.8046146008580243e-05,5.696433298664584e-05,2.732383960781456e-05,4.400958441887917e-05,1.2682700714262562e-06,8.215976317028836e-07,1.7859281919056174e-06,0.01125175773737021
39.2,0.006919654276705459,0.0015035365260243764,0.0007213767052710814,0.0011587274117612525,0.00030705197580254773,0.0001649363501055246,0.00026758548079446775,1.3542197012092617e-05,1.7858443703563336e-05,5.676418842455103e-05,2.7130914181479644e-05,4.368225158451699e-05,1.2553667978101438e-06,8.13075417441498e-07,1.7796994946364283e-06,0.011205694863080798
39.25,0.006897554927980045,0.00149827068352154,0.0007164785491723803,0.0011504312712623849,0.00030597222337058543,0.00016377928708006777,0.00026560797993330036,1.3404256174506552e-05,1.7672867322804095e-05,5.6564542465883244e-05,2.6939487267044412e-05,4.335757644638714e-05,1.2426306350277319e-06,8.046666876763719e-07,1.7735018506652054e-06,0.011159854451170298
39.300000000000004,0.0068755245667332585,0.0014930196230803932,0.0007116169466044211,0.0011421998195289878,0.0003048952397427874,0.000162631138105627,0.0002636463975578438,1.3267852012921006e-05,1.7489390889532586e-05,5.636539709774814e-05,2.6749546720629588e-05,4.303553685040207e-05,1.2300505705453134e-06,7.9636360033605e-07,1.7673295527863662e-06,0.011114235198648221
39.35,0.006853563020547309,0.0014877833574462062,0.0007067916047935716,0.0011340325176100628,0.00030382103320294627,0.00016149182969631942,0.00026170059694536615,1.3132966003673441e-05,1.7307988766862788e-05,5.6166754258578105e-05,2.6561080228698178e-05,4.2716110159587414e-05,1.2176144894979657e-06,7.881575140502785e-07,1.7611758710629568e-06,0.011068835807533794
39.400000000000006,0.006831670117020692,0.0014825618985574499,0.0007020022334270794,0.0011259288312623662,0.00030274961178855357,0.00016036128899765532,0.0002597704425989388,1.2999579862732013e-05,1.7128635653050167e-05,5.596861582419317e-05,2.637407530260615e-05,4.2399273237074315e-05,1.2053101956465188e-06,7.800397273691279e-07,1.7550338445709697e-06,0.011023654987299979
39.45,0.006809845683772441,0.001477355257555769,0.0006972485446319234,0.0011178882309082403,0.0003016809832937316,0.00015923944378108475,0.00025785580023630824,1.2867675542385546e-05,1.69513065768208e-05,5.577098359462438e-05,2.618851930028124e-05,4.2085002496816665e-05,1.1931264291278083e-06,7.720022170637487e-07,1.7488971275994964e-06,0.010978691457464216
39.5,0.006788089548446284,0.0014721634447958638,0.0006925302529538333,0.0011099101915937992,0.00030061515527214026,0.00015812622243858561,0.00025595653677885997,1.2737235227982377e-05,1.677597689277021e-05,5.55738592830527e-05,2.6004399473143113e-05,4.177327401753576e-05,1.1810537607967888e-06,7.640382828292939e-07,1.7427606562253784e-06,0.0109339439498737
39.550000000000004,0.006766401538714806,0.0014669864698552968,0.0006878470753364946,0.0011019941929475022,0.00029955213503986234,0.00015702155397729665,0.00025407252034068107,1.2608241334717728e-05,1.6602622276831383e-05,5.537724450804499e-05,2.582170303395611e-05,4.146406370933511e-05,1.1690852732297911e-06,7.561430312341254e-07,1.736621007663104e-06,0.01088941121038695
39.6,0.006744781482283564,0.0014618243415442194,0.0006831987311009285,0.0010941397191390945,0.0002984919296782664,0.00015592536801419397,0.00025220362021771773,1.2480676504468661e-05,1.643121872181051e-05,5.5181140789977135e-05,2.5640417239285164e-05,4.1157347517366825e-05,1.1572169850706398e-06,7.483136717700553e-07,1.730476502230015e-06,0.010845091999909963
39.650000000000006,0.006723229206895129,0.0014566770679150102,0.0006785849419250411,0.0010863462588389038,0.0002974345460368448,0.0001548375947708089,0.00025034970687702433,1.2354523602675604e-05,1.6261742532989186e-05,5.4985549552153814e-05,2.546052947879984e-05,4.0853101643352314e-05,1.1454480119834508e-06,7.405496274283241e-07,1.724327204896411e-06,0.01080098509491304
39.7,0.006701744540333149,0.0014515446562718432,0.0006740054318233561,0.0010786133051775173,0.00029637999073603167,0.00015375816506799116,0.00024851065194611007,1.2229765715270149e-05,1.6094170323792395e-05,5.4790472126698545e-05,2.528202736297464e-05,4.0551302763996516e-05,1.1337804703773842e-06,7.32852468436235e-07,1.7181749384685374e-06,0.010757089287526013
39.75,0.006680327310426311,0.0014464271131801652,0.0006694599271269096,0.0010709403557058012,0.0002953282701699954,0.00015268701032071234,0.00024668632820237487,1.2106386145647773e-05,1.592847901152048e-05,5.459590976483468e-05,2.5104898800827763e-05,4.025192822554059e-05,1.1222191274131796e-06,7.252256693345941e-07,1.7120232717416852e-06,0.010713403385149126
39.800000000000004,0.006658977345052311,0.0014413244444761008,0.000664948156463322,0.0010633269123552901,0.0002942793905094104,0.0001516240625329132,0.00024487660956263994,1.1984368411685157e-05,1.576464581314454e-05,5.440186365075554e-05,2.492913206022163e-05,3.9954956195853674e-05,1.1107708046369546e-06,7.176741877235969e-07,1.7058773307825515e-06,0.01066992620940679
39.85,0.006637694472141775,0.0014362366552757762,0.0006604698507370401,0.0010557724813989291,0.0002932333577042056,0.0001505692542923932,0.00024308137107277027,1.18636962428012e-05,1.560264824116398e-05,5.420833491792489e-05,2.475471580482877e-05,3.9660365759351134e-05,1.0994435697502471e-06,7.102038834490656e-07,1.6997433098890925e-06,0.010626656594352045
39.900000000000006,0.006616478519682117,0.0014311637499845582,0.0006560247431097405,0.0010482765734121568,0.0002921901774862891,0.00014952251876574038,0.00024130048889738537,1.1744353577060786e-05,1.5442464099524824e-05,5.4015324666394975e-05,2.4581639104002085e-05,3.936813694528181e-05,1.0882457960887677e-06,7.028208354208763e-07,1.6936277203790707e-06,0.01058359338408214
39.95,0.006595329315721405,0.0014261057323062235,0.0006516125689809098,0.0010408387032343532,0.00029114985537225234,0.00014848378969330514,0.00023953384030966424,1.1626324558321047e-05,1.528407147959841e-05,5.382283397960353e-05,2.4409891414279332e-05,3.907825068605832e-05,1.077185206483258e-06,6.955306463048053e-07,1.687536584254721e-06,0.01054073543017302
40.0,0.006574246688372143,0.001421062605252038,0.0006472330659685806,0.0010334583899306161,0.00029011239666604916,0.00014745300138421303,0.00023778130368123655,1.1509593533418929e-05,1.5127448756218772e-05,5.363086393912341e-05,2.423946253386405e-05,3.879068870874004e-05,1.0662680224109993e-06,6.883378294600689e-07,1.6814748180729501e-06,0.010498081589396184
40.050000000000004,0.006553230465815046,0.0014160343711497657,0.0006428859738902385,0.0010261351567538905,0.0002890778064616539,0.00014643008871142015,0.00023604275847216528,1.139414504939982e-05,1.4972574583778335e-05,5.3439415635995186e-05,2.407034253392135e-05,3.8505433368934825e-05,1.0554983070968508e-06,6.812453441057338e-07,1.6754459272450724e-06,0.010455630722004654
40.1,0.006532280476302781,0.001411021031652599,0.0006385710347438912,0.0010188685311074384,0.0002880460896456972,0.00014541498710680926,0.00023431808522101797,1.1279963850786436e-05,1.4819427892380784e-05,5.3248490177556066e-05,2.390252167267346e-05,3.822246744169316e-05,1.0448775420245555e-06,6.742543023574298e-07,1.669451941612945e-06,0.010413381690601319
40.150000000000006,0.006511396548163635,0.0014060225877480029,0.0006342879926892945,0.0010116580445076334,0.00028701725090007706,0.0001444076325563249,0.0002326071655350234,1.1167034876887204e-05,1.4667987884050061e-05,5.305808868906707e-05,2.373599029988318e-05,3.794177388795052e-05,1.034404437894298e-06,6.673638409243884e-07,1.6634934174262932e-06,0.010371333359434073
40.2,0.006490578509805203,0.0014010390397664928,0.0006300365940293462,0.0010045032325471054,0.0002859912947045505,0.00014340796159515096,0.00023090988208031906,1.1055343259143967e-05,1.4518234028995131e-05,5.2868212309901135e-05,2.3570738760229263e-05,3.766333561737107e-05,1.0240749690652722e-06,6.605711444581241e-07,1.657569385286647e-06,0.010329484594002616
40.25,0.006469826189717979,0.0013960703873903252,0.0006258165871916315,0.0009974036348582003,0.00028496822533929987,0.00014241591130292576,0.00022922611857228184,1.0944874318517937e-05,1.4370146061929153e-05,5.2678862184542774e-05,2.340675730422219e-05,3.738713526884925e-05,1.0138826270256104e-06,6.538716189151013e-07,1.6516772824179286e-06,0.010287834261039065
40.300000000000004,0.006449139416478958,0.0013911166296621163,0.0006216277227101317,0.0009903587950767785,0.0002839480468874787,0.00014143141929899848,0.0002275557597659468,1.0835613562913767e-05,1.4223703978442737e-05,5.249003944912722e-05,2.3244036014676087e-05,3.7113155028412364e-05,1.003818890140846e-06,6.472592197891162e-07,1.645813030923733e-06,0.010246381229054833
40.35,0.006428518018755187,0.0013861777649933854,0.000617469753207089,0.0009833682608063376,0.00028293076323773514,0.00014045442373772463,0.0002258986914465115,1.0727546684641006e-05,1.4078888031430337e-05,5.230174521466487e-05,2.3082564755397508e-05,3.684137650097218e-05,9.938738870594305e-07,6.407269253720333e-07,1.639971403404336e-06,0.010205124369586914
40.400000000000006,0.006407961825307262,0.001381253791173015,0.0006133424333750218,0.000976431583582448,0.00028191637808671157,0.00013948486330379932,0.0002242548004199223,1.0620659557912262e-05,1.3935678727568761e-05,5.21139805484202e-05,2.2922333146800533e-05,3.657178064760733e-05,9.8403719397828e-07,6.342673130159474e-07,1.6341466630186389e-06,0.010164062559046502
40.45,0.006387470664992829,0.001376344705375644,0.0006092455199589018,0.0009695483188375241,0.00028090489494152465,0.00013852267720763144,0.0002226239745035484,1.051493823637788e-05,1.3794056823847589e-05,5.1926746455112616e-05,2.276333057078594e-05,3.630434779425596e-05,9.742986725580026e-07,6.278731664909581e-07,1.6283332946100278e-06,0.010123194680831643
40.5,0.0063670443667700055,0.0013714505041699764,0.0006051787717384762,0.0009627180258658949,0.0002798963171222207,0.00013756780518075422,0.00022100610251693555,1.0410368950696175e-05,1.3654003324150047e-05,5.174004385965746e-05,2.2605546204638608e-05,3.603905771138016e-05,9.646492473356324e-07,6.215380351121598e-07,1.622526588821272e-06,0.010082519627286055
40.550000000000004,0.006346682759700796,0.00136657118352702,0.0006011419495107467,0.0009559402677892017,0.00027889064776421093,0.00013662018747127546,0.00021940107427264463,1.0306938106138995e-05,1.351549947588411e-05,5.155387359306651e-05,2.2448969081135605e-05,3.577588975790244e-05,9.550815452629909e-07,6.152566861030242e-07,1.616722944579041e-06,0.01004203630122597
40.6,0.006326385672954478,0.0013617067388282515,0.0005971348160725991,0.0009492146115221047,0.00027788788982068485,0.00013567976483936593,0.0002178087805671723,1.020463228023193e-05,1.3378526766662745e-05,5.136823638288141e-05,2.229358816973849e-05,3.551482307705439e-05,9.455903603995563e-07,6.090254270355096e-07,1.6109199381568002e-06,0.010001743617006816
40.650000000000006,0.006306152935810916,0.0013568571648736995,0.0005931571362035762,0.0009425406277382906,0.00027688804606500016,0.00013474647855278417,0.0002162291131719506,1.0103438220428455e-05,1.3243066921032357e-05,5.118313284914228e-05,2.2139392471873396e-05,3.52558368272151e-05,9.361729382749064e-07,6.02842301818772e-07,1.605116330500945e-06,0.009961640501276504
40.7,0.006285984377663892,0.0013520224558899627,0.0005892086766488079,0.000935917890836799,0.00027589111909305373,0.00013382027038244087,0.00021466196482443044,1.0003342841817802e-05,1.3109101897249045e-05,5.099856350642972e-05,2.198637112204348e-05,3.499891042773993e-05,9.268290815207659e-07,5.967071672252733e-07,1.5993121564429814e-06,0.009921725893539853
40.75,0.006265879828024353,0.0013472026055381464,0.0005852892061020787,0.0009293459789086396,0.00027489711132562853,0.0001329010825979989,0.00021310722921924198,9.904333224865534e-06,1.2976613884101283e-05,5.081452877199687e-05,2.1834513485975766e-05,3.4744023798440254e-05,9.17561067093008e-07,5.90621642861869e-07,1.5935088870621735e-06,0.009881998746478484
40.800000000000004,0.00624583911652366,0.0013423976069217288,0.0005813984951890471,0.0009228244737037181,0.0002739060250107207,0.00013198885796351155,0.00021156480099943618,9.806396613186663e-06,1.2845585297778658e-05,5.063102897948009e-05,2.168380924722684e-05,3.449115757188272e-05,9.083733569373805e-07,5.845889155291428e-07,1.5877095055787242e-06,0.00984245802579942
40.85,0.0062258620729167945,0.0013376074525943576,0.0005775363164506092,0.0009163529605980615,0.0002729178622258455,0.00013108353973309794,0.00021003457574780544,9.709520411350559e-06,1.2715998778785673e-05,5.044806439718236e-05,2.153424847463294e-05,3.4240293259971155e-05,8.992720979142701e-07,5.786133875150494e-07,1.581918313003753e-06,0.009803102709386927
40.900000000000006,0.006205948527085511,0.0013328321345675654,0.0005737024443263998,0.0009099310285613294,0.0002719326248803207,0.00013018507164665397,0.00020851644997827982,9.613692182716984e-06,1.2587837188899592e-05,5.026563524950956e-05,2.1385821664606874e-05,3.399141336015608e-05,8.902644457171329e-07,5.727001904179504e-07,1.5761404105247696e-06,0.009763931785738608
40.95,0.006186098309041494,0.0013280716443184225,0.0005698966551384443,0.0009035582701246314,0.00027095031471753084,0.00012929339792560165,0.00020701032112740422,9.518899647303088e-06,1.246108360817207e-05,5.008374173984272e-05,2.123851975441501e-05,3.374450139174875e-05,8.813577925323619e-07,5.668546248540895e-07,1.5703809988839483e-06,0.00972494425195128
41.0,0.006166311248929442,0.0013233259727971091,0.000566118727074943,0.0008972342813486225,0.0002699709333171689,0.00012840846326867296,0.000205516087545889,9.425130679680392e-06,1.2335721331973222e-05,4.990238407297285e-05,2.10923341050266e-05,3.349954185875361e-05,8.725590019390786e-07,5.610816072060447e-07,1.5646447459825879e-06,0.009686139111685383
41.050000000000004,0.006146587177030144,0.0013185951104344213,0.0005623684401742006,0.0008909586617918946,0.00026899448209745803,0.0001275302128477311,0.00020403364849023935,9.33237330690165e-06,1.2211733868077868e-05,4.972156247522867e-05,2.0947256454708304e-05,3.3256520141874784e-05,8.638737426288299e-07,5.553851942895166e-07,1.5589354184396768e-06,0.009647515373468238
41.1,0.006126925923763528,0.0013138790471492066,0.0005586455763086949,0.0008847310144796541,0.0002680209623173531,0.00012665859230362775,0.00020256290411446007,9.240615706456971e-06,1.2089104933793145e-05,4.954127721058817e-05,2.0803278847016512e-05,3.301542232835958e-05,8.553059741152265e-07,5.497682235210191e-07,1.5532557932230588e-06,0.009609072049453595
41.150000000000006,0.006107327319691643,0.0013091777723557223,0.0005549499191692763,0.0008785509458726728,0.00026705037507872005,0.00012579354774209468,0.00020110375546183366,9.149846204258625e-06,1.1967818453126635e-05,4.9361528591372994e-05,2.066039353901268e-05,3.277623499361042e-05,8.46857597321749e-07,5.442320719326995e-07,1.547607695801995e-06,0.0095708081545184
41.2,0.006087791195521655,0.0013044912749709328,0.0005512812542495134,0.0008724180658365333,0.0002660827213284969,0.0001249350257296727,0.00019965610445677598,9.060053272654435e-06,1.1847858553994866e-05,4.918231698255632e-05,2.0518592897210568e-05,3.253894495258081e-05,8.385282630384704e-07,5.387765222953938e-07,1.5419919749463733e-06,0.009532722705512857
41.25,0.0060683173821087675,0.0012998195434217278,0.0005476393688301646,0.0008663319876111386,0.0002651180018608322,0.00012408297328967403,0.00019821985389676297,8.971225528468984e-06,1.1729209565471094e-05,4.90036427992313e-05,2.0377869289816794e-05,3.230353900152797e-05,8.303153365376602e-07,5.333997327724175e-07,1.5364083422339924e-06,0.009494814720615129
41.300000000000004,0.00604890571045914,0.0012951625656520767,0.0005440240519637898,0.0008602923277805068,0.0002641562173192049,0.00012323733789818087,0.00019679490744433292,8.883351731072558e-06,1.1611856015072293e-05,4.8825506497351955e-05,2.0238214984164973e-05,3.2070003671523504e-05,8.22214031494558e-07,5.280983232373656e-07,1.5308551804780805e-06,0.009457083218951627
41.35,0.006029556011732769,0.001290520329130115,0.0005404350944594944,0.0008542987062428378,0.00026319736819852354,0.00012239806748007848,0.0001953811696191616,8.796420780477343e-06,1.1495782626084618e-05,4.8647908558418973e-05,2.009962205783889e-05,3.1838325014160085e-05,8.142177277095624e-07,5.228675955019638e-07,1.5253295212222238e-06,0.009419527220744392
41.400000000000006,0.006010268117246319,0.001285892820855154,0.0005368722888678011,0.0008483507461808438,0.00026224145484720463,0.00012156511040512168,0.00019397854579020777,8.710421715460395e-06,1.1380974314926742e-05,4.8470849469296745e-05,1.996208233087002e-05,3.1608488437234926e-05,8.063184639097556e-07,5.177018861529711e-07,1.5198273309459703e-06,0.00938214574814145
41.45,0.005991041858475952,0.0012812800273646345,0.0005333354294656593,0.0008424480740323589,0.0002612884774692325,0.0001207384154840372,0.00019258694216793356,8.625343711713343e-06,1.1267416188550952e-05,4.829432969877112e-05,1.982558732467475e-05,3.138047860407361e-05,7.985075585139391e-07,5.125950176781183e-07,1.5143440698733784e-06,0.009344937826633657
41.5,0.005971877067060097,0.001276681934740999,0.0005298243122415773,0.0008365903194612042,0.0002603384361261974,0.00011991793196465802,0.000191206265796593,8.541176080018094e-06,1.1155093541881061e-05,4.8118349672751626e-05,1.9690128251209348e-05,3.1154279404929843e-05,7.907762796224821e-07,5.075407857466138e-07,1.5088753225511147e-06,0.009307902486730038
41.550000000000004,0.0059527735748022064,0.0012720985286185072,0.0005263387348808878,0.0008307771153283237,0.0002593913307393157,0.00011910360952809258,0.0001898364245465933,8.457908264448519e-06,1.1043991855287017e-05,4.794290975016588e-05,1.9555696033353605e-05,3.0929874003001674e-05,7.831164797781676e-07,5.025334155103152e-07,1.503417263265341e-06,0.009271038765508735
41.6,0.005933731213673488,0.0012675297941899817,0.000522878496751141,0.0008250080976631816,0.00025844716109142934,0.00011829539828492723,0.00018847732710692593,8.375529840597608e-06,1.093409679209558e-05,4.776801020156975e-05,1.942228135498734e-05,3.0707244951523084e-05,7.755211345859344e-07,4.975679407271845e-07,1.4979668369874063e-06,0.009234345707814149
41.650000000000006,0.0059147498158155735,0.0012629757162134817,0.0005194433988876198,0.0008192829056354109,0.0002575059268289853,0.00011749324877146051,0.0001871288829776655,8.294030513829646e-06,1.0825394196136354e-05,4.759365119230737e-05,1.9289874736808972e-05,3.0486374372619987e-05,7.679847614088285e-07,4.926404920176104e-07,1.492521724449498e-06,0.009197822367119773
41.7,0.005895829213543204,0.0012584362790189203,0.0005160332439789873,0.0008136011815267308,0.00025656762746399713,0.00011669711194597186,0.00018579100246254027,8.213400117557294e-06,1.0717870089323086e-05,4.74198327717147e-05,1.9158466631856885e-05,3.0267244183624635e-05,7.60503721204645e-07,4.877485033511935e-07,1.48708028470243e-06,0.009161467806243686
41.75,0.005876969239346837,0.0012539114665146057,0.0005126478363530519,0.0008079625707031064,0.00025563226237598514,0.0001159069391850211,0.0001844635966615678,8.133628611542858e-06,1.0611510669269123e-05,4.724655486939149e-05,1.90280475330962e-05,3.0049836352714274e-05,7.530764088310736e-07,4.828908463547487e-07,1.4816416421179682e-06,0.009125281098073493
41.800000000000004,0.005858169725895259,0.001249401262193724,0.0005092869819626602,0.0008023667215871687,0.00025469983081389874,0.00011512268227978123,0.00018314657746376046,8.054706080223652e-06,1.0506302306936958e-05,4.7073817299011476e-05,1.8898608084453705e-05,2.9834133163382203e-05,7.457033197560277e-07,4.780678843994497e-07,1.4762059296099253e-06,0.00908926132626403
41.85,0.0058394305060381615,0.0012449056491407576,0.000505950488371713,0.0007968132856308849,0.0002537703318980196,0.00011434429343240305,0.0001818398575398977,7.976622731060917e-06,1.040223154432104e-05,4.6901619769538496e-05,1.8770139186392112e-05,2.962011746653463e-05,7.383869635244534e-07,4.732814201412969e-07,1.4707745308405998e-06,0.00905340758566419
41.900000000000006,0.005820751412808664,0.0012404246100378318,0.0005026381647412971,0.0007913019172884682,0.0002528437646218444,0.0001135717252524105,0.00018054335033536287,7.899368892911811e-06,1.0299285092163157e-05,4.672996190311807e-05,1.8642632087532453e-05,2.9407772899983538e-05,7.311315970271212e-07,4.685345102454728e-07,1.4653501058890557e-06,0.00901771898217475
41.95,0.005802132279425847,0.0012359581271710082,0.0004993498218159452,0.0007858322739895451,0.0002519201278539509,0.00011280493075312884,0.00017925697006304867,7.822935014424326e-06,1.0197449827700204e-05,4.655884325836786e-05,1.8516078454923436e-05,2.9197084057685334e-05,7.239427806002291e-07,4.6383114582680073e-07,1.459936284660088e-06,0.008982194631896659
42.0,0.005783572939297216,0.001231506182436503,0.0004960852719100076,0.0007804040161125548,0.00025099942033984264,0.0001120438633481426,0.00017798063169632478,7.747311662454447e-06,1.0096712792443277e-05,4.6388263357337555e-05,1.8390470417227912e-05,2.8988036595039113e-05,7.168268040797048e-07,4.591758345762256e-07,1.4545371050646574e-06,0.008946833659708813
42.050000000000004,0.0057650732260211635,0.001227068757346851,0.0004928443288941475,0.000775016806958397,0.0002500816407037773,0.00011128847684778537,0.0001767142509620721,7.672489520505413e-06,9.99706118998796e-06,4.62182217140905e-05,1.826580057721955e-05,2.8780617261591398e-05,7.097900630909551e-07,4.5457314855094523e-07,1.44915642463721e-06,0.008911635197633869
42.1,0.005746632973389399,0.0012226458330370051,0.0004896268081819528,0.0007696703127243193,0.0002491667874505754,0.00011053872545566049,0.0001754577443337808,7.598459387188627e-06,9.898482383855085e-06,4.604871786269721e-05,1.8142061992386027e-05,2.8574813858188525e-05,7.028384693389773e-07,4.500273038450569e-07,1.4437975383985676e-06,0.008876598383368593
42.150000000000006,0.005728252015389332,0.0012182373902703677,0.00048643252671666114,0.0007643642024780337,0.0002482548589674104,0.00010979456376519096,0.00017421102902470987,7.525212174705764e-06,9.800963895361378e-06,4.5879751382441996e-05,1.8019248124931894e-05,2.8370615121527937e-05,6.959769527047387e-07,4.455418148131449e-07,1.4384630903208375e-06,0.008841722359168516
42.2,0.005709930186206454,0.00121384340944477,0.0004832613029580051,0.0007590981481320798,0.0002473458535255817,0.00010905594675620141,0.00017297402298111246,7.452738907352013e-06,9.704493401519834e-06,4.571132191822828e-05,1.7897352764868642e-05,2.8168010544723384e-05,6.89209075382769e-07,4.4111923232474654e-07,1.4331551731109876e-06,0.008807006271021715
42.25,0.0056916673202266664,0.0012094638705983799,0.000480112956869167,0.0007538718244184086,0.0002464397692822682,0.00010832282979152847,0.0001717466448755203,7.381030720039837e-06,9.609058732969005e-06,4.554342919451018e-05,1.7776369931982427e-05,2.7966990147473926e-05,6.825367524107217e-07,4.367609541108633e-07,1.4278754046471434e-06,0.00877244926790008
42.300000000000004,0.005673463252038595,0.0012050987534155558,0.0004769873099038506,0.0007486849088632056,0.0002455366042822646,0.00010759516861366208,0.00017052881410009206,7.310078856843234e-06,9.514647871931165e-06,4.537607302155686e-05,1.7656293764121083e-05,2.7767544213335973e-05,6.759600719061746e-07,4.324670969519809e-07,1.422624820316531e-06,0.008738050500934187
42.35,0.005655317816435885,0.00120074803723264,0.0004738841849934654,0.0007435370817619418,0.0002446363564597004,0.0001068729193414164,0.00016932045076002258,7.239874669562133e-06,9.421248950198804e-06,4.520925329343071e-05,1.7537118400311238e-05,2.7569663014138356e-05,6.694772258513607e-07,4.2823643872797995e-07,1.4174035899156318e-06,0.008703809122567205
42.400000000000006,0.005637230848419436,0.0011964117010436841,0.0004708034065344185,0.0007384280261546441,0.00024373902363973972,0.00010615603846662914,0.00016812147566701099,7.170409616306568e-06,9.328850247149059e-06,4.504296997769115e-05,1.74188378676255e-05,2.737333654256686e-05,6.630845780276223e-07,4.2406645501144835e-07,1.4122107349987967e-06,0.008669724285944942
42.45,0.005619202183199655,0.001192089723506127,0.00046774480037552305,0.0007333574278014014,0.00024284460354026535,0.0001054444828508916,0.00016693181033279164,7.101675260100673e-06,9.23744018778603e-06,4.487722309747354e-05,1.730144598044105e-05,2.7178554273309717e-05,6.567768914319122e-07,4.199534735200956e-07,1.407044068360464e-06,0.008635795144839076
42.5,0.005601231656198636,0.0011877820829464018,0.00046470819380551036,0.0007283249751580826,0.0002419530937735436,0.00010473820972230618,0.000165751376962722,7.0336632675059615e-06,9.147007340810377e-06,4.471201270718629e-05,1.718493625978923e-05,2.698530497095534e-05,6.505477098673115e-07,4.1589294665366247e-07,1.4019004678286974e-06,0.008602020854237795
42.550000000000004,0.005583319103052343,0.0011834887573654903,0.00046169341554065484,0.0007233303593522815,0.00024106449184787312,0.00010403717667227365,0.00016458009844943141,6.96636540726392e-06,9.05754041671614e-06,4.45473388635778e-05,1.7069301878971177e-05,2.6793576559255057e-05,6.443898505358104e-07,4.118798093459146e-07,1.396776405304955e-06,0.008568400571471322
42.6,0.005565464359612768,0.0011792097244444214,0.0004587002957125068,0.000718373274159482,0.00024017879516921632,0.00010334134165230882,0.00016341789836652826,6.899773548957599e-06,8.969028265914442e-06,4.438320159430346e-05,1.6954535639625692e-05,2.6603356061687912e-05,6.38295937614662e-07,4.07908866153187e-07,1.3916685054456439e-06,0.008534933457536933
42.650000000000006,0.005547667261950032,0.0011749449615497025,0.0004557286658557279,0.0007134534159794305,0.00023929600104281273,0.0001026506629708836,0.0001622647009623638,6.833879661691893e-06,8.881459876883597e-06,4.4219600866345664e-05,1.684062998013847e-05,2.6414629617863527e-05,6.322589065636465e-07,4.0397515147891437e-07,1.386573901623337e-06,0.008501618678273542
42.7,0.005529927646354496,0.0011706944457387047,0.0004527783588960388,0.0007085704838127361,0.000238416106674777,0.00010196509929029937,0.00016112043115385587,6.768675812792489e-06,8.79482437434565e-06,4.40565365566876e-05,1.6727577015852404e-05,2.6227382574590607e-05,6.262724342988561e-07,4.00074228882211e-07,1.3814902938286272e-06,0.008468455405212186
42.75,0.00551224534933882,0.001166458153764981,0.00044984920913826605,0.000703724179237671,0.00023753910917367828,0.00010128460962358583,0.00015998501452036735,6.704154166522986e-06,8.709111017468616e-06,4.389400842750685e-05,1.66153686081578e-05,2.6041599644853588e-05,6.203312845925165e-07,3.962024252745718e-07,1.376415803500411e-06,0.008435442816175247
42.800000000000004,0.005494620207640002,0.001162236062083533,0.0004469410522544969,0.0006989142063871902,0.00023666500555210402,0.000100609153331428,0.0001588583772976428,6.640306982820124e-06,8.624309198094355e-06,4.373201610785101e-05,1.6503996457388822e-05,2.5857265122899827e-05,6.144315803435309e-07,3.923570151815874e-07,1.3713488381824014e-06,0.008402580095849157
42.85,0.005477052058221408,0.0011580281468560236,0.0004440537252723376,0.0006941402719261595,0.00023579379272820717,9.993869011912072e-05,0.0001577404463718012,6.577126616046788e-06,8.540408438991614e-06,4.357055908330144e-05,1.639345221268289e-05,2.5674363139505854e-05,6.085710129923317e-07,3.8853636805725844e-07,1.366288148119537e-06,0.008369866436514757
42.900000000000006,0.005459540738274745,0.0011538343839559261,0.0004411870665632699,0.0006894020850287836,0.00023492546752723544,9.927318003354894e-05,0.0001566311492733825,6.51460551376238e-06,8.45739839213365e-06,4.340963669455858e-05,1.6283727590702964e-05,2.5492877938559497e-05,6.027489784534386e-07,3.8474005173362515e-07,1.3612331004851974e-06,0.008337301038917281
42.95,0.005442086085222039,0.0011496547489736272,0.00043834091583111576,0.0006846993573562502,0.00023406002668304606,9.861258346019613e-05,0.00015553041417145201,6.452736215510506e-06,8.375268837000315e-06,4.324924814523538e-05,1.617481449446732e-05,2.5312794154565715e-05,5.969666063008125e-07,3.8096886382320036e-07,1.3561840201754858e-06,0.008304883113034806
43.0,0.005424687936717565,0.0011454892172214671,0.00043551511410059576,0.0006800318030345666,0.00023319746683960228,9.795686112017772e-05,0.00015443816986775643,6.391511351623382e-06,8.294009678903823e-06,4.3089392518468785e-05,1.606670512351974e-05,2.5134097070650136e-05,5.91226644653667e-07,3.772247576161075e-07,1.3511423666782746e-06,0.008272611878413846
43.050000000000004,0.00540734613064976,0.0011413377637387299,0.00043270950370599226,0.0006753991386326058,0.00023233778455245465,9.730597406730161e-05,0.00015335434579093592,6.3309236420428936e-06,8.213610947337989e-06,4.2930068801306785e-05,1.595939206730505e-05,2.4956772838090276e-05,5.855331855270623e-07,3.7351064683041795e-07,1.3461105887719557e-06,0.008240486563854992
43.1,0.005390060505143125,0.0011372003632965804,0.0004299239282799111,0.0006708010831403508,0.00023148097629020645,9.665988368515448e-05,0.00015227887199078947,6.2709658951578796e-06,8.134062794350418e-06,4.2771275915245276e-05,1.58528683748368e-05,2.4780808641228603e-05,5.798912549232698e-07,3.698301070079463e-07,1.3410916793355031e-06,0.008208506406488207
43.150000000000006,0.0053728308985600695,0.001133076990402942,0.00042715823274213743,0.0006662373579473314,0.00023062703843596148,9.601855168421294e-05,0.00015121167913259166,6.21163100665728e-06,8.055355492937039e-06,4.2613012750818705e-05,1.5747127595465826e-05,2.4606192795605436e-05,5.743063278896676e-07,3.6618702215137264e-07,1.3360886258840393e-06,0.008176670650522657
43.2,0.005355657149502769,0.0011289676193073285,0.000424412263288595,0.0006617076868212665,0.0002297759672887579,9.538194009898129e-05,0.00015015269849146437,6.152911958399045e-06,7.977479435458861e-06,4.245527820382825e-05,1.5642163787651956e-05,2.4432914771999936e-05,5.687838417765527e-07,3.625852356175453e-07,1.3311040054516397e-06,0.008144978546039348
43.25,0.005338539096814965,0.0011248722240056169,0.00042168586738039585,0.0006572117958868913,0.0002289277590649843,9.475001128515319e-05,0.00014910186194679802,6.09480181729429e-06,7.900425132080214e-06,4.2298071210640385e-05,1.5537971494951163e-05,2.4260965144427393e-05,5.633287648791963e-07,3.5902824937816925e-07,1.3261398718048983e-06,0.00811342934807026
43.300000000000004,0.005321476579583758,0.0011207907782447705,0.0004189788937329895,0.000652749413604983,0.00022808240989978122,9.412272791679908e-05,0.00014805910197672586,6.037293734206638e-06,7.824183209228352e-06,4.2141390780024634e-05,1.543454569079255e-05,2.409033546562643e-05,5.579452441239306e-07,3.555189864148756e-07,1.3211978961106557e-06,0.00808202231596634
43.35,0.0053044694371413865,0.001116723255527513,0.00041629119230540717,0.0006483202707515781,0.00022723991584842716,9.350005298357835e-05,0.0001470243516526493,5.9803809428664275e-06,7.74874440807401e-06,4.1985236019215326e-05,1.5331881695860463e-05,2.3921018078778668e-05,5.526363260708966e-07,3.520596057529564e-07,1.3162795690331549e-06,0.008050756712856192
43.400000000000006,0.005287517509066948,0.0011126696291169438,0.00041362261428959585,0.000643924100397372,0.00022640027288770763,9.288194978797506e-05,0.00014599754463381204,5.924056758799505e-06,7.674099583032461e-06,4.1829606152266695e-05,1.5229975073859138e-05,2.3753005878763833e-05,5.474037369301179e-07,3.486513529230361e-07,1.311386248901738e-06,0.00801963180496583
43.45,0.005270620635188137,0.0011086298720411104,0.00041097301209985164,0.0006395606378873158,0.00022556347691727078,9.226838194255934e-05,0.00014497861516192667,5.8683145782705935e-06,7.60023970028512e-06,4.167450052929719e-05,1.5128821512981599e-05,2.3586292039840597e-05,5.42247720962299e-07,3.4529444233042116e-07,1.3065189605098737e-06,0.007988646860722651
43.5,0.005253778655582922,0.001104603957097523,0.00040834223936233937,0.0006352296208203895,0.0002247295237609659,9.165931336727156e-05,0.00014396749805584852,5.813147877240837e-06,7.527155836321106e-06,4.1519918625848235e-05,1.5028416701421277e-05,2.3420869729002697e-05,5.371669592662947e-07,3.4198798998331903e-07,1.3016780338287298e-06,0.007957801149800173
43.550000000000004,0.005236991410581228,0.0011005918568576232,0.0004057301509047081,0.000630930789029565,0.0002238984091681679,9.105470828673123e-05,0.00014296412870630013,5.758550210339564e-06,7.454839176498863e-06,4.136586003227484e-05,1.4928756205687314e-05,2.325673182523681e-05,5.321586033274629e-07,3.3873002743527944e-07,1.2968628010928529e-06,0.007927093942416216
43.6,0.005220258740766584,0.0010965935436712034,0.0004031366027457968,0.0006266638845619521,0.00022307012881508695,9.045453122756972e-05,0.00014196844307064435,5.704515209850042e-06,7.383281013627516e-06,4.121232443378788e-05,1.4829835360282995e-05,2.309387066444122e-05,5.272184470728014e-07,3.3551761971456443e-07,1.2920715605404645e-06,0.007896524509168156
43.650000000000006,0.005203580486977737,0.001092608989670771,0.00040056145208542694,0.0006224286516591187,0.00022224467830606184,8.985874701578554e-05,0.00014098037766770442,5.651036584709027e-06,7.312472746567714e-06,4.105931158243371e-05,1.4731649176501536e-05,2.2932277827903092e-05,5.223412302749454e-07,3.3234708417772376e-07,1.2873018720788973e-06,0.007866092121487249
43.7,0.005186956490310269,0.0010886381667758723,0.00039800455729428947,0.0006182248367375992,0.00022142205317484043,8.926732077412441e-05,0.0001399998695726339,5.598108119520157e-06,7.242405878852058e-06,4.0906821262878976e-05,1.4634192276745594e-05,2.2771943989123523e-05,5.175210313195815e-07,3.292142773465477e-07,1.2825510641039559e-06,0.007835796052539519
43.75,0.005170386592118162,0.0010846810466973585,0.00039546577790391485,0.0006140521883695721,0.0002206022488858438,8.868021791948111e-05,0.000139026856411832,5.545723673580842e-06,7.1730720173246165e-06,4.075485325432252e-05,1.4537458858984665e-05,2.261285882965397e-05,5.127516873372115e-07,3.261148993069233e-07,1.2778167149040642e-06,0.00780563557824158
43.800000000000004,0.0051538706340153555,0.0010807376009416103,0.0003929449745967346,0.0006099104572637183,0.00021978526083541683,8.809740416032525e-05,0.00013806127635790743,5.4938771799226835e-06,7.10446287079963e-06,4.060340729115492e-05,1.4441442693860864e-05,2.245501102977058e-05,5.080271845079166e-07,3.230447696740213e-07,1.2730968953205357e-06,0.007775609978086079
43.85,0.005137408457877294,0.0010768078008147133,0.0003904420091962295,0.0006057993962462542,0.00021897108435306475,8.751884549414987e-05,0.00013710306812468896,5.442562644365216e-06,7.036570248739073e-06,4.045248302510203e-05,1.4346137154686337e-05,2.2298388334605926e-05,5.033419872835043e-07,3.200000519679146e-07,1.268390107810619e-06,0.007745718535660954
43.900000000000006,0.005120999905842417,0.001072891617426582,0.0003879567446571608,0.000601718760242132,0.0002181597147026739,8.694450820494174e-05,0.0001361521709622807,5.391774144582702e-06,6.969386059948756e-06,4.0302079991516776e-05,1.4251535278306054e-05,2.2142977691149508e-05,4.986913068032856e-07,3.1697743041165893e-07,1.2636950406411316e-06,0.007715960538981549
43.95,0.005104644820313669,0.0010689890216950431,0.0003854890450558917,0.0005976683062564194,0.00021735114708372043,8.637435886067545e-05,0.0001352085246521656,5.341505829184005e-06,6.9029023112929565e-06,4.015219758222671e-05,1.4157629852684806e-05,2.198876544667846e-05,4.940713273396919e-07,3.1397425899015053e-07,1.2590103613901706e-06,0.007686335280887373
44.0,0.00508834304395995,0.0010650999843498663,0.0003830387755807888,0.0005936477933558398,0.00021654537663246296,8.580836431082846e-05,0.0001342720695023523,5.291751916805095e-06,6.837111106426977e-06,4.00028350269181e-05,1.4064413525257876e-05,2.1835737595013008e-05,4.894794053869189e-07,3.109886987250128e-07,1.2543347375611198e-06,0.007656842059704183
44.050000000000004,0.0050720944197175655,0.001061224475936752,0.0003806058025227106,0.0005896569826504872,0.00021574239842312272,8.524649168391897e-05,0.00013334274634256864,5.242506695214159e-06,6.772004644547551e-06,3.985399138447371e-05,1.3971878924684017e-05,2.1683880053786544e-05,4.849142338180034e-07,3.080198390451595e-07,1.249667118776935e-06,0.007627480180171471
44.1,0.005055898790791662,0.001057362466821275,0.0003781899932655795,0.0005856956372757069,0.00021494220746904978,8.468870838506568e-05,0.00013242049651949962,5.193764520428992e-06,6.707575219160665e-06,3.970566554501456e-05,1.3880018787743545e-05,2.153317895387692e-05,4.803759389655856e-07,3.0506777659662846e-07,1.245007138925339e-06,0.00759824895440855
44.150000000000006,0.005039756000657606,0.0010535139271927766,0.0003757912162770328,0.0005817635223741359,0.00021414479872387454,8.413498209356833e-05,0.00013150526189206887,5.145519815846358e-06,6.643815216866291e-06,3.955785624267446e-05,1.3788826082789873e-05,2.1383620921388238e-05,4.7586606877007785e-07,3.0213361550868834e-07,1.2403554036671675e-06,0.007569147702578575
44.2,0.0050236658930623915,0.001049678827068219,0.0003734093410991604,0.0005778604050779148,0.00021335016708264723,8.358528076051086e-05,0.00013059698482676568,5.097767071383235e-06,6.580717116159914e-06,3.941056207840815e-05,1.369829412140644e-05,2.1235193333135497e-05,4.713874446526182e-07,2.992193647900058e-07,1.2357134756517067e-06,0.007540175752983197
44.25,0.0050076283120259754,0.0010458571362959891,0.00037104423833931926,0.0005739860544910535,0.00021255830738296235,8.303957260638459e-05,0.0001296956081930138,5.050500842629466e-06,6.518273486250157e-06,3.926378155144671e-05,1.3608416650720182e-05,2.1087884528412815e-05,4.6694388363287917e-07,2.963277366274234e-07,1.2310835314613482e-06,0.007511332441545878
44.300000000000004,0.004991643101842629,0.0010420488245596606,0.0003686957796610305,0.0005701402416719627,0.00021176921440607078,8.249782611873313e-05,0.00012880107535858496,5.003715750011751e-06,6.45647698589236e-06,3.911751309741798e-05,1.3519187920123534e-05,2.0941683962790557e-05,4.625398332276752e-07,2.934618796537337e-07,1.226467845917474e-06,0.007482617110893708
44.35,0.004975710107082261,0.0010382538613817151,0.0003663638377749572,0.0005663227396161456,0.00021098288287797862,8.196001004981812e-05,0.00012791333018505465,4.957406477968646e-06,6.395320362237649e-06,3.897175513068059e-05,1.3430602717867806e-05,2.0796582293579127e-05,4.58179981006477e-07,2.9062509746658614e-07,1.221868351307368e-06,0.007454029109380045
44.400000000000006,0.004959829172591696,0.0010344722161272123,0.00036404828642995734,0.0005625333232390396,0.0002101993074705318,8.14260934143047e-05,0.0001270323170232996,4.911567774136298e-06,6.334796449697066e-06,3.8826506088113065e-05,1.334265637499842e-05,2.0652571391158406e-05,4.538688943101249e-07,2.8782059638637417e-07,1.2172864666091094e-06,0.007425567790331451
44.45,0.004944000143495973,0.0010307038580074257,0.0003617490004042202,0.0005587717693590243,0.0002094184828024892,8.089604548696849e-05,0.0001261579807090387,4.866194448544843e-06,6.2748981688206665e-06,3.868176447147392e-05,1.3255344736272448e-05,2.050964427529885e-05,4.4961071889844385e-07,2.850512827244378e-07,1.2127232293728795e-06,0.007397232511596546
44.5,0.004928222865199585,0.0010269487560834285,0.0003594658554964753,0.0005550378566805748,0.0002086404034405811,8.036983580042166e-05,0.00012529026655841378,4.821281372825124e-06,6.215618525191056e-06,3.853752888551224e-05,1.3168664099885034e-05,2.0367794980564868e-05,4.454089345377585e-07,2.8231960353899496e-07,1.2081795878951515e-06,0.0073690226352494306
44.550000000000004,0.004912497183387721,0.0010232068792696404,0.00035719872851728185,0.0005513313657775744,0.00020786506390055588,7.984743414285963e-05,0.0001244291203636129,4.776823479425703e-06,6.156950608331362e-06,3.839379806926045e-05,1.3082611129890747e-05,2.0227018359569532e-05,4.4126614869689396e-07,2.7962741097198015e-07,1.2036566243691766e-06,0.007340937527189761
44.6,0.004896822944027488,0.001019478196337335,0.0003549474972803941,0.0005476520790767791,0.0002070924586482139,7.932881055582753e-05,0.0001235744883885343,4.732815760840003e-06,6.098887590627368e-06,3.825057091836278e-05,1.2997182747000024e-05,2.008730983692858e-05,4.371839149832478e-07,2.7697583570069844e-07,1.199155530215472e-06,0.00731297655644923
44.650000000000006,0.004881199993369093,0.0010157626759180983,0.0003527120405941995,0.0005439997808414269,0.00020632258210042761,7.881393533200565e-05,0.00012272631736448946,4.6892532688433946e-06,6.041422726263609e-06,3.81078464968594e-05,1.2912376004843392e-05,1.99486651299753e-05,4.3316258457325633e-07,2.743651749745337e-07,1.1946773130599311e-06,0.007285139094219135
44.7,0.004865628177947038,0.001012060286507255,0.00035049223825323614,0.0005403742571550045,0.00020555542862615085,7.830277901301518e-05,0.00012188455448594819,4.646131113740332e-06,5.984549350173521e-06,3.796562403752068e-05,1.2828187959736146e-05,1.981107995443581e-05,4.2920122075194787e-07,2.7179482105916064e-07,1.1902223868587088e-06,0.007257424512831924
44.75,0.004850107344581258,0.0010083709964672453,0.0003482879710297803,0.0005367752959051539,0.00020479099254741367,7.779531238724243e-05,0.00012104914740632155,4.603444463621279e-06,5.928260877003361e-06,3.782390293056349e-05,1.2744615542383605e-05,1.9674549734189738e-05,4.252976130611954e-07,2.692632623054734e-07,1.1857902795809241e-06,0.007229832185027124
44.800000000000004,0.004834637340378268,0.0010046947740309676,0.0003460991206655103,0.0005332026867677304,0.00020402926814030629,7.729150648768251e-05,0.00012022004423378506,4.561188543629553e-06,5.872550800090062e-06,3.768268270133675e-05,1.2661655439822096e-05,1.9539069333906553e-05,4.2144841193045385e-07,2.6676817618205507e-07,1.1813796380819852e-06,0.00720236148374923
44.85,0.004819218012732289,0.0010010315873050799,0.00034392556986324364,0.0005296562211910063,0.00020327024963595058,7.679133258980234e-05,0.00011939719352714107,4.519358635237991e-06,5.817412690452911e-06,3.754196297828473e-05,1.2579303995206018e-05,1.9404632831785068e-05,4.1764937365464745e-07,2.6430660763871355e-07,1.1769885515666517e-06,0.0071750117825083405
44.900000000000006,0.004803849209326327,0.0009973814042732565,0.0003417672022787433,0.0005261356923800119,0.00020251393122145837,7.629476220942145e-05,0.00011858054429171847,4.4779500755353574e-06,5.762840195798974e-06,3.740174345313833e-05,1.2497557131878262e-05,1.9271233346953477e-05,4.1389567517766024e-07,2.618752003870978e-07,1.1726150449796024e-06,0.007147782456104787
44.95,0.004788530778133273,0.000993744192799414,0.00033962390251260057,0.0005226408952810283,0.0002017603070408794,7.580176710061266e-05,0.00011777004597531246,4.436958256522605e-06,5.708827039542447e-06,3.726202383580577e-05,1.2416410306581428e-05,1.9138862932500496e-05,4.101822438089047e-07,2.594704363130721e-07,1.1682575052998999e-06,0.0071206728813994966
45.0,0.004773262567416951,0.0009901199206308893,0.00033749555610218393,0.0005191716265662127,0.0002010093711961358,7.531231925362028e-05,0.00011696564846416049,4.396378624418778e-06,5.6553670198376385e-06,3.7122803806797315e-05,1.2335858494785868e-05,1.9007512540848904e-05,4.065040550799919e-07,2.570888453095375e-07,1.1639148450003205e-06,0.007093682437862231
45.050000000000004,0.0047580444257331635,0.0009865085554015853,0.0003353820495136622,0.0005157276846183681,0.0002002611177479458,7.48263908927973e-05,0.0001161673020789571,4.356206678976645e-06,5.602454008625732e-06,3.6984082970204516e-05,1.2255896209054231e-05,1.8877172063539912e-05,4.0285637720855913e-07,2.5472716969847386e-07,1.1595863562608647e-06,0.007066810507820048
45.1,0.004742876201930725,0.000982910064635077,0.0003332832701340969,0.0005123088695158529,0.00019951554071673597,7.43439544745609e-05,0.00011537495757090602,4.316437972807922e-06,5.5500819506951536e-06,3.684586081024625e-05,1.217651754926216e-05,1.87478304427688e-05,3.992349692092452e-07,2.5238249175929306e-07,1.155271383319556e-06,0.0070400564765480235
45.150000000000006,0.004727757745152451,0.0009793244157476758,0.0003311991062636013,0.0005089149830176222,0.00019877263408354072,7.386498268536544e-05,0.00011458856611780809,4.2770681107179306e-06,5.498244862755301e-06,3.6708136654194384e-05,1.2097716281486351e-05,1.8619475847501602e-05,3.956362559950611e-07,2.500523466985574e-07,1.1509690390074186e-06,0.007013419732466421
45.2,0.004712688904836163,0.0009757515760514626,0.00032912944710757216,0.0005055458285484118,0.00019803239179089213,7.338944843969442e-05,0.00011380807932018783,4.238092749049699e-06,5.446936832523668e-06,3.657090964411345e-05,1.2019485940580092e-05,1.849209590298857e-05,3.9205749946174314e-07,2.477348396570577e-07,1.146678159821132e-06,0.00698689966766258
45.25,0.004697669530715644,0.0009721915127572774,0.0003270741827689856,0.0005022012111840507,0.00019729480774369695,7.291732487806932e-05,0.00011303344919745454,4.1995075950371855e-06,5.396152017825896e-06,3.643417871931271e-05,1.1941819949990578e-05,1.8365677959212252e-05,3.884969633328225e-07,2.454287667566787e-07,1.1423975526312156e-06,0.006960495678769279
45.300000000000004,0.004682699472821594,0.000968644192977676,0.00032503320424076304,0.0004988809376369117,0.0001965598758101035,7.244858536507681e-05,0.00011226462818410072,4.161308406167587e-06,5.345884645708673e-06,3.629794261075325e-05,1.1864711751321211e-05,1.82402093814614e-05,3.84954044514967e-07,2.431337179643356e-07,1.1381264158960386e-06,0.006934207168010014
45.35,0.004667778581482571,0.0009651095837298506,0.0003230064033982039,0.000495584816241494,0.00019582758982235763,7.198320348741357e-05,0.00011150156912593631,4.123490989552472e-06,5.296129011565103e-06,3.6162199847913924e-05,1.1788154935562979e-05,1.8115677844933505e-05,3.814293297810913e-07,2.4085012696911927e-07,1.1338647116849414e-06,0.00690803354408579
45.400000000000006,0.004652906707325896,0.000961587651938509,0.00032099367299148214,0.0004923126569401322,0.00019509794357764677,7.15211530519478e-05,0.00011074422527635734,4.086051201307468e-06,5.246879478272146e-06,3.6026948777847456e-05,1.1712143367842853e-05,1.7992071615105427e-05,3.7792454331609173e-07,2.38579238335376e-07,1.1296132792973362e-06,0.006881974222603295
45.45,0.004638083701278562,0.0009580783644387255,0.0003189949066382121,0.000489064271268843,0.00019437093083893466,7.106240808379904e-05,0.00010999255029265132,4.048984945940418e-06,5.198130475339956e-06,3.589218759539882e-05,1.1636671297962752e-05,1.78693797965683e-05,3.7444237692529424e-07,2.36322983820722e-07,1.1253736116911608e-06,0.006856028625923376
45.5,0.004623309414568105,0.000954581687978749,0.000317009998816076,0.0004858394723432921,0.00019364654533578408,7.060694282443408e-05,0.00010924649823233602,4.01228817574761e-06,5.149876498072559e-06,3.575791438285775e-05,1.1561733449897283e-05,1.7747592535027413e-05,3.709862282362209e-07,2.3408378795326042e-07,1.121147393309008e-06,0.0068301961825498764
45.550000000000004,0.0046085836987234735,0.0009510975892227805,0.00031503884485551813,0.00048263807484489517,0.00019292478076516994,7.015473172978049e-05,0.0001085060235495337,3.975956890217989e-06,5.102112106739696e-06,3.562412715672186e-05,1.1487325084726005e-05,1.7626701160091173e-05,3.675598962597582e-07,2.3186434340223497e-07,1.11693602294153e-06,0.006804476326352251
45.6,0.004593906405575881,0.0009476260347537162,0.00031308134093250336,0.00047945989500704347,0.00019220563079228202,6.97057494683569e-05,0.0001077710810913796,3.939987135445088e-06,5.054831925759432e-06,3.5490823918789884e-05,1.1413442033112237e-05,1.750669826012889e-05,3.6416728678516446e-07,2.2966739895539467e-07,1.1127403479889773e-06,0.006778868495928128
45.650000000000006,0.0045792773872596225,0.0009441669910758506,0.0003111373840613362,0.00047630475060145115,0.00019148908905131635,6.925997091941923e-05,0.00010704162609446335,3.904375003546424e-06,5.008030642891161e-06,3.535800270851631e-05,1.1340080695306184e-05,1.7387577684641945e-05,3.608121620656188e-07,2.2749558701730943e-07,1.1085607184131103e-06,0.006753372134265856
45.7,0.004564696496212903,0.0009407204246175531,0.00030920687208754673,0.00047317246092463294,0.0001907751491462579,6.881737117112438e-05,0.00010631761418130525,3.8691166320903176e-06,4.961703008438928e-06,3.522566165345662e-05,1.126723800863181e-05,1.7269334474014014e-05,3.5749794076357485e-07,2.2535129309276908e-07,1.1043972970133437e-06,0.006727986688648825
45.75,0.004550163585178622,0.0009372863017339036,0.0003072897036808351,0.00047006284678449803,0.00019006380465165162,6.837792551870918e-05,0.00010559900135686441,3.834208203529841e-06,4.9158438344646255e-06,3.5093799014721294e-05,1.1194911384392966e-05,1.7151964720914105e-05,3.542275310306858e-07,2.2323655005404127e-07,1.100250428799536e-06,0.006702711610572992
45.800000000000004,0.004535678507205156,0.0009338645887092987,0.00030538577832808,0.0004669757304870704,0.0001893550491133646,6.794160946268612e-05,0.00010488574400508063,3.7996459446438948e-06,4.870447994011082e-06,3.496241322463482e-05,1.1123098617986849e-05,1.7035465371757957e-05,3.5100317412233255e-07,2.2115293539789785e-07,1.0961208447875473e-06,0.006677546355418079
45.85,0.004521241115647133,0.0009304552517600261,0.0003034949963264088,0.0004639109358233297,0.00018864887604933805,6.750839870705497e-05,0.00010417779888544883,3.7654261259852977e-06,4.8255104203348574e-06,3.48315029142439e-05,1.1051797777627549e-05,1.6919833980235855e-05,3.478262896770121e-07,2.1910146195222984e-07,1.0920095688713198e-06,0.006652490381737668
45.900000000000006,0.004506851264166163,0.0009270582570367991,0.0003016172587763252,0.0004608682880561669,0.00018794527895032865,6.707826915752964e-05,0.00010347512312962467,3.7315450613357707e-06,4.78102610614861e-06,3.470106692891149e-05,1.0981007078362622e-05,1.680506842777147e-05,3.446973373765086e-07,2.170824735217723e-07,1.0879175623529342e-06,0.006627543150248717
45.95,0.004492508806731585,0.0009236735706272682,0.00029975246757490146,0.00045784761390746566,0.00018724425128064162,6.665119691978162e-05,0.00010277767423806351,3.6979991071679275e-06,4.736990102873188e-06,3.457110433093621e-05,1.0910724748934498e-05,1.6691166627715067e-05,3.416157285533174e-07,2.1509557374493122e-07,1.0838452889117777e-06,0.006602704122788545
46.0,0.004478213597621172,0.0009203011585584911,0.00029790052540902605,0.0004548487415452939,0.00018654578647885268,6.622715829769795e-05,0.00010208541007668944,3.6647846621141175e-06,4.693397519899253e-06,3.444161438890445e-05,1.0840948899444245e-05,1.6578126230978825e-05,3.385798233992287e-07,2.1313961873450362e-07,1.0797924307507362e-06,0.006577972761561449
46.050000000000004,0.004463965491421833,0.0009169409867993771,0.00029606133574871304,0.0004518715005712164,0.00018584987795852134,6.580612979165514e-05,0.00010139828887359649,3.631898166442269e-06,4.650243523858687e-06,3.431259655427393e-05,1.0771677397698856e-05,1.646594435064792e-05,3.355870319719909e-07,2.1121278976756646e-07,1.075757910451987e-06,0.006553348528890027
46.1,0.004449764343030305,0.0009135930212630991,0.00029423480284046993,0.0004489157220077221,0.0001851565191088949,6.538808809680843e-05,0.0001007162692157808,3.5993361015387176e-06,4.607523337905752e-06,3.41840504264511e-05,1.0702907761572105e-05,1.6354617321866686e-05,3.3263400843412325e-07,2.0931273817560202e-07,1.0717402176706605e-06,0.006528830887476695
46.150000000000006,0.004435610007653807,0.0009102572278094696,0.00029242083170072126,0.0004459812382857619,0.00018446570329560202,6.497301010139547e-05,0.00010003931004590244,3.5670949893980035e-06,4.565232241008047e-06,3.40559757083171e-05,1.063463707372392e-05,1.6244140511096264e-05,3.2971690197207e-07,2.0743677260897434e-07,1.0677378870960572e-06,0.006504419300977881
46.2,0.0044215023408107085,0.0009069335722472928,0.0002906193281092932,0.0004430678832324054,0.00018377742386133854,6.456087288505595e-05,9.936737065907903e-05,3.5351713921198e-06,4.523365567247503e-06,3.392837215473727e-05,1.0566861923669128e-05,1.613450818581787e-05,3.268316165515376e-07,2.0558204944098556e-07,1.0637498998099527e-06,0.006480113234594569
46.25,0.004407441198331155,0.0009036220203366793,0.0002888301986029516,0.0004401754920586036,0.0001830916741265427,6.415165371716512e-05,9.870041069970798e-05,3.5035619114128534e-06,4.48191870513125e-06,3.3801239517019916e-05,1.0499578380548923e-05,1.602571345210927e-05,3.239740396053056e-07,2.0374573401575195e-07,1.059775820869652e-06,0.006455912155433516
46.300000000000004,0.004393426436357696,0.0009003225377913345,0.00028705335046899893,0.00043730390134706675,0.00018240844739006234,6.374533005518284e-05,9.803839015831958e-05,3.4722631881060533e-06,4.440887096912604e-06,3.3674577486550024e-05,1.0432781998140743e-05,1.5917748263484682e-05,3.2114022254105266e-07,2.0192511981857413e-07,1.0558156228114866e-06,0.0064318155325670265
46.35,0.004379457911345897,0.0008970350902808177,0.00028528869173892756,0.00043445294904025225,0.0001817277369298131,6.334187954301716e-05,9.738126936845953e-05,3.4412719016665773e-06,4.400266237922047e-06,3.354838564089311e-05,1.0366467851752448e-05,1.581060350020358e-05,3.183265219094778e-07,2.0011771475870609e-07,1.0518693083957568e-06,0.006407822836924685
46.400000000000006,0.0043655354800649195,0.0008937596434327654,0.0002835361311821254,0.0004316224744284573,0.0001810495360034269,6.29412800094019e-05,9.67290090035999e-05,3.4105847697250197e-06,4.360051675908139e-06,3.342266339554233e-05,1.0300630604797159e-05,1.570426911417094e-05,3.1552972589964653e-07,1.9832131737426188e-07,1.0479365487014688e-06,0.0063839335412768155
46.45,0.0043516589995981165,0.0008904961628350938,0.00028179557829964124,0.0004288123181380257,0.00018037383784889327,6.254350946628971e-05,9.608157007408054e-05,3.3801985476075333e-06,4.320239010388365e-06,3.329740996417497e-05,1.0235264601141866e-05,1.5598734330803842e-05,3.1274718902811796e-07,1.9653410418903879e-07,1.044016539949434e-06,0.006360147120547424
46.5,0.004337828327343579,0.0008872446140381636,0.0002800669433179999,0.0004260223221196555,0.00017970063568519034,6.21485461072584e-05,9.543891392407789e-05,3.350110027874743e-06,4.280823892009615e-06,3.3172624329808616e-05,1.0170363977860451e-05,1.5493987896032013e-05,3.0997698029964434e-07,1.947547342538028e-07,1.0401081651024741e-06,0.006336463052539167
46.550000000000004,0.004324043321014692,0.0008840049625569214,0.00027835013718307487,0.0004232523296368171,0.00017902992271290867,6.17563683059323e-05,9.480100222860317e-05,3.320316039867398e-06,4.2418020219182085e-06,3.304830522863365e-05,1.0105922791881056e-05,1.5390018354106765e-05,3.072180261620354e-07,1.9298245637281614e-07,1.0362103883071635e-06,0.006312880818946197
46.6,0.004310303838640677,0.0008807771738730126,0.00027664507155401375,0.0004205021852542753,0.00017836169211486657,6.136695461441769e-05,9.4167796990529e-05,3.290813449258539e-06,4.203169151139145e-06,3.292445114757947e-05,1.0041935153257166e-05,1.5286814340237413e-05,3.0447021179792976e-07,1.9121718913619028e-07,1.0323226896324195e-06,0.00628939990637383
46.650000000000006,0.004296609738567094,0.0008775612134368602,0.00027495165879721486,0.0004177717348267128,0.00017769593705671625,6.098028376175171e-05,9.353926053764307e-05,3.2615991576119407e-06,4.164921079964227e-06,3.280106033589063e-05,9.978395357449702e-06,1.518436487133739e-05,3.017344027217796e-07,1.8945954194191862e-07,1.0284453215776133e-06,0.006266019807052487
46.7,0.004282960879456368,0.0008743570466697242,0.00027326981198035993,0.00041506082548746167,0.00017703265068754327,6.059633465236607e-05,9.291535551973087e-05,3.2326701019467023e-06,4.127053657348835e-06,3.26781308301902e-05,9.915298009097697e-06,1.5082659618370006e-05,2.990123655335816e-07,1.8771075886242108e-07,1.0245792516337845e-06,0.006242740019046538
46.75,0.004269357120288264,0.0008711646389657243,0.00027159944486649534,0.00041236930563733147,0.00017637182614045648,6.021508636456371e-05,9.22960449056847e-05,3.2040232543076254e-06,4.089562780316834e-06,3.255566049173583e-05,9.85263813026632e-06,1.4981689144911243e-05,2.963065949857346e-07,1.859725907167957e-07,1.0207258090463886e-06,0.0062195600459648065
46.800000000000004,0.0042557983203603735,0.0008679839556938419,0.0002699404719081675,0.0004096970249335424,0.00017571345653317121,5.983651814900976e-05,9.168129198064071e-05,3.175655621341236e-06,4.0524443933733534e-06,3.243364705387457e-05,9.790411247062028e-06,1.4881445098523263e-05,2.9362008142188353e-07,1.8424712301991088e-07,1.0168862014206876e-06,0.006196479396378786
46.85,0.004242284339288583,0.0008648149621998931,0.0002682928082416097,0.0004070438342787589,0.0001750575349685844,5.946060942723597e-05,9.107106034314282e-05,3.1475642438771608e-06,4.015694487925016e-06,3.2312088177113714e-05,9.728613449740286e-06,1.4781920344238402e-05,2.9095606571230815e-07,1.8253659805084864e-07,1.0130611296867574e-06,0.0061734975832441535
46.900000000000006,0.004228815037007513,0.0008616576238084711,0.00026665636968097685,0.0004044095858102184,0.00017440405453534127,5.908733979015809e-05,9.046531390233258e-05,3.1197461965145876e-06,3.979309101707207e-06,3.219098150878008e-05,9.667241422931782e-06,1.4683109032736974e-05,2.883178222220581e-07,1.8084326338648824e-07,1.0092506766358471e-06,0.006150614123559925
46.95,0.004215390273770968,0.0008585119058248685,0.00026503107271263473,0.0004017941328889644,0.0001737530083083957,5.8716688996607385e-05,8.986401687516649e-05,3.0921985872136847e-06,3.943284318218153e-06,3.207032474396544e-05,9.60629244429419e-06,1.4585006599479396e-05,2.857084883561976e-07,1.7916926051138158e-07,1.0054545069685664e-06,0.006127828538326614
47.0,0.0042020099101523515,0.0008553777735369668,0.00026341683448949523,0.0003991973300891714,0.00017310438934956172,5.83486369718744e-05,8.926713378365824e-05,3.0649185568916797e-06,3.907616266159399e-06,3.1950115684363514e-05,9.54576435166347e-06,1.4487609694918937e-05,2.8313093378339496e-07,1.7751654562951306e-07,1.0016722660257918e-06,0.0061051403526725155
47.050000000000004,0.004188673807045078,0.0008522551922171036,0.0002618135728254035,0.0003966190331875702,0.00017245819070805854,5.7983163806266406e-05,8.867462945214751e-05,3.0379032790235275e-06,3.87230111888253e-06,3.183035229170298e-05,9.485655480535428e-06,1.4390916049764932e-05,2.8058764627960683e-07,1.7588682136983002e-07,9.979039702126536e-07,0.006082549095899399
47.1,0.004175381825662978,0.0008491441271239144,0.0002602212061895741,0.00039405909915296886,0.0001718144054210481,5.762024975367763e-05,8.808646900459419e-05,3.0111499592470155e-06,3.837335093841945e-06,3.171103273276159e-05,9.425964575355316e-06,1.4294924282871523e-05,2.7808061158406374e-07,1.742814587821809e-07,9.941501871135176e-07,0.006060054301210311
47.150000000000006,0.00416213382754067,0.0008460445435041447,0.00025863965370107354,0.0003915173861358648,0.0001711730265141647,5.725987523017179e-05,8.750261786189701e-05,2.984655834972182e-06,3.8027144520534803e-06,3.159215541339608e-05,9.366690679540272e-06,1.4199633662494823e-05,2.7561118080941966e-07,1.7270140296680513e-07,9.904119068925557e-07,0.006037655505021113
47.2,0.004148929674533947,0.0008429564065944426,0.0002570688351233543,0.0003889937534581563,0.00017053404700203843,5.6902020812577944e-05,8.692304173923824e-05,2.9584181749951095e-06,3.7684354975589817e-06,3.1473718999615374e-05,9.307833010325634e-06,1.410504383421412e-05,2.731799418290873e-07,1.7114707535740346e-07,9.866901612676919e-07,0.006015352245958919
47.25,0.004135769228820121,0.0008398796816231209,0.0002555086708588332,0.0003864880616029419,0.00016989745988881054,5.6546667237098124e-05,8.634770664345181e-05,2.9324342791159753e-06,3.7344945768966795e-06,3.135572242442647e-05,9.249390825345713e-06,1.4011154530605245e-05,2.7078662774153055e-07,1.6961830018148288e-07,9.829855744403338e-07,0.005993144063813131
47.300000000000004,0.004122652352898376,0.0008368143338118971,0.00025395908194351935,0.0003840001722044154,0.00016926325816864232,5.6193795397927815e-05,8.577657887041651e-05,2.9067014777615027e-06,3.7008880785775708e-06,3.123816487995773e-05,9.191363288289612e-06,1.3917965278690545e-05,2.6843009640772614e-07,1.6811428374335809e-07,9.792980648123747e-07,0.005971030498743435
47.35,0.004109578909590109,0.000833760328377611,0.0002524199900416889,0.0003815299480378522,0.00016863143482621727,5.584338634588867e-05,8.520962500247335e-05,2.881217131611839e-06,3.6676124325678878e-06,3.112104579516793e-05,9.133749340989663e-06,1.3825475121219366e-05,2.6610839925897525e-07,1.6663366217239847e-07,9.756268420554756e-07,0.005949011090946884
47.400000000000006,0.004096548762039232,0.0008307176305339117,0.00025089131744060434,0.0003790772530096828,0.00016800198283723532,5.5495421287072864e-05,8.46468119058658e-05,2.855978631231932e-06,3.6346641097777823e-06,3.100436480023857e-05,9.076547588908138e-06,1.3733682366964554e-05,2.6381893235289286e-07,1.6517461245243102e-07,9.719707034865265e-07,0.005927085380799019
47.45,0.004083561773712503,0.0008276862054929282,0.0002493729870452827,0.00037664195214766127,0.00016737489516890154,5.514988158150021e-05,8.408810672820495e-05,2.830983396707609e-06,3.6020396215565405e-06,3.08881216794797e-05,9.019756206213909e-06,1.3642584383515683e-05,2.615586392280752e-07,1.6373500230671334e-07,9.683284954816433e-07,0.0059052529093014715
47.5,0.004070617808399806,0.0008246660184669099,0.0002478649223733064,0.0003742239115911172,0.00016675016478040686,5.4806748741786464e-05,8.353347689595674e-05,2.806228877286382e-06,3.569735519194407e-06,3.0772316315212944e-05,8.963372865532872e-06,1.355217744361742e-05,2.593242235892707e-07,1.623125451497874e-07,9.646995304415183e-07,0.005883513218569314
47.550000000000004,0.00405771673021444,0.000821657034669847,0.00024636704754968185,0.0003718229985812993,0.00016612778462340292,5.446600443182397e-05,8.29828901119531e-05,2.781712551023187e-06,3.53774839343136e-06,3.065694862559856e-05,8.907394696082993e-06,1.3462456633095383e-05,2.5711233481971005e-07,1.6090493056021622e-07,9.610837699854162e-07,0.005861865852117045
47.6,0.004044858403593402,0.0008186592193190685,0.00024487928730174206,0.00036943908145180634,0.00016550774764247024,5.412763046547401e-05,8.243631435292612e-05,2.757431924431149e-06,3.5060748739729766e-06,3.054201849971585e-05,8.851818272345851e-06,1.3373415825009393e-05,2.54919707839476e-07,1.5950991617568548e-07,9.574816940647462e-07,0.005840310354840445
47.650000000000006,0.004032042693297628,0.000815672537636812,0.00024340156695409226,0.00036707202961910076,0.00016489004677557907,5.3791608805270324e-05,8.189371786706406e-05,2.7333845321374232e-06,3.4747116290135243e-06,3.0427525733371224e-05,8.796639633771347e-06,1.3285047721072957e-05,2.5274326219313e-07,1.581253863526278e-07,9.538939255222413e-07,0.00581884627277898
47.7,0.004019269464412262,0.0008126969548517781,0.00024193381242360257,0.00036472171357311334,0.00016427467495454492,5.345792156113498e-05,8.135506917159117e-05,2.7095679365442716e-06,3.443655364766508e-06,3.031346996908655e-05,8.74185433435187e-06,1.3197343957778006e-05,2.5058018285800365e-07,1.567493975094534e-07,9.50320796669259e-07,0.0057974731528875915
47.75,0.004006538582346879,0.0008097324362006554,0.00024047595021444104,0.0003623880048679275,0.00016366162510547655,5.312655098910497e-05,8.08203370503686e-05,2.6859797274952937e-06,3.4129028250026033e-06,3.0199850643512362e-05,8.687457519324272e-06,1.3110295271255832e-05,2.48428009107225e-07,1.553802330686281e-07,9.46762068643566e-07,0.00577619054307226
47.800000000000004,0.003993849912835716,0.0008067789469296273,0.00023902790741315224,0.00036007077611255117,0.00016305089014921837,5.279747949007073e-05,8.028949055151838e-05,2.662617521946893e-06,3.3824507905950803e-06,3.008666694512951e-05,8.633444024845445e-06,1.3023891711865442e-05,2.4628474637960524e-07,1.540164811978337e-07,9.432169367440465e-07,0.0057549979926405604
47.85,0.00398120332193789,0.0008038364522958571,0.0002375896116837786,0.0003577699009617717,0.00016244246300178662,5.2470689608526e-05,7.97624989850693e-05,2.639478963644876e-06,3.3522960790725928e-06,2.9973917784567565e-05,8.579808495308866e-06,1.293812289697598e-05,2.441489954876735e-07,1.5265713124614408e-07,9.396843191490416e-07,0.005733895053140134
47.900000000000006,0.003968598676037594,0.0008009049175689462,0.00023616099126302223,0.00035548525410709014,0.0001618363365747986,5.214616403132846e-05,7.923933192062393e-05,2.616561722806045e-06,3.3224355441791423e-06,2.986160177920938e-05,8.526545512082825e-06,1.2852978288519424e-05,2.420200735898919e-07,1.5130166812092703e-07,9.36163296896161e-07,0.005712881279388808
47.95,0.003956035841844296,0.0007979843080323789,0.000234741974955452,0.00035321671126774224,0.0001612325037758969,5.182388558647228e-05,7.871995918504833e-05,2.5938634958047136e-06,3.292866075441078e-06,2.9749717253004185e-05,8.473649726896378e-06,1.2768447480716322e-05,2.3989809128314605e-07,1.4995013529545004e-07,9.326535039314921e-07,0.005691956230409659
48.0,0.003943514686392912,0.0007950745889849368,0.0002333324921287493,0.00035096414918179544,0.00016063095750916658,5.150383724187103e-05,7.820435086018209e-05,2.5713820048638466e-06,3.2635845977407137e-06,2.9638262251614406e-05,8.421115992898578e-06,1.2684520482964415e-05,2.3778395506137895e-07,1.4860314092974225e-07,9.291552855618611e-07,0.005671119470011248
48.050000000000004,0.003931035077043979,0.0007921757257420992,0.00023193247270899715,0.0003487274455973294,0.0001600316906755471,5.1186002104152106e-05,7.769247728057041e-05,2.549114997750666e-06,3.2345880708962918e-06,2.9527234572219695e-05,8.368939486576749e-06,1.2601187983237682e-05,2.3567928332782186e-07,1.4726179705728343e-07,9.25669546393754e-07,0.005650370566890134
48.1,0.003918596881483821,0.0007892876836374202,0.00023054184717601043,0.00034650647926369606,0.0001594346961732385,5.087036341746203e-05,7.718430903121712e-05,2.5270602474764253e-06,3.205873489247853e-06,2.9416631806533778e-05,8.317115814226228e-06,1.251844157843957e-05,2.3358624954374048e-07,1.4592760266284555e-07,9.221973522706253e-07,0.005629709094323266
48.150000000000006,0.0039061999677246816,0.0007864104280238822,0.0002291605465587047,0.0003443011299228553,0.0001588399668981008,5.0556904562282115e-05,7.667981694535779e-05,2.5052155520000316e-06,3.1774378812485003e-06,2.9306451394897887e-05,8.265641097488791e-06,1.2436273959927127e-05,2.3150738668982036e-07,1.4460229841087388e-07,9.187394662928211e-07,0.00560913462967282
48.2,0.00389384420410488,0.000783543924275235,0.0002277885024305082,0.0003421112783007933,0.00015824749574404933,5.024560905425552e-05,7.617897210225458e-05,2.483578733935298e-06,3.14927830906072e-06,2.919669068873375e-05,8.214512033575534e-06,1.2354679044777863e-05,2.2944539394706738e-07,1.432877261942005e-07,9.152960278568343e-07,0.0055886467539700575
48.25,0.003881529459288921,0.000780688137787308,0.00022642564690481117,0.00033993680609901376,0.00015765727560344264,4.993646054302424e-05,7.568174582501031e-05,2.46214764026144e-06,3.1213918681571517e-06,2.9087347018197006e-05,8.16372592710428e-06,1.2273652046186761e-05,2.274029769776177e-07,1.4198571849218448e-07,9.11866514110134e-07,0.005568245051761018
48.300000000000004,0.0038692556022676184,0.0007778430339793075,0.0002250719126304562,0.0003377775959861085,0.0001570692993674662,4.962944281107698e-05,7.51881096784033e-05,2.4409201420366035e-06,3.0937756869254886e-06,2.8978417761593527e-05,8.113280691946064e-06,1.2193189479517854e-05,2.2538273248598826e-07,1.4069802511479651e-07,9.084499943812317e-07,0.005547929111234437
48.35,0.0038570225023582074,0.0007750085782950927,0.0002237272327872683,0.00033563353158940417,0.00015648355992651025,4.932453977260745e-05,7.469803546674216e-05,2.4198941341141585e-06,3.0664269262770556e-06,2.88699004130167e-05,8.063174823014303e-06,1.2113289103834087e-05,2.2338706590327068e-07,1.3942626679551678e-07,9.05045560693249e-07,0.0055276985244894815
48.400000000000006,0.003844830029204426,0.0007721847362044294,0.00022239154108162157,0.00033350449748668123,0.00015590005017054165,4.90217354723824e-05,7.421149523173947e-05,2.399067534861493e-06,3.039342779258692e-06,2.8761792644740545e-05,8.013407339466906e-06,1.2033949802026901e-05,2.2141811815566492e-07,1.3817189453455875e-07,9.016527429040229e-07,0.005507552887707771
48.45,0.003832678052776615,0.00076937147320423,0.00022106477174204742,0.0003313903791979717,0.00015531876298947137,4.8721014084620524e-05,7.372846125040585e-05,2.3784382858812305e-06,3.0125204706677757e-06,2.8654092361156707e-05,7.96397770224783e-06,1.1955171405795436e-05,2.1947767892850754e-07,1.3693613485518356e-07,8.982717232629856e-07,0.005487491801008158
48.5,0.0038205664433717825,0.0007665687548197675,0.00021974685951487815,0.00032929106317742656,0.00015473969127351563,4.8422359911880604e-05,7.324890603296213e-05,2.3580043517346604e-06,2.985957256670085e-06,2.854679774145839e-05,7.914885710195037e-06,1.1876954474522076e-05,2.1756707834594943e-07,1.3571991331737822e-07,8.949032521657198e-07,0.005467514867880623
48.550000000000004,0.003808495071613673,0.0007637765466058762,0.0002184377396599303,0.0003272064368052588,0.00015416282791355242,4.812575738396007e-05,7.277280232077111e-05,2.3377637196674036e-06,2.959650424420521e-06,2.8439907268833066e-05,7.86613138002085e-06,1.17993000394123e-05,2.156870695072119e-07,1.3452376600336774e-07,8.915483017473903e-07,0.005447621694272633
48.6,0.0037964638084528298,0.0007609948141481319,0.0002171373479462253,0.00032513638837975957,0.00015358816580147294,4.7831191056803275e-05,7.230012308428798e-05,2.317714399337294e-06,2.9335972916866644e-06,2.8333419744597303e-05,7.817714816271092e-06,1.172220932598781e-05,2.1383773069644805e-07,1.333477625950767e-07,8.882076151349119e-07,0.005427811887555818
48.650000000000006,0.0037844725251666264,0.0007582235230640108,0.00021584562064774575,0.00032308080710938264,0.00015301569783052692,4.753864561141904e-05,7.183084152102853e-05,2.2978544225445165e-06,2.907795206475244e-06,2.8227334286459116e-05,7.769636077851226e-06,1.164568346905416e-05,2.120184197569211e-07,1.3219146789455017e-07,8.848813558476877e-07,0.005408085055656624
48.7,0.003772521093359319,0.0007554626390040355,0.00021456249453923108,0.00032103958310490476,0.00015244541689566412,4.724810585280836e-05,7.136493105355655e-05,2.278181842964201e-06,2.8822415466618163e-06,2.8121650310888585e-05,7.721895047847052e-06,1.1569723234556112e-05,2.102278020091889e-07,1.3105395962799035e-07,8.815690125645856e-07,0.0053884408065666385
48.75,0.0037606093849620595,0.0007527121276528971,0.00021328790689200715,0.0003190126073716518,0.00015187731589386944,4.6959556708900986e-05,7.090236532748836e-05,2.2586947358815675e-06,2.856933719623837e-06,2.8016367500373765e-05,7.674491313159549e-06,1.1494328762275421e-05,2.0846395243685313e-07,1.2993390350715978e-07,8.782695985042037e-07,0.005368878748294636
48.800000000000004,0.0037487372722329183,0.0007499719547305635,0.00021202179546985368,0.0003169997718017979,0.00015131138772449384,4.667298322950173e-05,7.044311820951584e-05,2.239391197929908e-06,2.831869161877566e-06,2.791148575709925e-05,7.62742405993406e-06,1.14194993421532e-05,2.0672451158810198e-07,1.288296691509882e-07,8.749820583097478e-07,0.005349398489156687
48.85,0.003736904627756897,0.0007472420859933691,0.0002107640985249078,0.0003150009691667338,0.00015074762528958022,4.638837058524613e-05,6.998716378544722e-05,2.220269346831631e-06,2.8070453387191825e-06,2.780700514526802e-05,7.580691989925355e-06,1.1345233235204432e-05,2.050068610786649e-07,1.2773945952339857e-07,8.717057096141367e-07,0.005329999638188348
48.900000000000006,0.0037251113244459147,0.0007445224872350843,0.00020951475479360118,0.0003130160931095006,0.0001501860214941834,4.610570406656485e-05,6.953447635826474e-05,2.2013273211426026e-06,2.782459743870492e-06,2.7702925824860725e-05,7.534293261851655e-06,1.1271527547645487e-05,2.0330828368682646e-07,1.2666142595488103e-07,8.684405309766393e-07,0.005310681805443102
48.95,0.003713357235538811,0.0007418131242879728,0.00020827370349263513,0.00031104503813729587,0.00014962656924668652,4.58249690826579e-05,6.90850304462008e-05,2.1825632800001206e-06,2.7581098991297603e-06,2.7599247980061742e-05,7.488225460513662e-06,1.1198378164110825e-05,2.016260847359113e-07,1.2559375032590633e-07,8.651871696029774e-07,0.005291444602020741
49.0,0.003701642234601315,0.0007391139630238262,0.00020704088431498801,0.0003090876996140429,0.00014906926145911122,4.5546151160477257e-05,6.863880078083041e-05,2.1639754028746897e-06,2.7339933540279697e-06,2.7495971745854997e-05,7.4424855950571805e-06,1.1125779742842384e-05,1.9995767066293914e-07,1.24534691633418e-07,8.619466617760737e-07,0.0052722876398193196
49.050000000000004,0.003689966195526021,0.0007364249693549847,0.000205816237425959,0.00030714397375302934,0.00014851409104742379,4.526923594371898e-05,6.819576230518166e-05,2.1455618893258887e-06,2.71010768549096e-06,2.7393097136393984e-05,7.397070126314197e-06,1.1053725772654112e-05,1.9830059935742535e-07,1.2348260962372804e-07,8.587199866560162e-07,0.0052532105311621355
49.1,0.0036783289925323547,0.0007337461092353426,0.00020459970345924607,0.00030521375760961174,0.0001479610509318365,4.4994209191824246e-05,6.775589017186309e-05,2.12732095876248e-06,2.686450497507716e-06,2.7290623978672508e-05,7.3519750217384255e-06,1.0982208688458535e-05,1.9665262723620758e-07,1.2243598683679968e-07,8.555076483559789e-07,0.0052342128885396475
49.150000000000006,0.0036667305001665163,0.0007310773486613322,0.00020339122351305648,0.00030329694907398313,0.00014741013403710325,4.472105677898893e-05,6.73191597412077e-05,2.1092508502068604e-06,2.663019420804972e-06,2.718855185477181e-05,7.307195835126579e-06,1.0911220039339147e-05,1.9501177572204935e-07,1.2139346847450215e-07,8.52309465141727e-07,0.005215294324681777
49.2,0.003655170593301439,0.000728418653672897,0.00020219073914625333,0.00030139344686400907,0.00014686133329281184,4.4449764693182623e-05,6.688554657943469e-05,2.0913498220639746e-06,2.6398121125283377e-06,2.708688005554888e-05,7.262727807147313e-06,1.0840750700690419e-05,1.933764261199051e-07,1.2035392826067836e-07,8.491246498840066e-07,0.005196454453052272
49.25,0.0036436491471367113,0.000725769990354444,0.00020099819237453297,0.00029950315051812445,0.0001463146416336703,4.418031903517592e-05,6.64550264568272e-05,2.073616151894601e-06,2.616826255929825e-06,2.6985607548079428e-05,7.218565981736952e-06,1.0770791119932185e-05,1.9174543323636228e-07,1.1931655318121402e-07,8.459521414834372e-07,0.005177692888694959
49.300000000000004,0.0036321660371985117,0.0007231313248357825,0.0001998135256666374,0.000297625960388296,0.00014577005199978936,4.391270601757682e-05,6.602757534592735e-05,2.0560481361929825e-06,2.594059560061746e-06,2.6884732958507543e-05,7.174705332706645e-06,1.0701331583820744e-05,1.9011823244417037e-07,1.1828092695763991e-07,8.427910460921914e-07,0.005159009249229305
49.35,0.003620721139339531,0.0007205026232930485,0.0001986366819405993,0.00029576177763304847,0.00014522755733696033,4.364691196387584e-05,6.560316941974804e-05,2.038644090168614e-06,2.5715097594766837e-06,2.678425457121246e-05,7.131140894466265e-06,1.0632362494477556e-05,1.8849490847551708e-07,1.1724708645709205e-07,8.396410038228864e-07,0.005140403155735366
49.400000000000006,0.0036093143297388735,0.0007178838519496081,0.00019746760456001799,0.00029391050421055014,0.00014468715059692776,4.3382923307499405e-05,6.518178505000044e-05,2.0214023475319214e-06,2.5491746139331578e-06,2.6684170344419482e-05,7.0878678906219514e-06,1.0563874640965945e-05,1.86876200006564e-07,1.1621552961615921e-07,8.365023249158077e-07,0.00512187423330549
49.45,0.00359794548490197,0.0007152749770769525,0.00019630623733037,0.0002920720428717645,0.00014414882473765876,4.312072659087242e-05,6.476339880533902e-05,2.0043212602835964e-06,2.5270519081065868e-06,2.6584477941594418e-05,7.044881854348539e-06,1.0495859453566755e-05,1.8526343075055794e-07,1.1518716676592039e-07,8.333758327144071e-07,0.005103422111163059
49.5,0.0035866144816604625,0.000712675964995571,0.00019515252449534934,0.00029024629715365924,0.0001436125727236068,4.2860308464488733e-05,6.434798744962172e-05,1.9873991985071606e-06,2.5051394513049077e-06,2.6485174777205314e-05,7.002178734863475e-06,1.0428309228809045e-05,1.8365837918779402e-07,1.1416322458440017e-07,8.302624762665758e-07,0.005085046422413488
49.550000000000004,0.003575321197172094,0.0007100867820758137,0.00019400641073324086,0.00028843317137247854,0.00014307838752597186,4.2601655685990414e-05,6.393552794018689e-05,1.970634550164423e-06,2.4834350771883165e-06,2.6386258074749912e-05,6.959754985013754e-06,1.0361217314755661e-05,1.8206311640849996e-07,1.1314512622383848e-07,8.271628774450458e-07,0.005066746803627726
49.6,0.0035640655089205927,0.0007075073947387378,0.00019286784115332513,0.00028663257061707577,0.00014254626212295647,4.234475511925542e-05,6.352599742614608e-05,1.9540257208933936e-06,2.461936643492437e-06,2.628772493436163e-05,6.917607625897206e-06,1.0294578247955564e-05,1.8047984754879475e-07,1.121343762034345e-07,8.240770054978987e-07,0.00504852289449994
49.650000000000006,0.0035528472947155302,0.0007049377694569369,0.00019173676129231263,0.000284844400742303,0.0001420161895000165,4.20895937334931e-05,6.311937324669195e-05,1.937571133808211e-06,2.4406420317542368e-06,2.6189572406849495e-05,6.875734285532502e-06,1.0228387835769713e-05,1.7891078471351077e-07,1.1113247226304437e-07,8.210041132400227e-07,0.005030374337751215
49.7,0.003541666432692197,0.0007023778727553601,0.0001906131171108114,0.00028306856836246363,0.00014148816265010923,4.183615860234843e-05,6.271563292942259e-05,1.9212692293007287e-06,2.4195491470401104e-06,2.6091797570719204e-05,6.834133209818212e-06,1.016264318035282e-05,1.7735806189921762e-07,1.1014085195761165e-07,8.179429570480142e-07,0.005012300779310848
49.75,0.003530522801311444,0.0006998276712121123,0.0001894968549898227,0.0002813049808448199,0.00014096217457393586,4.158443690301377e-05,6.23147541886802e-05,1.9051184648433196e-06,2.398655917675449e-06,2.5994397608574966e-05,6.792803245323793e-06,1.0097342643313135e-05,1.7582368324277287e-07,1.0916086613595471e-07,8.148922104992542e-07,0.004994301868663437
49.800000000000004,0.003519416279359538,0.0006972871314592427,0.00018838792172726844,0.00027955354630316035,0.00014043821828018096,4.13344159153489e-05,6.191671492390548e-05,1.889117314792625e-06,2.3779602949752493e-06,2.5897369879324244e-05,6.751743794775842e-06,1.0032485752853907e-05,1.74309483076883e-07,1.0819376097173337e-07,8.118509098661935e-07,0.0049763772591592806
49.85,0.0035083467459480024,0.0006947562201835198,0.00018728626453454902,0.0002778141735914257,0.00013991628678574773,4.108608302100895e-05,6.152149321800688e-05,1.873264270193962e-06,2.357460252975311e-06,2.580071198279488e-05,6.710954747379038e-06,9.968073057892291e-06,1.728170745213459e-07,1.0724064869955146e-07,8.088187584709372e-07,0.004958526608075187
49.900000000000006,0.003497314080513439,0.000692234904127189,0.0001861918310331288,0.0002760867722973884,0.00013939637311598867,4.083942570257966e-05,6.112906733574382e-05,1.8575578385861796e-06,2.3371537881636975e-06,2.5704421813719323e-05,6.670436387283684e-06,9.904105936127182e-06,1.713477729169878e-07,1.0630245515125989e-07,8.05796169661137e-07,0.004940749576287065
49.95,0.0034863181628173646,0.0006897231500887216,0.00018510456925115382,0.0002743712527363925,0.00013887847030493323,4.059443154272086e-05,6.0739415722125374e-05,1.8419965438069191e-06,2.317038919212365e-06,2.560849760252711e-05,6.630189284524402e-06,9.840586365166587e-06,1.6990249733966276e-07,1.053798463075917e-07,8.027840311499394e-07,0.004923045827553446
50.0,0.003475358872946019,0.0006872209249235444,0.00018402442762009623,0.00027266752594514614,0.00013836257139551063,4.035108822331694e-05,6.0352517000822166e-05,1.8265789257982e-06,2.2971136867088593e-06,2.551293794098989e-05,6.590214173557752e-06,9.777516667521126e-06,1.6848167035248274e-07,1.044731501558839e-07,7.997832896856706e-07,0.004905415027559224
50.050000000000004,0.0034644360913101764,0.0006847281955447605,0.0001829513549714292,0.0002709755036755713,0.00013784866943976945,4.010938352463511e-05,5.996834997259298e-05,1.81130354041247e-06,2.27737615288828e-06,2.5417741791458405e-05,6.5505118250824724e-06,9.71489924144108e-06,1.6708514512337587e-07,1.0358229773432194e-07,7.967945317812549e-07,0.004887856842964856
50.1,0.003453549698644955,0.0006822449289238557,0.0001818853005333306,0.000269295098388709,0.00013733675749909332,3.986930532449102e-05,5.9586893613725194e-05,1.796168959219271e-06,2.2578244013657485e-06,2.5322908479182723e-05,6.511082917107199e-06,9.652736290161826e-06,1.657121857742079e-07,1.0270680475637784e-07,7.938177346427967e-07,0.004870370940700369
50.150000000000006,0.0034426995760096007,0.0006797710920913888,0.00018082621392741358,0.0002676262232486758,0.00013682682864441217,3.96308415974213e-05,5.9208127074488417e-05,1.7811737693127513e-06,2.238456536869766e-06,2.5228437667983266e-05,6.47192791122573e-06,9.591029562102427e-06,1.643615128936654e-07,1.0184580371920726e-07,7.908522846629938e-07,0.00485295698764217
50.2,0.003431885604787288,0.000677306652137674,0.00017977404516548762,0.00026596879211667867,0.00013631887595641072,3.939398041386383e-05,5.88320296776025e-05,1.7663165731204064e-06,2.219270684977042e-06,2.5134329320305076e-05,6.433046939772359e-06,9.529780113941532e-06,1.6303140752398106e-07,1.0099812111414401e-07,7.878972499531232e-07,0.004835614650665713
50.25,0.003421107666684891,0.0006748515762134454,0.0001787287446463452,0.0002643227195450787,0.0001358128925257321,3.9158709939344624e-05,5.845858091671827e-05,1.7515959882133652e-06,2.200264991849313e-06,2.504058364340456e-05,6.394439708976878e-06,9.468988107312099e-06,1.6171985091645794e-07,1.0016238158174747e-07,7.849517966331616e-07,0.0048183435969404425
50.300000000000004,0.003410365643732762,0.0006724058315305122,0.0001776902631525778,0.0002626879207715107,0.00013530887145317847,3.892501843367215e-05,5.808776045491215e-05,1.737010647118696e-06,2.1814376239729014e-06,2.4947201024056363e-05,6.35610542245322e-06,9.408652648182e-06,1.6042466956435513e-07,9.933711482071974e-08,7.820155870569554e-07,0.004801143494266351
50.35,0.003399659418284504,0.0006699693853624015,0.00017665855184741914,0.0002610643117130551,0.0001348068058499079,3.869289425013868e-05,5.771954812319412e-05,1.722559197134148e-06,2.1627867679016757e-06,2.485418195469638e-05,6.318042728378804e-06,9.3487716759125e-06,1.5914365757709687e-07,9.852084313664224e-08,7.790890034583161e-07,0.0047840140112588156
50.400000000000006,0.0033889888730167226,0.0006675422050449845,0.00017563356227161438,0.0002594518089604593,0.00013430668883762686,3.8462325834728324e-05,5.7353923919028426e-05,1.7082403001457516e-06,2.144310630004094e-06,2.476152695431224e-05,6.280249692605199e-06,9.289341906622884e-06,1.57874659930475e-07,9.771213678358286e-08,7.761731022213371e-07,0.004766954817267789
50.45,0.0033783538909287905,0.0006651242579770972,0.0001746152463403183,0.00025785032977241397,0.00013380851354878018,3.8233301725332495e-05,5.699086800486836e-05,1.6940526324487423e-06,2.1260074362150616e-06,2.4669236487637372e-05,6.242723798740495e-06,9.230358832959075e-06,1.5661561647151832e-07,9.690963755918055e-08,7.732693073408152e-07,0.004749965582046972
50.5,0.003367754355342587,0.0006627155116211421,0.00017360355634001812,0.000256259792069877,0.00013331227312673617,3.8005810550971895e-05,5.6630360706703443e-05,1.6799948845721082e-06,2.1078754317931092e-06,2.4577310886286046e-05,6.205461975017006e-06,9.171816779790679e-06,1.5536458188852928e-07,9.611206348590402e-08,7.703789591554025e-07,0.004733045975320025
50.550000000000004,0.0033571901499022424,0.0006603159335036829,0.00017259844492548422,0.0002546801144304501,0.00013281796072596897,3.777984103102571e-05,5.6272382512620366e-05,1.6660657611071353e-06,2.0899128810834676e-06,2.4485750275384382e-05,6.1684606465623215e-06,9.113709012867066e-06,1.5411974504418651e-07,9.531821393413373e-08,7.675028957344056e-07,0.004716195666463192
50.6,0.0033466611585738783,0.0006579254912160263,0.00017159986511674705,0.00025311121608280533,0.0001323255695122374,3.755538197446774e-05,5.5916914071377174e-05,1.6522639805401504e-06,2.0721180672873826e-06,2.439455450900785e-05,6.131715810578951e-06,9.056027895157526e-06,1.528794687456921e-07,9.452699262125394e-08,7.646412277305762e-07,0.0046994143244992095
50.650000000000006,0.0033361672656453253,0.0006555441524147893,0.00017060777029609877,0.00025155301690115935,0.00013183509266275948,3.7332422279109074e-05,5.556393619099014e-05,1.6385882750895852e-06,2.0544892922378736e-06,2.4303723117343146e-05,6.095223130955273e-06,8.99876508357906e-06,1.5164235954404323e-07,9.373745650001678e-08,7.617933835621752e-07,0.004682701618489043
50.7,0.003325708355725858,0.00065317188482246,0.00016962211420512265,0.00025000543739979984,0.00013134652336638464,3.711095093084818e-05,5.521342983733461e-05,1.6250373905474465e-06,2.0370248761820805e-06,2.4213255267970282e-05,6.05897804801727e-06,8.941911757154615e-06,1.5040736148545112e-07,9.294888572620854e-08,7.589583942745854e-07,0.004666057218269164
50.75,0.0033152843137459016,0.0006508086562279418,0.00016864285094174606,0.0002484683987276571,0.0001308598548237614,3.689095700292732e-05,5.486537613275834e-05,1.6116100861250705e-06,2.019723157570017e-06,2.4123149743032463e-05,6.022975898515897e-06,8.885458866400012e-06,1.4917385387616832e-07,9.216085881102834e-08,7.561353019931905e-07,0.004649480795369016
50.800000000000004,0.003304895024956744,0.0006484544344870897,0.00016766993495732002,0.0002469418226629267,0.00013037508024750253,3.6672429655196116e-05,5.4519756354708415e-05,1.5983051343030343e-06,2.0025824928495483e-06,2.403340493335817e-05,5.987212040550576e-06,8.82939739294823e-06,1.4794172605157986e-07,9.137331151028095e-08,7.533235367780509e-07,0.004632972023889838
50.85,0.0032945403749302473,0.0006461091875232359,0.00016670332105372403,0.000245425631607739,0.00012989219286234678,3.645535813338196e-05,5.4176551934371394e-05,1.5851213206849398e-06,1.985601256267142e-06,2.3944018849851933e-05,5.951681977965163e-06,8.773718608101412e-06,1.4671140448883124e-07,9.058655969245926e-08,7.505231192717686e-07,0.004616530581141369
50.900000000000006,0.0032842202495585336,0.0006437728833277009,0.00016574296438049427,0.00024391974858287477,0.00012941118590531684,3.62397317683668e-05,5.383574445532596e-05,1.5720574438546845e-06,1.9687778396738125e-06,2.385498915171196e-05,5.9163814788210576e-06,8.718414319156366e-06,1.4548381891699587e-07,8.980127524393964e-08,7.477346080457825e-07,0.004600156147914037
50.95,0.00327393453505369,0.0006414454899602982,0.0001647888204319786,0.00024242409722253033,0.000128932052625875,3.602553997547108e-05,5.349731565220931e-05,1.5591123152368308e-06,1.9521106523356372e-06,2.3766313190298097e-05,5.88130668284602e-06,8.663477092963087e-06,1.4426031091890452e-07,8.901841760408229e-08,7.449588071954347e-07,0.0045838484083914515
51.0,0.003263683117947445,0.000639126975549824,0.0001638408450445139,0.0002409386017691261,0.0001284547862860748,3.581277225374395e-05,5.316124740939567e-05,1.5462847589595195e-06,1.9355981207479882e-06,2.367798806679202e-05,5.846454193260951e-06,8.608900447217324e-06,1.430425050633891e-07,8.823913690447026e-08,7.421963480428889e-07,0.004567607049837111
51.050000000000004,0.0032534658850908523,0.0006368173082945398,0.00016289899439362907,0.00023946318706816343,0.00012797938016071038,3.560141818526021e-05,5.282752175968804e-05,1.5335736117194337e-06,1.9192386884527047e-06,2.359001070119507e-05,5.811821149079304e-06,8.554679001414776e-06,1.4183217224208039e-07,8.746467240936893e-08,7.394473135782086e-07,0.004551431762262934
51.1,0.0032432827236539715,0.0006345164564626436,0.00016196322499127192,0.00023799777856312702,0.0001275058275374626,3.539146743442382e-05,5.249612088302249e-05,1.5209777226482407e-06,1.9030308158573103e-06,2.3502377909719295e-05,5.7774052748250146e-06,8.50080858114733e-06,1.4063111341259914e-07,8.669626872111789e-08,7.367110561371401e-07,0.004535322238268391
51.150000000000006,0.0032331335211255273,0.0006322243883927287,0.00016103349368305864,0.0002365423022904303,0.00012703412171704184,3.5182909747277467e-05,5.2167027105184413e-05,1.5084959531799397e-06,1.8869729800553745e-06,2.3415086487266132e-05,5.743204905590992e-06,8.447286271431738e-06,1.3944108033295408e-07,8.593512270697539e-08,7.339862778408829e-07,0.0045192781731396535
51.2,0.0032230181653125833,0.000629941072494236,0.0001601097576455488,0.000235096684874409,0.00012656425601332877,3.497573495081886e-05,5.184022289653765e-05,1.4961271769186408e-06,1.871063674647272e-06,2.3328133291468545e-05,5.7092189864214924e-06,8.394110416947864e-06,1.3826373355430697e-07,8.518236070237447e-08,7.312713417925342e-07,0.004503299265169915
51.25,0.0032129365443401923,0.0006276664772478923,0.00015919197438354175,0.00023366085352235564,0.00012609622375351135,3.4769932952322776e-05,5.151569087076495e-05,1.4838702795062449e-06,1.855301409560509e-06,2.324151532470325e-05,5.675447046103947e-06,8.341280569337027e-06,1.371006235645025e-07,8.443903395118079e-08,7.285647027606047e-07,0.00448738521606007
51.300000000000004,0.0032028885466510526,0.0006254005712061417,0.00015828010172739743,0.00023223473601960044,0.00012563001827821968,3.456549373866945e-05,5.1193413783620604e-05,1.471724158489669e-06,1.83968471086905e-06,2.3155229810564395e-05,5.641889146553585e-06,8.288797383977824e-06,1.3595317363419323e-07,8.370611455892406e-08,7.258653102649075e-07,0.004471535731213614
51.35,0.0031928740610051598,0.0006231433229935667,0.0001573740978303803,0.00023081826072463542,0.00012516563294165823,3.436240737567894e-05,5.0873374531694665e-05,1.4596877231872847e-06,1.8242121206111226e-06,2.306927426152202e-05,5.608545810019377e-06,8.236662470819138e-06,1.348226448712476e-07,8.298447585683035e-08,7.231728472597687e-07,0.004455750519756921
51.400000000000006,0.0031828929764794386,0.0006208947013072973,0.00015647392116602466,0.00022941135656427998,0.00012470306111173456,3.416066400745107e-05,5.0555556151187996e-05,1.4477598945543394e-06,1.8088821966051336e-06,2.2983646534858982e-05,5.575417927286969e-06,8.1848782058141e-06,1.3371007422310636e-07,8.227484923343104e-08,7.204877203973568e-07,0.004440029294190389
51.45,0.0031729451824673936,0.0006186546749174139,0.00015557953052552443,0.000228013953028892,0.00012424229617018646,3.396025385571151e-05,5.0239941816699104e-05,1.4359396050473037e-06,1.793693512263601e-06,2.2898344874473255e-05,5.542506650861107e-06,8.133447511176262e-06,1.326161907983394e-07,8.157776144004247e-08,7.178108040968915e-07,0.004424371769691976
51.5,0.003163030568678728,0.0006164232126673378,0.00015469088501514334,0.0002266259801676185,0.00012378333151270545,3.376116721916307e-05,4.992651484002114e-05,1.4242257984871113e-06,1.7786446564050448e-06,2.2813367936725605e-05,5.5098132777393504e-06,8.082373613991844e-06,1.3154132932611007e-07,8.089346750577623e-08,7.151430350822981e-07,0.00440877766321598
51.550000000000004,0.0031531490251389778,0.000614200283474214,0.00015380794405364868,0.0002252473685836902,0.0001233261605490583,3.3563394472842836e-05,4.961525866895007e-05,1.412617429921468e-06,1.7637342330641097e-06,2.272871479918384e-05,5.477339126813173e-06,8.031659793609167e-06,1.3048536622064205e-07,8.02218998861949e-08,7.12485015411179e-07,0.004393246692605491
51.6,0.0031433004421891355,0.0006119858563292857,0.00015293066736976694,0.00022387804942975765,0.000122870776703206,3.3366926067484774e-05,4.930615688610326e-05,1.4011134654864608e-06,1.7489608613002725e-06,2.264438495183265e-05,5.445085416132324e-06,7.981309128644485e-06,1.2944770034739403e-07,7.956265178444817e-08,7.098367772459994e-07,0.004377778575927514
51.650000000000006,0.0031334847104852585,0.0006097799002982558,0.00015205901499965995,0.0002225179544032668,0.0001224171734134194,3.3171752528887394e-05,4.8999193207748075e-05,1.389712882267804e-06,1.7343231750056634e-06,2.256037827105447e-05,5.413053145236254e-06,7.931324254374332e-06,1.2842728852253984e-07,7.891500284457794e-08,7.07197793457462e-07,0.004362373031149261
51.7,0.0031237017209980924,0.000607582384521645,0.00015119294728442448,0.00022116701574187813,0.00012196534413239336,3.297786445728716e-05,4.869435148264122e-05,1.3784146681622043e-06,1.7198198227127494e-06,2.247669497741033e-05,5.38124298749634e-06,7.881707140734626e-06,1.2742273028130347e-07,7.82779828348506e-08,7.045672208613076e-07,0.004347029776148856
51.75,0.003113951365012667,0.0006053932782151355,0.00015033242486761145,0.00021982516621892346,0.00012151528232735731,3.2785252526736764e-05,4.839161569087765e-05,1.3672178217393123e-06,1.7054494674026102e-06,2.2393335578928825e-05,5.349655196938786e-06,7.832458900147024e-06,1.264323834750326e-07,7.765045854632188e-08,7.019442812949335e-07,0.004331748528947784
51.800000000000004,0.003104233534127905,0.0006032125506699097,0.00014947740869276742,0.0002184923391389048,0.00012106698148018399,3.259390748448887e-05,4.809096994274988e-05,1.3561213521048658e-06,1.691210786314759e-06,2.2310300802219455e-05,5.318289533356514e-06,7.78357963300083e-06,1.254544857242312e-07,7.703122417025692e-08,6.993286444196285e-07,0.0043165290079982205
51.85,0.003094548120256222,0.00060104017125298,0.0001486278600009972,0.00021716846833303284,0.00012062043508749557,3.2403820150385093e-05,4.779239847761729e-05,1.3451242787656109e-06,1.6771024707594128e-06,2.222759151423596e-05,5.287145208701959e-06,7.735068316907817e-06,1.2448725798908503e-07,7.64190765515749e-08,6.967206776982013e-07,0.004301370932360341
51.900000000000006,0.0030848950156231103,0.0005988761094075065,0.00014778374032854604,0.0002158534881548031,0.00012017563666076666,3.221498141624981e-05,4.7495885662785066e-05,1.3342256314965796e-06,1.6631232259331411e-06,2.214520863790638e-05,5.256220856822485e-06,7.686922743907775e-06,1.2352897464448035e-07,7.581286308283495e-08,6.941214691053079e-07,0.004286274021656667
51.95,0.0030752741127667393,0.000596720334653112,0.0001469450115044043,0.0002145473334756137,0.00011973257972642585,3.202738224528964e-05,4.7201415992393694e-05,1.323424450211347e-06,1.649271770738849e-06,2.206315306510239e-05,5.22551452760038e-06,7.63913950773094e-06,1.2257799685313686e-07,7.521149986677046e-08,6.915326014738991e-07,0.004271237995783556
52.0,0.0030656853045375296,0.0005945728165861828,0.0001461116356479307,0.00021324993968041916,0.0001192912578259537,3.1841013671497625e-05,4.690897408631787e-05,1.3127197848357546e-06,1.6355468376108808e-06,2.198142557053032e-05,5.1950237055355435e-06,7.591714041115589e-06,1.2163277894274998e-07,7.461396823165856e-08,6.889557473846827e-07,0.004256262574470017
52.050000000000004,0.0030561284840977354,0.0005924335248801653,0.00014528357516649712,0.0002119612426634242,0.00011885166451597902,3.1655866799062907e-05,4.661854468907593e-05,1.3021106951856045e-06,1.6219471723460296e-06,2.1900026730087253e-05,5.164745351806314e-06,7.544640701128681e-06,1.2069186661989195e-07,7.401930506489698e-08,6.863922258378473e-07,0.004241347476860016
52.1,0.0030466035449210247,0.0005903024292858541,0.00014446079275315347,0.0002106811788238157,0.00011841379336837273,3.147193280178557e-05,4.633011266874936e-05,1.2915962508486876e-06,1.608471533941031e-06,2.181895684703917e-05,5.134675967902918e-06,7.497912898525386e-06,1.197539076026574e-07,7.342660381736876e-08,6.838426793216973e-07,0.004226492421311754
52.150000000000006,0.003037110380792041,0.0005881794996316687,0.0001436432513843113,0.00020940968506153018,0.00011797763797033869,3.128920292249645e-05,4.6043663015912205e-05,1.2811755310713985e-06,1.5951186944369507e-06,2.1738215889053136e-05,5.104811678085076e-06,7.451523265481034e-06,1.1881768871953687e-07,7.28350377513621e-08,6.813069802969768e-07,0.004211697125543193
52.2,0.0030276488858059798,0.0005860647058239279,0.00014283091431744891,0.00020814669877306153,0.00011754319192450317,3.110766847248257e-05,4.5759180842571224e-05,1.2708476246501282e-06,1.5818874387707667e-06,2.1657803438667948e-05,5.075148327200232e-06,7.405463854593631e-06,1.1788220145871853e-07,7.224390720409133e-08,6.787843855416452e-07,0.004196961307138062
52.25,0.0030182189543681405,0.0005839580178471106,0.00014202374508883424,0.00020689215784730274,0.00011711044884900107,3.0927320830917365e-05,4.547665138111586e-05,1.2606116298274085e-06,1.5687765646341298e-06,2.1577718659234705e-05,5.045681589833974e-06,7.359726360928892e-06,1.1694672518725552e-07,7.165270232304919e-08,6.76273869659643e-07,0.004182284684314052
52.300000000000004,0.003008820481193491,0.0005818594057641127,0.00014122170751126843,0.00020564600066142616,0.00011667940237756055,3.074815144429651e-05,4.519605998327895e-05,1.250466654192736e-06,1.5557848823391876e-06,2.149796027772755e-05,5.016407086366361e-06,7.3143023580940205e-06,1.1601090813462737e-07,7.10611655606908e-08,6.737745169442645e-07,0.004167666976784794
52.35,0.002999453361306224,0.0005797688397164964,0.0001404247656718485,0.00020440816607679988,0.00011625004615958555,3.057015182587884e-05,4.4917392119107824e-05,1.240411814587818e-06,1.542911214691091e-06,2.1418526585139263e-05,4.987320501285928e-06,7.269183538896964e-06,1.1507482337854156e-07,7.046933603534823e-08,6.71285840556511e-07,0.0041531079065305135
52.400000000000006,0.0029901174900392974,0.0005776862899247282,0.000139632883929748,0.00020317859343493838,0.00011582237386023542,3.039331355513235e-05,4.464063337594541e-05,1.2304462370158544e-06,1.5301543968665921e-06,2.133941545446714e-05,4.958417699071017e-06,7.224361951080182e-06,1.1413898131279796e-07,6.98775610329971e-08,6.688079229891282e-07,0.004138607198323861
52.45,0.0029808127630339912,0.0005756117266884155,0.00013884602691401814,0.00020195722255349135,0.00011539637916050355,3.0217628277185667e-05,4.4365769457422264e-05,1.2205690565544148e-06,1.5175132762980518e-06,2.126062437559015e-05,4.929694833083705e-06,7.179830218905768e-06,1.13204290433767e-07,6.92864678864408e-08,6.663413262440056e-07,0.004124164579930023
52.5,0.002971539076239441,0.0005735451203865294,0.00013806415952140615,0.0002007439937222651,0.00011497205575729307,3.004308770228435e-05,4.409278618245836e-05,1.2107794172712882e-06,1.5049867125618982e-06,2.118215050566604e-05,4.9011484432269405e-06,7.135581741994211e-06,1.1227197199411858e-07,6.869690033758309e-08,6.63886797245924e-07,0.004109779782001975
52.550000000000004,0.002962296325912179,0.0005714864414776254,0.00013728724691419313,0.00019953884769928078,0.00011454939736349114,2.986968360525248e-05,4.3821669484275424e-05,1.2010764721426819e-06,1.492573577270573e-06,2.1103990733064917e-05,4.872775538578746e-06,7.091610863757162e-06,1.1134344689785822e-07,6.810983381071213e-08,6.614448724461182e-07,0.004095452537794267
52.6,0.002953084408615672,0.000569435660500055,0.00013651525451805038,0.00019834172570686715,0.00011412839770804147,2.969740782495929e-05,4.355240540941936e-05,1.191459382973047e-06,1.4802727539668417e-06,2.1026141752325188e-05,4.844573661820275e-06,7.04791300297885e-06,1.104202203227932e-07,6.752628980745095e-08,6.590155298797623e-07,0.00408118258287714
52.650000000000006,0.0029439032212198444,0.0005673927480721692,0.00013574814801991283,0.0001971525694277859,0.00011370905053601428,2.952625226379045e-05,4.328498011679216e-05,1.1819273203157812e-06,1.4680831380193102e-06,2.0948600147189472e-05,4.816540932995324e-06,7.004484743549474e-06,1.0950378771484883e-07,6.694726821860052e-08,6.565980206728691e-07,0.004066969655014984
52.7,0.002934752660900613,0.0005653576748925176,0.00013498589336587217,0.0001959713210013936,0.0001132913496086755,2.9356208887124565e-05,4.3019379876694096e-05,1.1724794633941004e-06,1.456003636518037e-06,2.0871362478467432e-05,4.78867607095151e-06,6.961323878986874e-06,1.085955756986849e-07,6.637370815628361e-08,6.54190940909278e-07,0.004052813494285972
52.75,0.002925632625139403,0.0005633304117400378,0.00013422845675908633,0.0001947979230198348,0.00011287528870355334,2.9187269722814044e-05,4.275559106987481e-05,1.1631150000213329e-06,1.4440331681690874e-06,2.0794425373288715e-05,4.760978391687341e-06,6.91842941014291e-06,1.0769691759803207e-07,6.580647662502289e-08,6.517925152361475e-07,0.004038713843407373
52.800000000000004,0.0029165430117226703,0.0005613109294742404,0.00013347580465770768,0.00019363231852427014,0.00011246086161450364,2.9019426860670777e-05,4.249360018659393e-05,1.1538331265200094e-06,1.4321706631870454e-06,2.0717785612260245e-05,4.7334477837330415e-06,6.875801496316922e-06,1.0680905120309695e-07,6.524637472649297e-08,6.494009960401837e-07,0.004024670448144645
52.85,0.002907483718741422,0.000559299199035387,0.00013272790377282892,0.00019247445100113757,0.00011204806215177371,2.8852672451956336e-05,4.223339382569064e-05,1.1446330476391655e-06,1.4204150631845726e-06,2.0641440211126555e-05,4.706084661591291e-06,6.833441361821761e-06,1.0593312010714637e-07,6.469414626463739e-08,6.470150548378205e-07,0.00401068305764677
52.900000000000006,0.0028984546445907184,0.0005572951914446592,0.00013198472106644522,0.0001913242643784446,0.00011163688414206384,2.8686998708876276e-05,4.197495869366148e-05,1.135513976469367e-06,1.4087653210582486e-06,2.0565386493746987e-05,4.67888989912261e-06,6.7913511617981e-06,1.0507016081297154e-07,6.415047439067627e-08,6.446340511136904e-07,0.003996751424563382
52.95,0.002889455687969194,0.0005552988778043256,0.00013124622374943544,0.00019018170302209568,0.00011122732142858814,2.852239790407903e-05,4.1718281603746983e-05,1.1264751343551467e-06,1.397220400870192e-06,2.0489622153540813e-05,4.651864745544661e-06,6.749533812678621e-06,1.0422106504902318e-07,6.361595757605851e-08,6.422580987195588e-07,0.003982875304849799
53.0,0.0028804867478785527,0.0005533102292978971,0.0001305123792795587,0.0001890467117322491,0.00011081936787113282,2.8358862370158558e-05,4.146334947502581e-05,1.1175157508045998e-06,1.3857792777250749e-06,2.041414530099612e-05,4.62501072739254e-06,6.70799279409551e-06,1.0338651784695515e-07,6.309106497567177e-08,6.398879070492327e-07,0.003969054457245459
53.050000000000004,0.0028715477236230746,0.0005513292171902801,0.000129783155359469,0.00018791923573970753,0.0001104130173461135,2.8196384499161235e-05,4.121014933151693e-05,1.1086350633961108e-06,1.3744409376424614e-06,2.0338954495375676e-05,4.598329540330211e-06,6.666731930141428e-06,1.0256692345440433e-07,6.257608047115553e-08,6.375244468206173e-07,0.003955288642506955
53.1,0.002862638514809118,0.0005493558128279229,0.00012905851993474693,0.0001867992207023401,0.00011000826374663092,2.8034956742096612e-05,4.095866830128927e-05,1.0998323176822838e-06,1.363204377424587e-06,2.0264048759360774e-05,4.571822935087078e-06,6.625755158683174e-06,1.0176233911911799e-07,6.207105116956804e-08,6.351685564757174e-07,0.003941577622559147
53.150000000000006,0.002853759021344606,0.0005473899876389523,0.00012833844119194661,0.0001856866127015343,0.00010960510098252438,2.7874571608451752e-05,4.070889361557814e-05,1.09110676709131e-06,1.3520686045199266e-06,2.01894275760298e-05,4.5454926020017694e-06,6.585066297852295e-06,1.0097243775157834e-07,6.157575710034205e-08,6.328206319915927e-07,0.003927921159757933
53.2,0.0028449091434385315,0.0005454317131333102,0.000127622887556661,0.000184581358238681,0.00010920352298042445,2.77152216657096e-05,4.0460812607909194e-05,1.0824576728261834e-06,1.3410326368831786e-06,2.0115090868247632e-05,4.51934005867841e-06,6.544668818878869e-06,1.0019651358570652e-07,6.108971346317418e-08,6.304805107492866e-07,0.003914319016414539
53.25,0.0028360887816004337,0.0005434809609028779,0.00012691182769160208,0.00018348340423168823,0.00010880352368380319,2.7556899538870673e-05,4.0214412713228635e-05,1.0738843037622434e-06,1.3300955028324104e-06,2.0041038961216872e-05,4.493366545098318e-06,6.504565634092668e-06,9.943353297822653e-08,6.061220718765003e-08,6.28147582853909e-07,0.003900770954632527
53.300000000000004,0.0028272978366398905,0.0005415377026215995,0.00012620523049469806,0.00018239269801152667,0.00010840509705302323,2.739959790997857e-05,3.996968146704038e-05,1.0653859363437063e-06,1.3192562409043765e-06,1.9967272529588886e-05,4.467572930191947e-06,6.464758908210717e-06,9.868222025167824e-08,6.014235986673034e-08,6.258210799053462e-07,0.00388727673640302
53.35,0.0028185362096660046,0.0005396019100455973,0.00012550306509720698,0.00018130918731880548,0.00010800823706538517,2.724330951764903e-05,3.972660650454976e-05,1.056961854479889e-06,1.3085138997091048e-06,1.9893792531124018e-05,4.44195963337897e-06,6.425249899998903e-06,9.79411601783576e-08,5.967920278994981e-08,6.235004373391982e-07,0.0038738361238341967
53.400000000000006,0.0028098038020868753,0.0005376735550132804,0.00012480530086184506,0.00018023282030037646,0.00010761293771517272,2.7088027156602324e-05,3.9485175559813376e-05,1.0486113494418977e-06,1.297867537784949e-06,1.982060012940509e-05,4.416526563954259e-06,6.386038840092056e-06,9.72088963176588e-08,5.922174817188081e-08,6.211856132397579e-07,0.0038604488793723734
53.45,0.002801100515609085,0.000535752609445451,0.00012411190738093243,0.00017916354550597018,0.00010721919301369692,2.6933743677199555e-05,3.924537646489595e-05,1.0403337197606286e-06,1.2873162234554164e-06,1.974769660852582e-05,4.391273080465107e-06,6.347124849247838e-06,9.648400775374404e-08,5.8769043334161193e-08,6.188772643912637e-07,0.003847114765894165
53.5,0.002792426252237165,0.0005338390453454016,0.00012342285447455306,0.0001781013118848591,0.00010682699698933787,2.678045198498217e-05,3.900719714903316e-05,1.032128271126868e-06,1.276859034689004e-06,1.9675083282979177e-05,4.366197971424119e-06,6.308505899667343e-06,9.576515427388808e-08,5.8320200338972374e-08,6.165767184489102e-07,0.0038338335465982797
53.550000000000004,0.00278378091427307,0.0005319328347990081,0.0001227381121887313,0.00017704606878255136,0.00010643634368758517,2.6628145040215325e-05,3.877062563780145e-05,1.0239943162943145e-06,1.2664950589633172e-06,1.960276140615049e-05,4.341299457869055e-06,6.270178820316128e-06,9.505108972486569e-08,5.7874400980885317e-08,6.142857365298752e-07,0.003820604984695792
53.6,0.002775164404315652,0.0005300339499748191,0.0001220576507936236,0.0001759977659375135,0.00010604722717107673,2.64768158574349e-05,3.853565005229457e-05,1.0159311749862486e-06,1.2562233931346069e-06,1.9530732080867696e-05,4.316575217449428e-06,6.232139345496017e-06,9.434065299954927e-08,5.743088454868609e-08,6.120061275896195e-07,0.003807428842979486
53.650000000000006,0.0027665766252601143,0.0005281423631241367,0.00012138144078172486,0.0001749563534779201,0.00010565964151963525,2.632645750499802e-05,3.830225860830663e-05,1.007938173806484e-06,1.2460431433137206e-06,1.9458996175376868e-05,4.292022428922356e-06,6.194382204317495e-06,9.363275302781409e-08,5.6988931255878406e-08,6.097393337753868e-07,0.0037943048834206323
53.7,0.0027580174802974873,0.0005262580465810947,0.00012070945286609105,0.000173921781918434,0.00010527358083030384,2.617706310463768e-05,3.807043961552281e-05,1.0000146461551643e-06,1.235953424749346e-06,1.9387554247899325e-05,4.267637835205519e-06,6.156901247262147e-06,9.292636549875994e-08,5.654785541252955e-08,6.07486123993305e-07,0.0037812328669597477
53.75,0.002749486872914079,0.0005243809727627301,0.00012004165797857557,0.00017289400215701249,0.00010488903921737915,2.6028625831020882e-05,3.7840181476716714e-05,9.921599321497668e-07,1.22595336171913e-06,1.9316406482595e-05,4.243417822486392e-06,6.1196896047495335e-06,9.222055390830463e-08,5.610701834864544e-08,6.052464945942825e-07,0.0037682125536080647
53.800000000000004,0.0027409847068909357,0.00052251111416905,0.00011937802726808141,0.0001718729654717426,0.00010450601081244337,2.588113891131092e-05,3.761147268695565e-05,9.843733785515837e-07,1.2160420874290948e-06,1.9245552639321684e-05,4.219358512344418e-06,6.082739871568432e-06,9.151451777600569e-08,5.566586330727152e-08,6.030197975040016e-07,0.003755243702878321
53.85,0.0027325108863033016,0.0005206484433830943,0.00011871853209882804,0.00017085862351770402,0.00010412448976439471,2.573459562473361e-05,3.738430183281346e-05,9.766543386977443e-07,1.2062187439214735e-06,1.917499201905685e-05,4.195455863419795e-06,6.0460443102208946e-06,9.080766017147833e-08,5.522396609947863e-08,6.008050368772037e-07,0.0037423260744633346
53.900000000000006,0.002724065315520063,0.0005187929330709909,0.00011806314404863193,0.0001698509283238579,0.00010374447023947574,2.5588989302147377e-05,3.7158657591591e-05,9.690021724386724e-07,1.196482481990815e-06,1.9104723446260192e-05,4.171705778869599e-06,6.0095950656737616e-06,9.009965871219194e-08,5.4781089197512404e-08,5.986012290832099e-07,0.0037294594290189836
53.95,0.0027156478992032074,0.0005169445559820099,0.00011741183490720307,0.00016884983228996483,0.00010336594642130105,2.5444313325617678e-05,3.6934528730544985e-05,9.614162460807335e-07,1.1868324611079843e-06,1.9034745268824434e-05,4.148104215694053e-06,5.97338438372248e-06,8.939052121693696e-08,5.4337224771165845e-08,5.964077154725333e-07,0.003716643528896739
54.0,0.0027072585423072617,0.0005151032849486082,0.00011676457667445432,0.00016785528818352745,0.0001029889125108828,2.5300561127995257e-05,3.671190410612461e-05,9.538959323336051e-07,1.1772678493513635e-06,1.896505537561158e-05,4.124647291993746e-06,5.937404825145568e-06,8.868060958076763e-08,5.389261405555613e-08,5.942243402033676e-07,0.003703878138697131
54.050000000000004,0.0026988971500787433,0.0005132690928864736,0.00011612134155882599,0.0001668672491367611,0.00010261336272665526,2.5157726192498696e-05,3.6490772663216684e-05,9.46440610261814e-07,1.1677878233443935e-06,1.889565123092898e-05,4.101331388330599e-06,5.901649468059957e-06,8.797062223557422e-08,5.3447735577942843e-08,5.920514425745212e-07,0.0036911630255644884
54.1,0.002690563628055604,0.0005114419527945628,0.00011548210197562452,0.00016588566864359075,0.00010223929130449826,2.5015802052301083e-05,3.627112343439904e-05,9.390496652397027e-07,1.1583915681983341e-06,1.8826529924685017e-05,4.078153239604454e-06,5.866112091365706e-06,8.72615353552609e-08,5.30032621789554e-08,5.89889661490556e-07,0.0036784979592086983
54.150000000000006,0.002682257882066663,0.0005096218377551327,0.00011484683054537425,0.00016491050055667268,0.0001018666924977588,2.487478229012055e-05,3.6052945539201914e-05,9.317224889089884e-07,1.1490782774589542e-06,1.8757688236401575e-05,4.055110014214777e-06,5.830787332877116e-06,8.65545136314021e-08,5.255999500559032e-08,5.877396071548871e-07,0.0036658827117165777
54.2,0.0026739798182310558,0.0005078087209337707,0.00011421550009218431,0.00016394169908444403,0.00010149556057727238,2.4734660537815143e-05,3.583622818337799e-05,9.244584791380257e-07,1.139847153055789e-06,1.86891227107687e-05,4.0321993777409004e-06,5.795670816653955e-06,8.585080970359243e-08,5.2118789225024514e-08,5.856015065573771e-07,0.0036533170572827633
54.25,0.0026657293429576587,0.0005060025755794175,0.00011358808364212805,0.00016297921878819587,0.00010112588983138234,2.459543047598139e-05,3.5620960658180054e-05,9.172570399817819e-07,1.130697405252436e-06,1.8620829742021257e-05,4.0094195389295835e-06,5.760759245142824e-06,8.515167380090464e-08,5.168048827166757e-08,5.834749479600369e-07,0.003640800772014305
54.300000000000004,0.002657506362944529,0.0005042033750243871,0.00011296455442163685,0.00016202301457917315,0.0001007576745659589,2.4457085833556906e-05,3.540713233964687e-05,9.101175816415726e-07,1.1216282525964207e-06,1.855280566411249e-05,3.986769276408654e-06,5.726050452982485e-06,8.445829043058751e-08,5.124587969748964e-08,5.813588178944083e-07,0.0036283336339246537
54.35,0.0026493107851783384,0.0005024110926843829,0.00011234488585590752,0.00016107304171569968,0.00010039090910441708,2.4319620387426824e-05,3.5194732687896705e-05,9.030395204235885e-07,1.1126389218671381e-06,1.8485046843462736e-05,3.964247945229926e-06,5.691543420679166e-06,8.377174870022941e-08,5.081567748265289e-08,5.792514530267036e-07,0.0036159154231449405
54.400000000000006,0.002641142516933794,0.0005006257020585064,0.0001117290515673221,0.00016012925580032676,0.0001000255877877332,2.4183027962033644e-05,3.498375124642788e-05,8.960222786952979e-07,1.1037286480204568e-06,1.841754977097926e-05,3.941855463061811e-06,5.6572382477767616e-06,8.309304115772846e-08,5.039052638209302e-08,5.771509538766646e-07,0.003603545922286095
54.45,0.0026330014657730753,0.0004988471767292666,0.00011111702537388237,0.00015919161277700843,9.96617049744614e-05,2.404730242899094e-05,3.477417764142687e-05,8.890652848389296e-07,1.0948966741287485e-06,1.83503111500772e-05,3.91959227657808e-06,5.6231360865864384e-06,8.242307738743548e-08,4.9971017221977167e-08,5.750555616930064e-07,0.0035912249168266234
54.5,0.0026248875395452516,0.0004970754903625805,0.00011050878128765609,0.00015826006892829934,9.929925504074834e-05,2.3912437706700123e-05,3.456600158108257e-05,8.821679732013065e-07,1.0861422513152211e-06,1.8283327977578362e-05,3.8974593092983505e-06,5.589239038951275e-06,8.176269566754867e-08,4.955770002139876e-08,5.729639939690385e-07,0.00357895219539232
54.550000000000004,0.002616800646385708,0.0004953106167077723,0.00010990429351323716,0.00015733458087257806,9.893823238034773e-05,2.377842775997066e-05,3.435921285490715e-05,8.753297840394901e-07,1.0774646386817083e-06,1.8216597614620252e-05,3.875457892802664e-06,5.555550019854433e-06,8.111265870818838e-08,4.915108410365386e-08,5.708756557068443e-07,0.0035667275498230382
54.6,0.00260874069471557,0.0004935525295975683,0.00010930353644621877,0.00015641510556129454,9.85786314046339e-05,2.3645266599643354e-05,3.415380133306273e-05,8.685501634618351e-07,1.0688631032292932e-06,1.815011784506141e-05,3.853589683840841e-06,5.5220725928821794e-06,8.047362618527167e-08,4.875161953868299e-08,5.687906763233468e-07,0.0035545507749685148
54.650000000000006,0.0026007075932411154,0.0004918012029480858,0.00010870648467167837,0.00015550160027624,9.822044654261406e-05,2.3512948282216383e-05,3.3949756965693194e-05,8.618285633642231e-07,1.0603369197714027e-06,1.8083886919309635e-05,3.831856570363681e-06,5.488810783577032e-06,7.984610551931478e-08,4.835966091418317e-08,5.667097612003017e-07,0.0035424216682116635
54.7,0.0025927012509532,0.0004900566107588213,0.00010811311296267677,0.00015459402262684243,9.78636722409404e-05,2.338146690947439e-05,3.374706978226152e-05,8.551644413614767e-07,1.051885370839361e-06,1.8017903582012053e-05,3.8102605698965918e-06,5.455768877516479e-06,7.923039098435259e-08,4.797542110659205e-08,5.646338949898464e-07,0.003530340028782924
54.75,0.0025847215771266654,0.0004883187271126319,0.00010752339627876838,0.00015369233054748351,9.750830296392057e-05,2.3250816628119964e-05,3.354572989089124e-05,8.485572607140874e-07,1.0435077465806046e-06,1.795216708261156e-05,3.788803723939877e-06,5.4229512104910574e-06,7.862650723806472e-08,4.759892753582091e-08,5.625639840403578e-07,0.0035183056569916328
54.800000000000004,0.0025767684813197563,0.00048658752617571386,0.0001069373097645249,0.00015279648229484002,9.715433319352771e-05,2.312099162940784e-05,3.334572747771253e-05,8.420064902506398e-07,1.0352033446501326e-06,1.7886677168375225e-05,3.767487992202956e-06,5.390361958406515e-06,7.803417446728894e-08,4.7229994455253976e-08,5.605005550431922e-07,0.003506318353533334
54.85,0.0025688418733735355,0.00048486298219757926,0.00010635482874807131,0.00015190643644524818,9.680175742940945e-05,2.2991986148781552e-05,3.3147052806212236e-05,8.355116042864502e-07,1.0269714700959836e-06,1.7821434060114248e-05,3.74631515045648e-06,5.358004934484333e-06,7.745280765945765e-08,4.686822123507617e-08,5.584436132569157e-07,0.0034943779190104267
54.900000000000006,0.002560941663411286,0.0004831450695110252,0.0001057759287396333,0.0001510221518920896,9.645057018889538e-05,2.2863794465512214e-05,3.294969621658737e-05,8.29072082539107e-07,1.018811435239795e-06,1.7756438411421584e-05,3.725286695618573e-06,5.325883400986154e-06,7.68815533726973e-08,4.651301931478246e-08,5.563927052867954e-07,0.0034824841537288084
54.95,0.0025530677618379296,0.0004814337625321034,0.0001052005854300981,0.0001501435878432015,9.610076600700422e-05,2.273641090233993e-05,3.275364812510256e-05,8.226874100417689e-07,1.0107225595537437e-06,1.7691691252830814e-05,3.7044037613875583e-06,5.293999902058881e-06,7.631935718954806e-08,4.616366238879395e-08,5.543471554353696e-07,0.0034706368577386657
55.0,0.0025452200793394234,0.0004797290357600828,0.00010462877468958604,0.00014927070381830752,9.575233943644907e-05,2.2609829825117146e-05,3.255889902345048e-05,8.163570770551363e-07,1.0027041695352845e-06,1.7627193922826655e-05,3.683667047307968e-06,5.2623561234206696e-06,7.576504762919262e-08,4.581934864015252e-08,5.523063883709543e-07,0.003458835831017203
55.050000000000004,0.0025373985268821704,0.00047803086377741077,0.00010406047256603503,0.00014840345964647203,9.54052850476419e-05,2.2484045642454504e-05,3.236543947811593e-05,8.100805789791442e-07,9.947555985812864e-07,1.756294798809647e-05,3.66307676363017e-06,5.230952783529699e-06,7.521741974781041e-08,4.547926205244514e-08,5.502702346733199e-07,0.0034470808736695915
55.1,0.0025296030157124253,0.0004763392212496708,0.00010349565528379665,0.00014754181546357612,9.505959742869693e-05,2.2359052805368917e-05,3.217326012974335e-05,8.038574162654366e-07,9.868761868631937e-07,1.749895515578504e-05,3.6426325937206264e-06,5.199789559650007e-06,7.467530369694751e-08,4.5142621623723945e-08,5.482391333901063e-07,0.0034353717860442735
55.150000000000006,0.0025218334573556896,0.0004746540829255348,0.00010293429924224341,0.0001466857317098144,9.47152711854321e-05,2.2234845806933837e-05,3.198235169250753e-05,7.976870943316937e-07,9.79065281204871e-07,1.7435217180789474e-05,3.6223336751270976e-06,5.168865050910511e-06,7.413760864089727e-08,4.480871135547115e-08,5.462141781089553e-07,0.0034237083686986243
55.2,0.0025140897636161193,0.0004729754236367149,0.0001023763810143886,0.00014583516912721508,9.437230094137007e-05,2.2111419181932155e-05,3.17927049534884e-05,7.915691234788854e-07,9.713222349647636e-07,1.7371735771297865e-05,3.602178599728967e-06,5.138176779102855e-06,7.360333914457104e-08,4.4476888959140636e-08,5.441969883597803e-07,0.003412090422196265
55.25,0.0025063718465759177,0.0004713032182979092,0.00010182187734551666,0.00014499008875717948,9.403068133773709e-05,2.1988767506511342e-05,3.1604310772049456e-05,7.855030188124083e-07,9.636464079238714e-07,1.7308512495827664e-05,3.5821654327339546e-06,5.107721226635485e-06,7.307158819340901e-08,4.4146576495789555e-08,5.421894273842796e-07,0.003400517746766828
55.300000000000004,0.002498679618594735,0.00046963744190674597,0.00010127076515182563,0.00014415045193804418,9.369040703346103e-05,2.186688539784135e-05,3.141716007922054e-05,7.794883001680233e-07,9.5603716618093e-07,1.724554869495807e-05,3.5622917496438e-06,5.077493909805148e-06,7.254151717508135e-08,4.381724093117951e-08,5.401932319580306e-07,0.003388990141912694
55.35,0.002491012992309068,0.0004679780695437249,0.00010072302151908105,0.0001433162203026639,9.335147270516811e-05,2.174576751377524e-05,3.1231243877085315e-05,7.735244920433393e-07,9.484938820559639e-07,1.718284540077674e-05,3.542554689723457e-06,5.047489484402394e-06,7.201233689461063e-08,4.348837565585655e-08,5.382096574136483e-07,0.0033775074060895336
55.400000000000006,0.0024833718806316477,0.000466325076372153,0.0001001786237012802,0.0001424873557760142,9.301387304717775e-05,2.162540855251247e-05,3.104655323817342e-05,7.676111235354383e-07,9.410159340031325e-07,1.7120403266783013e-05,3.522951023988143e-06,5.017701879666814e-06,7.148330332919188e-08,4.315949385826741e-08,5.362392477241512e-07,0.003366069336591847
55.45,0.00247575619675084,0.0004646784376380803,9.963754911932868e-05,0.00014166382057281636,9.267760277149696e-05,2.1505803252265427e-05,3.08630793048584e-05,7.617477282850871e-07,9.336027065335587e-07,1.7058222510618754e-05,3.503477235283018e-06,4.988124455772918e-06,7.095373671767195e-08,4.283014063105838e-08,5.342818024651072e-07,0.0033546757297259937
55.5,0.00246816585413003,0.00046303812867022994,9.909977535972687e-05,0.00014084557719518112,9.234265660781268e-05,2.1386946390928866e-05,3.0680813288761035e-05,7.55933844427738e-07,9.262535901484683e-07,1.69963028715474e-05,3.4841296076798923e-06,4.958750179372261e-06,7.042306422158553e-08,4.249992406046722e-08,5.323365423211681e-07,0.00334332638126645
55.550000000000004,0.0024606007665070183,0.0004614041248799267,9.856528017326808e-05,0.0001400325884302737,9.20090293034834e-05,2.1268832785752725e-05,3.0499746470159134e-05,7.501690145513619e-07,9.189679812827159e-07,1.6934643584090237e-05,3.4649043221605774e-06,4.929571811249868e-06,6.989087788092465e-08,4.2168558803638976e-08,5.304024069803939e-07,0.0033320210871068813
55.6,0.00245306084789341,0.00045977640176102295,9.803404147374752e-05,0.00013922481734799893,9.167671562352976e-05,2.1151457293018364e-05,3.031987019740393e-05,7.444527856609202e-07,9.117452822584128e-07,1.6873243368674035e-05,3.4457975553998244e-06,4.9005820998742935e-06,6.935699385396212e-08,4.1835911210897704e-08,5.28478385213596e-07,0.003320759643972277
55.650000000000006,0.0024455460125739972,0.00045815493488981943,9.750603733668135e-05,0.00013842222729870506,9.134571035062354e-05,2.1034814807718098e-05,3.0141175886343133e-05,7.387847091490767e-07,9.045849012480634e-07,1.6812100439566407e-05,3.4268055784034715e-06,4.871773974529949e-06,6.882149748890778e-08,4.1502034114899974e-08,5.265637834874664e-07,0.0033095418500618755
55.7,0.0024380561751061553,0.0004565396999249864,9.698124599803737e-05,0.00013762478191090908,9.101600828507644e-05,2.0918900263238582e-05,2.9963655019751568e-05,7.331643407725858e-07,8.974862522463521e-07,1.675121252979549e-05,3.407924851798491e-06,4.843140731813309e-06,6.828476151206703e-08,4.1167181678993385e-08,5.246583703561982e-07,0.0032983675055281284
55.75,0.00243059125031922,0.0004549306726074788,9.645964585297527e-05,0.00013683244508903974,9.068760424482732e-05,2.0803708631047573e-05,2.9787299146768878e-05,7.275912406335691e-07,8.904487550493932e-07,1.6690576932186806e-05,3.3891521147077738e-06,4.814676209544784e-06,6.774743033237829e-08,4.0831799012898125e-08,5.227623688306234e-07,0.003287236412741656
55.800000000000004,0.0024231511533138747,0.0004533278287604506,9.594121545459805e-05,0.00013604518101120118,9.036049306542911e-05,2.068923492038454e-05,2.9612099882345057e-05,7.220649731647847e-07,8.834718352400757e-07,1.663019055512314e-05,3.3704844643695322e-06,4.78637494258773e-06,6.721037076038885e-08,4.049648664815482e-08,5.208763001405582e-07,0.0032761483763363184
55.85,0.0024157357994615382,0.00045173114428916674,9.542593351271377e-05,0.00013526295412695562,9.00346696000351e-05,2.0575474177954987e-05,2.943804890669363e-05,7.165851071178382e-07,8.765549241779086e-07,1.6570049991157368e-05,3.3519194239718236e-06,4.758232295663469e-06,6.667459711709274e-08,4.016194573601247e-08,5.190007145372211e-07,0.003265103203074537
55.900000000000006,0.0024083451044037397,0.00045014059518090984,9.491377889260696e-05,0.00013448572915512405,8.971012871938414e-05,2.0462421487628218e-05,2.926513796475218e-05,7.111512155531903e-07,8.696974589916187e-07,1.6510151596199206e-05,3.3334549965585866e-06,4.730244568992373e-06,6.614118518790159e-08,3.982891485056808e-08,5.171358800247924e-07,0.0032541007016205037
55.95,0.0024009789840515076,0.00044855615750488784,9.440473061382122e-05,0.00013371347108160727,8.938686531178613e-05,2.0350071970139026e-05,2.9093358865650725e-05,7.05762875830786e-07,8.62898882572708e-07,1.645049157666619e-05,3.31508970331407e-06,4.702409073457828e-06,6.561119252217444e-08,3.949811178896557e-08,5.152815249803159e-07,0.0032431406823405333
56.0,0.002393637354584743,0.00044697780741213556,9.389876784895087e-05,0.0001329461451572241,8.906487428310636e-05,2.0238420782792607e-05,2.8922703482187015e-05,7.004196696000683e-07,8.561586435680826e-07,1.6391066081744846e-05,3.2968226050349847e-06,4.674724172959361e-06,6.508560041149481e-08,3.9170192267254976e-08,5.134367246788611e-07,0.003232222957241404
56.050000000000004,0.002386320132451604,0.00044540552113541613,9.339586992244342e-05,0.00013218371689556905,8.874415055675004e-05,2.0127463119173052e-05,2.875316375030901e-05,6.951211827881993e-07,8.494761963699529e-07,1.6331871297757627e-05,3.2786533061405976e-06,4.6471892926681945e-06,6.456528569575323e-08,3.884573184692913e-08,5.115999769546876e-07,0.003221347340101487
56.1,0.002379027234367883,0.0004438392749891197,9.289601630941183e-05,0.00013142615207088849,8.842468907364656e-05,2.001719420885509e-05,2.8584731668603928e-05,6.898670055853463e-07,8.428510011012539e-07,1.6272903541576322e-05,3.2605819411343714e-06,4.61980489299274e-06,6.405102083419417e-08,3.852522970084571e-08,5.097694457585242e-07,0.0032105136467670925
56.150000000000006,0.002371758577316381,0.00044227904536915755,9.239918663445605e-05,0.00013067341671597365,8.810648479223312e-05,1.990760931711875e-05,2.8417399297793153e-05,6.846567324259821e-07,8.362825235949825e-07,1.6214159350064666e-05,3.2426091440002293e-06,4.592572410171371e-06,6.354349214996108e-08,3.820912610662435e-08,5.07943295842956e-07,0.0031997216955174696
56.2,0.0023645140785462917,0.0004407248087528571,9.19053606704953e-05,0.0001299254771200735,8.778953268843877e-05,1.9798703744667158e-05,2.8251158760233093e-05,6.794899619653096e-07,8.297702353660743e-07,1.6155635562669676e-05,3.224736001574358e-06,4.56549416550125e-06,6.304332191231334e-08,3.789782239680188e-08,5.061200218177203e-07,0.0031889713073762604
56.25,0.002357293655572567,0.0004391765416988512,9.141451833760896e-05,0.0001291822998268238,8.747382775566777e-05,1.9690472827346744e-05,2.808600223942067e-05,6.743662970500367e-07,8.233136135746409e-07,1.6097329394506793e-05,3.2069639924609238e-06,4.538573246248808e-06,6.255108085471186e-08,3.759169301026781e-08,5.042986909213644e-07,0.003178262306266914
56.300000000000004,0.0023500972261752988,0.0004376342208469674,9.092663970188786e-05,0.0001284438516321947,8.715936500478311e-05,1.9582911935870104e-05,2.7921921979503454e-05,6.692853446829596e-07,8.169121409797191e-07,1.603923849759288e-05,3.1892949135391155e-06,4.5118133622343525e-06,6.206728246961071e-08,3.7291083055717585e-08,5.024790524358663e-07,0.0031675945189534953
56.35,0.0023429247083990934,0.0004360978229181147,9.044170497429493e-05,0.00012771009958245617,8.684613946408992e-05,1.9476016475541056e-05,2.775891028479357e-05,6.642467159809902e-07,8.105653058829708e-07,1.5981361008262165e-05,3.1717307965211133e-06,4.485218682903506e-06,6.1592356834098e-08,3.699628973141112e-08,5.00661498522936e-07,0.0031569677747530227
56.400000000000006,0.0023357760205524394,0.00043456732471416605,8.995969450953473e-05,0.0001269810109721595,8.653414617931818e-05,1.9369781885981576e-05,2.759695951928456e-05,6.592500261264871e-07,8.042726020621047e-07,1.5923695579242794e-05,3.154273817349765e-06,4.4587936603583244e-06,6.11266081786321e-08,3.670753077979039e-08,4.98846886681789e-07,0.0031463819050436643
56.45,0.0023286510812070872,0.00043304270311784185,8.948058880493328e-05,0.00012625655334213784,8.622338021360588e-05,1.926420364086075e-05,2.743606210617115e-05,6.542948943120011e-07,7.980335286941728e-07,1.586624139536245e-05,3.1369262014571183e-06,4.432542844290914e-06,6.067016579629066e-08,3.642490717260911e-08,4.970362607148698e-07,0.003135836742630438
56.5,0.002321549809197414,0.0004315239350925879,8.900436849932611e-05,0.0001255366944775219,8.591383664748114e-05,1.91592772476251e-05,2.7276210527370735e-05,6.493809436787357e-07,7.918475902691926e-07,1.5808998172374026e-05,3.1196901280299135e-06,4.406470695018208e-06,6.02229411226146e-08,3.614836981455274e-08,4.952305381511375e-07,0.0031253321210677858
56.550000000000004,0.002314472123619798,0.0004300109976824535,8.853101437195624e-05,0.00012482140240577388,8.56055105788444e-05,1.905499824723048e-05,2.7117397323046617e-05,6.445078012492803e-07,7.857142964949268e-07,1.5751966138932236e-05,3.1025676364403784e-06,4.380581400844252e-06,5.97846038186665e-08,3.5877700292385386e-08,4.934302545439438e-07,0.003114867874061719
56.6,0.0023074179438319917,0.00042850386801196753,8.806050734138128e-05,0.0001241106453947381,8.529839712295007e-05,1.8951362213875245e-05,2.69596150911324e-05,6.396750978553563e-07,7.796331621939391e-07,1.5695146002290357e-05,3.0855605378990434e-06,4.354878705771525e-06,5.935458585823776e-08,3.561251281193957e-08,4.91635448435268e-07,0.0031044438350611523
56.650000000000006,0.002300387189452484,0.00042700252328601,8.759282846438874e-05,0.00012340439195070705,8.499249141238716e-05,1.8848364754734422e-05,2.6802856486856964e-05,6.348824680614975e-07,7.736037071943239e-07,1.5638538898806827e-05,3.06867033517566e-06,4.329365753154501e-06,5.89321156108905e-08,3.535227893751779e-08,4.898457268910453e-07,0.003094059837091401
56.7,0.002293379780359879,0.00042550694078968517,8.71279589349215e-05,0.00012270261081650572,8.468778859705991e-05,1.8746001509695177e-05,2.6647114222270383e-05,6.301295500857687e-07,7.676254562157739e-07,1.558214633083695e-05,3.051898152924523e-06,4.304044950257489e-06,5.851627601136137e-08,3.509637052321166e-08,4.880604864461932e-07,0.0030837157128033184
56.75,0.0022863956366922554,0.0004240170978881891,8.666588008301097e-05,0.00012200527096959039,8.438428384416688e-05,1.8644268151093083e-05,2.6492381065769952e-05,6.254159857187113e-07,7.616979387528011e-07,1.5525970092018737e-05,3.035244680755675e-06,4.278917857876011e-06,5.8106075053752974e-08,3.484411165576499e-08,4.86279210311202e-07,0.0030734112946462187
56.800000000000004,0.0022794346788465388,0.00042253297202667767,8.620657337371985e-05,0.00012131234162016483,8.408197233817965e-05,1.8543160383449555e-05,2.6338649841626962e-05,6.207414202418294e-07,7.558206889570978e-07,1.5470012183330705e-05,3.018710130732113e-06,4.253985108247111e-06,5.770051490662389e-08,3.459482901199542e-08,4.845017452665094e-07,0.0030631464150510514
56.85,0.002272496827477871,0.00042105454073013257,8.57500204060935e-05,0.0001206237922093125,8.378084928082052e-05,1.8442673943210352e-05,2.618591342951402e-05,6.161055023469518e-07,7.499932455210711e-07,1.5414274722589863e-05,3.002294210465376e-06,4.229246353453614e-06,5.729864787292756e-08,3.434789176037367e-08,4.827284820526563e-07,0.003052920906533017
56.900000000000006,0.002265582003498972,0.00041958178160322337,8.529620291211938e-05,0.00011993959240714347,8.348090989103862e-05,1.8342804598485072e-05,2.6034164764032996e-05,6.115078840578111e-07,7.442151515645974e-07,1.5358759850260875e-05,2.9859961124496845e-06,4.204700245467437e-06,5.6899611828787935e-08,3.4102735704480044e-08,4.809604013084242e-07,0.0030427346016676567
56.95,0.002258690128079511,0.0004181146723301706,8.484510275569594e-05,0.0001192597121109588,8.318214940498569e-05,1.8243548148788104e-05,2.588339683424442e-05,6.069482206551676e-07,7.384859545270095e-07,1.5303469634556652e-05,2.9698145197395154e-06,4.180344447922344e-06,5.6502642976003274e-08,3.385887025246671e-08,4.791989810389919e-07,0.003032587332936022
57.0,0.0022518211226454673,0.0004166531906746044,8.439670193160917e-05,0.00011858412144342883,8.288456307598981e-05,1.8144900424780792e-05,2.573360268319815e-05,6.024261706066869e-07,7.328052060661733e-07,1.5248405978821557e-05,2.95374762755653e-06,4.1561756786967085e-06,5.610706858350965e-08,3.361587026772422e-08,4.774459841676507e-07,0.003022478932463845
57.050000000000004,0.0022449749088785,0.00041519731447942304,8.395098256451809e-05,0.00011791279075078804,8.258814617452844e-05,1.8046857288015326e-05,2.5584775407466345e-05,5.979413955027027e-07,7.271724619663714e-07,1.5193570534103356e-05,2.9377931799267184e-06,4.132189781455548e-06,5.571228648140601e-08,3.3373357861799996e-08,4.7570316388600974e-07,0.003012409231704423
57.1,0.002238151408715313,0.00041374702166664966,8.350792690794865e-05,0.00011724569060104522,8.229289398820023e-05,1.794941463068044e-05,2.5436908156679102e-05,5.934935599988134e-07,7.215872820564493e-07,1.5138964619640815e-05,2.9219485200107435e-06,4.108381823472829e-06,5.531774113502575e-08,3.313098155387088e-08,4.739719471961537e-07,0.003002378061141581
57.150000000000006,0.0022313505443470145,0.0004123022902372858,8.306751734329527e-05,0.00011658279178220775,8.1998801821695e-05,1.7852568375348988e-05,2.5289994133063198e-05,5.890823317660803e-07,7.160492301394031e-07,1.508458915372867e-05,2.9062106524102353e-06,4.08474621634716e-06,5.4922907307345476e-08,3.2888401260396234e-08,4.722531760259087e-07,0.0029923852501088956
57.2,0.0022245722382184885,0.0004108630982711656,8.262973637883151e-05,0.00011592406530052255,8.170586499676328e-05,1.7756314474728007e-05,2.514402659098514e-05,5.847073814493994e-07,7.10557873934287e-07,1.503044459708046e-05,2.8905763154169258e-06,4.06127685564609e-06,5.452729053746301e-08,3.264528641953698e-08,4.705469827549666e-07,0.0029824306268147233
57.25,0.002217816413027752,0.00040942942392680593,8.219456664872793e-05,0.00011526948237873034,8.141407885218394e-05,1.7660648911411103e-05,2.4998998836498558e-05,5.803683826343585e-07,7.051127850309287e-07,1.4976530910403904e-05,2.8750420609237094e-06,4.037967275069448e-06,5.413044872587856e-08,3.240133083329283e-08,4.688528413033797e-07,0.002972514018617034
57.300000000000004,0.002211082991725321,0.0004080012454412564,8.176199091207869e-05,0.00011461901445433573,8.112343874373115e-05,1.7565567697633706e-05,2.485490422689715e-05,5.760650118226757e-07,6.99713538857613e-07,1.4922847527449179e-05,2.859604339539031e-06,4.0148108104105655e-06,5.373203228004041e-08,3.215628239305721e-08,4.671697759805223e-07,0.002962635252519987
57.35,0.0022043718975135775,0.0004065785411299482,8.133199205193607e-05,0.00011397263317789194,8.083394004414031e-05,1.7471066875031337e-05,2.47117361702736e-05,5.717969484160482e-07,6.943597146614823e-07,1.4869393344301786e-05,2.8442595883382854e-06,3.991800768412277e-06,5.3331833854672245e-08,3.190998076173478e-08,4.654966567443466e-07,0.00295279415579829
57.400000000000006,0.0021976830538461252,0.00040516128938653906,8.090455307435237e-05,0.00011333031041129912,8.054557814307266e-05,1.7377142514400922e-05,2.4569488125084855e-05,5.675638747079904e-07,6.89050895501036e-07,1.4816166725185998e-05,2.829004318647748e-06,3.968930595558923e-06,5.292983507172845e-08,3.166239330094463e-08,4.638324881453663e-07,0.002942990556626994
57.45,0.002191016384427159,0.00040374946868276015,8.047965710743055e-05,0.00011269201822611845,8.025834844707973e-05,1.7283790715465706e-05,2.4428153599724808e-05,5.633654758830271e-07,6.837866682497714e-07,1.4763165524538584e-05,2.813835201286716e-06,3.94619404191258e-06,5.2526237870649916e-08,3.1413639820899235e-08,4.6217661567798484e-07,0.0029332242846109783
57.5,0.002184371813210822,0.00040234305756825793,8.005728740038171e-05,0.00011205772890189909,7.997224637956646e-05,1.7191007606643473e-05,2.4287726152104165e-05,5.59201440022354e-07,6.785666236096349e-07,1.4710387124620424e-05,2.7987491467900325e-06,3.923585315287745e-06,5.212147171253212e-08,3.11639995224121e-08,4.605288108522441e-07,0.002923495171152092
57.550000000000004,0.0021777492644005697,0.00040094203467043693,7.963742732259102e-05,0.00011142741492452021,7.968726738075432e-05,1.7098789344818554e-05,2.414819938923836e-05,5.55071458114914e-07,6.733903561326984e-07,1.4657828487471925e-05,2.7837433782939185e-06,3.901099221360862e-06,5.1716173143557404e-08,3.091389753459275e-08,4.5888923166460293e-07,0.0029138030496366463
57.6,0.002171148662448535,0.000399546378694301,7.922006036269113e-05,0.00011080104898454708,7.940340690764404e-05,1.700713211511752e-05,2.400956696684349e-05,5.509752240726561e-07,6.682574642491979e-07,1.4605486219598295e-05,2.768815494989309e-06,3.878731285724392e-06,5.1311139820849945e-08,3.066387255850771e-08,4.5725827656256667e-07,0.002904147755457255
57.650000000000006,0.002164569932054884,0.00039815606842229104,7.880517012764274e-05,0.00011017860397560003,7.912066043397772e-05,1.6916032130688472e-05,2.3871822588940176e-05,5.469124347486094e-07,6.631675502998722e-07,1.4553356647405023e-05,2.7539635243241943e-06,3.856477854413296e-06,5.090726619097152e-08,3.041453074735079e-08,4.5563636253593067e-07,0.002894529125904689
57.7,0.002158012998167184,0.0003967710827141247,7.839274034182351e-05,0.00010956005299273866,7.883902345020163e-05,1.682548563248419e-05,2.3734960007465738e-05,5.428827899563412e-07,6.58120220570432e-07,1.4501435901101488e-05,2.739185961463791e-06,3.834336170045513e-06,5.050547194295438e-08,3.016649390345489e-08,4.5402367242083145e-07,0.0028849469999874273
57.75,0.0021514777859797584,0.0003953914005066313,7.79827548461235e-05,0.00010894536933085824,7.855849146342844e-05,1.6735488889048665e-05,2.3598973021893957e-05,5.38885992489284e-07,6.531150853258744e-07,1.4449720004557542e-05,2.724481794886687e-06,3.812304421413812e-06,5.010663630217067e-08,2.9920351784028435e-08,4.524199340832288e-07,0.002875401218258585
57.800000000000004,0.0021449642209330536,0.00039401700081358784,7.757519759704868e-05,0.00010833452648310059,7.827905999740014e-05,1.664603819630722e-05,2.3463855478862536e-05,5.349217481384495e-07,6.481517588423943e-07,1.4398204968440763e-05,2.709850517398013e-06,3.790381765128889e-06,4.971155017058108e-08,2.9676627741559887e-08,4.5082430142578763e-07,0.0028658916227366467
57.85,0.0021384722287129993,0.0003926478627255533,7.717005266583177e-05,0.00010772749813927836,7.80007245924514e-05,1.6557129877359878e-05,2.3329601271807642e-05,5.309897657070671e-07,6.432298594346763e-07,1.4346886883882084e-05,2.695292122266343e-06,3.7685683187229882e-06,4.93208934854396e-08,2.94357634874648e-08,4.4923538763152486e-07,0.0028564180569799
57.900000000000006,0.002132001735250365,0.0003912839654097003,7.676730423754967e-05,0.00010712425818431164,7.772348080547302e-05,1.64687602822776e-05,2.3196204340604746e-05,5.270897570207688e-07,6.38349009476484e-07,1.4295762013916581e-05,2.680807084628431e-06,3.7468651254587222e-06,4.893523788460114e-08,2.9198123162160703e-08,4.4765145379012016e-07,0.00284698036631562
57.95,0.0021255526667201294,0.00038992528810964774,7.636693661024907e-05,0.00010652478069667919,7.744732420987656e-05,1.6380925787901485e-05,2.3063658671215588e-05,5.232214369320925e-07,6.335088354126763e-07,1.4244826880023363e-05,2.666396328743044e-06,3.725274091926313e-06,4.855506740453992e-08,2.8964011090591465e-08,4.460707013970662e-07,0.0028375783981586284
58.0,0.0021191249495408336,0.00038857181014529004,7.596893419407828e-05,0.00010592903994688125,7.717225039555908e-05,1.6293622797644194e-05,2.293195829533991e-05,5.193845233182049e-07,6.287089677609878e-07,1.4194078341239862e-05,2.6520611820990304e-06,3.703797900329638e-06,4.81808053518444e-08,2.873369393988807e-08,4.444915830153405e-07,0.0028282120023126814
58.050000000000004,0.0021127185103739458,0.0003872235109126266,7.557328151042682e-05,0.0001053370103959163,7.68982549688689e-05,1.6206847741293597e-05,2.2801097290071616e-05,5.155787370709757e-07,6.239490411022471e-07,1.4143513663548457e-05,2.6378033177807497e-06,3.6824398981330737e-06,4.781283517298024e-08,2.8507417842825892e-08,4.429130473498149e-07,0.002818881031151151
58.1,0.0021063332761232243,0.00038588036988359046,7.51799631910718e-05,0.00010474866669377054,7.662533355257217e-05,1.612059707481819e-05,2.2671069777558304e-05,5.118038020787389e-07,6.192286940580213e-07,1.4093130577519484e-05,2.623624686852587e-06,3.661203968441259e-06,4.7451506666335946e-08,2.828541397867282e-08,4.4133466690015793e-07,0.002809585339613101
58.150000000000006,0.0020999691739340734,0.0003845423666058736,7.478896397733103e-05,0.00010416398367791926,7.63534817858196e-05,1.603486728017375e-05,2.254186992466308e-05,5.080594451993226e-07,6.145475692550448e-07,1.4042927322537542e-05,2.609527442831071e-06,3.6400943850877733e-06,4.709712438754265e-08,2.8067890418263772e-08,4.397566365054083e-07,0.0028003247850020754
58.2,0.0020936261311929115,0.0003832094807027545,7.440026871922356e-05,0.0001035829363718421,7.608269532411459e-05,1.5949654865111224e-05,2.241349194262824e-05,5.043453962242076e-07,6.099053132762065e-07,1.3992902676328266e-05,2.5955138605562858e-06,3.6191156568921754e-06,4.674992045454093e-08,2.7855012062418434e-08,4.3817965945092736e-07,0.002791099226613831
58.25,0.002087304075526525,0.00038188169187292103,7.401386237463643e-05,0.0001030054999835495,7.58129698392811e-05,1.586495636298514e-05,2.2285930086739377e-05,5.006613878339103e-07,6.053015765982337e-07,1.3943055968929043e-05,2.581586251943598e-06,3.5982723658858566e-06,4.6410017894406784e-08,2.7646873359037664e-08,4.366047498739229e-07,0.0027819085252389557
58.300000000000004,0.002081002934801434,0.00038055897989029507,7.362973000849871e-05,0.00010243164990412235,7.554430101943255e-05,1.5780768332562474e-05,2.215917865598963e-05,4.97007155544981e-07,6.007360135166436e-07,1.3893387080699125e-05,2.567746881184832e-06,3.57756900448871e-06,4.6077393030620465e-08,2.7443470101996863e-08,4.3503298636188803e-07,0.0027727525425972634
58.35,0.0020747226371232545,0.0003792413246038554,7.324785679196223e-05,0.00010186136170626393,7.527668456894095e-05,1.5697087357831644e-05,2.2033231992743068e-05,4.933824376492427e-07,5.962082820589044e-07,1.3843896424428297e-05,2.5539978819700466e-06,3.557009816628612e-06,4.575184629205423e-08,2.724467720860615e-08,4.33465262952565e-07,0.00276363114077404
58.400000000000006,0.0020684631108360556,0.00037792870593745804,7.286822800158844e-05,0.00010129461114286321,7.501011620840583e-05,1.5613910047811178e-05,2.1908084482396482e-05,4.897869751461395e-07,5.917180438870983e-07,1.3794584912066102e-05,2.540341179216237e-06,3.536598647630659e-06,4.543298993337604e-08,2.705023882181972e-08,4.3190209720864204e-07,0.002754544181740489
58.45,0.0020622242845217274,0.0003766211038896583,7.249082901854277e-05,0.00010073137414557137,7.474459167462371e-05,1.5531233036358217e-05,2.178373055303945e-05,4.862205116692908e-07,5.872649641917377e-07,1.3745453907042335e-05,2.526778417620717e-06,3.516338807367858e-06,4.51202581194575e-08,2.685977493514916e-08,4.3034355446583837e-07,0.002745491527034934
58.5,0.002056006086999336,0.00037531849853352943,7.211564532779463e-05,0.00010017162682338907,7.448010672055689e-05,1.5449052981976303e-05,2.166016467511181e-05,4.826827934085132e-07,5.828487115786255e-07,1.3696505163569474e-05,2.5133108991113734e-06,3.4962329506732484e-06,4.481293990085752e-08,2.6672804999625027e-08,4.287893199720644e-07,0.0027364730376449086
58.550000000000004,0.0020498084473244893,0.0003740208700164814,7.174266251732452e-05,9.961534546126634e-05,7.421665711530214e-05,1.5367366567622695e-05,2.1537381361058706e-05,4.791735690287451e-07,5.784689579509198e-07,1.3647740754697688e-05,2.4999395309545668e-06,3.476282978388441e-06,4.451022999083675e-08,2.6488784647711785e-08,4.2723890168821135e-07,0.002727488574070892
58.6,0.002043631294788701,0.00037272819856007985,7.13718662773376e-05,9.906250651871428e-05,7.395423864405889e-05,1.5286170500515035e-05,2.141537516498298e-05,4.756925895874072e-07,5.741253783887063e-07,1.3599162991219666e-05,2.4866647859175577e-06,3.4564899616945117e-06,4.421128782037694e-08,2.630714831204897e-08,4.2569189853028884e-07,0.0027185379964958607
58.650000000000006,0.0020374745589187473,0.0003714404644598614,7.100324239948305e-05,9.851308662842755e-05,7.369284710809634e-05,1.5205461511937312e-05,2.1294140682294766e-05,4.7223960845179875e-07,5.698176510284883e-07,1.3550774333786355e-05,2.4734866754822516e-06,3.4368540915732377e-06,4.391529375761487e-08,2.612734936915003e-08,4.241482470839288e-07,0.0027096211649593814
58.7,0.0020313381694760362,0.0003701576480851514,7.063677677608058e-05,9.796706259491947e-05,7.343247832472003e-05,1.5125236357045474e-05,2.117367254935902e-05,4.688143812181702e-07,5.655454569450674e-07,1.3502577300787468e-05,2.460404736687781e-06,3.4173746544169044e-06,4.362149304279637e-08,2.594889081476755e-08,4.2260837468841785e-07,0.002700737939451913
58.75,0.0020252220564559646,0.0003688797298788776,7.027245539935249e-05,9.742441139316763e-05,7.317312812723694e-05,1.5045491814672566e-05,2.1053965443140793e-05,4.6541666563406564e-07,5.613084800382123e-07,1.3454574374665248e-05,2.4474180327578012e-06,3.3980500339792993e-06,4.3329221882974975e-08,2.577134257901571e-08,4.2107322655487794e-07,0.002691888179890505
58.800000000000004,0.0020191261500872837,0.00036760669035738576,6.991026436066239e-05,9.688511016727129e-05,7.291479236491964e-05,1.4966224687133825e-05,2.0935014080849258e-05,4.6204622152548615e-07,5.571064069264574e-07,1.3406767909364697e-05,2.4345251672604364e-06,3.3788777390726824e-06,4.303791463834779e-08,2.559434499320262e-08,4.1954417491267997e-07,0.0026830717459842006
58.85,0.0020130503808314646,0.0003663385101102532,6.955018984976018e-05,9.634913622912028e-05,7.265746690296898e-05,1.4887431800031935e-05,2.0816813219580958e-05,4.587028107302962e-07,5.529389268501764e-07,1.3359160041576073e-05,2.421724311167693e-06,3.35985445569191e-06,4.2747094820308696e-08,2.5417600561249836e-08,4.1802284056309296e-07,0.002674288497025141
58.900000000000006,0.0020069946793820573,0.0003650751698001008,6.91922181540326e-05,9.581646705707405e-05,7.240114762247516e-05,1.4809110002062631e-05,2.0699357655962903e-05,4.5538619703914295e-07,5.488057315858513e-07,1.3311752608299112e-05,2.4090132418376154e-06,3.340976121607679e-06,4.245635519982091e-08,2.5240857875160283e-08,4.165108615693809e-07,0.002665538291648779
58.95,0.0020009589766640597,0.0003638166501624065,6.883633565776057e-05,9.528708029465306e-05,7.214583042037764e-05,1.4731256164821268e-05,2.0582642225796832e-05,4.5209614614498555e-07,5.447065153731929e-07,1.326454707305811e-05,2.396389392643795e-06,3.3222380209279e-06,4.216533387118628e-08,2.506389256869762e-08,4.150096439761874e-07,0.0026568209876084397
59.0,0.0019949432038332774,0.0003625629320053153,6.848252884138187e-05,9.476095374923987e-05,7.18915112094231e-05,1.4653867182610419e-05,2.0466661803705045e-05,4.4883242560208355e-07,5.406409748564054e-07,1.3217544462829176e-05,2.383849911726971e-06,3.3036348956836992e-06,4.187369388678129e-08,2.4886490837504398e-08,4.1352013612030507e-07,0.002648136441616496
59.050000000000004,0.0019889472922756902,0.00036131399620945075,6.813078428076025e-05,9.423806539079185e-05,7.163818591812208e-05,1.4576939972249146e-05,2.035141130277927e-05,4.4559480479507136e-07,5.366088090405439e-07,1.3170745317416568e-05,2.3713917281442704e-06,3.285161071153581e-06,4.158111376486192e-08,2.470844101612731e-08,4.1204267712323885e-07,0.0026394845093122977
59.1,0.0019829711736068195,0.00036006982372772527,6.778108864646045e-05,9.37183933505646e-05,7.138585049070436e-05,1.4500471472884256e-05,2.023688567423337e-05,4.4238305491846364e-07,5.326097192635011e-07,1.3124149652643811e-05,2.3590116235423557e-06,3.2668105913901842e-06,4.128729407694547e-08,2.452953736671314e-08,4.1057696672408354e-07,0.0026308650454093183
59.150000000000006,0.001977014779671088,0.0003588303955851484,6.743342870302858e-05,9.320191591984537e-05,7.113450088707235e-05,1.4424458645803793e-05,2.0123079907060773e-05,4.391969489666571e-07,5.286434091837321e-07,1.3077756938320461e-05,2.3467063073801793e-06,3.2485773612523888e-06,4.09919812447016e-08,2.4349597231240346e-08,4.091221765895534e-07,0.002622277904039217
59.2,0.0019710780425411926,0.0003575956928786367,6.70877913082791e-05,9.268861154869803e-05,7.088413308275392e-05,1.4348898474253432e-05,2.0009989027697967e-05,4.360362617342274e-07,5.247095847834268e-07,1.3031566091519827e-05,2.3344724936734203e-06,3.230455291164961e-06,4.06950044851092e-08,2.416848862451393e-08,4.076771778579078e-07,0.002613722939255355
59.25,0.0019651608945174632,0.0003563656967768207,6.67441634125868e-05,9.217845884471743e-05,7.063474306885352e-05,1.4273787963255776e-05,1.9897608099694493e-05,4.329007698260174e-07,5.208079543863896e-07,1.2985575485268867e-05,2.322306977224205e-06,3.212438440823639e-06,4.0396317244536035e-08,2.3986161682700776e-08,4.062408175471326e-07,0.002605200005607396
59.300000000000004,0.0019592632681272332,0.000355140388519853,6.640253205818496e-05,9.167143657179493e-05,7.038632685200275e-05,1.4199124139433134e-05,1.9785932223390636e-05,4.2979025167626687e-07,5.169382286895092e-07,1.2939782972322934e-05,2.3102067073356476e-06,3.194521158133816e-06,4.009603227364893e-08,2.380267565364351e-08,4.0481216106398274e-07,0.0025967089586790416
59.35,0.0019533850961242086,0.0003539197494192154,6.606288437846924e-05,9.116752364889417e-05,7.013888045431025e-05,1.4124904050833932e-05,1.9674956535603354e-05,4.2670448757577165e-07,5.131001208063107e-07,1.2894185923285652e-05,2.298168857089938e-06,3.176698209814928e-06,3.979444066645058e-08,2.3618214038076995e-08,4.033906374498163e-07,0.0025882496555022618
59.400000000000006,0.001947526311487829,0.000352703760857524,6.572520759730664e-05,9.066669914883623e-05,6.989239991331069e-05,1.4051124766762819e-05,1.956467620932082e-05,4.2364325970583405e-07,5.092933463207447e-07,1.2848781277949634e-05,2.286190886390671e-06,3.158964900321313e-06,3.949200914178219e-08,2.343308360220885e-08,4.019760649719694e-07,0.0025798219548092936
59.45,0.0019416868474226427,0.00035149240428833655,6.538948902835082e-05,9.016894229709609e-05,6.964688128191426e-05,1.3977783377614893e-05,1.9455086453406363e-05,4.2060635217759386e-07,5.055176233491004e-07,1.2803565608386767e-05,2.274270597133722e-06,3.141317176023942e-06,3.9189354892139213e-08,2.3247696898597527e-08,4.005685730071017e-07,0.002571425717131231
59.5,0.0019358666373576687,0.00035028566123595606,6.505571607436217e-05,8.967423247060794e-05,6.940232062835546e-05,1.3904876994713781e-05,1.9346182512311593e-05,4.175935510751474e-07,5.017726726076637e-07,1.2758535192014428e-05,2.2624061790740745e-06,3.1237517119645265e-06,3.88872018349845e-08,2.3062541259284487e-08,3.991684549401762e-07,0.0025630608047787456
59.550000000000004,0.0019300656149457687,0.0003490835132952362,6.472387622653383e-05,8.918254919658123e-05,6.915871403614278e-05,1.3832402750153808e-05,1.923795966579906e-05,4.146046445007758e-07,4.980582174836047e-07,1.2713686092614411e-05,2.250596245195962e-06,3.1062659789307895e-06,3.858632526484974e-08,2.287813938423439e-08,3.9777598675183794e-07,0.002554727081746342
59.6,0.0019242837140630183,0.000347885942131386,6.439395706382326e-05,8.869387215132639e-05,6.891605760400883e-05,1.3760357796646088e-05,1.9130413228674208e-05,4.1163942262052127e-07,4.94373984106457e-07,1.2669014247087881e-05,2.2388398556656827e-06,3.0888582891019234e-06,3.828749363297148e-08,2.269500779732564e-08,3.9639124038136776e-07,0.002546424413579278
59.650000000000006,0.001918520868808071,0.0003466929294797722,6.406594625228852e-05,8.82081811590898e-05,6.8674347445861e-05,1.3688739307368261e-05,1.902353855052611e-05,4.086976777083281e-07,4.907197014175175e-07,1.2624515555596756e-05,2.227136529745164e-06,3.0715278190668186e-06,3.799141663878608e-08,2.251361981349686e-08,3.95013922069962e-07,0.002538152667245034
59.7,0.0019127770135015354,0.0003455044571457238,6.37398315444308e-05,8.772545619089928e-05,6.843357969073374e-05,1.3617544475817909e-05,1.8917331015476824e-05,4.057792041870128e-07,4.870951012345597e-07,1.2580185972671177e-05,2.2154862453628107e-06,3.054274609611963e-06,3.769870792288393e-08,2.2334379138510108e-08,3.936432735625395e-07,0.002529911711058309
59.75,0.0019070520826853404,0.00034432050700433376,6.341560077854136e-05,8.72456773634183e-05,6.819375048274159e-05,1.3546770515669037e-05,1.881178604193824e-05,4.028837986643747e-07,4.834999183093317e-07,1.253602159685385e-05,2.2038894263683566e-06,3.0370995422957356e-06,3.7409867965612765e-08,2.2157608391881437e-08,3.922780752481371e-07,0.0025217014147060797
59.800000000000004,0.0019013460111221086,0.00034314106100026185,6.309324187805438e-05,8.676882493781021e-05,6.795485598103394e-05,1.3476414660631543e-05,1.870689908237594e-05,4.0001125996290505e-07,4.799338903755191e-07,1.2492018756505345e-05,2.1923469178320316e-06,3.020004293455118e-06,3.7125288198144706e-08,2.1983553480732113e-08,3.90916771478441e-07,0.002513521649393564
59.85,0.0018956587337945314,0.0003419661011475369,6.27727428509048e-05,8.629487931861201e-05,6.771689235975155e-05,1.3406474164313145e-05,1.8602665623078908e-05,3.971613891417034e-07,4.7639675818508437e-07,1.2448174089506479e-05,2.180859950075853e-06,3.002991266911589e-06,3.684527183322936e-08,2.1812400515770417e-08,3.895576999540937e-07,0.0025053722880848525
59.900000000000006,0.001889990185904735,0.00034079560952935713,6.245409178889104e-05,8.582382105261673e-05,6.74798558079842e-05,1.3336946300083221e-05,1.849908118393389e-05,3.943339895094109e-07,4.728882655311912e-07,1.240448461476231e-05,2.1694300924371108e-06,2.9860635072374843e-06,3.6570062473942306e-08,2.1644298432918322e-08,3.881993668480706e-07,0.0024972532057648336
59.95,0.0018843403028736608,0.00033962956829789283,6.213727686704344e-05,8.535563082776608e-05,6.724374252973076e-05,1.3267828360938354e-05,1.8396141318203512e-05,3.9152886662721956e-07,4.6940815925629445e-07,1.236094779363261e-05,2.1580591980516895e-06,2.969224595994472e-06,3.629986995436758e-08,2.1479379218013398e-08,3.8684069022824955e-07,0.0024891642796281985
60.0,0.0018787090203404332,0.0003384679596740857,6.182228634299708e-05,8.48902894720512e-05,6.700854874386047e-05,1.319911765936876e-05,1.8293841612306504e-05,3.8874582830125853e-07,4.659561892443402e-07,1.231756157968017e-05,2.146749341198493e-06,2.952478533844283e-06,3.60348847409552e-08,2.131776913441814e-08,3.8548114763892e-07,0.002481105389118886
60.050000000000004,0.0018730962741617364,0.0003373107659474499,6.15091085563701e-05,8.442777795242328e-05,6.677427068407618e-05,1.3130811527225356e-05,1.8192177685599125e-05,3.8598468456396133e-07,4.6253210839647084e-07,1.2274324455435753e-05,2.1355027489576812e-06,2.9358296118425054e-06,3.577527670282617e-08,2.115958786666534e-08,3.8412080103192903e-07,0.0024730764157896777
60.1,0.0018675020004111915,0.0003361579694758725,6.119773192814707e-05,8.39680773737131e-05,6.654090459887925e-05,1.3062907315586884e-05,1.809114519015634e-05,3.8324524764430134e-07,4.5913567259005474e-07,1.2231235455218928e-05,2.1243217290968007e-06,2.9192822755434863e-06,3.552117918751303e-08,2.1004936460436547e-08,3.8276021252266406e-07,0.002465077243001811
60.150000000000006,0.0018619261353787272,0.000335009552685412,6.088814496006675e-05,8.351116897755894e-05,6.630844675153559e-05,1.299540239462649e-05,1.799073981055139e-05,3.8052733192708104e-07,4.557666406213093e-07,1.2188294173419928e-05,2.1132085962040238e-06,2.902840985755298e-06,3.527266320997808e-08,2.085387784181199e-08,3.8140028832027396e-07,0.0024571077555157776
60.2,0.0018563686155699615,0.00033386549807009946,6.0580336234015496e-05,8.305703414134417e-05,6.607689342004343e-05,1.2928294153477587e-05,1.7890957263632985e-05,3.7783075390177226e-07,4.5242477413224416e-07,1.214550075803055e-05,2.102165598131858e-06,2.886510079877672e-06,3.50297083649827e-08,2.0706414896916077e-08,3.8004208987290077e-07,0.0024491678390297835
60.25,0.001850829377705574,0.0003327257881917359,6.027429441142484e-05,8.260565437714283e-05,6.584624089710166e-05,1.286158000009829e-05,1.7791793298298562e-05,3.7515533210166835e-07,4.4910983752305764e-07,1.2102855889601433e-05,2.0911948447949395e-06,2.870293637725281e-06,3.47921771404975e-08,2.056247096899766e-08,3.786866410603048e-07,0.0024412573797122925
60.300000000000004,0.0018453083587206857,0.00033159040567969214,5.997000823267431e-05,8.215701133067439e-05,6.56164854900793e-05,1.2795257361134333e-05,1.7693243695263125e-05,3.725008870343973e-07,4.4582159785154004e-07,1.2060360746190112e-05,2.0802982412817046e-06,2.854195355581377e-06,3.4559798398205344e-08,2.042187691148542e-08,3.7733475433403617e-07,0.0024333762637677864
60.35,0.0018398054957642386,0.00033045933323070764,5.96674665164991e-05,8.171108678026725e-05,6.538762352098537e-05,1.2729323681780082e-05,1.759530426682272e-05,3.698672411050727e-07,4.425598247213846e-07,1.2018016955237116e-05,2.069477427093839e-06,2.83821843194477e-06,3.433216438931701e-08,2.0284367897816718e-08,3.75986903674235e-07,0.002425524377077364
60.400000000000006,0.0018343207261983707,0.0003293325536086877,5.936665815940196e-05,8.12678626358301e-05,6.515965132643872e-05,1.2663776425637358e-05,1.749797085661181e-05,3.6725421853356777e-07,4.393242901616195e-07,1.1975826533656597e-05,2.0587337231245154e-06,2.822365468035623e-06,3.4108743761661197e-08,2.0149591906580965e-08,3.7464317883564407e-07,0.0024177016049589943
60.45,0.001828853987597801,0.000328210049644503,5.906757213507048e-05,8.082732093783272e-05,6.4932565257638e-05,1.2598613074572156e-05,1.7401239339354574e-05,3.646616452675819e-07,4.36114768499644e-07,1.1933791817743101e-05,2.0480680877344655e-06,2.8066383856281467e-06,3.3888910310173074e-08,2.0017129867032498e-08,3.733033473874002e-07,0.0024099078320792095
60.5,0.0018234052177492045,0.00032709180423578615,5.877019749379843e-05,8.038944385629425e-05,6.470636168033081e-05,1.2533831128568966e-05,1.730510562060947e-05,3.620893488932749e-07,4.329310362305205e-07,1.1891915384767128e-05,2.0374810829940924e-06,2.7910383642024103e-06,3.3671983881821725e-08,1.9886524921496247e-08,3.719670217294988e-07,0.0024021429425122127
60.550000000000004,0.0018179743546505962,0.0003259778003467301,5.8474523361912025e-05,7.995421368978038e-05,6.44810369747822e-05,1.2469428105582938e-05,1.7209565636507533e-05,3.5953715854535117e-07,4.2977287188532445e-07,1.1850199968351963e-05,2.026972851842649e-06,2.7755657987804006e-06,3.345727680533437e-08,1.9757315867450892e-08,3.7063388868995953e-07,0.002394406819896659
60.6,0.0018125613365107148,0.000324868021007886,5.818053894120091e-05,7.952161286440879e-05,6.425658753574203e-05,1.2405401541389954e-05,1.7114615353484492e-05,3.5700490481849205e-07,4.266400559013877e-07,1.1808648369885002e-05,2.0165431065853794e-06,2.7602202791623756e-06,3.32441376924396e-08,1.9629068610111822e-08,3.693039310775561e-07,0.00238669934760856
60.650000000000006,0.0018071661017484,0.00032376244931595923,5.7888233508353175e-05,7.909162393286225e-05,6.403300977241048e-05,1.2341748989434727e-05,1.7020250768007074e-05,3.544924196820196e-07,4.2353237049724434e-07,1.1767263368314453e-05,2.0061911288201934e-06,2.745000590638584e-06,3.303198515231577e-08,1.950139999368387e-08,3.6797757067355696e-07,0.002379020408869199
60.7,0.0018017885889919823,0.000322661068433608,5.7597596414395556e-05,7.866422957341067e-05,6.381030010840234e-05,1.2278468020677423e-05,1.692646790629454e-05,3.519995363996272e-07,4.2044959955501936e-07,1.1726047630714027e-05,1.9959157805696533e-06,2.7299047356457832e-06,3.282032670385318e-08,1.93739905344016e-08,3.666556920382174e-07,0.0023713698867409315
60.75,0.0017964287370786612,0.00032156386158923916,5.730861708413745e-05,7.823941258894025e-05,6.358845498170872e-05,1.2215556223438938e-05,1.6833262824035948e-05,3.495260894558772e-07,4.173915285127995e-07,1.1685003625962988e-05,1.9857155261023954e-06,2.714929975289899e-06,3.2608761982795035e-08,1.924658554240936e-08,3.653395505214344e-07,0.0023637476640135323
60.800000000000004,0.0017910864850538932,0.00032047081207680554,5.702128501561977e-05,7.78171559059913e-05,6.336747084465694e-05,1.2153011203245463e-05,1.674063160610451e-05,3.47071914491029e-07,4.1435794426932346e-07,1.1644133543789461e-05,1.9755884636689167e-06,2.7000728891814484e-06,3.239697282762964e-08,1.9118986763084388e-08,3.6403060255160366e-07,0.002356153623023859
60.85,0.001785761772170779,0.000319381903255603,5.673558977956821e-05,7.739744257380392e-05,6.314734416386797e-05,1.2090830582672743e-05,1.6648570366270172e-05,3.446368482455535e-07,4.113486351030169e-07,1.1603439221263949e-05,1.9655323661547575e-06,2.6853294516369156e-06,3.218470494194897e-08,1.8991038145529852e-08,3.6273030628448503e-07,0.0023485876454643405
60.900000000000006,0.0017804545378894453,0.0003182971185500661,5.6451521018850465e-05,7.69802557633709e-05,6.292807142021121e-05,1.2029012001190482e-05,1.6557075246911577e-05,3.422207285154548e-07,4.0836339060705247e-07,1.1562922078614052e-05,1.955544729471807e-06,2.670695121988711e-06,3.1971746467932005e-08,1.886260962036474e-08,3.614399290977317e-07,0.002341049612224429
60.95,0.001775164721876438,0.00031721644144956564,5.616906844793834e-05,7.656557876649932e-05,6.270964910875709e-05,1.1967553115007662e-05,1.6466142418729196e-05,3.398233941192694e-07,4.0540200164174003e-07,1.1522583065967731e-05,1.9456228273654104e-06,2.656164946514261e-06,3.175790856828851e-08,1.8733582439043448e-08,3.6016038232159165e-07,0.0023335394032918725
61.0,0.001769892264004105,0.0003161398555082042,5.5888221852373573e-05,7.615339499487894e-05,6.24920737387269e-05,1.1906451596919113e-05,1.637576808046065e-05,3.3744468487731007e-07,4.024642603051003e-07,1.1482422622329037e-05,1.9357637712089056e-06,2.6417336693329137e-06,3.154301256524828e-08,1.8603839233189524e-08,3.588920982276028e-07,0.002326056897733748
61.050000000000004,0.0017646371043499873,0.00031506734434461265,5.56089710882383e-05,7.574368797915881e-05,6.227534183344047e-05,1.1845705136154122e-05,1.6285948458600132e-05,3.3508444160343604e-07,3.995499599220521e-07,1.1442440647757815e-05,1.925964573285451e-06,2.627395849518337e-06,3.1326887383353063e-08,1.8473261528285294e-08,3.5763496975258256e-07,0.0023186019737809435
61.1,0.0017593991831962113,0.00031399889164174694,5.5331306081629696e-05,7.533644136803145e-05,6.205944993026157e-05,1.178531143822757e-05,1.619667980712313e-05,3.327425061093101e-07,3.966588950521655e-07,1.1402636489372293e-05,1.916222212016045e-06,2.613145981624125e-06,3.1109379581469e-08,1.834173657210063e-08,3.5638837660364255e-07,0.0023111745090401625
61.150000000000006,0.0017541784410288741,0.0003129344811466833,5.5055216828138466e-05,7.493163892732396e-05,6.184439458054104e-05,1.1725268224794064e-05,1.6107958407217863e-05,3.3041872122079114e-07,3.937908615154688e-07,1.1363008941431753e-05,1.906533697580078e-06,2.598978616814133e-06,3.08903757031564e-08,1.820917354995715e-08,3.5515130936672216e-07,0.002303774380840755
61.2,0.0017489748185374413,0.0003118740966704155,5.4780693392331976e-05,7.452926453909745e-05,6.163017234955863e-05,1.1665573233505779e-05,1.601978056702496e-05,3.2811293080581953e-07,3.9094565643536314e-07,1.1323556259395655e-05,1.896896136388727e-06,2.5848884818219003e-06,3.0669833209788196e-08,1.8075526621564708e-08,3.5392257472413154e-07,0.0022964014666887783
61.25,0.0017437882566141336,0.0003108177220876498,5.4507725907240986e-05,7.412930220075293e-05,6.141677981646289e-05,1.16062242178742e-05,1.593214262138619e-05,3.258249798128446e-07,3.88123078297242e-07,1.1284276187504366e-05,1.8873067929110642e-06,2.570870593033731e-06,3.0447812980738596e-08,1.794081958572353e-08,3.5270103233593863e-07,0.0022890556447619616
61.300000000000004,0.0017386186963533224,0.0003097653413366016,5.423630457385079e-05,7.373173602414513e-05,6.120421357421028e-05,1.1547218947136376e-05,1.5845040931603608e-05,3.2355471431859414e-07,3.8532292702104103e-07,1.1245165999095107e-05,1.8777631474182442e-06,2.55692036309942e-06,3.022450474433516e-08,1.780516558474787e-08,3.514857963736936e-07,0.0022817367943585255
61.35,0.0017334660790509267,0.00030871693841879195,5.3966419660596405e-05,7.333655023470359e-05,6.0992470229503584e-05,1.1488555206125887e-05,1.5758471885209765e-05,3.2130198158373766e-07,3.8254500404557167e-07,1.1206222548561142e-05,1.8682629483028268e-06,2.5430336976265073e-06,3.0000237804417486e-08,1.766877594417184e-08,3.502763449680874e-07,0.0022744447962246943
61.400000000000006,0.0017283303462038023,0.0003076724973988424,5.369806150286142e-05,7.294372917056025e-05,6.078154640272972e-05,1.14302307951487e-05,1.5672431895749482e-05,3.1906663011478886e-07,3.797891124221926e-07,1.1167442333590161e-05,1.8588042577491028e-06,2.5292070797130508e-06,2.9775472921693533e-08,1.7531954953792854e-08,3.490725157700545e-07,0.0022671795327269292
61.45,0.0017232114395091438,0.00030663200240427224,5.3431220502481295e-05,7.255325728168514e-05,6.057143872789821e-05,1.1372243529864205e-05,1.558691740257386e-05,3.1684850973044243e-07,3.7705505691513824e-07,1.1128821566084409e-05,1.8493854896765636e-06,2.5154376403241526e-06,2.955077593131841e-08,1.7395081098026124e-08,3.4787440682052267e-07,0.0022599408878844988
61.5,0.0017181093008638766,0.0003055954376252938,5.316588712725013e-05,7.216511912902825e-05,6.0362143852579685e-05,1.131459124117126e-05,1.5501924870646265e-05,3.146474716304018e-07,3.7434264410562703e-07,1.109035624997378e-05,1.8400054390516513e-06,2.5017232128205374e-06,2.9326777811232958e-08,1.7258578416525627e-08,3.466822271266923e-07,0.0022527287473107825
61.550000000000004,0.0017130238723640564,0.0003045627873146086,5.290205191043165e-05,7.177929938366892e-05,6.01536584378458e-05,1.1257271775099344e-05,1.5417450790360496e-05,3.124633684646986e-07,3.7165168249678216e-07,1.1052042263987827e-05,1.8306633018612545e-06,2.4880623703023874e-06,2.9104128164242406e-08,1.712288327430816e-08,3.454961413357818e-07,0.002245542998115959
61.6,0.0017079550963042703,0.0003035340357872042,5.263970545027409e-05,7.13957828259722e-05,5.9945979158210536e-05,1.1200282992704589e-05,1.5333491677370598e-05,3.1029605440146995e-07,3.6898198261634707e-07,1.1013875447354127e-05,1.8213586852615837e-06,2.4744544448328444e-06,2.8883449349288997e-08,1.698841184398269e-08,3.4431613609365475e-07,0.00223838352880776
61.650000000000006,0.0017029029151770312,0.0003025091674201492,5.237883840952852e-05,7.101455434475153e-05,5.9739102701573054e-05,1.1143622769970335e-05,1.5250044072431553e-05,3.0814538519118524e-07,3.6633335711421575e-07,1.097585168633992e-05,1.8120916076535885e-06,2.460899528044199e-06,2.8665297535693035e-08,1.6855532737253158e-08,3.4314191906221527e-07,0.0022312502292091145
61.7,0.0016978672716721844,0.00030148816665239066,5.211944151497156e-05,7.063559893643913e-05,5.9533025769163185e-05,1.1087288997712048e-05,1.5167104541250332e-05,3.060112182253993e-07,3.6370562085192113e-07,1.0937966999551458e-05,1.802862488684947e-06,2.447398453093451e-06,2.8450135487475478e-08,1.6724548121185395e-08,3.419728569471621e-07,0.0022241429904050736
61.75,0.0016928481086763035,0.0003004710179845493,5.1861505556931303e-05,7.025890170426216e-05,5.9327745075488966e-05,1.1031279581485912e-05,1.508466967434579e-05,3.0389341258821493e-07,3.610985909813838e-07,1.090021761994924e-05,1.7936721294317097e-06,2.4339527584078555e-06,2.823832016672663e-08,1.6595685521411143e-08,3.408079652620788e-07,0.0022170617047356754
61.800000000000004,0.0016878453692720956,0.0002994577059787165,5.160502138881734e-05,6.988444785742637e-05,5.912325734828725e-05,1.097559244150076e-05,1.5002736086916471e-05,3.017918290988204e-07,3.585120870104901e-07,1.086260007162672e-05,1.7845216832626274e-06,2.4205646341303084e-06,2.803010608235452e-08,1.646910108842148e-08,3.3964596810334303e-07,0.0022100062658541634
61.85,0.0016828589967378064,0.000298448215258251,5.1349979926654516e-05,6.951222271030614e-05,5.891955932847722e-05,1.0920225512532695e-05,1.4921300418714699e-05,2.997063303436651e-07,3.5594593085336416e-07,1.082511123953188e-05,1.775412618128232e-06,2.407236852623682e-06,2.7825662469670014e-08,1.634489305880699e-08,3.3848543801707203e-07,0.002202976568857769
61.900000000000006,0.00167788893454662,0.0002974425305075743,5.109637214862e-05,6.91422116816408e-05,5.871664777011674e-05,1.0865176743841652e-05,1.4840359333925288e-05,2.976367806970815e-07,3.5339994686355696e-07,1.0787748430482882e-05,1.766346671237844e-06,2.393972684809234e-06,2.7625099215513275e-08,1.6223121704556068e-08,3.373250009915674e-07,0.0021959725104683412
61.95,0.0016729351263660693,0.00029644063647196885,5.084418909458452e-05,6.877440029373817e-05,5.851451944036224e-05,1.0810444099089439e-05,1.4759909521047446e-05,2.955830463294434e-07,3.50873961848795e-07,1.0750509424037473e-05,1.7573257972844523e-06,2.380775804485204e-06,2.7428494063449816e-08,1.6103830143457866e-08,3.3616356083754767e-07,0.0021889939892058897
62.0,0.0016679975160574377,0.00029544251795737337,5.0593421865656715e-05,6.840877417168375e-05,5.831317111943129e-05,1.0756025556258285e-05,1.4679947692777785e-05,2.9354499520223275e-07,3.483678050663495e-07,1.0713392512016095e-05,1.748352111544078e-06,2.3676501830875464e-06,2.723591327915227e-08,1.5987060012502556e-08,3.350004800706649e-07,0.002182040905480898
62.050000000000004,0.001663076047675169,0.00029444815983018034,5.034406162373142e-05,6.804531904255696e-05,5.811259960056848e-05,1.0701919107569419e-05,1.4600470585892949e-05,2.9152249704971846e-07,3.4588130819857375e-07,1.0676396525747129e-05,1.7394278293084183e-06,2.3545999776072452e-06,2.7047420088515375e-08,1.5872857626304986e-08,3.33835664417821e-07,0.002175113161545711
62.1,0.0016581706654662774,0.0002934575470170334,5.00960995910415e-05,6.768402073465364e-05,5.791280169001415e-05,1.0648122759400862e-05,1.4521474961130005e-05,2.8951542334726104e-07,3.434143053086191e-07,1.0639520850392908e-05,1.7305552032030757e-06,2.3416294145600683e-06,2.6863069155310127e-08,1.576126936411083e-08,3.3266953195283103e-07,0.0021682106612868355
62.150000000000006,0.0016532813138697515,0.0002924706645046234,4.984952704971288e-05,6.732486517671446e-05,5.771377420697542e-05,1.059463453220372e-05,1.44429576030628e-05,2.875236472665832e-07,3.409666327768229e-07,1.0602765426021852e-05,1.7217364599955832e-06,2.328742673008648e-06,2.6682889623754595e-08,1.5652328381285183e-08,3.3150288766572016e-07,0.002161333309887785
62.2,0.0016484079375159708,0.0002914874973394868,4.960433534132358e-05,6.696783839716022e-05,5.7515513983599965e-05,1.0541452460416493e-05,1.4364915319972984e-05,2.8554704361867274e-07,3.3853812921874234e-07,1.0566130735408534e-05,1.7129737385053921e-06,2.315943769658001e-06,2.6506862182751024e-08,1.5546036963232435e-08,3.303367497945802e-07,0.0021544810134232805
62.25,0.0016435504812261125,0.0002905080306278022,4.9360515866465717e-05,6.661292652333271e-05,5.731801786495126e-05,1.0488574592376663e-05,1.4287344943713926e-05,2.835854887852732e-07,3.3612863538624e-07,1.0529617778862077e-05,1.7042690301904914e-06,2.30323644897995e-06,2.6334896371083047e-08,1.544234929597578e-08,3.2917217562347075e-07,0.002147653678448249
62.300000000000004,0.0016387088900115647,0.0002895322495351882,4.91180600843113e-05,6.62601157807422e-05,5.712128270898563e-05,1.04359989902292e-05,1.421024332956657e-05,2.8163886064021336e-07,3.337379940534617e-07,1.0493228036697262e-05,1.6956241239025446e-06,2.2906240811683535e-06,2.6166813267522315e-08,1.534115843819631e-08,3.280101170218155e-07,0.0021408512116257773
62.35,0.0016338831090733433,0.00028856013928650154,4.8876959512181403e-05,6.590939249232097e-05,5.692530538653028e-05,1.0383723729831534e-05,1.4133607356086043e-05,2.797070384620726e-07,3.3136604988991335e-07,1.0456963420263354e-05,1.6870405561756912e-06,2.2781095704870796e-06,2.600233682688331e-08,1.5242289704034772e-08,3.2685131524167126e-07,0.002134073519413845
62.400000000000006,0.0016290730838015007,0.00028759168516563415,4.863720572511843e-05,6.556074307768244e-05,5.6730082781261616e-05,1.0331746900654599e-05,1.4057433924938136e-05,2.777899028398954e-07,3.290126493231658e-07,1.04208262127256e-05,1.6785195682470939e-06,2.2656952762524522e-06,2.584109538663719e-08,1.5145501332942958e-08,3.256962348760352e-07,0.002127320507817774
62.45,0.0016242787597745471,0.0002866268725153122,4.839879035546221e-05,6.5214154052387e-05,5.653561178968392e-05,1.0280066605679935e-05,1.3981719960725362e-05,2.758873355738604e-07,3.2667764039399645e-07,1.038481900104582e-05,1.6700620708055113e-06,2.2533829483018816e-06,2.56826336701333e-08,1.5050492565949815e-08,3.2454504181415895e-07,0.0021205920822179687
62.5,0.0016195000827588623,0.0002856656867368935,4.816170509242894e-05,6.486961202721316e-05,5.634188932110711e-05,1.0228680961292543e-05,1.3906462410802014e-05,2.739992195729251e-07,3.2436087260695465e-07,1.0348944600823806e-05,1.6616686172350075e-06,2.2411736783551828e-06,2.552643468792784e-08,1.4956918752553913e-08,3.2339763907083007e-07,0.0021138881472897047
62.550000000000004,0.0016147369987081152,0.00028470811329016626,4.792594168169375e-05,6.452710370743489e-05,5.614891229762359e-05,1.0177588097169681e-05,1.3831658245078496e-05,2.7212543875157314e-07,3.2206219677949074e-07,1.0313205975834915e-05,1.6533393858737619e-06,2.229067868193683e-06,2.5371949730311004e-08,1.4864412328795438e-08,3.2225377179077936e-07,0.002107208607026565
62.6,0.0016099894537626844,0.0002837541376931484,4.7691491924976544e-05,6.418661589210496e-05,5.595667765408363e-05,1.0126786156165707e-05,1.3757304455815148e-05,2.7026587792781657e-07,3.197814648928279e-07,1.0277606154224972e-05,1.6450741715527506e-06,2.217065215085649e-06,2.5218632977109836e-08,1.477260728178285e-08,3.2111319205897216e-07,0.0021005533648549807
62.650000000000006,0.0016052573942490734,0.0002828037455218851,4.745834767963076e-05,6.384813547334352e-05,5.5765182338068186e-05,1.0076273294193137e-05,1.3683398057406035e-05,2.6842042272459313e-07,3.175185299477409e-07,1.0242148143398405e-05,1.636872386426341e-06,2.2051647143973997e-06,2.5065975663686256e-08,1.4681163470964176e-08,3.199758449872063e-07,0.002093922323794617
62.7,0.001600540766679337,0.00028185692241024934,4.7226500858235845e-05,6.351164943563316e-05,5.55744233098597e-05,1.0026047680100472e-05,1.3609936086153837e-05,2.6658895947664433e-07,3.152732458283217e-07,1.0206834845657071e-05,1.6287330698664196e-06,2.1933646788692506e-06,2.4913534104954566e-08,1.4589786594312032e-08,3.1884201861033126e-07,0.0020873153865985767
62.75,0.0015958395177504976,0.0002809136540497401,4.699594342819245e-05,6.317714485511892e-05,5.5384397542409396e-05,9.976107495547081e-06,1.353691560003666e-05,2.647713751448309e-07,3.130454671766269e-07,1.0171668976614564e-05,1.620654906971878e-06,2.181662773622638e-06,2.4760946789573996e-08,1.449824020102704e-08,3.1771240551985826e-07,0.002080732455813583
62.800000000000004,0.0015911535943439715,0.00027997392618928215,4.676666741132105e-05,6.284460889891451e-05,5.5195102021301586e-05,9.926450934875865e-06,1.346433367846837e-05,2.6296755723969863e-07,3.1083504928088627e-07,1.0136652988326411e-05,1.612636255052904e-06,2.170056065613798e-06,2.4607938194451843e-08,1.4406347995144094e-08,3.1658805370213185e-07,0.0020741734337335407
62.85,0.0015864829435249933,0.0002790377246350266,4.6538664883463824e-05,6.251402882441398e-05,5.500653374471433e-05,9.877076204984301e-06,1.3392187422053946e-05,2.611773937558967e-07,3.086418479796427e-07,1.0101788998942532e-05,1.604675177288462e-06,2.1585410859682023e-06,2.445431020900363e-08,1.4313987139807788e-08,3.1547022367122175e-07,0.0020676382222646053
62.900000000000006,0.001581827512542038,0.0002781050352501496,4.6311927974089184e-05,6.218539197860864e-05,5.4818689723376e-05,9.827981525194532e-06,1.3320473952341447e-05,2.5940077311880744e-07,3.0646571958383604e-07,1.0067078730510117e-05,1.5967694826275317e-06,2.1471139034206208e-06,2.4299924903833003e-08,1.4221075403290038e-08,3.14360199232476e-07,0.002061126722754598
62.95,0.0015771872488262511,0.0002771758439546539,4.6086448865900014e-05,6.185868579741e-05,5.463156698051834e-05,9.779165127123444e-06,1.3249190411572773e-05,2.5763758414448576e-07,3.043065208184561e-07,1.0032523456338648e-05,1.5889167709093928e-06,2.1357702069441725e-06,2.4144683813760673e-08,1.4127556018552056e-08,3.132591058748965e-07,0.002054638835848292
63.0,0.0015725620999908728,0.0002762501367251683,4.586221979444438e-05,6.153389780497764e-05,5.444516255182517e-05,9.730625254553338e-06,1.3178333962434848e-05,2.558877160136917e-07,3.0216410878492926e-07,9.998123959090562e-06,1.5811144821128405e-06,2.1245053955689033e-06,2.3988508693061392e-08,1.403338386031052e-08,3.1216777348865324e-07,0.0020481744614118894
63.050000000000004,0.001567952013830667,0.0002753278995947491,4.5639233047729675e-05,6.121101561305284e-05,5.425947348537741e-05,9.68236016330421e-06,1.3107901787813496e-05,2.5415105826049536e-07,3.0003834094495275e-07,9.96388050048965e-06,1.5733599486049749e-06,2.113314673354836e-06,2.383132740094915e-08,1.3938515424078855e-08,3.1108665322130604e-07,0.0020417334985403947
63.1,0.0015633569383213535,0.00027440911865268103,4.541748096583972e-05,6.0890026920297597e-05,5.4074496841594414e-05,9.634368121108391e-06,1.303789109055195e-05,2.524275007755963e-07,2.9792907512599303e-07,9.929792803251806e-06,1.565650449242404e-06,2.1021931474830555e-06,2.3673067072587558e-08,1.3842903924948513e-08,3.1001578059706655e-07,0.002035315845640901
63.150000000000006,0.001558776821619034,0.0002734937800442782,4.519695594055459e-05,6.0570919511638554e-05,5.389022969317153e-05,9.586647407488295e-06,1.296829909321586e-05,2.507169338241629e-07,2.958361695481729e-07,9.895860045547455e-06,1.557983264177146e-06,2.091135927450052e-06,2.3513655640141613e-08,1.374650015703661e-08,3.089547772976379e-07,0.0020289214005830224
63.2,0.00155421161205963,0.00027258186997068646,4.4977650414973826e-05,6.025368125761679e-05,5.370666912501482e-05,9.539196313638207e-06,1.2899123037866924e-05,2.490192480776783e-07,2.937594828717948e-07,9.862080868009956e-06,1.5503557292326967e-06,2.0801382233868497e-06,2.3353032021987322e-08,1.3649259413497479e-08,3.079028950914068e-07,0.0020225500609175337
63.25,0.001549661258158309,0.00027167337468868427,4.475955688314214e-05,5.9938300113742235e-05,5.3523812234172724e-05,9.492013142310616e-06,1.2830360185846607e-05,2.4733433465894375e-07,2.9169887426426215e-07,9.828453393015584e-06,1.5427652887404111e-06,2.0691954415707675e-06,2.319116429230897e-08,1.3551154190863958e-08,3.068591115898525e-07,0.002016201724168531
63.300000000000004,0.0015451257086089233,0.00027076828051048556,4.454266788967837e-05,5.96247641198537e-05,5.334165612976561e-05,9.445096207707906e-06,1.2762007817571776e-05,2.4566208519910466e-07,2.896542034847311e-07,9.794975255686304e-06,1.5352095457621742e-06,2.0583032752541298e-06,2.3028073444120503e-08,1.3452191216541179e-08,3.05822278410311e-07,0.002009876288192443
63.35,0.0015406049122834446,0.00026986657380354234,4.432697602940727e-05,5.9313061399484e-05,5.3160197932913636e-05,9.398443835379865e-06,1.2694063232343507e-05,2.4400239190527796e-07,2.8762533098441157e-07,9.761643645810739e-06,1.5276863086730112e-06,2.047457789004258e-06,2.286385825739144e-08,1.3352429710396807e-08,3.047913007587554e-07,0.0020035736515716194
63.400000000000006,0.0015360988182313974,0.0002689682409903467,4.4112473946993895e-05,5.900318015922982e-05,5.29794347766632e-05,9.352054362127384e-06,1.2626523748170082e-05,2.4235514763711736e-07,2.8561211802007334e-07,9.728455359647452e-06,1.5201936331390328e-06,2.0366554948391463e-06,2.2698715183736616e-08,1.3251996411147748e-08,3.037653061396937e-07,0.0019972937139859466
63.45,0.0015316073756793012,0.0002680732685482348,4.3899154336581304e-05,5.869510868812717e-05,5.279936380591325e-05,9.305926135912843e-06,1.2559386701605258e-05,2.4072024599045144e-07,2.836144267780196e-07,9.695406860371634e-06,1.5127298586044635e-06,2.0258934185611064e-06,2.2532947077647176e-08,1.3151092670263563e-08,3.027437529065421e-07,0.001991036376498636
63.5,0.0015271305340301042,0.0002671816430091895,4.368700994143058e-05,5.838883535703132e-05,5.261998217734139e-05,9.260057515777161e-06,1.2492649447602052e-05,2.3909758138595176e-07,2.8163212050552957e-07,9.662494345754232e-06,1.505293638498749e-06,2.015169154843642e-06,2.2366956625933125e-08,1.3049990376559119e-08,3.017264442384166e-07,0.0019848015417107054
63.550000000000004,0.0015226682428626263,0.00026629335095964423,4.347603355356399e-05,5.8084348618002055e-05,5.244128705933103e-05,9.214446871763741e-06,1.2426309359382515e-05,2.3748704916067932e-07,2.796650636466077e-07,9.62971382152476e-06,1.4978839634926873e-06,2.004480909820868e-06,2.2201224092173712e-08,1.2949016322896642e-08,3.0071344572891314e-07,0.0019785891137781035
63.6,0.0015182204519310002,0.0002654083790402877,4.326621801341088e-05,5.7781637003693853e-05,5.22632756319001e-05,9.169092584849184e-06,1.2360363828323282e-05,2.3588854566027726e-07,2.777131219787623e-07,9.59706117876596e-06,1.4905001772711542e-06,1.9938275301663814e-06,2.2036273125629284e-08,1.2848527792853513e-08,2.997049397065579e-07,0.001972398998327933
63.650000000000006,0.0015137871111641106,0.00026452671394586717,4.3057556209456075e-05,5.748068912675057e-05,5.208594508663157e-05,9.123993046880462e-06,1.2294810263856391e-05,2.3430196832955322e-07,2.757761627474991e-07,9.564532273621643e-06,1.4831419844480085e-06,1.9832085179286257e-06,2.1872631211825594e-08,1.274888432322235e-08,2.987010681705841e-07,0.001966231102334334
63.7,0.0015093681706650416,0.000263648342424994,4.285004107789139e-05,5.7181493679205555e-05,5.19092926266072e-05,9.079146660518405e-06,1.2229646093384833e-05,2.327272157992304e-07,2.7385405479526475e-07,9.532123007568347e-06,1.4758094504230386e-06,1.9726240307072214e-06,2.1710791896583512e-08,1.2650420953235572e-08,2.9770180950744036e-07,0.0019600853340092927
63.75,0.0015049635807105172,0.0002627732512799482,4.264366560226946e-05,5.688403943188595e-05,5.1733315466344224e-05,9.034551839186814e-06,1.216486876221151e-05,2.3116418796670905e-07,2.7194666868167044e-07,9.499829406506061e-06,1.468502993166529e-06,1.962074867099956e-06,2.1551184396896142e-08,1.2553426969985828e-08,2.9670690918323046e-07,0.0019539616027363345
63.800000000000004,0.0015005732917503488,0.00026190142736648366,4.243842281316049e-05,5.658831523382219e-05,5.155801083173615e-05,8.990207007026772e-06,1.210047573348047e-05,2.2961278606881637e-07,2.7005387679202297e-07,9.467647696962822e-06,1.4612233671086502e-06,1.9515624377110813e-06,2.1394153716069622e-08,1.2458132205507839e-08,2.9571585953248315e-07,0.0019478598190461557
63.85,0.0014961972544068833,0.00026103285759363474,4.2234305787811734e-05,5.629431001166216e-05,5.138337595999787e-05,8.9461105988554e-06,1.203646448812872e-05,2.2807291274468485e-07,2.6817555343142805e-07,9.43557437778051e-06,1.4539716395017469e-06,1.9410887223737214e-06,2.1239952139646882e-08,1.2364701342263947e-08,2.9472791330629415e-07,0.0019417798946195941
63.900000000000006,0.0014918354194744477,0.00026016752892352114,4.2031307649809265e-05,5.600201276908969e-05,5.1209408099615133e-05,8.902261060128193e-06,1.1972832524846668e-05,2.2654447208710817e-07,2.663115749020387e-07,9.40360628575312e-06,1.4467491598073073e-06,1.9306562145879893e-06,2.1088741582043492e-08,1.2273235791446581e-08,2.9374212153419504e-07,0.001935721742307503
63.95,0.0014874877379188025,0.0002593054283711553,4.182942156874282e-05,5.5711412586248257e-05,5.103610451029941e-05,8.858656846904237e-06,1.1909577360045389e-05,2.2502736968097953e-07,2.644618195613933e-07,9.371740653822358e-06,1.4395575228297709e-06,1.920267854498373e-06,2.0940605410767223e-08,1.2183782251483114e-08,2.9275739875509575e-07,0.0019296852761690082
64.0,0.0014831541608765879,0.00025844654300424857,4.16286407598728e-05,5.54224986191687e-05,5.0863462462947376e-05,8.815296425813176e-06,1.1846696527828232e-05,2.235215126276842e-07,2.6262616786018275e-07,9.33997516059558e-06,1.4323985264707968e-06,1.9099269520176624e-06,2.07955675152428e-08,1.209634653880539e-08,2.917726248425101e-07,0.0019236704115349352
64.05,0.0014788346396547778,0.00025759085994301847,4.142895848380019e-05,5.513526009920193e-05,5.069147923960586e-05,8.772178274023134e-06,1.1784187579964742e-05,2.2202680955463392e-07,2.6080450235824494e-07,9.308307970136072e-06,1.4252741251059865e-06,1.8996371019423038e-06,2.0653615247164016e-08,1.2010910410751474e-08,2.907867847681713e-07,0.0019176770650939155
64.10000000000001,0.0014745291257301308,0.00025673836635999617,4.123036804613878e-05,5.484968633245588e-05,5.05201521334417e-05,8.729300879208498e-06,1.1722048085864325e-05,2.205431706094452e-07,2.58996707718049e-07,9.276737761181564e-06,1.4181863796878114e-06,1.8894020930901338e-06,2.0514721701271394e-08,1.192744808016238e-08,2.897991276329517e-07,0.0019117051549769376
64.15,0.0014702375707486492,0.0002558890494798352,4.103286279719029e-05,5.45657666992374e-05,5.0349478448716825e-05,8.686662739516664e-06,1.16602756325475e-05,2.190705074386057e-07,2.572026706754303e-07,9.245263745171135e-06,1.4111374057516663e-06,1.879225813623761e-06,2.0378862311942795e-08,1.1845938609427595e-08,2.8880930532653085e-07,0.0019057546007946013
64.2,0.0014659599265250264,0.00025504289657911816,4.0836436131621384e-05,5.428349065349777e-05,5.017945550076748e-05,8.644262363532627e-06,1.1598867824612132e-05,2.176087331508026e-07,2.5542227998782417e-07,9.213885672698627e-06,1.404129320545152e-06,1.869112154800549e-06,2.0246021646770498e-08,1.1766370996875666e-08,2.878174444058223e-07,0.001899825323576408
64.25,0.0014616961450421083,0.00025419989498616654,4.064108148814378e-05,5.400284772228345e-05,5.001008061598823e-05,8.602098270240713e-06,1.1537822284192757e-05,2.161577622654389e-07,2.536554263607565e-07,9.182603828259174e-06,1.397164190513637e-06,1.859064915413564e-06,2.011618875177531e-08,1.168874065063788e-08,2.868241212519111e-07,0.0018939172455825909
64.3,0.0014574461784503498,0.0002533600320808493,4.0446792349196555e-05,5.372382750519078e-05,4.984135113181955e-05,8.560168988982437e-06,1.1477136650910704e-05,2.1471751064717518e-07,2.519020023538133e-07,9.151419013408349e-06,1.390243980357676e-06,1.849087709157027e-06,1.9989342689741977e-08,1.1613038518553426e-08,2.8583024473456116e-07,0.0018880302899991657
64.35000000000001,0.0014532099790672724,0.00025252329529439223,4.025356224063085e-05,5.344641967382504e-05,4.9673264396738665e-05,8.51847305940976e-06,1.1416808581813168e-05,2.1328789542765265e-07,2.501619022677712e-07,9.120332518706882e-06,1.3833705048306949e-06,1.8391838770651222e-06,1.9865432704268325e-08,1.1539236344150728e-08,2.8483688439135074e-07,0.00188216438056582
64.4,0.0014489874993769282,0.0002516896721091885,4.006138473139735e-05,5.3170613971264164e-05,4.95058177702532e-05,8.477009031433152e-06,1.1356835751299717e-05,2.1186883491583877e-07,2.4843502201499467e-07,9.089346085071482e-06,1.3765453843691824e-06,1.8293564070346707e-06,1.9744358637882814e-08,1.1467272375810296e-08,2.8384509713581447e-07,0.0018763194412033197
64.45,0.0014447786920293551,0.00025085915005860755,3.987025343323556e-05,5.289640021152599e-05,4.93390086228963e-05,8.435775465163716e-06,1.1297215851034563e-05,2.1046024849868423e-07,2.46721258975566e-07,9.058461855388351e-06,1.369770005543769e-06,1.819607862251087e-06,1.9625956509645757e-08,1.1397041135360688e-08,2.8285579568841245e-07,0.001870495395695809
64.5,0.001440583509840043,0.00025003171672680676,3.968016200036608e-05,5.262376827904047e-05,4.9172834336223295e-05,8.394770930849205e-06,1.123794658984389e-05,2.0906205653401305e-07,2.4502051184195547e-07,9.027682317465142e-06,1.3630454871901698e-06,1.809940320095847e-06,1.9509992097543055e-08,1.1328389145069274e-08,2.8186967643573944e-07,0.0018646921674539782
64.55,0.001436401905789397,0.0002492073597485419,3.9491104129184915e-05,5.2352708128125707e-05,4.9007292302808545e-05,8.353994008803442e-06,1.1179025693597238e-05,2.0767418023773306e-07,2.43332680455284e-07,8.997010239592545e-06,1.3563726529267603e-06,1.800355322826984e-06,1.9396163088562833e-08,1.126111673606126e-08,2.808871994798527e-07,0.0018589096793558027
64.60000000000001,0.0014322338330222003,0.0002483860668089787,3.9303073557960226e-05,5.208320978246814e-05,4.8842379926241676e-05,8.313443289329102e-06,1.112045090507263e-05,2.0629654156759573e-07,2.416576656364376e-07,8.966448600154016e-06,1.3497520105949155e-06,1.7908538409999486e-06,1.9284108794933205e-08,1.1194984931848388e-08,2.7990860181989817e-07,0.00185314785364675
64.65,0.0014280792448470856,0.0002475678256435053,3.9116064066531576e-05,5.181526333460724e-05,4.867809462112282e-05,8.273117372633902e-06,1.1062219983805525e-05,2.049290631058208e-07,2.399953690154182e-07,8.936000512855789e-06,1.3431837389744667e-06,1.781436250245072e-06,1.9173425860153844e-08,1.1129726142410303e-08,2.7893392908560833e-07,0.001847406611884577
64.7,0.0014239380947359953,0.00024675262403754314,3.893006947601104e-05,5.154885894542351e-05,4.8514433813055184e-05,8.233014868740197e-06,1.1004330705921649e-05,2.0357166794293082e-07,2.383456928623649e-07,8.905669149245278e-06,1.3366676819362596e-06,1.772102321653262e-06,1.9063688447207817e-08,1.1065057692871179e-08,2.779630850684633e-07,0.0018416858749275386
64.75,0.0014198103363236543,0.0002459404498263606,3.874508364848709e-05,5.128398684363136e-05,4.835139493863524e-05,8.193134397388557e-06,1.0946780863954785e-05,2.0222427956514084e-07,2.3670853992367132e-07,8.875457660241866e-06,1.3302033500042602e-06,1.7628512256589165e-06,1.8954471492918568e-08,1.1000697434412566e-08,2.7699590832921485e-07,0.0018359855629747626
64.8,0.0014156959234070388,0.00024513129089488603,3.856110048673055e-05,5.1020637325275524e-05,4.8188975445438934e-05,8.153474587935589e-06,1.0889568266650306e-05,2.0088682174757124e-07,2.3508381326652164e-07,8.845369098417106e-06,1.3237899291182533e-06,1.7536815489639155e-06,1.8845375216253558e-08,1.093638040939926e-08,2.760322805629191e-07,0.0018303055956616582
64.85000000000001,0.0014115948099448464,0.00024432513517752053,3.837811393390273e-05,5.075880075323155e-05,4.802717279200362e-05,8.114034079246673e-06,1.0832690738755919e-05,1.995592184554476e-07,2.334714161350093e-07,8.815406342732302e-06,1.3174262962221388e-06,1.7445913237343356e-06,1.873604817094211e-08,1.0871874797792776e-08,2.7507225212573813e-07,0.0018246458921918813
64.9,0.0014075069500569728,0.0002435219706579533,3.819611797326614e-05,5.049846755671058e-05,4.786598444780531e-05,8.07481151958442e-06,1.0776146120801427e-05,1.9824139375529275e-07,2.3187125182077266e-07,8.785572027370592e-06,1.3111110411578647e-06,1.7355780680348156e-06,1.8626205331288115e-08,1.080699462401673e-08,2.7411614865695624e-07,0.0018190063714638458
64.95,0.001403432298023978,0.00024272178536897425,3.8015106627896834e-05,5.0239628230767305e-05,4.7705407893230014e-05,8.035805566493491e-06,1.0719932268869223e-05,1.969332717379066e-07,2.3028322355077668e-07,8.755868476190684e-06,1.304842494225354e-06,1.7266388362534574e-06,1.8515637791958807e-08,1.0741606606311502e-08,2.7316461587882125e-07,0.0018133869521424443
65.0,0.0013993708082865662,0.0002419245673922899,3.783507396039956e-05,4.998227333581254e-05,4.7545440619539776e-05,7.997014886682966e-06,1.0664047054358041e-05,1.9563477645470335e-07,2.2870723439453663e-07,8.726297644184558e-06,1.298618758676599e-06,1.7177702781174672e-06,1.8404212050410648e-08,1.0675629499376192e-08,2.7221857560301663e-07,0.0018077875526446296
65.05,0.0013953224354450605,0.00024113030485833827,3.765601407262474e-05,4.972639349712931e-05,4.738608012883235e-05,7.958438155907109e-06,1.060848836374215e-05,1.94345831868688e-07,2.2714318719266278e-07,8.696861067145606e-06,1.2924377473472356e-06,1.708968704805611e-06,1.829185925309704e-08,1.0609026123750128e-08,2.7127909795934807e-07,0.0018022080910433302
65.10000000000001,0.0013912871342588785,0.0002403389859461044,3.747792110538769e-05,4.9471979404392746e-05,4.7227323933994686e-05,7.92007405884565e-06,1.0553254098328587e-05,1.9306636182106085e-07,2.2559098450817426e-07,8.66755982055353e-06,1.2862972225896662e-06,1.7002301606229148e-06,1.8178557376132595e-08,1.0541790262506183e-08,2.7034722640911573e-07,0.0017966484849300756
65.15,0.0013872648596460159,0.0002395505988829372,3.730078923819022e-05,4.921902181119412e-05,4.706916955865037e-05,7.881921288984742e-06,1.049834217401517e-05,1.9179629001411652e-07,2.2405052860155974e-07,8.638394488463457e-06,1.2801948386545804e-06,1.691550498706317e-06,1.806431102563418e-08,1.0473931912047872e-08,2.694238075858453e-07,0.0017911086512949512
65.2,0.0013832555666825187,0.00023876513194436474,3.712461268894387e-05,4.896751153456792e-05,4.6911614537100466e-05,7.843978548499573e-06,1.0443750521051707e-05,1.9053554001075894e-07,2.2252172143006206e-07,8.609365142955484e-06,1.2741281856680833e-06,1.6829254592651774e-06,1.7949133695460726e-08,1.0405464486361858e-08,2.685093709676221e-07,0.0017855885064755259
65.25,0.0013792592106019698,0.00023798257345391212,3.694938571369573e-05,4.871743945452341e-05,4.675465641425894e-05,7.80624454813994e-06,1.0389477083807401e-05,1.8928403525062396e-07,2.2100446467117734e-07,8.580471334464233e-06,1.2680948343649078e-06,1.67435074891505e-06,1.783303599902942e-08,1.0336396522778933e-08,2.676040789452465e-07,0.0017800879661994402
65.3,0.0013752757467949686,0.00023720291178291864,3.677510260635618e-05,4.8468796513579476e-05,4.659829274558228e-05,7.768718007119705e-06,1.033551982054675e-05,1.8804169908244386e-07,2.1949865976984287e-07,8.551712093070905e-06,1.2620923807596063e-06,1.6658221197247952e-06,1.7716021347369606e-08,1.0266728814814998e-08,2.667077393301702e-07,0.0017746069457129717
65.35000000000001,0.0013713051308086146,0.00023642613535035547,3.6601757698428614e-05,4.822157371630314e-05,4.644252109699416e-05,7.731397653011216e-06,1.0281876703216526e-05,1.868084548119591e-07,2.1800420800830525e-07,8.523085940609197e-06,1.256118489963715e-06,1.6573354466570342e-06,1.7598088711646528e-08,1.019645652106168e-08,2.658198546095399e-07,0.001769145359966816
65.4,0.001367347318345996,0.00023565223262264485,3.6429345358741584e-05,4.797576212885212e-05,4.628733904480584e-05,7.694282221645679e-06,1.0228545717246146e-05,1.8558422576435914e-07,2.165210105971895e-07,8.494590913215542e-06,1.2501709383851517e-06,1.6488868021345239e-06,1.747924111991293e-08,1.0125575174349698e-08,2.6493968351159986e-07,0.0017637031238298343
65.45,0.001363402265265669,0.00023488119211347757,3.6257859993182396e-05,4.773135287852023e-05,4.6132744175632465e-05,7.65737045702016e-06,1.017552486136327e-05,1.843689353599268e-07,2.150489687858442e-07,8.466224593747495e-06,1.2442476535756883e-06,1.6404725265091114e-06,1.7359498391424864e-08,1.0054089565465543e-08,2.640663062740534e-07,0.0017582801523170742
65.5,0.0013594699275811496,0.00023411300238363304,3.608729604443331e-05,4.748833715328706e-05,4.5978734086306905e-05,7.6206611112121815e-06,1.0122812147426688e-05,1.8316250720129761e-07,2.1358798398965004e-07,8.437984153305675e-06,1.2383467510241615e-06,1.6320892932488143e-06,1.723891269065717e-08,9.982024680146106e-09,2.6319870100281943e-07,0.001752876360834592
65.55,0.001355550261460401,0.00023334765204079884,3.5917647991709446e-05,4.7246706201370915e-05,4.58253063837914e-05,7.584152944302309e-06,1.0070405600277747e-05,1.8196486517049078e-07,2.1213795793161347e-07,8.40986640092626e-06,1.232466567229102e-06,1.6237341676985038e-06,1.7117585108497243e-08,9.909437654383744e-09,2.6233584115343526e-07,0.001747491665445524
65.60000000000001,0.0013516432232253217,0.00023258512973939056,3.574891035049876e-05,4.7006451330785174e-05,4.56724586850881e-05,7.547844724305265e-06,1.0018303257611478e-05,1.8077593353367107e-07,2.1069879279527798e-07,8.38186784036556e-06,1.2266056884281319e-06,1.6154046583198856e-06,1.699568054206263e-08,9.836428924450738e-09,2.6147681090559236e-07,0.0017421259831468152
65.65,0.0013477487693512422,0.0002318254241803734,3.558107767230416e-05,4.6767563908898555e-05,4.55201886171498e-05,7.5117352271098835e-06,9.966503169868267e-06,1.7959563705143803e-07,2.0927039138574612e-07,8.35398473277675e-06,1.2207629744162646e-06,1.60709875938654e-06,1.68734372072589e-08,9.763149851477586e-09,2.606209156996897e-07,0.0017367792321247213
65.7,0.001343866856466409,0.00023106852411108184,3.541414454438718e-05,4.6530035361998116e-05,4.536849381679119e-05,7.4758232364278885e-06,9.915003400146176e-06,1.7842390109231287e-07,2.0785265729542768e-07,8.326213163982366e-06,1.2149375769545337e-06,1.5988149842088258e-06,1.6751167009429183e-08,9.689803860500501e-09,2.597677534995566e-07,0.0017314513319451445
65.75,0.0013399974413514841,0.00023031441832504216,3.524810558951404e-05,4.629385717485639e-05,4.521737193060245e-05,7.440107543751642e-06,9.863802024134173e-06,1.772606517470335e-07,2.0644549507103725e-07,8.298549114975892e-06,1.2091289523567309e-06,1.590552388098644e-06,1.6629244314618187e-08,9.616639057326144e-09,2.5891721716453695e-07,0.0017261422036421706
65.8,0.0013361404809390373,0.00022956309566179414,3.5082955465703424e-05,4.605902089030154e-05,4.5066820614865636e-05,7.404586948320499e-06,9.812897130065586e-06,1.7610581594123357e-07,2.0504881037831723e-07,8.27098853424107e-06,1.2033368679461625e-06,1.5823105804587172e-06,1.6508083343429662e-08,9.543932315006376e-09,2.5806941907495775e-07,0.0017208517696937875
65.85000000000001,0.0013322959323130424,0.0002288145450067134,3.491868886597617e-05,4.5825518108790946e-05,4.491683753547494e-05,7.369260257095433e-06,9.762286818690996e-06,1.7495932154411371e-07,2.0366251016100816e-07,8.243527410459082e-06,1.197561402195582e-06,1.5740897255949868e-06,1.638810757953893e-08,9.4719673068319e-09,2.572245573766152e-07,0.0017155799539080021
65.9,0.001328463752708378,0.0002280687552908352,3.4755300518107085e-05,4.5593340487988405e-05,4.4767420367862e-05,7.334126284741412e-06,9.71196920326941e-06,1.738210974707849e-07,2.0228650279069272e-07,8.21616184418092e-06,1.1918029384988982e-06,1.565890532098784e-06,1.6269716949842757e-08,9.401010870112986e-09,2.5638276597244496e-07,0.0017103266812700142
65.95,0.0013246438995103203,0.0002273257154906765,3.459278518437821e-05,4.536247974234403e-05,4.461856679692636e-05,7.299183853616703e-06,9.661942409575875e-06,1.7269107377607924e-07,2.0092069820430786e-07,8.188888117073878e-06,1.1860621526684266e-06,1.5577142309184519e-06,1.615325907359237e-08,9.331292518305006e-09,2.5554399587130813e-07,0.0017050918778079426
66.0,0.0013208363302540465,0.00022658541462806093,3.44311376613344e-05,4.513292764267809e-05,4.4470274516972745e-05,7.264431793768425e-06,9.612204575923893e-06,1.7156918173779837e-07,1.9956500802637155e-07,8.161702757407357e-06,1.1803399944007482e-06,1.549562542525776e-06,1.603900938150873e-08,9.262990694549264e-09,2.5470795990478576e-07,0.0016998754705168642
66.05,0.0013170410026241354,0.00022584784176994267,3.427035277954054e-05,4.490467601576773e-05,4.4322541231655034e-05,7.229868942933249e-06,9.562753853200158e-06,1.7045535392756229e-07,1.9821934567325238e-07,8.13460260052156e-06,1.1746376631010774e-06,1.5414376338661454e-06,1.592716210414697e-08,9.196227124536503e-09,2.5387414429186223e-07,0.001694677387347785
66.10000000000001,0.001313257874454069,0.00022511298602823136,3.4110425403340596e-05,4.4677716743937055e-05,4.41753646539277e-05,7.195494146542203e-06,9.513588404909196e-06,1.693495242676713e-07,1.9688362643717093e-07,8.10758484312297e-06,1.1689565785942484e-06,1.5333420660484314e-06,1.5817831343671802e-08,9.131068456520066e-09,2.530418654342163e-07,0.0016894975572386622
66.15,0.0013094869037257395,0.00022438083655961814,3.395135043061874e-05,4.445204176465056e-05,4.4028742506005234e-05,7.161306257728464e-06,9.464706407225261e-06,1.6825162807266636e-07,1.9555776754801858e-07,8.080647090370525e-06,1.163298347374093e-06,1.5252787339676056e-06,1.571105978670569e-08,9.067533156521523e-09,2.5221034226002247e-07,0.0016843359101541221
66.2,0.001305728048568949,0.0002236513825654002,3.379312279256181e-05,4.4227643070109284e-05,4.3882672519329096e-05,7.127304137336754e-06,9.416106049048384e-06,1.6716160207456758e-07,1.9424168821150612e-07,8.053787394854454e-06,1.1576647251473992e-06,1.5172507992497034e-06,1.560683231851577e-08,9.005601548671231e-09,2.5137876459833066e-07,0.001679192377110738
66.25,0.001301981267260919,0.00022292461329130798,3.363573745342405e-05,4.4004512706850615e-05,4.373715243454315e-05,7.093486653933256e-06,9.367785532061897e-06,1.6607938443110258e-07,1.9293530962263556e-07,8.027004286724314e-06,1.1520575765106192e-06,1.5092616180583618e-06,1.5505092284554414e-08,8.945227436119126e-09,2.505463557763491e-07,0.0016740668901838837
66.3,0.0012982465182257974,0.0002222005180273317,3.347918941029337e-05,4.3782642775350986e-05,4.3592180001476776e-05,7.059852683814617e-06,9.319743070788177e-06,1.6500491471656154e-07,1.9163855495396094e-07,8.000296794390765e-06,1.1464788326549962e-06,1.5013146654019265e-06,1.540575863973849e-08,8.886350203578504e-09,2.497124393626179e-07,0.0016689593825051769
66.35000000000001,0.0012945237600341661,0.00022147908610754846,3.332347369285941e-05,4.3562025429631654e-05,4.3447752979135626e-05,7.02640111101478e-06,9.271976892639676e-06,1.6393813389526446e-07,1.9035134931860973e-07,7.973664455405617e-06,1.1409304480285965e-06,1.493413457631326e-06,1.5308742264503407e-08,8.828906325532257e-09,2.488765184082048e-07,0.0016638697882582739
66.4,0.0012908129514025556,0.00022076030690995076,3.3168585363183596e-05,4.3342652876867856e-05,4.330386913569981e-05,6.993130827308462e-06,9.224485237962351e-06,1.6287898427797086e-07,1.890736197085359e-07,7.947107317313189e-06,1.1354143568925654e-06,1.4855614748250387e-06,1.5213959356573193e-08,8.772838867824056e-09,2.4803836255861953e-07,0.0016587980426673286
66.45,0.001287114051192949,0.0002200441698562736,3.301451951547042e-05,4.31245173770004e-05,4.31605262485283e-05,6.960040732209919e-06,9.177266360068486e-06,1.6182740946189536e-07,1.8780529490896055e-07,7.920625928460264e-06,1.1299324306953485e-06,1.4777620847237142e-06,1.512133952194695e-08,8.718103257980134e-09,2.4719808214069775e-07,0.0016537440819556707
66.5,0.0012834270184122999,0.0002193306644118239,3.286127127584097e-05,4.290761124235092e-05,4.301772210416974e-05,6.927129732966098e-06,9.130318525256547e-06,1.6078335425532848e-07,1.865463053904412e-07,7.89422131894894e-06,1.1244864371548518e-06,1.470018469808891e-06,1.503082658325082e-08,8.664667788288224e-09,2.4635615869785306e-07,0.0016487078432433355
66.55,0.0012797518122120446,0.00021861978008530964,3.270883580210794e-05,4.269192683723977e-05,4.287545449837806e-05,6.8943967445430045e-06,9.083640012815492e-06,1.5974676458815914e-07,1.8529658318044522e-07,7.867894972112022e-06,1.1190780018865497e-06,1.462333559022244e-06,1.4942371469256847e-08,8.612508278127238e-09,2.455134065552987e-07,0.0016436892643595308
66.60000000000001,0.0012760883918876166,0.00021791150642866926,3.2557208283552284e-05,4.2477456577607e-05,4.273372123613234e-05,6.861840689604467e-06,9.037229115011487e-06,1.5871758740988434e-07,1.8405606171671928e-07,7.84164878708133e-06,1.1137085733475608e-06,1.454709965497682e-06,1.4855918590346962e-08,8.561597880691006e-09,2.446708614532866e-07,0.0016386882835711712
66.65,0.0012724367168779668,0.00021720583303690277,3.240638394070183e-05,4.226419293063646e-05,4.2592520131659925e-05,6.829460498482608e-06,8.991084137055354e-06,1.576957705769429e-07,1.828246756851134e-07,7.815485033200768e-06,1.1083793917842421e-06,1.4471499315304769e-06,1.4771389114292328e-08,8.511894578359119e-09,2.438296215151348e-07,0.0016337048392613906
66.7,0.0012687967467650753,0.00021650274954790116,3.225635802511113e-05,4.2052128414382314e-05,4.245184900846116e-05,6.7972551091392995e-06,8.945203397049146e-06,1.5668126273142038e-07,1.8160236084482407e-07,7.789406297203997e-06,1.1030914627753382e-06,1.4396552818368167e-06,1.4688665615898498e-08,8.463329737669554e-09,2.429906869973609e-07,0.001628738869614863
66.75,0.0012651684412734742,0.00021580224564227843,3.210712581914336e-05,4.184125559739903e-05,4.231170569933531e-05,6.7652234671184e-06,8.89958522591111e-06,1.5567401317335965e-07,1.803890538442904e-07,7.763415424227553e-06,1.097845535855553e-06,1.43222738596499e-06,1.4607582103959336e-08,8.415800724205811e-09,2.421548453155318e-07,0.0016237903123658695
66.8,0.0012615517602697674,0.00021510431104320303,3.195868263575371e-05,4.1631567098373945e-05,4.217208804640588e-05,6.733364525488405e-06,8.854227967278303e-06,1.5467397172903443e-07,1.791846920311582e-07,7.737515453859202e-06,1.0926420885869306e-06,1.424867130507235e-06,1.4527921647215785e-08,8.369169164468005e-09,2.41322626382363e-07,0.0016188591046401783
66.85000000000001,0.00125794666376215,0.00021440893551622988,3.181102381827435e-05,4.142305558576272e-05,4.203299390114436e-05,6.701677244775537e-06,8.809129977386758e-06,1.536810886176353e-07,1.7798921325985975e-07,7.711709552525459e-06,1.0874813163198608e-06,1.4175749015323e-06,1.4449421611902262e-08,8.323264710990356e-09,2.404943235185858e-07,0.00161394518288782
66.9,0.0012543531118999367,0.00021371610886913384,3.166414474020127e-05,4.1215713777427854e-05,4.189442112439128e-05,6.670160592887483e-06,8.764289624929596e-06,1.5269531431885757e-07,1.7680255570041427e-07,7.686000943597863e-06,1.082363127754504e-06,1.4103505774175458e-06,1.4371784829283868e-08,8.277892904229386e-09,2.3967005375633706e-07,0.001609048482879187
66.95,0.0012507710649730787,0.00021302582095174166,3.151804080498228e-05,4.10095344402795e-05,4.175636758637287e-05,6.638813545027991e-06,8.719705290893646e-06,1.5171659944386584e-07,1.756246576520352e-07,7.660392836642138e-06,1.0772871462806235e-06,1.4031935320127606e-06,1.4294694335749673e-08,8.232845304782317e-09,2.3884982706435625e-07,0.001604168939731113
67.0,0.0012472004834116932,0.00021233806165576647,3.137270744580705e-05,4.080451038991959e-05,4.1618831166713025e-05,6.607635083603059e-06,8.675375368376026e-06,1.507448946120614e-07,1.7445545736505685e-07,7.634888357246741e-06,1.0722527169436283e-06,1.3961026478245955e-06,1.4217829606756321e-08,8.187910391039513e-09,2.3803360474886336e-07,0.0015993064879406172
67.05,0.0012436413277855894,0.00021165282091464174,3.122814012539848e-05,4.060063449028846e-05,4.148180975443889e-05,6.576624198119288e-06,8.631298262382067e-06,1.497801503359648e-07,1.7329489287453054e-07,7.6094904788460344e-06,1.0672589187616524e-06,1.38907633868035e-06,1.4140882944029034e-08,8.142884380021565e-09,2.37221344064849e-07,0.0015944610614217454
67.10000000000001,0.0012400935588037954,0.00021097008870335572,3.1084334335805686e-05,4.039789965331422e-05,4.134530124797935e-05,6.545779885075335e-06,8.587472389606657e-06,1.4882231691638175e-07,1.7214290184862994e-07,7.584201957899684e-06,1.0623045820076568e-06,1.382112581123333e-06,1.4063575262945718e-08,8.097581651434734e-09,2.3641303886295888e-07,0.0015896325935545051
67.15,0.0012365571373140912,0.00021028985503828747,3.094128559819872e-05,4.0196298838565106e-05,4.120930355515587e-05,6.515101147847532e-06,8.543896178201406e-06,1.4787134434982891e-07,1.7099942145472733e-07,7.559025273705013e-06,1.0573883099758856e-06,1.3752089536185485e-06,1.3985670582242793e-08,8.051844510306826e-09,2.3560876784722078e-07,0.0015848210172563911
67.2,0.001233032024302533,0.0002096121099770413,3.0798989462664416e-05,3.999582505290397e-05,4.1073814593164276e-05,6.484586996570715e-06,8.500568067530075e-06,1.469271822499602e-07,1.6986438824566194e-07,7.533962574005642e-06,1.05250850467672e-06,1.3683626825144957e-06,1.3906988038919807e-08,8.0055515944958e-09,2.3480875122634782e-07,0.0015800262650749602
67.25,0.0012295181808929896,0.00020893684361828374,3.065744150800422e-05,3.979647135014603e-05,4.093883228854793e-05,6.454236448015704e-06,8.457486507915445e-06,1.4598977978448061e-07,1.6873773806835242e-07,7.5090156274220186e-06,1.047663395849944e-06,1.3615706936189248e-06,1.3827409594164633e-08,7.958623609476262e-09,2.340133991852706e-07,0.0015752482692810352
67.3,0.0012260155683466735,0.00020826404610158002,3.051663734153329e-05,3.959823083071893e-05,4.080435457716122e-05,6.42404852546467e-06,8.414649960380558e-06,1.4505908562873378e-07,1.6761940599647119e-07,7.4841857835709596e-06,1.0428510726537237e-06,1.3548296682038533e-06,1.3746881371286221e-08,7.911024754034348e-09,2.3322332379910454e-07,0.0015704869619294903
67.35000000000001,0.0012225241480616751,0.00020759370760723106,3.0376572598881106e-05,3.9401096641325494e-05,4.067037940412344e-05,6.394022258585852e-06,8.372056896387662e-06,1.4413504793683972e-07,1.665093262884492e-07,7.459473941567975e-06,1.03806951737407e-06,1.348136102254969e-06,1.3665407323736998e-08,7.862758665110529e-09,2.3243929066987884e-07,0.0015657422748602905
67.4,0.0012190438815725018,0.0002069258183561119,3.0237242943793818e-05,3.920506197460936e-05,4.053690472376321e-05,6.36415668330913e-06,8.329705797578281e-06,1.4321761433092863e-07,1.6540743237160225e-07,7.434880527422591e-06,1.033316640504391e-06,1.3414863678157812e-06,1.3583035696341382e-08,7.813859034734208e-09,2.3166210856480262e-07,0.0015610141396374085
67.45,0.001215574730549609,0.00020626036860950882,3.0098644067937626e-05,3.9010120068822575e-05,4.040392849955312e-05,6.334450841703793e-06,8.287595155517627e-06,1.4230673190867072e-07,1.643136568526696e-07,7.410405480648416e-06,1.0285903165632735e-06,1.3348767753381093e-06,1.349984086263595e-08,7.7643767265891e-09,2.308924832594085e-07,0.001556302487454812
67.5,0.001212116656798942,0.00020559734866895869,2.996077169070407e-05,3.8816264207496405e-05,4.027144870403563e-05,6.304903781860116e-06,8.245723471446947e-06,1.4140234726896668e-07,1.6322793155457055e-07,7.3860482502216994e-06,1.023888420046638e-06,1.3283036360270084e-06,1.3415904635323287e-08,7.714366440250924e-09,2.3013087929342174e-07,0.0015516072490589315
67.55,0.0012086696222614744,0.00020493674887608803,2.9823621559016542e-05,3.8623487719114355e-05,4.0139463318740304e-05,6.2755145577760334e-06,8.204089256046882e-06,1.4050440655531275e-07,1.6215018757867962e-07,7.361807799838176e-06,1.0192088609433707e-06,1.3217633232489962e-06,1.333130134298646e-08,7.663876145264516e-09,2.293774307846141e-07,0.0015469283547346942
67.60000000000001,0.0012052335890127485,0.00020427855961245253,2.9687189447138294e-05,3.8431783976787716e-05,4.0007970334093144e-05,6.246282229250263e-06,8.162691029214996e-06,1.3961285551602795e-07,1.6108035539144913e-07,7.337682622242817e-06,1.014549619277623e-06,1.3152523321481656e-06,1.324608974345924e-08,7.612941561768792e-09,2.2863192261915788e-07,0.0015422657343801861
67.65,0.0012018085192624201,0.000203622771299378,2.9551471156482033e-05,3.8241146397933905e-05,3.987696774931924e-05,6.217205861783164e-06,8.121527319860397e-06,1.3872763958021594e-07,1.6001836493375403e-07,7.313670762243167e-06,1.009908778173019e-06,1.308767336678115e-06,1.3160312754604514e-08,7.561586348445089e-09,2.278938373745732e-07,0.0015376193176652629
67.7,0.0011983943753537966,0.00020296937439779998,2.941646251542058e-05,3.8051568443956747e-05,3.974645357233906e-05,6.188284526486304e-06,8.080596665717902e-06,1.3784870394803277e-07,1.589641457509006e-07,7.289769847866719e-06,1.005284554962139e-06,1.302305243304719e-06,1.3074003913903382e-08,7.50982708009476e-09,2.2716244293641665e-07,0.0015329890342452798
67.75,0.0011949911197633853,0.00020231835940810568,2.9282159379099323e-05,3.786304361992974e-05,3.961642581966032e-05,6.15951730000187e-06,8.039897613184217e-06,1.3697599369357432e-07,1.579176271408686e-07,7.265977128988445e-06,1.0006753298885922e-06,1.2958632406653107e-06,1.2987198158101622e-08,7.457681132470612e-09,2.2643688829866797e-07,0.0015283748139913321
67.8,0.0011915987151004375,0.00020166971686997557,2.914855762924987e-05,3.76755654742815e-05,3.9486882516266175e-05,6.1309032644325814e-06,7.999428717177885e-06,1.361094538784519e-07,1.5687873831800548e-07,7.2422895226363504e-06,9.960796719697038e-07,1.2894388444868167e-06,1.2899944221204014e-08,7.40517545220005e-09,2.2571628200618503e-07,0.0015237765872047901
67.85000000000001,0.0011882171241064956,0.00020102343736222545,2.9015653174005117e-05,3.748912759848365e-05,3.935782169550112e-05,6.102441507282783e-06,7.959188541024537e-06,1.3524902967393032e-07,1.5584740858911097e-07,7.218703664082444e-06,9.914963616079896e-07,1.2830299370753539e-06,1.2812316501086036e-08,7.35235471934334e-09,2.249997448336e-07,0.0015191942848021014
67.9,0.0011848463096549447,0.00020037951150264982,2.8883441947715855e-05,3.7303723626741344e-05,3.9229241398956366e-05,6.074131121411167e-06,7.91917565636856e-06,1.3439466648934085e-07,1.5482356753861811e-07,7.195215962743381e-06,9.869244095625787e-07,1.2766348007013577e-06,1.2724425098587867e-08,7.2992881609999815e-09,2.242864462743028e-07,0.0015146278384753568
67.95,0.0011814862347505565,0.0001997379299478642,2.8751919910768396e-05,3.7119347235685655e-05,3.9101139676355453e-05,6.045971204995234e-06,7.879388643111593e-06,1.335463101043593e-07,1.5380714521940342e-07,7.171822661849551e-06,9.823630719215796e-07,1.2702521442274904e-06,1.2636423240145317e-08,7.246074696124244e-09,2.2357564232362536e-07,0.0015100771808429195
68.0,0.0011781368625290436,0.00019909868339314948,2.862108304940392e-05,3.693599214406887e-05,3.8973514585442306e-05,6.017960861507652e-06,7.839826089378185e-06,1.3270390680267282e-07,1.5279807234566e-07,7.148519900793787e-06,9.778118607570433e-07,1.2638811223715123e-06,1.2548511154688087e-08,7.1928459118521176e-09,2.2286672449877904e-07,0.0015055422455966302
68.05,0.0011747981562566115,0.00019846176257229612,2.8490927375538992e-05,3.675365211246187e-05,3.88463641918727e-05,5.990099199704222e-06,7.80048659150808e-06,1.3186740350452086e-07,1.517962804842175e-07,7.125303779040323e-06,9.732705501986118e-07,1.2575213470713075e-06,1.2460934997023165e-08,7.139765843831395e-09,2.2215927224223361e-07,0.0015010229676333756
68.10000000000001,0.0011714700793295102,0.0001978271582574487,2.8361448926587397e-05,3.657232094295378e-05,3.871968656911059e-05,5.962385333623048e-06,7.761368754074314e-06,1.3103674789561796e-07,1.5080170224072156e-07,7.102170420461696e-06,9.687391777321516e-07,1.2511728905302222e-06,1.237397927702823e-08,7.08702625528627e-09,2.214530855571849e-07,0.0014965192831432582
68.15,0.001168152595273593,0.00019719486125895194,2.8232643765283516e-05,3.6391992478854266e-05,3.8593479798330984e-05,5.9348183825943676e-06,7.722471189925858e-06,1.3021188855002666e-07,1.4981427143717437e-07,7.079116036975278e-06,9.642180406157085e-07,1.244836279669495e-06,1.2287952025818134e-08,7.034836595465546e-09,2.2074817319198037e-07,0.0014920311296265948
68.2,0.001164845667743867,0.00019656486242519542,2.810450797950662e-05,3.6212660604397544e-05,3.846774196832989e-05,5.907397471260114e-06,7.683792520252875e-06,1.2939277504464904e-07,1.4883392327748334e-07,7.056136990371827e-06,9.597076874052779e-07,1.2385124818981592e-06,1.2203163645608166e-08,6.983409136881138e-09,2.2004468595651744e-07,0.001487558445829546
68.25,0.0011615492605240535,0.00019593715264246063,2.797703768210686e-05,3.6034319244449196e-05,3.834247117544332e-05,5.880121729602371e-06,7.645331374672618e-06,1.2857935806316206e-07,1.4786059449788648e-07,7.03322985126606e-06,9.552089046938156e-07,1.2322028823222843e-06,1.2119902450492705e-08,6.932941449857899e-09,2.1934280703371058e-07,0.0014831011716145658
68.3,0.0011582633375261456,0.00019531172283476756,2.7850229010732354e-05,3.5856962364214974e-05,3.821766552347575e-05,5.8529902929794696e-06,7.607086391333214e-06,1.277715894873991e-07,1.4689422349938207e-07,7.010391454152481e-06,9.50722699283564e-07,1.2259092527436455e-06,1.2038411357730616e-08,6.8835995736268355e-09,2.1864263003335882e-07,0.0014786592478037805
68.35000000000001,0.0011549878627899674,0.00019468856396372193,2.7724078127657576e-05,3.568058396895183e-05,3.809332312363902e-05,5.826002302168456e-06,7.569056217032498e-06,1.269694224744078e-07,1.4593475045961367e-07,6.987618947619004e-06,9.46250276128414e-07,1.2196337130294665e-06,1.195887029722027e-08,6.835505376306727e-09,2.1794406257217994e-07,0.0014742326160410955
68.4,0.0011517228004827382,0.00019406766702836367,2.7598581219613178e-05,3.550517810368145e-05,3.796944209450259e-05,5.799156903412569e-06,7.531239507348725e-06,1.261728115176682e-07,1.4498211742202717e-07,6.964909838854908e-06,9.417930124933387e-07,1.2133786856550485e-06,1.188138755064902e-08,6.788730556896547e-09,2.1724678553132148e-07,0.0014698212187092422
68.45,0.0011484681148986296,0.0001934490230650142,2.7473734497616736e-05,3.533073885290541e-05,3.784602056195503e-05,5.772453248472074e-06,7.49363492677959e-06,1.253817124912338e-07,1.4403626836051752e-07,6.942262031687561e-06,9.373524288759587e-07,1.2071468444159492e-06,1.1806000897844467e-08,6.743297914706807e-09,2.1655027864588456e-07,0.001465424998914662
68.5,0.001145223770458332,0.00019283262314712604,2.7349534196805106e-05,3.5157260340323087e-05,3.7723056659177734e-05,5.745890494677041e-06,7.456241148886139e-06,1.2459608267586746e-07,1.4309714921822458e-07,6.919673857493385e-06,9.329301573159874e-07,1.200941058464389e-06,1.1732687004055122e-08,6.699188602282006e-09,2.1585389928243628e-07,0.001461043900525384
68.55,0.0011419897317086192,0.00019221845838513196,2.7225976576267838e-05,3.4984736728551445e-05,3.760054852663046e-05,5.7194678049803e-06,7.419056856437713e-06,1.2381588076656036e-07,1.4216470791959376e-07,6.8971440984504785e-06,9.28527907777776e-07,1.1947643329372995e-06,1.1661375841832611e-08,6.656352833431034e-09,2.1515698354907147e-07,0.001456677868226695
68.60000000000001,0.001138765963321913,0.00019160651992629468,2.710305791888184e-05,3.481316221884695e-05,3.7478494312048626e-05,5.69318434800898e-06,7.382080741554207e-06,1.230410668611594e-07,1.4123889435529956e-07,6.874672002732282e-06,9.241474333274189e-07,1.188619747507075e-06,1.1591966617180334e-08,6.614721339695822e-09,2.1445893613551324e-07,0.0014523268475564242
68.65,0.0011355524300958543,0.00019099679895455795,2.6980774531147422e-05,3.464253105082989e-05,3.735689217045226e-05,5.667039298113025e-06,7.345311505841971e-06,1.2227160243016379e-07,1.4031966034011228e-07,6.852257291381259e-06,9.197904948385575e-07,1.1825103942006953e-06,1.152434250178981e-08,6.574215609649006e-09,2.1375928879436326e-07,0.001447990784896893
68.7,0.0011323490969528658,0.0001903892866903964,2.685912274302523e-05,3.447283750221029e-05,3.723574026416553e-05,5.641031835408991e-06,7.308747860519539e-06,1.2150745026808825e-07,1.394069595442727e-07,6.8299001567465864e-06,9.154588259514318e-07,1.1764393158025731e-06,1.1458382798508853e-08,6.534756058009313e-09,2.1305772848125087e-07,0.0014436696274242426
68.75,0.001129155928939726,0.0001897839743906676,2.6738098907774725e-05,3.430407588851642e-05,3.7115036762846734e-05,5.615161145817744e-06,7.2723885265299175e-06,1.2074857442712688e-07,1.3850074739942118e-07,6.8076012525185855e-06,9.111540989806742e-07,1.1704094460883909e-06,1.1393972243983295e-08,6.496268132998081e-09,2.123541115583805e-07,0.0014393633230332288
68.8,0.0011259728912271388,0.00018918085334846386,2.6617699401793675e-05,3.4136240562825146e-05,3.699477984352731e-05,5.5894264210945435e-06,7.236232234636001e-06,1.199949401341638e-07,1.3760098098057788e-07,6.7853616755417075e-06,9.068778924223606e-07,1.1644235530399819e-06,1.1331007538345413e-08,6.4586866130204196e-09,2.116484813140394e-07,0.0014350718202570634
68.85000000000001,0.001122799949109305,0.00018857991489296436,2.649792062445885e-05,3.3969325915494285e-05,3.687496769065895e-05,5.563826858850234e-06,7.200277725496171e-06,1.192465136924813e-07,1.3670761886610816e-07,6.763182939735765e-06,9.026316606539299e-07,1.1584841860745652e-06,1.1269400948409096e-08,6.421958052780617e-09,2.10941093687538e-07,0.0014307950681889399
68.9,0.0011196370680035,0.00018798115038928885,2.637875899796806e-05,3.380332637389731e-05,3.675559849616763e-05,5.538361662562452e-06,7.1645237497174795e-06,1.1850326236979252e-07,1.3582062097800344e-07,6.741066942598536e-06,8.984167063554821e-07,1.1525936281937297e-06,1.1209080434043037e-08,6.386040936346086e-09,2.1023244003094006e-07,0.0014265330163949987
68.95,0.0011164842134496415,0.0001873845512383499,2.626021096718302e-05,3.3638236402159566e-05,3.663667045951272e-05,5.513030041575757e-06,7.128969067883981e-06,1.1776515427447019e-07,1.3493994840516173e-07,6.719015924899351e-06,8.9423415611072e-07,1.1467538538252388e-06,1.1149985712377014e-08,6.3509029956822535e-09,2.0952324621615903e-07,0.0014222856147987457
69.0,0.0011133413511098711,0.00018679010887670774,2.6142272999473716e-05,3.347405050089697e-05,3.65181817877503e-05,5.4878312110900346e-06,7.093612450558562e-06,1.1703215822206467e-07,1.3406556321266817e-07,6.697032424300547e-06,8.900849395727013e-07,1.1409664929984157e-06,1.1092060225934144e-08,6.316515537620956e-09,2.088144294688405e-07,0.001418052813519887
69.05,0.0011102084467681298,0.00018619781477642426,2.6024941584563753e-05,3.331076320695646e-05,3.640013069559845e-05,5.462764392136504e-06,7.058452678256734e-06,1.1630424359437553e-07,1.3319742824032386e-07,6.675119223758269e-06,8.859697725047245e-07,1.1352328023631145e-06,1.1035240004222158e-08,6.28284541276112e-09,2.081070073320598e-07,0.0014138345626652756
69.10000000000001,0.001107085466329735,0.00018560766044491798,2.590821323437684e-05,3.314836909315847e-05,3.628251540550324e-05,5.43782881154097e-06,7.023488541391525e-06,1.1558138019348154e-07,1.3233550689387295e-07,6.653279295654206e-06,8.818891439306521e-07,1.1295536434328783e-06,1.0979441533193142e-08,6.249846155272259e-09,2.0740197239406942e-07,0.0014096308120908117
69.15,0.0011039723758209654,0.00018501963742482004,2.579208448288459e-05,3.298686276804152e-05,3.616533414770361e-05,5.413023701874237e-06,6.988718840189131e-06,1.1486353809322948e-07,1.314797629325147e-07,6.631515742692379e-06,8.778433075517198e-07,1.1239294683029834e-06,1.0924551454840271e-08,6.217450396483205e-09,2.0670016405190716e-07,0.0014054415111719545
69.2,0.0011008691413886347,0.00018443373729382917,2.5676551885955073e-05,3.282623887560834e-05,3.604858516029315e-05,5.388348301389651e-06,6.954142384575288e-06,1.1415068749072717e-07,1.3063016025635285e-07,6.6098317366577335e-06,8.73832277508263e-07,1.1183603129616123e-06,1.0870420781262307e-08,6.185565571711366e-09,2.0600217557533646e-07,0.0014012666086270882
69.25,0.0010977757292996786,0.00018384995166456885,2.5561612021202873e-05,3.2666492095074394e-05,3.593226668927763e-05,5.36380185394822e-06,6.919757994033216e-06,1.1344279856039808e-07,1.2978666269745054e-07,6.588230456174466e-06,8.69855828485086e-07,1.112845798176245e-06,1.0816865262993566e-08,6.154074144766936e-09,2.0530832513955436e-07,0.0013971060524264247
69.3,0.0010946921059407375,0.00018326827218444403,2.5447261487840033e-05,3.250761714061802e-05,3.581637698862621e-05,5.339383608931768e-06,6.8855644974341154e-06,1.1273984131310691e-07,1.289492338180902e-07,6.566715024619255e-06,8.659135000789818e-07,1.1073851377975264e-06,1.0763671967505283e-08,6.122838341230827e-09,2.046186957832333e-07,0.0013929597897923507
69.35000000000001,0.0010916182378177396,0.00018268869053549843,2.5333496906528128e-05,3.2349608761132546e-05,3.570091432031497e-05,5.315092821144885e-06,6.851560732841927e-06,1.1204178546278356e-07,1.2811783671971982e-07,6.5452884493377465e-06,8.620046052676883e-07,1.1019771541818524e-06,1.0710610611855042e-08,6.091708213211762e-09,2.039332230329996e-07,0.0013888277672680282
69.4,0.0010885540915554909,0.00018211119843427318,2.5220314919231577e-05,3.219246173998047e-05,3.558587695436145e-05,5.290928750706694e-06,6.817745547294498e-06,1.1134860030284499e-07,1.2729243386588198e-07,6.523953563280875e-06,8.581282427433005e-07,1.0966203002956824e-06,1.0657447323255807e-08,6.0605312350918445e-09,2.0325179408024594e-07,0.0013847099308144661
69.45,0.001085499633897257,0.00018153578763166424,2.5107712189071716e-05,3.203617089474907e-05,3.547126316884847e-05,5.266890662933473e-06,6.784117796563566e-06,1.1066025459454065e-07,1.264729869221729e-07,6.5027129701214915e-06,8.542833128022908e-07,1.0913126879348641e-06,1.0603958511713764e-08,6.029161717814179e-09,2.0257432573405475e-07,0.0013806062258994267
69.5,0.0010824548317043545,0.00018096244991278203,2.4995685400182265e-05,3.1880731077008305e-05,3.535707124993675e-05,5.242977828213601e-06,6.7506763448966904e-06,1.0997671646914858e-07,1.2565945661599112e-07,6.481568993832999e-06,8.504685364216014e-07,1.0860521213774162e-06,1.054994321523885e-08,5.99746892073014e-09,2.0190080567096657e-07,0.0013765165975598982
69.55,0.0010794196519557408,0.00018039117709681073,2.488423125756569e-05,3.172613717207033e-05,3.524329949186493e-05,5.2191895218761916e-06,6.717420064744273e-06,1.0929795334570231e-07,1.2485180261848248e-07,6.460523633611827e-06,8.466824770981872e-07,1.0808361356942335e-06,1.0495233142995947e-08,5.96534345501027e-09,2.012313013338775e-07,0.001372440990440973
69.60000000000001,0.0010763940617476032,0.00017982196103686807,2.477334648695064e-05,3.1572384098750854e-05,3.512994619693634e-05,5.195525024055075e-06,6.684347836475292e-06,1.0862393186566429e-07,1.2404998345070665e-07,6.439578524908254e-06,8.429235649901865e-07,1.07566203887435e-06,1.0439700273897482e-08,5.9327020745669484e-09,2.0056595288124994e-07,0.0013683793488269585
69.65,0.0010733780282929548,0.00017925479361986639,2.4663027834650564e-05,3.1419466809132505e-05,3.5017009675492294e-05,5.171983619549835e-06,6.651458548085606e-06,1.0795461784566892e-07,1.232539564156307e-07,6.418734907198395e-06,8.391901228729058e-07,1.0705269568828638e-06,1.038326205979891e-08,5.899491059317356e-09,1.9990496716095974e-07,0.0013643316166812277
69.7,0.001070371518921223,0.00017868966676637266,2.4553272067423068e-05,3.126738028832956e-05,3.490448824587102e-05,5.148564597685606e-06,6.618751094902661e-06,1.0728997624914317e-07,1.2246367755710355e-07,6.397993598988223e-06,8.354803934125391e-07,1.0654278807614935e-06,1.0325884051519916e-08,5.8656881420683505e-09,1.9924862099964251e-07,0.0013602977377019697
69.75,0.0010673745010778464,0.00017812657243047053,2.4444075972330615e-05,3.111611955425486e-05,3.479238023435298e-05,5.125267252173559e-06,6.586224379290875e-06,1.0662997117729556e-07,1.2167910164650995e-07,6.377354980392821e-06,8.31792567264548e-07,1.0603617149027187e-06,1.0267579350578272e-08,5.8313025244496e-09,1.985972692063779e-07,0.0013562776553871852
69.8,0.0010643869423238711,0.00017756550259962213,2.433543635660208e-05,3.096567965738834e-05,3.468068397509206e-05,5.102090880973822e-06,6.553877310361655e-06,1.0597456587962653e-07,1.2090018219731977e-07,6.3568189834842765e-06,8.281248115201661e-07,1.0553253256745785e-06,1.0208404069049852e-08,5.796372254994675e-09,1.979513417586641e-07,0.0013522713130907497
69.85000000000001,0.001061408810335546,0.00017700644929453035,2.422735004749533e-05,3.081605568054723e-05,3.4569397810033525e-05,5.079034786162666e-06,6.521708803692177e-06,1.0532372278378336e-07,1.2012687150727605e-07,6.336385090454339e-06,8.244752980512014e-07,1.0503155896388274e-06,1.0148448290957101e-08,5.760958381933902e-09,1.973113118507687e-07,0.0013482786540489667
69.9,0.0010584400729039248,0.0001764494045690024,2.4119813892160973e-05,3.0667242738658244e-05,3.445852008881933e-05,5.0560982738057474e-06,6.489717781056925e-06,1.04677403544255e-07,1.1935912072749692e-07,6.316052339496342e-06,8.208422313368939e-07,1.0453294406828096e-06,1.0087822988143622e-08,5.725136000381774e-09,1.9667762562692873e-07,0.0013442996213678315
69.95,0.0010554806979344597,0.00017589436050981222,2.401282475750677e-05,3.0519235978531085e-05,3.4348049168681324e-05,5.033280653838996e-06,6.457903170175651e-06,1.0403556910907978e-07,1.1859687995730818e-07,6.2958193381779095e-06,8.17223875393496e-07,1.040363915467016e-06,1.0026644720390945e-08,5.688983427154876e-09,1.9605060320123584e-07,0.001340334157982459
70.0,0.0010525306534466064,0.00017534130923656517,2.390637953006337e-05,3.0372030578634043e-05,3.42379834143241e-05,5.010581239958829e-06,6.426263904481486e-06,1.033981798034421e-07,1.1784009836319684e-07,6.275684283954374e-06,8.136185794640746e-07,1.0354161966679316e-06,9.965021139454509e-09,5.6525717379819386e-09,1.9543033932417784e-07,0.0013363822066210882
70.05,0.0010495899075734245,0.00017479024290156214,2.3800475115850866e-05,3.022562174887109e-05,3.412832119779828e-05,4.987999349523034e-06,6.394798922912287e-06,1.0276519542874408e-07,1.1708872431986707e-07,6.255644991363509e-06,8.100248021596406e-07,1.0304836535623645e-06,9.903040614709032e-09,5.615957206482467e-09,1.948166388913666e-07,0.0013324437098134886
70.10000000000001,0.0010466584285611798,0.00017424115368966438,2.3695108440246324e-05,3.008000473036067e-05,3.401906089836597e-05,4.965534303463616e-06,6.363507169728178e-06,1.021365753754843e-07,1.1634270557101593e-07,6.235698925346814e-06,8.06441133771056e-07,1.0255638795501203e-06,9.84076839047003e-09,5.579178528823239e-09,1.9420901194305488e-07,0.001328518609971486
70.15,0.001043736184768952,0.00017369403381815944,2.3590276447852443e-05,2.9935174795216333e-05,3.391020090236008e-05,4.9431854262127135e-06,6.332387594357781e-06,1.0151227874804503e-07,1.156019894071204e-07,6.215843240060967e-06,8.028663164931685e-07,1.0206547262440938e-06,9.778249894634721e-09,5.542259333381546e-09,1.9360673030187743e-07,0.0013246068495435944
70.2,0.0010408231446682355,0.00017314887553662617,2.3485976102366848e-05,2.9791127246328654e-05,3.380173960303896e-05,4.920952045642372e-06,6.301439151275031e-06,1.0089226449928955e-07,1.148665228572441e-07,6.196074822475062e-06,7.992992623184871e-07,1.0157543337711086e-06,9.715519877680897e-09,5.505214960764518e-09,1.9300892592111905e-07,0.0013207083712201942
70.25,0.0010379192768425487,0.00017260567112680175,2.338220438645267e-05,2.964785741714915e-05,3.369367540043868e-05,4.898833493018949e-06,6.270660799908285e-06,1.0027649157271423e-07,1.1413625289164906e-07,6.176390339994658e-06,7.957390683690174e-07,1.0108611569267788e-06,9.652614693729974e-09,5.468061471769603e-09,1.924146997733507e-07,0.0013168231181520116
70.3,0.0010350245499870419,0.00017206441290244827,2.327895830160989e-05,2.950536067147567e-05,3.358600670122461e-05,4.876829102972471e-06,6.2400515045825825e-06,9.96649190497704e-08,1.1341112663181544e-07,6.15678629131101e-06,7.921850294440012e-07,1.0059739868191824e-06,9.589584639080914e-09,5.430824587053617e-09,1.9182321227033688e-07,0.0013129510341461077
70.35000000000001,0.0010321389329081053,0.00017152509320922005,2.3176234868047645e-05,2.9363632403239354e-05,3.347873191854434e-05,4.854938213481168e-06,6.2096102344955925e-06,9.905750629988886e-08,1.126910915643572e-07,6.137259059642992e-06,7.886366475716782e-07,1.0010919676274583e-06,9.526503790703324e-09,5.393546693472928e-09,1.912337378718905e-07,0.001309092063816196
70.4,0.0010292623945229824,0.00017098770442453202,2.3074031124557602e-05,2.922266803629344e-05,3.33718494718841e-05,4.833160165871119e-06,6.179335963727186e-06,9.845421313069566e-08,1.1197609575525793e-07,6.117804967518924e-06,7.850936383683268e-07,9.962146081014226e-07,9.463475862264252e-09,5.356290889652257e-09,1.9064568184264546e-07,0.001305246152681317
70.45,0.0010263949038593766,0.00017045223895742712,2.2972344128387952e-05,2.9082463024203218e-05,3.326535778693022e-05,4.811494304830621e-06,6.149227671281879e-06,9.785499993590018e-08,1.1126608806084422e-07,6.0984203322352265e-06,7.815559340312634e-07,9.913417874457623e-07,9.400635757387047e-09,5.3191419502930785e-09,1.9005857073894344e-07,0.0013014132472225928
70.5,0.0010235364300550677,0.00016991868924844572,2.287117095511863e-05,2.894301285003798e-05,3.31592552954381e-05,4.789939978438828e-06,6.119284341163139e-06,9.725982783838043e-08,1.1056101833197378e-07,6.0791015211286015e-06,7.780236828271476e-07,9.864737552749981e-07,9.338147347355155e-09,5.2822047253625285e-09,1.8947203569365803e-07,0.0012975932949168773
70.55,0.0010206869423575247,0.00016938704776949475,2.2770508698537297e-05,2.8804313026164333e-05,3.305354043511012e-05,4.768496538207775e-06,6.0895049624777155e-06,9.666865882606086e-08,1.0986083760801846e-07,6.059845005807446e-06,7.74497244984668e-07,9.816111253983114e-07,9.276198267113461e-09,5.245600642114746e-09,1.8888580555158097e-07,0.0012937862442646021
70.60000000000001,0.0010178464101235198,0.0001688573070237174,2.26703544705162e-05,2.8666359094041062e-05,3.29482116494842e-05,4.747163339136784e-06,6.059888529567807e-06,9.60814558782977e-08,1.0916549829739172e-07,6.040647414507347e-06,7.709771849621529e-07,9.767548632988489e-07,9.214992235700923e-09,5.209462687217738e-09,1.8829971520684342e-07,0.0012899920448170565
70.65,0.0010150148028187482,0.0001683294595453638,2.2570705400890107e-05,2.8529146624015715e-05,3.2843267387834866e-05,4.725939739778062e-06,6.030434042168453e-06,9.549818308063886e-08,1.0847495434158545e-07,6.021505581764621e-06,7.674642601348045e-07,9.71906267308674e-07,9.154738961361553e-09,5.1739288160772745e-09,1.8771371867816485e-07,0.0012862106471918846
70.7,0.001012192090017441,0.00016780349789966107,2.2471558637334815e-05,2.8392671215122337e-05,3.2738706105087585e-05,4.7048251023119555e-06,6.001140505586883e-06,9.491880572601043e-08,1.077891613599454e-07,6.002416594641263e-06,7.639594060305103e-07,9.670669436428526e-07,9.095641618887623e-09,5.139133597998677e-09,1.8712788637752096e-07,0.0012824420030555406
70.75,0.0010093782414019867,0.00016727941468268497,2.2372911345246832e-05,2.8256928494881107e-05,3.2634526261748195e-05,4.683818792630407e-06,5.972006930900514e-06,9.434329040060404e-08,1.0710807677272769e-07,5.983377834785112e-06,7.604637183335899e-07,9.622387756355144e-07,9.037882467830726e-09,5.105198345149033e-09,1.8654236935891313e-07,0.0012786860650561781
70.8,0.0010065732267625506,0.00016675720252123152,2.2274760707623802e-05,2.8121914119099274e-05,3.2530726323847877e-05,4.662920180426773e-06,5.9430323351696545e-06,9.377160505298027e-08,1.0643165990032211e-07,5.964387015669894e-06,7.569784319670534e-07,9.574238877054072e-07,8.981608224304412e-09,5.072220845620965e-09,1.8595732936062444e-07,0.0012749427867086755
70.85000000000001,0.0010037770159966946,0.000166236854072689,2.2177103924945785e-05,2.798762377167358e-05,3.2427304762904535e-05,4.642128639290181e-06,5.9142157416608656e-06,9.3203719045178e-08,1.0575987203691724e-07,5.9454422144316225e-06,7.535048976503332e-07,9.526246047554062e-07,8.926917711929231e-09,5.040266586207327e-09,1.8537285278153106e-07,0.001271212122254858
70.9,0.0010009895791090032,0.00016571836202491124,2.2079938215057544e-05,2.7854053164394373e-05,3.23242600559011e-05,4.621443546802521e-06,5.885556180076747e-06,9.263960318490822e-08,1.0509267649729163e-07,5.9265418977996565e-06,7.500445564050995e-07,9.478434078661964e-07,8.873854454508438e-09,5.009363476560749e-09,1.8478887788743015e-07,0.0012674940265337185
70.95,0.0009982108862107019,0.00016520171909608982,2.19832608130514e-05,2.7721198036750777e-05,3.222159068528055e-05,4.600864284635983e-06,5.857052686787617e-06,9.20792297382135e-08,1.0443003863584574e-07,5.90768494171171e-06,7.465989125415213e-07,9.430828872670302e-07,8.822405996168943e-09,4.979501415767435e-09,1.8420516195882346e-07,0.001263788454892563
71.0,0.0009954409075192848,0.00016468691803462826,2.1887068971151214e-05,2.7589054155737708e-05,3.211929513895807e-05,4.580390238649229e-06,5.828704305060772e-06,9.152257242229582e-08,1.0377192583744513e-07,5.8888706443014475e-06,7.431695056973352e-07,9.38345693647019e-07,8.772510172044441e-09,4.950636840610969e-09,1.8362130143568522e-07,0.0012600953631538238
71.05,0.0009926796133581397,0.000164173951619016,2.1791359958597094e-05,2.7457617315664157e-05,3.201737191034954e-05,4.5600207989801245e-06,5.800510085282751e-06,9.09696063785309e-08,1.031183074800935e-07,5.870098732052729e-06,7.397578825199512e-07,9.336344889036091e-07,8.72406692181483e-09,4.922701158423786e-09,1.8303680051077772e-07,0.0012564147076319554
71.10000000000001,0.0009899269741561743,0.0001636628126577028,2.1696131061530894e-05,2.7326883337962884e-05,3.191581949841586e-05,4.53975536013306e-06,5.772469085170278e-06,9.042030812601172e-08,1.024691548699168e-07,5.851369359024946e-06,7.363655685773102e-07,9.289518974102261e-07,8.676953081680574e-09,4.895611143930549e-09,1.8245116870801334e-07,0.001252746445178032
71.15,0.0009871829604474476,0.00016315349398897432,2.1601379582882713e-05,2.719684807100172e-05,3.1814636407722335e-05,4.519593321059024e-06,5.744580369965692e-06,8.987465549628033e-08,1.018244411493877e-07,5.832683099166922e-06,7.32994041057702e-07,9.243004588261139e-07,8.631037209600703e-09,4.869279165711964e-09,1.8186401970076506e-07,0.0012490905332208256
71.2,0.000984447542870794,0.00016264598848082679,2.150710284225793e-05,2.706750738989591e-05,3.171382114851152e-05,4.499534085226528e-06,5.7168430126127765e-06,8.933262755021127e-08,1.0118414118015493e-07,5.814040931850368e-06,7.296447027753422e-07,9.196825833756839e-07,8.58619192503554e-09,4.84362146588078e-09,1.8127514410084018e-07,0.0012454469297743492
71.25,0.0009817206921694575,0.00016214028903084355,2.1413298175825325e-05,2.6938857196322243e-05,3.1613372236788685e-05,4.479577060681858e-06,5.6892560939094124e-06,8.87942044783055e-08,1.0054823140226066e-07,5.795444220866235e-06,7.263188579414215e-07,9.151005104022802e-07,8.542302260748996e-09,4.818563489825022e-09,1.8068453912732832e-07,0.001241815593393797
71.3,0.0009790023791907225,0.00016163638856607138,2.131996293620588e-05,2.6810893418334345e-05,3.1513288194417916e-05,4.459721660097066e-06,5.6618187026336205e-06,8.82593674859193e-08,9.991668967190921e-08,5.776894687235873e-06,7.230176900942448e-07,9.105562708633605e-07,8.499269756047378e-09,4.794042197302471e-09,1.8009239550837094e-07,0.0012381964830812955
71.35000000000001,0.0009762925748855451,0.0001611342800428972,2.1227094492362365e-05,2.6683612010179374e-05,3.141356754922712e-05,4.4399673008044156e-06,5.634529935640059e-06,8.772809866520449e-08,9.928949508030859e-08,5.758394376292291e-06,7.197422425118638e-07,9.06051654291786e-07,8.457013045030862e-09,4.770006039979195e-09,1.7949905908658523e-07,0.0012345895581616687
71.4,0.0009735912503081907,0.00016063395644692609,2.113469022948988e-05,2.6557008952116256e-05,3.131420883512016e-05,4.42031340481622e-06,5.607388897924536e-06,8.720038085575194e-08,9.866662775641362e-08,5.73994561958289e-06,7.164934013604786e-07,9.015881806108446e-07,8.415466153849436e-09,4.746413581575791e-09,1.789049918360358e-07,0.001230994778156322
71.45,0.0009708983766158647,0.00016013541079285828,2.1042747548906907e-05,2.6431080250234912e-05,3.1215210592193625e-05,4.400759398829107e-06,5.580394702654436e-06,8.667619749611448e-08,9.80480686566627e-08,5.721550992232123e-06,7.132718817652319e-07,8.971670770660575e-07,8.374575513791181e-09,4.723231514119789e-09,1.7831074967413285e-07,0.0012274121026754601
71.5,0.0009682139250683511,0.00015963863612436803,2.09512638679474e-05,2.630582193627718e-05,3.111657136685648e-05,4.381304714212195e-06,5.5535464711637314e-06,8.615553246854004e-08,9.743379934502005e-08,5.7032132664794456e-06,7.100782169291525e-07,8.927892604290995e-07,8.33429609252379e-09,4.700432301047413e-09,1.7771697727457012e-07,0.0012238414913304954
71.55,0.00096553786702765,0.00015914362551398226,2.086023661985355e-05,2.6181230067458908e-05,3.101828971195009e-05,4.361948786978721e-06,5.5268433329115805e-06,8.563836993935322e-08,9.682380176678892e-08,5.684935362172572e-06,7.069127503718726e-07,8.884553245395676e-07,8.294586526884169e-09,4.677991224349275e-09,1.7712440443937995e-07,0.0012202829036517659
71.60000000000001,0.0009628701739576148,0.00015865037206295969,2.0769663253669296e-05,2.6057300726293343e-05,3.092036418686625e-05,4.342691057741024e-06,5.5002844254042035e-06,8.51246941974978e-08,9.621805801976653e-08,5.66672029504792e-06,7.037756313123448e-07,8.841655331775482e-07,8.255403069643561e-09,4.655882540519577e-09,1.7653382422826925e-07,0.0012167362989921422
71.65,0.0009602108174235951,0.00015815886890117105,2.0679541234134746e-05,2.593403002041603e-05,3.0822793357661275e-05,4.323530971649077e-06,5.473868894080339e-06,8.4614489493784e-08,9.561655012635575e-08,5.648571123667584e-06,7.006668131781115e-07,8.799198182003395e-07,8.21669258662863e-09,4.634074802598164e-09,1.7594604167999386e-07,0.001213201636406443
71.7,0.0009575597690920733,0.0001576691091869785,2.058986804158109e-05,2.581141408241065e-05,3.072557579716331e-05,4.304467978312871e-06,5.447595892160981e-06,8.410773988337121e-08,9.501925981023024e-08,5.630490895904295e-06,6.975860551861364e-07,8.757177828255109e-07,8.178385515032837e-09,4.612525950746533e-09,1.7536179749553488e-07,0.0012096788745132516
71.75,0.0009549170007303092,0.00015718108610711677,2.0500641171826546e-05,2.5689449069636502e-05,3.062871008507131e-05,4.285501531709458e-06,5.421464580464976e-06,8.360442907396913e-08,9.44261682810787e-08,5.6124825958722454e-06,6.945329269051235e-07,8.715587098947801e-07,8.14039023560845e-09,4.591179204434127e-09,1.7478168484365024e-07,0.0012061679713604456
71.8,0.0009522824842059826,0.00015669479287657413,2.0411858136072887e-05,2.5568131164057087e-05,3.053219480804319e-05,4.266631090075477e-06,5.395474127192292e-06,8.310454028214355e-08,9.383725603081746e-08,5.594549092191167e-06,6.915068156749542e-07,8.674415749044595e-07,8.102590417247078e-09,4.569960901266923e-09,1.7420608379966755e-07,0.0012026688843221995
71.85000000000001,0.0009496561914868372,0.00015621022273847385,2.0323516460802755e-05,2.5447456572069962e-05,3.043602855977137e-05,4.247856115786342e-06,5.369623707677502e-06,8.260805609998505e-08,9.325250264447596e-08,5.57669308844408e-06,6.885069367244072e-07,8.633650635357713e-07,8.06484648984808e-09,4.548781163514734e-09,1.7363513551187503e-07,0.001199181570052033
71.9,0.0009470380946403285,0.00015572736896395667,2.023561368767782e-05,2.532742152433803e-05,3.0340209941044073e-05,4.229176075223515e-06,5.343912504116462e-06,8.211495837423182e-08,9.26718866287206e-08,5.558917076645448e-06,6.855323457933128e-07,8.593275933611408e-07,8.027001609153756e-09,4.527537708454872e-09,1.7306876793432912e-07,0.0011957059845047401
71.95,0.0009444281658332662,0.00015524622485206253,2.0148147373437395e-05,2.520802227562174e-05,3.0244737559790414e-05,4.210590438631342e-06,5.318339705269496e-06,8.162522809973522e-08,9.20953852606934e-08,5.541223294476687e-06,6.825819540301819e-07,8.553273393417979e-07,7.988891494271428e-09,4.50612241406728e-09,1.725067690638285e-07,0.0011922420830222601
72.0,0.0009418263773314646,0.000154766783729614,2.0061115089798084e-05,2.508925510461285e-05,3.0149610031108553e-05,4.192098679965322e-06,5.29290450614502e-06,8.113884532893177e-08,9.152297445951974e-08,5.523613686971486e-06,6.796545449024046e-07,8.513622626706492e-07,7.950356601459669e-09,4.484429591492555e-09,1.71948886777318e-07,0.0011887898204600118
72.05,0.000939232701499391,0.0001542890389510996,1.9974514423353963e-05,2.497111631376928e-05,3.0054825977275397e-05,4.1737002767336255e-06,5.2676061076676445e-06,8.065578909872605e-08,9.095462868247066e-08,5.506089873245263e-06,6.76748792824957e-07,8.474301424564578e-07,7.911254540106673e-09,4.462364487892629e-09,1.7139492378369857e-07,0.0011853491513184103
72.10000000000001,0.000936647110799815,0.00015381298389855735,1.9888342975477527e-05,2.4853602229151168e-05,2.9960384027737197e-05,4.15539470983392e-06,5.242443716335181e-06,8.017603737591467e-08,9.039032084737343e-08,5.488653118763916e-06,6.738632831872148e-07,8.435286096956921e-07,7.871470648834202e-09,4.439850519105454e-09,1.7084479822325377e-07,0.0011819200298461682
72.15,0.0009340695777934623,0.00015333861198145977,1.9802598362221426e-05,2.47367092002583e-05,2.9866282819080694e-05,4.137181463387641e-06,5.217416543869218e-06,7.96995670219901e-08,8.983002228245045e-08,5.47130431353917e-06,6.709965334377845e-07,8.396551829413214e-07,7.830925240514005e-09,4.416834158554439e-09,1.7029855561298087e-07,0.0011785024100979744
72.2,0.0009315000751386625,0.0001528659166365977,1.97172782142207e-05,2.462043359986841e-05,2.9772520994984183e-05,4.119060024573799e-06,5.192523806863888e-06,7.922635377785593e-08,8.927370270432914e-08,5.4540439565241054e-06,6.681470148757326e-07,8.358073050569205e-07,7.789576978517874e-09,4.3932871220303845e-09,1.697563388381847e-07,0.0011750962459516486
72.25,0.0009289385755910054,0.00015239489132796603,1.9632380176595924e-05,2.4504771823877032e-05,2.9679097206149127e-05,4.101029883464632e-06,5.167764726437781e-06,7.875637226867988e-08,8.872133022453326e-08,5.436872146366507e-06,6.653131747942005e-07,8.319823804419472e-07,7.747422775486645e-09,4.369206176912448e-09,1.6921833852785498e-07,0.0011717014911070721
72.3,0.0009263850520029952,0.00015192552954664928,1.954790190885696e-05,2.438972029113832e-05,2.9586010110212327e-05,4.083090532865221e-06,5.143138527893697e-06,7.828959602879426e-08,8.817287138431711e-08,5.419788578562024e-06,6.624934586292563e-07,8.281778121304563e-07,7.704495121855243e-09,4.34461128218732e-09,1.6868474866615398e-07,0.0011683180990924166
72.35000000000001,0.0009238394773237046,0.00015145782481070747,1.9463841084807348e-05,2.427527544330708e-05,2.9493258371639486e-05,4.065241468159226e-06,5.1186444403909725e-06,7.782599754624864e-08,8.762829121727292e-08,5.402792548937696e-06,6.596863317825287e-07,8.243910381998528e-07,7.660857713981663e-09,4.319542718234338e-09,1.6815574226435605e-07,0.0011649460232930964
72.4,0.000921301824598435,0.0001509917706650632,1.938019539244955e-05,2.416143374468212e-05,2.9400840661601295e-05,4.0474821871628544e-06,5.094281696634969e-06,7.736554832631862e-08,8.708755333871774e-08,5.385882963291367e-06,6.568903008093809e-07,8.206195669758214e-07,7.616599854838262e-09,4.294057521361609e-09,1.6763146703734023e-07,0.001161585217003184
72.45,0.0009187720669683698,0.0001505273606813879,1.9296962533890594e-05,2.4048191682050424e-05,2.930875565783291e-05,4.029812189988954e-06,5.070049532587948e-06,7.690821897298553e-08,8.655062006045858e-08,5.369058352916522e-06,6.541039336933285e-07,8.168610105803291e-07,7.571829690133213e-09,4.268225183667212e-09,1.6711204981799934e-07,0.001158235633487024
72.5,0.0009162501776702359,0.00015006458845798966,1.921414022524866e-05,2.3935545764532797e-05,2.9217002044478913e-05,4.012230978923151e-06,5.045947187205477e-06,7.645397928713569e-08,8.601745252916003e-08,5.3523168956570455e-06,6.513258789598723e-07,8.131131164366794e-07,7.526666197380118e-09,4.242122452012835e-09,1.6659759483731282e-07,0.0011548972260349711
72.55,0.0009137361300359637,0.00014960344761970101,1.9131726196560182e-05,2.3823492523430482e-05,2.9125578511925145e-05,3.994738058313623e-06,5.021973902201949e-06,7.600279837997425e-08,8.548801088618321e-08,5.335656442062929e-06,6.485548834164027e-07,8.093737964133639e-07,7.481230085719774e-09,4.215827235213389e-09,1.6608816440913334e-07,0.0011515699480009853
72.60000000000001,0.0009112298974923468,0.00014914393181776714,1.9049718191687646e-05,2.3712028512072927e-05,2.903448375661952e-05,3.977332934475998e-06,4.998128921848476e-06,7.555464479992535e-08,8.496225444645246e-08,5.319074546157084e-06,6.457898083370006e-07,8.056411533515328e-07,7.4356343262519255e-09,4.189412054237848e-09,1.6558373889790698e-07,0.001148253752819189
72.65,0.0009087314535607075,0.00014868603472973515,1.8968113968228133e-05,2.3601150305666798e-05,2.894371648088419e-05,3.960015115614666e-06,4.974411492805996e-06,7.510948667109261e-08,8.444014189362954e-08,5.302568500274565e-06,6.430296439396047e-07,8.019135047742479e-07,7.389975674567493e-09,4.162937994617201e-09,1.6508416382715645e-07,0.001144948594008692
72.7,0.000906240771856556,0.00014822975005934235,1.8886911297422294e-05,2.34908545011458e-05,2.8853275392721007e-05,3.942784111761431e-06,4.950820863995733e-06,7.466729184118274e-08,8.392163148863716e-08,5.286135373398023e-06,6.402735220265552e-07,7.98189403615598e-07,7.3443289424580866e-09,4.1364504878785196e-09,1.6458910218440494e-07,0.0011416544251869295
72.75,0.0009037578260892572,0.00014777507153640652,1.8806107964064205e-05,2.338113771702193e-05,2.876315920561327e-05,3.925639434732382e-06,4.927356286508894e-06,7.422802803666318e-08,8.340668128838957e-08,5.269772052386301e-06,6.375207266771429e-07,7.94467655832294e-07,7.298745636659865e-09,4.109978196934816e-09,1.6409801433684755e-07,0.0011383712001159958
72.8,0.0009012825900616959,0.0001473219929167158,1.872570176641175e-05,2.3271996593237644e-05,2.8673366638325973e-05,3.908580598103387e-06,4.90401701355662e-06,7.379166302281643e-08,8.289524937143936e-08,5.25347528547488e-06,6.347707028924494e-07,7.907473347694814e-07,7.253257776076996e-09,4.083535694608013e-09,1.6361018219352915e-07,0.0011350988727992421
72.85000000000001,0.0008988150376699429,0.00014687050798191902,1.864569051609763e-05,2.3163427791019105e-05,2.8583896414707255e-05,3.891607117204479e-06,4.880802300460795e-06,7.335816476628842e-08,8.238729406715874e-08,5.237241727416532e-06,6.320230630995963e-07,7.870277921487106e-07,7.2078863815517516e-09,4.057129626081494e-09,1.6312477886195064e-07,0.001131837397627719
72.9,0.0008963551429029249,0.00014642061053941717,1.8566072038041136e-05,2.3055427992730695e-05,2.8494747263493866e-05,3.8747185091330905e-06,4.8577114046856685e-06,7.292750159769324e-08,8.18827741850268e-08,5.2210679856264165e-06,6.292775914263776e-07,7.83308665533649e-07,7.162652774780929e-09,4.03076698676085e-09,1.626409667303709e-07,0.0011285867295552877
72.95,0.0008939028798420898,0.00014597229442225396,1.84868441703603e-05,2.294799390173024e-05,2.840591791812284e-05,3.857914292785716e-06,4.834743585909535e-06,7.249964237183709e-08,8.138164924059664e-08,5.204950666696883e-06,6.265342456607885e-07,7.795898821143369e-07,7.117589983474014e-09,4.004463476655492e-09,1.6215799510333548e-07,0.0011253468242679
73.0,0.0008914582226610792,0.00014552555348900813,1.8408004764284914e-05,2.2841122242225647e-05,2.831740711655241e-05,3.841193988907516e-06,4.811898106135334e-06,7.207455662316479e-08,8.088387967477316e-08,5.188886422652845e-06,6.237931568162649e-07,7.758716586407969e-07,7.072751559112859e-09,3.978249903444707e-09,1.6167526954605786e-07,0.0011221176383136096
73.05,0.0008890211456253983,0.00014508038162368557,1.8329551684070057e-05,2.2734809759132394e-05,2.8229213601094274e-05,3.824557120158877e-06,4.789174229838216e-06,7.165221471409836e-08,8.038942706312716e-08,5.172871996328006e-06,6.210546262354781e-07,7.721544973387566e-07,7.028215935896488e-09,3.952175260446406e-09,1.6119237784758275e-07,0.001118899129174101
73.10000000000001,0.0008865916230920877,0.00014463677273561181,1.8251482806910203e-05,2.2629053217932102e-05,2.814133611825954e-05,3.8080032111978378e-06,4.766571224147697e-06,7.12325879740449e-08,7.989825431212182e-08,5.156904265255731e-06,6.183191201860121e-07,7.684391776607832e-07,6.984085744743609e-09,3.926306098870298e-09,1.607090744874397e-07,0.0011156912552778666
73.15,0.0008841696295093994,0.00014419472075932556,1.8173796022854092e-05,2.2523849404532273e-05,2.805377341862068e-05,3.7915317887770013e-06,4.744088359061509e-06,7.081564882698627e-08,7.941032583931757e-08,5.1409802834861335e-06,6.155872619320105e-07,7.647267437701132e-07,6.9404827472268345e-09,3.90072276151486e-09,1.6022523844720702e-07,0.001112493975970381
73.2,0.0008817551394164666,0.00014375421965447148,1.8096489234719953e-05,2.2419195125126743e-05,2.7966524256690952e-05,3.7751423818532836e-06,4.721724907687608e-06,7.040137090572679e-08,7.892560773485106e-08,5.12509732076342e-06,6.128598213076313e-07,7.610184877244017e-07,6.8975398672734805e-09,3.875513642050735e-09,1.5974082407158418e-07,0.001109307251463033
73.25,0.0008793481274429816,0.00014331526340569467,1.8019560358011563e-05,2.2315087206057475e-05,2.787958739082349e-05,3.7588345217087786e-06,4.699480146510641e-06,6.998972915107239e-08,7.844406790175915e-08,5.109252898526029e-06,6.101377018704348e-07,7.573159284222167e-07,6.855392027492756e-09,3.85076876226471e-09,1.5925582208214967e-07,0.0011061310427805313
73.3,0.0008769485683088721,0.00014287784602253476,1.794300732083478e-05,2.2211522493677205e-05,2.7792961583131043e-05,3.742607742080693e-06,4.67735335567853e-06,6.958069989442894e-08,7.796567617301934e-08,5.093444822226707e-06,6.074219257736668e-07,7.536207864927616e-07,6.814167216255873e-09,3.826573693732115e-09,1.5877024051231113e-07,0.001102965311718792
73.35000000000001,0.0008745564368239773,0.00014244196153932067,1.7866828063814673e-05,2.210849785421308e-05,2.7706645599427615e-05,3.7264615792982597e-06,4.655343819304657e-06,6.917426092254974e-08,7.749040440351706e-08,5.077671209511864e-06,6.047136165627434e-07,7.499349554425568e-07,6.77397861403764e-09,3.803004362189992e-09,1.582841056944691e-07,0.00109981002081487
73.4,0.0008721717078877297,0.00014200760401506625,1.7791020540013348e-05,2.2006010173631457e-05,2.762063820919292e-05,3.7103955724244183e-06,4.6334508257808886e-06,6.877039152342105e-08,7.701822653551224e-08,5.061930513849587e-06,6.020139801689155e-07,7.462604695125044e-07,6.734917975403722e-09,3.7801227711384906e-09,1.5779747375884693e-07,0.0010966651333199344
73.45,0.0008697943564888301,0.0001415747675333651,1.771558271484813e-05,2.190405635750337e-05,2.753493818555974e-05,3.6944092633998715e-06,4.61167366809635e-06,6.836907251254582e-08,7.654911863655878e-08,5.046221543253775e-06,5.993242844373017e-07,7.425994688340339e-07,6.697050100831916e-09,3.757973395677991e-09,1.5731043685527129e-07,0.0010935306131596289
73.5,0.0008674243577049314,0.00014114344620228716,1.7640512566010554e-05,2.1802633330871293e-05,2.7449544305324785e-05,3.678502197187247e-06,4.590011644157001e-06,6.797028623917566e-08,7.608305890923543e-08,5.03054347381826e-06,5.966458375823772e-07,7.389541625925378e-07,6.660408304787216e-09,3.736580078502172e-09,1.5682310950592762e-07,0.0010904064248678006
73.55,0.0008650616867023193,0.000140713634154275,1.7565808083385795e-05,2.1701738038116716e-05,2.736445534898256e-05,3.662673921912916e-06,4.5684640571007765e-06,6.757401657232882e-08,7.562002767245204e-08,5.014895857848279e-06,5.939799660068521e-07,7.353267909991626e-07,6.6249912102400934e-09,3.7159436459354092e-09,1.5633559071035804e-07,0.0010872925334907586
73.60000000000001,0.0008627063187355945,0.00014028532554604054,1.7491467268972697e-05,2.160136744282869e-05,2.7279670100781722e-05,3.6469239890041304e-06,4.5470302156032415e-06,6.718024886673048e-08,7.516000731451397e-08,4.999278626456782e-06,5.913279919460495e-07,7.317195869296142e-07,6.590761672905187e-09,3.6960408872780915e-09,1.558479128200487e-07,0.0010841889044757196
73.65,0.0008603582291473592,0.00013985851455846282,1.7417488136804445e-05,2.1501518527673455e-05,2.7195187348803232e-05,3.6312519533191992e-06,4.525709434168824e-06,6.678896990910583e-08,7.470298221854091e-08,4.983692086577927e-06,5.886912114068799e-07,7.281347381051931e-07,6.5576487769136815e-09,3.676825684420648e-09,1.5536000004281557e-07,0.0010810955035693126
73.7,0.0008580173933678978,0.00013943319539648494,1.7343868712869614e-05,2.140218829426477e-05,2.7111005885058732e-05,3.615657373268419e-06,4.504501033402739e-06,6.640016784554374e-08,7.424893866124199e-08,4.96813691243789e-06,5.860708728574624e-07,7.245743506649117e-07,6.5255534198270154e-09,3.658232758666005e-09,1.548716596634287e-07,0.0010780122967515558
73.75,0.0008556837869148658,0.00013900936228901267,1.727060703503395e-05,2.1303373763035413e-05,2.7027124505608084e-05,3.600139810923756e-06,4.483404340259205e-06,6.601383209093151e-08,7.379786468644674e-08,4.9526141316120435e-06,5.834681570912966e-07,7.210404149104736e-07,6.494357144527488e-09,3.6401838197276634e-09,1.5438261672445563e-07,0.0010749392502168189
73.8,0.0008533573853929759,0.0001385870094888128,1.7197701152962623e-05,2.1205071973109534e-05,2.6943542010693983e-05,3.584698832115273e-06,4.46241868826165e-06,6.56299532217234e-08,7.334974995516175e-08,4.937125105884854e-06,5.808841586410947e-07,7.175347739038695e-07,6.463932978728656e-09,3.6225951935952782e-09,1.538925849773543e-07,0.0010718763303936881
73.85000000000001,0.0008510381644936852,0.000138166131272412,1.7125149128043023e-05,2.1107279982175885e-05,2.6860257204891615e-05,3.5693340065125614e-06,4.441543417691125e-06,6.524852285355432e-08,7.290458557427536e-08,4.921671507212961e-06,5.783198690558854e-07,7.140590954693841e-07,6.434156490373769e-09,3.6053855920188837e-09,1.5340135294041303e-07,0.0010688235039806
73.9,0.0008487260999948871,0.00013774672193999653,1.7052949033308196e-05,2.1009994866362135e-05,2.6777268897271255e-05,3.554044907689652e-06,4.420777875739575e-06,6.486953350543626e-08,7.246236390635033e-08,4.9062552891704695e-06,5.757761622855418e-07,7.106148480085953e-07,6.4049152230228505e-09,3.588482679630994e-09,1.5290885964302297e-07,0.001065780737969676
73.95,0.0008464211677605974,0.0001373287758153113,1.6981098953360614e-05,2.091321372010982e-05,2.6694575901570883e-05,3.538831113172012e-06,4.400121416624995e-06,6.449297845247184e-08,7.202307836322613e-08,4.8908786543268725e-06,5.732537823445849e-07,7.072032803899609e-07,6.376115092610255e-09,3.57182742471168e-09,1.524152396891134e-07,0.0010627479996368303
74.0,0.0008441233437406479,0.00013691228724556053,1.6909596984296683e-05,2.0816933656050464e-05,2.661217703637666e-05,3.523692204464657e-06,4.3795734016662405e-06,6.411885156919518e-08,7.158672318639826e-08,4.875544018071056e-06,5.707533333569285e-07,7.038254060347349e-07,6.34768303309043e-09,3.555375744242744e-09,1.5192082759367042e-07,0.0010597252564876526
74.05,0.0008418326039703781,0.000136497250601308,1.68384412336317e-05,2.0721151804882467e-05,2.653007112530806e-05,3.508627767060497e-06,4.359133199315628e-06,6.374714716578534e-08,7.115329321733595e-08,4.8602539694480475e-06,5.682752720192897e-07,7.00481991197289e-07,6.319565968806823e-09,3.539097529183849e-09,1.514261229924151e-07,0.0010567124761614226
74.10000000000001,0.0008395489245703275,0.00013608366027637812,1.67676298202253e-05,2.062586531524888e-05,2.6448256997204898e-05,3.493637390428427e-06,4.338800185148181e-06,6.337785981950622e-08,7.072278366105181e-08,4.845011229618375e-06,5.658199024664975e-07,6.971735473372006e-07,6.291726898603808e-09,3.522973647973672e-09,1.509317288190609e-07,0.0010537096263072297
74.15,0.0008372722817459327,0.00013567151068775754,1.6697160874207567e-05,2.053107135361622e-05,2.6366733486313365e-05,3.478720667980945e-06,4.318573741806979e-06,6.301098420379703e-08,7.029518984633718e-08,4.829818608582416e-06,5.63387373478675e-07,6.939003274062857e-07,6.264139357546139e-09,3.5069918786105837e-09,1.504382819380351e-07,0.0010507166744543072
74.2,0.0008350026517872185,0.00013526079627549628,1.6627032536905426e-05,2.0436767104153855e-05,2.628549943246781e-05,3.4638771970212963e-06,4.298453258904611e-06,6.264651491746942e-08,6.987050698612191e-08,4.814678960833802e-06,5.609776779387513e-07,6.90662325826605e-07,6.236781629932309e-09,3.4911428013861732e-09,1.4994639733768127e-07,0.0010477335879004396
74.25,0.000832740011068497,0.0001348515115026103,1.6557242960769783e-05,2.0342949768614565e-05,2.6204553681265714e-05,3.4491065786705783e-06,4.278438132881518e-06,6.228444631646782e-08,6.944872994141649e-08,4.799595140617159e-06,5.585906544282886e-07,6.874592819130417e-07,6.2096317576190745e-09,3.4754164263811084e-09,1.4945664027902542e-07,0.0010447603336349886
74.3,0.0008304843360480639,0.000134443650854984,1.6487790309303053e-05,2.024961656621582e-05,2.6123895084232685e-05,3.434408417775392e-06,4.258527766822478e-06,6.192477235060565e-08,6.902985299223284e-08,4.7845699574659055e-06,5.56225990838355e-07,6.842906864914725e-07,6.182663756510191e-09,3.4597998210285706e-09,1.489695267693959e-07,0.0010417968782978828
74.35000000000001,0.0008282356032678963,0.0001340372088412729,1.641867275698721e-05,2.0156764733521908e-05,2.6043522498974823e-05,3.4197823227969838e-06,4.238721570233179e-06,6.1567486407616e-08,6.861386961877314e-08,4.769606132686136e-06,5.538832298677943e-07,6.811557914746794e-07,6.155844829019442e-09,3.4442754922800357e-09,1.48485537922466e-07,0.0010388431881599822
74.4,0.000825993789353355,0.0001336321799928076,1.6349888489212418e-05,2.006439152432706e-05,2.596343478931593e-05,3.4052279056830892e-06,4.2190189587793916e-06,6.121258116674439e-08,6.820077229601812e-08,4.754706257432857e-06,5.515617762808811e-07,6.780536221759361e-07,6.129133055965643e-09,3.428820031490834e-09,1.4800512696747197e-07,0.001035899229102888
74.45,0.0008237588710128804,0.00013322855886349665,1.628143570220601e-05,1.9972494209539152e-05,2.5883630825416866e-05,3.390744781723875e-06,4.199419353991735e-06,6.086004846396496e-08,6.779055230463775e-08,4.739872752995243e-06,5.49260905797233e-07,6.749829921580281e-07,6.1024752160119625e-09,3.413402673508601e-09,1.4752870356965311e-07,0.001032964966582433
74.5,0.0008215308250376965,0.00013282634002973132,1.6213312602962103e-05,1.9881070077064497e-05,2.580410948387523e-05,3.3763325693937357e-06,4.179922182939667e-06,6.050987917073089e-08,6.738319956090471e-08,4.725107833868752e-06,5.469797754865903e-07,6.719425204278432e-07,6.075804894865429e-09,3.397983855540943e-09,1.4705659533107781e-07,0.001030040365576259
74.55,0.000819309628301513,0.00013242551809028978,1.6145517409171645e-05,1.9790116431693353e-05,2.5724869647803205e-05,3.3619908901807843e-06,4.160526877878634e-06,6.016206308796471e-08,6.69787024679992e-08,4.7104134741438645e-06,5.447174355377645e-07,6.689306507895728e-07,6.049041575947935e-09,3.382514309097259e-09,1.4658900149917512e-07,0.0010271253905319417
74.60000000000001,0.0008170952577602277,0.00013202608766624204,1.6078048349152946e-05,1.969963059498625e-05,2.564591020688195e-05,3.3477193684061333e-06,4.141232875874822e-06,5.981658885677083e-08,6.657704779077675e-08,4.695791377684841e-06,5.424728422637383e-07,6.6594567316124e-07,6.022091623868753e-09,3.3669354107759512e-09,1.4612596039699636e-07,0.0010242200053389608
74.65,0.0008148876904516334,0.00013162804340085564,1.6010903661782774e-05,1.960960990516127e-05,2.5567230057391358e-05,3.3335176310352277e-06,4.122039618412259e-06,5.947344388710628e-08,6.61782205557218e-08,4.6812429525076736e-06,5.402448721933662e-07,6.62985746639686e-07,5.994851866748653e-09,3.351181366777417e-09,1.456673474574308e-07,0.001021324173342746
74.7,0.0008126869034951196,0.00013123137995950065,1.594408159642776e-05,1.9520051716981862e-05,2.5488828102213867e-05,3.31938530748353e-06,4.102946550987227e-06,5.91326143053828e-08,6.578220397743807e-08,4.666769289695265e-06,5.380323370850108e-07,6.60048924070166e-07,5.967215949637556e-09,3.335183402589137e-09,1.4521290901981745e-07,0.0010184378574062199
74.75,0.0008104928740913814,0.00013083609202955618,1.5877580412876466e-05,1.9430953401645757e-05,2.5410703250812102e-05,3.3053220294190976e-06,4.083953122695306e-06,5.8794084921703e-08,6.538897941264431e-08,4.65237114711127e-06,5.358339996801399e-07,6.571331778415551e-07,5.939082956628431e-09,3.318875630020754e-09,1.4476232483750123e-07,0.001015561020010778
74.8,0.0008083055795221262,0.00013044217432031674,1.5811398381271824e-05,1.9342312346674518e-05,2.5332854419179763e-05,3.2913274305645046e-06,4.065058785816322e-06,5.845783921714817e-08,6.499852634224329e-08,4.63804893809298e-06,5.336485899971272e-07,6.542364265907454e-07,5.910367170421434e-09,3.3022018063271324e-09,1.443152840191179e-07,0.0010126936233791858
74.85000000000001,0.0008061249971497811,0.00013004962156289892,1.5745533782044054e-05,1.9254125955803915e-05,2.5255280529765932e-05,3.2774011465006747e-06,4.046262995402646e-06,5.8123859351253436e-08,6.461082238163486e-08,4.623802725220283e-06,5.314748219493083e-07,6.513565624646234e-07,5.881007397396526e-09,3.285121873018032e-09,1.4387155557072816e-07,0.0010098356295984057
74.9,0.0008039511044172054,0.00012965842851014913,1.567998490584414e-05,1.9166391648875185e-05,2.51779805113734e-05,3.263542814475173e-06,4.0275652088762515e-06,5.77921261895224e-08,6.422584331904689e-08,4.609632219173776e-06,5.293114100586572e-07,6.484914785591998e-07,5.850974137510988e-09,3.2676170276808947e-09,1.4343103511071002e-07,0.0010069870007203747
74.95,0.0008017838788473965,0.00012926858993655044,1.56147500534776e-05,1.9079106861726853e-05,2.5100953299031498e-05,3.24975207321738e-06,4.008964885639769e-06,5.746261935055303e-08,6.384356318126564e-08,4.595536782612615e-06,5.27157086028936e-07,6.456390961366863e-07,5.820273127804033e-09,3.2496922302805916e-09,1.4299375418391576e-07,0.0010041476988238921
75.0,0.0007996232980432041,0.00012888010063813102,1.554982753583886e-05,1.8992269046087554e-05,2.5024197833845046e-05,3.236028562763034e-06,3.99046148670676e-06,5.71353172720807e-08,6.346395432577623e-08,4.581515438923962e-06,5.25010614941103e-07,6.427973912154613e-07,5.788944501712551e-09,3.2313755551730712e-09,1.4255984884408038e-07,0.0010013176860321558
75.05,0.000797469339687042,0.00012849295543237248,1.548521567384604e-05,1.8905875669469518e-05,2.494771306282067e-05,3.222371924290374e-06,3.972054474356034e-06,5.681019729498433e-08,6.308698755796317e-08,4.567566885622579e-06,5.228708108397187e-07,6.399644201364522e-07,5.75705785368166e-09,3.2127145923203464e-09,1.4212949806036218e-07,0.0009984969244961552
75.10000000000001,0.0007953219815406005,0.00012810714915811836,1.5420912798376176e-05,1.881992421506282e-05,2.487149793867239e-05,3.20878179997004e-06,3.9537433118146255e-06,5.648723576406254e-08,6.271263227168898e-08,4.553689512113368e-06,5.207365514921861e-07,6.371383437328933e-07,5.724704501031225e-09,3.193770880472844e-09,1.4170285410773257e-07,0.0009956853763674787
75.15,0.000793181201444563,0.00012772267667548377,1.5356917250200964e-05,1.873441218163049e-05,2.4795551419608805e-05,3.195257832830728e-06,3.935527462973662e-06,5.6166408144165285e-08,6.234085661126348e-08,4.539881421472675e-06,5.186067921222916e-07,6.343174497675783e-07,5.691988758186693e-09,3.174613763738897e-09,1.4127998949151725e-07,0.000992883003787423
75.2,0.0007910469773183176,0.0001273395328657642,1.5293227379922803e-05,1.864933708340416e-05,2.471987246910394e-05,3.181799666642294e-06,3.917406392140837e-06,5.584768915006347e-08,6.197162765253742e-08,4.526140455856916e-06,5.164805779445385e-07,6.31500173350147e-07,5.6590198648569464e-09,3.1553149099335064e-09,1.4086087584065458e-07,0.0009900897689098655
75.25,0.0007889192871596764,0.00012695771263134583,1.5229841547911436e-05,1.8564696449980674e-05,2.4644460055654908e-05,3.1684069458179286e-06,3.899379563832893e-06,5.5531052888266166e-08,6.160491160061642e-08,4.5124642251103495e-06,5.143570553546292e-07,6.286851151031673e-07,5.625905477163291e-09,3.135944121907931e-09,1.404453943014596e-07,0.0009873056339581778
75.3,0.000786798109044591,0.0001265772108956156,1.5166758124240955e-05,1.8480487826219357e-05,2.4569313152528927e-05,3.1550793153366224e-06,3.881446442610805e-06,5.521647300884078e-08,6.124067400148148e-08,4.498850138117056e-06,5.122354816621294e-07,6.258710569053045e-07,5.592746767933854e-09,3.1165663737742087e-09,1.400333630250226e-07,0.0009845305613010052
75.35000000000001,0.0007846834211268708,0.00012619802260287178,1.5103975488627242e-05,1.8396708772139966e-05,2.4494430737502862e-05,3.14181642068696e-06,3.8636064929598865e-06,5.490392286516778e-08,6.08788799646337e-08,4.485295436425352e-06,5.101152332818268e-07,6.230569750981272e-07,5.559634655323595e-09,3.0972395979745166e-09,1.3962456251269777e-07,0.0009817645135260609
75.4,0.0007825752016379044,0.00012582014271823535,1.5041492030365931e-05,1.8313356862821546e-05,2.4419811792598595e-05,3.1286179078329894e-06,3.845859179216457e-06,5.459337567946648e-08,6.051949439375289e-08,4.471797229664684e-06,5.07995812328472e-07,6.202420510954765e-07,5.526646688872883e-09,3.0780127862716013e-09,1.3921874502589006e-07,0.000979007453496638
75.45,0.0007804734288863757,0.00012544356622756067,1.4979306148270619e-05,1.823042968830173e-05,2.4345455303817182e-05,3.115483423202552e-06,3.828203965541952e-06,5.4284804711857986e-08,6.016248222226582e-08,4.458352532274254e-06,5.058768515837011e-07,6.174256793769961e-07,5.4938445198418795e-09,3.058924313431475e-09,1.3881562516869215e-07,0.0009762593443872412
75.5,0.0007783780812579877,0.00012506828813734768,1.4917416250611688e-05,1.8147924853477027e-05,2.427136026087554e-05,3.102412613698273e-06,3.8106403159449277e-06,5.397818343069574e-08,5.98078086506726e-08,4.444958301067967e-06,5.037581178227849e-07,6.146074728777041e-07,5.461272351159276e-09,3.0400007862955976e-09,1.384148585489441e-07,0.000973520149705479
75.55,0.0007762891372151837,0.00012469430347465386,1.4855820755055461e-05,1.8065839978003678e-05,2.4197525656948666e-05,3.0894051267309956e-06,3.793167694350571e-06,5.367348568188162e-08,5.945543938246594e-08,4.4316114731697645e-06,5.016395135017869e-07,6.117872658021178e-07,5.428957033617295e-09,3.0212569463085107e-09,1.3801602032207398e-07,0.0009707898333127669
75.60000000000001,0.0007742065752968697,0.0001243216072870065,1.4794518088603781e-05,1.7984172696199246e-05,2.412395048842079e-05,3.0764606102752016e-06,3.775785564716783e-06,5.337068585490533e-08,5.910534085550648e-08,4.418309003866069e-06,4.99521076813073e-07,6.08965113894986e-07,5.396910421767376e-09,3.002697121063073e-09,1.3761859567296646e-07,0.0009680683594565922
75.65,0.0007721303741181407,0.00012395019464231602,1.4733506687534089e-05,1.7902920656945007e-05,2.4050633754648727e-05,3.0635787129456594e-06,3.75849339119529e-06,5.306975904339251e-08,5.8757480465785015e-08,4.405047903936326e-06,4.97402980119904e-07,6.061412921933028e-07,5.365134238679433e-09,2.9843184624428232e-09,1.3722199176761893e-07,0.0009653556928239529
75.7,0.0007700605123700017,0.00012358006062878848,1.4672784997339754e-05,1.7822081523588817e-05,2.3977574457740163e-05,3.050759084094193e-06,3.741290638335505e-06,5.277068119802031e-08,5.841182678060427e-08,4.391825276037568e-06,4.952855267808662e-07,6.033162902698417e-07,5.333627121585e-09,2.9661157986995972e-09,1.368255759079081e-07,0.0009626517986197838
75.75,0.0007679969688190965,0.00012321120035483951,1.4612351472670978e-05,1.7741652973848896e-05,2.3904771602350224e-05,3.0380013739253024e-06,3.7241767713284688e-06,5.24734292697622e-08,5.80683497383552e-08,4.3786383497342784e-06,4.931691463744679e-07,6.004908049620501e-07,5.302392852872214e-09,2.948087432286071e-09,1.3642873691090509e-07,0.0009599566426653348
75.8,0.000765939722307433,0.00012284360894900816,1.4552204577276029e-05,1.7661632699718195e-05,2.38322241954986e-05,3.0253052336289926e-06,3.7071512562874775e-06,5.217798134154773e-08,5.7727020832233705e-08,4.365484514780032e-06,4.910543883358352e-07,5.976657305675595e-07,5.271448190509505e-09,2.930240752491633e-09,1.3603095711250256e-07,0.0009572701915007634
75.85000000000001,0.000763888751752111,0.00012247728155987094,1.4492342783942877e-05,1.7582018407369428e-05,2.3759931246409813e-05,3.0126703155289936e-06,3.690213560561587e-06,5.188431674657451e-08,5.7387813275451846e-08,4.352361352273044e-06,4.889419140236002e-07,5.948421464847937e-07,5.240828448211952e-09,2.9125963022182276e-09,1.356318748064394e-07,0.0009545924124681552
75.9,0.0007618440361450526,0.000122112213355957,1.4432764574441328e-05,1.750280781706091e-05,2.3687891766378778e-05,3.0000962732443464e-06,3.6733631530777495e-06,5.159241617168189e-08,5.705070214573435e-08,4.339266663324324e-06,4.868324872477501e-07,5.920213022893381e-07,5.210589267993675e-09,2.8951891249264743e-09,1.3523131640225882e-07,0.0009519232737511867
75.95,0.0007598055545527285,0.00012174839952566227,1.4373468439465368e-05,1.742399866304283e-05,2.3616104768663226e-05,2.9875827618620674e-06,3.6565995047068343e-06,5.1302261744385914e-08,5.671566450715287e-08,4.326198494895514e-06,4.847269633097301e-07,5.892046002676539e-07,5.1808039010517855e-09,2.8780668557609523e-09,1.3482928657154287e-07,0.0009492627443581839
76.0,0.000757773286115891,0.00012138583527716542,1.4314452878576099e-05,1.7345588693464426e-05,2.3544569268404815e-05,2.975129438118574e-06,3.639922088648616e-06,5.10138371023889e-08,5.638267950764352e-08,4.313155162484992e-06,4.826262766348803e-07,5.863935754809972e-07,5.151556512381658e-09,2.8612849333762304e-09,1.3442592020344552e-07,0.0009466107940531291
76.05,0.0007557472100493043,0.00012102451583834326,1.4255716400144961e-05,1.7267575670281703e-05,2.347328428257974e-05,2.962735960587294e-06,3.6233303808303834e-06,5.072712744459954e-08,5.605172845086053e-08,4.300135269366222e-06,4.805314271135455e-07,5.835898735029609e-07,5.12293310045338e-09,2.8449001366864106e-09,1.340214145347153e-07,0.0009439673932557215
76.10000000000001,0.0007537273056414769,0.00012066443645668676,1.4197257521297364e-05,1.7189957369165804e-05,2.3402248829979645e-05,2.9504019898698707e-06,3.606823860313711e-06,5.0442119562940463e-08,5.572279484135061e-08,4.287137722113165e-06,4.784434653092507e-07,5.807952260602744e-07,5.095012130964275e-09,2.8289640221648043e-09,1.3361596566769471e-07,0.0009413325129384979
76.15,0.0007517135522543966,0.00012030559239921777,1.4139074767856777e-05,1.711273157941215e-05,2.3331461931223287e-05,2.938127188788306e-06,3.5904020097038144e-06,5.015880185446981e-08,5.539586440237734e-08,4.27416174218441e-06,4.7636347673734755e-07,5.780114249020965e-07,5.067856739915863e-09,2.8135176167350513e-09,1.3320972821294417e-07,0.0009387061245432491
76.2,0.0007497059293232615,0.00011994797895240519,1.408116667428905e-05,1.7035896103850007e-05,2.3260922608798524e-05,2.925911222575292e-06,3.5740643155557545e-06,4.9877164313598394e-08,5.5070925066078314e-08,4.261206873381132e-06,4.7429256546200627e-07,5.752402943199535e-07,5.0415095710184995e-09,2.7985880930474346e-09,1.328028042653626e-07,0.0009360881999252074
76.25,0.0007477044163562174,0.00011959159142208242,1.4023531783647273e-05,1.695944875875291e-05,2.3190629887134605e-05,2.9137537590601195e-06,3.5578102687719473e-06,4.959719850444839e-08,5.4747966936003565e-08,4.248272985044378e-06,4.722318372994923e-07,5.724836628296959e-07,5.015990403121638e-09,2.7841874576036085e-09,1.3239525597228542e-07,0.0009334787113201137
76.3,0.0007457089929340931,0.0001192364251333647,1.396616864751694e-05,1.6883387373749618e-05,2.312058279270353e-05,2.9016544688474646e-06,3.5416393649853633e-06,4.93188975136591e-08,5.4426982222445386e-08,4.235360270913757e-06,4.701823829472866e-07,5.697433345992409e-07,4.99129605064085e-09,2.770312793354242e-09,1.3198712966866975e-07,0.0009308776313219698
76.35000000000001,0.000743719638710137,0.00011888247543056676,1.3909075825961482e-05,1.6807709791735695e-05,2.3050780354149335e-05,2.8896130254865226e-06,3.5255511049230637e-06,4.9042255884206585e-08,5.4107965151333344e-08,4.222469243631849e-06,4.681452613784144e-07,5.670210612535831e-07,4.967401728551985e-09,2.7569474209917277e-09,1.315784790578656e-07,0.0009282849328584666
76.4,0.0007417363334097569,0.00011852973767712135,1.3852251887468268e-05,1.6732413868785836e-05,2.298122160244375e-05,2.8776291056280552e-06,3.5095449947449553e-06,4.876726953105774e-08,5.379091184782237e-08,4.209600724944965e-06,4.661214838456562e-07,5.643185147055983e-07,4.9442631335777895e-09,2.7440624234738634e-09,1.311693777000501e-07,0.0009257005891540813
76.45,0.0007397590568302559,0.00011817820725549709,1.3795695408894802e-05,1.665749747406659e-05,2.2911905571065934e-05,2.8657023891670087e-06,3.493620546352865e-06,4.849393563972347e-08,5.3475820196044324e-08,4.196755831719506e-06,4.6411199882968035e-07,5.61637261644251e-07,4.921818780377125e-09,2.7316182019261277e-09,1.3075991539784624e-07,0.0009231245736757094
76.5,0.0007377877888405735,0.00011782787956711765,1.3739404975415463e-05,1.6582958489749922e-05,2.2842831296204327e-05,2.8538325593686535e-06,3.4777772776655634e-06,4.8222252549008806e-08,5.316268967681925e-08,4.183935957962161e-06,4.621176782385807e-07,5.589787402607924e-07,4.899992502627066e-09,2.7195660089452464e-09,1.303501789397303e-07,0.0009205568600622338
76.55,0.0007358225093810265,0.00011747875003228083,1.3683379180468522e-05,1.650879481092729e-05,2.2773997816977722e-05,2.8420193029762813e-06,3.4620147128556304e-06,4.79522196194709e-08,5.2851521185423663e-08,4.171142753099097e-06,4.601393051251169e-07,5.563442397112073e-07,4.8786963616034185e-09,2.70784966269647e-09,1.2994022493069408e-07,0.0009179974220472081
76.60000000000001,0.0007338631984630492,0.0001171308140900779,1.3627616625703523e-05,1.6435004345524308e-05,2.2705404175672697e-05,2.8302623102987995e-06,3.446332382544643e-06,4.76838370892934e-08,5.254231683179012e-08,4.158378096832104e-06,4.581775631348964e-07,5.537348827053526e-07,4.857834379567981e-09,2.6964077846497644e-09,1.2953005876051093e-07,0.0009154462333903894
76.65,0.0007319098361689385,0.0001167840671983138,1.357211592092911e-05,1.6361585014216135e-05,2.2637049417994396e-05,2.818561275276813e-06,3.4307298239536756e-06,4.741710591945792e-08,5.2235079725756344e-08,4.145644070946319e-06,4.5623302783743016e-07,5.511516114878865e-07,4.837307421945659e-09,2.6851768432116884e-09,1.2911963512221638e-07,0.0009129032678349266
76.7,0.0007299624026515936,0.00011643850483342678,1.3516875684061051e-05,1.6288534750343257e-05,2.2568932593327e-05,2.8069158955259917e-06,3.4152065810066026e-06,4.7152027630239883e-08,5.192981375018904e-08,4.132942928492724e-06,4.5430616002675776e-07,5.485951773427492e-07,4.81701917342374e-09,2.6740950181843843e-09,1.2870888900687056e-07,0.0009103684990997256
76.75,0.0007280208781342623,0.00011609412249040918,1.3461894541070768e-05,1.6215851499828055e-05,2.25010527550008e-05,2.7953258723569287e-06,3.399762204384434e-06,4.6888604131178083e-08,5.162652332498004e-08,4.120277060808205e-06,4.523973010137079e-07,5.460661336216331e-07,4.796882616138003e-09,2.663106507453592e-09,1.2829779294737712e-07,0.0009078419009022832
76.80000000000001,0.000726085242910285,0.0001157509156827281,1.3407171125934143e-05,1.6143533221091858e-05,2.243340896056193e-05,2.7837909107708734e-06,3.3843962515294e-06,4.6626837546754244e-08,5.132521316503613e-08,4.107648962865209e-06,4.5050666987201477e-07,5.435648321770507e-07,4.776825944754608e-09,2.6521655321432098e-09,1.2788642254425385e-07,0.0009053234469925484
76.85000000000001,0.0007241554773428432,0.00011540887994224697,1.335270408058075e-05,1.60715778849727e-05,2.2366000272041347e-05,2.772310719431132e-06,3.369108286598251e-06,4.6366730040079396e-08,5.102588803546935e-08,4.09506119746212e-06,4.486343625491525e-07,5.410914229804326e-07,4.756796669877827e-09,2.6412391435221542e-09,1.274750058344162e-07,0.0009028131111714294
76.9,0.0007222315618647025,0.00011506801081914643,1.3298492054843292e-05,1.5999983474643443e-05,2.2298825756219034e-05,2.7608850106101366e-06,3.3538978803647884e-06,4.610828363690753e-08,5.0728552507228554e-08,4.082516358774113e-06,4.4678035271251055e-07,5.386458566308916e-07,4.736762906377218e-09,2.630308104851357e-09,1.2706393705118828e-07,0.0009003108672728538
76.95,0.0007203134769779629,0.00011472830388184652,1.3244533706407528e-05,1.5928747985530692e-05,2.2231884484880188e-05,2.749513500112635e-06,3.338764610072436e-06,4.585150005229276e-08,5.0433210716406e-08,4.0700170357833836e-06,4.449444941740505e-07,5.362278894141123e-07,4.71671147299833e-09,2.6193655716133684e-09,1.2665374914582028e-07,0.0008978166891031435
77.0,0.0007184012032538065,0.00011438975471692874,1.3190827700762478e-05,1.585786942523419e-05,2.2165175535059502e-05,2.7381959071756276e-06,3.323708059238172e-06,4.559638052216399e-08,5.013986613039372e-08,4.057565776097682e-06,4.43126524722165e-07,5.338370905534047e-07,4.6966432104086e-09,2.6084138548412975e-09,1.2624505448864046e-07,0.0008953305503477848
77.05000000000001,0.0007164947213322468,0.00011405235892905844,1.3137372711150955e-05,1.5787345813446753e-05,2.209869798927019e-05,2.7269319543460614e-06,3.308727817409841e-06,4.5342925642020465e-08,4.984852132396303e-08,4.04516505064859e-06,4.4132607118737786e-07,5.314728513039596e-07,4.6765665673602995e-09,2.597460017844064e-09,1.2583847224067624e-07,0.0008928524244658608
77.10000000000001,0.000714594011921881,0.00011371611214090802,1.3084167418520521e-05,1.5717175181874905e-05,2.203245093571456e-05,2.7157213673375725e-06,3.293823479879487e-06,4.5091135214848964e-08,4.955917776819478e-08,4.0328172197367175e-06,4.395426555769377e-07,5.291343955720709e-07,4.656490814166281e-09,2.586511271124071e-09,1.254345616514193e-07,0.0008903822845937216
77.15,0.0007126990557996383,0.0001133810099930794,1.3031210511474625e-05,1.5647355574159846e-05,2.196643346847278e-05,2.7045638748677776e-06,3.278994647355823e-06,4.484100811023015e-08,4.9271835634999104e-08,4.020524500861282e-06,4.3777570212968055e-07,5.26820791787377e-07,4.636420167876748e-09,2.575571056640172e-09,1.2503377540073344e-07,0.0008879201034741973
77.2,0.0007108098338105334,0.00011304704814402794,1.2978500686224218e-05,1.5577885045799188e-05,2.1900644687667407e-05,2.693459208477991e-06,3.2642409255996423e-06,4.459254213644548e-08,4.89864936197407e-08,4.008288938737586e-06,4.3602454516374257e-07,5.245309658111454e-07,4.616349728521735e-09,2.564636428692338e-09,1.246364398467276e-07,0.0008854658534198025
77.25,0.0007089263268674199,0.00011271422226998609,1.2926036646539632e-05,1.550876166406914e-05,2.1835083699600843e-05,2.6824071023373517e-06,3.2495619250263135e-06,4.4345733927210866e-08,4.870314878422415e-08,3.996112377868209e-06,4.342884376125126e-07,5.22263714720209e-07,4.596263584164963e-09,2.553696957756918e-09,1.242427620571568e-07,0.0008830195063104908
77.30000000000001,0.0007070485159507428,0.00011238252806488737,1.2873817103702784e-05,1.5439983507947252e-05,2.1769749616863606e-05,2.6714072930336315e-06,3.2349572602800235e-06,4.410057884446168e-08,4.8421796422007434e-08,3.98399643799338e-06,4.325665601656665e-07,5.200177213580821e-07,4.576134902608967e-09,2.542734999388563e-09,1.238528572738042e-07,0.0008805810336194168
77.35000000000001,0.0007051763821082958,0.00011205196124029121,1.282184077645978e-05,1.5371548668035774e-05,2.1704641558411693e-05,2.660459519353157e-06,3.220426549784797e-06,4.385707089839148e-08,4.81424299476985e-08,3.971942492703261e-06,4.3085803094962604e-07,5.177915695867637e-07,4.555927411106482e-09,2.531726870125176e-09,1.234667850568182e-07,0.000878150406454056
77.4,0.0007033099064549736,0.00011172251752530706,1.2770106390973693e-05,1.530345524648539e-05,2.1639758649611232e-05,2.6495635220523806e-06,3.2059694152775676e-06,4.361520268571112e-08,4.786504081155713e-08,3.959951651450027e-06,4.291619156934526e-07,5.155837602009425e-07,4.535597478882994e-09,2.5206443412197506e-09,1.2308457927664012e-07,0.0008757275955966193
77.45,0.0007014490701725303,0.00011139419266651985,1.2718612680777807e-05,1.5235701356919653e-05,2.1575100022249746e-05,2.6387190436238533e-06,3.1915854813289565e-06,4.3374965346852145e-08,4.758961844038283e-08,3.948024745151106e-06,4.2747723833097294e-07,5.133927274786962e-07,4.515096139802015e-09,2.5094559514273887e-09,1.2270625909970584e-07,0.0008733125715298892
77.5,0.000699593854509336,0.00011106698242791527,1.266735838672912e-05,1.5168285124359892e-05,2.151066481451309e-05,2.627925828059325e-06,3.1772743748574443e-06,4.313634854258386e-08,4.731615020531314e-08,3.936162315526518e-06,4.258029919875243e-07,5.112168563387795e-07,4.494370796298093e-09,2.498127941693503e-09,1.2233181656827057e-07,0.000870905304443677
77.55000000000001,0.000697744240780135,0.00011074088259080536,1.2616342256962145e-05,1.5101204685150607e-05,2.1446452170927926e-05,2.6171836206128122e-06,3.163035724642815e-06,4.289934045026112e-08,4.7044621416803893e-08,3.9243646082634285e-06,4.2413815029067227e-07,5.090545000554506e-07,4.4733668599012345e-09,2.4866250222100453e-09,1.219611886677567e-07,0.000868505764230263
77.60000000000001,0.0006959002103658062,0.00011041588895375487,1.256556304684311e-05,1.5034458186885506e-05,2.1382461242270007e-05,2.606492167566487e-06,3.148869160844774e-06,4.2663927779667064e-08,4.6775015346710817e-08,3.9126315700498974e-06,4.2248167892971893e-07,5.069039984500227e-07,4.452029958643558e-09,2.474911496017783e-09,1.2159423132887313e-07,0.0008661139204873105
77.65,0.0006940617447131202,0.00011009199733250703,1.2515019518924317e-05,1.4968043788333868e-05,2.131869118543866e-05,2.5958512160021486e-06,3.134774314532519e-06,4.243009580816503e-08,4.650731327704606e-08,3.900962849467784e-06,4.208325473704491e-07,5.04763696437608e-07,4.430309361292295e-09,2.462953291529095e-09,1.212307134068792e-07,0.0008637297425472795
77.7,0.0006922288253345019,0.00010976920355991053,1.2464710442898964e-05,1.4901959659367609e-05,2.1255141163298856e-05,2.5852605135810954e-06,3.120750817231065e-06,4.219782843463627e-08,4.624149457465447e-08,3.889357801682747e-06,4.191897406113856e-07,5.026319627622677e-07,4.4081628690235406e-09,2.4507211537845676e-09,1.2087033951799136e-07,0.0008613531995423965
77.75,0.0006904014338077915,0.0001094475034858464,1.2414634595556198e-05,1.4836203980888768e-05,2.1191810344492077e-05,2.5747198083350155e-06,3.1067983004897975e-06,4.1967108251448066e-08,4.597753679073614e-08,3.877815496817683e-06,4.1755227084793737e-07,5.005072087086851e-07,4.385562761528322e-09,2.438194737928789e-09,1.205127970054789e-07,0.0008589842604993211
77.80000000000001,0.0006885795517760065,0.00010912689297715512,1.236479076073647e-05,1.4770774944757498e-05,2.112869790321797e-05,2.5642288484704404e-06,3.092916395478536e-06,4.1737916633482414e-08,4.5715415783848994e-08,3.866334731846279e-06,4.1591918889344977e-07,4.9838790653818e-07,4.362501752541307e-09,2.425366853623693e-09,1.2015781167148173e-07,0.0008566228944457953
77.85000000000001,0.0006867631609471067,0.0001088073679175646,1.2315177729287267e-05,1.4705670753720659e-05,2.106580301898907e-05,2.5537873821891596e-06,3.079104732616083e-06,4.151023384305568e-08,4.5455105864753276e-08,3.8549140457964136e-06,4.1428959519322484e-07,4.962726073656139e-07,4.33899757329045e-09,2.412246832190714e-09,1.1980519394416538e-07,0.0008542690705078862
77.9,0.0006849522430937554,0.0001084889242076174,1.2265794299019004e-05,1.4640889621340723e-05,2.1003124876361007e-05,2.543395157526733e-06,3.0653629412357505e-06,4.1284039149375554e-08,4.519657996121197e-08,3.843551738010282e-06,4.126626502607293e-07,4.941599581748314e-07,4.315094886428083e-09,2.398862042828993e-09,1.194548616785051e-07,0.0008519227579810204
77.95,0.000683146780053086,0.00010817155776459938,1.2216639274661356e-05,1.4576429771925364e-05,2.0940662664641367e-05,2.5330519222111414e-06,3.0516906492920517e-06,4.1059310961021715e-08,4.493980980064578e-08,3.832245889170537e-06,4.1103758436564753e-07,4.920487176661872e-07,4.2908637186539565e-09,2.3852569457057472e-09,1.1910683416040845e-07,0.0008495839263672054
78.0,0.0006813467537264674,0.00010785526452246799,1.2167711467819812e-05,1.451228944045745e-05,2.0878415577580272e-05,2.522757423543254e-06,3.038087483112121e-06,4.083602696979162e-08,4.468476610834899e-08,3.82099438477016e-06,4.094137063116732e-07,4.899377706415783e-07,4.266394345970808e-09,2.371489615142636e-09,1.1876120000249733e-07,0.0008472525453802134
78.05000000000001,0.0006795521460792703,0.00010754004043178104,1.2119009696932532e-05,1.4448466872525513e-05,2.0816382813046127e-05,2.5125114083006056e-06,3.0245530671949484e-06,4.061416430413366e-08,4.4431418818814604e-08,3.8097949406792846e-06,4.0779041115790355e-07,4.878261406601317e-07,4.24178935910677e-09,2.3576262493919977e-09,1.1841806722004688e-07,0.0008449285849274996
78.10000000000001,0.0006777629391406359,0.00010722588145962606,1.207053278722755e-05,1.438496032425482e-05,2.075456357269035e-05,2.5023136226656817e-06,3.011087024060941e-06,4.039369969029113e-08,4.417973729758808e-08,3.798645130444974e-06,4.061671867605666e-07,4.857130007398014e-07,4.217154280938191e-09,2.3437346638446005e-09,1.1807750696817785e-07,0.0008426120150820073
78.15,0.0006759791150032415,0.00010691278358954924,1.202227957068015e-05,1.4321768062238719e-05,2.0692957061604637e-05,2.492163812179562e-06,2.997688974153636e-06,4.017460961920289e-08,4.392969057096849e-08,3.7875424139501543e-06,4.0454361904015417e-07,4.835976819338803e-07,4.192588451853082e-09,2.3298780151201184e-09,1.1773950417066348e-07,0.0008403028060593995
78.2,0.0006742006558230715,0.00010660074282148538,1.1974248885970645e-05,1.4258888363470664e-05,2.063156248797503e-05,2.4820617217215678e-06,2.9843585357948856e-06,3.9956870517154884e-08,4.368124756081052e-08,3.776484167055456e-06,4.0291939591090393e-07,4.814796796729809e-07,4.168177821124783e-09,2.3161099384601416e-09,1.1740392808430658e-07,0.0008380009282160509
78.25,0.0006724275438191868,0.00010628975517168786,1.1926439578442396e-05,1.4196319515276615e-05,2.0570379062736605e-05,2.4720070955151356e-06,2.9710953251940558e-06,3.974045891814368e-08,4.343437732163998e-08,3.7654677118516303e-06,4.012943098426716e-07,4.793586578276669e-07,4.143990743339516e-09,2.3024718816249557e-09,1.1707053170920166e-07,0.0008357063520781355
78.30000000000001,0.0006706597612734943,0.0001059798166726588,1.1878850500060097e-05,1.4134059815247918e-05,2.050940599923285e-05,2.4619996771598884e-06,2.9578989565111845e-06,3.952535163590435e-08,4.318904927728736e-08,3.7544903471600245e-06,3.996682590572683e-07,4.772344505096762e-07,4.120077017537124e-09,2.2889927725672838e-09,1.1673898005135097e-07,0.0008334190484018466
78.35000000000001,0.0006688972905305212,0.00010567092337308,1.1831480509368418e-05,1.4072107571174728e-05,2.0448642512883858e-05,2.4520392096895435e-06,2.9447690419734107e-06,3.9311525933568234e-08,4.2945233454264104e-08,3.7435493789329594e-06,3.9804124739005005e-07,4.7510706168551256e-07,4.09646952749113e-09,2.2756904908917945e-09,1.1640889635045451e-07,0.0008311389882524563
78.4,0.0006671401139971835,0.0001053630713377433,1.178432847145079e-05,1.4010461100979743e-05,2.038808782086701e-05,2.4421254356549398e-06,2.931705192043238e-06,3.9098959688948484e-08,4.270290070915226e-08,3.7326421502235043e-06,3.964133828711335e-07,4.729766627209124e-07,4.073187282648065e-09,2.2625742068548665e-09,1.1607990812740372e-07,0.0008288661430817532
78.45,0.0006653882141425618,0.0001050562566474821,1.1737393257888603e-05,1.3949118732652553e-05,2.0327741141814268e-05,2.432258097231242e-06,2.918707015636709e-06,3.888763155350777e-08,4.246202294735522e-08,3.7217660704140645e-06,3.947848750978388e-07,4.708435880052901e-07,4.05023863333582e-09,2.249646668433005e-09,1.1575167588333343e-07,0.0008266004847844703
78.5,0.000663641573497674,0.00010475047539910273,1.1690673746720615e-05,1.3888078804184373e-05,2.026760169552952e-05,2.422436936348004e-06,2.905774120388824e-06,3.867752110313544e-08,4.222257333065584e-08,3.7109186434137852e-06,3.931560314801836e-07,4.687083288201149e-07,4.0276239049581005e-09,2.2369059021349195e-09,1.1542389642226749e-07,0.0008243419857243253
78.55000000000001,0.0006619001746552498,0.00010444572370531615,1.1644168822402634e-05,1.3827339663503226e-05,2.020766870272939e-05,2.4126616948405294e-06,2.8929061129630367e-06,3.846860897895595e-08,4.198452647115551e-08,3.7000974945552834e-06,3.9152725244471257e-07,4.6657152561474194e-07,4.005337378652063e-09,2.224346326523896e-09,1.1509628525877382e-07,0.0008220906187340338
78.60000000000001,0.0006601640002695081,0.00010414199769467035,1.1597877375767532e-05,1.3766899668409668e-05,2.014794138481085e-05,2.4029321146207237e-06,2.880102599401115e-06,3.82608770165037e-08,4.1747858609318986e-08,3.6893003959406553e-06,3.898990256795233e-07,4.644339588394836e-07,3.983369077792125e-09,2.2119596896558337e-09,1.14768551955823e-07,0.0008198463571039971
78.65,0.0006584330330559304,0.00010383929351148211,1.155179830398541e-05,1.370675718651278e-05,2.008841896364815e-05,2.393247937865322e-06,2.8673631855090986e-06,3.805430836172746e-08,4.151254777402187e-08,3.678525290004466e-06,3.882719194966027e-07,4.622965384623429e-07,3.961706972055719e-09,2.1997363470203153e-09,1.1444038412934758e-07,0.0008176091745764808
78.7,0.0006567072557910396,0.00010353760731577008,1.1505930510524142e-05,1.3646910595166788e-05,2.0029100661421992e-05,2.383608907219268e-06,2.8546874772747637e-06,3.7848887572437456e-08,4.127857392269703e-08,3.667770311077557e-06,3.866465753786549e-07,4.601602922676694e-07,3.940339970298954e-09,2.1876671907062706e-09,1.1411145027777351e-07,0.0008153790453560747
78.75,0.0006549866513121775,0.00010323693528318758,1.1460272905110144e-05,1.358735828140803e-05,1.9969985700482816e-05,2.374014766011729e-06,2.842075081311488e-06,3.7644600703968456e-08,4.104591905989199e-08,3.657033804749809e-06,3.850236997687553e-07,4.5802635300735795e-07,3.919261601636744e-09,2.175746173912105e-09,1.137814225575884e-07,0.0008131559441373124
78.80000000000001,0.000653271202517283,0.00010293727360495566,1.141482440368939e-05,1.3528098641892367e-05,1.9911073303250036e-05,2.3644652584821243e-06,2.8295256053231623e-06,3.744143537800982e-08,4.081456733278708e-08,3.6463143448433345e-06,3.8340405515485493e-07,4.558959444535785e-07,3.898473819410656e-09,2.163973028560329e-09,1.1345001313873687e-07,0.0008109398461420249
78.85000000000001,0.0006515608923646734,0.00010263861848779704,1.136958392838876e-05,1.3469130082833109e-05,1.9852362692148676e-05,2.35496013001343e-06,2.8170386585845304e-06,3.7239380833744e-08,4.058450510248071e-08,3.6356107478205683e-06,3.817884504994768e-07,4.537703663911489e-07,3.877990088861104e-09,2.152355566038804e-09,1.1311701451771071e-07,0.0008087307271552589
78.9,0.000649855703872822,0.00010234096615386932,1.1324550407477518e-05,1.3410451019939207e-05,1.979385308958404e-05,2.345499127369855e-06,2.8046138524310666e-06,3.70384279606347e-08,4.035572099011833e-08,3.624922084465397e-06,3.8017773106939326e-07,4.516509785911306e-07,3.857836886085419e-09,2.1409109176549634e-09,1.1278233424995429e-07,0.0008065285635486232
78.95,0.0006481556201201404,0.00010204431284069939,1.1279722775329182e-05,1.3352059878354044e-05,1.9735543717955204e-05,2.3360819989360304e-06,2.792250800752506e-06,3.6838569312419e-08,4.012820589723001e-08,3.6142476886912486e-06,3.7857276773145807e-07,4.495391838270145e-07,3.838052916068596e-09,2.12966519086918e-09,1.1244601548304244e-07,0.0008043333322812162
79.0,0.0006464606242447607,0.00010174865480111771,1.1235099972383579e-05,1.3293955092594559e-05,1.9677433799707088e-05,2.326708494954726e-06,2.7799491204839596e-06,3.663979910207378e-08,3.990195299993618e-08,3.60358716334872e-06,3.769744457988405e-07,4.4743641003079244e-07,3.8186857370995725e-09,2.1186512700532307e-09,1.1210823569336242e-07,0.0008021450108699832
79.05000000000001,0.0006447706994443165,0.00010145398830319287,1.1190680945109159e-05,1.3236135106490804e-05,1.9619522557420718e-05,2.3173783677601774e-06,2.767708432088633e-06,3.644211317775146e-08,3.9676957716988285e-08,3.592940382928316e-06,3.75383653535565e-07,4.45344091736122e-07,3.799786038454074e-09,2.1079048814109885e-09,1.11769279063563e-07,0.0007999635773254569
79.10000000000001,0.0006430858289757293,0.0001011603096301668,1.1146464645965629e-05,1.3178598373125995e-05,1.9561809213940872e-05,2.3080913720041344e-06,2.7555283600262535e-06,3.624550897990685e-08,3.94532176519222e-08,3.5823074930817768e-06,3.738012704544105e-07,4.432636510153522e-07,3.781400455576358e-09,2.097459525680586e-09,1.1142948483258558e-07,0.0007977890100569562
79.15,0.0006414059961549887,0.0001008676150803895,1.1102450033366702e-05,1.3121343354776818e-05,1.950429299253944e-05,2.298847264871788e-06,2.743408533201398e-06,3.60499854800621e-08,3.923073250991363e-08,3.571688906918732e-06,3.722281555711743e-07,4.411964781804678e-07,3.7635643189078854e-09,2.0873412966529927e-09,1.1108918332872386e-07,0.0007956212877617393
79.2,0.0006397311843569403,0.00010057590096725483,1.1058636071643229e-05,1.3064368522854311e-05,1.9446973117113098e-05,2.2896458062849144e-06,2.7313485853862593e-06,3.5855543101882516e-08,3.9009503990236685e-08,3.5610852980742915e-06,3.706651358040142e-07,4.3914391257810195e-07,3.746295880965604e-09,2.0775647381578374e-09,1.1074863843811668e-07,0.0007934603893200827
79.25,0.0006380613770150698,0.00010028516361913615,1.1015021731006514e-05,1.3007672357845078e-05,1.93898488124128e-05,2.28048675908964e-06,2.7193481556125575e-06,3.5662183625452597e-08,3.87895356555288e-08,3.550497590586822e-06,3.691129947268585e-07,4.371072238583915e-07,3.7295932111674845e-09,2.0681306343564187e-09,1.1040801499183661e-07,0.0007913062937174628
79.30000000000001,0.0006363965576212894,9.99953993793223e-05,1.0971605987511878e-05,1.2951253349252903e-05,1.9332919304302564e-05,2.2713698892264525e-06,2.707406888527721e-06,3.5469910075852254e-08,3.857083277935918e-08,3.5399269456730486e-06,3.6757246189801965e-07,4.3508759413014314e-07,3.7134341813033964e-09,2.059026049506387e-09,1.1006738081156822e-07,0.000789158980005032
79.35000000000001,0.0006347367097257274,9.970660460595422e-05,1.0928387823022516e-05,1.2895109995540848e-05,1.9276183820044706e-05,2.262294965880278e-06,2.69552443471087e-06,3.527872659733158e-08,3.835340217387587e-08,3.5293747455381224e-06,3.660442029869662e-07,4.330861014253767e-07,3.697779101229225e-09,2.05022627198295e-09,1.0972673967231429e-07,0.0007870184272946481
79.4,0.0006330818169365123,9.941877567196102e-05,1.088536622517349e-05,1.2839240804073603e-05,1.9219641588607942e-05,2.253261761608637e-06,2.6837004509445357e-06,3.5088638314564605e-08,3.813725199956348e-08,3.518842574409754e-06,3.6452881091243185e-07,4.3110370488180543e-07,3.682574955488047e-09,2.0416978562669877e-09,1.093860797138135e-07,0.0007848846147719252
79.45,0.0006314318629195642,9.913190896499715e-05,1.0842540187336074e-05,1.278364429106038e-05,1.916329184099515e-05,2.24427005244621e-06,2.6719346004386626e-06,3.4899651182630745e-08,3.792239155938019e-08,3.5083321970361553e-06,3.6302679818343856e-07,4.2914123201164105e-07,3.667760032931087e-09,2.033401857467516e-09,1.0904541756567135e-07,0.0007827575217062672
79.5,0.0006297868313983833,9.884600088737947e-05,1.0799908708582281e-05,1.272831898149813e-05,1.9107133810586687e-05,2.235319617984345e-06,2.6602265530038845e-06,3.4711771827516034e-08,3.770883107974675e-08,3.497845534934973e-06,3.615385906021779e-07,4.271993683611257e-07,3.6532680115054656e-09,2.0252965813419398e-09,1.0870482326568811e-07,0.0007806371274420823
79.55000000000001,0.0006281467061538403,9.856104785602452e-05,1.0757470793649627e-05,1.2673263409115153e-05,1.905116673349532e-05,2.226410241424373e-06,2.6485759851717156e-06,3.452500737905076e-08,3.749658148103658e-08,3.4873846407229604e-06,3.6006452244585903e-07,4.2527864978161387e-07,3.639031064584649e-09,2.0173395621732604e-09,1.0836442148713694e-07,0.0007785234113666455
79.60000000000001,0.0006265114710239683,9.827704630238652e-05,1.0715225452906185e-05,1.2618476116315168e-05,1.8995389848928645e-05,2.21754170960389e-06,2.6369825802599047e-06,3.433936529829852e-08,3.7285654140356386e-08,3.476951670891778e-06,3.5860483319623483e-07,4.2337945743574256e-07,3.624982038372075e-09,2.0094888421560145e-09,1.0802437454270631e-07,0.0007764163528607543
79.65,0.0006248811099037525,9.799399267239484e-05,1.0673171702315761e-05,1.2563955654121621e-05,1.8939802399554454e-05,2.208713812995443e-06,2.625446028381777e-06,3.4154853201482126e-08,3.7076060649507696e-08,3.466548857422556e-06,3.571596658338185e-07,4.2150201555836524e-07,3.6110560405996814e-09,2.0017038340056934e-09,1.0768485752078643e-07,0.0007743159312435775
79.7,0.0006232556067449245,9.771188342639248e-05,1.0631308563403419e-05,1.2509700582122525e-05,1.8884403631864996e-05,2.1999263456774528e-06,2.6139660263991487e-06,3.3971478682577736e-08,3.686781257108513e-08,3.456178478649747e-06,3.557290666623118e-07,4.196463918890637e-07,3.597191857735357e-09,1.9939460893125226e-09,1.0734603544480709e-07,0.0007722221257226311
79.75,0.0006216349455557542,9.743071503907445e-05,1.058963506322117e-05,1.2455709468415613e-05,1.8829192796535517e-05,2.191179105277448e-06,2.6025422778189403e-06,3.3789249136722184e-08,3.6660921195687856e-08,3.445842829792486e-06,3.543129865809564e-07,4.178125005984513e-07,3.5833335467057153e-09,1.986180234762611e-09,1.0700804954350922e-07,0.0007701349153567265
79.80000000000001,0.0006200191104008445,9.715048399942645e-05,1.0548150234313903e-05,1.2401980889553855e-05,1.8774169148772788e-05,2.1824718928880526e-06,2.5911744926343282e-06,3.360817158656534e-08,3.6455397303202156e-08,3.435544193569391e-06,3.529112836815227e-07,4.16000107450688e-07,3.569432388940932e-09,1.978375232800604e-09,1.0667101715274959e-07,0.0007680542790367999
79.85000000000001,0.000618408085400927,9.687118681066415e-05,1.0506853114685582e-05,1.234851343049144e-05,1.8719331948649488e-05,2.1738045129564905e-06,2.579862387111932e-06,3.342825251365685e-08,3.625125093105252e-08,3.4252848113007756e-06,3.5152372701491623e-07,4.142088368846279e-07,3.5554491787599196e-09,1.970505977011528e-09,1.0633504728600973e-07,0.0007659801954865728
79.9,0.0006168018547326549,9.659281999017198e-05,1.0465742747765575e-05,1.2295305684529969e-05,1.866468046142005e-05,2.165176773148625e-06,2.568605683527084e-06,3.32494976968848e-08,3.60484911522178e-08,3.4150668548816084e-06,3.5015000135154345e-07,4.124381806590931e-07,3.5413565588353275e-09,1.9625550377394384e-09,1.060002699431052e-07,0.000763912643280499
79.95,0.0006152004026284012,9.631538006944299e-05,1.0424818182375304e-05,1.2242356253265168e-05,1.8610213957814376e-05,2.1565884841889434e-06,2.5574041098499555e-06,3.3071912059887775e-08,3.584712586567098e-08,3.4048923999807204e-06,3.487897127503573e-07,4.106875076952453e-07,3.5271408486326454e-09,1.9545141570333647e-09,1.0566687146519857e-07,0.0007618516008701607
80.0,0.0006136037133760548,9.603886359401847e-05,1.0384078472695069e-05,1.2189663746533903e-05,1.8555931714305494e-05,2.148039459678083e-06,2.5462573993857725e-06,3.2895499529236755e-08,3.564716160172463e-08,3.3947634007881467e-06,3.474423947535965e-07,4.0895607476007366e-07,3.512802638094555e-09,1.9463849318521292e-09,1.05335122903172e-07,0.0007597970466045773
80.05000000000001,0.0006120117713188181,9.576326712342802e-05,1.034352267823109e-05,1.2137226782361545e-05,1.85018330133478e-05,2.139529515889818e-06,2.5351652903729524e-06,3.2720262905038725e-08,3.5448603344557615e-08,3.3846816665951014e-06,3.461075150365699e-07,4.072430376671092e-07,3.4983554831621788e-09,1.938178137180595e-09,1.0500538709116119e-07,0.0007577489587287094
80.10000000000001,0.0006104245608550068,9.548858723113005e-05,1.0303149863782826e-05,1.2085043986909784e-05,1.844791714358286e-05,2.131058471549658e-06,2.524127525543492e-06,3.25462037454469e-08,3.5251454373962176e-08,3.3746488404515935e-06,3.4478448236256457e-07,4.055474627194466e-07,3.483822422531861e-09,1.929911412043319e-09,1.0467809540610155e-07,0.0007557073153503992
80.15,0.0006088420664378463,9.521482050445193e-05,1.0262959099410391e-05,1.2033113994424638e-05,1.839418340000982e-05,2.1226261475973898e-06,2.5131438516503143e-06,3.2373322266376905e-08,3.5055716128087656e-08,3.364666380106645e-06,3.4347265371971466e-07,4.0386833818078095e-07,3.4692306587691772e-09,1.9216055184851108e-09,1.0435369623377152e-07,0.0007536720943782035
80.2,0.0006072642725752737,9.494196354453108e-05,1.0222949460402315e-05,1.198143544718498e-05,1.834063108411833e-05,2.1142323669361623e-06,2.502214018966786e-06,3.220161725753163e-08,3.486138808867858e-08,3.354735541397124e-06,3.4217134154682355e-07,4.022045856267159e-07,3.4546053815366328e-09,1.9132798961659478e-09,1.0403258933835885e-07,0.0007516432734459463
80.25,0.0006056911638297374,9.4670012966256e-05,1.0183120027243443e-05,1.1930006995451342e-05,1.8287259503981837e-05,2.105876954170791e-06,2.4913377807638285e-06,3.2031086015625215e-08,3.466846769000621e-08,3.3448573642139714e-06,3.408798209859038e-07,4.0055507109516685e-07,3.439964068644443e-09,1.9049485302689454e-09,1.0371506715337035e-07,0.0007496208298473579
80.30000000000001,0.0006041227248179984,9.439896539820746e-05,1.0143469885583062e-05,1.1878827297415055e-05,1.8234067974309783e-05,2.097559735338148e-06,2.4805148927703913e-06,3.18617242954798e-08,3.447695025238762e-08,3.335032661140144e-06,3.3959733712798866e-07,3.9891861601591367e-07,3.4253124917126243e-09,1.8966170714260784e-09,1.0340128128205307e-07,0.0007476047405012993
80.35000000000001,0.0006025589402109335,9.412881748260042e-05,1.0103998126203287e-05,1.1827895019147832e-05,1.8181055816457783e-05,2.089280537632586e-06,2.4697451126232464e-06,3.1693526279446393e-08,3.4286828940875356e-08,3.325262008822908e-06,3.383231122432306e-07,3.972940079505638e-07,3.4106431242506665e-09,1.8882817283964993e-09,1.0309124171022754e-07,0.0007455949819563986
80.4,0.0006009997947333358,9.385956587522534e-05,1.0064703844987551e-05,1.177720883455154e-05,1.8128222358394918e-05,2.0810391891293803e-06,2.4590281993121393e-06,3.152648456537629e-08,3.409809474938762e-08,3.3155457421141783e-06,3.370563530045998e-07,3.9568001121181837e-07,3.3959359651606412e-09,1.879929914372407e-09,1.0278484369662512e-07,0.0007435915304301583
80.45,0.0005994452731637196,9.359120724539063e-05,1.0025586142889408e-05,1.1726767425308457e-05,1.80755669346284e-05,2.0728355185092707e-06,2.448363912626507e-06,3.136059017315051e-08,3.391073651024488e-08,3.3058839509862263e-06,3.357962577253641e-07,3.9407537745270666e-07,3.381161241562995e-09,1.871542213421973e-09,1.0248190951655362e-07,0.0007415943618688914
80.5,0.0005978953603341242,9.332373827586485e-05,9.986644125901492e-06,1.16765694808318e-05,1.8023088886085744e-05,2.064669354787111e-06,2.437752012609858e-06,3.119583256955635e-08,3.3724740928778485e-08,3.2962764802053876e-06,3.3454202363333597e-07,3.9247885632129856e-07,3.366283189821674e-09,1.863095060601173e-09,1.0218223149730505e-07,0.0007396034520136111
80.55000000000001,0.000596350041129918,9.305715566281925e-05,9.947876905024681e-06,1.1626613698216592e-05,1.7970787559955394e-05,2.056540527047636e-06,2.427192259027888e-06,3.103219971109308e-08,3.354009264239301e-08,3.2867229317231375e-06,3.3329285419973976e-07,3.9088920626473174e-07,3.351264117825095e-09,1.8545635626392155e-09,1.0188560666765259e-07,0.0007376187764608984
80.60000000000001,0.0005948093004896063,9.279145611577086e-05,9.909283596237517e-06,1.1576898782190944e-05,1.7918662309487212e-05,2.0484488641912824e-06,2.4166844108562784e-06,3.086967810409075e-08,3.335677430319507e-08,3.2772226697212385e-06,3.3204796652818824e-07,3.893052055397141e-07,3.336068120406052e-09,1.8459240279805059e-09,1.0159185796623605e-07,0.0007356403107126515
80.65,0.0005932731234046343,9.25266363575251e-05,9.870863320465718e-06,1.152742344506751e-05,1.786671249375443e-05,2.040394194692859e-06,2.4062282257938284e-06,3.0708252881339675e-08,3.317476668305028e-08,3.267774828225121e-06,3.308065987909658e-07,3.8772566344761656e-07,3.3206640466458476e-09,1.8371559425965135e-09,1.0130084026927179e-07,0.0007336680302122202
80.7,0.0005917414949191965,9.226269312411943e-05,9.83261520355201e-06,1.1478186406695426e-05,1.7814937477379572e-05,2.0323763463757885e-06,2.3958234598064186e-06,3.054790789425895e-08,3.299404879970343e-08,3.2583783211770668e-06,3.295680176773626e-07,3.861494317644004e-07,3.305027556174232e-09,1.8282432894328428e-09,1.0101243185055804e-07,0.0007317019103671341
80.75,0.0005902144001300427,9.199962316476683e-05,9.79453837622609e-06,1.1429186394412507e-05,1.7763336630226823e-05,2.024395146204411e-06,2.3854698667068503e-06,3.0388625819474146e-08,3.281459806238878e-08,3.2490318548377265e-06,3.2833152579419927e-07,3.845754162829514e-07,3.2891423514038636e-09,1.8191752753120082e-09,1.007265145799022e-07,0.0007297419265615895
80.80000000000001,0.0005886918241862874,9.173742324179952e-05,9.756631974074798e-06,1.1380422142997766e-05,1.771190932706393e-05,2.016450420096678e-06,2.3751671977752703e-06,3.023038827853691e-08,3.263639043517681e-08,3.2397339423614317e-06,3.2709646893412557e-07,3.830025883323592e-07,3.2730009065177048e-09,1.8099466966324908e-09,1.0044294968145518e-07,0.0007277880541657219
80.85000000000001,0.0005871737522892193,9.14760901306133e-05,9.718895137512532e-06,1.133189239462433e-05,1.766065494719715e-05,2.008541992759348e-06,2.364915201424447e-06,3.0073175969397134e-08,3.245940061614702e-08,3.2304829203678263e-06,3.258622431049243e-07,3.814299960896521e-07,3.2566051469651753e-09,1.8005582862744094e-09,1.0016155893103656e-07,0.0007258402685518627
80.9,0.000585660169692109,9.121562061961141e-05,9.681327011751754e-06,1.1283595898812527e-05,1.7609572874082733e-05,2.0006696875475043e-06,2.3547136229135997e-06,2.991696880813296e-08,3.228360223034195e-08,3.221276967310038e-06,3.246283011948938e-07,3.798567754585931e-07,3.239967469884358e-09,1.7910173558626303e-09,9.988212132286474e-08,0.0007238985451279793
80.95,0.000584151061700021,9.095601151014932e-05,9.643926746773803e-06,1.123553141238345e-05,1.755866249491925e-05,1.992833326350027e-06,2.3445622041140573e-06,2.9761746079359053e-08,3.210896803435181e-08,3.212114123418921e-06,3.233941591371862e-07,3.7828216026095637e-07,3.223112194149318e-09,1.7813388339728492e-09,9.960439057414292e-08,0.0007219628593932438
81.0,0.0005826464136696244,9.06972596164795e-05,9.606693497299835e-06,1.118769769941275e-05,1.750792320022481e-05,1.985032729502283e-06,2.3344606833293387e-06,2.9607486593663136e-08,3.1935470130292976e-08,3.202992311984178e-06,3.2215940143104233e-07,3.767054914710439e-07,3.20607705643293e-09,1.7715464422999168e-09,9.932812996159146e-08,0.0007200331870109438
81.05000000000001,0.000581146211009004,9.043936176569625e-05,9.569626422761962e-06,1.1140093531184752e-05,1.7457354383403627e-05,1.9772677157270605e-06,2.3244087951717105e-06,2.9454168850369623e-08,3.1763080186883e-08,3.193909361717594e-06,3.209236858810819e-07,3.751262252259933e-07,3.1889139354642363e-09,1.7616734023598216e-09,9.905315185036672e-08,0.0007181095038839994
81.10000000000001,0.000579650439177475,9.018231479768137e-05,9.532724687274637e-06,1.1092717686146951e-05,1.7406955440306654e-05,1.969538102104436e-06,2.3144062704966484e-06,2.9301771203894287e-08,3.1591769665275186e-08,3.184863029931754e-06,3.1968674742744557e-07,3.735439393634116e-07,3.171687860977441e-09,1.7517619422265056e-09,9.877934525350815e-08,0.0007161917862141341
81.15,0.0005781590836853927,8.99261155650491e-05,9.49598745960611e-06,1.104556894986468e-05,1.735672576879069e-05,1.961843704070933e-06,2.3044528363959355e-06,2.9150272031934142e-08,3.142151004729629e-08,3.1758510262600463e-06,3.184484009592953e-07,3.719583382735516e-07,3.154473695526042e-09,1.7418611091600785e-09,9.850667880033723e-08,0.0007142800105303471
81.2,0.0005766721300939688,8.967076093309217e-05,9.459413913150184e-06,1.0998646114976216e-05,1.7306664768280967e-05,1.9541843354480558e-06,2.2945482162495852e-06,2.8999649903734817e-08,3.125227306373296e-08,3.16687103664114e-06,3.172085430309733e-07,3.703692559038611e-07,3.137350571969475e-09,1.7320229235473518e-09,9.823517671953397e-08,0.0007123741536839241
81.25,0.0005751895640150851,8.94162477797277e-05,9.423003225898116e-06,1.0951947981148134e-05,1.7256771839341737e-05,1.94655980849991e-06,2.2846921298360237e-06,2.8849883746688073e-08,3.1084030920330724e-08,3.1579207472933053e-06,3.1596715243234926e-07,3.6877665681607627e-07,3.1203949352611595e-09,1.7222974985826287e-09,9.796487627874608e-08,0.0007104741928194581
81.30000000000001,0.0005737113711111084,8.916257299544327e-05,9.386754580410673e-06,1.0905473355030955e-05,1.7207046383259517e-05,1.9389699340193216e-06,2.274884293499396e-06,2.8700953009538916e-08,3.091675651920719e-08,3.1489978684112236e-06,3.147242896004335e-07,3.671806352658933e-07,3.1036735402867723e-09,1.712728131625602e-09,9.769578112968284e-08,0.0007085801053383793
81.35000000000001,0.0005722375370947078,8.89097334832437e-05,9.350667163790453e-06,1.0859221050215166e-05,1.7157487801643627e-05,1.931414521441571e-06,2.26512442037222e-06,2.855283782052177e-08,3.075042367343516e-08,3.1401001573297184e-06,3.1348009489569774e-07,3.655814123474422e-07,3.087237796007497e-09,1.7033473907543226e-09,9.74278243359979e-08,0.0007066918688710041
81.4,0.0005707680477286686,8.865772615859723e-05,9.314740167654267e-06,1.0813189887187403e-05,1.710809549604814e-05,1.9238933789845037e-06,2.2554122206509617e-06,2.8405519138798076e-08,3.058500731262111e-08,3.1312254409145713e-06,3.1223478580110373e-07,3.639793313137211e-07,3.071120454311768e-09,1.6941749085062606e-09,9.716084952617197e-08,0.000704809461267161
81.45,0.0005693028888257116,8.840654794938269e-05,9.278972788105813e-06,1.0767378693287065e-05,1.7058868867619713e-05,1.9164063138135674e-06,2.2457474019216166e-06,2.8258978897635137e-08,3.0420483677392e-08,3.12237163695967e-06,3.109886531321346e-07,3.623748512445093e-07,3.05533503586243e-09,1.6852171325964237e-09,9.68946122117141e-08,0.0007029328606081337
81.5,0.0005678420462483101,8.815619579583659e-05,9.243364225708468e-06,1.0721786302663156e-05,1.700980731677492e-05,1.908953132229972e-06,2.236129669531747e-06,2.8113200137844265e-08,3.0256830500803925e-08,3.113536774390837e-06,3.0974205637002625e-07,3.6076853928027745e-07,3.039877798527081e-09,1.6764688553503388e-09,9.662879862793842e-08,0.0007010620452370165
81.55000000000001,0.000566385505908508,8.790666665050031e-05,9.207913685458276e-06,1.0676411556231415e-05,1.6960910242910797e-05,1.9015336398799674e-06,2.2265587270049686e-06,2.7968167130088746e-08,3.0094027174805124e-08,3.1047190120991503e-06,3.084954182464489e-07,3.5916106167091927e-07,3.0247316267269396e-09,1.6679160506862817e-09,9.636305723203952e-08,0.0006991969938017247
81.60000000000001,0.0005649332537677406,8.765795747816809e-05,9.172620376757142e-06,1.063125330163181e-05,1.691217704415189e-05,1.8941476419829903e-06,2.21703427649342e-06,2.7823865484775837e-08,2.9932054900017985e-08,3.0959166562491477e-06,3.0724921871531596e-07,3.5755317389995873e-07,3.0098709915596235e-09,1.6595394062539206e-09,9.60970371539014e-08,0.0006973376853037268
81.65,0.0005634852758366524,8.741006525583427e-05,9.137483513386114e-06,1.0586310393186177e-05,1.6863607117136472e-05,1.8867949435761902e-06,2.2075560192632825e-06,2.7680282248362264e-08,2.977089681725339e-08,3.0871281759290277e-06,3.060039884462618e-07,3.559457101383051e-07,2.9952670740237648e-09,1.6513179133243436e-09,9.583042691415958e-08,0.0006954840991445155
81.7,0.0005620415581749184,8.716298697264172e-05,9.102502313478944e-06,1.0541581691856288e-05,1.6815199856844647e-05,1.8794753497727283e-06,2.1981236562081533e-06,2.7537405985031823e-08,2.961053811933657e-08,3.078352217030299e-06,3.047603019655162e-07,3.543395722585664e-07,2.9808922169058606e-09,1.6432319306398617e-09,9.556298522325019e-08,0.0006936362151604504
81.75,0.0005606020868910654,8.691671962982995e-05,9.067675999495753e-06,1.049706606520213e-05,1.676695465647018e-05,1.8721886660310268e-06,2.188736888384673e-06,2.7395226842840625e-08,2.9450966142001274e-08,3.0695876142623324e-06,3.0351877055489975e-07,3.5273571860476903e-07,2.9667230764851763e-09,1.6352652780282355e-09,9.529455528671211e-08,0.0006917940136365273
81.80000000000001,0.0005591668481422931,8.667126024068355e-05,9.033003798196891e-06,1.0452762387340464e-05,1.6718870907337663e-05,1.8649346984320554e-06,2.1793954175646284e-06,2.7253736603575917e-08,2.9292170432805176e-08,3.060833401223001e-06,3.0228003500058773e-07,3.511351526677457e-07,2.9527422012630007e-09,1.6274061684682749e-09,9.502505735633792e-08,0.000689957475293502
81.85000000000001,0.0005577358281342983,8.642660583048118e-05,8.998484940617e-06,1.0408669538903738e-05,1.667094799886616e-05,1.8577132539616572e-06,2.1700989467975603e-06,2.7112928715733963e-08,2.913414279722874e-08,3.052088818459829e-06,3.010447582624677e-07,3.4953891176868135e-07,2.9389382159171983e-09,1.6196471213111612e-09,9.475446191591115e-08,0.0006881265812511828
81.9,0.0005563090131210954,8.618275343644408e-05,8.964118662039155e-06,1.0364786406999136e-05,1.6623185318579716e-05,1.8505241407948121e-06,2.1608471809777464e-06,2.6972798310189968e-08,2.8976877321341866e-08,3.0433533194671163e-06,2.9981361811482673e-07,3.479480558077323e-07,2.92530517952838e-09,1.6119842981639872e-09,9.448275468177654e-08,0.0006863013129801109
81.95,0.0005548863894048418,8.593970010768548e-05,8.929904201969273e-06,1.032111188516804e-05,1.6575582252165095e-05,1.8433671685787822e-06,2.1516398274094617e-06,2.6833342198310966e-08,2.88203703706594e-08,3.0346265745740386e-06,2.9858729979205413e-07,3.4636365609633704e-07,2.9118418434192173e-09,1.6044168261845635e-09,9.42099092056026e-08,0.0006844816522587246
82.0,0.0005534679433356616,8.569744290515994e-05,8.895840804110638e-06,1.02776448733457e-05,1.652813818357611e-05,1.8362421487120181e-06,2.142476596364341e-06,2.6694558852443995e-08,2.8664620565051206e-08,3.0259084726872795e-06,2.9736648866089697e-07,3.4478678426487095e-07,2.898551367566787e-09,1.5969465436321228e-09,9.393587982638374e-08,0.0006826675811496989
82.05000000000001,0.0005520536613114707,8.545597890161285e-05,8.861927716338587e-06,1.0234384277821177e-05,1.6480852495183693e-05,1.8291488946157856e-06,2.133357201624806e-06,2.655644836890068e-08,2.8509628729827902e-08,3.0171991208604816e-06,2.961518629349336e-07,3.432185012246274e-07,2.885441629455379e-09,1.5895782683623629e-09,9.366061827471555e-08,0.0006808590819989591
82.10000000000001,0.0005506435297778035,8.521530518153051e-05,8.82816419067542e-06,1.0191329011197607e-05,1.643372456797036e-05,1.8220872219955445e-06,2.124281361007647e-06,2.6419012413750184e-08,2.835539782338418e-08,3.008498841672575e-06,2.9494408644791295e-07,3.416598461659736e-07,2.8725257808740433e-09,1.5823203185789808e-09,9.338410650159744e-08,0.0006790561374493051
82.15,0.0005492375352276371,8.497541884108977e-05,8.794549483265367e-06,1.014847799235263e-05,1.6386753781767017e-05,1.8150569490891716e-06,2.1152487968620158e-06,2.6282254151923265e-08,2.8201932842044242e-08,2.9998081684088154e-06,2.9374380151025826e-07,3.4011182559259213e-07,2.859822412464176e-09,1.5751847907012047e-09,9.31063916306328e-08,0.0006772587304534022
82.2,0.0005478356642012196,8.473631698810856e-05,8.761082854349823e-06,1.0105830146399185e-05,1.6339939515529946e-05,1.8080578968993282e-06,2.106259236536429e-06,2.614617816032127e-08,2.804924070301836e-08,2.9911278380532094e-06,2.925516218864159e-07,3.385754024229145e-07,2.8473547012600946e-09,1.5681871148443831e-09,9.282760886122444e-08,0.0006754668442709462
82.25,0.0005464379032858973,8.449799674199626e-05,8.727763568242686e-06,1.0063384404646523e-05,1.6293281147655065e-05,1.801089889407361e-06,2.0973124128096233e-06,2.6010790325809297e-08,2.7897330106638332e-08,2.982458782119264e-06,2.913681259481577e-07,3.3705148523051414e-07,2.835148217285125e-09,1.5613446410702537e-09,9.254798379670084e-08,0.0006736804624410403
82.30000000000001,0.0005450442391159426,8.426045523370434e-05,8.694590893305865e-06,1.0021139704561477e-05,1.624677805632628e-05,1.7941527537663593e-06,2.088408064280515e-06,2.5876097729152197e-08,2.7746211379291302e-08,2.9738021153683437e-06,2.901938500783057e-07,3.355409177406953e-07,2.8232275144921605e-09,1.5546743505838217e-09,9.226781373171623e-08,0.00067189956872978
82.35000000000001,0.000543654658372384,8.402368960567753e-05,8.661564101924984e-06,9.979094989730053e-06,1.620042961989446e-05,1.7872463204712026e-06,2.079545935712956e-06,2.5742108516121756e-08,2.7595896298710812e-08,2.965159122491169e-06,2.890292824181626e-07,3.3404446874533987e-07,2.8116120440431504e-09,1.5481900869940807e-09,9.198743402248473e-08,0.0006701241470604182
82.4,0.0005422691477828337,8.37876970118045e-05,8.628682470485164e-06,9.93724920981916e-06,1.61542352172829e-05,1.780370423503634e-06,2.0707257783313877e-06,2.560883175716041e-08,2.744639790350694e-08,2.956531242857765e-06,2.878748570677571e-07,3.3256282263677494e-07,2.8003121509408953e-09,1.541899849490801e-09,9.170717834988399e-08,0.0006683541814366337
82.45,0.0005408876941213185,8.355247461736951e-05,8.595945279347041e-06,9.895601320538707e-06,1.610819422841535e-05,1.7735249004507244e-06,2.0619473500640994e-06,2.5476277297130534e-08,2.7297730289021856e-08,2.947920053473829e-06,2.8673094885862266e-07,3.310965707890319e-07,2.789325906007393e-09,1.5358036646616723e-09,9.14273407561748e-08,0.0006665896558685383
82.5,0.0005395102842081107,8.331801959900381e-05,8.563351812822904e-06,9.854150283603915e-06,1.6062306034661944e-05,1.766709592595297e-06,2.0532104157312472e-06,2.534445559680176e-08,2.714990839177441e-08,2.9393272503155536e-06,2.855978688224147e-07,3.296462040273956e-07,2.778637348206982e-09,1.5298924160028844e-09,9.114814531435521e-08,0.0006648305543087626
82.55000000000001,0.0005381369049095587,8.308432914463736e-05,8.530901359152979e-06,9.81289506669786e-06,1.6016570019298416e-05,1.7599243449772114e-06,2.0445147471754255e-06,2.521337756783506e-08,2.7002947764910072e-08,2.9307546282492463e-06,2.844758604741474e-07,3.2821210642212164e-07,2.7682164541431098e-09,1.5241478287905648e-09,9.086972844411352e-08,0.0006630768606047034
82.60000000000001,0.0005367675431379203,8.28514004534511e-05,8.498593210481922e-06,9.771834643434335e-06,1.597098556797384e-05,1.7531690064247182e-06,2.0358601233331717e-06,2.5083054403105836e-08,2.685686434719368e-08,2.9222040597747876e-06,2.833650970157886e-07,3.267945506187897e-07,2.7580208663685484e-09,1.5185436226636653e-09,9.059213880316271e-08,0.0006613285584724714
82.65,0.0005354021858511934,8.261923073582864e-05,8.466426662835364e-06,9.730967993320848e-06,1.5925552069181766e-05,1.746443429555356e-06,2.027246330246358e-06,2.4953497404266996e-08,2.671167422816787e-08,2.9136774728612607e-06,2.822656795448067e-07,3.253936948769563e-07,2.7479991291251677e-09,1.5130476649943778e-09,9.03153577879298e-08,0.0006595856314956593
82.7,0.0005340408200529501,8.238781721330895e-05,8.434401016096702e-06,9.690294101721979e-06,1.5880268914730013e-05,1.7397474707462583e-06,2.018673161013137e-06,2.482471780848942e-08,2.6567393412153823e-08,2.9051768281675134e-06,2.8117763632421836e-07,3.24009581933229e-07,2.7380949255270016e-09,1.5076247879161112e-09,9.003933829646444e-08,0.0006578480631462228
82.75,0.0005326834327921701,8.215715711853892e-05,8.402515573984e-06,9.64981195982292e-06,1.5835135500203878e-05,1.733080990073985e-06,2.0101404156786515e-06,2.4696726616325715e-08,2.6424037583784822e-08,2.896704095958105e-06,2.8010092313749715e-07,3.2264213973861015e-07,2.7282516256680597e-09,1.5022397996793758e-09,8.976405208177718e-08,0.000656115836817014
82.80000000000001,0.0005313300111630751,8.192724769522597e-05,8.370769644027032e-06,9.609520564593268e-06,1.5790151225417916e-05,1.7264438512243515e-06,2.0016479010663947e-06,2.456953442262713e-08,2.6281621877740914e-08,2.888261233035218e-06,2.7903542471570987e-07,3.2129118404799765e-07,2.7184164030942435e-09,1.4968601803079626e-09,8.948953092732356e-08,0.0006543889358502401
82.85000000000001,0.000529980542304965,8.169808619809147e-05,8.33916253754452e-06,9.569418918751115e-06,1.5745315494851448e-05,1.7198359213730403e-06,1.9931954305517403e-06,2.4443151252401076e-08,2.614016065529364e-08,2.879850160008686e-06,2.779809571879536e-07,3.199564227675495e-07,2.708543304996238e-09,1.491458037421984e-09,8.921588771082929e-08,0.0006526673435470534
82.9,0.000528635013402051,8.146966989282344e-05,8.307693569621435e-06,9.52950603072725e-06,1.570062771806291e-05,1.7132570710380508e-06,1.984782823779701e-06,2.4317586403428892e-08,2.599966729017299e-08,2.8714727392190006e-06,2.769372714721176e-07,3.186374618986103e-07,2.698594953425896e-09,1.4860111002461452e-09,8.894331056492664e-08,0.0006509510431510056
82.95,0.0005272934116832934,8.124199605603023e-05,8.276362059086522e-06,9.489780914629743e-06,1.5656087310078767e-05,1.706707173905403e-06,1.976409906329662e-06,2.419284829737323e-08,2.5860153966140008e-08,2.863130753612413e-06,2.759040574935481e-07,3.173338128598999e-07,2.688542928657764e-09,1.4805027982621583e-09,8.867203365372411e-08,0.0006492400178089639
83.0,0.0005259557244222382,8.101506197519416e-05,8.245167328489941e-06,9.450242590208673e-06,1.5611693691752522e-05,1.7001861066297256e-06,1.9680765093302896e-06,2.406894434098935e-08,2.572163148848391e-08,2.8548258868434172e-06,2.7488094909621006e-07,3.160449009264161e-07,2.6783672237539534e-09,1.4749217212742187e-09,8.840229684576065e-08,0.0006475342505223298
83.05000000000001,0.0005246219389368536,8.078886494862517e-05,8.214108704081042e-06,9.410890082821119e-06,1.556744629008989e-05,1.6936937486116598e-06,1.959782469028405e-06,2.3945880798921664e-08,2.5584109111472713e-08,2.8465597048493974e-06,2.7386752949580066e-07,3.147700744965705e-07,2.6680553389081153e-09,1.4692608895762602e-09,8.813430983410452e-08,0.0006458337241049258
83.10000000000001,0.0005232920425893699,8.056340228541514e-05,8.183185515786326e-06,9.371722423396428e-06,1.552334453853657e-05,1.6872299817542555e-06,1.9515276263160787e-06,2.3823662679415156e-08,2.5447594383569368e-08,2.8383336391063752e-06,2.728633371176292e-07,3.135086148894864e-07,2.6576015296320713e-09,1.4635172171258476e-09,8.786823275264812e-08,0.0006441384211602508
83.15,0.0005219660227861157,8.033867130539173e-05,8.15239709718747e-06,9.332738648401602e-06,1.547938787722509e-05,1.6807946902007208e-06,1.9433118262206114e-06,2.370229363410321e-08,2.531209301198606e-08,2.8301489717353124e-06,2.718678716639941e-07,3.122597463819158e-07,2.6470064669107117e-09,1.4576913538048697e-09,8.76041771237044e-08,0.0006424483240821144
83.2,0.0005206438669773582,8.011466933907306e-05,8.121742785499568e-06,9.293937799807036e-06,1.5435575753178146e-05,1.6743877600561486e-06,1.935134917362523e-06,2.3581775872856183e-08,2.51776087478971e-08,2.82200682258735e-06,2.708806002657072e-07,3.11022646217453e-07,2.6362772432866334e-09,1.4517878418158022e-09,8.73422224372692e-08,0.0006407634150735485
83.25,0.000519325562657143,7.989139372762224e-05,8.091221921549482e-06,9.255318925052414e-06,1.539190762046578e-05,1.6680090790959453e-06,1.926996751386942e-06,2.3462110094485765e-08,2.5044143293362567e-08,2.81390813839528e-06,2.699009635892514e-07,3.0979645435717207e-07,2.6254274141493013e-09,1.4458153304239732e-09,8.708243905304597e-08,0.0006390836761738429
83.30000000000001,0.0005180110973631338,7.966884182280216e-05,8.06083384975432e-06,9.216881077012847e-06,1.5348382940314437e-05,1.6616585364638736e-06,1.9188971823741045e-06,2.3343295433907097e-08,2.4911696230742317e-08,2.805853684039444e-06,2.6892838179339545e-07,3.0858028278752697e-07,2.6144766813271087e-09,1.439786536143791e-09,8.682490876978943e-08,0.0006374090892841279
83.35000000000001,0.0005167004586764546,7.944701098693074e-05,8.030577918100104e-06,9.178623313965278e-06,1.530500118116653e-05,1.6553360223627252e-06,1.9108360662349044e-06,2.322532942616423e-08,2.4780264975103838e-08,2.797844035940472e-06,2.6796226025519125e-07,3.0737322425483275e-07,2.603449900299135e-09,1.4337177031535514e-09,8.656973803978706e-08,0.00063573963618571
83.4,0.0005153936342215294,7.922589859283575e-05,8.000453478120489e-06,9.14054469955501e-06,1.5261761818689267e-05,1.6490414277406882e-06,1.9028132600975367e-06,2.3108207987528033e-08,2.464984474985345e-08,2.7898795775600032e-06,2.670019950132947e-07,3.0617436035220724e-07,2.5923752513096033e-09,1.427627442342225e-09,8.631706186385155e-08,0.0006340752985487886
83.45,0.0005140906116659255,7.900550202381048e-05,7.970459884875695e-06,9.102644302762559e-06,1.5218664335732529e-05,1.642774643976587e-06,1.8948286216914673e-06,2.299192541368429e-08,2.4520428585554268e-08,2.781960496964615e-06,2.660469779045856e-07,3.0498276894085964e-07,2.581281588359412e-09,1.4215349544664065e-09,8.606703723407206e-08,0.000632416057930361
83.5,0.0005127913787201957,7.878581867356931e-05,7.940596496931545e-06,9.064921197870682e-06,1.5175708222235629e-05,1.6365355625671222e-06,1.886882008734903e-06,2.2876474394842593e-08,2.439200734163731e-08,2.7740867863878047e-06,2.650966013962273e-07,3.037975309394727e-07,2.5701951579537285e-09,1.4154577725231103e-09,8.581982497969839e-08,0.0006307618957604751
83.55000000000001,0.0005114959231377212,7.85668459462034e-05,7.910862676338629e-06,9.02737446443161e-06,1.5132892975083556e-05,1.630324074819263e-06,1.878973278331957e-06,2.2761846047419174e-08,2.426456975046996e-08,2.76625824371008e-06,2.641502631379321e-07,3.026177365598993e-07,2.5591360800663376e-09,1.4094093022561994e-09,8.557556061967074e-08,0.0006291127933181373
83.60000000000001,0.0005102042327145568,7.834858125613697e-05,7.88125778861164e-06,8.990003187234563e-06,1.5090218097913837e-05,1.624140071550891e-06,1.871102286385604e-06,2.264802996177955e-08,2.4138102483020442e-08,2.758474475767492e-06,2.6320737027679615e-07,3.014424911016826e-07,2.548115176275391e-09,1.4033965772315872e-09,8.533431910775431e-08,0.0006274687317028426
83.65,0.0005089162952892736,7.813102202808307e-05,7.851781202708775e-06,8.952806456273367e-06,1.5047683100875392e-05,1.6179834428026864e-06,1.8632688870323144e-06,2.2535014265371638e-08,2.4012590235150388e-08,2.7507349033933755e-06,2.622673435885101e-07,3.002709204398357e-07,2.537131825252221e-09,1.3974187176969073e-09,8.509608300315168e-08,0.0006258296918125174
83.7,0.0005076320987428046,7.79141656970002e-05,7.82243229101133e-06,8.915783366714397e-06,1.5005287500341696e-05,1.6118540775641893e-06,1.8554729321041227e-06,2.2422785700439317e-08,2.3888015833382843e-08,2.743038768095883e-06,2.6132962148334196e-07,2.99102176348556e-07,2.526173440215486e-09,1.3914665233263531e-09,8.486072533236512e-08,0.0006241956543402981
83.75,0.0005063516309982902,7.769800970804887e-05,7.7932104293034e-06,8.878933018864677e-06,1.4963030818580576e-05,1.6057518635167754e-06,1.8477142706235166e-06,2.231132971537885e-08,2.3764360358828765e-08,2.7353851402736e-06,2.6039366394277665e-07,2.979354417976037e-07,2.515216875288682e-09,1.385523417948272e-09,8.462801535336785e-08,0.0006225665997989628
83.80000000000001,0.0005050748800209243,7.748255151654825e-05,7.76411499675171e-06,8.842254518140187e-06,1.4920912583383698e-05,1.5996766867961477e-06,1.8399927483362544e-06,2.220063056868908e-08,2.3641603287814136e-08,2.727772928872237e-06,2.594589564333761e-07,2.9676993633852075e-07,2.5042316408614255e-09,1.379567657217435e-09,8.439764826050335e-08,0.0006209425085739399
83.85000000000001,0.0005038018338178017,7.726778858793335e-05,7.735145375885596e-06,8.805746975034444e-06,1.4878932327659183e-05,1.5936284317767516e-06,1.832308207286829e-06,2.209067144436984e-08,2.3519722647631166e-08,2.7202008923858837e-06,2.5852501382905217e-07,2.9560492166617107e-07,2.4931843758146253e-09,1.3735754096116062e-09,8.416929136883539e-08,0.0006193233609965051
83.9,0.0005025324804377636,7.70537183977118e-05,7.706300952577058e-06,8.76940950508717e-06,1.4837089588990974e-05,1.5876069808802705e-06,1.8246604854408192e-06,2.1981434577541106e-08,2.33986951857391e-08,2.712667651105598e-06,2.575913843527354e-07,2.9443970739957326e-07,2.4820437315774104e-09,1.3675241176284258e-09,8.394263307440208e-08,0.0006177091374219963
83.95,0.0005012668079712467,7.684033843142143e-05,7.677581116021007e-06,8.733241228853286e-06,1.4795383909169293e-05,1.5816122144101705e-06,1.8170494163579727e-06,2.1872901388989344e-08,2.327849655066435e-08,2.7051717005156967e-06,2.566576535249473e-07,2.9327365707771613e-07,2.470784759969225e-09,1.3613955005684121e-09,8.371741981619007e-08,0.0006160998182966144
84.0,0.0005000048045501311,7.662764618458767e-05,7.6489852587156e-06,8.697241271872049e-06,1.4753814833696467e-05,1.5756440104139543e-06,1.8094748289192727e-06,2.176505262729381e-08,2.315910148279103e-08,2.6977114257333716e-06,2.5572344808183104e-07,2.921061943144704e-07,2.45939207926197e-09,1.3551776929887368e-09,8.349347121629806e-08,0.0006144953842015644
84.05000000000001,0.0004987464583475892,7.641563916268123e-05,7.620512776442702e-06,8.661408764636394e-06,1.4712381911272874e-05,1.5697022445745317e-06,1.8019365471107468e-06,2.16578685171466e-08,2.3040484013193725e-08,2.690285116880248e-06,2.547884398007056e-07,2.9093680900562965e-07,2.4478614600625363e-09,1.3488662784417961e-09,8.327067236994081e-08,0.000612895815872633
84.10000000000001,0.0004974917575779358,7.620431488107619e-05,7.592163068248513e-06,8.625742842562542e-06,1.4671084693267982e-05,1.5637867901318306e-06,1.7944343898661975e-06,2.1551328912452697e-08,2.292261766863975e-08,2.682890985265347e-06,2.5385234914909623e-07,2.8976506343430504e-07,2.4361998882983216e-09,1.342464273492385e-09,8.304895047027827e-08,0.0006113010942021509
84.15,0.0004962406904964768,7.599367086500767e-05,7.56393553642424e-06,8.590242645959685e-06,1.4629922733181386e-05,1.5578975178354323e-06,1.786968170970409e-06,2.1445413452779768e-08,2.280547568087753e-08,2.675527180247951e-06,2.5291494865525003e-07,2.885905980819696e-07,2.424424470046938e-09,1.3359813345359778e-09,8.28282466117239e-08,0.0006097112002343906
84.2,0.0004949932453993608,7.578370464953039e-05,7.535829586486967e-06,8.554907319999992e-06,1.4588895586099298e-05,1.5520342959287715e-06,1.779537699023846e-06,2.1340101721722526e-08,2.268903119833027e-08,2.6681918066369923e-06,2.5197606588594826e-07,2.8741313692460015e-07,2.4125606614448085e-09,1.3294325400500959e-09,8.260849184428554e-08,0.0006081261151638434
84.25,0.0004937494106234296,7.557441377947698e-05,7.507844627160614e-06,8.519736014688752e-06,1.4548002808151564e-05,1.546196990165062e-06,1.7721427774691855e-06,2.1235373405749247e-08,2.257325749832594e-08,2.660882942471281e-06,2.510355859121549e-07,2.862324919791233e-07,2.4006402651784443e-09,1.322837057672506e-09,8.238959195088176e-08,0.0006065458203410822
84.30000000000001,0.0004925091745460701,7.536579580941651e-05,7.479980070357012e-06,8.484727884834717e-06,1.4507243955974567e-05,1.5403854638548348e-06,1.7647832046794404e-06,2.113120845211048e-08,2.245812819801626e-08,2.6535986570133602e-06,2.500934531455151e-07,2.8504856686648867e-07,2.3886995142660417e-09,1.316216908881377e-09,8.217142164256305e-08,0.0006049702972869283
84.35000000000001,0.0004912725255850674,7.515784830361359e-05,7.452235331157139e-06,8.44988209002069e-06,1.4466618586185311e-05,1.53459957794466e-06,1.7574587741068332e-06,2.1027587224410013e-08,2.234361746216726e-08,2.6463370287797714e-06,2.491496724391847e-07,2.83861359174878e-07,2.3767774303001715e-09,1.3095959540367386e-09,8.195382754037568e-08,0.0006033995277141007
84.4,0.0004900394521984557,7.49505688359869e-05,7.424609827792401e-06,8.415197794574207e-06,1.4426126254871674e-05,1.5288391911262825e-06,1.7501692744909347e-06,2.092449065446524e-08,2.222970020604034e-08,2.63909616342295e-06,2.4820430936463024e-07,2.826709614394023e-07,2.364914518593797e-09,1.3029991390948353e-09,8.173663935668838e-08,0.0006018334935554002
84.45,0.0004888099428843729,7.474395499006865e-05,7.397102981626107e-06,8.380674167538509e-06,1.4385766517104074e-05,1.5231041599751613e-06,1.7429144901240741e-06,2.0821900389119002e-08,2.211635229162746e-08,2.6318742112757608e-06,2.472574896010597e-07,2.8147756060161356e-07,2.353151731553342e-09,1.2964519482718131e-09,8.15196881424942e-08,0.0006002721769967908
84.5,0.000487583986180914,7.453800435896376e-05,7.36971421713502e-06,8.34631038264366e-06,1.4345538926473212e-05,1.517394339117055e-06,1.7356942011713971e-06,2.071979893070553e-08,2.200355071555331e-08,2.6246693843691776e-06,2.463093974045716e-07,2.80281435870556e-07,2.341529491215966e-09,1.2899798997116032e-09,8.130282843148219e-08,0.0005987155605115311
84.55000000000001,0.0004863615706659852,7.433271454530942e-05,7.342442961891033e-06,8.312105618277856e-06,1.4305443034658506e-05,1.511709581421054e-06,1.7285081840424572e-06,2.0618169769921623e-08,2.1891273787015354e-08,2.6174799727374727e-06,2.4536027315811083e-07,2.7908295497329496e-07,2.3300864653835455e-09,1.2836078452677061e-09,8.108595835324538e-08,0.000597163626888675
84.60000000000001,0.0004851426849571604,7.412808316123488e-05,7.315288646542994e-06,8.278059057458964e-06,1.426547839103161e-05,1.5060497382172022e-06,1.721356211810723e-06,2.0516997509909864e-08,2.1779501294198058e-08,2.610304359833502e-06,2.444104100386674e-07,2.778825688524995e-07,2.3188578199814796e-09,1.2773588464944413e-09,8.086903010584809e-08,0.0005956163592477579
84.65,0.0004839273177115342,7.392410782832107e-05,7.288250704798571e-06,8.244169887806157e-06,1.4225644542298804e-05,1.5004146595365778e-06,1.7142380546768882e-06,2.0416267980422387e-08,2.1668214657669588e-08,2.6031410368891e-06,2.43460149872466e-07,2.766808049368856e-07,2.3078728627811708e-09,1.2712525388336545e-09,8.065204430639604e-08,0.0005940737410330167
84.7,0.00048271545762557946,7.372078617756079e-05,7.261328573406311e-06,8.210437301511833e-06,1.4185941032186078e-05,1.4948041943715381e-06,1.707153480471514e-06,2.0315968341005305e-08,2.1557397069353165e-08,2.5959886160720346e-06,2.4250987827983454e-07,2.7547825917229223e-07,2.2971523131828804e-09,1.265303147192911e-09,8.043502642394e-08,0.0005925357559859063
84.75,0.0004815070934350034,7.351811584931892e-05,7.2345216921377736e-06,8.176860495313665e-06,1.4146367401169968e-05,1.489218190953587e-06,1.700102255192088e-06,2.0216087172222102e-08,2.1447033615757636e-08,2.5888458423105055e-06,2.4156001923680984e-07,2.742755870522628e-07,2.286705762900297e-09,1.2595175782562853e-09,8.021799067858074e-08,0.0005910023881024966
84.80000000000001,0.00048030221391460434,7.331609449329267e-05,7.207829503769775e-06,8.14343867046684e-06,1.4106923186256956e-05,1.483656497046177e-06,1.6930841435693007e-06,2.0116614554022026e-08,2.1337111384256533e-08,2.581711603678234e-06,2.4061102919861965e-07,2.7307349392341204e-07,2.2765300654483894e-09,1.2538941514198143e-09,8.000090331732984e-08,0.0005894736215892787
84.85000000000001,0.0004791008078781306,7.311471976847245e-05,7.181251454066787e-06,8.110171032716525e-06,1.4067607920813798e-05,1.4781189602496194e-06,1.686098909657055e-06,2.001754213045621e-08,2.1227619551322066e-08,2.574584940256671e-06,2.3966339093972893e-07,2.718727248597939e-07,2.2666092812780602e-09,1.2484224488219309e-09,7.978365920587094e-08,0.0005879494408327807
84.9,0.00047790286417813654,7.291398934310219e-05,7.154786991763372e-06,8.077056792270421e-06,1.4028421134450428e-05,1.47260542831512e-06,1.6791463174404655e-06,1.9918863160049996e-08,2.111854945175078e-08,2.567465051414693e-06,2.387176072656089e-07,2.706740544006006e-07,2.256916427326055e-09,1.2430844760518954e-09,7.956608128380596e-08,0.0005864298303933583
84.95,0.00047670837170584254,7.271390089464052e-05,7.128435568546799e-06,8.04409516377159e-06,1.3989362352957e-05,1.4671157494649334e-06,1.6722261314560075e-06,1.9820572551256293e-08,2.1009894628063264e-08,2.5603513014694857e-06,2.3777419474297483e-07,2.694782764270676e-07,2.247416795973047e-09,1.23785695245964e-09,7.934794343334958e-08,0.0005849147750236801
85.0,0.0004755173193909938,7.251445210972176e-05,7.102196639039742e-06,8.011285366271412e-06,1.3950431098295677e-05,1.4616497727155013e-06,1.6653381174177817e-06,1.9722666882538676e-08,2.0901650859418172e-08,2.553243223713933e-06,2.368336775788065e-07,2.682861944192471e-07,2.2380722202255145e-09,1.232714263453707e-09,7.912900847978757e-08,0.0005834042597028733
85.05000000000001,0.00047432969620171965,7.23156406841171e-05,7.0760696607830756e-06,7.97862662320272e-06,1.3911626888647495e-05,1.456207348200456e-06,1.6584820428438574e-06,1.9625144406767596e-08,2.079381616955481e-08,2.5461405228151734e-06,2.358965817556156e-07,2.6709861228475453e-07,2.2288455020669937e-09,1.2276315095406564e-09,7.890906884234444e-08,0.0005818982696728002
85.10000000000001,0.000473145491144395,7.211746432269627e-05,7.05005409421883e-06,7.946118162353166e-06,1.387294923851412e-05,1.4507883274903563e-06,1.6516576776766488e-06,1.9528005039755226e-08,2.0686390813465484e-08,2.5390430756053446e-06,2.3496342950320886e-07,2.6591632589419235e-07,2.2197043001032005e-09,1.2225871632984745e-09,7.868797892574095e-08,0.0005803967904645895
85.15,0.00047196469326349924,7.191992073938876e-05,7.024149402673171e-06,7.91375921583865e-06,1.3834397658873536e-05,1.445392563906032e-06,1.6448647948913024e-06,1.9431250332903666e-08,2.0579377242697574e-08,2.5319509302985543e-06,2.3403473415803605e-07,2.6474011539693067e-07,2.210623995929311e-09,1.2175650125664005e-09,7.84656734177167e-08,0.0005788998079089261
85.2,0.0004707872916414785,7.172300765714578e-05,6.998355052339561e-06,7.881549020077037e-06,1.3795971657388568e-05,1.4400199128225183e-06,1.6381031710862536e-06,1.9334883430098264e-08,2.0472780049396933e-08,2.5248643041779047e-06,2.3311099543263553e-07,2.6357073833172605e-07,2.2015893059678883e-09,1.2125552427845795e-09,7.82421708533127e-08,0.0005774073081291619
85.25,0.00046961327539860726,7.15267228079022e-05,6.972670512261999e-06,7.849486815761985e-06,1.3757670738666278e-05,1.4346702319606011e-06,1.6313725870502123e-06,1.9238909009136993e-08,2.036660588942213e-08,2.517783579802937e-06,2.3219269509202415e-07,2.624089234942306e-07,2.192594609621918e-09,1.2075546459215416e-09,7.801756493192223e-08,0.0005759192775196858
85.30000000000001,0.00046844263369285005,7.133106393253849e-05,6.947095254318354e-06,7.817571847836948e-06,1.3719494404565968e-05,1.4293433816631357e-06,1.6246728283000989e-06,1.9143333208150815e-08,2.02608633850851e-08,2.510709299791878e-06,2.3128029301315386e-07,2.612553654819693e-07,2.1836431173778933e-09,1.20256603575248e-09,7.779200696669011e-08,0.000574435702713073
85.35000000000001,0.00046727535571972577,7.113602878084323e-05,6.921628753203851e-06,7.785803365469398e-06,1.3681442154553068e-05,1.4240392251534455e-06,1.6180036855847229e-06,1.9048163537633823e-08,2.0155563008302367e-08,2.5036421602351436e-06,2.3037422358919618e-07,2.601107198097041e-07,2.1747451188935065e-09,1.1975970253736916e-09,7.75656826415566e-08,0.0005729565705394993
85.4,0.00046611143071216863,7.094161511147525e-05,6.896270486414581e-06,7.754180622025123e-06,1.3643513486095525e-05,1.418757628773246e-06,1.6113649553492854e-06,1.8953408778863083e-08,2.0050716945168025e-08,2.4965830027975454e-06,2.2947489243320167e-07,2.589755984757569e-07,2.1659156481965756e-09,1.192658398335717e-09,7.733878620196961e-08,0.0005714818679819809
85.45,0.0004649508479403935,7.074782069192634e-05,6.871019934231194e-06,7.722702875042782e-06,1.360570789509926e-05,1.413498462197778e-06,1.6047564401562137e-06,1.885907886964726e-08,1.9946338943184856e-08,2.4895328055676497e-06,2.2858267333572154e-07,2.57850565862896e-07,2.1571719830290577e-09,1.1877623690048983e-09,7.711149600636058e-08,0.0005700115821319846
85.5,0.00046379359671175975,7.055464329848404e-05,6.845876579702652e-06,7.691369386208585e-06,1.3568024876378516e-05,1.4082615986260011e-06,1.5981779490581835e-06,1.876518477849287e-08,1.9842444142604603e-08,2.482492672714521e-06,2.2769790543767217e-07,2.5673613487441997e-07,2.1485314236742936e-09,1.1829210542806845e-09,7.688395673508185e-08,0.0005685457001513783
85.55000000000001,0.0004626396663706356,7.03620807161944e-05,6.820839908630091e-06,7.66017942133113e-06,1.3530463924156782e-05,1.4030469149439584e-06,1.59162929791967e-06,1.867173836841899e-08,1.9739048893532344e-08,2.475463823015699e-06,2.2682089059197858e-07,2.556327632347091e-07,2.1400097189494384e-09,1.1781454315210282e-09,7.665627409396587e-08,0.0005670842092471604
85.60000000000001,0.00046148904629826474,7.017013073882537e-05,6.795909409550817e-06,7.6291322503164585e-06,1.3493024532593687e-05,1.397854291859672e-06,1.5851103096838488e-06,1.8578752251780273e-08,1.963617056063682e-08,2.4684475773263106e-06,2.2595189090377064e-07,2.5454084992039464e-07,2.1316203014214063e-09,1.1734449091771828e-09,7.642852576210034e-08,0.0005656270966630301
85.65,0.00046034172591263026,6.997879116882964e-05,6.77108457372233e-06,7.5982271471431814e-06,1.3455706196332763e-05,1.3926836140081718e-06,1.5786208145821415e-06,1.8486239637572202e-08,1.9533827317475197e-08,2.4614453450681674e-06,2.2509112645730358e-07,2.534607317295192e-07,2.1233742034025425e-09,1.1688274119630268e-09,7.620078691708149e-08,0.0005641743496859909
85.7,0.00045919769466832194,6.978805981730832e-05,6.746364895106527e-06,7.567463389837854e-06,1.3418508411065153e-05,1.387534770025584e-06,1.5721606502843087e-06,1.839421417279125e-08,1.9432037932584747e-08,2.454458609829804e-06,2.2423877325641582e-07,2.523926800375518e-07,2.1152802560033086e-09,1.1642996715528124e-09,7.597316172481348e-08,0.0005627259556588313
85.75,0.0004580569420564029,6.959793450397438e-05,6.721749870353957e-06,7.536840260450468e-06,1.3381430674103814e-05,1.38240765259145e-06,1.5657296619874755e-06,1.8302689779499274e-08,1.9330821549608057e-08,2.447488914183268e-06,2.233949614222933e-07,2.513368978267872e-07,2.1073450610144957e-09,1.1598673257210478e-09,7.574580770718296e-08,0.0005612819019847197
85.80000000000001,0.00045691945760427643,6.94084130571164e-05,6.697238998788188e-06,7.506357045030105e-06,1.3344472484962835e-05,1.3773021584387712e-06,1.5593277024430945e-06,1.821168048930026e-08,1.9230197463805458e-08,2.4405378438407902e-06,2.2255977370590574e-07,2.5029351710596694e-07,2.09957235495868e-09,1.1555345262827462e-09,7.551894139386748e-08,0.0005598421761119367
85.85000000000001,0.00045578523087555506,6.921949331356254e-05,6.672831782390301e-06,7.4760130336007905e-06,1.3307633345936426e-05,1.372218188331577e-06,1.5529546319214239e-06,1.8121200276972767e-08,1.9130184897361983e-08,2.4336070112932407e-06,2.2173324438130173e-07,2.4926259685702655e-07,2.09196171201122e-09,1.1513030102103567e-09,7.529282115478313e-08,0.000558406765494881
85.9,0.0004546542514699268,6.903117311864443e-05,6.6485277257834085e-06,7.4458075201374185e-06,1.3270912762671964e-05,1.3671556470100883e-06,1.5466103181136543e-06,1.803126289501248e-08,1.903080277591474e-08,2.426698039091395e-06,2.2091535858902152e-07,2.482441216537316e-07,2.0845068976879546e-09,1.147170876200457e-09,7.506771280125077e-08,0.000556975657537868
85.95,0.00045352650902302506,6.884345032616144e-05,6.624326336217348e-06,7.41573980254192e-06,1.3234310244731802e-05,1.362114443103908e-06,1.540294635972466e-06,1.7941881710829452e-08,1.893206950871403e-08,2.419812542949381e-06,2.2010605219574185e-07,2.4723800109183477e-07,2.0771944145053438e-09,1.1431314832402306e-09,7.484385031779397e-08,0.0005555488395354261
86.0,0.0004524019932062978,6.865632279834506e-05,6.600227123553429e-06,7.385809182619542e-06,1.3197825306138335e-05,1.3570944890139148e-06,1.5340074674923124e-06,1.7853069548308203e-08,1.8834002774780632e-08,2.4129521148656085e-06,2.193052122269327e-07,2.4624407015248944e-07,2.070002781450297e-09,1.1391728745823962e-09,7.462140487281736e-08,0.0005541262986235575
86.05000000000001,0.00045128069372687665,6.846978840582332e-05,6.576229600249282e-06,7.356014966055283e-06,1.3161457465897157e-05,1.3520957007638634e-06,1.5277487014313278e-06,1.7764838535381036e-08,1.873661931733935e-08,2.406118306468918e-06,2.1851267791438306e-07,2.452620905914056e-07,2.062902885230828e-09,1.1352779643592975e-09,7.440047066563112e-08,0.0005527080217514396
86.10000000000001,0.00045016260032744833,6.828384502758569e-05,6.552333281343836e-06,7.326356462390521e-06,1.3125206248493287e-05,1.3471179978229759e-06,1.5215182329773094e-06,1.767719995918507e-08,1.863993474869385e-08,2.399312612805285e-06,2.177282423809654e-07,2.4429175340784613e-07,2.0558594499415942e-09,1.1314255028128933e-09,7.418106932260248e-08,0.0005512939956756392
86.15,0.0004490477027861237,6.80984905509476e-05,6.528537684442314e-06,7.29683298499971e-06,1.3089071184355536e-05,1.342161302901057e-06,1.515315963360717e-06,1.759016413027161e-08,1.8543963367561347e-08,2.392536456782187e-06,2.1695165496236316e-07,2.433326824029798e-07,2.0488334248644984e-09,1.127591658159329e-09,7.396316875585506e-08,0.0005498842069726149
86.2,0.00044793599091630967,6.791372287151561e-05,6.504842329701403e-06,7.267443851067315e-06,1.3053051810284668e-05,1.3372255417179742e-06,1.5091417994181867e-06,1.750374025721766e-08,1.8448717990713817e-08,2.3857911744832137e-06,2.1618262414133352e-07,2.423844387897184e-07,2.041784955491179e-09,1.1237519703067368e-09,7.374670956448577e-08,0.0005484786420621671
86.25,0.000446827454566581,6.772953989315253e-05,6.481246739814476e-06,7.2381883815648495e-06,1.3017147669841029e-05,1.3323106427495327e-06,1.502995653110471e-06,1.7417936332852526e-08,1.835420980057519e-08,2.3790780015541268e-06,2.1542082104611345e-07,2.414465267693903e-07,2.034676572312334e-09,1.1198834320634436e-09,7.353163235870305e-08,0.00054707728723468
86.30000000000001,0.0004457220836205517,6.754593952794258e-05,6.457750439996904e-06,7.209065901228064e-06,1.2981358313687814e-05,1.3274165369520297e-06,1.496877440999172e-06,1.7332759033162524e-08,1.8260448210207697e-08,2.3723980608437715e-06,2.1466588344248464e-07,2.405183999478077e-07,2.027476259353106e-09,1.1159664875324957e-09,7.331790164316218e-08,0.0005456801286772256
86.35000000000001,0.00044461986799674896,6.736291969615712e-05,6.434352957971503e-06,7.1800757385343244e-06,1.2945683299886618e-05,1.3225431574679745e-06,1.4907870836870352e-06,1.7248213629775678e-08,1.8167440746888594e-08,2.3657523514593374e-06,2.139174201302355e-07,2.3959946842735753e-07,2.0201600969625603e-09,1.1119867605270014e-09,7.3105524226763e-08,0.0005442871524959312
86.4,0.00044352079764848435,6.71804783262199e-05,6.411053823953993e-06,7.151217225680056e-06,1.2910122194142088e-05,1.3176904393156066e-06,1.4847245052268672e-06,1.7164303916758646e-08,1.8075192955235626e-08,2.359141739366423e-06,2.131750156404906e-07,2.386891063849961e-07,2.012714178608905e-09,1.107936319647705e-09,7.289456083596008e-08,0.0005428983447326209
86.45,0.0004424248625637286,6.699861335467304e-05,6.387852570638627e-06,7.12248969855841e-06,1.287467456999332e-05,1.3128583190650518e-06,1.4786896325045064e-06,1.7081032152284314e-08,1.798370832059075e-08,2.3525669496315266e-06,2.1243823512144893e-07,2.3778665993002006e-07,2.0051355017680433e-09,1.103814268868611e-09,7.268512853703e-08,0.0005415136913726251
86.5,0.00044133205276498494,6.681732272614279e-05,6.364748733183866e-06,7.093892496737042e-06,1.2839340008949805e-05,1.3080467345040294e-06,1.4726823946014577e-06,1.699839901555176e-08,1.7892988213120884e-08,2.346028560369165e-06,2.1170662929690615e-07,2.3689145503090297e-07,1.9974316009592866e-09,1.0996264808745606e-09,7.247739067760961e-08,0.000540133178339789
86.55000000000001,0.00044024235830916373,6.663660439330562e-05,6.34174184919815e-06,7.065424963436023e-06,1.2804118100570372e-05,1.3032556242961545e-06,1.466702722143024e-06,1.6916403579165667e-08,1.780303185284782e-08,2.339526998419692e-06,2.1097973938462028e-07,2.3600280530725295e-07,1.9896188861518104e-09,1.0953844243976044e-09,7.227153287041942e-08,0.0005387567914768378
86.60000000000001,0.0004391557692874582,6.645645631685457e-05,6.3188314587257894e-06,7.037086445505948e-06,1.2769008442484172e-05,1.2984849276349473e-06,1.460750546637904e-06,1.683504329701075e-08,1.771383629557882e-08,2.3330625367485334e-06,2.1025710186977986e-07,2.3512001950017403e-07,1.9817199539520974e-09,1.0911032689390103e-09,7.206772861732117e-08,0.0005373845165148529
86.65,0.00043807227582521815,6.627687646546532e-05,6.296017104232878e-06,7.008876293406089e-06,1.2734010640352982e-05,1.2937345838966784e-06,1.4548257998152744e-06,1.6754314007492106e-08,1.762539643948123e-08,2.3266352935244916e-06,2.095382530419244e-07,2.3424240846055176e-07,1.9737604413979773e-09,1.0867996852842662e-09,7.186610397175059e-08,0.0005360163390419598
86.7,0.0004369918680818269,6.609786281576287e-05,6.2732983305933595e-06,6.980793861182785e-06,1.2699124307775102e-05,1.2890045322952335e-06,1.4489284129654525e-06,1.6674209951857567e-08,1.7537705051831524e-08,2.320245232805622e-06,2.088227332207569e-07,2.333692915281094e-07,1.9657661350338054e-09,1.0824898695364882e-09,7.166671312724687e-08,0.000534652244484092
86.75,0.00043591453625057745,6.59194133522881e-05,6.250674685075149e-06,6.952838506447921e-06,1.2664349066131192e-05,1.2842947115421236e-06,1.4430583162901359e-06,1.659472380717217e-08,1.7450752815271993e-08,2.3138921667367613e-06,2.0811009061624827e-07,2.3250000221231374e-07,1.957760925685171e-09,1.0781882229682114e-09,7.146953368125783e-08,0.0005332922181073696
86.80000000000001,0.00043484027055854863,6.574152606746455e-05,6.228145717326343e-06,6.925009590357548e-06,1.2629684544373213e-05,1.2796050595147388e-06,1.4372154382681648e-06,1.6515846733383504e-08,1.7364528392733323e-08,2.3075757591441684e-06,2.0739988479006325e-07,2.3163389312711622e-07,1.949765848708318e-09,1.0739068494779031e-09,7.127448284389586e-08,0.0005319362450435829
86.85000000000001,0.00043376906126648383,6.556419896156554e-05,6.205710979361538e-06,6.897306477590687e-06,1.2595130378758115e-05,1.2749355129358727e-06,1.431399705042601e-06,1.6437568433798076e-08,1.7279018510026785e-08,2.3012955304001815e-06,2.0669168970734238e-07,2.3077034017278017e-07,1.9417990343414464e-09,1.06965571675051e-09,7.108144786996039e-08,0.0005305843103315835
86.9,0.00043270089866866666,6.538743004268094e-05,6.183370025548187e-06,6.869728536328177e-06,1.2560686212528225e-05,1.2702860070674152e-06,1.4256110398346763e-06,1.635987722818412e-08,1.719420805497721e-08,2.2950508634243805e-06,2.0598509638899483e-07,2.299087459975299e-07,1.93387609501738e-09,1.065443112033691e-09,7.089031922132407e-08,0.0005292363989621769
86.95,0.00043163577309280037,6.52112173266846e-05,6.161122412593089e-06,6.842275138231755e-06,1.2526351695541145e-05,1.2656564754210209e-06,1.4198493623899764e-06,1.628276013762802e-08,1.7110080191859803e-08,2.2888410106872215e-06,2.0527971519373305e-07,2.2904854280744086e-07,1.9260104037527437e-09,1.0612759844394496e-09,7.070101504092677e-08,0.0005278924959141088
87.0,0.000430573674899886,6.503555883720167e-05,6.138967699528939e-06,6.8149456584232175e-06,1.2492126483852079e-05,1.2610468494883637e-06,1.4141145884618548e-06,1.620620298019661e-08,1.7026616489816546e-08,2.282665102086643e-06,2.0457517777503896e-07,2.2818919462297047e-07,1.9182128757480242e-09,1.0571598929846825e-09,7.051348971178049e-08,0.0005265525861732772
87.05000000000001,0.0004295145944841012,6.486045260557606e-05,6.11690544770096e-06,6.787739475463722e-06,1.2458010239252129e-05,1.256457058493433e-06,1.4084066293367629e-06,1.6130190476397327e-08,1.6943797063862315e-08,2.2765221535769878e-06,2.038711387702389e-07,2.2733019910319116e-07,1.9104911662530146e-09,1.0530985045641158e-09,7.032772555842958e-08,0.0005252166547341441
87.10000000000001,0.00042845852227268094,6.468589667083828e-05,6.094935220753649e-06,6.760655971333263e-06,1.2424002628766555e-05,1.2518870291691214e-06,1.402725391405783e-06,1.605470636338297e-08,1.6861600727046506e-08,2.2704110764414666e-06,2.0316727728617896e-07,2.2647108907276338e-07,1.9028485009950886e-09,1.0490928080625503e-09,7.014371270154649e-08,0.000523884686588849
87.15,0.00042740544872579546,6.451188907967294e-05,6.073056584617544e-06,6.733694531410196e-06,1.23901033241171e-05,1.2473366855601104e-06,1.3970707757861947e-06,1.5979733516813036e-08,1.6780005152307503e-08,2.264330687113091e-06,2.02463298248187e-07,2.256114338909658e-07,1.895282538054274e-09,1.0451403373028761e-09,6.996142538612234e-08,0.0005225566667131424
87.2,0.00042635536433643196,6.433842788638689e-05,6.051269107496133e-06,6.706854544450978e-06,1.2356312001153235e-05,1.2428059488538587e-06,1.3914426779964928e-06,1.5905254079261926e-08,1.6698987042546053e-08,2.258279717463347e-06,2.0175893367590103e-07,2.247508407961954e-07,1.8877846696370743e-09,1.0412346892888196e-09,6.9780802527876e-08,0.0005212325800577137
87.25,0.0004253082596302751,6.416551115287726e-05,6.029572359852818e-06,6.68013540256999e-06,1.2322628339257088e-05,1.238294737241205e-06,1.3858409876877275e-06,1.5831249594052354e-08,1.6618522307445687e-08,2.252256825491446e-06,2.0105394394120504e-07,2.238889563432944e-07,1.880340038323536e-09,1.037365516463784e-09,6.9601736582602e-08,0.0005199124115495761
87.30000000000001,0.000424264125165588,6.399313694859962e-05,6.007965914397955e-06,6.653536501219502e-06,1.2289052020727251e-05,1.2338029658078456e-06,1.3802655884335534e-06,1.5757701143388532e-08,1.653858624558046e-08,2.2462606063588853e-06,2.0034811905039274e-07,2.2302546802556862e-07,1.8729283571747876e-09,1.0335190365663187e-09,6.9424070760985e-08,0.0005185961461037523
87.35000000000001,0.0004232229515330949,6.382130335053651e-05,5.986449346076008e-06,6.627057239169794e-06,1.2255582730146921e-05,1.2293305464576727e-06,1.3747163575808351e-06,1.5684589489667417e-08,1.6459153730370995e-08,2.2402896037232633e-06,1.9964127997550187e-07,2.2216010613977877e-07,1.8655254849867154e-09,1.0296790139634202e-09,6.924760272852691e-08,0.0005172837686433487
87.4,0.0004221847293558617,6.36500084431657e-05,5.965022232052719e-06,6.600697018489332e-06,1.222222015374172e-05,1.2248773878686464e-06,1.369193166162075e-06,1.5611895218855202e-08,1.6380199398475644e-08,2.2343423213311217e-06,1.9893328003960065e-07,2.212926459126875e-07,1.8581056485100827e-09,1.0258281444629e-09,6.907209382201646e-08,0.0005159752641268577
87.45,0.00042114944928917976,6.347925031842893e-05,5.943684151702424e-06,6.574455244525149e-06,1.218896397873306e-05,1.2204433954816216e-06,1.3636958788704283e-06,1.5539598884830677e-08,1.630169783923433e-08,2.2284172348317785e-06,1.9822400633902934e-07,2.204229098644649e-07,1.8506441724341308e-09,1.021949777695582e-09,6.88972845568526e-08,0.0005146706175831878
87.5,0.0004201171020204485,6.330902707570073e-05,5.922434686595412e-06,6.548331325883313e-06,1.215581389269256e-05,1.2160284715222175e-06,1.3582243540974488e-06,1.5467681153613115e-08,1.6223623783812925e-08,2.2225128037723516e-06,1.9751338116372867e-07,2.1955077034027973e-07,1.8431205063263316e-09,1.0180298733251867e-09,6.872291717709867e-08,0.0005133698141547105
87.55000000000001,0.00041908767826905844,6.313933682175722e-05,5.901273420485362e-06,6.522324674409518e-06,1.2122769582903277e-05,1.211632515055542e-06,1.3527784440331863e-06,1.5396122946411885e-08,1.6145952292727637e-08,2.21662748372881e-06,1.9680136335649632e-07,2.1867615209992227e-07,1.835521204484113e-09,1.014058987072877e-09,6.854876321193438e-08,0.0005120728391455303
87.60000000000001,0.0004180611687862766,6.297017767074536e-05,5.880199939296893e-06,6.496434705169843e-06,1.2089830735733446e-05,1.207255422073297e-06,1.3473579948276923e-06,1.532490558045551e-08,1.6068658940458716e-08,2.21075973851928e-06,1.9608794953491603e-07,2.1779903481945238e-07,1.8278423674105495e-09,1.010033957557684e-09,6.837464996063248e-08,0.0005107796780678031
87.65,0.00041703756435512864,6.280154774415184e-05,5.859213831113126e-06,6.470660836431551e-06,1.2056997036028121e-05,1.2028970856124775e-06,1.3419628468124307e-06,1.5254010906579458e-08,1.5991719995890658e-08,2.204908052434631e-06,1.9537317508725264e-07,2.1691945533163372e-07,1.8200909920469514e-09,1.0059588943111974e-09,6.820047747450465e-08,0.0005094903166763952
87.7,0.00041601685579028505,6.263344517077261e-05,5.8383146861633865e-06,6.4450024896440925e-06,1.2024268166524335e-05,1.1985573959046407e-06,1.336592834779611e-06,1.518342144257516e-08,1.5915112597342646e-08,2.199070942408603e-06,1.9465711484700985e-07,2.1603750941583292e-07,1.8122847987819171e-09,1.0018451309857137e-09,6.802621904876852e-08,0.0005082047409837637
87.75,0.0004149990339379459,6.246586808668226e-05,5.81750209681095e-06,6.419459089420193e-06,1.1991643807294808e-05,1.1942362405544154e-06,1.3312477883169055e-06,1.511312050132595e-08,1.583881492097649e-08,2.1932469700361966e-06,1.939398833508743e-07,2.1515335294494045e-07,1.8044504225696162e-09,9.977100289184888e-10,6.785190326275938e-08,0.000506922937252494
87.80000000000001,0.00041398408967572626,6.229881463520354e-05,5.796775657540867e-06,6.394030063517057e-06,1.195912363522526e-05,1.189933504745686e-06,1.325927532194566e-06,1.5043092312780955e-08,1.5762806341392842e-08,2.187434753336064e-06,1.9322163459178712e-07,2.142672022077173e-07,1.7966202772950197e-09,9.935748286324419e-10,6.767758205919832e-08,0.0005056448919701082
87.85000000000001,0.0004129720139125431,6.213228296687734e-05,5.776134964947891e-06,6.368714842817735e-06,1.1926707323530026e-05,1.1856490714736508e-06,1.3206318868015053e-06,1.4973322138845526e-08,1.5687067583250028e-08,2.1816329781411182e-06,1.9250256119273574e-07,2.133793332496863e-07,1.7888287668103012e-09,9.894620264466622e-10,6.750329451223918e-08,0.0005043705918166024
87.9,0.00041196279758850033,6.196627123943217e-05,5.755579617724419e-06,6.343512861312532e-06,1.189439454131019e-05,1.1813828218007022e-06,1.3153606686264592e-06,1.4903796380296535e-08,1.561158086276478e-08,2.1758404089926113e-06,1.917828929468872e-07,2.1249008011312312e-07,1.7811086738073702e-09,9.85392881272894e-10,6.732903769166303e-08,0.0005031000236372491
87.95,0.00041095643167477657,6.180077761775438e-05,5.735109216648571e-06,6.31842355608061e-06,1.1862184953158441e-05,1.1771346351339156e-06,1.3101136907800215e-06,1.4834502674865246e-08,1.553633001798305e-08,2.170055899407438e-06,1.910628946947956e-07,2.1159983190469774e-07,1.7734884353035747e-09,9.813855718235207e-10,6.715475356688796e-08,0.0005018331744306064
88.0,0.0004099529071735123,6.163580027385821e-05,5.714723364572314e-06,6.293446367271674e-06,1.1830078218814049e-05,1.172904389521708e-06,1.304890763552944e-06,1.4765429985668925e-08,1.5461300626743016e-08,2.164278401386952e-06,1.9034286353806442e-07,2.10709028674754e-07,1.7659906602763293e-09,9.774542603507224e-10,6.698033497084804e-08,0.0005005700313552068
88.05000000000001,0.0004089522151176973,6.147133738685601e-05,5.694421666409651e-06,6.268580738087769e-06,1.1798073992871208e-05,1.1686919619670877e-06,1.2996916950058283e-06,1.4696568679217687e-08,1.538648011129476e-08,2.15850697403871e-06,1.896231254192352e-07,2.0981815615144241e-07,1.7586318209579076e-09,9.736089985472936e-10,6.680564661347932e-08,0.0004993105817507279
88.10000000000001,0.00040795434657105964,6.130738714292877e-05,5.674203729124921e-06,6.243826114765237e-06,1.1766171924543462e-05,1.1644972287547715e-06,1.2945162915850723e-06,1.4627910592275136e-08,1.531185782859263e-08,2.1527407911904016e-06,1.889040311277981e-07,2.089277394318793e-07,1.7514227346013997e-09,9.698561767642917e-10,6.663055218422985e-08,0.0004980548131640285
88.15,0.0004069592926279529,6.114394773529638e-05,5.65406916172111e-06,6.2191819465567125e-06,1.1734371657486277e-05,1.1603200657893163e-06,1.2893643587596966e-06,1.455944908691096e-08,1.523742514533918e-08,2.146979147887594e-06,1.8818595182005659e-07,2.080383357871373e-07,1.7443693505297296e-09,9.661991502279476e-10,6.645493798305942e-08,0.0004968027133697733
88.2,0.0004059670444132459,6.098101736418841e-05,5.6340175752282894e-06,6.194647685713304e-06,1.1702672829679679e-05,1.156160348941346e-06,1.2842357016735576e-06,1.4491179093153838e-08,1.5163175496937406e-08,2.141221465683651e-06,1.8746927416425248e-07,2.0715052678447382e-07,1.7374734589976797e-09,9.62638765069045e-10,6.627872711869364e-08,0.0004955542703792356
88.25,0.0004049775930822121,6.08185942368149e-05,5.614048582692104e-06,6.170222787466861e-06,1.1671075073371963e-05,1.1520179543988628e-06,1.2791301258072835e-06,1.4423097138730997e-08,1.5089104429598723e-08,2.135467296650328e-06,1.8675439524023422e-07,2.062649099655355e-07,1.7307331430249373e-09,9.59173669953486e-10,6.6101883574329e-08,0.0004943094724365757
88.30000000000001,0.0004039909298204188,6.0656676567337104e-05,5.594161799162322e-06,6.145906710012343e-06,1.1639578015085216e-05,1.1478927590205998e-06,1.2740474376442279e-06,1.4355201365469999e-08,1.5015209624962038e-08,2.1297163260605695e-06,1.8604171733384678e-07,2.0538209034099017e-07,1.7241429736399456e-09,9.55800433874008e-10,6.592440906926946e-08,0.0004930683080058833
88.35000000000001,0.00040300704584361876,6.049526257683879e-05,5.57435684168149e-06,6.121698914490345e-06,1.1608181275682788e-05,1.1437846406883675e-06,1.2689874453347075e-06,1.4287491532037657e-08,1.4941490906703476e-08,2.123968373719711e-06,1.853316427694106e-07,2.0450267196861686e-07,1.7176940326967007e-09,9.525135440366587e-10,6.574633591295803e-08,0.0004918307657527213
88.4,0.00040202593239763883,6.033435049329704e-05,5.554633329273598e-06,6.097598864969664e-06,1.1576884470498192e-05,1.1396934786553243e-06,1.2639499593527894e-06,1.421996900279942e-08,1.4867950228755813e-08,2.118223393946544e-06,1.8462456891897526e-07,2.0362724987292675e-07,1.7113738572922134e-09,9.493053511477851e-10,6.55677170230881e-08,0.0004905968345218871
88.45,0.0004010475807582722,6.017393855155376e-05,5.534990882932875e-06,6.073606028430039e-06,1.1545687209524634e-05,1.1356191538871862e-06,1.2589347931400095e-06,1.4152636722701715e-08,1.479459164491372e-08,2.112481474230496e-06,1.8392088351486442e-07,2.0275640254054625e-07,1.705166399069312e-09,9.461660166991729e-10,6.538861266046923e-08,0.0004893665033114705
88.5,0.0004000719822311696,6.0014024993286986e-05,5.515429125612619e-06,6.0497198747449745e-06,1.1514589097663605e-05,1.1315615493934047e-06,1.2539417637304754e-06,1.4085499178206132e-08,1.4721421259770862e-08,2.106742832614167e-06,1.832209603732314e-07,2.0189068518851535e-07,1.6990521183778816e-09,9.43083530723122e-10,6.520907410845609e-08,0.0004881397612439731
88.55000000000001,0.0003990991281517307,5.985460806698241e-05,5.495947682214105e-06,6.025939876664673e-06,1.1483589735030558e-05,1.127520550545453e-06,1.2489706923519896e-06,1.4018562344438597e-08,1.4648447161118716e-08,2.101007813870821e-06,1.8252515561227002e-07,2.0103062395504093e-07,1.693008378352223e-09,9.40043903063109e-10,6.502912710468978e-08,0.0004869165975378497
88.60000000000001,0.00039812900988499744,5.969568602790519e-05,5.476546179575575e-06,6.002265509799104e-06,1.1452688717315278e-05,1.1234960453794725e-06,1.244021404998044e-06,1.3951833618856473e-08,1.4575679334131136e-08,2.095276884563192e-06,1.8183380442100046e-07,2.0017671110744877e-07,1.6870103244109126e-09,9.370316532063027e-10,6.484876024770157e-08,0.0004856970014852401
88.65,0.0003971616188255452,5.953725713807143e-05,5.457224246461255e-06,5.978696252601116e-06,1.142188563619384e-05,1.1194879248806367e-06,1.2390937329657495e-06,1.3885321741879514e-08,1.4503129557859976e-08,2.0895506270824917e-06,1.8114721840507455e-07,1.9932940130400624e-07,1.6810323840608004e-09,9.340306986730358e-10,6.46679239569024e-08,0.0004844809624418502
88.7,0.00039619694639737667,5.937931966622031e-05,5.437981513550486e-06,5.955231586349727e-06,1.1391180079788942e-05,1.1154960832467854e-06,1.2341875133551007e-06,1.3819036705076e-08,1.4430811284773888e-08,2.083829732774579e-06,1.8046568350680375e-07,1.9848910888905038e-07,1.6750503864447841e-09,9.310256606033207e-10,6.448654332332742e-08,0.00048326846983241876
88.75,0.00039523498405381505,5.9221871887786e-05,5.418817613426896e-06,5.9318709951334854e-06,1.1360571633174675e-05,1.111520418129019e-06,1.2293025895252585e-06,1.3752989647638446e-08,1.4358739504278158e-08,2.078114994263589e-06,1.7978945846952713e-07,1.9765620614837726e-07,1.6690441086911647e-09,9.280034835338383e-10,6.430454395754375e-08,0.00048205951317057354
88.80000000000001,0.00039427572327739775,5.906491208486983e-05,5.399732180567638e-06,5.908613965833933e-06,1.1330059878921564e-05,1.1075608308471566e-06,1.2244388115039153e-06,1.3687192742024243e-08,1.4286930591357816e-08,2.0724072970824675e-06,1.7911877379328797e-07,1.9683102240765885e-07,1.6629998563402065e-09,9.249551299824207e-10,6.412188499713474e-08,0.0004808540820865421
88.85000000000001,0.00039331915557977144,5.890843854621268e-05,5.380724851332724e-06,5.885459988109211e-06,1.1299644397677388e-05,1.103617226578174e-06,1.219596036346204e-06,1.3621659069770951e-08,1.421540214168239e-08,2.0667076107151384e-06,1.784538311110022e-07,1.9601384382353248e-07,1.6569125413158892e-09,9.21876998113177e-10,6.393858957259691e-08,0.00047965216635200103
88.9,0.00039236527250158525,5.875244956716712e-05,5.3617952639543685e-06,5.862408554377705e-06,1.1269324768778776e-05,1.0996895145159416e-06,1.214774128440004e-06,1.35564024886204e-08,1.4144172794694169e-08,2.0610169791473635e-06,1.7779480290289883e-07,1.9520491369682712e-07,1.6507867108182389e-09,9.187716812262067e-10,6.375476220866772e-08,0.0004784537558904502
88.95,0.00039141406561238676,5.85969434496701e-05,5.3429430585264465e-06,5.839459159801852e-06,1.123910057088864e-05,1.0957776080008638e-06,1.2099729597549976e-06,1.3491437492201029e-08,1.4073262046372249e-08,2.055336511013778e-06,1.7714183246249877e-07,1.9440443313102198e-07,1.6446361595372053e-09,9.15647791166345e-10,6.357058610808825e-08,0.0004772588407652344
89.0,0.000390465526510517,5.844191850221554e-05,5.324167876993999e-06,5.816611302272025e-06,1.1208971382653928e-05,1.0918814246182333e-06,1.2051924100332476e-06,1.3426779063617413e-08,1.4002690053513408e-08,2.04966736941804e-06,1.764950340297269e-07,1.9361256186622764e-07,1.6384821008138448e-09,9.125187990223076e-10,6.338630036159033e-08,0.00047606741114499657
89.05000000000001,0.00038951964682300614,5.828737303982703e-05,5.305469363142792e-06,5.793864482390517e-06,1.1178936783378253e-05,1.0880008862644035e-06,1.2004323669195882e-06,1.336244252438023e-08,1.3932477431497455e-08,2.044010761492832e-06,1.7585449301535003e-07,1.9282941913854192e-07,1.632350261604543e-09,9.094011277687932e-10,6.320216479877856e-08,0.0004748794572547195
89.10000000000001,0.0003885764182054707,5.813330538403087e-05,5.286847162588976e-06,5.77121820345566e-06,1.1148996353703715e-05,1.0841359191801452e-06,1.1956927260306246e-06,1.3298443380176134e-08,1.3862645047605021e-08,2.038367927757498e-06,1.75220266254772e-07,1.920550844444217e-07,1.6262675411265751e-09,9.063119396266882e-10,6.301842443547218e-08,0.00047369496932526137
89.15,0.0003876358323420084,5.7979713862828816e-05,5.268300922768746e-06,5.748671971445974e-06,1.1119149676296068e-05,1.0802864539508162e-06,1.1909733909616225e-06,1.3234797165023044e-08,1.3793213812027008e-08,2.0327401313243505e-06,1.7459238224691798e-07,1.9128959812689749e-07,1.6202589170507248e-09,9.032670974021514e-10,6.28352840217349e-08,0.00047251393755297187
89.2,0.0003866978809450962,5.782659681067134e-05,5.249830292928126e-06,5.7262252950044896e-06,1.1089396336527579e-05,1.076452425473287e-06,1.1862742732311419e-06,1.3171519285382672e-08,1.3724204468746236e-08,2.027128647000824e-06,1.7397084135389182e-07,1.9053296174177798e-07,1.6143450980650124e-09,9.002796431762995e-10,6.265289729795489e-08,0.000471336352074822
89.25,0.0003857625557554874,5.767395256843084e-05,5.231434924112783e-06,5.703877685423133e-06,1.1059735923151683e-05,1.0726337728898037e-06,1.181595292163743e-06,1.3108624865805147e-08,1.3655637388479548e-08,2.021534750333983e-06,1.7335561595761568e-07,1.897851382039552e-07,1.6085411295084158e-09,8.973589261594082e-10,6.24713691491124e-08,0.00047016220295761403
89.30000000000001,0.0003848298485421091,5.752177948337491e-05,5.213114469157908e-06,5.681628656627207e-06,1.1030168028963725e-05,1.0688304394892804e-06,1.1769363747116457e-06,1.3046128597662943e-08,1.3587532365845046e-08,2.0159597066466254e-06,1.7274665058916825e-07,1.89046051753259e-07,1.6028559068259737e-09,8.945103352942689e-10,6.22907654831552e-08,0.00046899148019611154
89.35000000000001,0.0003838997511019611,5.737007590913999e-05,5.194868582678182e-06,5.659477725160008e-06,1.1000692251442233e-05,1.0650423725767773e-06,1.1722974552167345e-06,1.2984044592491362e-08,1.3519908422862491e-08,2.010404760120052e-06,1.7214386206357073e-07,1.8831558781307845e-07,1.5972924127506873e-09,8.917355024957665e-10,6.211112606306916e-08,0.00046782417371516545
89.4,0.00038297225526001325,5.7218840205704693e-05,5.176696921057749e-06,5.637424410167469e-06,1.097130819336509e-05,1.0612695233121772e-06,1.167678475114786e-06,1.2922386241391129e-08,1.3452783620806183e-08,2.0048711229869744e-06,1.7154713966618948e-07,1.8759359284091685e-07,1.5918484553705675e-09,8.89032826124986e-10,6.193247781618418e-08,0.0004666602733731892
89.45,0.00038204735286910486,5.706807073936365e-05,5.1585991424403094e-06,5.61546823338297e-06,1.0942015463395534e-05,1.0575118465193646e-06,1.163079382584329e-06,1.2861166081867857e-08,1.3386174882311925e-08,1.9993599649083983e-06,1.7095634544590408e-07,1.8687987428670825e-07,1.5865176958830172e-09,8.863981789017702e-10,6.175484797573305e-08,0.00046549976896624677
89.5,0.00038112503580984403,5.691776588270129e-05,5.1405749067192375e-06,5.593608719112207e-06,1.0912813676632799e-05,1.05376930046743e-06,1.1585001321429703e-06,1.2800395673382684e-08,1.3320097825493469e-08,1.9938724026194497e-06,1.7037131467425944e-07,1.8617420078142508e-07,1.5812907727890923e-09,8.838256749709444e-10,6.157827664520672e-08,0.000464342650232287
89.55000000000001,0.0003802052959905067,5.676792401456572e-05,5.122623875527768e-06,5.571845394218161e-06,1.088370245512271e-05,1.0500418466256747e-06,1.1539406841944992e-06,1.2740085482772166e-08,1.3254566611653869e-08,1.9884094899401963e-06,1.6979185652891066e-07,1.8547630267540318e-07,1.5761563383570767e-09,8.813083720380861e-10,6.140282735218179e-08,0.0004631889068540627
89.60000000000001,0.0003792881253469378,5.6618543520042937e-05,5.104745712229263e-06,5.550177788106185e-06,1.085468142832384e-05,1.04632944939442e-06,1.1494010045304944e-06,1.2680244780564254e-08,1.3189593807985369e-08,1.9829722082572552e-06,1.6921775505402226e-07,1.847858730337001e-07,1.5711018406319282e-09,8.78838793092635e-10,6.122859289538214e-08,0.00046203852845802746
89.65,0.00037837351584245007,5.6469622790430695e-05,5.08694008190749e-06,5.528605432709133e-06,1.082575023352505e-05,1.042632075813801e-06,1.1448810637905296e-06,1.262088154907438e-08,1.3125190266443188e-08,1.9775614575893627e-06,1.6864877044045759e-07,1.8410256917600724e-07,1.5661139358488622e-09,8.764091838184454e-10,6.105569327839837e-08,0.00046089150460604624
89.7,0.0003774614594677258,5.6321160223212985e-05,5.069206651357006e-06,5.507127862472633e-06,1.0796908516210882e-05,1.0389496952529565e-06,1.14038083688546e-06,1.2562002403014315e-08,1.3061365019757613e-08,1.972178048354189e-06,1.6808464065539506e-07,1.834260148228361e-07,1.5611785114449112e-09,8.740114836630046e-10,6.088426354176593e-08,0.00045974782477790986
89.75,0.00037655194824071753,5.617315422203433e-05,5.051545089073575e-06,5.485744614340433e-06,1.0768155930371484e-05,1.0352822790821493e-06,1.1359003023885525e-06,1.2503612523188324e-08,1.2998125195319453e-08,1.966822693953629e-06,1.675250834353599e-07,1.8275580287973723e-07,1.5562804296273107e-09,8.716370792455733e-10,6.071443216583273e-08,0.00045860747834567
89.80000000000001,0.0003756449742065494,5.602560319667427e-05,5.03395506524465e-06,5.464455227739828e-06,1.073949213875425e-05,1.0316298003305227e-06,1.1314394418995188e-06,1.244571560369069e-08,1.293547594744149e-08,1.9614960042902076e-06,1.669697986396187e-07,1.8209149885913545e-07,1.5514032351750383e-09,8.692765064194462e-10,6.05462948005734e-08,0.00045747045454507467
89.85000000000001,0.00037474052943741994,5.587850556302209e-05,5.016436251739928e-06,5.443259244567215e-06,1.0710916813054957e-05,1.027992233332312e-06,1.1269982393867339e-06,1.2388313812857676e-08,1.2873420408266973e-08,1.9561984803177767e-06,1.6641847094347372e-07,1.8143264490684984e-07,1.5465291522420294e-09,8.669193289231526e-10,6.037989162651314e-08,0.00045633674245302013
89.9,0.00037383860603250265,5.573185974305133e-05,4.998988322101919e-06,5.422156209173679e-06,1.0682429634046423e-05,1.0243695533644157e-06,1.1225766805130891e-06,1.2331407768069158e-08,1.2811959657370517e-08,1.950930509715466e-06,1.65870772834198e-07,1.807787643692807e-07,1.5416396652073098e-09,8.645544075910325e-10,6.021519730289052e-08,0.0004552063309804736
89.95,0.0003729391961178497,5.558566416479472e-05,4.981610951536621e-06,5.401145668350725e-06,1.0654030291643532e-05,1.0207617362783311e-06,1.118174751951105e-06,1.2274996524343199e-08,1.2751092709881309e-08,1.9456923637553664e-06,1.6532636785708131e-07,1.801293668091897e-07,1.5367168223014447e-09,8.621706722926014e-10,6.00521288050193e-08,0.0004540792088863602
90.0,0.0003720422918462945,5.5439917262319115e-05,4.964303816904222e-06,5.380227171316069e-06,1.0625718484903726e-05,1.0171687581294755e-06,1.1137924406929735e-06,1.2219077576522392e-08,1.2690816522755941e-08,1.940484195412213e-06,1.6478491404606272e-07,1.794839533543172e-07,1.5317451601778868e-09,8.597583430442581e-10,5.98905696156596e-08,0.0004529553648105909
90.05000000000001,0.00037114788539735483,5.5294617475700483e-05,4.947066596709867e-06,5.359400269699523e-06,1.0597493921962734e-05,1.0135905948069495e-06,1.1094297333612586e-06,1.2163646874717078e-08,1.2631126018643162e-08,1.935306038738506e-06,1.64246067463385e-07,1.7884202224491964e-07,1.5267139049991072e-09,8.57310374475135e-10,5.97304021346369e-08,0.00045183478731734996
90.10000000000001,0.00037025596897713724,5.514976325099921e-05,4.929898971094493e-06,5.3386645175289926e-06,1.0569356319905849e-05,1.010027221666799e-06,1.1050866155259779e-06,1.210869885254895e-08,1.2572014126617396e-08,1.9301578095020694e-06,1.637094857661017e-07,1.7820307443446784e-07,1.5216189533097608e-09,8.548237872232559e-10,5.95715373124974e-08,0.0004507174649365934
90.15,0.00036936653481823987,5.500535304023513e-05,4.912800621825684e-06,5.3180194712165064e-06,1.054130540457542e-05,1.0064786131717747e-06,1.1007630710336957e-06,1.2054226467630136e-08,1.2513471838913771e-08,1.9250393070562516e-06,1.631748317144765e-07,1.7756661909280687e-07,1.5164641369649426e-09,8.523005436750417e-10,5.941393262831538e-08,0.0004496033861937772
90.2,0.00036847957517965754,5.4861385301363035e-05,4.895771232288617e-06,5.297464689544388e-06,1.0513340910316054e-05,1.002944742540572e-06,1.0964590813541895e-06,1.2000221253620126e-08,1.2455488282677839e-08,1.919950217387175e-06,1.6264177653854126e-07,1.7693217886333097e-07,1.5112614292618064e-09,8.497477239206021e-10,5.925759491878481e-08,0.0004484925396234617
90.25,0.0003675950823466864,5.471785849824815e-05,4.878810487477049e-06,5.276999733651487e-06,1.0485462579659226e-05,9.994255814094117e-07,1.0921746249500565e-06,1.1946673383123869e-08,1.2398050805645507e-08,1.914890117258639e-06,1.6211000308430715e-07,1.7629929473511146e-07,1.5060299934260925e-09,8.47176926192398e-10,5.910257009600348e-08,0.0004473849137683642
90.30000000000001,0.00036671304863082865,5.457477110064162e-05,4.861918073984354e-06,5.256624167019498e-06,1.0457670162949682e-05,9.959210995087376e-07,1.0879096766744376e-06,1.1893571740631636e-08,1.2341145074596318e-08,1.9098584793547835e-06,1.615792086702028e-07,1.7566753040716646e-07,1.5007942280027378e-09,8.446029974421754e-10,5.894892508639316e-08,0.0004462804971691662
90.35000000000001,0.00036583346636969897,5.443212158415641e-05,4.845093679994633e-06,5.236337555459385e-06,1.0429963417916473e-05,9.92431264357677e-07,1.083664207201793e-06,1.184090400465398e-08,1.2284755185374473e-08,1.904854678304163e-06,1.6104910759680752e-07,1.7503647604450296e-07,1.4955811547851862e-09,8.420423350960548e-10,5.879672778237477e-08,0.00044517927835119314
90.4,0.00036495632792692877,5.4289908430242815e-05,4.8283369952738395e-06,5.216139467097848e-06,1.0402342109191785e-05,9.88956040978741e-07,1.0794381824963471e-06,1.1788656738171029e-08,1.2228863783243613e-08,1.8998779974571474e-06,1.6051943326824016e-07,1.7440575135321505e-07,1.4904175808795011e-09,8.395110584724032e-10,5.8646029271222816e-08,0.0004440812458127208
90.45,0.00036408162569207333,5.4148130126164554e-05,4.8116477111609996e-06,5.196029472363912e-06,1.0374806007781401e-05,9.854953916351003e-07,1.0752315633225355e-06,1.1736815486496255e-08,1.2173452192335193e-08,1.8949276362820115e-06,1.5998993990085928e-07,1.7377500793345567e-07,1.4853274484515083e-09,8.370233317039214e-10,5.8496850453656496e-08,0.00044298638801753084
90.5,0.00036320935208051814,5.4006785164974715e-05,4.795025520559462e-06,5.176007143975588e-06,1.0347354890490804e-05,9.82049275592549e-07,1.0710443048013779e-06,1.1685364881646618e-08,1.2118500552960214e-08,1.8900027182436874e-06,1.594604038132372e-07,1.7314393090282461e-07,1.4803296993978703e-09,8.345900523031164e-10,5.834917341574782e-08,0.0004418946933924745
90.55000000000001,0.0003623394995333853,5.386587204549183e-05,4.778470117928201e-06,5.156072056926608e-06,1.0319988539311402e-05,9.786176489080844e-07,1.0668763560163332e-06,1.163428875231406e-08,1.206398796558023e-08,1.8851022990328606e-06,1.5893062430966261e-07,1.725122398167408e-07,1.4754368673204544e-09,8.322180305641915e-10,5.8202937072027485e-08,0.00044080615032981475
90.60000000000001,0.00036147206051744175,5.372538927227623e-05,4.7619811992731965e-06,5.136223788473271e-06,1.029270674077173e-05,9.752004642467993e-07,1.0627276596717694e-06,1.158357023854543e-08,1.2009892640271867e-08,1.8802253750214071e-06,1.584004241866247e-07,1.7187968894463738e-07,1.4706544939781548e-09,8.299097036195492e-10,5.805803680980577e-08,0.0004397207471941935
90.65,0.00036060702752500537,5.3585335355606155e-05,4.745558462138819e-06,5.1164619181213165e-06,1.0265509285258587e-05,9.717976707285406e-07,1.0585981518067085e-06,1.1533191910256143e-08,1.1956192050565557e-08,1.8753708918323916e-06,1.5786964990681743e-07,1.712460669893129e-07,1.465981367247147e-09,8.276633656991513e-10,5.791432884088294e-08,0.00043863847233492853
90.7,0.00035974439307385374,5.34457088114543e-05,4.72920160559931e-06,5.096786027612936e-06,1.0238395966313638e-05,9.684092138055639e-07,1.0544877615660859e-06,1.1483135888727372e-08,1.1902863090592723e-08,1.8705377529282247e-06,1.5733817149728612e-07,1.7061119635968972e-07,1.4614104877309699e-09,8.254738432870656e-10,5.777164076951782e-08,0.0004375593141050708
90.75,0.0003588841497071321,5.330650816146431e-05,4.712910330250295e-06,5.077195700913836e-06,1.0211366579910869e-05,9.650350351721317e-07,1.0503964110312421e-06,1.1433383970263372e-08,1.1849882234530763e-08,1.8657248281379506e-06,1.5680588223669433e-07,1.699749321230868e-07,1.4569305745251804e-09,8.233334881515521e-10,5.7629789230290156e-08,0.0004364832608878704
90.80000000000001,0.00035802628999326183,5.3167731932927354e-05,4.696684338200343e-06,5.057690524200382e-06,1.0184420923720684e-05,9.616750727067592e-07,1.046324015110895e-06,1.1383917751214484e-08,1.1797225697390984e-08,1.8609309620630696e-06,1.56272698200826e-07,1.6933716077093164e-07,1.452527820967248e-09,8.212333039203383e-10,5.74886026993219e-08,0.000435410301128436
90.85000000000001,0.00035717080652585,5.3029378658759e-05,4.680523333062601e-06,5.03827008584685e-06,1.0157558796366493e-05,9.583292604475452e-07,1.0422704814933464e-06,1.1334718753599792e-08,1.1744869596246713e-08,1.8561549823196354e-06,1.557385577350971e-07,1.6869779893114128e-07,1.4481875466758717e-09,8.191639816480868e-10,5.734794382996356e-08,0.00043434042336451984
90.9,0.0003563176919235974,5.289144687747583e-05,4.664427019946436e-06,5.0189339764127e-06,1.0130779996679575e-05,9.549975286007379e-07,1.038235710660154e-06,1.128576855059011e-08,1.1692790111045679e-08,1.8513957075915074e-06,1.552034209180524e-07,1.680567921512571e-07,1.4438954102343965e-09,8.171166287988096e-10,5.720772348800244e-08,0.0004332736162482224
90.95,0.00035546693883020897,5.275393513317249e-05,4.6483951054491695e-06,4.999681788629987e-06,1.0104084322958292e-05,9.516798035824574e-07,1.0342195959610442e-06,1.1237048891137035e-08,1.1640963644191568e-08,1.8466519554847541e-06,1.546672690708551e-07,1.6741411385940763e-07,1.4396379716536818e-09,8.150830581464066e-10,5.706790023378691e-08,0.00043220986855217644
91.0,0.00035461853991430354,5.2616841975498693e-05,4.632427297647839e-06,4.980513117390822e-06,1.0077471572237428e-05,9.483760080931878e-07,1.030222023749314e-06,1.1188541823053743e-08,1.15893669781101e-08,1.8419225501853259e-06,1.5413010435515805e-07,1.6676976458627435e-07,1.4354026044718327e-09,8.130556444514155e-10,5.6928464231092486e-08,0.00043114916915932877
91.05000000000001,0.00035377248786932374,5.2480165959636285e-05,4.6165233060910105e-06,4.961427559734909e-06,1.0050941539573505e-05,9.450860612244244e-07,1.0262428735765095e-06,1.1140229813870364e-08,1.1537977430037492e-08,1.8372063299307837e-06,1.535919494862543e-07,1.661237715018421e-07,1.4311769815023397e-09,8.110269047972489e-10,5.6789410916184537e-08,0.00043009150704212564
91.10000000000001,0.00035292877541344756,5.2343905646276644e-05,4.600682841790661e-06,4.942424714837185e-06,1.0024494017351823e-05,9.418098785965962e-07,1.0222820184447102e-06,1.1092095868799197e-08,1.1486773003281769e-08,1.8325021543116078e-06,1.5305284757097156e-07,1.6547618828748554e-07,1.426948501566053e-09,8.089890524912414e-10,5.6650713857580976e-08,0.000429036871241199
91.15,0.00035208739528949786,5.2208059601597745e-05,4.584905617214066e-06,4.9235041839954916e-06,9.99812879462061e-06,9.385473725271285e-07,1.0183393251142754e-06,1.1044123645153104e-08,1.1435732534210016e-08,1.8278089114182453e-06,1.5251286206148208e-07,1.6482709532877629e-07,1.4227040295440585e-09,8.069337770645998e-10,5.6512306099720714e-08,0.0004279852508534614
91.2,0.00035124834026485456,5.2072626397241753e-05,4.56919134627578e-06,4.904665570618365e-06,9.971845656457793e-06,9.352984522273043e-07,1.0144146544645228e-06,1.0996297562565644e-08,1.1384835834210224e-08,1.8231255248467829e-06,1.5197207679820096e-07,1.6417660017938385e-07,1.4184301985509108e-09,8.048524170642585e-10,5.637407542426751e-08,0.0004269366350354012
91.25,0.000350411603131366,5.193760461029249e-05,4.553539744329644e-06,4.885908480212881e-06,9.9456443833753e-06,9.320630240263321e-07,1.010507861904373e-06,1.0948602908363008e-08,1.1334063825863497e-08,1.8184509605690793e-06,1.5143059609839317e-07,1.635248382137311e-07,1.4141143281385924e-09,8.027365592906748e-10,5.623587364822708e-08,0.00042589101302165804
91.30000000000001,0.00034957717670526045,5.1802992823252995e-05,4.537950528160837e-06,4.86723252037258e-06,9.919524750765724e-06,9.288409916208349e-07,1.0066187978296354e-06,1.0901025937438128e-08,1.1283398672545362e-08,1.8137842336630726e-06,1.5088854483312867e-07,1.6287197335781823e-07,1.409745816162081e-09,8.005789696966918e-10,5.609753572274465e-08,0.00042484837415423567
91.35000000000001,0.0003487450538270595,5.166878962402342e-05,4.522423415978001e-06,4.848637300765485e-06,9.893486528395822e-06,9.256322563477856e-07,1.0027473081232706e-06,1.0853553965977271e-08,1.123282390065486e-08,1.8091244148863645e-06,1.503460684248237e-07,1.62218198765862e-07,1.4053177210920871e-09,7.983746692035294e-10,5.595890230138599e-08,0.00042380870791532864
91.4,0.0003479152273614891,5.1534993605878576e-05,4.506958127405371e-06,4.830122433122143e-06,9.867529479950783e-06,9.224367174787164e-07,9.988932346946266e-07,1.0806175458389552e-08,1.118232451364892e-08,1.8044706370619593e-06,1.4980333269162778e-07,1.6156373729688314e-07,1.4008281931627867e-09,7.961219240474348e-10,5.5819839627625696e-08,0.00042277200395678664
91.45,0.00034708769019739337,5.140160336744599e-05,4.491554383474988e-06,4.811687531223803e-06,9.841653362633134e-06,9.192542725329041e-07,9.950564160534023e-07,1.0758880106793752e-08,1.113188709704223e-08,1.799822101230242e-06,1.4926052346399117e-07,1.6090884164147534e-07,1.3962814366959377e-09,7.938229313377414e-10,5.568025248789647e-08,0.00042173825212115306
91.5,0.00034626243524764767,5.126861751268389e-05,4.476211906618946e-06,4.793332210890624e-06,9.815857926819352e-06,9.160848176070627e-07,9.91236687913808e-07,1.071165890242391e-08,1.1081499913519368e-08,1.7951780825067602e-06,1.4871784590321983e-07,1.602537939555212e-07,1.391687979806996e-09,7.914840441272719e-10,5.5540088894273094e-08,0.000420707442452281
91.55000000000001,0.0003454394554490718,5.1136034650859215e-05,4.460930420661678e-06,4.775056089969972e-06,9.790142915777075e-06,9.129282477189691e-07,9.874338838242044e-07,1.0664504198328647e-08,1.1031152987301512e-08,1.79053793557234e-06,1.481755234617192e-07,1.5959890487480488e-07,1.387064164884574e-09,7.891154757466269e-10,5.5399338059233617e-08,0.0004196795651966773
91.60000000000001,0.0003446187437623448,5.1003853396525985e-05,4.445709650812318e-06,4.756858788324808e-06,9.764508065445218e-06,9.097844571623502e-07,9.836478358173239e-07,1.0617409762759983e-08,1.09808381769163e-08,1.7859010997113524e-06,1.4763379643958655e-07,1.589445118117399e-07,1.3824309073024479e-09,7.867305168678058e-10,5.525802473858565e-08,0.00041865461079849785
91.65,0.00034380029317191774,5.087207236950335e-05,4.430549323657054e-06,4.738739927822096e-06,9.73895310427873e-06,9.066533398702597e-07,9.798783750760258e-07,1.0570370822676585e-08,1.0930549235538454e-08,1.7812671033064622e-06,1.4709292011149506e-07,1.582909764714786e-07,1.3778118611335934e-09,7.84344361593656e-10,5.511620226913626e-08,0.0004176325698905648
91.7,0.0003429840966859293,5.074069019485411e-05,4.415449167151582e-06,4.720699132321341e-06,9.713477753159464e-06,9.03534789784148e-07,9.761253326094678e-07,1.0523384096826782e-08,1.0880281858105042e-08,1.776635567694701e-06,1.4655316242031478e-07,1.5763868156745983e-07,1.3732311807993446e-09,7.819726658448355e-10,5.497394425743831e-08,0.0004166134332815508
91.75,0.0003421701473361201,5.060970550286312e-05,4.400408910613575e-06,4.702736027663161e-06,9.688081725373835e-06,9.004287012257552e-07,9.723885399344845e-07,1.0476447817926221e-08,1.0830033714460451e-08,1.772006210290586e-06,1.460148012582008e-07,1.5698802676322988e-07,1.3687111093938295e-09,7.796299791650408e-10,5.483133302835204e-08,0.00041559719193775543
91.80000000000001,0.0003413584381777478,5.047911692901588e-05,4.385428284715203e-06,4.684850241657942e-06,9.662764726657615e-06,8.973349692689667e-07,9.686678297569559e-07,1.0429561743507515e-08,1.0779804467857864e-08,1.7673788468876458e-06,1.4547812138030982e-07,1.5633942391496063e-07,1.364269679309065e-09,7.773282293558138e-10,5.4688443618106867e-08,0.00041458383695874135
91.85000000000001,0.0003405489622895033,5.0348923113977246e-05,4.370507021475713e-06,4.667041404074582e-06,9.637526455307641e-06,8.94253490108766e-07,9.649630366479697e-07,1.038272715509338e-08,1.0729595778234498e-08,1.7627533930600272e-06,1.449434110191691e-07,1.556932917340264e-07,1.3599188608603612e-09,7.750754867651581e-10,5.454532531304148e-08,0.0004135733595495024
91.9,0.00033974171277342536,5.021912270357003e-05,4.355644854254015e-06,4.649309146629255e-06,9.612366602359588e-06,8.911841614244377e-07,9.612739977096044e-07,1.0335946845429684e-08,1.0679411289786868e-08,1.7581298646005483e-06,1.4441095828736079e-07,1.5505005002790373e-07,1.3556634871053868e-09,7.728752412061586e-10,5.440198633213388e-08,0.0004125657509954838
91.95,0.00033893668275481733,5.008971434875394e-05,4.340841517741355e-06,4.6316531029742975e-06,9.58728485183069e-06,8.88126882734245e-07,9.576005532252897e-07,1.0289225093612625e-08,1.0629256602501816e-08,1.7535083769501682e-06,1.4388104747117415e-07,1.5441011370756689e-07,1.3515011692120006e-09,7.707263489811752e-10,5.4258388441560896e-08,0.00041156100264786203
92.0,0.00033813386538216356,4.9960696705604486e-05,4.326096747954009e-06,4.614072908687135e-06,9.562280881025508e-06,8.850815557388468e-07,9.539425472897905e-07,1.0242567628050951e-08,1.0579139227444597e-08,1.7488891435954307e-06,1.433539553271481e-07,1.5377388676814725e-07,1.3474232052680218e-09,7.68623658164732e-10,5.4114455713713396e-08,0.0004105591059235867
92.05000000000001,0.0003373332538270458,4.983206843529197e-05,4.311410282226019e-06,4.596568201259281e-06,9.537354360902564e-06,8.820480846508209e-07,9.50299828414031e-07,1.0195981577320966e-08,1.0529068525767763e-08,1.7442724734341615e-06,1.4282994749633493e-07,1.5314175645559316e-07,1.3434162526408547e-09,7.665591517290926e-10,5.3970096399419654e-08,0.00040956005231908337
92.10000000000001,0.00033653484128406096,4.970382820406074e-05,4.296781859201996e-06,4.579138620085427e-06,9.51250495649912e-06,8.790263765077702e-07,9.466722501001801e-07,1.0149475409096295e-08,1.0479055631580328e-08,1.7396587671343488e-06,1.4230927514751192e-07,1.5251408782508173e-07,1.3394643707184844e-09,7.645233298760423e-10,5.3825231695561425e-08,0.0004085638334310599
92.15,0.0003357386209707373,4.957597468320814e-05,4.2822112188299255e-06,4.561783806452551e-06,9.487732327410852e-06,8.760163414665944e-07,9.430596713826112e-07,1.010305885746381e-08,1.0429113359002566e-08,1.735048512535536e-06,1.4179217195076821e-07,1.5189121887772986e-07,1.3355509970273016e-09,7.625065263168358e-10,5.367982255649887e-08,0.00040757044097514827
92.2,0.00033494458612745294,4.9448506549063984e-05,4.267698102354053e-06,4.544503403529141e-06,9.463036128322948e-06,8.730178930766802e-07,9.394619573306508e-07,1.0056742839070952e-08,1.0379256093925864e-08,1.730442279165098e-06,1.412788514676445e-07,1.5127345643241397e-07,1.3316604942011507e-09,7.604999110559275e-10,5.353388651012656e-08,0.0004065798667940439
92.25,0.0003341527300173534,4.93214224829699e-05,4.253242252307792e-06,4.527297056354463e-06,9.438416009588565e-06,8.700309485298983e-07,9.358789795092721e-07,1.0010539358683564e-08,1.0329499671193465e-08,1.7258407119621924e-06,1.4076950502438323e-07,1.506610728515166e-07,1.3277790620012616e-09,7.58496040891308e-10,5.33874998767035e-08,0.0004055921028504608
92.30000000000001,0.00033336304592626993,4.9194721171258735e-05,4.2388434125066785e-06,4.510164411827896e-06,9.413871617850313e-06,8.67055428885477e-07,9.323106163942274e-07,9.964461404866491e-09,1.0279861238114678e-08,1.721244524319166e-06,1.402643001121866e-07,1.5005430369601406e-07,1.323894996123454e-09,7.564889471058961e-10,5.324078531184326e-08,0.00040460714120501873
92.35000000000001,0.00033257552716263857,4.9068401305234274e-05,4.224501328041384e-06,4.493105118698354e-06,9.38940259670013e-06,8.640912592680228e-07,9.287567537384451e-07,9.91852283662762e-09,1.0230359105416491e-08,1.7166544905628698e-06,1.3976337933413068e-07,1.494533463394057e-07,1.3199984466497445e-09,7.544738709136415e-10,5.309388891112269e-08,0.0004036249739837263
92.4,0.00033179016705741797,4.894246158115068e-05,4.210215745270729e-06,4.476118827553725e-06,9.365008587372474e-06,8.611383690371303e-07,9.252172848868622e-07,9.872738261987889e-09,1.0181012586919248e-08,1.712071438006148e-06,1.3926685989401648e-07,1.4885835952441898e-07,1.3160809467799868e-09,7.524468421542918e-10,5.2946954163955273e-08,0.0004026455933429159
92.45,0.00033100695896400934,4.881690070019235e-05,4.195986411814783e-06,4.459205190810429e-06,9.340689229465769e-06,8.581966919272755e-07,9.216921110372791e-07,9.827122909552355e-09,1.0131841829392833e-08,1.707496238702557e-06,1.3877483359935363e-07,1.4826946380385208e-07,1.3121350145076855e-09,7.504043201271198e-10,5.280010074289245e-08,0.00040166899144017946
92.5,0.0003302258962581757,4.869171736845372e-05,4.181813076547976e-06,4.442363862703007e-06,9.316444161686506e-06,8.552661661568751e-07,9.18181141445185e-07,9.781692494257005e-09,1.0082867634201348e-08,1.7029298010349651e-06,1.382873673300906e-07,1.4768674276949797e-07,1.308154060556182e-09,7.483430666887751e-10,5.265341384041102e-08,0.0004006951604173996
92.55000000000001,0.00032944697233796145,4.856691029691914e-05,4.167695489592263e-06,4.425594499273782e-06,9.292273022610486e-06,8.523467345056437e-07,9.146842935709441e-07,9.736463078552675e-09,1.0034111272476584e-08,1.6983730612615633e-06,1.3780450390763472e-07,1.4711024494262057e-07,1.3041326919739012e-09,7.462603161115549e-10,5.250694522720195e-08,0.00039972409239713184
92.60000000000001,0.00032867018062361316,4.8442478201442984e-05,4.15363340231034e-06,4.408896758362605e-06,9.268175451455453e-06,8.494383443596184e-07,9.112014931681569e-07,9.69145093035661e-09,9.985594295667409e-09,1.693826975131423e-06,1.3732626328590212e-07,1.4653998617714568e-07,1.3000673464298699e-09,7.441541894296998e-10,5.236072259246082e-08,0.0003987557794886611
92.65,0.00032789551455749885,4.8318419802729573e-05,4.1396265672988625e-06,4.392270299596613e-06,9.244151088859179e-06,8.465409477234471e-07,9.077326743124326e-07,9.646672379153479e-09,9.937338343392479e-09,1.6892925096668768e-06,1.368526439780483e-07,1.4597595241331472e-07,1.2959570902299219e-09,7.420242272729513e-10,5.221476152137115e-08,0.0003977902137976386
92.7,0.0003271229676040294,4.819473382631345e-05,4.125674738381745e-06,4.375714784380102e-06,9.220199577657277e-06,8.436545011998133e-07,9.042777793702922e-07,9.602143671660569e-09,9.889364950576009e-09,1.6847706351927418e-06,1.3638362462936425e-07,1.4541810261530086e-07,1.2918043924386438e-09,7.398719087124711e-10,5.206907566189471e-08,0.0003968273874343549
92.75,0.0003263525332495792,4.8071419002539595e-05,4.111777670603481e-06,4.3592298758844385e-06,9.196320563654754e-06,8.407789659360864e-07,9.008367589083331e-07,9.557880828482777e-09,9.841695355866177e-09,1.6802623176736875e-06,1.3591916564851874e-07,1.4486637173098109e-07,1.2876157321665442e-09,7.377010650282463e-10,5.1923683997464844e-08,0.0003958672925191381
92.80000000000001,0.0003255842050024074,4.794847406654376e-05,4.0979351202225e-06,4.342815239038026e-06,9.172513696385483e-06,8.379143075385542e-07,8.974095715432607e-07,9.513899503174351e-09,9.794350313325713e-09,1.675768511402201e-06,1.354592108155976e-07,1.4432067352510724e-07,1.2834019528852313e-09,7.355181430062444e-10,5.177861710154498e-08,0.00039490992118643587
92.85000000000001,0.00032481797639257994,4.7825897758233026e-05,4.084146844704583e-06,4.326470540516364e-06,9.14877862985389e-06,8.350604959548376e-07,8.939961837338412e-07,9.470214845094807e-09,9.747349909342633e-09,1.6712901520616467e-06,1.3500368879574888e-07,1.4378090315757452e-07,1.279178294424128e-09,7.333322834057002e-10,5.163392464444049e-08,0.0003939552655895682
92.9,0.0003240538409718906,4.7703688822266086e-05,4.070412602716281e-06,4.310195448732119e-06,9.125115023253148e-06,8.322175053253134e-07,8.905965695162501e-07,9.426841367395379e-09,9.70071338663545e-09,1.6668281501729158e-06,1.3455251450101185e-07,1.432469394050749e-07,1.2749640065388856e-09,7.31155150291354e-10,5.1489684047499786e-08,0.00039300331790573717
92.95,0.00032329179231378356,4.758184600803401e-05,4.056732154118411e-06,4.293989633825298e-06,9.101522541654513e-06,8.293853138046373e-07,8.872107101847612e-07,9.38379282140332e-09,9.654458977125567e-09,1.6623833849200781e-06,1.3410559025927527e-07,1.4271864645563285e-07,1.2707814274903696e-09,7.290004155258147e-10,5.1346006975736286e-08,0.00039205407033765744
93.0,0.00032253182401327583,4.746036806964088e-05,4.043105259959564e-06,4.277852767653466e-06,9.078000856662513e-06,8.265639033546544e-07,8.838385939201054e-07,9.341082078583097e-09,9.608603745319794e-09,1.657956698340805e-06,1.3366280676729857e-07,1.421958752395699e-07,1.2666544571851143e-09,7.268828266139267e-10,5.120303891837641e-08,0.0003911075151068407
93.05000000000001,0.00032177392968687964,4.7339253765884495e-05,4.029531682469661e-06,4.261784523782017e-06,9.054549647030988e-06,8.23753259510224e-07,8.804802153682506e-07,9.298721021149412e-09,9.563163443691665e-09,1.6535488898616935e-06,1.332240438233021e-07,1.4167846429542134e-07,1.262606490756279e-09,7.248168871885349e-10,5.1060948718531226e-08,0.000390163644435467
93.10000000000001,0.00032101810297252635,4.72185018602374e-05,4.016011185053559e-06,4.245784577474529e-06,9.031168599235339e-06,8.20953371119691e-07,8.771355751727395e-07,9.25672044228827e-09,9.518152381374455e-09,1.649160711157027e-06,1.3278917085267627e-07,1.411662402031895e-07,1.2586580681069725e-09,7.228153233647902e-10,5.091990871755409e-08,0.00038922245051796527
93.15,0.00032026433752948836,4.7098111120827595e-05,4.00254353228466e-06,4.229852605683135e-06,9.007857407996482e-06,8.181642300619118e-07,8.738046794640602e-07,9.215089956811397e-09,9.473583307285022e-09,1.6447928613118173e-06,1.323580472568079e-07,1.406590176480506e-07,1.2548246510317342e-09,7.208876271696398e-10,5.078007001771416e-08,0.0003882839254875829
93.2,0.00031951262703830364,4.6978080320419664e-05,3.989128489898593e-06,4.213988287038992e-06,8.984615776752609e-06,8.153858309419535e-07,8.704875393098957e-07,9.173837922930343e-09,9.429467308591544e-09,1.640445982275866e-06,1.319305226288947e-07,1.401565992033808e-07,1.2511149774334384e-09,7.190389964025218e-10,5.0641539492927455e-08,0.0003873480613854718
93.25,0.00031876296520069925,4.685840823639585e-05,3.975765824786915e-06,4.198191301842787e-06,8.961443418075032e-06,8.126181707677218e-07,8.671841701303663e-07,9.132971375689323e-09,9.385813725221009e-09,1.6361206546042458e-06,1.315064368910931e-07,1.3965877494115826e-07,1.2475303353482386e-09,7.172699069975482e-10,5.050436510196705e-08,0.0003864148501395796
93.30000000000001,0.0003180153457395154,4.673909365073722e-05,3.96245530499085e-06,4.182461332055308e-06,8.93834005402487e-06,8.098612486099292e-07,8.638945910826709e-07,9.092495972446206e-09,9.342630080881693e-09,1.631817393490404e-06,1.3108562041388273e-07,1.391653219893589e-07,1.2440648865518863e-09,7.155763926054178e-10,5.0368534068026e-08,0.00038548428355831036
93.35000000000001,0.0003172697623986306,4.662013535000501e-05,3.949196699695082e-06,4.1667980612880786e-06,8.915305416447829e-06,8.071150652479483e-07,8.606188244197716e-07,9.052415950640729e-09,9.299922030855344e-09,1.6275366451099385e-06,1.3066789418083e-07,1.3867600415935372e-07,1.2407069231473985e-09,7.139509298181456e-10,5.0233985053739704e-08,0.0003845563533400727
93.4,0.0003165262089428852,4.6501532125321814e-05,3.935989779221548e-06,4.151201174794022e-06,8.892339247204639e-06,8.043796228041847e-07,8.573568948279482e-07,9.01273409794015e-09,9.25769332659656e-09,1.6232787833050166e-06,1.3025307006001404e-07,1.3819057176161992e-07,1.2374407389279992e-09,7.123836940614815e-10,5.010063128307295e-08,0.0003836310510953266
93.45,0.00031578467915800707,4.6383282772353106e-05,3.9228343150233e-06,4.135670359458212e-06,8.869441298335366e-06,8.016549243697156e-07,8.54108828748243e-07,8.973451734709525e-09,9.215945796969424e-09,1.6190441066504633e-06,1.2984095123755122e-07,1.377087617159994e-07,1.2342486990847085e-09,7.108638963305788e-10,4.996838786897399e-08,0.00038270836837389513
93.5,0.0003150451668505367,4.626538609128871e-05,3.909730079678394e-06,4.120205303788664e-06,8.846611332156145e-06,7.989409736239836e-07,8.508746536869059e-07,8.93456870861744e-09,9.174679345755657e-09,1.61483283595165e-06,1.2943133285943314e-07,1.3723029804441932e-07,1.2311131132849645e-09,7.093809413143458e-10,4.9837195008353403e-08,0.0003817882966887324
93.55000000000001,0.00031430766584775264,4.614784088682437e-05,3.896676846883804e-06,4.104805697907185e-06,8.823849121287463e-06,7.962377744513873e-07,8.476543975200485e-07,8.896083401062408e-09,9.133891964889955e-09,1.6106451122308318e-06,1.290240029160067e-07,1.3675489281097305e-07,1.228017634132526e-09,7.079252404634234e-10,4.9707030295443854e-08,0.00038087082752912075
93.60000000000001,0.00031357216999759806,4.6030645968143496e-05,3.883674391449395e-06,4.089471233540288e-06,8.801154448613628e-06,7.935453305576377e-07,8.444480877977549e-07,8.857992744990398e-09,9.093579762717676e-09,1.6064809952617723e-06,1.286187433896758e-07,1.3628224754822394e-07,1.2249480712104912e-09,7.064886321221663e-10,4.9577907783357215e-08,0.00037995595236089443
93.65,0.00031283867316860556,4.591380014889876e-05,3.870722489291894e-06,4.074201604010133e-06,8.778527107173442e-06,7.908636450887275e-07,8.41255751052872e-07,8.8202922535734e-09,9.05373700643213e-09,1.602340462711961e-06,1.2821533167163783e-07,1.3581205518121525e-07,1.2218926766397578e-09,7.050644688540386e-10,4.9449866618751744e-08,0.00037904366261671044
93.7,0.0003121071692498245,4.5797302247194e-05,3.857820917428936e-06,4.058996504225552e-06,8.75596689998284e-06,7.881927202553644e-07,8.380774121196913e-07,8.78297605913307e-09,9.01435617773438e-09,1.5982234099474003e-06,1.2781354223851856e-07,1.3534400243350408e-07,1.2188420673119887e-09,7.036474979230684e-10,4.9322955462965855e-08,0.00037813394968291527
93.75,0.00031137765215074725,4.5681151085566094e-05,3.844969453973116e-06,4.043855630673116e-06,8.73347363979052e-06,7.855325569656475e-07,8.349130934676067e-07,8.746036961622393e-09,8.975428040667786e-09,1.5941296505467332e-06,1.2741314856536912e-07,1.3487777267388066e-07,1.215788972285531e-09,7.022336659013074e-10,4.9197218786976786e-08,0.00037722680488939676
93.80000000000001,0.00031065011580123605,4.556534549096692e-05,3.8321678781260886e-06,4.02877868140825e-06,8.711047148768209e-06,7.828831544687122e-07,8.317628145547283e-07,8.709466485924328e-09,8.936941720515544e-09,1.5900589175598663e-06,1.2701392523830334e-07,1.3441304913935044e-07,1.2127279453470695e-09,7.008199332158695e-10,4.9072687994388716e-08,0.0003763222195055458
93.85000000000001,0.00030992455415145096,4.544988429474551e-05,3.8194159701727095e-06,4.013765356046427e-06,8.688687258137681e-06,7.802445100119789e-07,8.286265912062588e-07,8.673254947187533e-09,8.898884792609613e-09,1.5860108655316678e-06,1.2661565021860724e-07,1.3394951845019378e-07,1.2096551081478753e-09,6.994041259650046e-10,4.894937662300816e-08,0.00037542018474156884
93.9,0.00030920096117177616,4.533476633262999e-05,3.8067135114751816e-06,3.998815355754367e-06,8.666393807737034e-06,7.776166185145176e-07,8.255044350222122e-07,8.63739152339621e-09,8.861243379883903e-09,1.5819850732944503e-06,1.2621810720086202e-07,1.3348687431701714e-07,1.2065679371796436e-09,6.979848170057931e-10,4.882727709779423e-08,0.0003745206917524771
93.95,0.0003084793308527483,4.521999044470993e-05,3.794060284467267e-06,3.983928383241334e-06,8.64416664552932e-06,7.749994722589374e-07,8.223963528188466e-07,8.601864334362867e-09,8.824002258012086e-09,1.5779810475147404e-06,1.2582108800080418e-07,1.3302482132803884e-07,1.2034651029445999e-09,6.965612300882339e-10,4.870635739023985e-08,0.00037362373164293315
94.0,0.0003077596572049846,4.510555547541857e-05,3.7814560726485185e-06,3.969104142750467e-06,8.622005627056907e-06,7.723930606040379e-07,8.193023461078706e-07,8.566660526337951e-09,8.787144966998433e-09,1.573998226960998e-06,1.2542439490450307e-07,1.325630786976331e-07,1.2003463975077172e-09,6.951331864937723e-10,4.8586558170993534e-08,0.00037272929547338244
94.05000000000001,0.0003070419342591107,4.499146027351513e-05,3.76890066057854e-06,3.954342340050154e-06,8.59991061484542e-06,7.697973697203084e-07,8.162224106171969e-07,8.531766361447568e-09,8.750653928136174e-09,1.570035987440562e-06,1.2502784290912825e-07,1.3210138385457457e-07,1.1972128058452723e-09,6.937011333556514e-10,4.846779265481233e-08,0.00037183737426952534
94.10000000000001,0.00030632615606568993,4.487770369206742e-05,3.756393833871301e-06,3.93964268242549e-06,8.577881477761513e-06,7.672123823501879e-07,8.131565358566782e-07,8.497167311198047e-09,8.714510565309304e-09,1.566093647336958e-06,1.2463126178717521e-07,1.3163949575062705e-07,1.1940667554789242e-09,6.922662829487674e-10,4.834995133354935e-08,0.00037094795903714576
94.15,0.00030561231669515125,4.476428458843412e-05,3.7439353791894486e-06,3.925004878669735e-06,8.555918090328908e-06,7.646380775947868e-07,8.101047047318851e-07,8.462848153321984e-09,8.678695429687082e-09,1.562170473663617e-06,1.2423449791054364e-07,1.3117719777721981e-07,1.1909125167390717e-09,6.90830852202529e-10,4.8232912460038805e-08,0.00037006104078286345
94.2,0.0003049004102377187,4.465120182424746e-05,3.7315250842386864e-06,3.910428639075871e-06,8.534020332007716e-06,7.62074430728595e-07,8.070668932086366e-07,8.428793071282783e-09,8.643188326942433e-09,1.558265688537781e-06,1.23837415778272e-07,1.3071430019003297e-07,1.1877566415919537e-09,6.893983369904192e-10,4.811655725270079e-08,0.0003691766105393613
94.25,0.0003041904308033409,4.4538454265395915e-05,3.7191627377621697e-06,3.895913675428186e-06,8.512188086442054e-06,7.595214130434648e-07,8.040430700305645e-07,8.3949857558007e-09,8.607968446211876e-09,1.5543784759693691e-06,1.2343989920187813e-07,1.3025064195830273e-07,1.1846082505029986e-09,6.879737045663465e-10,4.800078692686955e-08,0.0003682946593916569
94.30000000000001,0.0003034823725216201,4.442604078200684e-05,3.7068481295349325e-06,3.881459700993906e-06,8.490421240681337e-06,7.569789917229449e-07,8.010331964915975e-07,8.361409507811898e-09,8.573014490102903e-09,1.5505079888543219e-06,1.2304185211487918e-07,1.2978609197730845e-07,1.1814789411309434e-09,6.865633612138314e-10,4.788553721620445e-08,0.00036741517849951465
94.35000000000001,0.0003027762295417432,4.431396024842943e-05,3.6945810503583642e-06,3.867066430514902e-06,8.468719684380876e-06,7.544471297478165e-07,7.980372262648343e-07,8.328047342320178e-09,8.538304805140697e-09,1.5466533560606134e-06,1.226431989877327e-07,1.2932054960824092e-07,1.178382133870742e-09,6.851747742448119e-10,4.777078554780964e-08,0.00036653815911069946
94.4,0.0003020719960324103,4.420221154321739e-05,3.6823612920546843e-06,3.852733580199408e-06,8.447083308987352e-06,7.519257858334371e-07,7.950551052888238e-07,8.294882092646721e-09,8.503817512126325e-09,1.5428136894977188e-06,1.222438848455539e-07,1.2885394453852616e-07,1.1753317986485586e-09,6.838157090235518e-10,4.765654716321094e-08,0.00036566359256114876
94.45,0.0003013696661817663,4.409079354911203e-05,3.6701886474614826e-06,3.83846086771382e-06,8.425512006915147e-06,7.494149143992834e-07,7.920867717118751e-07,8.261896514625923e-09,8.469530635951518e-09,1.5389880910667995e-06,1.2184387490274467e-07,1.2838623598633723e-07,1.1723407008533333e-09,6.824931680981157e-10,4.7542859525413123e-08,0.00036479147026158087
94.5,0.00030066923419733084,4.397970515302522e-05,3.6580629104262758e-06,3.824248012174534e-06,8.404005670719305e-06,7.46914465570828e-07,7.891321558945583e-07,8.229073390331694e-09,8.43542223447636e-09,1.5351756593987518e-06,1.2144315384518627e-07,1.2791741130372582e-07,1.1694184975610375e-09,6.812122470105098e-10,4.7429758604599006e-08,0.0003639217836746632
94.55000000000001,0.0002999706943059294,4.386894524602249e-05,3.645983875801093e-06,3.810094734139827e-06,8.382564192271085e-06,7.444243852136636e-07,7.861911804701515e-07,8.196395630949005e-09,8.40147052612546e-09,1.5313754963002002e-06,1.21041724805893e-07,1.2744748406157882e-07,1.1665701179620304e-09,6.799751871310422e-10,4.731725430759085e-08,0.00036305452429078513
94.60000000000001,0.0002992740407536252,4.37585127233063e-05,3.633951339437112e-06,3.7960007556018076e-06,8.361187461942027e-06,7.419446149995542e-07,7.832637604623681e-07,8.163846378428117e-09,8.367654015893016e-09,1.5275867128427938e-06,1.206396080929752e-07,1.269764917243869e-07,1.1637948090748834e-09,6.787808636127222e-10,4.7205313294058944e-08,0.0003621896836113956
94.65,0.00029857926780564906,4.3648406484199097e-05,3.6219650981792923e-06,3.78196579997838e-06,8.33987536780228e-06,7.394750925038572e-07,7.803498034592801e-07,8.131409105573056e-09,8.33395161946655e-09,1.5238084350480377e-06,1.2023683973850864e-07,1.2650449304167944e-07,1.1610860331579885e-09,6.776248077808052e-10,4.709385470285338e-08,0.00036132725314586825
94.7,0.0002978863697463324,4.353862543212674e-05,3.610024949861073e-06,3.767989592105289e-06,8.318627794839052e-06,7.37015751333558e-07,7.774492098419873e-07,8.099067714222871e-09,8.300342785184302e-09,1.5200398091376034e-06,1.198334699427249e-07,1.260315652943975e-07,1.1584321564509102e-09,6.764996966404251e-10,4.698275907121051e-08,0.00036046722442223855
94.75,0.0002971953408790385,4.3429168474601844e-05,3.5981306932990824e-06,3.7540718582281983e-06,8.297444624200664e-06,7.345665212849278e-07,7.74561873066175e-07,8.066806631181337e-09,8.266807613529573e-09,1.5162800063366298e-06,1.1942956148934795e-07,1.2555780153741536e-07,1.155817678996354e-09,6.753961266681143e-10,4.687188576267869e-08,0.00035960958900689577
94.80000000000001,0.0002965061755260947,4.3320034523207215e-05,3.5862821282878843e-06,3.740212325994815e-06,8.276325732471667e-06,7.321273285296191e-07,7.716876799943645e-07,8.034610901541915e-09,8.233326973841444e-09,1.512528227234198e-06,1.1902518820479098e-07,1.2508330797355213e-07,1.1532246898487658e-09,6.743034658197141e-10,4.676109207040198e-08,0.0003587543385260944
94.85000000000001,0.00029581886802872577,4.3211222493579486e-05,3.5744790555947634e-06,3.7264107244470813e-06,8.255270990984213e-06,7.29698095827826e-07,7.688265112763212e-07,8.002466279038419e-09,8.19988261788371e-09,1.5087837057200876e-06,1.1862043352646393e-07,1.2460820158009842e-07,1.1506342869858737e-09,6.732106335835492e-10,4.665024845210411e-08,0.00035790146468353166
94.9,0.00029513341274698497,4.310273130539251e-05,3.562721276954516e-06,3.712666784013373e-06,8.234280265170517e-06,7.272787427669365e-07,7.659782417747548e-07,7.970359313029476e-09,8.16645728986541e-09,1.5050457125293454e-06,1.1821538923413772e-07,1.2413260808712544e-07,1.148027815283807e-09,6.72106744477142e-10,4.653924759187643e-08,0.00035705095927166273
94.95,0.0002944498040596881,4.299455988234117e-05,3.551008595064297e-06,3.6989802365007874e-06,8.213353413961159e-06,7.24869186023961e-07,7.631427410331836e-07,7.93827743169943e-09,8.133034832450554e-09,1.501313558435649e-06,1.1781015438395392e-07,1.2365666037924163e-07,1.1453878792596088e-09,6.709816175462662e-10,4.642800796893221e-08,0.0003562028141775414
95.0,0.00029376803636434645,4.288670715212503e-05,3.5393408135784865e-06,3.6853508150874565e-06,8.192490289233419e-06,7.224693396498408e-07,7.603198737825419e-07,7.90620902102953e-09,8.099600288232694e-09,1.4975865971403858e-06,1.1740483446820385e-07,1.2318049736095345e-07,1.1426991435390336e-09,6.698261831355729e-10,4.63164740196955e-08,0.0003553570213854284
95.05000000000001,0.0002930881040770999,4.277917204643217e-05,3.527717737103582e-06,3.671778254314906e-06,8.171690735313626e-06,7.200791153736129e-07,7.575095004828869e-07,7.874143499064382e-09,8.066139996086168e-09,1.4938642279066676e-06,1.1699954080654784e-07,1.2270426329255746e-07,1.1399489425101702e-09,6.686328133213177e-10,4.620461479802972e-08,0.0003545135729781756
95.10000000000001,0.00029241000163265153,4.267195350092312e-05,3.5161391711931388e-06,3.6582622900804812e-06,8.150954588537087e-06,7.176984229242811e-07,7.547114778963481e-07,7.842071384970596e-09,8.032641681742454e-09,1.4901458979860735e-06,1.1659439015700606e-07,1.2222810757073034e-07,1.1371276988796468e-09,6.673955782765461e-10,4.609242201889939e-08,0.0003536724611382825
95.15,0.00029173372348420025,4.256505045521462e-05,3.504604922342707e-06,3.644802659629781e-06,8.130281676868667e-06,7.153271703681175e-07,7.519256596872665e-07,7.809984362360197e-09,7.999094541881349e-09,1.4864311048809151e-06,1.161895045189097e-07,1.2175218489772808e-07,1.134229123967594e-09,6.661104043926887e-10,4.59799072894431e-08,0.0003528336781483309
95.2,0.0002910592641033758,4.245846185286378e-05,3.49311479798483e-06,3.6313991015491756e-06,8.10967181958682e-06,7.129652644590504e-07,7.4915189704534e-07,7.77787533633218e-09,7.965489320975419e-09,1.4827193984766533e-06,1.1578501108600798e-07,1.2127665575712167e-07,1.1312501641958229e-09,6.647750966808375e-10,4.586709762653397e-08,0.0003519972163897293
95.25,0.000290386617980173,4.235218664135208e-05,3.481668606484055e-06,3.6180513557583494e-06,8.089124827033267e-06,7.106126109996885e-07,7.463900393274397e-07,7.745738483673282e-09,7.931818380085476e-09,1.4790103830681572e-06,1.1538104229685046e-07,1.2080168709364317e-07,1.1281906795382195e-09,6.633891960416664e-10,4.575402823808335e-08,0.00035116306833856396
95.30000000000001,0.0002897157796228862,4.224622377206953e-05,3.470266157131978e-06,3.604759163502892e-06,8.068640500430132e-06,7.082691152104848e-07,7.43639934713677e-07,7.713569295655954e-09,7.898075756778048e-09,1.4753037192905576e-06,1.1497773592199817e-07,1.2032745308095106e-07,1.1250528899636833e-09,6.619536732799252e-10,4.564073215428751e-08,0.0003503312265580084
95.35000000000001,0.0002890467435580447,4.214057220029893e-05,3.458907260142324e-06,3.59152226734695e-06,8.048218631765893e-06,7.059346821044979e-07,7.409014308732363e-07,7.681364612878512e-09,7.86425721532515e-09,1.4715991259511777e-06,1.1457523512387236e-07,1.1985413585443561e-07,1.1218406969930578e-09,6.604705134638636e-10,4.5527227673576876e-08,0.00034950168368821824
95.4,0.00028837950433034735,4.203523088520004e-05,3.4475917266460355e-06,3.578340411165889e-06,8.027859003750885e-06,7.036092168651661e-07,7.381743756354254e-07,7.649122651611255e-09,7.830360286354579e-09,1.4678963817442591e-06,1.1417368842526775e-07,1.193819260867007e-07,1.1185590565084275e-09,6.589423014033979e-10,4.5413506473272625e-08,0.00034867443243663624
95.45,0.000287714056502598,4.193019878979399e-05,3.4363193686864105e-06,3.5652133401390374e-06,8.007561389842832e-06,7.012926252245202e-07,7.354586176614153e-07,7.616843021143672e-09,7.796384295147012e-09,1.4641953268159012e-06,1.137732495266581e-07,1.1891102329086855e-07,1.1152136057509898e-09,6.573719519031354e-10,4.5299526798973916e-08,0.00034784946557325265
95.5,0.00028705039465564146,4.18254748809477e-05,3.425089999214262e-06,3.552140800742452e-06,7.98732555434218e-06,6.989848138392437e-07,7.327540071121278e-07,7.584526731672313e-09,7.762330377825513e-09,1.4604958641334872e-06,1.1337407692013593e-07,1.1844163575085361e-07,1.1118106957400301e-09,6.557627071604274e-10,4.5185216094138044e-08,0.0003470267759352505
95.55000000000001,0.00028638851338829883,4.172105812935829e-05,3.4139034320830996e-06,3.539122540741733e-06,7.967151252556617e-06,6.96685690662022e-07,7.300603963077815e-07,7.552176192326926e-09,7.72820148475433e-09,1.4567979606028808e-06,1.1297633325876298e-07,1.1797397999756691e-07,1.1083578439761143e-09,6.541184368733791e-10,4.507048489187389e-08,0.00034620635644271735
95.60000000000001,0.00028572840731730457,4.1616947509537765e-05,3.4027594820443587e-06,3.526158309184899e-06,7.947038231033731e-06,6.943951653056589e-07,7.273776403746819e-07,7.519795199003664e-09,7.694002370556854e-09,1.4531016478684507e-06,1.1258018445372005e-07,1.1750827977474307e-07,1.1048644376410548e-09,6.524441445142442e-10,4.495524935196329e-08,0.0003453882001223863
95.65,0.00028507007107724165,4.1513141999797446e-05,3.3916579647426235e-06,3.5132478563952675e-06,7.926986227860122e-06,6.921131493974808e-07,7.247055978749184e-07,7.48738891175807e-09,7.659739570276587e-09,1.4494070227261407e-06,1.1218579848728132e-07,1.170447644666423e-07,1.1013423609026904e-09,6.507464609873251e-10,4.48394556156243e-08,0.00034457230013190915
95.7,0.0002844134993204788,4.140964058223276e-05,3.3805986967109116e-06,3.5003909339644178e-06,7.90699497302506e-06,6.898395569216364e-07,7.220441314147753e-07,7.45496382160632e-09,7.625421361338689e-09,1.4457142470788648e-06,1.1179334394653981e-07,1.1658366699099213e-07,1.0978061777923864e-09,6.49033862020028e-10,4.472309765038117e-08,0.0003437586497756379
95.75,0.0002837586867171073,4.130644224270797e-05,3.369581495365968e-06,3.487587294745176e-06,7.887064188846124e-06,6.875743045469653e-07,7.193931082277832e-07,7.4225277066893605e-09,7.5910577111211e-09,1.4420235473665816e-06,1.1140298830010948e-07,1.1612522119266877e-07,1.0942726152748586e-09,6.47316413720759e-10,4.460622254525466e-08,0.0003429472425053987
95.80000000000001,0.0002831056279548776,4.120354597084092e-05,3.358606179003589e-06,3.4748366928446463e-06,7.86719359045394e-06,6.853173119382142e-07,7.167524007285227e-07,7.390089577869633e-09,7.556660210110725e-09,1.4383352134106784e-06,1.1101489595679516e-07,1.156696588050746e-07,1.0907593207280146e-09,6.456050093246152e-10,4.4488922112991466e-08,0.00034213807190509106
95.85000000000001,0.0002824543177391377,4.1100950759988076e-05,3.3476725667939858e-06,3.4621388836172985e-06,7.847382886332778e-06,6.830685020484947e-07,7.14121887033482e-07,7.357659613951878e-09,7.522241990798926e-09,1.434649596623489e-06,1.1062922616046981e-07,1.1521720607508759e-07,1.087283117241272e-09,6.439102409982245e-10,4.4371314599988034e-08,0.00034133113166337384
95.9,0.0002818047507927692,4.0998655607229234e-05,3.3367804787771477e-06,3.4494936236580646e-06,7.827631778913191e-06,6.808278013909893e-07,7.115014514454676e-07,7.325249086845949e-09,7.487817632657754e-09,1.430967107548503e-06,1.1024613078817423e-07,1.1476808017197691e-07,1.0838581460212563e-09,6.422411744372174e-10,4.4253523050662997e-08,0.0003405264155417825
95.95,0.0002811569218561259,4.08966595133527e-05,3.3259297358582605e-06,3.4369006707955123e-06,7.807939965212824e-06,6.785951402880686e-07,7.088909848983328e-07,7.292870277118393e-09,7.453403053730796e-09,1.4272882127145725e-06,1.0986575212788364e-07,1.1432248551905079e-07,1.0804943067215276e-09,6.406043115946808e-10,4.413565666687689e-08,0.0003397239173455092
96.0,0.0002805108256869718,4.0794961482840274e-05,3.3151201598031365e-06,3.424359784085043e-06,7.788307137520924e-06,6.763704530961147e-07,7.062903853590133e-07,7.26053638050758e-09,7.419015389565204e-09,1.4236134308072595e-06,1.0948822071776934e-07,1.1388061019757656e-07,1.0771962929874068e-09,6.390029459585593e-10,4.401779915813086e-08,0.00033892363090156605
96.05000000000001,0.0002798664570604188,4.0693560523852415e-05,3.3043515732336723e-06,3.411870723802129e-06,7.768732984121936e-06,6.741536784045147e-07,7.036995581841525e-07,7.228261406102538e-09,7.384672860401191e-09,1.4199433281816227e-06,1.0911365332966991e-07,1.1344262257474196e-07,1.0739633402281528e-09,6.374369872131181e-10,4.3900005117699616e-08,0.0003381255500458153
96.10000000000001,0.00027922381076886605,4.05924556482135e-05,3.293623799623346e-06,3.3994332514356113e-06,7.749217190053318e-06,6.719447592074627e-07,7.011184164288877e-07,7.196060067005159e-09,7.350394627717249e-09,1.416278513762125e-06,1.0874215117570371e-07,1.1300866830070706e-07,1.0707896337005955e-09,6.359032140840686e-10,4.378230311786574e-08,0.0003373296686177271
96.15,0.0002785828816219376,4.049164587139697e-05,3.282936663292712e-06,3.387047129681002e-06,7.729759437892315e-06,6.697436430473725e-07,6.985468811056653e-07,7.163947664406367e-09,7.316200641399253e-09,1.4126196333958731e-06,1.0837379840867881e-07,1.1257886780442661e-07,1.0676652151982574e-09,6.343958403992363e-10,4.366470298745556e-08,0.0003365359804603115
96.2,0.0002779436644464219,4.039113021251071e-05,3.272289989404952e-06,3.3747121224338615e-06,7.71035940856653e-06,6.675502821289156e-07,6.95984881391303e-07,7.131939966107628e-09,7.28211147895648e-09,1.4089673637441556e-06,1.0800866097466958e-07,1.1215331439483039e-07,1.0645771894772175e-09,6.32907259329043e-10,4.3547204483946046e-08,0.0003357444794223497
96.25,0.00027730615408621065,4.029090769428248e-05,3.2616836039614344e-06,3.3624279947831996e-06,7.69101678218267e-06,6.653646334028731e-07,6.934323547808242e-07,7.100053080606052e-09,7.248148178342262e-09,1.4053224058130946e-06,1.0764678586059515e-07,1.1173207304467115e-07,1.061511055663935e-09,6.314288527845237e-10,4.342980502266728e-08,0.00033495515936051253
96.30000000000001,0.0002766703454022383,4.01909773430453e-05,3.251117333797302e-06,3.3501945130049154e-06,7.671731238867929e-06,6.63186658619199e-07,6.908892471869606e-07,7.068303327933629e-09,7.214332066049577e-09,1.401685478236503e-06,1.0728820076185715e-07,1.1131517990088811e-07,1.058452046313193e-09,6.299517957610061e-10,4.3312505215888465e-08,0.0003341680141401112
96.35000000000001,0.00027603623327242195,4.009133818872309e-05,3.2405910065770994e-06,3.3380114445552933e-06,7.652502459618326e-06,6.610163243489052e-07,6.883555129845688e-07,7.036707108496502e-09,7.180684582238978e-09,1.3980573104319842e-06,1.0693291417618292e-07,1.1090264252993978e-07,1.0553864158618565e-09,6.284678295612278e-10,4.319531257398676e-08,0.00033338303763487745
96.4,0.00027540381259160036,3.99919892648161e-05,3.230104450790393e-06,3.325878558064505e-06,7.63333012714821e-06,6.588536019745679e-07,6.858311149995668e-07,7.005280771196979e-09,7.147227104715501e-09,1.3944386357545452e-06,1.0658091591095203e-07,1.1049444087160243e-07,1.0523026544541928e-09,6.2697000443119e-10,4.307824512478145e-08,0.00033260022372759044
96.45,0.0002747730782714746,3.989292960838664e-05,3.2196574957474506e-06,3.313795623330184e-06,7.6142139267352845e-06,6.566984676494959e-07,6.833160244423876e-07,6.974040482139048e-09,7.113980773601566e-09,1.3908301847703753e-06,1.0623217797358849e-07,1.1009052884241478e-07,1.0491925921670624e-09,6.254533825085109e-10,4.2961336788397275e-08,0.00033181956631337127
96.5,0.0002741440252405481,3.9794158260044784e-05,3.2092499715749264e-06,3.301762411311019e-06,7.595153547055396e-06,6.545509022257834e-07,6.808102207862981e-07,6.943002095216009e-09,7.080966318552711e-09,1.3872326787669885e-06,1.0588665579904781e-07,1.0969083650216191e-07,1.0460523009690285e-09,6.239156438658458e-10,4.2844644496203e-08,0.00033104105930546935
96.55000000000001,0.00027351664844406685,3.969567426393412e-05,3.198881709211573e-06,3.289778694120391e-06,7.576148681001452e-06,6.52410891151701e-07,6.783136915913223e-07,6.912181025857013e-09,7.048203890332694e-09,1.3836468236050823e-06,1.0554428975582176e-07,1.0929527267496061e-07,1.0428826333551942e-09,6.223574794900682e-10,4.272825414805252e-08,0.00033026469664029025
96.60000000000001,0.0002728909428439611,3.959747666771766e-05,3.188552540403993e-06,3.277844245020059e-06,7.557199026481008e-06,6.502784243390835e-07,6.758264322748797e-07,6.881592129167868e-09,7.0157128985042e-09,1.3800733040027582e-06,1.0520500686275143e-07,1.0890372790148906e-07,1.0396892198086948e-09,6.2078263182243e-10,4.26122807249755e-08,0.0003294904722765691
96.65,0.00027226690341878483,3.9499564522563606e-05,3.1782622977023826e-06,3.2659588384138524e-06,7.538304287187032e-06,6.481534960015681e-07,6.733484458306047e-07,6.8512495836408025e-09,6.983511856901751e-09,1.37651277832498e-06,1.0486872264355431e-07,1.0851607759098774e-07,1.0364818270103211e-09,6.191974939138504e-10,4.249685900618768e-08,0.0003287183801848111
96.7,0.0002716445251636579,3.940193688313139e-05,3.168010814456333e-06,3.2541222498414332e-06,7.5194641733367745e-06,6.460361044647575e-07,6.708797424972006e-07,6.821166781530187e-09,6.951618238437621e-09,1.3729658739312966e-06,1.045353430443564e-07,1.0813218524062634e-07,1.0332731465504392e-09,6.176103025451724e-10,4.238212523676721e-08,0.00032794841432730803
96.75,0.0002710238030902071,3.930459280755768e-05,3.1577979248106365e-06,3.2423342559720797e-06,7.500678402373664e-06,6.439262519495563e-07,6.684203393795029e-07,6.791356226896553e-09,6.920048340650152e-09,1.369433183113853e-06,1.042047663414487e-07,1.0775190559504697e-07,1.0300772733101426e-09,6.160301069280163e-10,4.226819465329302e-08,0.0003271805686339016
96.80000000000001,0.0002704047322265073,3.920753135744244e-05,3.1476234637011195e-06,3.2305946345985044e-06,7.481946699627513e-06,6.418239443301269e-07,6.659702600242848e-07,6.7618294422128024e-09,6.88881716324119e-09,1.365915259636698e-06,1.0387688497159458e-07,1.0737508762945765e-07,1.0269082481605455e-09,6.144657834694942e-10,4.2155142345249506e-08,0.00032641483698145156
96.85000000000001,0.00026978730761702453,3.9110751597835154e-05,3.1374872668505115e-06,3.2189031646307264e-06,7.4632687989286e-06,6.397291908680864e-07,6.635295339536578e-07,6.7325968843058596e-09,6.8579382986685e-09,1.362412615867348e-06,1.035515872249883e-07,1.0700157725453023e-07,1.0237790137699289e-09,6.129253469853485e-10,4.204299405754573e-08,0.0003256512131840395
96.9,0.0002691715243225563,3.901425259722089e-05,3.1273891707643107e-06,3.2072596260899456e-06,7.444644443171377e-06,6.376420039247205e-07,6.610981961592072e-07,6.703667870276286e-09,6.827423836663004e-09,1.3589257204733518e-06,1.0322875875085934e-07,1.0663121965951078e-07,1.0207009737340107e-09,6.114156897827116e-10,4.193172979664507e-08,0.00032488969099693765
96.95,0.0002685573774201749,3.891803342750664e-05,3.1173290127266984e-06,3.1956638001024856e-06,7.4260733848240775e-06,6.355623986531655e-07,6.586762865603115e-07,6.675050513901525e-09,6.7972842833354184e-09,1.3554549966411482e-06,1.0290828383717919e-07,1.0626386123040509e-07,1.017684129604066e-09,6.099427204766051e-10,4.182129848803319e-08,0.00032413026413239234
97.0,0.0002679448620031695,3.882209316400766e-05,3.1073066307964664e-06,3.184115468893755e-06,7.40755538638068e-06,6.334903926726265e-07,6.562638494303309e-07,6.646751672886089e-09,6.767528495324219e-09,1.3520008207622665e-06,1.0259004643840618e-07,1.0589935100197906e-07,1.0147375873558425e-09,6.085117439764269e-10,4.171163856720648e-08,0.0003233729262816204
97.05000000000001,0.0002673339731809887,3.8726430885433766e-05,3.097321863802962e-06,3.172614415782245e-06,7.389090220752154e-06,6.314260057268399e-07,6.5386093279459e-07,6.6187769071790174e-09,6.738163629223435e-09,1.3485635215234943e-06,1.0227393093821396e-07,1.0553754162485043e-07,1.0118701346623693e-09,6.071278688866395e-10,4.1602698392651654e-08,0.00032261767113630043
97.10000000000001,0.0002667247060791841,3.863104567387593e-05,3.0873745513420747e-06,3.161160425173575e-06,7.370677671594314e-06,6.293692593290961e-07,6.514675878042912e-07,6.591130448437089e-09,6.709195106317916e-09,1.3451433793331547e-06,1.0195982264721065e-07,1.0517828985142297e-07,1.0090906081957194e-09,6.057962526343242e-10,4.149445147720105e-08,0.0003218644924040281
97.15,0.0002661170558393521,3.8535936614792597e-05,3.077464533772214e-06,3.1497532825545445e-06,7.3523175335699395e-06,6.273201763962188e-07,6.490838680906482e-07,6.563815180573961e-09,6.6806265924493205e-09,1.3417406260151549e-06,1.016476080483228e-07,1.0482145656617146e-07,1.0064078703979507e-09,6.045220715417528e-10,4.1386903655160103e-08,0.000321113383814528
97.2,0.00026551101761907814,3.844110279699634e-05,3.067591652210338e-06,3.1383927744872453e-06,7.334009612543403e-06,6.252787808739979e-07,6.467098291037004e-07,6.536832631204542e-09,6.6524599926435064e-09,1.3383554447058954e-06,1.0133717481435996e-07,1.0446690640615821e-07,1.0038303539023723e-09,6.033102021596623e-10,4.12800915098853e-08,0.00032036433911590936
97.25,0.00026490658659187997,3.8346543312640464e-05,3.057755748527993e-06,3.1270786886031983e-06,7.315753725706346e-06,6.232450973566061e-07,6.443455274403493e-07,6.510182973671113e-09,6.624695459951239e-09,1.334987969895996e-06,1.0102841163285051e-07,1.0411450703594899e-07,1.0013652704527044e-09,6.021646958201821e-10,4.117407338261017e-08,0.00031961735206250227
97.30000000000001,0.00026430375794715113,3.8252257257205656e-05,3.0479566653473704e-06,3.115810813597517e-06,7.297549701633467e-06,6.212191507025814e-07,6.419910201662462e-07,6.483865039226491e-09,6.597331417793749e-09,1.331638287568699e-06,1.0072120788213941e-07,1.0376412815663184e-07,9.990176863346595e-10,6.010881951060856e-10,4.1068916059611805e-08,0.0003188724163978095
97.35000000000001,0.0002637025268901055,3.81582437294868e-05,3.0381942460374034e-06,3.1045889392231264e-06,7.279397380267969e-06,6.192009656499801e-07,6.39646364136199e-07,6.457876338851301e-09,6.570364594965273e-09,1.3283064353990573e-06,1.0041545320956889e-07,1.0341564034070697e-07,9.967897044159206e-10,6.000814569704177e-10,4.096468138084948e-08,0.0003181295258373323
97.4,0.00026310288864172035,3.806450183157963e-05,3.0284683347098547e-06,3.0934128562849774e-06,7.2612966128365656e-06,6.171905664332919e-07,6.373116153177554e-07,6.432213094098035e-09,6.543790072327617e-09,1.3249924029918163e-06,1.0011103706698661e-07,1.0306891379262689e-07,9.946799474980079e-10,5.991431054654907e-10,4.0861416667880216e-08,0.0003173886740556211
97.45,0.00026250483843868165,3.797103066886766e-05,3.0187787762154567e-06,3.08228235663433e-06,7.243247261694579e-06,6.151879764047148e-07,6.349868281226084e-07,6.406870276286373e-09,6.517601340140244e-09,1.3216961321505124e-06,9.980784826059069e-08,1.0272381713816224e-07,9.926834298575927e-10,5.982696533719591e-10,4.0759150695651784e-08,0.0003166498546795655
97.5,0.0002619083715333281,3.787782935000908e-05,3.009125416140056e-06,3.0711972331630504e-06,7.2252492001019765e-06,6.131932176623267e-07,6.326720547503785e-07,6.381841653321562e-09,6.491790364902701e-09,1.3184175171847676e-06,9.950577457107338e-08,1.0238021634418812e-07,9.907917846179239e-10,5.974557450533547e-10,4.065789393745673e-08,0.00031591306128674035
97.55000000000001,0.00026131348319359586,3.778489698692368e-05,2.9995081008007807e-06,3.060157279797943e-06,7.2073023119317075e-06,6.112063106876515e-07,6.303673445492377e-07,6.3571198433716525e-09,6.466347664545844e-09,1.3151564052763274e-06,9.920470249615239e-08,1.0203797386383268e-07,9.889937372679902e-10,5.966945245950098e-10,4.0557639847707575e-08,0.00031517828740554066
97.60000000000001,0.000260720168702964,3.769223269477994e-05,2.989926677242243e-06,3.0491622914951264e-06,7.189406491312175e-06,6.092272739950426e-07,6.280727433977006e-07,6.332696374619906e-09,6.441262390793914e-09,1.3119125969362175e-06,9.890451716099793e-08,1.0169694809030504e-07,9.872757077713048e-10,5.959780393400168e-10,4.04583643330228e-08,0.0003144455265142192
97.65,0.00026012842336039897,3.759983559198199e-05,2.980380993232735e-06,3.038212064234414e-06,7.171561642206015e-06,6.072561237952043e-07,6.257882931117271e-07,6.308561750304695e-09,6.416522417529475e-09,1.3086858465948308e-06,9.860510243305002e-08,1.013569931865981e-07,9.856224714597484e-10,5.952976307695307e-10,4.036002303107383e-08,0.00031371477203847664
97.7,0.00025953824248030024,3.75077048001568e-05,2.9708708972604715e-06,3.0273063950137544e-06,7.153767677927929e-06,6.052928736750879e-07,6.235140308811032e-07,6.2847055182706505e-09,6.392114434027069e-09,1.3054758633733163e-06,9.830634126668893e-08,1.0101795933839553e-07,9.840178690580314e-10,5.946443106261296e-10,4.026254886120148e-08,0.000312986017350187
97.75,0.000258949621392446,3.741583944414134e-05,2.961396238529843e-06,3.0164450818436893e-06,7.136024520604565e-06,6.033375342962538e-07,6.212499887388113e-07,6.261116344279332e-09,6.368024041975777e-09,1.302282312087847e-06,9.800811629069945e-08,1.0067969345492669e-07,9.824455894640747e-10,5.940091470242132e-10,4.0165853606864034e-08,0.0003122592557711636
97.80000000000001,0.0002583625554419385,3.732423865196981e-05,2.951956866957685e-06,3.005627923741842e-06,7.118332100579909e-06,6.013901131136685e-07,6.18996193066864e-07,6.237782088364851e-09,6.34423585528445e-09,1.2991048145381449e-06,9.771031063810934e-08,1.0034204031844286e-07,9.808900408751685e-10,5.933836847435124e-10,4.0069836124048446e-08,0.0003115344805846563
97.85000000000001,0.0002577770399891508,3.7232901554861e-05,2.9425526331695858e-06,2.994854720727452e-06,7.100690355770024e-06,5.99450614116756e-07,6.167526641417916e-07,6.214689883567445e-09,6.3207336017526024e-09,1.295942951127965e-06,9.741280900446558e-08,1.0000484415876022e-07,9.793372822887022e-10,5.927604004136542e-10,3.997439669379899e-08,0.00031081168505409036
97.9,0.00025719307040967203,3.714182728720547e-05,2.9331833884961843e-06,2.984125273815913e-06,7.083099230971189e-06,5.975190375943464e-07,6.145194157226609e-07,6.191826216433478e-09,6.297500225791123e-09,1.292796262858291e-06,9.711549890765446e-08,9.96679506062502e-08,9.777759259072995e-10,5.921331578483822e-10,3.987945372055386e-08,0.0003100908624450964
97.95,0.0002566106420942541,3.70510149865531e-05,2.9238489849695174e-06,2.9734393850133656e-06,7.065558677125985e-06,5.955953799250188e-07,6.122964546842079e-07,6.1691770087325936e-09,6.274517991487579e-09,1.2896642537241974e-06,9.681827211066312e-08,9.933120895597088e-08,9.761978685052774e-10,5.91497593583002e-10,3.9784957244694635e-08,0.0003093720060450232
98.0,0.0002560297504487585,3.696046379360043e-05,2.9145492753193733e-06,2.962796857311313e-06,7.048068650551979e-06,5.936796333941287e-07,6.100837806973086e-07,6.146727699908466e-09,6.251768585426192e-09,1.2865463935340966e-06,9.652102615880597e-08,9.899447465834527e-08,9.745986946039527e-10,5.908513423563269e-10,3.9690894501567086e-08,0.00030865510917480805
98.05000000000001,0.00025545039089410246,3.68701728521782e-05,2.9052841129696638e-06,2.952197494681262e-06,7.0306291121379925e-06,5.91771786038639e-07,6.078813859586785e-07,6.124463329847249e-09,6.229233218789487e-09,1.2834421211561243e-06,9.622366597539978e-08,9.865761193868308e-08,9.729776324472619e-10,5.901940230758919e-10,3.959728553583568e-08,0.00030794016519087713
98.10000000000001,0.0002548725588662069,3.6780141309238986e-05,2.896053352034832e-06,2.9416411020694115e-06,7.01324002651316e-06,5.898718215206745e-07,6.056892549713394e-07,6.102368621614845e-09,6.206892728383423e-09,1.2803508481813708e-06,9.592610545500244e-08,9.832049643943039e-08,9.713370319619685e-10,5.895269534866484e-10,3.950417016378062e-08,0.0003072271674781303
98.15,0.0002542962498159424,3.669036831484462e-05,2.8868568473162526e-06,2.931127485391341e-06,6.995901361194056e-06,5.879797190305144e-07,6.035073643770133e-07,6.080428063878146e-09,6.184727676336444e-09,1.2772719629782572e-06,9.562826899132712e-08,9.798301777558839e-08,9.696814487457563e-10,5.888526322696642e-10,3.9411589917015935e-08,0.0003065161094375797
98.2,0.0002537214592090773,3.660085302215399e-05,2.8776944542986774e-06,2.9206564515267587e-06,6.978613085715497e-06,5.860954532195551e-07,6.013356828412662e-07,6.058625992785101e-09,6.162718448323172e-09,1.2742048350973974e-06,9.533009287784976e-08,9.764508189530075e-08,9.680165210864026e-10,5.881740943330787e-10,3.931956952837164e-08,0.0003058069844732885
98.25,0.000253148182526225,3.6511594587410696e-05,2.868566029146689e-06,2.9102278083142655e-06,6.961375170750537e-06,5.842189941635514e-07,5.991741709918371e-07,6.036946673131156e-09,6.140845350251153e-09,1.2711488199723533e-06,9.503152652284645e-08,9.730661314399416e-08,9.663478799944779e-10,5.874942835607732e-10,3.9228102380020165e-08,0.0003050997859832088
98.30000000000001,0.0002525764152627916,3.642259216993078e-05,2.8594714287011735e-06,2.8998413645461472e-06,6.944187587225361e-06,5.823503073562584e-07,5.970227814102401e-07,6.015374378684415e-09,6.1190887034227785e-09,1.2681032638495421e-06,9.47325334269317e-08,9.696755594133293e-08,9.646803154586399e-10,5.868155809112006e-10,3.913714344552078e-08,0.00030439450735760334
98.35000000000001,0.00025200615292892445,3.633384493209064e-05,2.8504105104758255e-06,2.889496929963215e-06,6.927050305434799e-06,5.804893537333931e-07,5.948814586763743e-07,5.993893471577277e-09,6.0974289382415475e-09,1.2650675088706519e-06,9.443309187980962e-08,9.662787599509533e-08,9.630173391583516e-10,5.861395737100897e-10,3.904661155965047e-08,0.00030369114198692653
98.4,0.0002514373910494592,3.6245352039314755e-05,2.841383132653648e-06,2.8791943152496415e-06,6.909963294164078e-06,5.78636089726629e-07,5.927501394655176e-07,5.9724884806973176e-09,6.075846686571011e-09,1.2620408982237053e-06,9.413319534352218e-08,9.628756099426772e-08,9.61361159366049e-10,5.85467073122922e-10,3.895640032516028e-08,0.00030298968327831987
98.45,0.000250870125163869,3.615711266006366e-05,2.8323891540834954e-06,2.868933332027859e-06,6.892926519822563e-06,5.767904673471636e-07,5.906287526967684e-07,5.951144179024432e-09,6.054322872875055e-09,1.2590227812747473e-06,9.38328525015525e-08,9.59466207444399e-08,9.59712960971276e-10,5.847983113430461e-10,3.8866394235675766e-08,0.0003022901246769911
98.5,0.0002503043508262125,3.60691259658219e-05,2.8234284342766257e-06,2.858713792853472e-06,6.875939945594975e-06,5.749524342981951e-07,5.885172197316563e-07,5.9298456598640755e-09,6.032838804268988e-09,1.2560125185910804e-06,9.353208696621443e-08,9.560508673111597e-08,9.580733092213193e-10,5.841332053581432e-10,3.8776484886937945e-08,0.00030159245968694334
98.55000000000001,0.00024974006360508266,3.5981391131086036e-05,2.814500833403269e-06,2.848535511210199e-06,6.859003530615555e-06,5.731219341154745e-07,5.864154546213494e-07,5.908578411918729e-09,6.011376259593282e-09,1.2530094867691733e-06,9.323093665031369e-08,9.52630111199638e-08,9.564424946587724e-10,5.834715750496159e-10,3.8686582475827726e-08,0.000300896681885891
98.60000000000001,0.0002491772590835562,3.589390733335275e-05,2.805606212289231e-06,2.8383983015048586e-06,6.842117229170491e-06,5.712989063349294e-07,5.843233644005942e-07,5.887328393121174e-09,5.9899175775856185e-09,1.2500130829856811e-06,9.292945282253891e-08,9.492046522637427e-08,9.548207002870687e-10,5.828132455884823e-10,3.859662014014617e-08,0.0003002027849317004
98.65,0.0002486159328591417,3.580667375310684e-05,2.796744432412488e-06,2.828301979062355e-06,6.825280989933632e-06,5.694832866861835e-07,5.82240849426243e-07,5.866082103124917e-09,5.96844574417396e-09,1.2470227291981929e-06,9.262769887885949e-08,9.457753750905403e-08,9.532079667559783e-10,5.821580245472059e-10,3.8506551962972356e-08,0.00029951076256115713
98.7,0.0002480560805437294,3.5719689573809486e-05,2.7879153558998284e-06,2.8182463601207225e-06,6.808494755240468e-06,5.676750073106607e-07,5.801678037579942e-07,5.844826654310819e-09,5.946944478846066e-09,1.2440378759331302e-06,9.232574887381556e-08,9.423433116280253e-08,9.516040129457535e-10,5.815055935155308e-10,3.841634800626097e-08,0.0002988206085845842
98.75,0.0002474976977635408,3.56329539818864e-05,2.779118845523498e-06,2.808231261826186e-06,6.791758460404921e-06,5.658739970028043e-07,5.781041155787114e-07,5.823549841125101e-09,5.925398319970615e-09,1.2410580056111134e-06,9.202368586543345e-08,9.38909614031899e-08,9.500080012264116e-10,5.808553719895499e-10,3.832599024883004e-08,0.00029813231688042625
98.80000000000001,0.00024694078015907766,3.554646616671607e-05,2.7703547646978666e-06,2.798256502228248e-06,6.775072033083317e-06,5.640801814728172e-07,5.760496676514956e-07,5.802240207515026e-09,5.903792708855451e-09,1.2380826353746838e-06,9.172160013511394e-08,9.354755254969315e-08,9.484183123244828e-10,5.80206394326973e-10,3.823547158341577e-08,0.0002974458813921934
98.85000000000001,0.0002463853233850729,3.5460225320618164e-05,2.7616229774761255e-06,2.788321900274822e-06,6.758435392689594e-06,5.622934836292162e-07,5.740043378104915e-07,5.780887112176106e-09,5.882114072232295e-09,1.2351113193988934e-06,9.141958734880064e-08,9.320423502314422e-08,9.468323416277866e-10,5.795572037186051e-10,3.814479714067654e-08,0.00029676129612721264
98.9,0.00024583132311043946,3.5374230638841735e-05,2.7529233485469774e-06,2.778427275807362e-06,6.741848449865362e-06,5.605138238793681e-07,5.719679994822276e-07,5.759480791270551e-09,5.860349902757526e-09,1.2321436506813181e-06,9.111774672772297e-08,9.286114237741161e-08,9.452462871455013e-10,5.789057375737358e-10,3.805398496923914e-08,0.0002960785551543369
98.95,0.0002452787750182211,3.528848131955372e-05,2.7442557432313728e-06,2.768572449556056e-06,6.725311106008253e-06,5.587411204461046e-07,5.699405222341665e-07,5.738012418223754e-09,5.8384888370197456e-09,1.2291792623239272e-06,9.081617929583577e-08,9.25184084836203e-08,9.43654897060476e-10,5.782491770512417e-10,3.7963062980187195e-08,0.00029539765259766377
99.0,0.0002447276748055426,3.520297656382734e-05,2.735620027479249e-06,2.7587572431350274e-06,6.708823252861443e-06,5.569752896984066e-07,5.679217723469952e-07,5.716474160154585e-09,5.816520730448761e-09,1.2262178283341777e-06,9.05149862666781e-08,9.217616497769128e-08,9.42051183623754e-10,5.775837589648635e-10,3.787206109936128e-08,0.0002947185826254022
99.05000000000001,0.00024417801818356035,3.511771557563062e-05,2.7270160678662926e-06,2.7489814790375707e-06,6.692384772166937e-06,5.552162464940913e-07,5.659116134070922e-07,5.694859230449964e-09,5.7944367284326534e-09,1.2232590639861666e-06,9.021426762486608e-08,9.183453906869387e-08,9.404261653336086e-10,5.769045836144557e-10,3.778100033562864e-08,0.0002940413394358861
99.10000000000001,0.00024362980087741358,3.503269756181498e-05,2.7184437315907267e-06,2.7392449806314254e-06,6.675995535384797e-06,5.534639045323785e-07,5.639099069155269e-07,5.673161936955377e-09,5.772229332871766e-09,1.2203027257939988e-06,8.991412094710281e-08,9.149365178696868e-08,9.387687374388292e-10,5.762054783320368e-10,3.768988224162832e-08,0.0002933659172445387
99.15,0.0002430830186261743,3.4947921732103704e-05,2.7099028864700984e-06,2.7295475721540546e-06,6.659655403479951e-06,5.517181767141518e-07,5.619165129098711e-07,5.651377725222646e-09,5.749892463333857e-09,1.2173486111581997e-06,8.961464049489421e-08,9.115361672806264e-08,9.37065775495567e-10,5.754789840842916e-10,3.759868224733993e-08,0.00029269231027558284
99.2,0.0002425376671827992,3.486338729908069e-05,2.701393400938104e-06,2.7198890787079772e-06,6.643364226778012e-06,5.49978975507722e-07,5.599312905950828e-07,5.6295032162370395e-09,5.72742151192728e-09,1.2143965577516751e-06,8.9315916596754e-08,9.081453932243728e-08,9.353025543974566e-10,5.747165241075767e-10,3.75073490837705e-08,0.00029202051276096806
99.25,0.00024199374231408056,3.47790934781791e-05,2.692915144041425e-06,2.7102693262561157e-06,6.6271218448908666e-06,5.482462133178576e-07,5.579540989796787e-07,5.607536238037575e-09,5.704813390979566e-09,1.2114464427139978e-06,8.901803532232661e-08,9.047651663311858e-08,9.334635267576152e-10,5.73908796912207e-10,3.7415810956972233e-08,0.00029135051894732474
99.30000000000001,0.0002414512398005978,3.469503948767006e-05,2.6844679854365774e-06,2.7006881416171727e-06,6.610928086712498e-06,5.465198028558479e-07,5.559847975134167e-07,5.585475850649608e-09,5.682066572600438e-09,1.2084981817217013e-06,8.872107843543433e-08,9.013963765555426e-08,9.315334510419618e-10,5.73046410302389e-10,3.732398774871194e-08,0.0002906823231102494
99.35000000000001,0.00024091015543666958,3.461122454865153e-05,2.6760517953867957e-06,2.6911453524610495e-06,6.594782770485045e-06,5.447996575083732e-07,5.540232467227304e-07,5.5633223637678705e-09,5.659181119222237e-09,1.205551727997757e-06,8.842512359845716e-08,8.980398406756128e-08,9.294987874674189e-10,5.721207282107509e-10,3.723180717357075e-08,0.00029001591957372123
99.4,0.00024037048503030474,3.452764788503703e-05,2.6676664447589078e-06,2.681640787304264e-06,6.578685703934564e-06,5.430856917029566e-07,5.520693088401742e-07,5.541077346660805e-09,5.636158704246834e-09,1.2026070713157464e-06,8.813024478753958e-08,8.946963135393627e-08,9.273491908425717e-10,5.711248349519398e-10,3.7139221430551526e-08,0.00028935130273084704
99.45,0.00023983222440315496,3.44443087235446e-05,2.6593118050202543e-06,2.672174275505426e-06,6.562636684475714e-06,5.413778212678212e-07,5.501228484242097e-07,5.518743629814569e-09,5.613002621987997e-09,1.199664237043883e-06,8.78365128676436e-08,8.913665021142463e-08,9.250788454582877e-10,5.700544495719364e-10,3.704621991075554e-08,0.00028868846706097355
99.5,0.00023929536939046675,3.4361206293685644e-05,2.6509877482356112e-06,2.662745647260724e-06,6.5466354994839636e-06,5.39675963783994e-07,5.481837329657111e-07,5.4963252978966165e-09,5.589717786180932e-09,1.1967232852614371e-06,8.75439962690174e-08,8.880510812636713e-08,9.226873518421459e-10,5.689085821150782e-10,3.6952833794702395e-08,0.00028802740713835195
99.55000000000001,0.0002387599158410337,3.427833982775396e-05,2.6426941470641333e-06,2.6533547335994447e-06,6.530681926633625e-06,5.379800389275611e-07,5.462518334776639e-07,5.473827673693553e-09,5.566310716435209e-09,1.19378430996604e-06,8.72527617026196e-08,8.847507101020828e-08,9.20179933263223e-10,5.676897510732256e-10,3.685913039718727e-08,0.0002873681176296406
99.60000000000001,0.00023822585961714955,3.4195708560814806e-05,2.6344308747563243e-06,2.644001366379527e-06,6.514775734299615e-06,5.362899688000356e-07,5.443270250646285e-07,5.451257292765191e-09,5.54278951213216e-09,1.1908474383754914e-06,8.69628748515969e-08,8.81466047774755e-08,9.175668866882908e-10,5.664036888540301e-10,3.676519846218925e-08,0.00028671059328111165
99.65,0.00023769319659456008,3.411331173069381e-05,2.6261978051510035e-06,2.6346853782831225e-06,6.498916682020339e-06,5.346056782448658e-07,5.424091874686479e-07,5.428621868655164e-09,5.5191638134114165e-09,1.1879128303128536e-06,8.667440097900506e-08,8.781977675672674e-08,9.148624070723978e-10,5.650586145790209e-10,3.667112896205728e-08,0.00028605482890013624
99.7,0.00023716192266241652,3.403114857796623e-05,2.6179948126723116e-06,2.625406602812206e-06,6.483104521018927e-06,5.329270951482049e-07,5.404982055884285e-07,5.4059302486064784e-09,5.495444749050693e-09,1.1849806776496427e-06,8.638740539832344e-08,8.749465683681617e-08,9.120830798170408e-10,5.636642802577918e-10,3.657699770208475e-08,0.0002854008193375674
99.75,0.00023663203372322852,3.3949218345946016e-05,2.6098217723267232e-06,2.616164874284202e-06,6.467338994779509e-06,5.312541507221425e-07,5.385939699687497e-07,5.383192359845506e-09,5.471644871214841e-09,1.1820512037694547e-06,8.610195376249975e-08,8.717131826777875e-08,9.092463885974887e-10,5.622310356754272e-10,3.648285509318749e-08,0.0002847485594768041
99.80000000000001,0.0002361035256928172,3.386752028067506e-05,2.601678559700077e-06,2.606960027827638e-06,6.451619839674984e-06,5.295867797687057e-07,5.366963772572343e-07,5.360419146619211e-09,5.447778077232536e-09,1.1791246630041736e-06,8.581811213867469e-08,8.684983805654273e-08,9.063695046189569e-10,5.607690955545095e-10,3.638872510364561e-08,0.0002840980442318479
99.85000000000001,0.00023557639450026913,3.37860536309125e-05,2.5935650509546316e-06,2.5977918993778367e-06,6.435946785642466e-06,5.279249209230482e-07,5.348053306257821e-07,5.337622498294266e-09,5.4238595187465756e-09,1.1762013399874648e-06,8.553594684867317e-08,8.653029692120095e-08,9.034684630704913e-10,5.592880714386908e-10,3.6294611367158687e-08,0.0002834492685523814
99.9,0.00023505063608788906,3.370481764812389e-05,2.585481122826122e-06,2.5886603256726084e-06,6.420319556902159e-06,5.262685168743586e-07,5.329207401541559e-07,5.3148151689512105e-09,5.399905498773486e-09,1.173281548865994e-06,8.525552406905617e-08,8.621277879232605e-08,9.0055768640419e-10,5.577967217719929e-10,3.6200505917845734e-08,0.0002828022274311635
99.95,0.0002345262464111543,3.362381158647064e-05,2.5774266526208466e-06,2.5795651442479973e-06,6.4047378727153795e-06,5.246175145631596e-07,5.310425231734284e-07,5.2920106890300304e-09,5.375933357396501e-09,1.1703656323080245e-06,8.49769091982346e-08,8.589736987440396e-08,8.976497479599039e-10,5.56302830664956e-10,3.6106396292560144e-08,0.000282156915909244
100.0,0.00023400322143866833,3.354303470279938e-05,2.5694015182127697e-06,2.5705061934340406e-06,6.389201448177024e-06,5.229718653537888e-07,5.291706045671983e-07,5.269223269701827e-09,5.351961346997972e-09,1.1674539602517214e-06,8.470016601112783e-08,8.558415730362961e-08,8.947552864996334e-10,5.54813149911184e-10,3.6012269222103224e-08,0.0002815133290770542
