event_number,record_index,step_number,vlm,pdg,track_id,E0_keV,Eprime_k_keV,E0_minus_Eprime_keV,px,py,pz,theta_deg,cos_theta,q_gamma_keV_c,Q_keV_c,Q_au,Q_abs_au
22,5,5,2,22,1,662.0,224.68902443,437.31097557,0.60421256,0.50234786,0.61852552,120.1554552,-0.50234786,798.85652845,-119.69604629,-32.11264918,32.11264918
114,5,5,2,22,1,662.0,185.11147363,476.88852637,-0.08737104,0.98859123,-0.12269344,171.33695046,-0.98859123,845.45946142,-134.49587907,-36.08322175,36.08322175
139,5,5,2,22,1,662.0,193.00326492,468.99673508,0.05282136,0.87571628,0.47992802,151.12986085,-0.87571628,836.22459803,-131.51784558,-35.28426014,35.28426014
160,5,5,2,22,1,662.0,188.47846153,473.52153847,-0.10723998,0.93927766,-0.32597096,159.93060025,-0.93927766,841.52280268,-133.22373107,-35.74192357,35.74192357
176,5,5,2,22,1,662.0,211.27833703,450.72166297,0.29493667,0.64670364,-0.7034108,130.29352931,-0.64670364,814.73098287,-124.67246193,-33.44774666,33.44774666
183,6,6,2,22,1,662.0,224.83161314,437.16838686,0.12246656,0.78477677,-0.60755853,141.7000366,-0.78477677,849.94311077,-162.1386165,-43.49935249,43.49935249
200,5,5,2,22,1,662.0,207.81376447,454.18623553,-0.61430393,0.68702548,-0.3881065,133.39510899,-0.68702548,818.81773255,-125.9646306,-33.79441608,33.79441608
212,5,5,2,22,1,662.0,187.54296073,474.45703927,0.17398227,0.95280155,-0.24879585,162.32641511,-0.95280155,842.61707906,-133.57695529,-35.83668831,35.83668831
213,5,5,2,22,1,662.0,195.46727978,466.53272022,0.35800965,0.84234103,-0.40285318,147.38815824,-0.84234103,833.3355879,-130.59070389,-35.03552197,35.03552197
241,5,5,2,22,1,662.0,193.44389707,468.55610293,-0.15138774,0.86968546,0.469818,150.42210837,-0.86968546,835.70816517,-131.35195352,-35.2397538,35.2397538
286,5,5,2,22,1,662.0,203.93305852,458.06694148,-0.64163923,0.73381718,0.22318478,137.20736353,-0.73381718,823.38857077,-127.41513044,-34.18356337,34.18356337
342,5,5,2,22,1,662.0,185.32302496,476.67697504,0.14602261,0.98544005,-0.08709363,170.2108294,-0.98544005,845.21226202,-134.41587965,-36.0617591,36.0617591
420,5,5,2,22,1,662.0,229.12993335,432.87006665,-0.8888042,0.45826922,-0.00405133,117.27548001,-0.45826922,793.57971185,-118.05717066,-31.67296349,31.67296349
582,5,5,2,22,1,662.0,189.04081487,472.95918513,-0.36242975,0.93121252,-0.03857359,158.62462004,-0.93121252,840.86482086,-133.01148663,-35.68498158,35.68498158
646,5,5,2,22,1,662.0,191.39331634,470.60668366,0.1703848,0.89798732,-0.4056942,153.89475821,-0.89798732,838.11076565,-132.1243169,-35.44696728,35.44696728
704,5,5,2,22,1,662.0,268.22729065,393.77270935,0.99107298,0.13319496,-0.00578282,97.65425625,-0.13319496,746.65373311,-103.83400051,-27.85710083,27.85710083
778,5,5,2,22,1,662.0,192.86006007,469.13993993,-0.4792378,0.87768222,-0.00224561,151.36402289,-0.87768222,836.39241934,-131.57176908,-35.29872701,35.29872701
803,6,6,2,22,1,662.0,193.32911611,468.67088389,0.16646371,0.9705203,0.17429912,166.05328611,-0.9705203,850.90660121,-143.99958838,-38.63292403,38.63292403
847,5,5,2,22,1,662.0,188.75045588,473.24954412,-0.21006405,0.93537078,-0.28452522,159.28812946,-0.93537078,841.20457287,-133.12106624,-35.71438014,35.71438014
878,5,5,2,22,1,662.0,187.49153633,474.50846367,0.27379944,0.95354887,0.12561217,162.46800243,-0.95354887,842.67722026,-133.59637727,-35.84189894,35.84189894
952,5,5,2,22,1,662.0,206.96569121,455.03430879,-0.5935333,0.69710131,0.4022039,134.19490197,-0.69710131,819.81723194,-126.28133573,-33.8793833,33.8793833
1023,5,5,2,22,1,662.0,225.04801634,436.95198366,0.64483159,0.49872003,-0.5791982,119.91535365,-0.49872003,798.43034183,-119.56339424,-32.07706063,32.07706063
1066,5,5,2,22,1,662.0,193.32769017,468.67230983,0.47994899,0.87127328,0.10262472,150.6069422,-0.87127328,835.84437125,-131.39569988,-35.25149029,35.25149029
1076,5,5,2,22,1,662.0,189.76543489,472.23456511,-0.3893051,0.92089067,-0.02004795,157.0566405,-0.92089067,840.01677397,-132.73809638,-35.61163508,35.61163508
1089,5,5,2,22,1,662.0,206.60990013,455.39009987,-0.68194082,0.70135304,0.20751055,134.53565963,-0.70135304,820.23644907,-126.41424954,-33.91504208,33.91504208
1186,5,5,2,22,1,662.0,234.78118311,427.21881689,0.22282386,0.40458838,-0.8869373,113.86533534,-0.40458838,786.84980589,-115.9782876,-31.11523043,31.11523043
1214,5,5,2,22,1,662.0,203.31834398,458.68165602,-0.621239,0.74139299,-0.25376866,137.8502127,-0.74139299,824.11195484,-127.64519457,-34.24528612,34.24528612
1246,5,5,2,22,1,662.0,188.4633028,473.5366972,0.28557556,0.93949573,-0.18919403,159.96704214,-0.93949573,841.54053724,-133.22945322,-35.74345874,35.74345874
1272,5,5,2,22,1,662.0,217.73458407,444.26541593,0.49602392,0.57498737,0.65065337,125.09874757,-0.57498737,807.09977473,-122.27161837,-32.80363643,32.80363643
1314,5,5,2,22,1,662.0,198.26367314,463.73632686,0.54151725,0.80546866,0.24078893,143.65554065,-0.80546866,830.05355005,-129.54005792,-34.75364946,34.75364946
1452,5,5,2,22,1,662.0,192.29603967,469.70396033,0.40990769,0.88545367,0.21896912,152.30740241,-0.88545367,837.05330407,-131.78419183,-35.35571684,35.35571684
1484,5,5,2,22,1,662.0,186.43360309,475.56639691,0.24700273,0.96901467,0.00047227,165.69975343,-0.96901467,843.91422478,-133.99605937,-35.94912764,35.94912764
1521,5,5,2,22,1,662.0,199.35869663,462.64130337,0.05400742,0.79131186,0.60902277,142.30827646,-0.79131186,828.76738539,-129.1290963,-34.64339464,34.64339464
1557,5,5,2,22,1,662.0,186.50786027,475.49213973,-0.1213806,0.96792339,0.2199797,165.44877129,-0.96792339,843.82741434,-133.9679978,-35.94159914,35.94159914
1558,5,5,2,22,1,662.0,277.17100246,384.82899754,0.99597822,0.07172159,0.05369734,94.11287586,-0.07172159,735.79056389,-100.63496713,-26.99884829,26.99884829
1581,5,5,2,22,1,662.0,206.31576236,455.68423764,0.51797811,0.70487908,0.48460723,134.81977593,-0.70487908,820.58297686,-126.52415228,-33.94452733,33.94452733
1593,6,6,2,22,1,662.0,187.33678575,474.66321425,-0.48945978,0.784485,-0.38080494,141.67307252,-0.784485,817.26247302,-111.84420604,-30.00611852,30.00611852
1682,5,5,2,22,1,662.0,231.35638131,430.64361869,-0.49308571,0.43680727,0.7523735,115.90034934,-0.43680727,790.93031667,-117.23724809,-31.4529906,31.4529906
1725,6,6,2,22,1,662.0,198.04005548,463.95994452,0.0361528,0.89574152,-0.44310282,153.60383458,-0.89574152,843.99751049,-141.09326832,-37.85320207,37.85320207
1966,5,5,2,22,1,662.0,190.56100506,471.43899494,0.00092117,0.90964857,-0.4153777,155.4568315,-0.90964857,839.08542535,-132.43806381,-35.53114086,35.53114086
1992,5,5,2,22,1,662.0,245.34167451,416.65832549,-0.50461038,0.3109035,-0.80542373,108.11368809,-0.3109035,774.22739588,-112.11386526,-30.07846403,30.07846403
2229,5,5,2,22,1,662.0,209.78633052,452.21366948,0.74779558,0.66390484,-0.00566861,131.5983621,-0.66390484,816.4916333,-125.22860535,-33.59695157,33.59695157
2232,5,5,2,22,1,662.0,184.859471,477.140529,-0.03564122,0.99235437,-0.11816308,172.91040474,-0.99235437,845.75390326,-134.59118744,-36.10879155,36.10879155
2280,6,6,2,22,1,662.0,256.18731069,405.81268931,0.69100299,0.68925703,-0.21780635,133.57132515,-0.68925703,858.87508314,-187.99348491,-50.43582487,50.43582487
2339,5,5,2,22,1,662.0,195.00881233,466.99118767,0.40233012,0.84848713,0.34380236,148.04750113,-0.84848713,833.87333877,-130.76311544,-35.0817774,35.0817774
2353,5,5,2,22,1,662.0,232.70077883,429.29922117,0.10011813,0.42404675,-0.90008928,115.09034093,-0.42404675,789.32926556,-116.74271655,-31.32031522,31.32031522
2375,5,5,2,22,1,662.0,204.46392052,457.53607948,-0.68245975,0.72731143,-0.07257253,136.66147273,-0.72731143,822.76372053,-127.21651513,-34.13027787,34.13027787
2495,5,5,2,22,1,662.0,187.12882412,474.87117588,-0.04877833,0.95883162,-0.27975455,163.50239694,-0.95883162,843.10138193,-133.73338207,-35.87865527,35.87865527
2618,5,5,2,22,1,662.0,189.59061872,472.40938128,-0.00652785,0.92337361,0.38384705,157.42437382,-0.92337361,840.22138829,-132.80404235,-35.6293274,35.6293274
2692,5,5,2,22,1,662.0,244.54777564,417.45222436,-0.82768009,0.31766511,-0.46263868,108.52177932,-0.31766511,775.17844582,-112.40344111,-30.15615288,30.15615288
2719,5,5,2,22,1,662.0,261.71951398,400.28048602,0.86208784,0.18056607,0.4734981,100.40273357,-0.18056607,754.52650821,-106.17492768,-28.48513639,28.48513639
2823,5,5,2,22,1,662.0,191.25321085,470.74678915,-0.12831739,0.89994319,0.41669761,154.15060105,-0.89994319,838.27485455,-132.1771207,-35.46113375,35.46113375
2957,5,5,2,22,1,662.0,220.48307475,441.51692525,-0.19326964,0.5457316,-0.81536732,123.07467249,-0.5457316,803.84484223,-121.25240005,-32.53019549,32.53019549
2978,5,5,2,22,1,662.0,187.45492837,474.54507163,-0.17973892,0.95408112,-0.23963125,162.56952185,-0.95408112,842.72003282,-133.61020371,-35.84560836,35.84560836
3104,7,7,2,22,1,662.0,106.09099311,555.90900689,-0.05380872,0.92230541,0.38269748,157.26547831,-0.92230541,760.95364083,-7.1695816,-1.92349093,1.92349093
3122,5,5,2,22,1,662.0,227.61970656,434.38029344,0.6818832,0.47306612,-0.55789224,118.23350948,-0.47306612,795.37535308,-118.61399253,-31.82235043,31.82235043
3161,5,5,2,22,1,662.0,217.71100962,444.28899038,0.62638438,0.5752415,0.52606067,125.11654611,-0.5752415,807.12767676,-122.28036784,-32.80598379,32.80598379
3211,5,5,2,22,1,662.0,186.9717164,475.0282836,-0.06634377,0.96112618,0.26802045,163.97185559,-0.96112618,843.2850885,-133.79273376,-35.89457843,35.89457843
3308,5,5,2,22,1,662.0,196.54165094,465.45834906,-0.21691681,0.82805059,0.51699064,145.89900369,-0.82805059,832.07505236,-130.18684997,-34.92717404,34.92717404
3356,5,5,2,22,1,662.0,206.7036772,455.2963228,0.31040014,0.70023098,0.64290616,134.44553823,-0.70023098,820.12596039,-126.3792143,-33.90564265,33.90564265
3386,5,5,2,22,1,662.0,248.20412586,413.79587414,0.46062854,0.28688324,-0.83995199,106.67145169,-0.28688324,770.79537281,-111.07106336,-29.79869596,29.79869596
3454,5,5,2,22,1,662.0,188.7708941,473.2291059,0.34156043,0.93507766,0.09469023,159.24069533,-0.93507766,841.18065911,-133.11335241,-35.71231063,35.71231063
3474,5,5,2,22,1,662.0,189.29931048,472.70068952,0.31348775,0.92752131,0.20354275,158.05167114,-0.92752131,840.56232135,-132.91394683,-35.65881312,35.65881312
3482,6,6,2,22,1,662.0,209.03017112,452.96982888,-0.20408276,0.91505384,-0.34788891,156.21337454,-0.91505384,857.42883364,-158.75897156,-42.59264458,42.59264458
3634,5,5,2,22,1,662.0,200.32625303,461.67374697,0.6259752,0.77893179,0.0376872,141.16287466,-0.77893179,827.6304801,-128.76618691,-34.54603151,34.54603151
3648,5,5,2,22,1,662.0,203.53744446,458.46255554,0.66843921,0.73868752,0.08677418,137.61973245,-0.73868752,823.85414191,-127.56318424,-34.22328398,34.22328398
3655,6,6,2,22,1,662.0,184.00420783,477.99579217,0.64524635,0.37454586,0.66586226,111.99624692,-0.37454586,750.56578597,-49.85392411,-13.37505811,13.37505811
3659,5,5,2,22,1,662.0,185.02503366,476.97496634,0.00720018,0.98988088,-0.14171805,171.84214524,-0.98988088,845.56046165,-134.52856953,-36.0919921,36.0919921
3676,5,5,2,22,1,662.0,206.54828074,455.45171926,-0.64297606,0.70209088,-0.30602316,134.59499756,-0.70209088,820.30904711,-126.43727167,-33.92121857,33.92121857
3700,5,5,2,22,1,662.0,186.53498433,475.46501567,0.17794189,0.96752499,-0.17953295,165.35819359,-0.96752499,843.79570432,-133.95774798,-35.93884927,35.93884927
3773,5,5,2,22,1,662.0,198.69923617,463.30076383,0.57024385,0.79981888,-0.18738119,143.11281002,-0.79981888,829.54202329,-129.37656065,-34.7097856,34.7097856
3776,5,5,2,22,1,662.0,244.54448845,417.45551155,0.83456056,0.3176932,0.45008854,108.52347657,-0.3176932,775.18238297,-112.40464044,-30.15647464,30.15647464
3852,5,5,2,22,1,662.0,187.08228095,474.91771905,-0.16879607,0.95951098,0.22549183,163.64002595,-0.95951098,843.15580614,-133.75096448,-35.88337236,35.88337236
3864,5,5,2,22,1,662.0,193.40932828,468.59067172,0.46316274,0.8701576,-0.16824396,150.47695881,-0.8701576,835.74868387,-131.36496673,-35.24324505,35.24324505
3935,5,5,2,22,1,662.0,197.78942675,464.21057325,0.5808486,0.81164851,0.06198066,144.2573092,-0.81164851,830.61040819,-129.71812188,-34.80142134,34.80142134
3940,5,5,2,22,1,662.0,190.41513152,471.58486848,0.39608985,0.91170286,-0.10913631,155.74174455,-0.91170286,839.25621577,-132.49306704,-35.5458974,35.5458974
4003,5,5,2,22,1,662.0,232.1036711,429.8963289,-0.87921079,0.42969603,-0.20579044,115.44827099,-0.42969603,790.04048286,-116.9623079,-31.37922828,31.37922828
4040,5,5,2,22,1,662.0,233.80101048,428.19898952,0.90798812,0.41371296,-0.06632617,114.4382914,-0.41371296,788.01827925,-116.33831726,-31.21182097,31.21182097
4084,5,5,2,22,1,662.0,192.17289397,469.82710603,-0.27523855,0.88715653,0.37040119,152.51808365,-0.88715653,837.19757985,-131.83058017,-35.36816213,35.36816213
4086,9,9,2,22,1,662.0,84.72121952,577.27878048,-0.18645913,0.97302944,0.13581861,166.66283453,-0.97302944,744.69273414,23.77601106,6.37874621,6.37874621
4094,5,5,2,22,1,662.0,188.23883191,473.76116809,0.32840177,0.94272901,-0.05843188,160.51502803,-0.94272901,841.80313932,-133.31419254,-35.76619302,35.76619302
4129,5,5,2,22,1,662.0,189.32953335,472.67046665,-0.08526556,0.9270904,-0.3650112,157.98571028,-0.9270904,840.5269517,-132.90254356,-35.65575379,35.65575379
4139,5,5,2,22,1,662.0,218.22827848,443.77172152,0.49472852,0.56967804,0.65628547,124.72777739,-0.56967804,806.51538906,-122.08841646,-32.75448612,32.75448612
4302,5,5,2,22,1,662.0,193.40910964,468.59089036,0.23831594,0.87016059,0.43130739,150.47730608,-0.87016059,835.74894014,-131.36504903,-35.24326713,35.24326713
4374,5,5,2,22,1,662.0,221.79472875,440.20527125,-0.4691829,0.53202553,0.70485193,122.1424142,-0.53202553,802.29016472,-120.76660647,-32.39986437,32.39986437
4411,5,5,2,22,1,662.0,260.86297217,401.13702783,-0.67210604,0.18697699,0.71645871,100.77641685,-0.18697699,755.5607739,-106.48385026,-28.56801567,28.56801567
4457,5,5,2,22,1,662.0,191.50019952,470.49980048,-0.0675464,0.89649716,0.43787021,153.70138778,-0.89649716,837.98558022,-132.08403688,-35.43616076,35.43616076
4464,5,5,2,22,1,662.0,220.24459184,441.75540816,-0.82348919,0.54824115,0.14593558,123.24643203,-0.54824115,804.12741823,-121.34076838,-32.55390338,32.55390338
4525,5,5,2,22,1,662.0,229.09559162,432.90440838,0.81017918,0.45860353,0.36509245,117.29703251,-0.45860353,793.62055696,-118.06982658,-31.67635889,31.67635889
4646,6,6,2,22,1,662.0,185.06055908,476.93944092,-0.31133863,0.93260565,0.18252387,158.84470075,-0.93260565,837.25660014,-127.53945793,-34.21691857,34.21691857
4693,5,5,2,22,1,662.0,186.98752685,475.01247315,-0.22182621,0.9608951,0.16575206,163.92397213,-0.9608951,843.26660178,-133.7867607,-35.89297595,35.89297595
4705,5,5,2,22,1,662.0,247.31291565,414.68708435,-0.59151253,0.29430222,-0.75066579,107.11570015,-0.29430222,771.86441433,-111.3955189,-29.88574251,29.88574251
4878,5,5,2,22,1,662.0,194.97759525,467.02240475,-0.37575388,0.84890667,-0.37170752,148.0929517,-0.84890667,833.90995082,-130.77485657,-35.08492737,35.08492737
4991,5,5,2,22,1,662.0,191.64872769,470.35127231,0.11765008,0.89442915,0.43145679,153.43519944,-0.89442915,837.81161026,-132.0280665,-35.42114475,35.42114475
5033,5,5,2,22,1,662.0,226.06236506,435.93763494,0.71913218,0.48853168,0.49415151,119.24411857,-0.48853168,797.22577362,-119.18874019,-31.97654658,31.97654658
5097,5,5,2,22,1,662.0,190.37659906,471.62340094,0.02079813,0.91224602,-0.40911445,155.81760393,-0.91224602,839.30132844,-132.50759687,-35.54979553,35.54979553
5114,5,5,2,22,1,662.0,191.96898799,470.03101201,0.43404397,0.88998093,0.13978476,152.87085055,-0.88998093,837.4364584,-131.90739749,-35.38877106,35.38877106
5179,5,5,2,22,1,662.0,214.81873229,447.18126771,-0.31157088,0.60684297,-0.73120804,127.36157772,-0.60684297,810.54880601,-123.35476275,-33.09422778,33.09422778
5182,6,6,2,22,1,662.0,169.52752471,492.47247529,-0.63012952,0.6888528,-0.35835542,133.53936685,-0.6888528,788.4159143,-75.01927728,-20.12654392,20.12654392
5221,5,5,2,22,1,662.0,194.35906617,467.64093383,0.46193855,0.85724715,-0.22746452,149.00888358,-0.85724715,834.63528436,-131.00753565,-35.14735166,35.14735166
5418,5,5,2,22,1,662.0,246.00994743,415.99005257,0.89407181,0.30524567,-0.32781195,107.77294471,-0.30524567,773.42656452,-111.87023107,-30.01310064,30.01310064
5425,5,5,2,22,1,662.0,212.21719943,449.78280057,0.6359479,0.63600358,-0.43711522,129.49445789,-0.63600358,813.62252264,-124.32275504,-33.35392556,33.35392556
5432,5,5,2,22,1,662.0,242.4246742,419.5753258,-0.55375539,0.33596507,-0.76189398,109.6312342,-0.33596507,777.72007966,-113.17859982,-30.3641163,30.3641163
5442,5,5,2,22,1,662.0,193.84095767,468.15904233,0.33895838,0.86427448,-0.37166766,149.79996285,-0.86427448,835.24272495,-131.20250065,-35.19965784,35.19965784
5486,5,5,2,22,1,662.0,240.12086715,421.87913285,-0.68807224,0.35618871,0.63220739,110.86631551,-0.35618871,780.47521216,-114.02097098,-30.59011182,30.59011182
5488,5,5,2,22,1,662.0,201.7266525,460.2733475,0.54101059,0.76122374,-0.35755554,139.5721989,-0.76122374,825.98420819,-128.24128411,-34.40520798,34.40520798
5565,5,5,2,22,1,662.0,193.52459821,468.47540179,0.31105939,0.8685839,-0.3857513,150.29449405,-0.8685839,835.61357183,-131.32157507,-35.23160372,35.23160372
5589,5,5,2,22,1,662.0,202.85491256,459.14508744,-0.47985708,0.74713473,0.45992051,138.3427852,-0.74713473,824.65719529,-127.81869338,-34.29183324,34.29183324
5624,5,5,2,22,1,662.0,186.40160329,475.59839671,-0.24191476,0.96948521,-0.03969491,165.80931184,-0.96948521,843.95163344,-134.00815235,-35.952372,35.952372
5858,5,5,2,22,1,662.0,194.6744975,467.3255025,0.47174261,0.85298713,-0.22332008,148.53806827,-0.85298713,834.26540746,-130.88886616,-35.11551443,35.11551443
5898,5,5,2,22,1,662.0,198.10922238,463.89077762,0.40188559,0.80747804,-0.43181846,143.85025593,-0.80747804,830.23491676,-129.59804384,-34.76920621,34.76920621
5931,6,6,2,22,1,662.0,279.2984908,382.7015092,0.7794157,0.29953549,-0.55026326,107.42970594,-0.29953549,791.84420003,-148.95373024,-39.96204579,39.96204579
6033,5,5,2,22,1,662.0,198.50487282,463.49512718,-0.59667273,0.80233694,-0.01539744,143.35384713,-0.80233694,829.77029501,-129.4495138,-34.72935783,34.72935783
6043,5,5,2,22,1,662.0,196.02245721,465.97754279,0.43273712,0.83493693,0.3400278,146.60927189,-0.83493693,832.68427588,-130.38198321,-34.97952535,34.97952535
6079,5,5,2,22,1,662.0,197.65854875,464.34145125,-0.15339106,0.81335918,-0.56117557,144.42544338,-0.81335918,830.76406655,-129.76727074,-34.81460724,34.81460724
6103,5,5,2,22,1,662.0,224.38143372,437.61856628,-0.0850326,0.50546549,0.85864667,120.36225751,-0.50546549,799.22164028,-119.80972855,-32.14314842,32.14314842
6216,5,5,2,22,1,662.0,199.35733601,462.64266399,0.26764517,0.79132935,0.54969439,142.30991586,-0.79132935,828.76898384,-129.12960677,-34.64353159,34.64353159
6240,5,5,2,22,1,662.0,184.48962699,477.51037301,-0.04730846,0.99789584,-0.04433745,176.2824777,-0.99789584,846.18598226,-134.73108757,-36.14632465,36.14632465
6263,7,7,2,22,1,662.0,150.35691034,511.64308966,-0.53892339,0.63509304,-0.55337004,129.42688564,-0.63509304,766.34247671,-42.00573239,-11.2695063,11.2695063
6706,5,5,2,22,1,662.0,186.15299432,475.84700568,-0.21858083,0.97314635,0.07217062,166.69190272,-0.97314635,844.24224917,-134.10211091,-35.97757967,35.97757967
6715,5,5,2,22,1,662.0,210.74576188,451.25423812,0.55686382,0.6528157,-0.51355073,130.75423121,-0.6528157,815.35957408,-124.87092208,-33.50099053,33.50099053
6722,5,5,2,22,1,662.0,231.09266001,430.90733999,0.75357532,0.43932784,-0.48899416,116.0610023,-0.43932784,791.24427186,-117.33430679,-31.47902999,31.47902999
6745,5,5,2,22,1,662.0,184.96691897,477.03308103,-0.04677956,0.9907486,-0.12739263,172.20032096,-0.9907486,845.62836358,-134.5505486,-36.09788876,36.09788876
6771,5,5,2,22,1,662.0,203.0835766,458.9164234,-0.23381504,0.74429839,0.62558007,138.09887171,-0.74429839,824.38817795,-127.73308064,-34.26886463,34.26886463
6903,5,5,2,22,1,662.0,211.4856039,450.5143961,0.1204894,0.64433328,0.7551933,130.11570584,-0.64433328,814.4863116,-124.59524247,-33.42702984,33.42702984
6926,5,5,2,22,1,662.0,222.29383213,439.70616787,-0.52457039,0.52685266,0.66876916,121.79304716,-0.52685266,801.69835915,-120.58185806,-32.35029915,32.35029915
6927,5,5,2,22,1,662.0,205.38166424,456.61833576,0.07450704,0.71614375,0.69396458,135.73701202,-0.71614375,821.68317998,-126.87329752,-34.03819775,34.03819775
6950,5,5,2,22,1,662.0,187.0521957,474.9478043,-0.25577757,0.9599503,0.11433837,163.72962776,-0.9599503,843.19098514,-133.76232989,-35.88642153,35.88642153
7037,5,5,2,22,1,662.0,201.94500758,460.05499242,-0.18445288,0.75848477,0.62504239,139.33079997,-0.75848477,825.72743408,-128.15947757,-34.38326051,34.38326051
7091,5,5,2,22,1,662.0,204.04724322,457.95275678,-0.44466887,0.73241498,-0.51559469,137.08923427,-0.73241498,823.25418099,-127.3724045,-34.17210065,34.17210065
7131,5,5,2,22,1,662.0,189.71149673,472.28850327,0.37231619,0.92165627,-0.10922624,157.16943141,-0.92165627,840.07990755,-132.75844281,-35.61709373,35.61709373
7186,6,6,2,22,1,662.0,139.57783048,522.42216952,-0.14127628,0.54435487,-0.8268729,122.98058856,-0.54435487,747.21035896,-16.33265853,-4.38180667,4.38180667
7279,5,5,2,22,1,662.0,187.10989096,474.89010904,-0.21629791,0.95910793,-0.18255736,163.55823921,-0.95910793,843.1235211,-133.74053431,-35.88057411,35.88057411
7361,6,6,2,22,1,662.0,148.78199774,513.21800226,0.80137725,0.57522018,-0.16406172,125.11505305,-0.57522018,757.42404937,-32.46688053,-8.71037579,8.71037579
7487,5,5,2,22,1,662.0,187.19101936,474.80898064,-0.24469071,0.95792431,0.15002488,163.3203135,-0.95792431,843.02865386,-133.70988755,-35.87235204,35.87235204
7520,5,5,2,22,1,662.0,184.47260327,477.52739673,0.03473456,0.99815144,0.04987193,176.51565539,-0.99815144,846.2058692,-134.73752778,-36.14805246,36.14805246
7561,5,5,2,22,1,662.0,202.43087118,459.56912882,0.59708673,0.75241147,0.2781446,138.79970111,-0.75241147,825.15600461,-127.97748615,-34.33443495,34.33443495
7649,5,5,2,22,1,662.0,212.78885983,449.21114017,-0.72028612,0.62953471,-0.29133136,129.01580238,-0.62953471,812.94738725,-124.10991925,-33.29682492,33.29682492
7681,5,5,2,22,1,662.0,194.54871545,467.45128455,-0.457075,0.85468421,0.24616528,148.72486499,-0.85468421,834.41290569,-130.93618453,-35.12820923,35.12820923
7743,5,5,2,22,1,662.0,192.79745376,469.20254624,0.30528894,0.87854261,0.36737112,151.46705611,-0.87854261,836.46578459,-131.59534472,-35.305052,35.305052
7784,5,5,2,22,1,662.0,218.06821903,443.93178097,-0.54212168,0.57139673,0.61612487,124.84768145,-0.57139673,806.70486458,-122.14780587,-32.7704194,32.7704194
7841,5,5,2,22,1,662.0,190.32886752,471.67113248,0.11828504,0.91291916,0.39062418,155.9119278,-0.91291916,839.35721023,-132.52559593,-35.55462441,35.55462441
8073,5,5,2,22,1,662.0,214.90616224,447.09383776,-0.57627566,0.60587523,-0.54847203,127.2918492,-0.60587523,810.44544991,-123.3222576,-33.08550714,33.08550714
8207,5,5,2,22,1,662.0,210.5960062,451.4039938,-0.74559008,0.65453992,-0.12519157,130.88477361,-0.65453992,815.53630404,-124.92673873,-33.5159653,33.5159653
8234,5,5,2,22,1,662.0,189.38202755,472.61797245,-0.11700957,0.92634227,0.35804854,157.87163653,-0.92634227,840.46551709,-132.88273762,-35.65044015,35.65044015
8244,5,5,2,22,1,662.0,185.65994271,476.34005729,-0.19537897,0.98043629,-0.02391093,168.64796347,-0.98043629,844.81853099,-134.28849122,-36.0275827,36.0275827
8257,5,5,2,22,1,662.0,227.8735426,434.1264574,0.83541925,0.47056537,-0.28397696,118.07100215,-0.47056537,795.07362809,-118.52036589,-31.79723181,31.79723181
8263,5,5,2,22,1,662.0,199.47919475,462.52080525,-0.04621171,0.78976352,0.61166826,142.16341725,-0.78976352,828.62582023,-129.08388911,-34.63126623,34.63126623
8264,5,5,2,22,1,662.0,194.56298845,467.43701155,0.33828083,0.85449152,0.39422115,148.70360588,-0.85449152,834.39616883,-130.93081495,-35.12676866,35.12676866
8286,6,6,2,22,1,662.0,195.77915842,466.22084158,-0.23644984,0.83705584,-0.49338524,146.83051696,-0.83705584,832.79533315,-130.32635882,-34.96460217,34.96460217
8294,5,5,2,22,1,662.0,190.22083,471.77917,-0.22456476,0.91444403,-0.33669391,156.12689493,-0.91444403,839.48369163,-132.56633749,-35.56555476,35.56555476
8302,5,5,2,22,1,662.0,199.84772529,462.15227471,-0.57037521,0.78503966,-0.24162958,141.72434654,-0.78503966,828.19281709,-128.94564715,-34.59417799,34.59417799
8564,5,5,2,22,1,662.0,200.40941119,461.59058881,0.26085555,0.77787334,-0.57172323,141.06627082,-0.77787334,827.53274688,-128.73500548,-34.537666,34.537666
8566,6,6,2,22,1,662.0,134.58978422,527.41021578,-0.85495224,0.4724407,0.2141412,118.19284463,-0.4724407,735.2182438,-1.04229289,-0.27963151,0.27963151
8678,5,5,2,22,1,662.0,189.14345883,472.85654117,-0.35983436,0.9297456,0.07805353,158.39519299,-0.9297456,840.74470726,-132.97275366,-35.6745901,35.6745901
8714,5,5,2,22,1,662.0,197.95485752,464.04514248,-0.49459153,0.80948944,-0.31639544,144.04607792,-0.80948944,830.41617172,-129.6560026,-34.78475567,34.78475567
8766,5,5,2,22,1,662.0,213.04330786,448.95669214,0.41613363,0.62666655,0.65887922,128.80461289,-0.62666655,812.64683107,-124.01520869,-33.27141549,33.27141549
8780,5,5,2,22,1,662.0,221.52653848,440.47346152,-0.00679912,0.53481477,0.84494197,122.33135053,-0.53481477,802.60811592,-120.86590343,-32.42650426,32.42650426
8881,6,6,2,22,1,662.0,202.46967107,459.53032893,-0.54227775,0.75452457,-0.36963159,138.98384529,-0.75452457,825.53210266,-128.31921114,-34.42611463,34.42611463
8892,5,5,2,22,1,662.0,184.74207208,477.25792792,0.09626499,0.99411098,0.0497635,173.77882487,-0.99411098,845.89106372,-134.63559264,-36.12070479,36.12070479
8930,5,5,2,22,1,662.0,197.8271426,464.1728574,0.09037996,0.81115595,0.57780402,144.20902536,-0.81115595,830.56612616,-129.70395906,-34.79762167,34.79762167
8931,5,5,2,22,1,662.0,197.78841049,464.21158951,0.51046828,0.81166178,-0.28394944,144.25861126,-0.81166178,830.61160137,-129.71850351,-34.80152373,34.80152373
8954,5,5,2,22,1,662.0,191.81330965,470.18669035,-0.20688886,0.89214135,-0.40159782,153.14357365,-0.89214135,837.61882519,-131.96605194,-35.40450717,35.40450717
8985,5,5,2,22,1,662.0,195.53230144,466.46769856,0.22183564,0.8414717,0.49266047,147.29585488,-0.8414717,833.25931428,-130.56625541,-35.02896281,35.02896281
9002,5,5,2,22,1,662.0,223.97054117,438.02945883,0.86034583,0.50964351,-0.00827876,120.64008699,-0.50964351,799.70929644,-119.96162402,-32.18389969,32.18389969
9027,5,5,2,22,1,662.0,192.8007858,469.1992142,0.37349251,0.87849681,-0.29790386,151.46156219,-0.87849681,836.46187998,-131.59408995,-35.30471536,35.30471536
9193,5,5,2,22,1,662.0,219.57287629,442.42712371,0.67198798,0.55533891,0.48992942,123.73406141,-0.55533891,804.92317381,-121.5897378,-32.62069813,32.62069813
9199,5,5,2,22,1,662.0,189.29916365,472.70083635,0.14112405,0.9275234,-0.34609874,158.05199211,-0.9275234,840.56249318,-132.91400224,-35.65882798,35.65882798
9203,6,6,2,22,1,662.0,150.83360921,511.16639079,-0.29230367,0.52698991,0.79802268,121.80229988,-0.52698991,752.48695128,-29.11981423,-7.81240824,7.81240824
9349,5,5,2,22,1,662.0,194.55227965,467.44772035,0.21400313,0.85463609,0.47307485,148.71955474,-0.85463609,834.40872624,-130.93484365,-35.1278495,35.1278495
9429,5,5,2,22,1,662.0,197.36334054,464.63665946,0.0093498,0.81722611,-0.57624132,144.80807348,-0.81722611,831.11062944,-129.87814423,-34.84435293,34.84435293
9506,5,5,2,22,1,662.0,186.45591088,475.54408912,-0.18904162,0.96868674,-0.16096354,165.6238835,-0.96868674,843.88814608,-133.9876292,-35.94686595,35.94686595
9525,5,5,2,22,1,662.0,198.97457175,463.02542825,0.15434152,0.7962602,-0.58493451,142.77444744,-0.7962602,829.21862345,-129.27322889,-34.68206324,34.68206324
9532,6,6,2,22,1,662.0,218.65488869,443.34511131,-0.25506099,0.71538281,0.6505162,135.67458039,-0.71538281,832.56027987,-144.16848946,-38.67823765,38.67823765
9614,5,5,2,22,1,662.0,187.68671421,474.31328579,-0.29044071,0.95071464,-0.10856275,161.93671867,-0.95071464,842.44895225,-133.52266536,-35.82212314,35.82212314
9644,5,5,2,22,1,662.0,276.35504224,385.64495776,-0.46105258,0.07716504,-0.88401135,94.42563045,-0.07716504,736.78378075,-100.92594098,-27.0769122,27.0769122
9649,5,5,2,22,1,662.0,263.91749808,398.08250192,0.97950014,0.16430533,-0.11654716,99.45688229,-0.16430533,751.87041934,-105.38305966,-28.27269011,28.27269011
9736,5,5,2,22,1,662.0,199.38895564,462.61104436,0.60174635,0.79092287,0.1110961,142.27183902,-0.79092287,828.73183673,-129.11774376,-34.64034892,34.64034892
9773,5,5,2,22,1,662.0,193.05878295,468.94121705,0.40154586,0.8749549,-0.2705824,151.03963891,-0.8749549,836.15953417,-131.49694153,-35.2786519,35.2786519
9845,5,5,2,22,1,662.0,187.09294625,474.90705375,0.09278147,0.95935527,-0.26651277,163.60838313,-0.95935527,843.14333498,-133.74693545,-35.88229144,35.88229144
9847,7,7,2,22,1,662.0,160.75596881,501.24403119,-0.12757974,0.98620937,0.1054253,170.47357177,-0.98620937,820.97026341,-98.4936853,-26.42437457,26.42437457
9892,5,5,2,22,1,662.0,223.08170346,438.91829654,-0.77588802,0.51873401,0.3590443,121.24736934,-0.51873401,800.76389358,-120.2903351,-32.27208793,32.27208793
9921,5,5,2,22,1,662.0,185.20361192,476.79638808,0.15116835,0.98721789,-0.05048724,170.82929878,-0.98721789,845.35179949,-134.46103528,-36.07387368,36.07387368
9936,5,5,2,22,1,662.0,250.4267732,411.5732268,0.13677173,0.26861062,-0.95348929,105.58160733,-0.26861062,768.12724309,-110.26273662,-29.58183405,29.58183405
10111,5,5,2,22,1,662.0,187.69423519,474.30576481,-0.25766447,0.95060554,0.17308416,161.91657018,-0.95060554,842.44015584,-133.51982511,-35.82136115,35.82136115
10241,5,5,2,22,1,662.0,206.70337083,455.29662917,0.70896362,0.70023464,0.08391683,134.4458323,-0.70023464,820.12632137,-126.37932876,-33.90567336,33.90567336
10291,5,5,2,22,1,662.0,232.89644519,429.10355481,0.0973874,0.42220184,-0.9012554,114.97367725,-0.42220184,789.09616545,-116.67077688,-31.30101489,31.30101489
10315,5,5,2,22,1,662.0,193.83741222,468.16258778,0.48958732,0.86432269,0.11511097,149.80545549,-0.86432269,835.24688129,-131.203835,-35.20001583,35.20001583
10408,5,5,2,22,1,662.0,190.75874925,471.24125075,0.16009959,0.90686882,-0.3898167,155.07617008,-0.90686882,838.85388916,-132.36350929,-35.511139,35.511139
10510,5,5,2,22,1,662.0,186.60091304,475.39908696,-0.14579516,0.96655711,0.2109766,165.14039188,-0.96655711,843.7186275,-133.93283504,-35.9321655,35.9321655
10561,6,6,2,22,1,662.0,159.79647443,502.20352557,0.53926957,0.84211375,-0.00572482,147.36400371,-0.84211375,801.2149316,-80.31138613,-21.54633714,21.54633714
10601,5,5,2,22,1,662.0,272.07203043,389.92796957,0.88531446,0.10627341,0.45268561,96.10053825,-0.10627341,741.99013222,-102.45619504,-27.48745635,27.48745635
10704,6,6,2,22,1,662.0,188.87539266,473.12460734,0.04435126,0.67588771,0.73566893,132.52312371,-0.67588771,801.83404896,-99.39992794,-26.66750585,26.66750585
10709,5,5,2,22,1,662.0,193.00141859,468.99858141,-0.21974895,0.87574161,-0.42986862,151.13286663,-0.87574161,836.2267618,-131.51854078,-35.28444666,35.28444666
10770,5,5,2,22,1,662.0,222.87447577,439.12552423,-0.39375311,0.52086383,-0.75740304,121.39021324,-0.52086383,801.00970936,-120.36699835,-32.29265553,32.29265553
10834,5,5,2,22,1,662.0,241.40152629,420.59847371,-0.35233408,0.34489898,0.8700031,110.17562941,-0.34489898,778.94402836,-113.55254854,-30.46444112,30.46444112
10881,5,5,2,22,1,662.0,202.48771727,459.51228273,0.07062565,0.7517028,0.65570948,138.73809584,-0.7517028,825.08914015,-127.95619647,-34.32872325,34.32872325
10979,7,7,2,22,1,662.0,132.04009127,529.95990873,-0.04878058,0.99093155,0.12520031,172.27794492,-0.99093155,793.04117825,-55.03830448,-14.7659494,14.7659494
11025,5,5,2,22,1,662.0,184.8117403,477.1882597,-0.07916694,0.99306828,0.08687913,173.24991484,-0.99306828,845.8096691,-134.60924085,-36.11363501,36.11363501
11063,5,5,2,22,1,662.0,187.95864703,474.04135297,-0.32183878,0.94677564,0.00597382,161.22248193,-0.94677564,842.13088867,-133.41997897,-35.79457393,35.79457393
11134,6,6,2,22,1,662.0,166.65430931,495.34569069,0.74458153,0.58613698,-0.31943979,125.88335337,-0.58613698,771.58859721,-57.74169537,-15.49122852,15.49122852
11198,6,6,2,22,1,662.0,156.59960927,505.40039073,-0.31453475,0.86550395,-0.38983432,149.94029991,-0.86550395,801.3857963,-78.4266428,-21.04068885,21.04068885
11311,5,5,2,22,1,662.0,195.10560974,466.89439026,0.51131299,0.84718709,-0.14433666,147.90702677,-0.84718709,833.75980994,-130.72671003,-35.07201038,35.07201038
11325,5,5,2,22,1,662.0,187.45456202,474.54543798,0.11544491,0.95408645,-0.27639016,162.5705409,-0.95408645,842.72046126,-133.61034207,-35.84564549,35.84564549
11371,5,5,2,22,1,662.0,197.8584682,464.1415318,0.29932547,0.81074699,-0.50308406,144.16897913,-0.81074699,830.52934638,-129.6921961,-34.79446584,34.79446584
11377,5,5,2,22,1,662.0,194.94328569,467.05671431,-0.20523349,0.84936793,0.48626467,148.14298848,-0.84936793,833.95018929,-130.78776107,-35.08838945,35.08838945
11389,5,5,2,22,1,662.0,195.92800802,466.07199198,-0.42890366,0.83619359,0.34179224,146.74032807,-0.83619359,832.79508972,-130.41748706,-34.9890505,34.9890505
11439,5,5,2,22,1,662.0,253.71168919,408.28831081,-0.9506306,0.24219122,-0.19402286,104.01590387,-0.24219122,764.17871491,-109.07033356,-29.26193025,29.26193025
11507,5,5,2,22,1,662.0,187.74578966,474.25421034,0.16165753,0.94985795,-0.26765037,161.77908005,-0.94985795,842.37985797,-133.50035617,-35.81613792,35.81613792
11722,6,6,2,22,1,662.0,160.30812944,501.69187056,-0.79700588,0.60395572,-0.00437288,127.15373331,-0.60395572,769.50053078,-51.59319064,-13.84167717,13.84167717
11726,5,5,2,22,1,662.0,185.87161827,476.12838173,0.19556485,0.97730186,0.08145837,167.76912029,-0.97730186,844.57113618,-134.20846878,-36.00611389,36.00611389
11755,5,5,2,22,1,662.0,199.79490825,462.20509175,0.36371129,0.7857156,0.50036495,141.78691143,-0.7857156,828.25487805,-128.96545792,-34.59949292,34.59949292
11756,5,5,2,22,1,662.0,225.66547213,436.33452787,-0.57649121,0.49250725,0.65199271,119.50550961,-0.49250725,797.69715837,-119.33530601,-32.01586799,32.01586799
11768,5,5,2,22,1,662.0,210.85837232,451.14162768,-0.64127009,0.65152076,-0.40533119,130.65635887,-0.65152076,815.22667291,-124.82895341,-33.48973097,33.48973097
11793,5,5,2,22,1,662.0,198.46841728,463.53158272,0.42939245,0.80280979,0.4136648,143.3992616,-0.80280979,829.81310861,-129.46319807,-34.73302912,34.73302912
11795,5,5,2,22,1,662.0,234.45448633,427.54551367,-0.30946986,0.40762117,0.85911197,114.05548791,-0.40762117,787.23932141,-116.09826214,-31.14741779,31.14741779
11809,5,5,2,22,1,662.0,198.58252866,463.41747134,0.40580086,0.80133029,-0.43954003,143.25732374,-0.80133029,829.67909351,-129.42036516,-34.72153769,34.72153769
11820,5,5,2,22,1,662.0,192.23697653,469.76302347,-0.2476742,0.88627012,-0.39138569,152.40823066,-0.88627012,837.12250245,-131.80644021,-35.36168574,35.36168574
11876,6,6,2,22,1,662.0,171.85565006,490.14434994,-0.27888178,0.6567333,-0.70066135,131.05120904,-0.6567333,785.62676327,-74.00580719,-19.85464514,19.85464514
11887,5,5,2,22,1,662.0,207.99543328,454.00456672,-0.34391889,0.68487779,0.64238789,133.22599692,-0.68487779,818.60358176,-125.89680858,-33.77622045,33.77622045
11888,6,6,2,22,1,662.0,181.50714754,480.49285246,-0.03567039,0.94976779,0.31091602,161.76256621,-0.94976779,836.3209494,-124.57480309,-33.42154626,33.42154626
11895,5,5,2,22,1,662.0,185.40078541,476.59921459,0.17507557,0.98428357,0.02311693,169.82850043,-0.98428357,845.12139345,-134.38647638,-36.05387065,36.05387065
11899,5,5,2,22,1,662.0,202.62962175,459.37037825,-0.13789636,0.74993548,-0.64697864,138.58478963,-0.74993548,824.92222031,-127.90305425,-34.31446599,34.31446599
12149,5,5,2,22,1,662.0,184.9616725,477.0383275,0.01910607,0.99082696,-0.13377924,172.23347526,-0.99082696,845.63449354,-134.55253286,-36.09842111,36.09842111
12155,5,5,2,22,1,662.0,194.90808635,467.09191365,-0.00671418,0.84984132,-0.52699588,148.19441445,-0.84984132,833.99147075,-130.80100048,-35.09194139,35.09194139
12180,5,5,2,22,1,662.0,227.05978335,434.94021665,-0.64037526,0.47860214,-0.60071584,118.59414558,-0.47860214,796.04079375,-118.82057137,-31.87777242,31.87777242
12317,5,5,2,22,1,662.0,206.23212655,455.76787345,-0.5831817,0.70588352,0.40202931,134.90096646,-0.70588352,820.6815019,-126.55540573,-33.95291216,33.95291216
12391,5,5,2,22,1,662.0,197.83254569,464.16745431,-0.30669289,0.81108541,0.49807624,144.20211444,-0.81108541,830.55978235,-129.70193015,-34.79707734,34.79707734
12429,5,5,2,22,1,662.0,215.51440915,446.48559085,0.7951883,0.59916443,0.09315338,126.81007741,-0.59916443,809.7263015,-123.09616788,-33.02485067,33.02485067
12504,6,6,2,22,1,662.0,189.26795459,472.73204541,-0.69099253,0.72280799,0.0088273,136.28680295,-0.72280799,809.44139496,-106.28516317,-28.51471091,28.51471091
12525,5,5,2,22,1,662.0,211.39095096,450.60904904,-0.22005267,0.64541518,0.73144792,130.19681169,-0.64541518,814.59804865,-124.63050524,-33.43649031,33.43649031
12589,5,5,2,22,1,662.0,223.86876762,438.13123238,0.85249759,0.51068073,-0.11159327,120.70918336,-0.51068073,799.83007018,-119.99925285,-32.19399494,32.19399494
12779,5,5,2,22,1,662.0,260.19891713,401.80108287,0.97988217,0.19197625,0.05455313,101.06813842,-0.19197625,756.362308,-106.72347932,-28.63230455,28.63230455
12885,5,5,2,22,1,662.0,204.88234295,457.11765705,0.53750649,0.72220739,0.43531972,136.23702899,-0.72220739,822.27112401,-127.06001085,-34.08829013,34.08829013
12935,5,5,2,22,1,662.0,201.28547284,460.71452716,0.42169723,0.76677587,-0.48396923,140.06524087,-0.76677587,826.5029449,-128.40660308,-34.44956057,34.44956057
12943,5,5,2,22,1,662.0,184.59925606,477.40074394,0.05284543,0.99625092,-0.06849427,175.03709728,-0.99625092,846.05791167,-134.68961548,-36.13519831,36.13519831
12982,5,5,2,22,1,662.0,190.46782635,471.53217365,-0.21096337,0.91096041,0.35446522,155.63841226,-0.91096041,839.19452115,-132.47319736,-35.54056666,35.54056666
13011,5,5,2,22,1,662.0,194.52517928,467.47482072,-0.27881282,0.85500201,0.43730422,148.75995649,-0.85500201,834.44050458,-130.94503905,-35.13058477,35.13058477
13024,5,5,2,22,1,662.0,269.71116343,392.28883657,-0.96192474,0.12271367,0.24421741,97.04874232,-0.12271367,744.85493022,-103.30177721,-27.71431333,27.71431333
13026,5,5,2,22,1,662.0,214.8838829,447.1161171,-0.25654828,0.60612176,-0.7528608,127.30960625,-0.60612176,810.471788,-123.33054057,-33.08772934,33.08772934
13040,5,5,2,22,1,662.0,203.83596276,458.16403724,0.65016719,0.73501076,0.1924625,137.30812528,-0.73501076,823.50284291,-127.45146421,-34.19331118,34.19331118
13098,5,5,2,22,1,662.0,280.46523728,381.53476272,-0.56865875,0.05006712,0.82104842,92.86983432,-0.05006712,731.77624375,-99.4620587,-26.68417459,26.68417459
13104,5,5,2,22,1,662.0,187.86729417,474.13270583,0.27944394,0.94809763,0.15172992,161.45923001,-0.94809763,842.23774226,-133.45447363,-35.80382833,35.80382833
13106,5,5,2,22,1,662.0,194.96024724,467.03975276,-0.45257214,0.84913988,0.27228647,148.11824091,-0.84913988,833.93029674,-130.78138147,-35.0866779,35.0866779
13133,5,5,2,22,1,662.0,197.84351338,464.15648662,0.34297315,0.81094221,-0.47406976,144.18809075,-0.81094221,830.54690508,-129.6978117,-34.79597243,34.79597243
13178,6,6,2,22,1,662.0,187.87510716,474.12489284,-0.29963126,0.95390375,0.01699263,162.53562676,-0.95390375,843.1022533,-134.18643359,-36.00020218,36.00020218
13199,5,5,2,22,1,662.0,233.54689216,428.45310784,0.03283403,0.41609109,-0.90872996,114.58804623,-0.41609109,788.32113241,-116.43169518,-31.23687287,31.23687287
13217,5,5,2,22,1,662.0,189.28457475,472.71542525,-0.37323607,0.92773146,-0.00302947,158.0839077,-0.92773146,840.57956635,-132.91950679,-35.66030477,35.66030477
13373,6,6,2,22,1,662.0,186.40526391,475.59473609,-0.20058942,0.94495205,-0.25851402,160.90055015,-0.94495205,840.36041519,-130.98416058,-35.14108048,35.14108048
13395,5,5,2,22,1,662.0,193.83632852,468.16367148,0.35885147,0.86433743,-0.35234419,149.80713459,-0.86433743,835.24815172,-131.20424286,-35.20012525,35.20012525
13555,5,5,2,22,1,662.0,233.4246005,428.5753995,0.90620516,0.41723738,-0.06859427,114.66029426,-0.41723738,788.46686491,-116.47663773,-31.24893027,31.24893027
13585,5,5,2,22,1,662.0,195.16801405,466.83198595,-0.29867615,0.84634964,-0.44100436,147.8168284,-0.84634964,833.68661682,-130.70324089,-35.06571396,35.06571396
13626,5,5,2,22,1,662.0,248.32437867,413.67562133,0.32411423,0.28588626,0.90178657,106.61183169,-0.28588626,770.65109023,-111.02729889,-29.78695461,29.78695461
13654,5,5,2,22,1,662.0,187.15232895,474.84767105,0.26241064,0.95848866,0.11153541,163.43334106,-0.95848866,843.07389673,-133.72450292,-35.87627313,35.87627313
13708,7,7,2,22,1,662.0,164.28344005,497.71655995,0.05497086,0.98102164,0.18594288,168.8196275,-0.98102164,823.78171567,-103.15232031,-27.67421629,27.67421629
13723,5,5,2,22,1,662.0,212.79878438,449.20121562,0.77674027,0.62942271,0.0223966,129.00754382,-0.62942271,812.93566487,-124.10622487,-33.29583377,33.29583377
13753,5,5,2,22,1,662.0,216.50337861,445.49662139,-0.45836157,0.58833359,-0.66615933,126.0388438,-0.58833359,808.55662482,-122.72873809,-32.92627478,32.92627478
13778,5,5,2,22,1,662.0,198.07837077,463.92162923,-0.26898463,0.80787979,-0.52438298,143.88929547,-0.80787979,830.27114354,-129.60962717,-34.77231384,34.77231384
13848,5,5,2,22,1,662.0,250.08815563,411.91184437,0.21440369,0.27137346,0.93828967,105.74601198,-0.27137346,768.53391241,-110.38580525,-29.61485152,29.61485152
13857,5,5,2,22,1,662.0,253.13609977,408.86390023,-0.41441987,0.24677093,0.87599103,104.28651428,-0.24677093,764.87103725,-109.27907415,-29.31793221,29.31793221
13861,5,5,2,22,1,662.0,264.85415887,397.14584113,-0.18071953,0.15745791,-0.97084883,99.05937479,-0.15745791,750.73763925,-105.04598751,-28.18225872,28.18225872
13951,6,6,2,22,1,662.0,198.07849477,463.92150523,0.46678947,0.86768303,0.17097879,150.19049915,-0.86768303,839.66309209,-137.49939235,-36.88901919,36.88901919
14064,5,5,2,22,1,662.0,188.55316368,473.44683632,-0.30497027,0.93820353,0.16360708,159.75201813,-0.93820353,841.43540538,-133.19553306,-35.73435847,35.73435847
14102,5,5,2,22,1,662.0,206.14410742,455.85589258,-0.13166445,0.70694148,0.69490878,134.98660747,-0.70694148,820.78518703,-126.58829881,-33.96173688,33.96173688
14263,5,5,2,22,1,662.0,190.68120843,471.31879157,-0.07283194,0.90795815,-0.4126833,155.22469051,-0.90795815,838.9446828,-132.39274315,-35.51898201,35.51898201
14337,5,5,2,22,1,662.0,196.64323588,465.35676412,0.35571021,0.82670746,0.43591859,145.76198556,-0.82670746,831.95583798,-130.14867709,-34.91693283,34.91693283
14345,5,5,2,22,1,662.0,219.76088479,442.23911521,0.67624279,0.55334793,-0.48631447,123.59699924,-0.55334793,804.70047016,-121.52004267,-32.60199998,32.60199998
14403,6,6,2,22,1,662.0,194.0587546,467.9412454,-0.16077738,0.74121557,0.65172855,137.8350671,-0.74121557,816.30026823,-115.22118909,-30.91211228,30.91211228
14476,5,5,2,22,1,662.0,207.99792436,454.00207564,-0.5471486,0.68484837,-0.48125993,133.22368333,-0.68484837,818.60064516,-125.89587864,-33.77597096,33.77597096
14538,8,8,2,22,1,662.0,111.64527245,550.35472755,-0.28571398,0.24986563,0.92516738,104.4695611,-0.24986563,698.31467829,53.57122223,14.3723533,14.3723533
14547,5,5,2,22,1,662.0,253.41165042,408.58834958,0.96079866,0.2445759,-0.13057019,104.15677195,-0.2445759,764.53962746,-109.17913388,-29.29111974,29.29111974
14570,6,6,2,22,1,662.0,151.90698977,510.09301023,0.15267949,0.71613948,-0.68105303,135.73666128,-0.71613948,778.0444597,-54.00599141,-14.48899533,14.48899533
14645,6,6,2,22,1,662.0,163.85533161,498.14466839,0.18252476,0.75993067,0.62385101,139.45808653,-0.75993067,793.69724606,-76.1319684,-20.42506222,20.42506222
14649,5,5,2,22,1,662.0,203.08598088,458.91401912,0.24301957,0.74426861,0.62209785,138.09631617,-0.74426861,824.38534925,-127.73218053,-34.26862314,34.26862314
14727,5,5,2,22,1,662.0,208.32372687,453.67627313,0.43778465,0.6810062,-0.58700524,132.92232097,-0.6810062,818.21655014,-125.77426584,-33.74334408,33.74334408
15002,5,5,2,22,1,662.0,203.03611669,458.96388331,-0.21911378,0.74488656,0.63018502,138.14935617,-0.74488656,824.44401532,-127.75084889,-34.27363158,34.27363158
15035,5,5,2,22,1,662.0,190.75078841,471.24921159,-0.22469438,0.90698062,0.35622828,155.09137441,-0.90698062,838.86321075,-132.36651057,-35.5119442,35.5119442
15064,5,5,2,22,1,662.0,191.44257556,470.55742444,-0.24681694,0.89730035,-0.36596924,153.80544799,-0.89730035,838.0530721,-132.10575276,-35.4419868,35.4419868
15089,5,5,2,22,1,662.0,194.26769444,467.73230556,-0.2431115,0.85848374,0.45155561,149.14676099,-0.85848374,834.74241913,-131.04191484,-35.15657509,35.15657509
15128,5,5,2,22,1,662.0,193.43000267,468.56999733,-0.35965706,0.86987521,0.33758542,150.44414118,-0.86987521,835.72445111,-131.35718395,-35.24115705,35.24115705
15185,5,5,2,22,1,662.0,222.12635598,439.87364402,-0.7940813,0.52858584,-0.30005314,121.90995572,-0.52858584,801.89695595,-120.64384479,-32.36692926,32.36692926
15245,5,5,2,22,1,662.0,193.9060814,468.0939186,0.26609783,0.86338911,0.42866209,149.6992687,-0.86338911,835.16637922,-131.17799138,-35.19308237,35.19308237
15253,5,5,2,22,1,662.0,191.17039249,470.82960751,-0.35348626,0.90110068,0.25112751,154.30312623,-0.90110068,838.37184577,-132.20833573,-35.46950827,35.46950827
15307,5,5,2,22,1,662.0,187.90414808,474.09585192,-0.31955797,0.94756415,0.00220848,161.36334346,-0.94756415,842.19463543,-133.44055746,-35.80009483,35.80009483
15333,5,5,2,22,1,662.0,194.29844343,467.70155657,0.16190269,0.85806746,0.48734767,149.10028524,-0.85806746,834.70636588,-131.03034514,-35.15347111,35.15347111
15392,5,5,2,22,1,662.0,193.37226999,468.62773001,0.48149112,0.87066393,-0.1005516,150.53588436,-0.87066393,835.79211997,-131.37891737,-35.24698779,35.24698779
15464,5,5,2,22,1,662.0,215.80264312,446.19735688,-0.59891717,0.59599754,-0.53486929,126.5837773,-0.59599754,809.38545039,-122.98905823,-32.99611476,32.99611476
15487,5,5,2,22,1,662.0,193.00367533,468.99632467,-0.04677328,0.87571065,-0.48056541,151.12919276,-0.87571065,836.22411706,-131.51769104,-35.28421869,35.28421869
15550,5,5,2,22,1,662.0,194.86277345,467.13722655,0.50155468,0.85045097,-0.15866963,148.26075345,-0.85045097,834.04461248,-130.81804427,-35.09651398,35.09651398
15591,5,5,2,22,1,662.0,211.17289302,450.82710698,-0.62896585,0.64791131,0.42966601,130.38430845,-0.64791131,814.85544787,-124.71174987,-33.45828702,33.45828702
15610,5,5,2,22,1,662.0,195.19458373,466.80541627,-0.44369107,0.84599325,0.29569184,147.77851081,-0.84599325,833.65545308,-130.69324876,-35.06303322,35.06303322
15743,5,5,2,22,1,662.0,203.10947571,458.89052429,-0.45619522,0.74397755,0.48824515,138.07135293,-0.74397755,824.35770677,-127.72338462,-34.26626333,34.26626333
15799,5,5,2,22,1,662.0,186.4844937,475.5155063,-0.06349854,0.96826669,-0.24171793,165.5272672,-0.96826669,843.85473131,-133.97682784,-35.9439681,35.9439681
15839,5,5,2,22,1,662.0,210.99350135,451.00649865,-0.16691074,0.6499687,0.74140508,130.53924181,-0.6499687,815.06718757,-124.77859601,-33.47622083,33.47622083
15868,5,5,2,22,1,662.0,208.10414128,453.89585872,0.19382856,0.68359444,0.70365413,133.12516754,-0.68359444,818.47542949,-125.85622833,-33.76533338,33.76533338
15904,5,5,2,22,1,662.0,187.0402948,474.9597052,0.25458207,0.96012412,-0.11554068,163.76521255,-0.96012412,843.20490088,-133.76682578,-35.88762771,35.88762771
16041,5,5,2,22,1,662.0,185.95369799,476.04630201,0.21338993,0.97608836,-0.0414276,167.44515108,-0.97608836,844.47520066,-134.17744162,-35.99778977,35.99778977
16046,6,6,2,22,1,662.0,210.21387272,451.78612728,-0.42790103,0.87824399,0.21351393,151.43125749,-0.87824399,852.56643278,-155.49761874,-41.71767266,41.71767266
16109,5,5,2,22,1,662.0,196.04667073,465.95332927,-0.54797343,0.83461497,0.05606226,146.57576708,-0.83461497,832.65586636,-130.37288155,-34.97708351,34.97708351
16123,6,6,2,22,1,662.0,175.92881988,486.07118012,-0.86688853,0.49074259,-0.08761274,119.38940182,-0.49074259,763.87400996,-56.775565,-15.23203027,15.23203027
16184,5,5,2,22,1,662.0,195.72874167,466.27125833,-0.46388341,0.83884882,-0.28485932,147.01875701,-0.83884882,833.02886858,-130.49239833,-35.00914807,35.00914807
16222,5,5,2,22,1,662.0,203.26987923,458.73012077,0.60520011,0.74199223,-0.28841006,137.90140031,-0.74199223,824.1689797,-127.66333656,-34.25015334,34.25015334
16275,5,5,2,22,1,662.0,212.3250658,449.6749342,-0.5346515,0.6347803,0.55785458,129.40369196,-0.6347803,813.49514376,-124.28258958,-33.34314977,33.34314977
16336,5,5,2,22,1,662.0,206.82933122,455.17066878,0.18686321,0.69872909,-0.69055036,134.32512776,-0.69872909,819.9779076,-126.33227281,-33.89304896,33.89304896
16346,5,5,2,22,1,662.0,192.68924425,469.31075575,-0.25078124,0.88003103,-0.40330404,151.64610736,-0.88003103,836.59258587,-131.63609508,-35.31598471,35.31598471
16473,5,5,2,22,1,662.0,208.34512375,453.65487625,-0.43748051,0.68075429,-0.58752396,132.90261374,-0.68075429,818.19132317,-125.76627981,-33.74120154,33.74120154
16500,5,5,2,22,1,662.0,186.19161049,475.80838951,0.20419597,0.97257703,0.11134599,166.55092585,-0.97257703,844.19710989,-134.08751559,-35.97366397,35.97366397
16631,5,5,2,22,1,662.0,194.14956719,467.85043281,0.48560796,0.86008415,-0.15633347,149.32603308,-0.86008415,834.88091959,-131.08636359,-35.16850002,35.16850002
16636,5,5,2,22,1,662.0,230.9207632,431.0792368,-0.67958408,0.44097387,0.58626575,116.16603436,-0.44097387,791.44889201,-117.39757963,-31.49600514,31.49600514
16703,5,5,2,22,1,662.0,192.90148864,469.09851136,0.40050329,0.87711318,-0.2650841,151.29606538,-0.87711318,836.34387027,-131.55616879,-35.29454169,35.29454169
16706,5,5,2,22,1,662.0,198.10257843,463.89742157,0.18839555,0.80756455,-0.55887979,143.85865906,-0.80756455,830.2427183,-129.60053831,-34.76987544,34.76987544
16774,5,5,2,22,1,662.0,197.05478236,464.94521764,0.54641107,0.8212803,0.16411462,145.21316279,-0.8212803,831.47282232,-129.99405153,-34.87544912,34.87544912
16819,5,5,2,22,1,662.0,194.61912482,467.38087518,-0.23807062,0.85373396,0.46309902,148.62014849,-0.85373396,834.33034107,-130.90969658,-35.12110291,35.12110291
16876,5,5,2,22,1,662.0,202.62667519,459.37332481,-0.64837299,0.74997216,-0.13097414,138.58796602,-0.74997216,824.92568639,-127.90415767,-34.31476202,34.31476202
16961,5,5,2,22,1,662.0,188.0991849,473.9008151,-0.28957259,0.94474439,-0.15364166,160.86421972,-0.94474439,841.96649724,-133.36691554,-35.78033781,35.78033781
17035,5,5,2,22,1,662.0,204.09303244,457.90696756,-0.52121791,0.73185313,0.43900215,137.04197387,-0.73185313,823.20028763,-127.35527177,-34.16750419,34.16750419
17054,5,5,2,22,1,662.0,229.61297425,432.38702575,-0.85941847,0.45357757,0.23593914,116.97345016,-0.45357757,793.00513098,-117.87918522,-31.62521268,31.62521268
17112,5,5,2,22,1,662.0,204.60225061,457.39774939,0.5936589,0.72562173,0.34791122,136.52059305,-0.72562173,822.60087764,-127.16477073,-34.11639563,34.11639563
17115,5,5,2,22,1,662.0,185.72273364,476.27726636,-0.1935773,0.97950576,0.05564442,168.38021528,-0.97950576,844.74514641,-134.26475259,-36.02121399,36.02121399
17213,6,6,2,22,1,662.0,231.7795062,430.2204938,0.21681432,0.55825826,-0.8008366,123.93543016,-0.55825826,814.4211675,-137.27325757,-36.82835063,36.82835063
17237,5,5,2,22,1,662.0,193.28146399,468.71853601,-0.41499385,0.87190544,-0.25992501,150.68082457,-0.87190544,835.89855125,-131.41310262,-35.25615918,35.25615918
17248,5,5,2,22,1,662.0,190.9594369,471.0405631,-0.41814993,0.90405359,-0.08853107,154.69611702,-0.90405359,838.61888883,-132.28785338,-35.49084166,35.49084166
17290,5,5,2,22,1,662.0,192.63548894,469.36451106,-0.36695915,0.88077106,0.29930473,151.73551648,-0.88077106,836.65557509,-131.65633959,-35.32141601,35.32141601
17299,5,5,2,22,1,662.0,196.16051266,465.83948734,0.48196599,0.83310227,-0.27138421,146.41874778,-0.83310227,832.52229309,-130.330091,-34.96560345,34.96560345
17439,5,5,2,22,1,662.0,193.00592854,468.99407146,0.05840211,0.87567974,-0.47934767,151.12552515,-0.87567974,836.22147645,-131.51684263,-35.28399107,35.28399107
17447,5,5,2,22,1,662.0,232.2395298,429.7604702,0.43518209,0.42840811,0.79188575,115.36657708,-0.42840811,789.87867766,-116.91233736,-31.36582193,31.36582193
17494,5,5,2,22,1,662.0,212.93502978,449.06497022,0.52029096,0.62788623,0.57884039,128.89434423,-0.62788623,812.77473391,-124.05551016,-33.28222777,33.28222777
17518,5,5,2,22,1,662.0,251.66343849,410.33656151,-0.77799778,0.25858361,-0.57258534,104.98603538,-0.25858361,766.64148403,-109.81351954,-29.46131587,29.46131587
17538,5,5,2,22,1,662.0,200.3948208,461.6051792,-0.53001257,0.77805899,0.33721045,141.08319992,-0.77805899,827.54989476,-128.74047627,-34.53913373,34.53913373
17568,5,5,2,22,1,662.0,186.71992463,475.28007537,-0.11067251,0.96481167,0.23851632,164.75530439,-0.96481167,843.57948705,-133.88786558,-35.92010087,35.92010087
17587,5,5,2,22,1,662.0,193.99024982,468.00975018,0.01398022,0.86224571,0.50629723,149.56967417,-0.86224571,835.06770426,-131.14631597,-35.18458434,35.18458434
17655,5,5,2,22,1,662.0,188.20802901,473.79197099,-0.32138311,0.9431733,0.08448092,160.59148787,-0.9431733,841.83917304,-133.32582167,-35.76931294,35.76931294
17723,5,5,2,22,1,662.0,230.93302892,431.06697108,-0.74331151,0.44085634,-0.50312393,116.15853147,-0.44085634,791.43429183,-117.39306456,-31.49479381,31.49479381
17730,5,5,2,22,1,662.0,186.07881494,475.92118506,0.12217261,0.97424065,-0.18954948,166.96707885,-0.97424065,844.32895723,-134.13014853,-35.98510174,35.98510174
17780,5,5,2,22,1,662.0,199.25496377,462.74503623,0.40779408,0.79264628,0.45322827,142.43350265,-0.79264628,828.88924882,-129.16801616,-34.65383625,34.65383625
17989,6,6,2,22,1,662.0,211.76944457,450.23055543,0.55922215,0.69593703,-0.45049112,134.10193315,-0.69593703,823.54054604,-132.40599044,-35.52253605,35.52253605
18071,5,5,2,22,1,662.0,187.51395266,474.48604734,-0.30160989,0.95322306,-0.01993188,162.40613812,-0.95322306,842.65100434,-133.587911,-35.83962757,35.83962757
18073,5,5,2,22,1,662.0,213.64131653,448.35868347,-0.30624399,0.61995266,-0.722408,128.31267773,-0.61995266,811.94033409,-123.79267489,-33.21171302,33.21171302
18074,5,5,2,22,1,662.0,224.57797979,437.42202021,0.7776651,0.50347238,-0.3765004,120.22999827,-0.50347238,798.98834462,-119.7370847,-32.12365916,32.12365916
18084,6,6,2,22,1,662.0,176.11347329,485.88652671,0.22213159,0.9750156,-0.00146337,167.16545404,-0.9750156,834.63074161,-119.83290009,-32.14936499,32.14936499
18202,5,5,2,22,1,662.0,198.11302454,463.88697546,0.39637583,0.80742854,-0.43697295,143.84544805,-0.80742854,830.23045213,-129.59661632,-34.76882323,34.76882323
18218,5,5,2,22,1,662.0,207.05142198,454.94857802,0.64510161,0.69607901,0.31514748,134.11326261,-0.69607901,819.71620918,-126.2493132,-33.87079214,33.87079214
18247,5,5,2,22,1,662.0,202.08803665,459.91196335,-0.62283932,0.75669387,-0.19870975,139.17359752,-0.75669387,825.55922742,-128.10589744,-34.36888577,34.36888577
18256,5,5,2,22,1,662.0,211.29630098,450.70369902,-0.74140744,0.64649802,-0.17987584,130.27808492,-0.64649802,814.70977788,-124.6657689,-33.44595102,33.44595102
18281,5,5,2,22,1,662.0,199.44436249,462.55563751,0.43239676,0.7902109,-0.43428075,142.20522504,-0.7902109,828.66674301,-129.09695679,-34.63477209,34.63477209
18311,5,5,2,22,1,662.0,225.54619935,436.45380065,0.80379139,0.49370471,-0.33192628,119.58437373,-0.49370471,797.83880132,-119.37935853,-32.02768661,32.02768661
18344,5,5,2,22,1,662.0,186.46896819,475.53103181,-0.0036543,0.96849484,0.24900683,165.57966459,-0.96849484,843.87288146,-133.98269486,-35.94554214,35.94554214
18381,5,5,2,22,1,662.0,202.49589622,459.50410378,0.01406553,0.75160087,0.65946819,138.7292412,-0.75160087,825.07951964,-127.95313339,-34.32790147,34.32790147
18451,5,5,2,22,1,662.0,231.43869521,430.56130479,0.57912428,0.43602172,0.6888397,115.85032532,-0.43602172,790.83231601,-117.20695703,-31.44486396,31.44486396
18507,5,5,2,22,1,662.0,211.25371898,450.74628102,-0.75920544,0.64698549,0.07082984,130.31470452,-0.64698549,814.76004224,-124.68163428,-33.45020746,33.45020746
18562,5,5,2,22,1,662.0,204.9683572,457.0316428,0.1888121,0.72116075,0.66654119,136.15039744,-0.72116075,822.16985175,-127.0278433,-34.07966006,34.07966006
18578,6,6,2,22,1,662.0,205.65142189,456.34857811,0.35390939,0.89502491,-0.27143795,153.51162906,-0.89502491,851.02062882,-151.49330998,-40.64337684,40.64337684
18632,5,5,2,22,1,662.0,185.89487586,476.10512414,-0.21134203,0.9769579,-0.02979608,167.67644198,-0.9769579,844.54395279,-134.19967698,-36.00375518,36.00375518
18644,5,5,2,22,1,662.0,189.9386275,472.0613725,-0.35393698,0.91843528,0.17665006,156.6983927,-0.91843528,839.81404668,-132.67276916,-35.59410877,35.59410877
18728,5,5,2,22,1,662.0,211.67332293,450.32667707,0.57534528,0.64219049,-0.50652659,129.95535315,-0.64219049,814.26469796,-124.52531399,-33.40826908,33.40826908
18778,5,5,2,22,1,662.0,193.67774588,468.32225412,-0.12099928,0.86649598,0.48429733,150.05396756,-0.86649598,835.43405273,-131.26392924,-35.21613821,35.21613821
18779,5,5,2,22,1,662.0,200.49146685,461.50853315,-0.10639276,0.77682979,0.62065776,140.97122327,-0.77682979,827.43630628,-128.7042389,-34.52941179,34.52941179
18815,5,5,2,22,1,662.0,262.51711671,399.48288329,-0.97842988,0.17463391,-0.11035383,100.05735469,-0.17463391,753.5630099,-105.88743149,-28.40800549,28.40800549
18885,5,5,2,22,1,662.0,193.48280121,468.51719879,0.47151761,0.86915431,0.1491373,150.36051282,-0.86915431,835.66256429,-131.3373086,-35.23582479,35.23582479
19069,7,7,2,22,1,662.0,177.74291014,484.25708986,-0.33673402,0.89317957,-0.29806117,153.27555027,-0.89317957,824.63927325,-112.24252298,-30.11298096,30.11298096
19073,5,5,2,22,1,662.0,190.25440344,471.74559656,-0.38272186,0.91396998,0.13484381,156.05987163,-0.91396998,839.44438717,-132.5536765,-35.562158,35.562158
19094,5,5,2,22,1,662.0,207.08068788,454.91931212,0.6481157,0.69573022,0.30968614,134.08543467,-0.69573022,819.68172226,-126.23838204,-33.86785947,33.86785947
19136,5,5,2,22,1,662.0,211.020275,450.979725,-0.02836299,0.64966142,-0.7596944,130.51607904,-0.64966142,815.03558706,-124.76861898,-33.47354415,33.47354415
19282,5,5,2,22,1,662.0,198.28425678,463.71574322,-0.17630505,0.80520111,-0.56618699,143.62968173,-0.80520111,830.0293785,-129.53233053,-34.75157632,34.75157632
19353,5,5,2,22,1,662.0,211.37195376,450.62804624,-0.68453627,0.64563244,-0.33848019,130.21311039,-0.64563244,814.62047418,-124.63758286,-33.43838912,33.43838912
19481,5,5,2,22,1,662.0,215.0996049,446.9003951,0.79442954,0.60373686,-0.06620809,127.13800175,-0.60373686,810.21675661,-123.25034459,-33.06621396,33.06621396
19495,5,5,2,22,1,662.0,221.75329451,440.24670549,-0.29382799,0.53245602,0.79382347,122.17154859,-0.53245602,802.33928919,-120.78194635,-32.40397983,32.40397983
19499,5,5,2,22,1,662.0,214.71960574,447.28039426,0.70997828,0.60794113,0.35544116,127.44078196,-0.60794113,810.66598483,-123.3916186,-33.10411565,33.10411565
19548,5,5,2,22,1,662.0,193.78176577,468.21823423,0.18104633,0.86507971,0.46782402,149.89180867,-0.86507971,835.31211503,-131.22477826,-35.20563459,35.20563459
19552,5,5,2,22,1,662.0,248.4138314,413.5861686,0.7517187,0.28514526,0.59465215,106.56753145,-0.28514526,770.54375707,-110.99474603,-29.77822117,29.77822117
19638,5,5,2,22,1,662.0,212.52871984,449.47128016,-0.74904599,0.63247412,-0.19724755,129.23289539,-0.63247412,813.25463427,-124.20676337,-33.32280674,33.32280674
19676,5,5,2,22,1,662.0,214.78939267,447.21060733,0.4437086,0.6071679,-0.65914325,127.38500437,-0.6071679,810.58348927,-123.36567117,-33.09715435,33.09715435
19706,5,5,2,22,1,662.0,186.65886609,475.34113391,-0.25552694,0.96570689,-0.0460021,164.95160847,-0.96570689,843.65087341,-133.91093666,-35.92629049,35.92629049
19743,5,5,2,22,1,662.0,199.4390035,462.5609965,-0.06168827,0.79027975,0.60963307,142.211662,-0.79027975,828.67303897,-129.09896729,-34.63531148,34.63531148
19764,5,5,2,22,1,662.0,250.8787037,411.1212963,0.62217675,0.26493486,-0.73668556,105.36308221,-0.26493486,767.58438549,-110.09852938,-29.53777972,29.53777972
19795,5,5,2,22,1,662.0,189.82335467,472.17664533,-0.17525253,0.92006903,-0.35037056,156.93617556,-0.92006903,839.94897856,-132.71624869,-35.60577368,35.60577368
19817,5,5,2,22,1,662.0,267.91631225,394.08368775,0.66733462,0.13540626,0.73234531,97.78211286,-0.13540626,747.03053667,-103.94561281,-27.88704474,27.88704474
19819,5,5,2,22,1,662.0,215.52396356,446.47603644,0.80003047,0.59905931,0.03285106,126.80255558,-0.59905931,809.71500359,-123.0926171,-33.02389805,33.02389805
19835,5,5,2,22,1,662.0,205.23584319,456.76415681,0.53845365,0.71791152,0.44121505,135.88231944,-0.71791152,821.85489441,-126.92781939,-34.05282514,34.05282514
19949,5,5,2,22,1,662.0,191.88582495,470.11417505,-0.11219336,0.89113459,-0.43964963,153.01616639,-0.89113459,837.53387969,-131.93872994,-35.39717709,35.39717709
19995,5,5,2,22,1,662.0,221.58733528,440.41266472,0.83179683,0.53418188,0.15087661,122.28844545,-0.53418188,802.53604187,-120.84339209,-32.4204648,32.4204648
20110,5,5,2,22,1,662.0,225.2234956,436.7765044,-0.79329067,0.49695091,0.35175234,119.79847785,-0.49695091,798.221993,-119.49856324,-32.05966744,32.05966744
20183,5,5,2,22,1,662.0,206.79756231,455.20243769,-0.71355086,0.69910864,-0.04574147,134.35553376,-0.69910864,820.01534026,-126.34414063,-33.89623291,33.89623291
20323,7,7,2,22,1,662.0,146.14029053,515.85970947,-0.43192309,0.87600385,0.21461523,151.16400467,-0.87600385,793.15745353,-64.23070385,-17.23213191,17.23213191
20392,5,5,2,22,1,662.0,218.40901473,443.59098527,-0.39201684,0.56774035,-0.72387408,124.59280336,-0.56774035,806.30142139,-122.02136197,-32.7364964,32.7364964
20416,5,5,2,22,1,662.0,191.91178344,470.08821656,-0.4472232,0.89077438,0.08069957,152.97071647,-0.89077438,837.50347097,-131.92894968,-35.39455319,35.39455319
20431,5,5,2,22,1,662.0,194.80594853,467.19405147,-0.41934987,0.85121591,0.31555849,148.34416598,-0.85121591,834.11125388,-130.83941874,-35.10224843,35.10224843
20556,5,5,2,22,1,662.0,189.35026602,472.64973398,-0.05225007,0.92679488,-0.37191557,157.94058215,-0.92679488,840.50268815,-132.8947211,-35.65365514,35.65365514
20618,5,5,2,22,1,662.0,226.59900481,435.40099519,0.03040068,0.48317844,-0.87499394,118.89319747,-0.48317844,796.58828419,-118.99062615,-31.92339556,31.92339556
20646,5,5,2,22,1,662.0,283.09972612,378.90027388,-0.74370632,0.03311211,-0.66768593,91.89753128,-0.03311211,728.56068481,-98.52617259,-26.43309042,26.43309042
20652,5,5,2,22,1,662.0,189.99034659,472.00965341,0.0778059,0.91770292,0.3895736,156.592542,-0.91770292,839.75350533,-132.65326225,-35.58887536,35.58887536
20672,5,5,2,22,1,662.0,215.18082558,446.81917442,-0.42685091,0.60284016,0.67407866,127.07358142,-0.60284016,810.12072978,-123.22015301,-33.05811401,33.05811401
20699,5,5,2,22,1,662.0,188.61083532,473.38916468,-0.19106112,0.93737486,0.29124565,159.61527024,-0.93737486,841.36793114,-133.17376439,-35.72851826,35.72851826
20709,5,5,2,22,1,662.0,211.74298005,450.25701995,0.68381823,0.64139632,-0.34785541,129.89601868,-0.64139632,814.18245918,-124.49936753,-33.40130803,33.40130803
20724,5,5,2,22,1,662.0,189.75602635,472.24397365,0.35123196,0.92102418,-0.16837626,157.07627242,-0.92102418,840.02778658,-132.74164541,-35.61258723,35.61258723
20726,5,5,2,22,1,662.0,195.25512275,466.74487725,0.08729313,0.84518157,0.5273026,147.69139449,-0.84518157,833.58444532,-130.67048225,-35.05692531,35.05692531
20753,5,5,2,22,1,662.0,204.31609812,457.68390188,-0.20071168,0.72911961,-0.65429307,136.8126383,-0.72911961,822.93772791,-127.27181486,-34.14511396,34.14511396
20759,5,5,2,22,1,662.0,209.08792878,452.91207122,-0.71166589,0.67204099,-0.20467675,132.22478541,-0.67204099,817.31541873,-125.48910262,-33.66683907,33.66683907
20970,5,5,2,22,1,662.0,187.74308524,474.25691476,0.19319093,0.94989715,0.24570849,161.78626566,-0.94989715,842.38302108,-133.50137745,-35.81641192,35.81641192
20996,5,5,2,22,1,662.0,210.1219599,451.8780401,0.71899411,0.6600141,0.21778165,131.3009484,-0.6600141,816.09566536,-125.10345705,-33.56337616,33.56337616
21101,5,5,2,22,1,662.0,202.03119666,459.96880334,-0.31865442,0.75740527,0.5699093,139.23598347,-0.75740527,825.62607416,-128.12718974,-34.37459817,34.37459817
21225,5,5,2,22,1,662.0,238.24461619,423.75538381,0.59854036,0.37294809,-0.70898459,111.89754906,-0.37294809,782.71687331,-114.70795357,-30.77441891,30.77441891
21257,5,5,2,22,1,662.0,190.12851036,471.87148964,0.27656415,0.91574842,0.29140538,156.31223771,-0.91574842,839.59176774,-132.60115368,-35.57489542,35.57489542
21283,5,5,2,22,1,662.0,192.98051614,469.01948386,0.08110704,0.87602838,0.47539028,151.16691925,-0.87602838,836.25125786,-131.52641129,-35.2865582,35.2865582
21319,5,5,2,22,1,662.0,247.76933654,414.23066346,-0.82318265,0.29049602,0.48783439,106.88765459,-0.29049602,771.31697608,-111.22932909,-29.84115628,29.84115628
21376,5,5,2,22,1,662.0,201.31350652,460.68649348,0.05398026,0.76642235,0.64006478,140.03369685,-0.76642235,826.46998573,-128.39609704,-34.44674196,34.44674196
21483,5,5,2,22,1,662.0,185.26290748,476.73709252,0.10619422,0.9863348,-0.12596206,170.51709586,-0.9863348,845.28251174,-134.4386125,-36.06785799,36.06785799
21718,5,5,2,22,1,662.0,189.25753423,472.74246577,0.12065241,0.92811717,0.35219527,158.14319343,-0.92811717,840.61121119,-132.92970959,-35.66304203,35.66304203
21744,5,5,2,22,1,662.0,200.03010114,461.96989886,-0.43714998,0.78270839,0.44302085,141.50922631,-0.78270839,827.9785124,-128.8772457,-34.57582691,34.57582691
21749,5,5,2,22,1,662.0,187.45745516,474.54254484,0.07246177,0.95404438,-0.29077245,162.56249501,-0.95404438,842.71707778,-133.60924935,-35.84535233,35.84535233
21790,5,5,2,22,1,662.0,186.14916754,475.85083246,-0.2215672,0.97320278,0.06151684,166.70595634,-0.97320278,844.24672233,-134.10355729,-35.97796771,35.97796771
21826,5,5,2,22,1,662.0,210.26182007,451.73817993,-0.61106167,0.65839646,0.43945162,131.17769224,-0.65839646,815.93064552,-125.05131382,-33.54938692,33.54938692
21839,5,5,2,22,1,662.0,252.62332287,409.37667713,-0.89872707,0.25086845,-0.3596591,104.52890833,-0.25086845,765.48764546,-109.46510524,-29.36784155,29.36784155
21840,5,5,2,22,1,662.0,185.4945396,476.5054604,0.07114981,0.98289052,-0.16989389,169.38604563,-0.98289052,845.01183159,-134.35102712,-36.04436015,36.04436015
21900,5,5,2,22,1,662.0,212.16387686,449.83612314,0.4947141,0.63660875,0.59159721,129.53940498,-0.63660875,813.68548893,-124.34261136,-33.35925271,33.35925271
21903,5,5,2,22,1,662.0,202.92626225,459.07373775,0.62909743,0.74624903,-0.21759782,138.26649331,-0.74624903,824.57325684,-127.79197856,-34.28466605,34.28466605
21953,5,5,2,22,1,662.0,203.23121961,458.76878039,-0.56634709,0.74247043,0.35775499,137.94228576,-0.74247043,824.21446681,-127.67780852,-34.25403595,34.25403595
22051,5,5,2,22,1,662.0,188.05994445,473.94005555,0.26465409,0.94531124,0.19064332,160.96354514,-0.94531124,842.01239887,-133.3817313,-35.78431265,35.78431265
22053,5,5,2,22,1,662.0,227.53171195,434.46828805,0.87680797,0.47393432,0.08120371,118.28998662,-0.47393432,795.47994102,-118.64645257,-31.83105897,31.83105897
22110,5,5,2,22,1,662.0,199.81483602,462.18516398,0.60979872,0.78546053,0.10581718,141.76329174,-0.78546053,828.23146271,-128.95798328,-34.59748759,34.59748759
22131,5,5,2,22,1,662.0,214.03696185,447.96303815,-0.5990637,0.61553134,-0.5120975,127.99053871,-0.61553134,811.47281653,-123.64548935,-33.17222536,33.17222536
22190,5,5,2,22,1,662.0,186.85805593,475.14194407,0.18484746,0.96278861,0.19715353,164.32052192,-0.96278861,843.41798537,-133.83567526,-35.90609899,35.90609899
22254,5,5,2,22,1,662.0,186.32675122,475.67324878,-0.16085924,0.97058649,0.17912614,166.06902961,-0.97058649,844.03913588,-134.03644039,-35.95996126,35.95996126
22395,5,5,2,22,1,662.0,215.25338283,446.74661717,-0.79846472,0.60203969,-0.00151471,127.01611983,-0.60203969,810.03494294,-123.19318307,-33.05087838,33.05087838
22446,5,5,2,22,1,662.0,262.59609615,399.40390385,-0.65041818,0.17404846,-0.73936684,100.0232893,-0.17404846,753.46758221,-105.85897222,-28.40037029,28.40037029
22526,5,5,2,22,1,662.0,222.35727858,439.64272142,-0.14485891,0.52619674,-0.8379337,121.74884224,-0.52619674,801.62311928,-120.55837676,-32.34399948,32.34399948
22577,5,5,2,22,1,662.0,226.32679902,435.67320098,0.02881533,0.48589065,-0.87354448,119.07084182,-0.48589065,796.91166367,-119.09110943,-31.95035371,31.95035371
22775,5,5,2,22,1,662.0,192.4923095,469.5076905,0.21140838,0.88274417,-0.41960604,151.97518379,-0.88274417,836.82334313,-131.71026461,-35.33588328,35.33588328
22792,5,5,2,22,1,662.0,187.65545324,474.34454676,-0.03214349,0.95116819,-0.3069949,162.02071724,-0.95116819,842.48551427,-133.53447101,-35.82529042,35.82529042
22840,5,5,2,22,1,662.0,185.82770041,476.17229959,-0.20766196,0.9779516,-0.02207232,167.94610457,-0.9779516,844.62246657,-134.22507086,-36.01056797,36.01056797
22848,6,6,2,22,1,662.0,183.84723786,478.15276214,0.55303112,0.7420495,0.37883918,137.90629524,-0.7420495,807.87923146,-101.49829537,-27.23046627,27.23046627
22851,5,5,2,22,1,662.0,185.66920345,476.33079655,0.17023653,0.98029901,0.1001667,168.60807279,-0.98029901,844.80770796,-134.28499007,-36.0266434,36.0266434
22857,5,5,2,22,1,662.0,225.9353012,436.0646988,-0.54599232,0.48980292,0.67969514,119.32762911,-0.48980292,797.3766946,-119.23565876,-31.98913413,31.98913413
22879,5,5,2,22,1,662.0,190.44753299,471.55246701,-0.25638228,0.91124629,0.32233264,155.67815107,-0.91124629,839.21828057,-132.48084933,-35.54261957,35.54261957
22907,5,5,2,22,1,662.0,224.84519485,437.15480515,-0.18417313,0.50076824,-0.84576086,120.0508393,-0.50076824,798.67113478,-119.6383357,-32.09716629,32.09716629
22917,5,5,2,22,1,662.0,186.35042536,475.64957464,-0.18979923,0.97023808,-0.15038058,165.98635374,-0.97023808,844.01146096,-134.02749335,-35.9575609,35.9575609
22933,5,5,2,22,1,662.0,192.09864145,469.90135855,-0.21862381,0.88818434,0.4041438,152.64597123,-0.88818434,837.2845698,-131.85855225,-35.37566662,35.37566662
22988,5,5,2,22,1,662.0,195.22357306,466.77642694,0.34424467,0.84560451,-0.40798116,147.73676193,-0.84560451,833.62145097,-130.68234684,-35.0601084,35.0601084
23081,5,5,2,22,1,662.0,188.41927147,473.58072853,0.33832148,0.94012935,0.04117507,160.07329017,-0.94012935,841.59204998,-133.24607453,-35.74791798,35.74791798
23163,5,5,2,22,1,662.0,204.94359183,457.05640817,0.41216525,0.72146201,0.55642823,136.1753191,-0.72146201,822.19901059,-127.03710487,-34.0821448,34.0821448
23174,5,5,2,22,1,662.0,239.54002855,422.45997145,-0.28443739,0.36134892,-0.8879878,111.18306124,-0.36134892,781.16937813,-114.23355261,-30.64714427,30.64714427
23220,6,6,2,22,1,662.0,185.61076888,476.38923112,0.54981025,0.81070541,0.2011602,144.16490914,-0.81070541,819.71039021,-112.87848234,-30.2835993,30.2835993
23308,5,5,2,22,1,662.0,207.58993504,454.41006496,0.08449302,0.68967677,0.71917097,133.60452791,-0.68967677,819.0815606,-126.04820231,-33.81683711,33.81683711
23411,6,6,2,22,1,662.0,170.26357615,491.73642385,0.08944329,0.97245614,0.21524159,166.52117886,-0.97245614,828.52488024,-110.9796799,-29.77417916,29.77417916
23439,5,5,2,22,1,662.0,207.56024627,454.43975373,0.23739534,0.69002887,0.68374236,133.632394,-0.69002887,819.116553,-126.0592881,-33.81981126,33.81981126
23517,5,5,2,22,1,662.0,187.16990975,474.83009025,-0.24981864,0.95823219,-0.13921822,163.38188329,-0.95823219,843.05333859,-133.7178617,-35.87449139,35.87449139
23518,5,5,2,22,1,662.0,222.92915689,439.07084311,0.59337413,0.52030145,0.61416084,121.3524742,-0.52030145,800.94484813,-120.34676828,-32.2872281,32.2872281
23629,5,5,2,22,1,662.0,186.14940438,475.85059562,0.2040691,0.97319929,-0.10601389,166.70508614,-0.97319929,844.24644549,-134.10346778,-35.9779437,35.9779437
23815,5,5,2,22,1,662.0,196.0208574,465.9791426,0.39663917,0.83495821,0.38147367,146.61148692,-0.83495821,832.6861529,-130.38258457,-34.97968669,34.97968669
23866,5,5,2,22,1,662.0,268.29524584,393.70475416,-0.22275475,0.13271243,-0.96579901,97.62636153,-0.13271243,746.57138569,-103.80961429,-27.85055838,27.85055838
23874,5,5,2,22,1,662.0,259.2930522,402.7069478,0.64494644,0.19883724,-0.73790774,101.4689725,-0.19883724,757.45528485,-107.05054882,-28.72005238,28.72005238
23927,5,5,2,22,1,662.0,185.36951863,476.63048137,0.03411289,0.98474847,-0.17060706,169.980457,-0.98474847,845.15793121,-134.39829902,-36.05704249,36.05704249
23971,5,5,2,22,1,662.0,190.03920517,471.96079483,-0.03572552,0.91701143,-0.39725775,156.49301164,-0.91701143,839.69631135,-132.63483474,-35.58393154,35.58393154
24030,5,5,2,22,1,662.0,219.60860403,442.39139597,0.1623219,0.5549603,0.81588643,123.70798023,-0.5549603,804.88085422,-121.57649283,-32.61714471,32.61714471
24118,6,6,2,22,1,662.0,142.22290637,519.77709363,-0.7361278,0.65346885,0.17633583,130.80365208,-0.65346885,762.57562536,-32.98649539,-8.84978065,8.84978065
24185,5,5,2,22,1,662.0,185.39971919,476.60028081,0.11634202,0.98429942,-0.13273726,169.83364438,-0.98429942,845.12263942,-134.38687954,-36.05397881,36.05397881
24217,5,5,2,22,1,662.0,186.46391851,475.53608149,0.18467187,0.96856905,-0.16664423,165.59674894,-0.96856905,843.87878478,-133.98460312,-35.9460541,35.9460541
24227,5,5,2,22,1,662.0,211.35356308,450.64643692,0.34082546,0.6458428,0.6831728,130.22889525,-0.6458428,814.64218356,-124.64443457,-33.44022734,33.44022734
24235,5,5,2,22,1,662.0,206.72308681,455.27691319,0.50957946,0.69999886,-0.50033025,134.42691283,-0.69999886,820.10309136,-126.37196309,-33.90369726,33.90369726
24260,5,5,2,22,1,662.0,189.71940304,472.28059696,-0.38793821,0.92154402,-0.01614188,157.15286143,-0.92154402,840.07065345,-132.75546038,-35.61629358,35.61629358
24327,5,5,2,22,1,662.0,214.61878846,447.38121154,0.25510626,0.60905907,-0.75097793,127.52149837,-0.60905907,810.78515733,-123.42910532,-33.11417278,33.11417278
24336,5,5,2,22,1,662.0,209.19504724,452.80495276,0.60219267,0.67078957,0.43290339,132.1280332,-0.67078957,817.18908452,-125.44914146,-33.65611809,33.65611809
24380,5,5,2,22,1,662.0,191.08703052,470.91296948,0.293564,0.90226678,0.31580822,154.45764411,-0.90226678,838.46947055,-132.23975709,-35.47793815,35.47793815
24492,5,5,2,22,1,662.0,248.20666934,413.79333066,-0.00378354,0.28686214,0.9579644,106.67018987,-0.28686214,770.79232116,-111.07013765,-29.79844761,29.79844761
24496,5,5,2,22,1,662.0,203.02462277,458.97537723,-0.55509994,0.74502904,0.36985914,138.1615936,-0.74502904,824.45753794,-127.75515211,-34.27478607,34.27478607
24515,6,6,2,22,1,662.0,185.50229387,476.49770613,-0.01065428,0.99885245,-0.04669344,177.25485224,-0.99885245,847.33599775,-136.30816939,-36.56943198,36.56943198
24674,6,6,2,22,1,662.0,164.24021848,497.75978152,0.39112147,0.87272231,-0.29219817,150.7765471,-0.87272231,809.31813844,-90.37567894,-24.24643555,24.24643555
24675,5,5,2,22,1,662.0,210.7547309,451.2452691,-0.6412217,0.65271251,-0.4034862,130.74642691,-0.65271251,815.3489892,-124.86757932,-33.50009372,33.50009372
24720,5,5,2,22,1,662.0,213.1793549,448.8206451,0.42107913,0.62513583,0.65718913,128.69215793,-0.62513583,812.48611824,-123.96457522,-33.2578313,33.2578313
24743,5,5,2,22,1,662.0,194.86590161,467.13409839,-0.52582141,0.85040888,-0.01779303,148.25616878,-0.85040888,834.04094389,-130.81686764,-35.09619831,35.09619831
24780,6,6,2,22,1,662.0,203.09253704,458.90746296,-0.20655327,0.80026609,0.56294754,143.15551962,-0.80026609,833.47330135,-135.38185119,-36.32091474,36.32091474
24852,5,5,2,22,1,662.0,228.79623294,433.20376706,0.79310906,0.46152194,-0.39746134,117.48535917,-0.46152194,793.97657984,-118.18016058,-31.70595984,31.70595984
24896,5,5,2,22,1,662.0,188.10360609,473.89639391,-0.32474699,0.94468053,-0.04602261,160.85306249,-0.94468053,841.96132551,-133.36524628,-35.77988997,35.77988997
24913,5,5,2,22,1,662.0,221.5454497,440.4545503,-0.7281487,0.53461787,-0.42893264,122.31799994,-0.53461787,802.58569704,-120.85890105,-32.42462562,32.42462562
24941,5,5,2,22,1,662.0,190.65681568,471.34318432,-0.40639615,0.90830101,-0.09915361,155.27160981,-0.90830101,838.97324406,-132.40193978,-35.52144932,35.52144932
25009,6,6,2,22,1,662.0,185.06623296,476.93376704,-0.24275842,0.75076255,0.61434839,138.65647591,-0.75076255,810.21671592,-104.30839893,-27.9843748,27.9843748
25025,5,5,2,22,1,662.0,256.6017698,405.3982302,0.63051644,0.21950668,-0.74449032,102.68005989,-0.21950668,760.69956786,-108.023488,-28.98107733,28.98107733
25026,5,5,2,22,1,662.0,205.71525973,456.28474027,0.54209236,0.71210904,-0.44613516,135.40677282,-0.71210904,821.29031046,-126.74858503,-34.00473926,34.00473926
25107,5,5,2,22,1,662.0,222.2179629,439.7820371,0.71776778,0.52763749,0.45432157,121.84596831,-0.52763749,801.78832827,-120.60993819,-32.35783263,32.35783263
25120,6,6,2,22,1,662.0,165.28530183,496.71469817,-0.38321722,0.92228032,0.05043384,157.26175925,-0.92228032,816.94122892,-97.77358782,-26.23118325,26.23118325
25294,5,5,2,22,1,662.0,187.70323203,474.29676797,-0.25371191,0.95047505,0.17952005,161.89249849,-0.95047505,842.42963327,-133.51642752,-35.82044962,35.82044962
25334,5,5,2,22,1,662.0,209.6880695,452.3119305,0.74488145,0.66504627,-0.05352649,131.68587504,-0.66504627,816.60754919,-125.26524928,-33.60678259,33.60678259
25361,5,5,2,22,1,662.0,220.3122371,441.6877629,-0.53643498,0.54752877,-0.64222251,123.19764073,-0.54752877,804.04726894,-121.31570154,-32.54717832,32.54717832
25417,5,5,2,22,1,662.0,193.42786247,468.57213753,-0.35324185,0.86990444,0.34421863,150.44753657,-0.86990444,835.72695968,-131.35798961,-35.24137319,35.24137319
25543,5,5,2,22,1,662.0,237.08523251,424.91476749,-0.4964145,0.38343674,-0.7788125,112.54672549,-0.38343674,784.10109405,-115.13287935,-30.88842011,30.88842011
25576,5,5,2,22,1,662.0,201.73076642,460.26923358,-0.19840128,0.76117208,0.61745769,139.56763496,-0.76117208,825.97937064,-128.23974274,-34.40479445,34.40479445
25807,5,5,2,22,1,662.0,201.63757852,460.36242148,0.16531086,0.76234275,-0.62570428,139.6711673,-0.76234275,826.08894816,-128.27465855,-34.41416184,34.41416184
25854,5,5,2,22,1,662.0,227.37299163,434.62700837,-0.62120492,0.47550206,0.62289826,118.39204385,-0.47550206,795.66858143,-118.70500691,-31.84676822,31.84676822
25865,5,5,2,22,1,662.0,217.54072735,444.45927265,0.24015362,0.57707875,-0.78058078,125.2453385,-0.57707875,807.32920966,-122.34357048,-32.8229401,32.8229401
25897,5,5,2,22,1,662.0,217.38219211,444.61780789,0.26534612,0.57879184,-0.77109756,125.36561201,-0.57879184,807.51682675,-122.40241892,-32.83872825,32.83872825
25927,5,5,2,22,1,662.0,211.21061541,450.78938459,-0.37155809,0.64747913,0.66536859,130.35180794,-0.64747913,814.81092137,-124.6976944,-33.45451615,33.45451615
25933,5,5,2,22,1,662.0,210.03473431,451.96526569,-0.05504816,0.66102406,-0.74834277,131.37802,-0.66102406,816.19857733,-125.13597902,-33.57210132,33.57210132
25943,6,6,2,22,1,662.0,173.93099936,488.06900064,-0.51985582,0.83667862,-0.17239147,146.79103406,-0.83667862,813.12374793,-99.83948397,-26.78543212,26.78543212
25985,5,5,2,22,1,662.0,206.04184766,455.95815234,-0.09619526,0.70817174,0.6994564,135.08635744,-0.70817174,820.90564281,-126.6265158,-33.97198992,33.97198992
25991,5,5,2,22,1,662.0,215.15762253,446.84237747,-0.73753708,0.60309626,0.30383213,127.09197441,-0.60309626,810.14816297,-123.22877796,-33.06042796,33.06042796
26069,5,5,2,22,1,662.0,220.72455157,441.27544843,-0.50783516,0.54319606,0.66861161,122.90147475,-0.54319606,803.55868964,-121.16293552,-32.5061935,32.5061935
26113,5,5,2,22,1,662.0,194.35857443,467.64142557,-0.07605732,0.8572538,-0.50924573,149.00962379,-0.8572538,834.63586096,-131.00772066,-35.1474013,35.1474013
26247,5,5,2,22,1,662.0,208.61610186,453.38389814,-0.33842552,0.67756845,-0.65296949,132.65392431,-0.67756845,817.8718204,-125.66515045,-33.71407006,33.71407006
26267,5,5,2,22,1,662.0,203.78054664,458.21945336,0.6476299,0.73569249,0.19832316,137.36576301,-0.73569249,823.56806024,-127.47220215,-34.19887485,34.19887485
26582,5,5,2,22,1,662.0,202.68257298,459.31742702,0.58839996,0.74927665,-0.30392431,138.5277578,-0.74927665,824.85993228,-127.8832255,-34.30914624,34.30914624
26586,5,5,2,22,1,662.0,225.79440968,436.20559032,-0.58335003,0.49121418,-0.64684726,119.42041771,-0.49121418,797.54402976,-119.28768758,-32.00309268,32.00309268
26742,5,5,2,22,1,662.0,220.16093759,441.83906241,0.72548334,0.54912273,-0.41489534,123.30684952,-0.54912273,804.22653254,-121.371769,-32.56222038,32.56222038
26751,5,5,2,22,1,662.0,201.20172835,460.79827165,-0.60978479,0.76783252,-0.19645796,140.15964806,-0.76783252,826.60140107,-128.43798858,-34.45798083,34.45798083
26784,5,5,2,22,1,662.0,251.15457366,410.84542634,-0.80640038,0.26269758,0.52981921,105.23018766,-0.26269758,767.25295335,-109.998318,-29.51089452,29.51089452
26826,5,5,2,22,1,662.0,262.96322645,399.03677355,0.17223567,0.17133167,0.97004141,99.86525406,-0.17133167,753.02394339,-105.72670241,-28.36488429,28.36488429
26867,5,5,2,22,1,662.0,239.57646892,422.42353108,-0.88447855,0.36102445,-0.29556564,111.16312436,-0.36102445,781.12583332,-114.22021338,-30.64356556,30.64356556
26942,5,5,2,22,1,662.0,185.05126272,476.94873728,0.01291262,0.98948942,-0.14402758,171.68557882,-0.98948942,845.52981482,-134.51864988,-36.08933081,36.08933081
27030,5,5,2,22,1,662.0,194.68685362,467.31314638,0.27998501,0.85282054,0.440801,148.51978507,-0.85282054,834.25091767,-130.88421805,-35.11426741,35.11426741
27083,5,5,2,22,1,662.0,226.90834147,435.09165853,0.36947957,0.48010416,0.79560344,118.69220526,-0.48010416,796.22074693,-118.87645703,-31.8927657,31.8927657
27105,5,5,2,22,1,662.0,220.89901584,441.10098416,-0.72886128,0.54136762,-0.41914477,122.77678696,-0.54136762,803.35192937,-121.09830668,-32.48885455,32.48885455
27147,6,6,2,22,1,662.0,254.70031931,407.29968069,-0.72519153,0.51705832,0.45469544,121.13513543,-0.51705832,823.09193017,-158.68218499,-42.5720439,42.5720439
27184,5,5,2,22,1,662.0,236.63445864,425.36554136,0.72259574,0.38754253,0.57242134,112.8016744,-0.38754253,784.63908885,-115.29817916,-30.93276756,30.93276756
27253,5,5,2,22,1,662.0,187.55682702,474.44317298,-0.02112338,0.95260011,0.30349108,162.28843776,-0.95260011,842.60086214,-133.57171836,-35.83528333,35.83528333
27292,5,5,2,22,1,662.0,186.71836605,475.28163395,-0.21604767,0.96483451,-0.14972563,164.76028295,-0.96483451,843.58130927,-133.88845448,-35.92025886,35.92025886
27355,5,5,2,22,1,662.0,243.94572116,418.05427884,0.83256691,0.32282213,-0.45013133,108.83368157,-0.32282213,775.89944044,-112.62314392,-30.21509584,30.21509584
27409,5,5,2,22,1,662.0,212.80304552,449.19695448,-0.57774582,0.62937462,-0.51970891,129.00399851,-0.62937462,812.93063182,-124.10463868,-33.29540822,33.29540822
27437,5,5,2,22,1,662.0,284.1127226,377.8872774,0.81886613,0.02667639,0.57336431,91.52862563,-0.02667639,727.32301499,-98.166817,-26.33668073,26.33668073
27470,6,6,2,22,1,662.0,205.25944601,456.74055399,-0.21269964,0.47667321,0.85296044,118.46834841,-0.47667321,780.97235704,-91.63511039,-24.58432207,24.58432207
27533,6,6,2,22,1,662.0,179.77560094,482.22439906,-0.25654034,0.96628393,0.02196412,165.0794805,-0.96628393,836.99520049,-124.0912909,-33.29182721,33.29182721
27623,5,5,2,22,1,662.0,191.17375734,470.82624266,-0.4012187,0.90105363,0.16469944,154.29691023,-0.90105363,838.36790514,-132.20706746,-35.46916801,35.46916801
27748,7,7,2,22,1,662.0,154.62340018,507.37659982,0.54713341,0.74366976,-0.38418786,138.04496865,-0.74366976,783.83512148,-61.1471788,-16.40486851,16.40486851
27764,5,5,2,22,1,662.0,233.54190075,428.45809925,0.79584169,0.41613785,-0.43984689,114.59099278,-0.41613785,788.32708073,-116.43352947,-31.23736498,31.23736498
27808,5,5,2,22,1,662.0,196.89542385,465.10457615,0.05166069,0.82337911,0.5651354,145.42450009,-0.82337911,831.65986416,-130.05392117,-34.89151124,34.89151124
27861,6,6,2,22,1,662.0,175.15760333,486.84239667,0.15501054,0.98688266,-0.04510377,170.70955686,-0.98688266,835.33875016,-119.85430945,-32.1551088,32.1551088
27963,5,5,2,22,1,662.0,197.00381549,464.99618451,0.47312678,0.82195118,-0.31709194,145.28059424,-0.82195118,831.53264427,-130.01319876,-34.88058603,34.88058603
27991,5,5,2,22,1,662.0,192.33863368,469.66136632,-0.1390995,0.88486519,0.44459523,152.23493665,-0.88486519,837.00339996,-131.76814764,-35.35141242,35.35141242
28035,5,5,2,22,1,662.0,188.71404728,473.28595272,0.04186108,0.93589309,-0.34978818,159.37291244,-0.93589309,841.24717234,-133.13480785,-35.7180668,35.7180668
28053,6,6,2,22,1,662.0,200.17653683,461.82346317,-0.31482583,0.88189231,-0.35092827,151.87148082,-0.88189231,843.82809753,-142.2459619,-38.16245242,38.16245242
28083,5,5,2,22,1,662.0,199.79306242,462.20693758,0.00674359,0.78573923,0.61852112,141.78910009,-0.78573923,828.2570469,-128.96615026,-34.59967867,34.59967867
28099,6,6,2,22,1,662.0,201.09952371,460.90047629,-0.5491852,0.69377515,-0.4659095,133.92969288,-0.69377515,814.49779339,-118.08894403,-31.68148781,31.68148781
28174,7,7,2,22,1,662.0,203.28780573,458.71219427,0.14695153,0.56302701,0.81326861,124.26539527,-0.56302701,794.42455386,-102.15350749,-27.40624983,27.40624983
28267,5,5,2,22,1,662.0,189.77926079,472.22073921,-0.00457774,0.92069449,0.39025723,157.02782361,-0.92069449,840.00059081,-132.7328811,-35.6102359,35.6102359
28279,5,5,2,22,1,662.0,200.24452835,461.75547165,0.57219039,0.77997284,0.25345714,141.25808918,-0.77997284,827.72652549,-128.79683229,-34.5542532,34.5542532
28282,5,5,2,22,1,662.0,216.62379175,445.37620825,-0.07955429,0.58702162,-0.80565298,125.94593728,-0.58702162,808.41417651,-122.68401626,-32.91427659,32.91427659
28322,5,5,2,22,1,662.0,191.11753234,470.88246766,-0.31221795,0.90183999,0.29867136,154.40099008,-0.90183999,838.43375038,-132.22825997,-35.47485364,35.47485364
28326,6,6,2,22,1,662.0,187.40586356,474.59413644,0.28110286,0.81517284,0.50643304,144.60445556,-0.81517284,821.96716173,-115.93821286,-31.10447898,31.10447898
28386,5,5,2,22,1,662.0,186.08052881,475.91947119,0.04391325,0.97421536,0.22130536,166.96065418,-0.97421536,844.32695391,-134.12950072,-35.98492794,35.98492794
28393,5,5,2,22,1,662.0,200.7221927,461.2778073,0.28850028,0.77390008,-0.56377856,140.70541584,-0.77390008,827.16511592,-128.61773655,-34.50620451,34.50620451
28472,5,5,2,22,1,662.0,234.59568048,427.40431952,0.89276335,0.4063094,0.19464394,113.973207,-0.4063094,787.07098483,-116.04640758,-31.133506,31.133506
28512,5,5,2,22,1,662.0,217.31423175,444.68576825,0.64695991,0.57952697,-0.49557175,125.41727914,-0.57952697,807.59725001,-122.42764761,-32.84549673,32.84549673
28549,5,5,2,22,1,662.0,215.6662574,446.3337426,0.78365028,0.59749498,-0.16997644,126.69069893,-0.59749498,809.54673843,-123.03973774,-33.00971131,33.00971131
28604,6,6,2,22,1,662.0,182.61118044,479.38881956,0.45319285,0.89140526,0.00359165,153.05036627,-0.89140526,828.92238146,-118.93570816,-31.90866189,31.90866189
28610,5,5,2,22,1,662.0,197.12274283,464.87725717,-0.56188276,0.82038627,0.10608552,145.12347943,-0.82038627,831.39305243,-129.96852101,-34.86859966,34.86859966
28661,5,5,2,22,1,662.0,196.09766473,465.90233527,0.34255333,0.83393716,0.43267312,146.5053294,-0.83393716,832.59603469,-130.35371374,-34.97194108,34.97194108
28672,5,5,2,22,1,662.0,225.00355784,436.99644216,-0.49219138,0.49916868,0.71314674,119.94501543,-0.49916868,798.48312549,-119.57982061,-32.08146757,32.08146757
28734,5,5,2,22,1,662.0,190.65124658,471.34875342,0.28019048,0.9083793,-0.3103874,155.28233533,-0.9083793,838.97976484,-132.40403948,-35.52201264,35.52201264
28735,5,5,2,22,1,662.0,241.73729108,420.26270892,-0.62372426,0.34195882,-0.70287425,109.99626093,-0.34195882,778.54243098,-113.42980248,-30.4315102,30.4315102
28880,6,6,2,22,1,662.0,190.71130889,471.28869111,0.16587634,0.9814703,-0.09592234,168.95298976,-0.9814703,849.96340719,-141.64183376,-38.00037393,38.00037393
28956,5,5,2,22,1,662.0,185.11245292,476.88754708,-0.12221977,0.98857663,-0.08819627,171.33139711,-0.98857663,845.45831716,-134.49550872,-36.08312239,36.08312239
29021,6,6,2,22,1,662.0,172.10948494,489.89051506,0.17182354,0.91917114,0.35440243,156.8052081,-0.91917114,822.99448504,-107.32260011,-28.79303964,28.79303964
29041,6,6,2,22,1,662.0,183.73052266,478.26947734,0.51509461,0.84216234,-0.15949965,147.36916664,-0.84216234,822.71784465,-114.29996766,-30.66496243,30.66496243
29056,5,5,2,22,1,662.0,222.49936602,439.50063398,0.62724201,0.52472918,-0.57552302,121.65001369,-0.52472918,801.45461324,-120.50579407,-32.32989233,32.32989233
29178,5,5,2,22,1,662.0,224.23993143,437.76006857,0.37047678,0.50690258,-0.77832945,120.45773142,-0.50690258,799.38958799,-119.8620336,-32.15718108,32.15718108
29327,5,5,2,22,1,662.0,185.61645162,476.38354838,-0.00435765,0.98108118,-0.19354772,168.83723741,-0.98108118,844.86935859,-134.30493386,-36.03199402,36.03199402
29392,6,6,2,22,1,662.0,243.83787326,418.16212674,0.15492728,0.72248946,-0.67380005,136.26039951,-0.72248946,854.95636033,-177.54630448,-47.63300347,47.63300347
29447,5,5,2,22,1,662.0,198.45778525,463.54221475,0.1161851,0.80294773,-0.58461609,143.41251872,-0.80294773,829.82559482,-129.46718906,-34.73409984,34.73409984
29474,5,5,2,22,1,662.0,185.38939061,476.61060939,-0.00494286,0.98445298,-0.17557876,169.88361161,-0.98445298,845.13470924,-134.39078497,-36.05502658,36.05502658
29632,5,5,2,22,1,662.0,200.90778475,461.09221525,0.21834315,0.77154835,0.59752775,140.49313344,-0.77154835,826.94695705,-128.54816381,-34.48753918,34.48753918
29660,5,5,2,22,1,662.0,185.94534365,476.05465635,-0.21575226,0.97621183,0.0214809,167.4777356,-0.97621183,844.48496542,-134.1805996,-35.99863701,35.99863701
29782,5,5,2,22,1,662.0,191.82332665,470.17667335,-0.18512323,0.89200223,0.41238502,153.12593506,-0.89200223,837.60709127,-131.96227771,-35.4034946,35.4034946
29820,5,5,2,22,1,662.0,225.57547794,436.42452206,-0.86798849,0.49341065,-0.0560528,119.56500107,-0.49341065,797.80403207,-119.3685444,-32.02478534,32.02478534
29911,15,15,2,22,1,662.0,85.54996619,576.45003381,-0.16524845,0.92830915,0.33306916,158.17275844,-0.92830915,742.09882225,25.88689768,6.94506535,6.94506535
30088,5,5,2,22,1,662.0,195.12064123,466.87935877,-0.51463018,0.84698532,-0.13331033,147.88527449,-0.84698532,833.74217988,-130.72105689,-35.07049372,35.07049372
30102,5,5,2,22,1,662.0,242.03557091,419.96442909,0.16810223,0.33935374,-0.92551644,109.83750529,-0.33935374,778.18561585,-113.32078272,-30.40226184,30.40226184
30236,6,6,2,22,1,662.0,261.48325566,400.51674434,0.72873851,0.37554456,0.57263117,112.05797424,-0.37554456,797.8925114,-142.44045644,-38.21463238,38.21463238
30321,5,5,2,22,1,662.0,209.70552641,452.29447359,0.7292769,0.6648434,-0.16167388,131.67031294,-0.6648434,816.58695608,-125.25873902,-33.60503598,33.60503598
30446,5,5,2,22,1,662.0,184.63812229,477.36187771,0.09232774,0.99566823,-0.01097151,174.66508548,-0.99566823,846.0125062,-134.67491318,-36.1312539,36.1312539
30488,5,5,2,22,1,662.0,255.16218734,406.83781266,0.73000285,0.23074188,0.64331487,103.34075316,-0.23074188,762.43318622,-108.54467113,-29.12090292,29.12090292
30507,5,5,2,22,1,662.0,210.11586971,451.88413029,0.63582895,0.66008459,0.40001234,131.30632458,-0.66008459,816.1028509,-125.10572771,-33.56398535,33.56398535
30561,5,5,2,22,1,662.0,193.42283354,468.57716646,0.223629,0.86997312,-0.43947336,150.45551659,-0.86997312,835.73285418,-131.35988273,-35.24188109,35.24188109
30825,5,5,2,22,1,662.0,241.14674487,420.85325513,-0.74321411,0.34713547,0.57195257,110.31220737,-0.34713547,779.24872258,-113.64570757,-30.48943429,30.48943429
30839,5,5,2,22,1,662.0,199.06432079,462.93567921,0.28070705,0.79510233,0.53760193,142.66492249,-0.79510233,829.11319978,-129.23955013,-34.67302774,34.67302774
30847,5,5,2,22,1,662.0,198.21135388,463.78864612,0.06194456,0.80614897,0.5884613,143.72136433,-0.80614897,830.11498815,-129.55969973,-34.75891906,34.75891906
30850,5,5,2,22,1,662.0,241.14676569,420.85323431,-0.92619578,0.34713529,-0.1471682,110.3121962,-0.34713529,779.24869768,-113.64569995,-30.48943224,30.48943224
30872,5,5,2,22,1,662.0,206.21267196,455.78732804,0.10699781,0.70611728,-0.69996418,134.91987814,-0.70611728,820.70441941,-126.56267584,-33.95486262,33.95486262
30885,6,6,2,22,1,662.0,201.19637994,460.80362006,-0.87240014,0.46737906,0.14309018,117.86429988,-0.46737906,776.67643895,-85.16093993,-22.84739949,22.84739949
30911,6,6,2,22,1,662.0,177.18158555,484.81841445,0.10304284,0.99119092,-0.08320299,172.38934081,-0.99119092,837.94941672,-123.32176698,-33.08537551,33.08537551
30971,5,5,2,22,1,662.0,203.1273648,458.8726352,-0.27482284,0.74375598,0.60934346,138.05235779,-0.74375598,824.33665948,-127.71668745,-34.26446658,34.26446658
30999,5,5,2,22,1,662.0,196.41102592,465.58897408,0.16927899,0.82977971,-0.53179908,146.07611539,-0.82977971,832.22833964,-130.23593855,-34.94034377,34.94034377
31032,5,5,2,22,1,662.0,220.99370086,441.00629914,0.38071344,0.54037649,-0.75036693,122.70927199,-0.54037649,803.2397103,-121.06323429,-32.47944516,32.47944516
31127,5,5,2,22,1,662.0,194.81598043,467.18401957,-0.43068918,0.85108084,-0.30028026,148.32942244,-0.85108084,834.09948908,-130.83564523,-35.10123605,35.10123605
31208,5,5,2,22,1,662.0,209.60154627,452.39845373,0.74260144,0.66605224,0.07012504,131.76310084,-0.66605224,816.7096145,-125.29751767,-33.61543971,33.61543971
31213,5,5,2,22,1,662.0,215.25002601,446.74997399,0.44677785,0.60207671,0.66173498,127.01877645,-0.60207671,810.03891188,-123.1944308,-33.05121313,33.05121313
31222,5,5,2,22,1,662.0,193.92024753,468.07975247,-0.11525481,0.8631966,-0.49153633,149.67741409,-0.8631966,835.14977177,-131.17266008,-35.19165207,35.19165207
31226,5,5,2,22,1,662.0,218.69133421,443.30866579,-0.02820682,0.56471999,-0.8248004,124.38284922,-0.56471999,805.96716011,-121.91663412,-32.7083995,32.7083995
31241,5,5,2,22,1,662.0,205.78324024,456.21675976,0.30801777,0.71128845,-0.63181785,135.33984392,-0.71128845,821.21024458,-126.72317394,-33.99792185,33.99792185
31265,5,5,2,22,1,662.0,185.47134666,476.52865334,0.14786254,0.983235,0.10670334,169.49374336,-0.983235,845.03893539,-134.3597964,-36.04671281,36.04671281
31303,5,5,2,22,1,662.0,186.54848018,475.45151982,-0.01745966,0.9673268,-0.25293085,165.3133391,-0.9673268,843.77992656,-133.95264814,-35.93748106,35.93748106
31376,5,5,2,22,1,662.0,223.83443438,438.16556562,-0.48004321,0.51103085,0.71302594,120.73251831,-0.51103085,799.87081192,-120.01194745,-32.19740071,32.19740071
31554,5,5,2,22,1,662.0,202.78238175,459.21761825,-0.53892387,0.74803573,0.38730299,138.42051239,-0.74803573,824.74252084,-127.84585158,-34.29911938,34.29911938
31700,5,5,2,22,1,662.0,216.73717565,445.26282435,-0.67984482,0.58578758,0.44120735,125.85864825,-0.58578758,808.28003721,-122.64190809,-32.9029796,32.9029796
31705,5,5,2,22,1,662.0,191.94831121,470.05168879,0.22791671,0.89026767,0.39430629,152.90690129,-0.89026767,837.46068049,-131.91518752,-35.39086101,35.39086101
31720,5,5,2,22,1,662.0,201.54457509,460.45542491,0.60723545,0.76351219,0.21980502,139.77481065,-0.76351219,826.19830476,-128.30950712,-34.42351118,34.42351118
31725,5,5,2,22,1,662.0,201.99173094,460.00826906,0.44414966,0.75789946,-0.47782789,139.27936699,-0.75789946,825.67248699,-128.14197404,-34.37856458,34.37856458
31732,5,5,2,22,1,662.0,192.424409,469.575591,0.36919108,0.88368091,-0.2877603,152.08962833,-0.88368091,836.90290118,-131.73583918,-35.34274455,35.34274455
31812,5,5,2,22,1,662.0,242.92268558,419.07731442,0.65958643,0.33164377,-0.67450586,109.36857625,-0.33164377,777.12411957,-112.99667418,-30.31530839,30.31530839
31816,5,5,2,22,1,662.0,261.81762232,400.18237768,0.8919569,0.17983444,-0.41481619,100.36011667,-0.17983444,754.40801494,-106.13955568,-28.47564661,28.47564661
31869,5,5,2,22,1,662.0,186.69184616,475.30815384,0.12652736,0.96522327,0.22876814,164.84525271,-0.96522327,843.61231508,-133.89847498,-35.92294721,35.92294721
31901,5,5,2,22,1,662.0,246.29567929,415.70432071,-0.94937274,0.30283594,0.08355715,107.62801598,-0.30283594,773.08407808,-111.76609435,-29.98516233,29.98516233
31960,5,5,2,22,1,662.0,192.54618965,469.45381035,-0.35957134,0.88200132,-0.30460158,151.88473206,-0.88200132,836.76021106,-131.68997147,-35.33043893,35.33043893
31967,5,5,2,22,1,662.0,185.79275458,476.20724542,0.105502,0.97846882,0.17739251,168.08884386,-0.97846882,844.66331001,-134.23828156,-36.01411221,36.01411221
32008,5,5,2,22,1,662.0,186.01030196,475.98969804,-0.01982572,0.97525213,-0.22020494,167.22660774,-0.97525213,844.40903973,-134.15604542,-35.99204949,35.99204949
32042,5,5,2,22,1,662.0,189.39617297,472.60382703,0.26117501,0.92614075,0.272123,157.84100369,-0.92614075,840.44896232,-132.87740069,-35.64900833,35.64900833
32057,5,5,2,22,1,662.0,204.20862002,457.79137998,0.67767375,0.73043593,-0.08498024,136.92295227,-0.73043593,823.06423804,-127.31202494,-34.15590172,34.15590172
32061,5,5,2,22,1,662.0,201.32905617,460.67094383,-0.55910509,0.7662263,-0.31669978,140.0162128,-0.7662263,826.45170386,-128.39026965,-34.44517856,34.44517856
32141,5,5,2,22,1,662.0,273.24970428,388.75029572,0.87660456,0.0981787,-0.47108957,95.63430157,-0.0981787,740.5597526,-102.03494344,-27.37444088,27.37444088
32212,5,5,2,22,1,662.0,213.37639946,448.62360054,-0.03108156,0.62292226,-0.78166603,128.52984919,-0.62292226,812.25333284,-123.89124724,-33.2381585,33.2381585
32306,6,6,2,22,1,662.0,178.84153821,483.15846179,-0.48534133,0.87213983,0.06177303,150.70826208,-0.87213983,822.64145874,-111.19730215,-29.83256393,29.83256393
32339,5,5,2,22,1,662.0,220.63806692,441.36193308,-0.8289764,0.54410352,0.12941983,122.96342272,-0.54410352,803.66117824,-121.19497562,-32.51478937,32.51478937
32401,5,5,2,22,1,662.0,207.79430643,454.20569357,0.71513647,0.68725574,-0.12751226,133.41326764,-0.68725574,818.84066871,-125.97189526,-33.79636508,33.79636508
32431,5,5,2,22,1,662.0,185.95934607,476.04065393,0.06861865,0.9760049,0.2066541,167.42317049,-0.9760049,844.46859902,-134.17530663,-35.99721698,35.99721698
32468,5,5,2,22,1,662.0,184.90950342,477.09049658,-0.02373202,0.99160642,-0.12709641,172.57125464,-0.99160642,845.69544717,-134.57226394,-36.10371466,36.10371466
32471,5,5,2,22,1,662.0,231.89201131,430.10798869,0.3571632,0.43170554,0.82829027,115.57584688,-0.43170554,790.29254631,-117.0401677,-31.40011689,31.40011689
32520,5,5,2,22,1,662.0,199.77011121,462.22988879,0.17026191,0.78603308,-0.59427509,141.81632635,-0.78603308,828.28401455,-128.97475906,-34.60198828,34.60198828
32573,5,5,2,22,1,662.0,226.98628054,435.01371946,-0.77458173,0.4793309,0.41263184,118.64171138,-0.4793309,796.1281361,-118.847695,-31.88504928,31.88504928
32678,5,5,2,22,1,662.0,231.70163951,430.29836049,-0.75186342,0.43351608,0.49675468,115.69090726,-0.43351608,790.51923784,-117.11020562,-31.41890701,31.41890701
32699,5,5,2,22,1,662.0,219.37173059,442.62826941,-0.78514845,0.5574728,0.26975173,123.88120452,-0.5574728,805.1614194,-121.6643118,-32.64070521,32.64070521
32743,5,5,2,22,1,662.0,187.1493248,474.8506752,-0.14073095,0.95853249,-0.24781096,163.44215053,-0.95853249,843.07740963,-133.72563776,-35.87657759,35.87657759
32757,5,5,2,22,1,662.0,257.00103955,404.99896045,-0.94386773,0.21641289,-0.24955794,102.49843152,-0.21641289,760.21852953,-107.87902997,-28.94232141,28.94232141
32761,5,5,2,22,1,662.0,191.54354732,470.45645268,-0.07792271,0.89589328,-0.4373823,153.62340061,-0.89589328,837.93480827,-132.0677015,-35.43177822,35.43177822
32810,5,5,2,22,1,662.0,208.02229172,453.97770828,-0.56748961,0.68456059,-0.45752852,133.20105974,-0.68456059,818.57191975,-125.88678219,-33.77353052,33.77353052
32824,5,5,2,22,1,662.0,196.29291612,465.70708388,-0.19462087,0.83134514,0.52056505,146.23716586,-0.83134514,832.36693378,-130.28032706,-34.95225254,34.95225254
32846,5,5,2,22,1,662.0,188.22080778,473.77919222,0.33116951,0.94298897,0.03314461,160.55972992,-0.94298897,841.82422429,-133.32099723,-35.76801862,35.76801862
32855,5,5,2,22,1,662.0,203.29186258,458.70813742,0.29023582,0.74172038,-0.60466027,137.87817259,-0.74172038,824.14311366,-127.65510738,-34.24794558,34.24794558
32859,5,5,2,22,1,662.0,195.88182069,466.11817931,-0.52300604,0.83680856,-0.16191393,146.80462971,-0.83680856,832.84927821,-130.43484976,-34.99370865,34.99370865
32947,7,7,2,22,1,662.0,203.51705203,458.48294797,-0.06991251,0.82878545,-0.55518188,145.97417544,-0.82878545,838.44193596,-139.79221285,-37.50414845,37.50414845
33011,5,5,2,22,1,662.0,193.51188018,468.48811982,0.12673431,0.86875744,-0.47874725,150.31456516,-0.86875744,835.62847939,-131.32636245,-35.2328881,35.2328881
33067,5,5,2,22,1,662.0,192.68139676,469.31860324,0.24902594,0.88013904,0.40415511,151.65914055,-0.88013904,836.60178146,-131.63905045,-35.31677759,35.31677759
33131,5,5,2,22,1,662.0,201.19850316,460.80149684,-0.08135997,0.76787323,0.63541424,140.1632892,-0.76787323,826.60519277,-128.43919734,-34.45830512,34.45830512
33230,5,5,2,22,1,662.0,200.45489425,461.54510575,0.14488731,0.7772948,0.61222583,141.01355274,-0.7772948,827.4792907,-128.71795153,-34.53309068,34.53309068
33233,5,5,2,22,1,662.0,185.19142977,476.80857023,0.13709632,0.98739939,-0.07903823,170.89477931,-0.98739939,845.36603432,-134.46564209,-36.07510962,36.07510962
33238,5,5,2,22,1,662.0,185.28201823,476.71798177,-0.14327672,0.98605031,0.08471464,170.41866367,-0.98605031,845.26018022,-134.43138587,-36.06591919,36.06591919
33285,7,7,2,22,1,662.0,146.86958023,515.13041977,0.20709039,0.97817287,-0.01707086,168.00696476,-0.97817287,806.24164838,-76.62858079,-20.55829585,20.55829585
33327,6,6,2,22,1,662.0,187.93274446,474.06725554,0.43934848,0.88039232,-0.17855607,151.68972526,-0.88039232,832.24067096,-125.04063218,-33.5465212,33.5465212
33365,6,6,2,22,1,662.0,167.83679185,494.16320815,0.32178642,0.79882017,-0.50827141,143.0175846,-0.79882017,802.44859195,-86.54071139,-23.21757143,23.21757143
33411,5,5,2,22,1,662.0,239.88329815,422.11670185,0.23542645,0.35829627,0.90343686,110.99560115,-0.35829627,780.7591556,-114.10790926,-30.61343605,30.61343605
33430,5,5,2,22,1,662.0,195.99813859,466.00186141,0.23028097,0.83526038,-0.4993103,146.64296041,-0.83526038,832.71280842,-130.3911245,-34.98197782,34.98197782
33546,5,5,2,22,1,662.0,214.5769772,447.4230228,-0.63760646,0.60952301,-0.47110477,127.55502123,-0.60952301,810.83457946,-123.4446526,-33.11834388,33.11834388
33680,5,5,2,22,1,662.0,194.373937,467.626063,-0.11926889,0.857046,-0.50124554,148.98650841,-0.857046,834.61784774,-131.00194057,-35.14585059,35.14585059
33786,5,5,2,22,1,662.0,190.6379535,471.3620465,-0.24922823,0.9085662,-0.33525029,155.30795663,-0.9085662,838.99532945,-132.40905135,-35.52335725,35.52335725
33844,5,5,2,22,1,662.0,222.15838274,439.84161726,-0.82917898,0.5282542,0.18278325,121.88757398,-0.5282542,801.85897903,-120.63199046,-32.36374892,32.36374892
33854,6,6,2,22,1,662.0,228.26091771,433.73908229,0.74851742,0.65791095,-0.08291469,131.14074401,-0.65791095,830.16818772,-148.10124108,-39.73333577,39.73333577
34021,5,5,2,22,1,662.0,211.39786188,450.60213812,0.1481345,0.64533616,0.74939803,130.19088415,-0.64533616,814.58989051,-124.62793053,-33.43579955,33.43579955
34065,5,5,2,22,1,662.0,214.27507642,447.72492358,-0.58260627,0.61287829,-0.5338072,127.79791445,-0.61287829,811.19140963,-123.55692428,-33.14846468,33.14846468
34102,5,5,2,22,1,662.0,191.01796405,470.98203595,-0.39276282,0.90323368,0.17293432,154.58643068,-0.90323368,838.55035161,-132.26579121,-35.48492271,35.48492271
34144,5,5,2,22,1,662.0,192.56576716,469.43423284,0.3922878,0.88173151,-0.26203021,151.85194481,-0.88173151,836.73727152,-131.68259805,-35.32846075,35.32846075
34253,5,5,2,22,1,662.0,196.47195979,465.52804021,-0.29633286,0.82897282,0.47433205,145.99336616,-0.82897282,832.15683526,-130.21303929,-34.93420024,34.93420024
34415,5,5,2,22,1,662.0,188.19798475,473.80201525,-0.33164941,0.94331821,-0.01262662,160.61648812,-0.94331821,841.85092288,-133.32961375,-35.7703303,35.7703303
34422,5,5,2,22,1,662.0,186.68407919,475.31592081,0.08117132,0.96533715,0.2480633,164.87023091,-0.96533715,843.6213958,-133.90140975,-35.92373457,35.92373457
34455,5,5,2,22,1,662.0,232.3255309,429.6744691,-0.28349381,0.42759361,-0.85836762,115.31494119,-0.42759361,789.77624687,-116.88070731,-31.35733607,31.35733607
34474,5,5,2,22,1,662.0,189.10918697,472.89081303,0.01825323,0.93023521,0.36650958,158.47150986,-0.93023521,840.78481258,-132.98568599,-35.67805965,35.67805965
34497,5,5,2,22,1,662.0,201.31059637,460.68940363,-0.11724259,0.76645904,0.63150195,140.03697004,-0.76645904,826.47340721,-128.39718766,-34.44703455,34.44703455
34504,5,5,2,22,1,662.0,192.21468677,469.78531323,0.39719008,0.88657837,0.2371051,152.44638661,-0.88657837,837.14861674,-131.81483669,-35.36393839,35.36393839
34534,5,5,2,22,1,662.0,185.43677339,476.56322661,-0.10733477,0.98374868,-0.14393676,169.65639519,-0.98374868,845.07933808,-134.37286881,-36.05021994,36.05021994
34590,6,6,2,22,1,662.0,167.84537696,494.15462304,0.60753149,0.5307346,-0.5909537,122.05510208,-0.5307346,764.43428503,-51.89049794,-13.92144024,13.92144024
34819,5,5,2,22,1,662.0,190.93949211,471.06050789,-0.42654412,0.90433311,-0.01554827,154.73361277,-0.90433311,838.64224449,-132.29537186,-35.49285875,35.49285875
34887,5,5,2,22,1,662.0,215.27565434,446.72434566,0.79510013,0.60179409,0.07523065,126.99849843,-0.60179409,810.00861009,-123.18490487,-33.04865747,33.04865747
34935,5,5,2,22,1,662.0,187.52869241,474.47130759,-0.13255097,0.95300886,-0.27240476,162.36558213,-0.95300886,842.63376608,-133.5823441,-35.83813405,35.83813405
34942,5,5,2,22,1,662.0,188.35334768,473.64665232,0.33455142,0.94107856,-0.04946199,160.23348273,-0.94107856,841.66917336,-133.27096073,-35.75459458,35.75459458
34986,5,5,2,22,1,662.0,209.83301758,452.16698242,-0.41610529,0.66336288,-0.62193736,131.55685205,-0.66336288,816.43655619,-125.21119535,-33.59228073,33.59228073
35099,5,5,2,22,1,662.0,184.63193903,477.36806097,-0.00048127,0.99576091,-0.09197814,174.72250926,-0.99576091,846.01972984,-134.67725216,-36.13188142,36.13188142
35138,5,5,2,22,1,662.0,251.21112585,410.78887415,0.96499676,0.26223956,-0.00341701,105.20299125,-0.26223956,767.18500571,-109.97777743,-29.50538379,29.50538379
35176,5,5,2,22,1,662.0,222.17925484,439.82074516,-0.02005731,0.52803812,-0.84898377,121.87299403,-0.52803812,801.83422889,-120.62426503,-32.3616763,32.3616763
35233,5,5,2,22,1,662.0,222.92596279,439.07403721,-0.04318092,0.52033429,0.85287023,121.35467773,-0.52033429,800.94863692,-120.34794997,-32.28754513,32.28754513
35271,5,5,2,22,1,662.0,213.61867618,448.38132382,0.00904478,0.62020616,-0.78438671,128.33119115,-0.62020616,811.96708494,-123.80109847,-33.21397294,33.21397294
35303,5,5,2,22,1,662.0,229.67219632,432.32780368,0.61110666,0.45300372,0.64910421,116.93656371,-0.45300372,792.93467746,-117.85736749,-31.61935931,31.61935931
35351,5,5,2,22,1,662.0,190.30815255,471.69184745,0.14183234,0.91321141,0.38200591,155.95298633,-0.91321141,839.381462,-132.53340747,-35.55672013,35.55672013
35368,5,5,2,22,1,662.0,216.92418734,445.07581266,-0.68583727,0.583755,-0.43457719,125.715085,-0.583755,808.05877837,-122.57246258,-32.88434841,32.88434841
35386,5,5,2,22,1,662.0,264.49734122,397.50265878,-0.36614602,0.16006069,-0.91668843,99.21041905,-0.16006069,751.16923156,-105.1743672,-28.21670106,28.21670106
35419,5,5,2,22,1,662.0,195.83212448,466.16787552,-0.545882,0.83747057,-0.02561037,146.87397374,-0.83747057,832.90758232,-130.45353202,-34.99872082,34.99872082
35453,5,5,2,22,1,662.0,261.83420488,400.16579512,-0.40342565,0.17971083,-0.89719104,100.35291717,-0.17971083,754.38798628,-106.13357724,-28.47404269,28.47404269
35481,5,5,2,22,1,662.0,260.3085843,401.6914157,0.21720712,0.19114887,-0.95722681,101.01983881,-0.19114887,756.22995484,-106.68389735,-28.6216853,28.6216853
35678,5,5,2,22,1,662.0,187.38478151,474.61521849,0.23074611,0.95510158,0.18584186,162.76578065,-0.95510158,842.80206707,-133.6366982,-35.85271644,35.85271644
35772,5,5,2,22,1,662.0,198.979573,463.020427,-0.54159241,0.79619565,0.26972236,142.76833433,-0.79619565,829.21274883,-129.27135209,-34.68155973,34.68155973
35805,5,5,2,22,1,662.0,200.73516301,461.26483699,-0.56546788,0.77373558,0.28562096,140.69053626,-0.77373558,827.14987015,-128.61287414,-34.50489999,34.50489999
35864,5,5,2,22,1,662.0,205.62587992,456.37412008,0.40918388,0.71318877,-0.56914877,135.49495835,-0.71318877,821.39557663,-126.78199671,-34.01370311,34.01370311
35872,5,5,2,22,1,662.0,190.16267885,471.83732115,0.25526877,0.91526551,0.3116519,156.2434606,-0.91526551,839.55176805,-132.58826763,-35.57143828,35.57143828
35917,5,5,2,22,1,662.0,219.04596651,442.95403349,0.58841477,0.56093703,0.58233814,124.12062465,-0.56093703,805.54722542,-121.78510704,-32.67311276,32.67311276
36025,5,5,2,22,1,662.0,220.55469495,441.44530505,0.18071822,0.544979,-0.81874222,123.0232283,-0.544979,803.7599746,-121.22586416,-32.52307631,32.52307631
36029,5,5,2,22,1,662.0,212.47381925,449.52618075,-0.76355939,0.63309538,-0.1271507,129.2788651,-0.63309538,813.31947225,-124.22720352,-33.32829052,33.32829052
36032,5,5,2,22,1,662.0,185.14852873,476.85147127,0.10448958,0.98803875,-0.11340789,171.12926308,-0.98803875,845.41616364,-134.48186579,-36.07946219,36.07946219
36037,5,5,2,22,1,662.0,203.835038,458.164962,0.5886772,0.73502213,-0.33645448,137.30908634,-0.73502213,823.50393124,-127.45181027,-34.19340402,34.19340402
36115,5,5,2,22,1,662.0,202.85330389,459.14669611,0.45740187,0.74715471,-0.48222751,138.34450723,-0.74715471,824.65908777,-127.81929572,-34.29199484,34.29199484
36123,5,5,2,22,1,662.0,203.41292212,458.58707788,0.61126789,0.74022442,0.28003459,137.75053619,-0.74022442,824.00066861,-127.60979225,-34.23578821,34.23578821
36202,5,5,2,22,1,662.0,195.7136442,466.2863558,0.25550135,0.83905022,0.48032675,147.03996039,-0.83905022,833.04658017,-130.49807434,-35.01067086,35.01067086
36239,5,5,2,22,1,662.0,202.66204324,459.33795676,-0.64926963,0.74953205,0.12903744,138.54985846,-0.74953205,824.88408215,-127.89091324,-34.31120874,34.31120874
36295,5,5,2,22,1,662.0,187.9841218,474.0158782,0.29772437,0.94640722,-0.12519417,161.15701424,-0.94640722,842.1010907,-133.41036006,-35.79199332,35.79199332
36314,6,6,2,22,1,662.0,220.91065054,441.08934946,0.56363453,0.66621794,0.48833368,131.77583008,-0.66621794,825.77523317,-139.93603301,-37.54273324,37.54273324
36343,5,5,2,22,1,662.0,217.36799208,444.63200792,-0.81254944,0.57894541,0.06771723,125.37640223,-0.57894541,807.53363104,-122.40769026,-32.84014248,32.84014248
36420,5,5,2,22,1,662.0,227.181734,434.818266,-0.43737655,0.47739408,0.76210016,118.51534305,-0.47739408,795.89587535,-118.77557253,-31.86569991,31.86569991
36441,5,5,2,22,1,662.0,195.03944969,466.96055031,0.40928473,0.84807552,0.33653221,148.00296487,-0.84807552,833.8374062,-130.75159255,-35.07868598,35.07868598
36656,5,5,2,22,1,662.0,204.92507969,457.07492031,0.46814799,0.72168725,0.50990682,136.19395938,-0.72168725,822.22080666,-127.04402799,-34.08400217,34.08400217
36740,6,6,2,22,1,662.0,167.82770649,494.17229351,0.07061891,0.90079894,0.42845565,154.26328331,-0.90079894,816.43809364,-98.9218154,-26.53923544,26.53923544
36935,5,5,2,22,1,662.0,188.75937431,473.24062569,-0.21914785,0.93524287,-0.27801979,159.26741707,-0.93524287,841.19413787,-133.11770022,-35.71347708,35.71347708
37111,5,5,2,22,1,662.0,194.22869876,467.77130124,-0.11630715,0.85901185,0.49856925,149.20581337,-0.85901185,834.78814102,-131.05658776,-35.16051161,35.16051161
37146,5,5,2,22,1,662.0,192.52445493,469.47554507,0.37263131,0.88230093,-0.28756039,151.9211811,-0.88230093,836.78567807,-131.69815745,-35.33263511,35.33263511
37205,5,5,2,22,1,662.0,230.43194566,431.56805434,-0.68752829,0.44566806,-0.57331041,116.46608924,-0.44566806,792.03067886,-117.57754446,-31.54428699,31.54428699
37244,5,5,2,22,1,662.0,190.04691147,471.95308853,-0.31316363,0.9169024,-0.24742379,156.477354,-0.9169024,839.68729024,-132.63192828,-35.58315178,35.58315178
37318,5,5,2,22,1,662.0,199.74869833,462.25130167,-0.26264242,0.78630728,0.55923145,141.84174823,-0.78630728,828.30917446,-128.98279095,-34.60414311,34.60414311
37365,6,6,2,22,1,662.0,223.49344606,438.50655394,-0.66083325,0.67032029,-0.33759462,132.09178957,-0.67032029,828.57990646,-143.85514385,-38.59417174,38.59417174
37480,5,5,2,22,1,662.0,208.28469145,453.71530855,0.71930043,0.68146591,-0.13494852,132.95830059,-0.68146591,818.26257244,-125.78883542,-33.74725288,33.74725288
37567,5,5,2,22,1,662.0,198.44306422,463.55693578,0.0161716,0.80313874,0.59557254,143.43088361,-0.80313874,829.84288303,-129.47271499,-34.73558236,34.73558236
37790,6,6,2,22,1,662.0,186.51445229,475.48554771,0.07495701,0.98178164,-0.17460317,169.04647574,-0.98178164,845.85923145,-135.67955585,-36.40078442,36.40078442
37897,5,5,2,22,1,662.0,191.64930333,470.35069667,0.25434205,0.89442114,-0.36785995,153.4341734,-0.89442114,837.810936,-132.02784959,-35.42108655,35.42108655
37923,5,5,2,22,1,662.0,186.52515556,475.47484444,0.01220085,0.96766934,-0.25192695,165.39094912,-0.96766934,843.8071949,-133.96146212,-35.93984572,35.93984572
37945,5,5,2,22,1,662.0,198.14821333,463.85178667,0.438133,0.80697048,-0.39602793,143.80098629,-0.80697048,830.18913193,-129.58340487,-34.76527879,34.76527879
38082,5,5,2,22,1,662.0,189.0867779,472.9132221,-0.33059896,0.93055545,-0.1573877,158.52156523,-0.93055545,840.81103565,-132.99414209,-35.6803283,35.6803283
38210,5,5,2,22,1,662.0,190.21959095,471.78040905,-0.40150599,0.91446153,0.05052771,156.12937231,-0.91446153,839.48514218,-132.56680476,-35.56568012,35.56568012
38290,5,5,2,22,1,662.0,226.57519272,435.42480728,0.66446282,0.48341544,0.56991111,118.90870831,-0.48341544,796.6165744,-118.99941557,-31.92575363,31.92575363
38310,5,5,2,22,1,662.0,200.99595239,461.00404761,0.57262319,0.77043265,-0.28024313,140.39275667,-0.77043265,826.8433126,-128.51511507,-34.47867271,34.47867271
38341,5,5,2,22,1,662.0,205.76231242,456.23768758,0.47057835,0.71154101,0.52179058,135.36043485,-0.71154101,821.23489312,-126.73099664,-34.00002056,34.00002056
38361,5,5,2,22,1,662.0,228.48149065,433.51850935,0.87789937,0.46459857,-0.11593477,117.68424522,-0.46459857,794.35084782,-118.296187,-31.73708798,31.73708798
38367,5,5,2,22,1,662.0,235.50013681,426.49986319,0.69392054,0.39794381,0.60009583,113.44969916,-0.39794381,785.99240691,-115.71435165,-31.04442038,31.04442038
38424,5,5,2,22,1,662.0,239.03749409,422.96250591,-0.89833271,0.36583371,0.24323659,111.45889968,-0.36583371,781.76981291,-114.41754107,-30.69650561,30.69650561
38436,5,5,2,22,1,662.0,191.13773869,470.86226131,-0.07554089,0.90155734,0.42601402,154.36353308,-0.90155734,838.41008683,-132.22064365,-35.4728103,35.4728103
38464,5,5,2,22,1,662.0,223.88277225,438.11722775,0.64907577,0.51053794,0.56396068,120.69966863,-0.51053794,799.81345132,-119.99407477,-32.19260574,32.19260574
38491,5,5,2,22,1,662.0,189.66933358,472.33066642,0.3704474,0.92225505,-0.11051859,157.25801295,-0.92225505,840.12925781,-132.77434792,-35.62136083,35.62136083
38527,5,5,2,22,1,662.0,267.74455763,394.25544237,-0.35383575,0.13662978,0.92527432,97.85287261,-0.13662978,747.23862083,-104.00726758,-27.90358578,27.90358578
38548,5,5,2,22,1,662.0,190.4690881,471.5309119,-0.17456228,0.91094264,-0.37378005,155.63594376,-0.91094264,839.19304388,-132.4727216,-35.54043902,35.54043902
38581,6,6,2,22,1,662.0,208.2683739,453.7316261,0.11107073,0.91998625,-0.37588376,156.92407136,-0.91998625,857.4983755,-158.36166568,-42.48605339,42.48605339
38660,5,5,2,22,1,662.0,198.95267236,463.04732764,0.38474272,0.79654289,0.46636088,142.80122916,-0.79654289,829.24434701,-129.281447,-34.68426804,34.68426804
38663,5,5,2,22,1,662.0,242.37618042,419.62381958,-0.16172369,0.33638681,-0.92773345,109.65689107,-0.33638681,777.77810383,-113.19631802,-30.36886983,30.36886983
38824,5,5,2,22,1,662.0,238.81236984,423.18763016,-0.87748194,0.36784892,0.30775417,111.58301541,-0.36784892,782.03874954,-114.49998345,-30.71862366,30.71862366
38840,5,5,2,22,1,662.0,235.05552248,426.94447752,0.75633859,0.40204814,0.51605158,113.70628018,-0.40204814,786.52267111,-115.87756008,-31.08820675,31.08820675
39055,5,5,2,22,1,662.0,185.79249943,476.20750057,-0.1859295,0.97847259,-0.08956342,168.08989243,-0.97847259,844.66360822,-134.23837801,-36.01413808,36.01413808
39075,5,5,2,22,1,662.0,184.78294062,477.21705938,-0.04163171,0.99349922,-0.10595328,173.46334052,-0.99349922,845.84331653,-134.62013412,-36.11655751,36.11655751
39143,5,5,2,22,1,662.0,187.11667014,474.88332986,0.15928852,0.95900899,-0.23436921,163.53822193,-0.95900899,843.115594,-133.73797338,-35.87988705,35.87988705
39269,5,5,2,22,1,662.0,232.25535217,429.74464783,-0.86952545,0.42825821,-0.24600894,115.35707265,-0.42825821,789.85983287,-116.90651797,-31.36426068,31.36426068
39421,5,5,2,22,1,662.0,196.96277176,465.03722824,0.06372853,0.8224917,-0.56519561,145.33500571,-0.8224917,831.58081816,-130.02861847,-34.88472291,34.88472291
39431,5,5,2,22,1,662.0,188.79082657,473.20917343,0.19751879,0.93479186,-0.29521264,159.19454443,-0.93479186,841.15733693,-133.10582955,-35.71029236,35.71029236
39487,5,5,2,22,1,662.0,193.71313667,468.28686333,-0.18518704,0.86601395,0.4644627,149.99868732,-0.86601395,835.39256629,-131.2506086,-35.21256448,35.21256448
39499,5,5,2,22,1,662.0,235.27590488,426.72409512,0.86151141,0.40001181,0.31271177,113.57891654,-0.40001181,786.25984783,-115.79665654,-31.06650155,31.06650155
39548,6,6,2,22,1,662.0,225.40449939,436.59550061,0.50132181,0.76175181,0.41037864,139.61887791,-0.76175181,846.39530607,-159.60887931,-42.82066205,42.82066205
39793,5,5,2,22,1,662.0,212.68086621,449.31913379,-0.75231823,0.63075409,-0.19017508,129.10577998,-0.63075409,813.07494071,-124.15012096,-33.30761043,33.30761043
39856,5,5,2,22,1,662.0,189.84025537,472.15974463,-0.17275014,0.91982937,0.35223758,156.90115027,-0.91982937,839.92919592,-132.70987378,-35.60406338,35.60406338
39861,5,5,2,22,1,662.0,215.80005018,446.19994982,-0.3879728,0.59602599,0.70301502,126.58580744,-0.59602599,809.38851686,-122.9900217,-32.99637324,32.99637324
39874,5,5,2,22,1,662.0,208.26011758,453.73988242,-0.23058173,0.68175539,-0.69429219,132.98096846,-0.68175539,818.29154437,-125.79800755,-33.74971362,33.74971362
40051,6,6,2,22,1,662.0,168.90428014,493.09571986,0.38550138,0.92159155,0.04536189,157.15987589,-0.92159155,820.28501047,-102.96645102,-27.62435035,27.62435035
40099,5,5,2,22,1,662.0,227.42726079,434.57273921,-0.85587297,0.47496578,-0.20466794,118.35712169,-0.47496578,795.60408355,-118.68498553,-31.84139678,31.84139678
40103,5,5,2,22,1,662.0,189.03528823,472.96471177,0.30485251,0.93129155,0.19940162,158.63704674,-0.93129155,840.87128798,-133.01357218,-35.6855411,35.6855411
40178,5,5,2,22,1,662.0,207.11633404,454.88366596,0.50560392,0.69530552,-0.51079831,134.05156824,-0.69530552,819.63971629,-126.22506804,-33.86428753,33.86428753
40204,5,5,2,22,1,662.0,213.09688855,448.90311145,-0.69613175,0.62606346,-0.35134759,128.76028541,-0.62606346,812.5835371,-123.99526674,-33.26606537,33.26606537
40224,5,5,2,22,1,662.0,227.84663674,434.15336326,-0.50543542,0.47083018,0.72308642,118.08819862,-0.47083018,795.10561161,-118.53028932,-31.79989411,31.79989411
40232,5,5,2,22,1,662.0,220.61117641,441.38882359,0.40755806,0.54438582,-0.73317154,122.98270284,-0.54438582,803.69304406,-121.20493813,-32.51746217,32.51746217
40255,5,5,2,22,1,662.0,261.32008674,400.67991326,0.70270541,0.18355041,0.6873968,100.57663011,-0.18355041,755.008868,-106.31896274,-28.52377883,28.52377883
40262,5,5,2,22,1,662.0,218.83224778,443.16775222,0.27135594,0.56321536,-0.78048345,124.27845429,-0.56321536,805.80030607,-121.86436827,-32.69437736,32.69437736
40334,5,5,2,22,1,662.0,210.48790071,451.51209929,0.75388061,0.65578613,0.040107,130.97928539,-0.65578613,815.663875,-124.96703468,-33.52677609,33.52677609
40357,5,5,2,22,1,662.0,188.06377503,473.93622497,-0.3077743,0.94525589,-0.10847248,160.95382537,-0.94525589,842.00791806,-133.38028499,-35.78392463,35.78392463
40425,5,5,2,22,1,662.0,210.34334453,451.65665547,-0.38263831,0.65745453,-0.64910821,131.10602865,-0.65745453,815.83445116,-125.02092154,-33.54123313,33.54123313
40538,5,5,2,22,1,662.0,199.46127174,462.53872826,0.14612415,0.7899937,0.59544747,142.18492279,-0.7899937,828.64687719,-129.09061308,-34.63307017,34.63307017
40611,5,5,2,22,1,662.0,219.88746082,442.11253918,-0.8337573,0.55200942,-0.01159196,123.50497701,-0.55200942,804.55052578,-121.4731252,-32.58941272,32.58941272
40740,5,5,2,22,1,662.0,220.97213839,441.02786161,-0.68297618,0.54060212,0.49121572,122.72463748,-0.54060212,803.26526617,-121.07122109,-32.4815879,32.4815879
40753,5,5,2,22,1,662.0,239.82268575,422.17731425,-0.14509726,0.35883466,-0.92205449,111.02864551,-0.35883466,780.83159483,-114.13009252,-30.61938748,30.61938748
40783,5,5,2,22,1,662.0,196.71367034,465.28632966,0.3103143,0.82577702,-0.47095366,145.66734806,-0.82577702,831.87317733,-130.12221102,-34.90983238,34.90983238
40808,5,5,2,22,1,662.0,205.26089074,456.73910926,0.69026977,0.71760769,-0.09255731,135.85731842,-0.71760769,821.82539989,-126.91845389,-34.05031252,34.05031252
40836,5,5,2,22,1,662.0,195.49992468,466.50007532,-0.19547119,0.8419045,-0.50297896,147.34177956,-0.8419045,833.29729405,-130.57842912,-35.03222884,35.03222884
40900,5,5,2,22,1,662.0,199.60405476,462.39594524,0.14503388,0.7881611,-0.59813649,142.01399367,-0.7881611,828.47912357,-129.03704877,-34.61869967,34.61869967
40964,5,5,2,22,1,662.0,219.04339439,442.95660561,-0.69194669,0.56096443,0.45445428,124.12252056,-0.56096443,805.55027139,-121.78606089,-32.67336866,32.67336866
41028,5,5,2,22,1,662.0,259.52488754,402.47511246,-0.02990135,0.19707677,-0.97993196,101.36606833,-0.19707677,757.17560955,-106.96682296,-28.69758999,28.69758999
41121,5,5,2,22,1,662.0,213.17954485,448.82045515,0.55796221,0.6251337,0.54578936,128.69200114,-0.6251337,812.48589385,-123.96450453,-33.25781233,33.25781233
41194,5,5,2,22,1,662.0,188.96249029,473.03750971,0.36028527,0.93233295,0.03081863,158.80145009,-0.93233295,840.95647289,-133.04104409,-35.6929114,35.6929114
41250,5,5,2,22,1,662.0,185.36747705,476.63252295,-0.16930122,0.98477883,-0.03934158,169.99046026,-0.98477883,845.16031694,-134.39907099,-36.05724959,36.05724959
41291,6,6,2,22,1,662.0,178.80633689,483.19366311,-0.57672071,0.81691514,-0.00654827,144.77716894,-0.81691514,814.62375429,-104.21248857,-27.95864349,27.95864349
41331,5,5,2,22,1,662.0,205.65071885,456.34928115,-0.67582046,0.71288862,-0.18723386,135.47042978,-0.71288862,821.36632321,-126.77271132,-34.01121198,34.01121198
41348,5,5,2,22,1,662.0,216.82582453,445.17417547,0.6030423,0.58482364,-0.54251387,125.79053197,-0.58482364,808.17515636,-122.60898796,-32.89414762,32.89414762
41446,5,5,2,22,1,662.0,200.7460199,461.2539801,-0.63352522,0.77359791,-0.01385925,140.67808632,-0.77359791,827.13710852,-128.60880405,-34.50380805,34.50380805
41449,5,5,2,22,1,662.0,194.27458115,467.72541885,0.11250312,0.8583905,0.50050855,149.13634527,-0.8583905,834.73434449,-131.03932362,-35.1558799,35.1558799
41499,5,5,2,22,1,662.0,205.88678095,456.11321905,-0.64133032,0.71003965,0.29075612,135.23814135,-0.71003965,821.08829254,-126.6844724,-33.98753881,33.98753881
41553,5,5,2,22,1,662.0,197.15766282,464.84233718,0.21978826,0.81992713,0.52859495,145.07749987,-0.81992713,831.35206362,-129.95540309,-34.86508032,34.86508032
41603,5,5,2,22,1,662.0,212.10836682,449.89163318,0.53195757,0.63723907,-0.55762667,129.5862509,-0.63723907,813.75103684,-124.36328292,-33.36479858,33.36479858
41739,5,5,2,22,1,662.0,232.62406336,429.37593664,-0.43682645,0.42477094,0.79293903,115.13616553,-0.42477094,789.42065223,-116.7709246,-31.32788302,31.32788302
41758,5,5,2,22,1,662.0,254.05113831,407.94886169,0.25695258,0.2395001,0.93627724,103.85703752,-0.2395001,763.77033267,-108.94726943,-29.22891399,29.22891399
41775,5,5,2,22,1,662.0,230.64162482,431.35837518,-0.55680516,0.44365204,0.7022399,116.33712913,-0.44365204,791.78113574,-117.50034137,-31.52357457,31.52357457
41796,5,5,2,22,1,662.0,189.68799663,472.31200337,-0.28691041,0.92198997,0.26003252,157.21875823,-0.92198997,840.10741356,-132.76730766,-35.61947203,35.61947203
41863,5,5,2,22,1,662.0,196.20481825,465.79518175,-0.5536632,0.83251403,-0.01942815,146.35786227,-0.83251403,832.47030677,-130.31343829,-34.96113578,34.96113578
41943,5,5,2,22,1,662.0,194.07073229,467.92926771,0.50372027,0.86115331,-0.06841685,149.44632447,-0.86115331,834.97334754,-131.11602912,-35.17645883,35.17645883
42135,5,5,2,22,1,662.0,206.21174688,455.78825312,0.28803466,0.7061284,-0.64685294,134.92077765,-0.7061284,820.70550915,-126.56302154,-33.95495537,33.95495537
42187,5,5,2,22,1,662.0,189.29914148,472.70085852,-0.00558912,0.92752372,0.37372251,158.05204058,-0.92752372,840.56251913,-132.9140106,-35.65883022,35.65883022
42193,5,5,2,22,1,662.0,194.22264071,467.77735929,0.05183741,0.85909391,-0.50918616,149.21499856,-0.85909391,834.79524394,-131.05886725,-35.16112316,35.16112316
42261,5,5,2,22,1,662.0,186.45452154,475.54547846,0.1269162,0.96870716,-0.21330427,165.62859672,-0.96870716,843.88977028,-133.98815424,-35.94700681,35.94700681
42280,5,5,2,22,1,662.0,222.80030717,439.19969283,-0.68859022,0.52162707,0.50373475,121.44145577,-0.52162707,801.09768368,-120.39443919,-32.30001749,32.30001749
42330,5,5,2,22,1,662.0,197.30161228,464.69838772,-0.1270437,0.81803616,0.56096056,144.88868583,-0.81803616,831.18309099,-129.90133031,-34.85057341,34.85057341
42356,6,6,2,22,1,662.0,184.2255175,477.7744825,0.34067286,0.89259881,0.29531231,153.20165128,-0.89259881,830.60273921,-121.36691811,-32.56091896,32.56091896
42374,5,5,2,22,1,662.0,185.28104639,476.71895361,-0.06276936,0.98606477,0.15406579,170.4236446,-0.98606477,845.26131585,-134.43175337,-36.06601778,36.06601778
42479,5,5,2,22,1,662.0,224.75440514,437.24559486,-0.73472854,0.50168629,0.4566014,120.11162661,-0.50168629,798.77891496,-119.67188508,-32.10616709,32.10616709
42488,5,5,2,22,1,662.0,202.03367969,459.96632031,-0.61219994,0.75737419,-0.22714659,139.23325578,-0.75737419,825.62315401,-128.12625958,-34.37434863,34.37434863
42504,5,5,2,22,1,662.0,198.87787317,463.12212683,-0.54441941,0.7975089,-0.25997513,142.89287358,-0.7975089,829.33220628,-129.30951742,-34.69179891,34.69179891
42596,5,5,2,22,1,662.0,187.15253508,474.84746492,0.20122527,0.95848565,0.20202388,163.43273679,-0.95848565,843.07365569,-133.72442506,-35.87625223,35.87625223
42663,5,5,2,22,1,662.0,205.05718877,456.94281123,-0.10816159,0.72008075,-0.68540848,136.06114735,-0.72008075,822.06525877,-126.99462383,-34.07074777,34.07074777
42676,5,5,2,22,1,662.0,203.69824593,458.30175407,-0.59913828,0.73670564,-0.31352532,137.45153756,-0.73670564,823.66491448,-127.50300213,-34.20713802,34.20713802
42699,5,5,2,22,1,662.0,185.99920578,476.00079422,0.18251691,0.97541602,-0.12349559,167.26914797,-0.97541602,844.42200949,-134.16023971,-35.99317475,35.99317475
42773,5,5,2,22,1,662.0,210.22079804,451.77920196,0.68751383,0.65887071,-0.30530989,131.21380312,-0.65887071,815.97904804,-125.06660737,-33.55348995,33.55348995
42781,5,5,2,22,1,662.0,185.22251894,476.77748106,-0.14882931,0.98693625,-0.06169827,170.72859608,-0.98693625,845.32970651,-134.45388546,-36.07195549,36.07195549
42812,5,5,2,22,1,662.0,247.62059742,414.37940258,-0.74835049,0.29173485,0.59570321,106.96184764,-0.29173485,771.49538908,-111.28348164,-29.85568459,29.85568459
42818,5,5,2,22,1,662.0,236.84252678,425.15747322,-0.62410387,0.38564544,0.67953805,112.68381561,-0.38564544,784.39077495,-115.22187407,-30.91229606,30.91229606
42865,5,5,2,22,1,662.0,198.90145293,463.09854707,-0.5821785,0.79720429,0.15979209,142.86395519,-0.79720429,829.30450973,-129.30066835,-34.68942484,34.68942484
42963,5,5,2,22,1,662.0,193.55156829,468.44843171,-0.47398653,0.86821596,-0.14675765,150.25198033,-0.86821596,835.58195837,-131.31142299,-35.22888007,35.22888007
42972,5,5,2,22,1,662.0,227.33095374,434.66904626,0.80747947,0.47591764,0.34853882,118.41911456,-0.47591764,795.71854162,-118.72051631,-31.85092915,31.85092915
43054,5,5,2,22,1,662.0,203.08613573,458.91386427,-0.58216615,0.74426669,-0.32733724,138.09615158,-0.74426669,824.38516707,-127.73212256,-34.26860759,34.26860759
43068,5,5,2,22,1,662.0,218.58536253,443.41463747,0.0293107,0.5658528,0.82398513,124.46153231,-0.5658528,806.09263337,-121.95594274,-32.71894541,32.71894541
43069,5,5,2,22,1,662.0,208.4810722,453.5189278,0.12225941,0.67915493,0.72374112,132.77764176,-0.67915493,818.0310345,-125.71554166,-33.72758926,33.72758926
43074,5,5,2,22,1,662.0,185.67282311,476.32717689,0.19740012,0.98024536,-0.01233802,168.59251955,-0.98024536,844.80347764,-134.28362161,-36.02627626,36.02627626
43205,5,5,2,22,1,662.0,206.97304042,455.02695958,-0.22657998,0.69701364,-0.68031867,134.18789641,-0.69701364,819.80857197,-126.27859055,-33.87864681,33.87864681
43233,5,5,2,22,1,662.0,268.82851937,393.17148063,-0.98872363,0.12893426,0.07616783,97.40801153,-0.12893426,745.92506947,-103.61828714,-27.79922818,27.79922818
43336,5,5,2,22,1,662.0,190.51475041,471.48524959,0.34024617,0.91029962,0.23576928,155.54678925,-0.91029962,839.13958185,-132.45550416,-35.53581984,35.53581984
43385,5,5,2,22,1,662.0,192.18616206,469.81383794,0.20681044,0.88697295,0.41292666,152.49529971,-0.88697295,837.18203546,-131.825582,-35.3668212,35.3668212
43389,6,6,2,22,1,662.0,225.01493106,436.98506894,0.13321424,0.84545991,0.51715714,147.72124506,-0.84545991,860.67121499,-170.88767158,-45.8465924,45.8465924
43415,5,5,2,22,1,662.0,187.26575295,474.73424705,-0.29061097,0.9568349,0.00349752,163.10420214,-0.9568349,842.94126183,-133.68165767,-35.86477839,35.86477839
43507,5,5,2,22,1,662.0,220.05519108,441.94480892,0.66587973,0.55023809,-0.50382757,123.38334844,-0.55023809,804.35181693,-121.41095885,-32.57273443,32.57273443
43512,5,5,2,22,1,662.0,245.12580184,416.87419816,-0.94912786,0.31273775,0.03676148,108.22429747,-0.31273775,774.48603527,-112.19258992,-30.09958467,30.09958467
43518,5,5,2,22,1,662.0,189.02716452,472.97283548,-0.31314461,0.93140772,-0.18552658,158.65532681,-0.93140772,840.88079409,-133.01663779,-35.68636355,35.68636355
43567,5,5,2,22,1,662.0,201.37407584,460.62592416,0.11033803,0.76565887,0.63371288,139.96564368,-0.76565887,826.3987732,-128.37339837,-34.44065225,34.44065225
43574,5,5,2,22,1,662.0,210.27962225,451.72037775,0.74993815,0.65819071,0.06616458,131.16203192,-0.65819071,815.90964021,-125.04467705,-33.54760638,33.54760638
43771,5,5,2,22,1,662.0,189.15464377,472.84535623,0.35665619,0.92958585,-0.09309413,158.37034772,-0.92958585,840.7316184,-132.96853313,-35.6734578,35.6734578
43840,5,5,2,22,1,662.0,187.20270255,474.79729745,0.13301892,0.95775395,-0.25497714,163.28633813,-0.95775395,843.01499191,-133.70547426,-35.87116802,35.87116802
43868,6,6,2,22,1,662.0,150.40147286,511.59852714,-0.72724881,0.67319982,-0.13383265,132.31451114,-0.67319982,771.31052497,-46.71674304,-12.53339961,12.53339961
43903,5,5,2,22,1,662.0,186.22907006,475.77092994,-0.23090899,0.97202498,-0.04299386,166.41559883,-0.97202498,844.15332198,-134.07335771,-35.96986562,35.96986562
43915,6,6,2,22,1,662.0,154.60302373,507.39697627,-0.35159425,0.71767668,0.60110037,135.86299488,-0.71767668,780.4168731,-57.97592876,-15.55406982,15.55406982
43950,5,5,2,22,1,662.0,205.74834485,456.25165515,0.05201088,0.7117096,-0.70054572,135.37418408,-0.7117096,821.25134384,-126.7362177,-34.00142129,34.00142129
43975,5,5,2,22,1,662.0,191.1807288,470.8192712,0.18355717,0.90095616,0.39317268,154.28403677,-0.90095616,838.35974075,-132.2044398,-35.46846305,35.46846305
44084,5,5,2,22,1,662.0,188.82605365,473.17394635,-0.33705413,0.9342869,0.11620024,159.11324295,-0.9342869,841.11611871,-133.09253443,-35.70672548,35.70672548
44201,5,5,2,22,1,662.0,191.49742993,470.50257007,-0.40088361,0.89653575,0.18845682,153.70637906,-0.89653575,837.98882413,-132.0850806,-35.43644077,35.43644077
44206,5,5,2,22,1,662.0,194.44539953,467.55460047,-0.48710656,0.85607981,-0.17278473,148.87923297,-0.85607981,834.53405373,-130.97505379,-35.13863727,35.13863727
44310,5,5,2,22,1,662.0,189.36614818,472.63385182,0.35650749,0.92656854,-0.11988812,157.90607789,-0.92656854,840.48410105,-132.88872881,-35.6520475,35.6520475
44313,5,5,2,22,1,662.0,198.56058183,463.43941817,0.16566254,0.8016147,0.57442997,143.2845731,-0.8016147,829.70486885,-129.42860292,-34.72374776,34.72374776
44393,5,5,2,22,1,662.0,189.28949348,472.71050652,0.26404006,0.92766131,-0.26405935,158.0731417,-0.92766131,840.57381005,-132.91765089,-35.65980686,35.65980686
44425,5,5,2,22,1,662.0,195.22957022,466.77042978,0.53324201,0.8455241,0.0272388,147.72813269,-0.8455241,833.61441674,-130.68009153,-35.05950333,35.05950333
44494,5,5,2,22,1,662.0,188.02412389,473.97587611,-0.09991426,0.9458289,0.30890911,161.05468826,-0.9458289,842.05429946,-133.39525611,-35.78794116,35.78794116
44594,5,5,2,22,1,662.0,211.23916622,450.76083378,0.59843081,0.64715213,-0.47230783,130.32722752,-0.64715213,814.77722031,-124.6870565,-33.45166216,33.45166216
44600,5,5,2,22,1,662.0,230.20843164,431.79156836,-0.78845498,0.44782115,0.4216574,116.60397673,-0.44782115,792.29666166,-117.65985282,-31.56636909,31.56636909
44626,5,5,2,22,1,662.0,191.70031787,470.29968213,0.25434678,0.89371159,0.36957721,153.34341382,-0.89371159,837.75118078,-132.00862669,-35.41592934,35.41592934
44642,5,5,2,22,1,662.0,211.42400273,450.57599727,0.66242635,0.64503729,-0.38094387,130.16847116,-0.64503729,814.55903179,-124.61819165,-33.43318676,33.43318676
44746,5,5,2,22,1,662.0,195.33159765,466.66840235,-0.17926324,0.84415694,0.50523633,147.58172164,-0.84415694,833.49474361,-130.64172395,-35.04920989,35.04920989
44773,5,5,2,22,1,662.0,194.94747108,467.05252892,-0.21961041,0.84931165,-0.48004269,148.13687984,-0.84931165,833.94528068,-130.78618685,-35.08796711,35.08796711
44781,5,5,2,22,1,662.0,226.08347017,435.91652983,0.77756266,0.48832066,0.39615558,119.23026329,-0.48832066,797.20070507,-119.18094745,-31.97445591,31.97445591
44855,5,5,2,22,1,662.0,189.21409534,472.78590466,-0.29196945,0.92873703,-0.22847618,158.23878944,-0.92873703,840.66204597,-132.94610007,-35.66743935,35.66743935
44995,5,5,2,22,1,662.0,225.17920168,436.82079832,-0.81204053,0.4973972,0.30526416,119.82794918,-0.4973972,798.27458525,-119.51492701,-32.0640576,32.0640576
45002,5,5,2,22,1,662.0,185.2752629,476.7247371,0.11547505,0.98615087,-0.11904613,170.45334058,-0.98615087,845.26807405,-134.43394035,-36.06660452,36.06660452
45015,5,5,2,22,1,662.0,195.34033091,466.65966909,-0.46658527,0.84403999,0.26437604,147.56922373,-0.84403999,833.4844997,-130.6384399,-35.04832882,35.04832882
45059,5,5,2,22,1,662.0,189.07247812,472.92752188,-0.20175122,0.93075984,0.30493044,158.55357117,-0.93075984,840.82776913,-132.99953818,-35.68177599,35.68177599
45109,6,6,2,22,1,662.0,177.19659267,484.80340733,0.22143948,0.96659307,0.12908292,165.14842735,-0.96659307,834.51385715,-120.39602084,-32.30044182,32.30044182
45113,5,5,2,22,1,662.0,215.2673087,446.7326913,0.79083027,0.60188612,0.11099812,127.00510066,-0.60188612,810.01847763,-123.18800688,-33.04948969,33.04948969
45123,5,5,2,22,1,662.0,271.85025134,390.14974866,0.5853702,0.10780565,0.80356684,96.18883646,-0.10780565,742.25940141,-102.53556611,-27.50875041,27.50875041
45138,6,6,2,22,1,662.0,168.84325836,493.15674164,0.54600377,0.83244756,0.09439781,146.3509883,-0.83244756,807.98788781,-92.10425004,-24.71018518,24.71018518
45150,5,5,2,22,1,662.0,188.57353563,473.42646437,0.31420667,0.93791075,0.1469612,159.70360289,-0.93791075,841.41157092,-133.1878434,-35.73229545,35.73229545
45218,5,5,2,22,1,662.0,194.19073498,467.80926502,0.35184517,0.85952618,-0.37070166,149.26342422,-0.85952618,834.83265237,-131.0708727,-35.16434404,35.16434404
45239,5,5,2,22,1,662.0,190.58438585,471.41561415,0.17568844,0.9093196,-0.37718887,155.41149373,-0.9093196,839.05804998,-132.42924824,-35.52877577,35.52877577
45259,5,5,2,22,1,662.0,190.00773554,471.99226446,0.24081966,0.91745678,0.31666852,156.55706721,-0.91745678,839.7331499,-132.64670377,-35.58711582,35.58711582
45292,5,5,2,22,1,662.0,226.99715489,435.00284511,-0.36887672,0.47922306,0.79641398,118.63467097,-0.47922306,796.11521443,-118.84368212,-31.88397269,31.88397269
45348,5,5,2,22,1,662.0,209.16356032,452.83643968,-0.74131152,0.67115728,-0.00226626,132.15644738,-0.67115728,817.22622038,-125.46088758,-33.6592694,33.6592694
45349,5,5,2,22,1,662.0,193.30490397,468.69509603,0.48909516,0.87158485,-0.0335524,150.64333534,-0.87158485,835.87107823,-131.40427813,-35.25379171,35.25379171
45404,5,5,2,22,1,662.0,184.71652011,477.28347989,-0.01423513,0.99449361,-0.10382595,173.98451385,-0.99449361,845.92091601,-134.64525784,-36.12329782,36.12329782
45499,7,7,2,22,1,662.0,175.49486524,486.50513476,-0.28971554,0.49983319,-0.81623017,119.98896453,-0.49983319,764.97143037,-57.50086739,-15.426618,15.426618
45505,5,5,2,22,1,662.0,222.38784203,439.61215797,-0.41226202,0.52588091,-0.74396862,121.72756435,-0.52588091,801.58687397,-120.54706567,-32.34096488,32.34096488
45555,5,5,2,22,1,662.0,209.65518149,452.34481851,0.66355685,0.66542855,-0.34190227,131.7152106,-0.66542855,816.64634526,-125.2775145,-33.61007316,33.61007316
45571,5,5,2,22,1,662.0,246.32705557,415.67294443,0.6567029,0.30257166,0.69079062,107.61212892,-0.30257166,773.04646676,-111.75466029,-29.98209474,29.98209474
45613,5,5,2,22,1,662.0,227.56503391,434.43496609,0.60715537,0.47360547,-0.63801271,118.26859109,-0.47360547,795.44033593,-118.63416033,-31.82776114,31.82776114
45623,5,5,2,22,1,662.0,192.325719,469.674281,-0.06680314,0.8850436,0.46068989,152.25688676,-0.8850436,837.01853117,-131.77301226,-35.35271753,35.35271753
45669,6,6,2,22,1,662.0,145.60166514,516.39833486,0.38127594,0.41186844,-0.82764307,114.32226115,-0.41186844,734.05888281,-7.54935706,-2.02537897,2.02537897
45715,5,5,2,22,1,662.0,255.61093768,406.38906232,-0.25561505,0.22722604,-0.93969637,103.13381189,-0.22722604,761.89290962,-108.38215053,-29.07730109,29.07730109
45739,5,5,2,22,1,662.0,203.57621372,458.42378628,0.46222107,0.7382094,-0.49132327,137.5791069,-0.7382094,823.80852026,-127.54867381,-34.21939105,34.21939105
45796,5,5,2,22,1,662.0,186.14114497,475.85885503,0.22498156,0.9733211,0.04504825,166.73546816,-0.9733211,844.2561,-134.10658954,-35.97878122,35.97878122
45810,6,6,2,22,1,662.0,180.77798097,481.22201903,-0.47264694,0.82607363,-0.30693196,145.69749234,-0.82607363,817.70742957,-108.12946692,-29.00950988,29.00950988
45876,5,5,2,22,1,662.0,185.67452201,476.32547799,0.05742901,0.98022018,-0.18939459,168.58522699,-0.98022018,844.80149212,-134.28297932,-36.02610394,36.02610394
45963,5,5,2,22,1,662.0,211.05937134,450.94062866,0.09139944,0.64921285,-0.75509524,130.48228041,-0.64921285,814.98944166,-124.75405026,-33.46963558,33.46963558
45982,5,5,2,22,1,662.0,199.6008952,462.3991048,0.09494413,0.78820162,0.60804919,142.01776635,-0.78820162,828.48283579,-129.03823402,-34.61901765,34.61901765
46000,5,5,2,22,1,662.0,193.01231237,468.98768763,0.03273698,0.87559217,-0.48194049,151.1151368,-0.87559217,836.21399504,-131.51443892,-35.28334619,35.28334619
46011,5,5,2,22,1,662.0,186.13653196,475.86346804,-0.06447166,0.97338913,0.21990227,166.75246793,-0.97338913,844.26149217,-134.1083331,-35.97924899,35.97924899
46023,5,5,2,22,1,662.0,189.85491127,472.14508873,0.38330631,0.91962158,0.08586276,156.87082276,-0.91962158,839.91204076,-132.70434564,-35.60258027,35.60258027
46181,5,5,2,22,1,662.0,202.72439214,459.27560786,0.51395413,0.74875657,0.41858662,138.48278228,-0.74875657,824.81073828,-127.86756583,-34.30494498,34.30494498
46290,5,5,2,22,1,662.0,244.74173968,417.25826032,-0.94658377,0.31600908,0.06416722,108.42174156,-0.31600908,774.94611957,-112.33267823,-30.13716826,30.13716826
46300,5,5,2,22,1,662.0,189.16344165,472.83655835,0.31669447,0.9294602,0.18923093,158.35082602,-0.9294602,840.72132289,-132.96521335,-35.67256715,35.67256715
46306,5,5,2,22,1,662.0,233.44806218,428.55193782,-0.79611741,0.41701737,-0.43851292,114.64642435,-0.41701737,788.43890671,-116.46801522,-31.24661698,31.24661698
46386,5,5,2,22,1,662.0,196.15317249,465.84682751,-0.09805196,0.83319975,0.5442095,146.42884684,-0.83319975,832.53090566,-130.33284992,-34.96634363,34.96634363
46472,5,5,2,22,1,662.0,209.91552723,452.08447277,-0.02128185,0.66240567,-0.74884298,131.48360191,-0.66240567,816.33921635,-125.18042799,-33.58402631,33.58402631
46517,5,5,2,22,1,662.0,200.06132508,461.93867492,0.1891047,0.78230969,-0.5934905,141.47253734,-0.78230969,827.94182049,-128.86553564,-34.57268528,34.57268528
46658,5,5,2,22,1,662.0,186.55903257,475.44096743,-0.25397574,0.96717186,-0.00865484,165.27836504,-0.96717186,843.7675899,-133.9486606,-35.93641126,35.93641126
46672,5,5,2,22,1,662.0,223.08672905,438.91327095,0.31232137,0.5186824,0.79587934,121.24391114,-0.5186824,800.7579319,-120.28847603,-32.27158917,32.27158917
46729,5,5,2,22,1,662.0,195.70937223,466.29062777,-0.18219535,0.83910721,0.51254653,147.04596289,-0.83910721,833.05159181,-130.49968044,-35.01110175,35.01110175
46788,5,5,2,22,1,662.0,244.83972001,417.16027999,-0.83089763,0.31517353,0.45855727,108.37129014,-0.31517353,774.82875265,-112.29693606,-30.12757917,30.12757917
46965,5,5,2,22,1,662.0,211.59038725,450.40961275,-0.57626871,0.64313672,-0.50427128,130.02611661,-0.64313672,814.36261064,-124.55620796,-33.41655746,33.41655746
46972,5,5,2,22,1,662.0,211.13396742,450.86603258,-0.70080714,0.64835744,-0.29749282,130.41787424,-0.64835744,814.90139387,-124.72625398,-33.46217825,33.46217825
47057,5,5,2,22,1,662.0,184.56401689,477.43598311,0.06394415,0.99677945,0.04839293,175.40040744,-0.99677945,846.09907925,-134.702946,-36.13877469,36.13877469
47099,5,5,2,22,1,662.0,243.50636051,418.49363949,-0.52374813,0.32660166,0.78677777,109.06263934,-0.32660166,776.42547198,-112.7835319,-30.25812552,30.25812552
47285,5,5,2,22,1,662.0,255.05721934,406.94278066,-0.4537436,0.23156606,-0.86051956,103.3892898,-0.23156606,762.55954616,-108.58269392,-29.13110386,29.13110386
47292,5,5,2,22,1,662.0,215.47910017,446.52089983,0.24201915,0.59955295,-0.76286499,126.83788707,-0.59955295,809.76805333,-123.10929022,-33.02837119,33.02837119
47343,5,5,2,22,1,662.0,231.81063332,430.18936668,0.65384622,0.43247913,0.62084372,115.62499491,-0.43247913,790.38945219,-117.07010568,-31.4081488,31.4081488
47362,5,5,2,22,1,662.0,190.08952253,471.91047747,0.39832049,0.91629967,-0.04166182,156.39097652,-0.91629967,839.63740862,-132.61585757,-35.57884025,35.57884025
47475,6,6,2,22,1,662.0,223.49368394,438.50631606,0.11127326,0.66429991,0.73913726,131.62863897,-0.66429991,827.50439023,-142.96604564,-38.35564006,38.35564006
47483,6,6,2,22,1,662.0,161.99664633,500.00335367,0.57245314,0.66265423,0.48289416,131.50261528,-0.66265423,778.85515493,-61.37978564,-16.46727343,16.46727343
47541,5,5,2,22,1,662.0,193.39639493,468.60360507,0.32046512,0.87033429,-0.37392557,150.4975091,-0.87033429,835.76384315,-131.36983547,-35.24455126,35.24455126
47561,5,5,2,22,1,662.0,192.58625635,469.41374365,-0.10313091,0.88144919,0.46088105,151.81767537,-0.88144919,836.71326356,-131.67488135,-35.32639048,35.32639048
47623,6,6,2,22,1,662.0,152.62172324,509.37827676,0.36028352,0.63970225,0.67895274,129.76962036,-0.63970225,768.6369536,-45.67706982,-12.25447092,12.25447092
47660,6,6,2,22,1,662.0,171.31254101,490.68745899,-0.30255805,0.95255427,0.03315087,162.27980776,-0.95255427,826.83024601,-110.1590523,-29.55401711,29.55401711
47715,5,5,2,22,1,662.0,234.13250301,427.86749699,0.63492618,0.41061849,-0.65441668,114.24369343,-0.41061849,787.62316126,-116.21653047,-31.17914741,31.17914741
47769,5,5,2,22,1,662.0,224.99517803,437.00482197,-0.59109786,0.49925326,-0.6335215,119.95060856,-0.49925326,798.49307436,-119.5829168,-32.08229824,32.08229824
47892,5,5,2,22,1,662.0,192.28749172,469.71250828,-0.41959645,0.8855718,0.19925211,152.32197008,-0.8855718,837.06331895,-131.7874117,-35.35658068,35.35658068
48011,5,5,2,22,1,662.0,238.42528766,423.57471234,-0.84358876,0.37132279,0.38791415,111.79722032,-0.37132279,782.50109875,-114.64176461,-30.75666141,30.75666141
48070,5,5,2,22,1,662.0,199.31983712,462.68016288,-0.44849466,0.79181159,0.41459252,142.35513078,-0.79181159,828.81303738,-129.14367585,-34.64730611,34.64730611
48135,5,5,2,22,1,662.0,203.91923382,458.08076618,0.62930134,0.73398705,-0.25542677,137.22169265,-0.73398705,823.40484135,-127.42030359,-34.18495125,34.18495125
48265,5,5,2,22,1,662.0,250.52823089,411.47176911,-0.958473,0.26778426,0.09808715,105.53246002,-0.26778426,768.00538266,-110.22586794,-29.57194274,29.57194274
48336,5,5,2,22,1,662.0,191.82626756,470.17373244,0.43510692,0.89196139,-0.12282849,153.12075889,-0.89196139,837.60364627,-131.96116963,-35.40319732,35.40319732
48338,5,5,2,22,1,662.0,191.12912313,470.87087687,-0.1553708,0.90167785,0.40353064,154.37949674,-0.90167785,838.42017649,-132.22389108,-35.47368153,35.47368153
48355,5,5,2,22,1,662.0,206.98164614,455.01835386,-0.41399583,0.69691099,-0.58559587,134.17969478,-0.69691099,819.79843135,-126.27537605,-33.87778441,33.87778441
48384,5,5,2,22,1,662.0,236.92487802,425.07512198,0.86498659,0.38489551,0.32195287,112.63725345,-0.38489551,784.29248838,-115.19167615,-30.90419441,30.90419441
48401,5,5,2,22,1,662.0,209.8827131,452.1172869,0.52584657,0.66278626,-0.53310389,131.5127167,-0.66278626,816.37792885,-125.19266401,-33.58730905,33.58730905
48465,7,7,2,22,1,662.0,150.46108898,511.53891102,0.55151096,0.28028295,0.78566986,106.27709286,-0.28028295,718.83088491,4.22555992,1.13365418,1.13365418
48518,6,6,2,22,1,662.0,225.55258127,436.44741873,-0.4985767,0.86521398,-0.05316053,149.90714811,-0.86521398,864.57979259,-174.3326402,-46.77082567,46.77082567
48526,5,5,2,22,1,662.0,221.18831302,440.81168698,-0.70417952,0.53834204,-0.46294605,122.57084538,-0.53834204,803.0090451,-120.99115421,-32.46010716,32.46010716
48620,5,5,2,22,1,662.0,187.77003936,474.22996064,-0.26277789,0.94950644,0.17142139,161.71478015,-0.94950644,842.35149523,-133.49119876,-35.81368113,35.81368113
48832,5,5,2,22,1,662.0,202.61034618,459.38965382,-0.50375614,0.7501754,0.42833003,138.60557403,-0.7501754,824.94489439,-127.91027256,-34.31640256,34.31640256
48890,5,5,2,22,1,662.0,189.77333425,472.22666575,-0.3480059,0.92077858,-0.17623479,157.04017142,-0.92077858,840.00752782,-132.73511665,-35.61083567,35.61083567
48955,5,5,2,22,1,662.0,189.56374109,472.43625891,-0.20555135,0.92375577,-0.3231469,157.48147713,-0.92375577,840.25284613,-132.81418198,-35.63204771,35.63204771
48969,5,5,2,22,1,662.0,229.68130963,432.31869037,-0.4415986,0.45291544,0.77450518,116.93089025,-0.45291544,792.92383566,-117.85401018,-31.61845859,31.61845859
49000,5,5,2,22,1,662.0,199.53364485,462.46635515,0.60062217,0.78906447,-0.12895838,142.0981707,-0.78906447,828.56184828,-129.06346214,-34.62578598,34.62578598
49075,5,5,2,22,1,662.0,210.36767801,451.63232199,0.47060641,0.65717353,-0.58877208,131.08466436,-0.65717353,815.80573838,-125.01185031,-33.53879946,33.53879946
49250,5,5,2,22,1,662.0,226.35800411,435.64199589,0.48856934,0.4855794,0.72492251,119.05043985,-0.4855794,796.87459408,-119.07958937,-31.94726306,31.94726306
49256,5,5,2,22,1,662.0,188.69051502,473.30948498,-0.17933663,0.93623079,0.30217591,159.42790614,-0.93623079,841.27470568,-133.14368972,-35.72044968,35.72044968
49268,5,5,2,22,1,662.0,204.02264403,457.97735597,-0.49114492,0.73271693,-0.47106536,137.11464992,-0.73271693,823.28313356,-127.38160886,-34.17457003,34.17457003
49313,5,5,2,22,1,662.0,256.1957215,405.8042785,0.97372153,0.2226629,0.04782898,102.86548605,-0.2226629,761.18867597,-108.17043986,-29.0205023,29.0205023
49369,6,6,2,22,1,662.0,194.0115049,467.9884951,-0.42287609,0.78195155,-0.45796024,141.43960638,-0.78195155,822.6453199,-120.62372177,-32.36153056,32.36153056
49398,5,5,2,22,1,662.0,196.71698861,465.28301139,-0.22215016,0.8257332,-0.51847275,145.66289686,-0.8257332,831.86928301,-130.12096419,-34.90949788,34.90949788
49403,6,6,2,22,1,662.0,180.40623704,481.59376296,-0.32665813,0.94278993,-0.06664545,160.52549433,-0.94278993,834.25607165,-122.14137497,-32.76869409,32.76869409
49421,5,5,2,22,1,662.0,193.44095382,468.55904618,-0.03350687,0.86972565,0.49239677,150.42677406,-0.86972565,835.71161502,-131.35306148,-35.24005105,35.24005105
49431,5,5,2,22,1,662.0,187.36733164,474.63266836,0.239287,0.95535555,-0.1733133,162.81496284,-0.95535555,842.82247374,-133.64328918,-35.8544847,35.8544847
49436,5,5,2,22,1,662.0,205.57676362,456.42323638,0.53614013,0.71378251,0.45063099,135.5435099,-0.71378251,821.45342125,-126.80035795,-34.01862916,34.01862916
49439,5,5,2,22,1,662.0,188.02271803,473.97728197,-0.25626231,0.94584922,0.1992458,161.0582747,-0.94584922,842.05594394,-133.39578692,-35.78808357,35.78808357
49538,5,5,2,22,1,662.0,194.93255648,467.06744352,0.31473706,0.84951221,0.4234024,148.15865394,-0.84951221,833.96277248,-130.79179658,-35.08947212,35.08947212
49631,6,6,2,22,1,662.0,211.12007047,450.87992953,-0.13802145,0.63535241,0.75978773,129.44612691,-0.63535241,812.6569256,-122.81442787,-32.94926406,32.94926406
49656,5,5,2,22,1,662.0,203.25230754,458.74769246,0.48622045,0.74220956,-0.46120998,137.91997775,-0.74220956,824.18965473,-127.66991436,-34.25191806,34.25191806
49668,5,5,2,22,1,662.0,184.56868207,477.43131793,0.08071245,0.99670947,-0.00746579,175.35067508,-0.99670947,846.09362926,-134.70118121,-36.13830122,36.13830122
49680,6,6,2,22,1,662.0,190.97860217,471.02139783,-0.0763747,0.89918577,0.43085015,154.05124637,-0.89918577,837.90276709,-131.69617477,-35.33210318,35.33210318
49843,5,5,2,22,1,662.0,188.83305216,473.16694784,0.3173995,0.93418661,0.16295072,159.09713049,-0.93418661,841.10792989,-133.08989315,-35.70601687,35.70601687
49854,5,5,2,22,1,662.0,187.01121274,474.98878726,-0.16027782,0.96054897,0.22728108,163.85251089,-0.96054897,843.23890632,-133.77781247,-35.89057527,35.89057527
49934,5,5,2,22,1,662.0,226.09776883,435.90223117,0.18937699,0.48817772,0.85195004,119.22087891,-0.48817772,797.18372106,-119.17566795,-31.97303949,31.97303949
49940,6,6,2,22,1,662.0,152.29433775,509.70566225,-0.62301158,0.71489478,-0.31746186,135.63457634,-0.71489478,778.1949023,-54.40033011,-14.59479047,14.59479047
50000,5,5,2,22,1,662.0,197.89909788,464.10090212,-0.36102132,0.81021676,-0.46174929,144.11711523,-0.81021676,830.48164192,-129.6769397,-34.79037278,34.79037278
50020,6,6,2,22,1,662.0,195.84812232,466.15187768,0.19679056,0.91448551,-0.35353887,156.13276747,-0.91448551,844.82497807,-140.45632571,-37.68231994,37.68231994
50120,5,5,2,22,1,662.0,229.27615048,432.72384952,-0.02426915,0.45684697,0.88921418,117.18383461,-0.45684697,793.40579833,-118.00328848,-31.65850771,31.65850771
50137,5,5,2,22,1,662.0,203.77381091,458.22618909,-0.17602725,0.73577538,0.65394878,137.37277521,-0.73577538,823.5759872,-127.47472286,-34.19955112,34.19955112
50151,5,5,2,22,1,662.0,265.06403735,396.93596265,0.75568015,0.15593024,0.63610791,98.97075084,-0.15593024,750.48374196,-104.97049057,-28.16200403,28.16200403
50275,5,5,2,22,1,662.0,187.95229845,474.04770155,0.14501259,0.94686747,0.28707724,161.23883423,-0.94686747,842.13831459,-133.42237613,-35.79521705,35.79521705
50433,5,5,2,22,1,662.0,256.15080048,405.84919952,-0.68339813,0.22301268,0.69514915,102.88604421,-0.22301268,761.24277988,-108.18669967,-29.02486456,29.02486456
50480,5,5,2,22,1,662.0,198.00048055,463.99951945,-0.55523353,0.80889464,0.19340422,143.98807448,-0.80889464,830.36260237,-129.63887217,-34.78015984,34.78015984
50533,5,5,2,22,1,662.0,185.03074909,476.96925091,-0.07765108,0.98979557,0.11947821,171.80777169,-0.98979557,845.55378359,-134.52640798,-36.09141219,36.09141219
50558,5,5,2,22,1,662.0,267.40887055,394.59112945,-0.25831377,0.13902562,-0.95600516,97.99146698,-0.13902562,747.64525915,-104.12779144,-27.93592052,27.93592052
50750,5,5,2,22,1,662.0,192.49203682,469.50796318,0.37986111,0.88274793,0.27651695,151.97564235,-0.88274793,836.82366262,-131.71036731,-35.33591083,35.33591083
50784,5,5,2,22,1,662.0,208.30272729,453.69727271,0.08666916,0.68125348,0.726899,132.94167235,-0.68125348,818.24130848,-125.78210368,-33.74544685,33.74544685
50821,5,5,2,22,1,662.0,207.21274139,454.78725861,-0.04836581,0.69415763,0.7181963,133.9601294,-0.69415763,819.52610542,-126.18906084,-33.85462734,33.85462734
50867,5,5,2,22,1,662.0,208.75346905,453.24653095,-0.61461223,0.67595661,-0.4066134,132.52848092,-0.67595661,817.70984118,-125.61389101,-33.70031792,33.70031792
50882,5,5,2,22,1,662.0,222.45388669,439.54611331,0.83968064,0.52519871,-0.13821264,121.68162154,-0.52519871,801.50854975,-120.52262423,-32.33440761,32.33440761
50938,5,5,2,22,1,662.0,210.49573175,451.50426825,-0.73979726,0.65569581,0.15087418,130.97243126,-0.65569581,815.6546341,-124.9641156,-33.52599295,33.52599295
50999,5,5,2,22,1,662.0,199.69282702,462.30717298,0.5577558,0.78702304,0.26363461,141.90817341,-0.78702304,828.37482165,-129.00374853,-34.60976571,34.60976571
51077,5,5,2,22,1,662.0,190.8022997,471.1977003,0.15316433,0.9062574,0.39400282,154.99316917,-0.9062574,838.80289417,-132.34709078,-35.50673416,35.50673416
51163,5,5,2,22,1,662.0,186.02842706,475.97157294,-0.12285263,0.97498447,0.18523635,167.15742918,-0.97498447,844.38785412,-134.14919431,-35.99021144,35.99021144
51170,5,5,2,22,1,662.0,231.4477384,430.5522616,0.81471135,0.43593545,0.38236855,115.84483303,-0.43593545,790.82154922,-117.20362928,-31.44397118,31.44397118
51248,5,5,2,22,1,662.0,193.5945912,468.4054088,0.17057766,0.86762925,-0.46703614,150.18430053,-0.86762925,835.53152763,-131.29522861,-35.22453536,35.22453536
51273,5,5,2,22,1,662.0,199.7143788,462.2856212,-0.37263575,0.78674689,0.49210966,141.88253455,-0.78674689,828.34949909,-128.99566428,-34.60759683,34.60759683
51277,5,5,2,22,1,662.0,188.54068517,473.45931483,-0.34354183,0.93838289,0.03763715,159.78173413,-0.93838289,841.4500047,-133.20024327,-35.73562215,35.73562215
51630,6,6,2,22,1,662.0,166.41202115,495.58797885,-0.07471628,0.59363667,-0.80125713,126.41550425,-0.59363667,772.48471882,-58.41003985,-15.67053529,15.67053529
51643,5,5,2,22,1,662.0,193.29577681,468.70422319,-0.33439398,0.87170968,0.35819395,150.65792679,-0.87170968,835.88177583,-131.40771423,-35.25471356,35.25471356
51656,5,5,2,22,1,662.0,198.70665513,463.29334487,0.55352089,0.79972286,-0.2325037,143.1036456,-0.79972286,829.53330968,-129.37377614,-34.70903856,34.70903856
51690,5,5,2,22,1,662.0,202.45946868,459.54053132,0.59800883,0.75205491,-0.27712604,138.76869564,-0.75205491,825.12236737,-127.96677589,-34.33156155,34.33156155
51786,5,5,2,22,1,662.0,187.59585929,474.40414071,0.2214176,0.95203323,-0.21120362,162.18198577,-0.95203323,842.55521263,-133.55697713,-35.83132847,35.83132847
51867,5,5,2,22,1,662.0,225.37676236,436.62323764,-0.62988487,0.49540798,-0.59817722,119.69665668,-0.49540798,798.04000443,-119.44194448,-32.04447748,32.04447748
52191,5,5,2,22,1,662.0,210.92743779,451.07256221,-0.56669439,0.65072724,0.50538256,130.59645508,-0.65072724,815.14515985,-124.80321485,-33.4828257,33.4828257
52205,5,5,2,22,1,662.0,214.90075796,447.09924204,0.09218759,0.60593503,0.79015454,127.29615579,-0.60593503,810.45183874,-123.32426679,-33.08604617,33.08604617
52206,5,5,2,22,1,662.0,186.71577324,475.28422676,0.00829899,0.96487252,-0.26258741,164.76856884,-0.96487252,843.58434068,-133.88943417,-35.9205217,35.9205217
52222,5,5,2,22,1,662.0,200.27564043,461.72435957,-0.0150426,0.77957642,0.62612644,141.22180923,-0.77957642,827.68996197,-128.78516562,-34.55112321,34.55112321
52249,5,5,2,22,1,662.0,242.01501412,419.98498588,0.31686571,0.33953307,-0.88561471,109.84842872,-0.33953307,778.21020835,-113.32829543,-30.40427738,30.40427738
52301,6,6,2,22,1,662.0,199.37424745,462.62575255,0.12605975,0.89477771,0.42834775,153.4798912,-0.89477771,845.09757261,-142.81569132,-38.31530225,38.31530225
52353,5,5,2,22,1,662.0,188.55006691,473.44993309,0.10044084,0.93824804,0.33106231,159.75938844,-0.93824804,841.43902848,-133.19670198,-35.73467207,35.73467207
52474,5,5,2,22,1,662.0,186.12867616,475.87132384,-0.09701454,0.973505,-0.20706568,166.78146937,-0.973505,844.27067485,-134.11130233,-35.98004559,35.98004559
52515,5,5,2,22,1,662.0,249.0211338,412.9788662,-0.8414018,0.28012862,0.46213739,106.26788104,-0.28012862,769.81494198,-110.77379402,-29.71894307,29.71894307
52551,5,5,2,22,1,662.0,200.53181095,461.46818905,-0.52352902,0.77631702,-0.35106872,140.92459122,-0.77631702,827.38888844,-128.68911251,-34.5253536,34.5253536
52590,5,5,2,22,1,662.0,197.77563007,464.22436993,-0.23824365,0.81182873,-0.5330798,144.27499046,-0.81182873,830.62660667,-129.72330281,-34.80281131,34.80281131
52609,5,5,2,22,1,662.0,198.98215806,463.01784194,0.08999514,0.79616229,0.59835314,142.76517504,-0.79616229,829.20971234,-129.27038202,-34.68129947,34.68129947
52722,5,5,2,22,1,662.0,207.61742783,454.38257217,0.22596118,0.68935081,-0.68828556,133.5787416,-0.68935081,819.04915609,-126.03793667,-33.814083,33.814083
52763,5,5,2,22,1,662.0,203.62711686,458.37288314,-0.50507703,0.73758192,-0.44818535,137.52583775,-0.73758192,823.748619,-127.52962244,-34.21427985,34.21427985
52775,5,5,2,22,1,662.0,189.88127499,472.11872501,-0.38562569,0.91924789,-0.07922217,156.81637439,-0.91924789,839.88118103,-132.6944015,-35.5999124,35.5999124
52848,5,5,2,22,1,662.0,260.30434771,401.69565229,-0.97849302,0.19118082,-0.07746809,101.02170379,-0.19118082,756.23506796,-106.6854264,-28.62209552,28.62209552
52977,5,5,2,22,1,662.0,196.36510089,465.63489911,0.30623938,0.83038818,0.46548138,146.138634,-0.83038818,832.28223042,-130.25319793,-34.9449742,34.9449742
53145,5,5,2,22,1,662.0,185.69812021,476.30187979,-0.03682142,0.97987044,0.19620932,168.48441651,-0.97987044,844.77391265,-134.2740578,-36.02371044,36.02371044
53223,5,5,2,22,1,662.0,222.12300323,439.87699677,0.225101,0.52862057,0.81846798,121.91229946,-0.52862057,801.90093157,-120.64508578,-32.3672622,32.3672622
53231,5,5,2,22,1,662.0,214.0030108,447.9969892,-0.54772316,0.6159101,0.56626326,128.01807977,-0.6159101,811.51293808,-123.65811824,-33.1756135,33.1756135
53287,5,5,2,22,1,662.0,208.40622816,453.59377184,0.13263814,0.68003517,0.72108203,132.84639145,-0.68003517,818.11927972,-125.74347416,-33.73508313,33.73508313
53454,5,5,2,22,1,662.0,190.27929577,471.72070423,-0.22510377,0.91361862,-0.33856952,156.01030763,-0.91361862,839.41524538,-132.54428942,-35.55963959,35.55963959
53481,5,5,2,22,1,662.0,193.52703419,468.47296581,-0.02123233,0.86855066,0.49514537,150.29065138,-0.86855066,835.61071647,-131.32065811,-35.23135771,35.23135771
53523,5,5,2,22,1,662.0,252.92555633,409.07444367,-0.2009578,0.24845134,0.94756947,104.3858892,-0.24845134,765.12423181,-109.35544956,-29.33842258,29.33842258
53544,6,6,2,22,1,662.0,210.02405027,451.97594973,-0.12280204,0.78640866,-0.60537681,141.85115016,-0.78640866,837.27666034,-142.79198063,-38.30894103,38.30894103
53559,5,5,2,22,1,662.0,200.65332992,461.34667008,-0.60125517,0.77477378,-0.19549378,140.7845269,-0.77477378,827.24605836,-128.64355297,-34.51313066,34.51313066
53710,5,5,2,22,1,662.0,233.44910223,428.55089777,0.8925433,0.41700762,-0.17167152,114.6458096,-0.41700762,788.43766733,-116.46763298,-31.24651444,31.24651444
53724,5,5,2,22,1,662.0,188.04974005,473.95025995,-0.13467935,0.94545869,0.29659627,160.98946318,-0.94545869,842.02433538,-133.38558416,-35.78534632,35.78534632
53988,5,5,2,22,1,662.0,253.63686789,408.36313211,0.76631712,0.24278536,0.5948221,104.05099313,-0.24278536,764.26872136,-109.09746322,-29.26920873,29.26920873
54098,5,5,2,22,1,662.0,215.94595202,446.05404798,-0.3110787,0.59442613,0.74154408,126.47173268,-0.59442613,809.21596522,-122.93581063,-32.98182923,32.98182923
54100,5,5,2,22,1,662.0,185.96857045,476.03142955,-0.10906659,0.9758686,-0.18916913,167.38735599,-0.9758686,844.45781728,-134.17181979,-35.99628152,35.99628152
54104,5,5,2,22,1,662.0,197.67448683,464.32551317,0.57580043,0.81315074,-0.08508663,144.40491954,-0.81315074,830.74535473,-129.76128528,-34.81300143,34.81300143
54152,5,5,2,22,1,662.0,196.58910347,465.41089653,-0.11794033,0.82742301,-0.54905486,145.83492184,-0.82742301,832.01936532,-130.16901832,-34.92239008,34.92239008
54355,5,5,2,22,1,662.0,197.69509087,464.30490913,0.06255024,0.81288132,0.57906081,144.37840736,-0.81288132,830.72116476,-129.75354764,-34.81092554,34.81092554
54381,5,5,2,22,1,662.0,224.16378704,437.83621296,0.59655833,0.50767665,0.6215968,120.50919594,-0.50767665,799.47995881,-119.8901816,-32.16473276,32.16473276
54474,5,5,2,22,1,662.0,235.43682572,426.56317428,0.20343276,0.39852731,0.8943104,113.48614546,-0.39852731,786.06792064,-115.73758893,-31.0506546,31.0506546
54551,5,5,2,22,1,662.0,241.41355955,420.58644045,0.86528743,0.34479347,0.36386142,110.16918896,-0.34479347,778.92963684,-113.54814905,-30.4632608,30.4632608
54630,5,5,2,22,1,662.0,198.38234128,463.61765872,-0.58471487,0.80392693,0.10867387,143.50675004,-0.80392693,829.91419436,-129.49550945,-34.74169777,34.74169777
54683,5,5,2,22,1,662.0,188.1548263,473.8451737,0.25521197,0.94394102,0.20938532,160.72429523,-0.94394102,841.90140941,-133.34590793,-35.77470178,35.77470178
54731,5,5,2,22,1,662.0,253.30440493,408.69559507,0.21673091,0.24542964,-0.94487671,104.20722583,-0.24542964,764.66861883,-109.2180288,-29.30155466,29.30155466
54856,5,5,2,22,1,662.0,260.5481577,401.4518423,0.53805073,0.18934385,0.821371,100.91449479,-0.18934385,755.94079752,-106.59743928,-28.5984899,28.5984899
54879,5,5,2,22,1,662.0,195.07986268,466.92013732,-0.52818884,0.84753276,0.05200741,147.94432413,-0.84753276,833.79000779,-130.73639328,-35.07460825,35.07460825
54881,5,5,2,22,1,662.0,199.75053438,462.24946562,-0.61754803,0.78628377,0.01980565,141.83956766,-0.78628377,828.30701713,-128.98210226,-34.60395834,34.60395834
54901,5,5,2,22,1,662.0,206.83190426,455.16809574,-0.59059932,0.69869836,0.40374875,134.32266621,-0.69869836,819.97487581,-126.33131162,-33.89279108,33.89279108
54936,5,5,2,22,1,662.0,236.96449232,425.03550768,-0.92262294,0.38453495,-0.0299963,112.6148723,-0.38453495,784.24520723,-115.1771503,-30.90029734,30.90029734
54971,5,5,2,22,1,662.0,241.39200521,420.60799479,0.44563886,0.34498247,-0.82607088,110.18072593,-0.34498247,778.9554153,-113.55602957,-30.46537503,30.46537503
54974,5,5,2,22,1,662.0,220.30979317,441.69020683,0.75426917,0.5475545,-0.3623011,123.1994025,-0.5475545,804.05016467,-121.31660716,-32.54742129,32.54742129
55032,6,6,2,22,1,662.0,223.41458419,438.58541581,0.54605333,0.80434922,0.23419672,143.54745227,-0.80434922,852.10639365,-163.03774577,-43.74057535,43.74057535
55086,5,5,2,22,1,662.0,202.79156635,459.20843365,-0.51250243,0.7479216,-0.42184658,138.41066012,-0.7479216,824.73171616,-127.84241246,-34.29819671,34.29819671
55097,6,6,2,22,1,662.0,195.38007153,466.61992847,0.28971112,0.93675028,0.19638325,159.51277988,-0.93675028,847.78472867,-142.63843821,-38.26774791,38.26774791
55133,5,5,2,22,1,662.0,231.43679469,430.56320531,0.22089551,0.43603985,0.8723958,115.85147967,-0.43603985,790.83457876,-117.20765639,-31.44505159,31.44505159
55142,5,5,2,22,1,662.0,185.47391587,476.52608413,-0.15446225,0.98319684,-0.09729024,169.48175806,-0.98319684,845.03593297,-134.35882497,-36.04645219,36.04645219
55189,6,6,2,22,1,662.0,166.59211864,495.40788136,0.16026496,0.80662371,0.56892296,143.7673582,-0.80662371,802.44145213,-85.74172545,-23.00321552,23.00321552
55222,5,5,2,22,1,662.0,211.80425174,450.19574826,-0.76580672,0.64069819,0.05518961,129.84390166,-0.64069819,814.11011851,-124.47654545,-33.39518521,33.39518521
55290,5,5,2,22,1,662.0,259.53477973,402.46522027,-0.59173123,0.19700172,0.78169333,101.36168243,-0.19700172,757.16367535,-106.96325077,-28.69663162,28.69663162
55335,5,5,2,22,1,662.0,187.50194172,474.49805828,-0.16340865,0.95339762,0.25363476,162.43925766,-0.95339762,842.66505117,-133.59244731,-35.84084459,35.84084459
55403,5,5,2,22,1,662.0,229.19002737,432.80997263,-0.03094911,0.45768447,-0.88857587,117.23779123,-0.45768447,793.50823619,-118.03502493,-31.66702213,31.66702213
55421,5,5,2,22,1,662.0,186.62958696,475.37041304,0.007854,0.96613637,-0.25791244,165.04668016,-0.96613637,843.68510442,-133.92200011,-35.92925865,35.92925865
55425,5,5,2,22,1,662.0,187.74202404,474.25797596,0.21368194,0.94991254,0.22804867,161.78908605,-0.94991254,842.38426226,-133.5017782,-35.81651943,35.81651943
55458,5,5,2,22,1,662.0,258.00520029,403.99479971,0.06654664,0.20867433,0.97571849,102.04467606,-0.20867433,759.00830218,-107.5158974,-28.8448984,28.8448984
55468,6,6,2,22,1,662.0,170.40240037,491.59759963,0.17725378,0.96097651,-0.21237996,163.94082529,-0.96097651,827.09706651,-109.82798632,-29.46519709,29.46519709
55492,5,5,2,22,1,662.0,199.75719895,462.24280105,-0.05330377,0.78619842,0.61567098,141.83165373,-0.78619842,828.29918635,-128.97960239,-34.60328767,34.60328767
55543,6,6,2,22,1,662.0,169.44798271,492.55201729,0.50596925,0.81141267,0.29258265,144.23418323,-0.81141267,805.60309324,-90.37215931,-24.24549129,24.24549129
55604,5,5,2,22,1,662.0,185.83456337,476.16543663,-0.20721347,0.97785004,0.02952753,167.91827365,-0.97785004,844.61444531,-134.22247645,-36.00987194,36.00987194
55622,5,5,2,22,1,662.0,198.64232187,463.35767813,0.40515067,0.80055572,0.44154669,143.18320242,-0.80055572,829.60886857,-129.39792226,-34.7155166,34.7155166
55624,6,6,2,22,1,662.0,177.66879388,484.33120612,-0.14704097,0.63096525,0.76174918,129.12137282,-0.63096525,786.27880143,-78.37414712,-21.02660505,21.02660505
55628,5,5,2,22,1,662.0,194.28634434,467.71365566,0.50643794,0.85823124,-0.08342508,149.11856321,-0.85823124,834.72055214,-131.03489756,-35.15469245,35.15469245
55737,5,5,2,22,1,662.0,261.64235047,400.35764953,-0.69081045,0.18114189,0.69997752,100.43627887,-0.18114189,754.61970063,-106.20274996,-28.49260069,28.49260069
55777,5,5,2,22,1,662.0,217.63082052,444.36917948,0.69571157,0.57610633,0.42905349,125.17714632,-0.57610633,807.22258416,-122.31013033,-32.81396861,32.81396861
55877,5,5,2,22,1,662.0,194.96870651,467.03129349,-0.51967793,0.84902616,0.09533849,148.10590653,-0.84902616,833.92037564,-130.77819978,-35.0858243,35.0858243
56191,5,5,2,22,1,662.0,186.7200305,475.2799695,0.25292511,0.96481012,-0.07190495,164.75496628,-0.96481012,843.57936327,-133.88782558,-35.92009014,35.92009014
56196,5,5,2,22,1,662.0,198.54255415,463.45744585,0.58590328,0.80184838,0.11728818,143.30697392,-0.80184838,829.7260412,-129.4353697,-34.72556318,34.72556318
56254,5,5,2,22,1,662.0,220.19858142,441.80141858,0.53149047,0.54872594,0.64530436,123.27965121,-0.54872594,804.18193222,-121.35781874,-32.55847773,32.55847773
56268,5,5,2,22,1,662.0,200.0319708,461.9680292,0.23151878,0.78268451,0.57775774,141.50702826,-0.78268451,827.97631534,-128.87654451,-34.57563879,34.57563879
56300,5,5,2,22,1,662.0,221.86024501,440.13975499,-0.36358438,0.53134517,-0.7651658,122.09638776,-0.53134517,802.21248682,-120.74235168,-32.39335718,32.39335718
56301,5,5,2,22,1,662.0,201.93513423,460.06486577,-0.21295395,0.75860849,-0.61576276,139.34167845,-0.75860849,825.73904509,-128.16317639,-34.38425285,34.38425285
56346,5,5,2,22,1,662.0,194.08623198,467.91376802,-0.20782179,0.86094304,0.46431368,149.42263255,-0.86094304,834.95517554,-131.11019649,-35.17489402,35.17489402
56360,6,6,2,22,1,662.0,138.76538521,523.23461479,0.64361072,0.53318774,0.54906837,122.2210917,-0.53318774,745.29185357,-13.89668395,-3.72827132,3.72827132
56400,5,5,2,22,1,662.0,193.65661088,468.34338912,0.22824153,0.86678392,0.44338633,150.08703417,-0.86678392,835.45882772,-131.2718843,-35.21827243,35.21827243
56423,5,5,2,22,1,662.0,205.36500322,456.63499678,0.03498944,0.7163456,-0.69686779,135.75358477,-0.7163456,821.7028,-126.87952677,-34.03986896,34.03986896
56448,5,5,2,22,1,662.0,195.70871212,466.29128788,-0.16138957,0.83911602,-0.51945906,147.0468905,-0.83911602,833.05236621,-130.49992861,-35.01116833,35.01116833
56487,5,5,2,22,1,662.0,217.78722357,444.21277643,0.76413771,0.57442012,0.29348778,125.05903304,-0.57442012,807.03747116,-122.25208209,-32.79839514,32.79839514
56562,5,5,2,22,1,662.0,258.94842392,403.05157608,-0.0220688,0.20146005,-0.97924809,101.62235201,-0.20146005,757.87096862,-107.17503444,-28.75344999,28.75344999
56634,5,5,2,22,1,662.0,184.63927397,477.36072603,0.09271351,0.99565096,-0.00913047,174.65445826,-0.99565096,846.01116075,-134.67447753,-36.13113703,36.13113703
56673,5,5,2,22,1,662.0,186.69305856,475.30694144,-0.042519,0.9652055,-0.25801256,164.84135751,-0.9652055,843.61089761,-133.89801688,-35.92282431,35.92282431
56725,6,6,2,22,1,662.0,173.67008767,488.32991233,-0.00029913,0.94042447,0.34000253,160.12296356,-0.94042447,827.43322778,-112.13749328,-30.08480307,30.08480307
56830,5,5,2,22,1,662.0,207.9303998,454.0696002,-0.6911952,0.68564619,-0.22833858,133.28644737,-0.68564619,818.68024488,-125.92108655,-33.78273387,33.78273387
56858,6,6,2,22,1,662.0,196.81889526,465.18110474,0.51302758,0.73714424,-0.43979662,137.48871376,-0.73714424,817.96869245,-118.37720354,-31.7588235,31.7588235
56914,5,5,2,22,1,662.0,194.98151825,467.01848175,0.41377303,0.84885394,0.32899674,148.08723602,-0.84885394,833.90534987,-130.77338107,-35.08453151,35.08453151
56979,5,5,2,22,1,662.0,188.32647752,473.67352248,-0.12563108,0.94146565,-0.31282466,160.29916728,-0.94146565,841.70060786,-133.28110447,-35.75731599,35.75731599
57007,5,5,2,22,1,662.0,194.33827914,467.66172086,0.04797691,0.85752837,-0.51219461,149.04019065,-0.85752837,834.65965781,-131.01535674,-35.14944995,35.14944995
57014,5,5,2,22,1,662.0,224.62583828,437.37416172,0.03751362,0.5029876,0.86347913,120.19785542,-0.5029876,798.93153471,-119.71939744,-32.11891394,32.11891394
57054,5,5,2,22,1,662.0,197.92916474,464.07083526,0.31058477,0.80982452,0.49771613,144.07879023,-0.80982452,830.44633908,-129.66564986,-34.78734389,34.78734389
57086,5,5,2,22,1,662.0,194.21898058,467.78101942,-0.27996498,0.85914349,-0.42835975,149.22054951,-0.85914349,834.79953535,-131.06024447,-35.16149265,35.16149265
57106,5,5,2,22,1,662.0,185.12878306,476.87121694,-0.15160263,0.98833313,-0.01463814,171.23931574,-0.98833313,845.43923594,-134.48933306,-36.08146555,36.08146555
57125,5,5,2,22,1,662.0,206.61181194,455.38818806,-0.69185726,0.70133015,-0.17166697,134.53382014,-0.70133015,820.23419661,-126.41353527,-33.91485045,33.91485045
57138,5,5,2,22,1,662.0,229.4004871,432.5995129,-0.87924977,0.45563897,0.1389711,117.10605439,-0.45563897,793.25790111,-117.95747337,-31.64621621,31.64621621
57163,5,5,2,22,1,662.0,190.26761454,471.73238546,0.01891538,0.91378349,0.40576094,156.03355292,-0.91378349,839.42892079,-132.54869448,-35.5608214,35.5608214
57214,5,5,2,22,1,662.0,223.4850676,438.5149324,-0.15557679,0.51459968,0.8431981,120.97070071,-0.51459968,800.28535591,-120.14114,-32.23206113,32.23206113
57348,5,5,2,22,1,662.0,193.12217329,468.87782671,-0.13361453,0.8740861,0.46703388,150.93699974,-0.8740861,836.08524274,-131.47307415,-35.27224864,35.27224864
57526,5,5,2,22,1,662.0,198.71281689,463.28718311,-0.47946113,0.79964312,-0.36150783,143.09603618,-0.79964312,829.52607265,-129.37146351,-34.70841811,34.70841811
57569,5,5,2,22,1,662.0,184.74581567,477.25418433,0.0975819,0.99405493,0.04829661,173.74926057,-0.99405493,845.88669007,-134.63417661,-36.1203249,36.1203249
57572,5,5,2,22,1,662.0,198.9864539,463.0135461,-0.38965749,0.79610685,0.46301288,142.7599256,-0.79610685,829.2046663,-129.26876995,-34.68086698,34.68086698
57579,5,5,2,22,1,662.0,187.11219791,474.88780209,0.13784575,0.95907426,0.24733603,163.55142454,-0.95907426,843.12082352,-133.73966283,-35.8803403,35.8803403
57604,5,5,2,22,1,662.0,206.19982829,455.80017171,-0.69095645,0.70627163,0.15414138,134.93236875,-0.70627163,820.71954916,-126.56747552,-33.9561503,33.9561503
57614,5,5,2,22,1,662.0,229.21798755,432.78201245,0.50015491,0.4574125,-0.73526789,117.2202667,-0.4574125,793.47497979,-118.02472139,-31.66425784,31.66425784
57658,5,5,2,22,1,662.0,194.3708755,467.6291245,0.42835473,0.85708741,-0.28620518,148.99111338,-0.85708741,834.62143747,-131.00309244,-35.14615962,35.14615962
57752,6,6,2,22,1,662.0,167.20753579,494.79246421,0.48395479,0.8489673,-0.21223166,148.09952467,-0.8489673,808.79484396,-91.78545234,-24.62465655,24.62465655
57778,5,5,2,22,1,662.0,188.23309022,473.76690978,0.32681155,0.94281182,-0.06557505,160.52925643,-0.94281182,841.80985607,-133.3163602,-35.76677457,35.76677457
57806,5,5,2,22,1,662.0,204.64961826,457.35038174,0.13667368,0.72504366,-0.67500518,136.47247996,-0.72504366,822.54511414,-127.14705313,-34.11164226,34.11164226
57916,5,5,2,22,1,662.0,203.15013144,458.84986856,0.51976289,0.74347405,0.42082404,138.02819848,-0.74347405,824.30987332,-127.70816437,-34.26217997,34.26217997
58004,5,5,2,22,1,662.0,212.17538664,449.82461336,0.73006754,0.6364781,0.24879112,129.52969868,-0.6364781,813.67189764,-124.33832528,-33.35810282,33.35810282
58151,5,5,2,22,1,662.0,252.50175091,409.49824909,-0.64094725,0.25184235,-0.72509451,104.58655975,-0.25184235,765.63381186,-109.50922014,-29.37967692,29.37967692
58158,5,5,2,22,1,662.0,191.8236182,470.1763818,-0.03597821,0.89199819,-0.45060493,153.12542188,-0.89199819,837.60674975,-131.96216786,-35.40346513,35.40346513
58181,6,6,2,22,1,662.0,210.79929437,451.20070563,0.10704795,0.9372534,-0.33180837,159.59530158,-0.9372534,862.70860763,-164.09887303,-44.02525984,44.02525984
58280,5,5,2,22,1,662.0,190.54017727,471.45982273,-0.41120789,0.90994169,-0.05398329,155.49729439,-0.90994169,839.10981134,-132.44591689,-35.53324772,35.53324772
58433,6,6,2,22,1,662.0,174.61949647,487.38050353,-0.32733312,0.88319859,0.33587687,152.03064842,-0.88319859,820.32197287,-106.55893073,-28.58815863,28.58815863
58436,5,5,2,22,1,662.0,188.02823048,473.97176952,0.28020232,0.94576954,0.16433696,161.04421613,-0.94576954,842.04949587,-133.39370556,-35.78752517,35.78752517
58495,5,5,2,22,1,662.0,199.90076659,462.09923341,-0.49572895,0.78436121,-0.37286768,141.66163623,-0.78436121,828.13049133,-128.92575287,-34.58884065,34.58884065
58541,5,5,2,22,1,662.0,230.29763258,431.70236742,0.83568326,0.44696138,-0.31915358,116.54889602,-0.44696138,792.19051524,-117.62700344,-31.5575561,31.5575561
58571,5,5,2,22,1,662.0,201.89608615,460.10391385,0.53917558,0.75909791,-0.36477399,139.38473577,-0.75909791,825.78496503,-128.17780504,-34.3881775,34.3881775
58585,6,6,2,22,1,662.0,195.7261677,466.2738323,0.34669107,0.93797685,0.00217401,159.71452472,-0.93797685,848.3050224,-143.27956808,-38.43975341,38.43975341
58591,5,5,2,22,1,662.0,198.15705057,463.84294943,0.54266517,0.80685547,0.23344971,143.78983013,-0.80685547,830.17875477,-129.58008701,-34.76438866,34.76438866
58619,5,5,2,22,1,662.0,186.78406046,475.21593954,-0.26447144,0.96387197,0.03171254,164.55186548,-0.96387197,843.50450114,-133.86363257,-35.91359952,35.91359952
58811,5,5,2,22,1,662.0,196.1246472,465.8753528,-0.3852062,0.83357865,0.39593284,146.46812637,-0.83357865,832.56437546,-130.3435717,-34.96922012,34.96922012
58962,5,5,2,22,1,662.0,220.08260483,441.91739517,-0.79720838,0.54994884,-0.24902825,123.36350333,-0.54994884,804.31933872,-121.40079902,-32.5700087,32.5700087
59049,5,5,2,22,1,662.0,199.79995572,462.20004428,-0.61232467,0.78565099,0.08837993,141.78092722,-0.78565099,828.24894723,-128.96356467,-34.59898499,34.59898499
59071,5,5,2,22,1,662.0,192.43786163,469.56213837,0.08663902,0.88349527,-0.46035833,152.06691359,-0.88349527,836.88713908,-131.7307722,-35.34138515,35.34138515
59268,6,6,2,22,1,662.0,167.60282764,494.39717236,0.05030451,0.77313496,0.63224345,140.63624659,-0.77313496,798.68523602,-83.02657298,-22.27478094,22.27478094
59271,5,5,2,22,1,662.0,195.30242818,466.69757182,0.50550043,0.84454767,0.17665944,147.62350447,-0.84454767,833.52895844,-130.65269295,-35.05215271,35.05215271
59387,5,5,2,22,1,662.0,187.85573012,474.14426988,0.09424482,0.94826507,0.30316872,161.48942391,-0.94826507,842.25126823,-133.45884031,-35.80499984,35.80499984
59414,5,5,2,22,1,662.0,198.07126917,463.92873083,0.17545712,0.80797229,0.56249052,143.8982887,-0.80797229,830.27948236,-129.61229351,-34.77302918,34.77302918
59445,5,5,2,22,1,662.0,206.14003758,455.85996242,-0.25472552,0.70699042,-0.65975712,134.99057221,-0.70699042,820.78998115,-126.58981977,-33.96214493,33.96214493
59461,5,5,2,22,1,662.0,226.24296506,435.75703494,-0.41795424,0.48672727,-0.76707941,119.12570058,-0.48672727,797.01125039,-119.12205973,-31.95865721,31.95865721
59661,5,5,2,22,1,662.0,207.79444715,454.20555285,0.52386664,0.68725408,-0.50323511,133.41313628,-0.68725408,818.84050284,-125.97184272,-33.79635098,33.79635098
59768,5,5,2,22,1,662.0,219.04913093,442.95086907,-0.4216725,0.56090333,-0.71244632,124.11829228,-0.56090333,805.54347802,-121.78393354,-32.67279793,32.67279793
59778,5,5,2,22,1,662.0,223.52426154,438.47573846,0.73148898,0.51419875,-0.44779853,120.94391344,-0.51419875,800.23885312,-120.12664506,-32.22817235,32.22817235
59856,5,5,2,22,1,662.0,217.1701407,444.8298593,0.60018533,0.58108713,-0.54965018,125.52704188,-0.58108713,807.76775759,-122.48114148,-32.85984833,32.85984833
59861,5,5,2,22,1,662.0,245.10040642,416.89959358,-0.8457109,0.31295374,0.43224186,108.23732706,-0.31295374,774.51646008,-112.2018519,-30.10206952,30.10206952
60311,6,6,2,22,1,662.0,161.10300799,500.89699201,-0.16268534,0.82679535,0.53846348,145.77093695,-0.82679535,800.34614035,-80.36349027,-21.5603159,21.5603159
60339,7,7,2,22,1,662.0,151.99285989,510.00714011,-0.40525079,0.89369823,-0.19254939,153.34170813,-0.89369823,800.74487974,-74.90841857,-20.0968022,20.0968022
60343,6,6,2,22,1,662.0,172.35148041,489.64851959,0.41483846,0.59224387,0.69076497,126.31640253,-0.59224387,776.59201156,-66.10573111,-17.73517353,17.73517353
60444,5,5,2,22,1,662.0,231.3788013,430.6211987,-0.71273812,0.43659326,-0.54899062,115.88671858,-0.43659326,790.9036244,-117.2289975,-31.45077709,31.45077709
60492,5,5,2,22,1,662.0,227.20002559,434.79997441,0.6400458,0.47721299,0.60217035,118.5035357,-0.47721299,795.87413812,-118.76882338,-31.86388921,31.86388921
60504,5,5,2,22,1,662.0,185.45766741,476.54233259,-0.0956558,0.98343822,0.15394557,169.55779136,-0.98343822,845.05492118,-134.3649686,-36.04810043,36.04810043
60550,5,5,2,22,1,662.0,197.07767243,464.92232757,0.42322913,0.82097911,0.38323675,145.18292668,-0.82097911,831.4459549,-129.98545237,-34.87314209,34.87314209
60596,5,5,2,22,1,662.0,184.44628502,477.55371498,0.01623377,0.99854669,0.0513903,176.9106392,-0.99854669,846.23661368,-134.7474843,-36.15072364,36.15072364
60607,5,5,2,22,1,662.0,187.77795914,474.22204086,-0.16436714,0.94939167,-0.26765446,161.6938311,-0.94939167,842.34223211,-133.48820803,-35.81287876,35.81287876
60824,5,5,2,22,1,662.0,215.28074085,446.71925915,-0.09625491,0.60173801,0.79287222,126.99447503,-0.60173801,810.00259598,-123.18301425,-33.04815024,33.04815024
60875,5,5,2,22,1,662.0,197.56127717,464.43872283,-0.26662619,0.81463207,-0.51505832,144.55099781,-0.81463207,830.87826396,-129.80380168,-34.82440794,34.82440794
60884,5,5,2,22,1,662.0,205.59750245,456.40249755,0.33700616,0.71353177,-0.6142469,135.52300159,-0.71353177,821.42899712,-126.79260505,-34.01654917,34.01654917
60947,6,6,2,22,1,662.0,192.399356,469.600644,0.3110465,0.93434918,-0.17390139,159.12325302,-0.93434918,844.55584913,-138.14523005,-37.06228773,37.06228773
61015,5,5,2,22,1,662.0,251.69806452,410.30193548,0.33855223,0.25830428,0.90479903,104.96946791,-0.25830428,766.59987077,-109.80094716,-29.45794289,29.45794289
61090,5,5,2,22,1,662.0,223.48296579,438.51703421,0.80858806,0.51462118,-0.28521989,120.97213768,-0.51462118,800.28784964,-120.14191732,-32.23226967,32.23226967
61129,5,5,2,22,1,662.0,184.94001509,477.05998491,-0.12730776,0.99115049,-0.03759567,172.37187219,-0.99115049,845.6597979,-134.56072393,-36.10061865,36.10061865
61267,5,5,2,22,1,662.0,207.11260458,454.88739542,0.46205682,0.69534995,0.55044704,134.05511005,-0.69534995,819.64411117,-126.226461,-33.86466124,33.86466124
61285,5,5,2,22,1,662.0,207.01221206,454.98778794,0.29356443,0.69654646,-0.65470829,134.15057887,-0.69654646,819.76241349,-126.26395886,-33.87472135,33.87472135
61298,5,5,2,22,1,662.0,200.44157353,461.55842647,-0.41373474,0.77746421,0.47368023,141.02898371,-0.77746421,827.49494663,-128.72294611,-34.53443065,34.53443065
61313,5,5,2,22,1,662.0,189.59679834,472.40320166,0.34050115,0.92328577,0.17777053,157.41126643,-0.92328577,840.21415556,-132.8017111,-35.62870196,35.62870196
61381,5,5,2,22,1,662.0,185.76052013,476.23947987,0.15766064,0.97894608,0.1296445,168.22206797,-0.97894608,844.70098403,-134.25046749,-36.01738151,36.01738151
61410,6,6,2,22,1,662.0,170.06960038,491.93039962,-0.36628019,0.50292156,0.78288488,120.19347766,-0.50292156,761.84748987,-50.96737236,-13.67377954,13.67377954
61819,6,6,2,22,1,662.0,170.55141624,491.44858376,0.22657246,0.81978074,-0.525951,145.06285114,-0.81978074,807.74162722,-92.9666608,-24.94155702,24.94155702
61830,5,5,2,22,1,662.0,276.86393667,385.13606333,-0.5501583,0.07376633,0.83179587,94.23034183,-0.07376633,736.16438681,-100.74444672,-27.02822001,27.02822001
61864,5,5,2,22,1,662.0,248.49079256,413.50920744,-0.95195762,0.28450816,-0.11327755,106.52945116,-0.28450816,770.45140872,-110.96674057,-29.77070773,29.77070773
61888,5,5,2,22,1,662.0,192.26866033,469.73133967,-0.10252678,0.88583209,-0.45253704,152.3540926,-0.88583209,837.08538191,-131.79450521,-35.35848376,35.35848376
61910,5,5,2,22,1,662.0,185.23765338,476.76234662,0.15857312,0.98671084,0.03544395,170.6487762,-0.98671084,845.31202171,-134.44816232,-36.07042006,36.07042006
61923,5,5,2,22,1,662.0,204.30236221,457.69763779,-0.35901801,0.72928776,-0.5824478,136.82671755,-0.72928776,822.95389645,-127.27695364,-34.14649262,34.14649262
61989,5,5,2,22,1,662.0,223.71482119,438.28517881,-0.21176901,0.51225146,-0.83231745,120.81391491,-0.51225146,800.01274693,-120.05617613,-32.2092666,32.2092666
62074,5,5,2,22,1,662.0,192.57215136,469.42784864,0.2947528,0.88164353,-0.36854507,151.84126195,-0.88164353,836.72979094,-131.6801936,-35.32781568,35.32781568
62075,5,5,2,22,1,662.0,212.62811975,449.37188025,0.40351325,0.63135012,0.66224927,129.14980205,-0.63135012,813.13723857,-124.1697573,-33.31287856,33.31287856
62107,5,5,2,22,1,662.0,196.60109422,465.39890578,-0.51596846,0.82726448,-0.22228368,145.81875064,-0.82726448,832.00529364,-130.16451253,-34.92118124,34.92118124
62198,5,5,2,22,1,662.0,189.45334646,472.54665354,-0.31058498,0.92532653,-0.21750353,157.71764459,-0.92532653,840.38204975,-132.85583009,-35.64322127,35.64322127
62223,7,7,2,22,1,662.0,147.32138398,514.67861602,-0.72627785,0.68317661,0.07609338,133.09237585,-0.68317661,770.19710922,-43.62652149,-11.70433964,11.70433964
62266,5,5,2,22,1,662.0,189.86405169,472.13594831,0.2401693,0.91949201,-0.31121239,156.85192985,-0.91949201,839.90134159,-132.70089795,-35.6016553,35.6016553
62271,6,6,2,22,1,662.0,222.71265508,439.28734492,-0.08181299,0.72917271,-0.67942166,136.81708458,-0.72917271,838.36580276,-151.42885831,-40.62608543,40.62608543
62321,5,5,2,22,1,662.0,194.79576623,467.20423377,-0.50101885,0.85135303,-0.15549319,148.35913841,-0.85135303,834.12319502,-130.84324885,-35.10327599,35.10327599
62342,5,5,2,22,1,662.0,199.98380513,462.01619487,-0.23562326,0.78329978,-0.57525919,141.56370092,-0.78329978,828.03291498,-128.8946087,-34.58048514,34.58048514
62385,5,5,2,22,1,662.0,188.89989687,473.10010313,-0.16873222,0.93322902,-0.31719557,158.94388908,-0.93322902,841.02971506,-133.06466598,-35.6992488,35.6992488
62414,5,5,2,22,1,662.0,219.85403498,442.14596502,0.74453558,0.55236274,0.37491622,123.52925817,-0.55236274,804.59012345,-121.48551468,-32.59273664,32.59273664
62549,5,5,2,22,1,662.0,203.17560899,458.82439101,0.63115334,0.74315863,-0.22217271,138.00118228,-0.74315863,824.27989735,-127.69862654,-34.25962111,34.25962111
62627,5,5,2,22,1,662.0,232.15404286,429.84595714,0.8983839,0.42921834,0.09315569,115.41796407,-0.42921834,789.98049216,-116.94378003,-31.37425753,31.37425753
62630,5,5,2,22,1,662.0,189.81710873,472.18289127,-0.30380447,0.92015761,-0.24700773,156.94913406,-0.92015761,839.95628953,-132.71860466,-35.60640575,35.60640575
62685,5,5,2,22,1,662.0,209.87297837,452.12702163,0.42324537,0.66289919,-0.61759859,131.52135825,-0.66289919,816.38941331,-125.19629402,-33.58828293,33.58828293
62770,5,5,2,22,1,662.0,190.67506574,471.32493426,0.41090588,0.90804448,0.08131162,155.23649697,-0.90804448,838.95187525,-132.39505907,-35.51960333,35.51960333
62789,5,5,2,22,1,662.0,218.17177937,443.82822063,-0.24744508,0.57028443,0.78329216,124.77006214,-0.57028443,806.58227316,-122.10937956,-32.7601102,32.7601102
62854,5,5,2,22,1,662.0,212.17893688,449.82106312,-0.76942213,0.6364378,0.05418964,129.52670522,-0.6364378,813.66770534,-124.33700323,-33.35774813,33.35774813
62884,5,5,2,22,1,662.0,218.330685,443.669315,0.22660981,0.56857974,0.79080028,124.65124567,-0.56857974,806.39415536,-122.05042197,-32.74429277,32.74429277
62933,5,5,2,22,1,662.0,234.51616033,427.48383967,0.66874062,0.40704799,0.62217193,114.01952871,-0.40704799,787.16579283,-116.07561134,-31.14134093,31.14134093
62966,5,5,2,22,1,662.0,223.72433385,438.27566615,0.52489639,0.51215434,0.67983948,120.80743585,-0.51215434,800.00145932,-120.05265857,-32.20832289,32.20832289
62992,5,5,2,22,1,662.0,200.69325847,461.30674153,-0.49403885,0.77426711,-0.39551999,140.73863322,-0.77426711,827.19912595,-128.62858377,-34.50911465,34.50911465
63022,5,5,2,22,1,662.0,216.29282731,445.70717269,-0.80591634,0.59063117,0.04066528,126.20181106,-0.59063117,808.80568905,-122.80694537,-32.94725662,32.94725662
63023,6,6,2,22,1,662.0,198.47121309,463.52878691,0.25719536,0.80544546,-0.53395521,143.65329764,-0.80544546,830.23277856,-129.81904108,-34.82849645,34.82849645
63153,5,5,2,22,1,662.0,212.12989471,449.87010529,-0.53565713,0.63699458,-0.55435489,129.56807646,-0.63699458,813.72561624,-124.355266,-33.36264776,33.36264776
63179,5,5,2,22,1,662.0,190.20466726,471.79533274,0.17615603,0.9146723,0.36379064,156.1592326,-0.9146723,839.50261318,-132.57243276,-35.56719003,35.56719003
63200,5,5,2,22,1,662.0,189.609283,472.390717,-0.1704538,0.9231083,0.34469779,157.38481019,-0.9231083,840.19954324,-132.79700131,-35.62743839,35.62743839
63371,6,6,2,22,1,662.0,206.08476276,455.91523724,-0.48870923,0.84524881,-0.21614285,147.69860392,-0.84524881,843.4134991,-145.48080998,-39.03031351,39.03031351
63377,5,5,2,22,1,662.0,185.65295634,476.34704366,-0.19345438,0.98053987,0.03342108,168.67815176,-0.98053987,844.82669595,-134.29113252,-36.02829133,36.02829133
63448,5,5,2,22,1,662.0,245.84121335,416.15878665,-0.71349238,0.30667133,0.62998517,107.85874341,-0.30667133,773.62879241,-111.93173663,-30.02960166,30.02960166
63451,5,5,2,22,1,662.0,212.83573231,449.16426769,-0.57203549,0.62900584,0.52642858,128.97681341,-0.62900584,812.89202344,-124.09247131,-33.29214389,33.29214389
63454,5,5,2,22,1,662.0,206.19131465,455.80868535,-0.35913727,0.70637395,-0.60996415,134.94065072,-0.70637395,820.72957812,-126.57065708,-33.95700387,33.95700387
63458,5,5,2,22,1,662.0,204.5274138,457.4725862,-0.5173408,0.72653558,-0.45222179,136.59674006,-0.72653558,822.68897704,-127.19276402,-34.12390581,34.12390581
63487,5,5,2,22,1,662.0,194.50286433,467.49713567,-0.46266268,0.85530339,-0.23323671,148.79326781,-0.85530339,834.46667122,-130.95343425,-35.13283707,35.13283707
63497,5,5,2,22,1,662.0,218.89914353,443.10085647,0.74285255,0.56250175,-0.36299018,124.22898735,-0.56250175,805.72109216,-121.83955773,-32.68772106,32.68772106
63602,5,5,2,22,1,662.0,185.40720663,476.59279337,-0.16689246,0.98418812,-0.05933511,169.7975768,-0.98418812,845.11388969,-134.38404841,-36.05321926,36.05321926
63642,5,5,2,22,1,662.0,186.74590411,475.25409589,0.26189102,0.96443095,-0.03586143,164.67256305,-0.96443095,843.54911274,-133.87804942,-35.91746734,35.91746734
63676,5,5,2,22,1,662.0,196.90892842,465.09107158,0.565895,0.82320112,-0.045856,145.40653357,-0.82320112,831.64401406,-130.04884741,-34.89015003,34.89015003
63752,5,5,2,22,1,662.0,199.6726766,462.3273234,0.61004323,0.78728128,-0.08964068,141.9321634,-0.78728128,828.39849746,-129.0113072,-34.61179359,34.61179359
63769,5,5,2,22,1,662.0,190.05119221,471.94880779,0.28363395,0.91684184,-0.28098547,156.46866119,-0.91684184,839.68227913,-132.63031379,-35.58271864,35.58271864
63770,5,5,2,22,1,662.0,184.78378522,477.21621478,-0.11329373,0.99348658,-0.01220417,173.45698188,-0.99348658,845.84232977,-134.61981465,-36.1164718,36.1164718
63777,5,5,2,22,1,662.0,217.07648065,444.92351935,-0.80303085,0.58210235,-0.12766484,125.59854714,-0.58210235,807.87858303,-122.51591532,-32.86917763,32.86917763
63792,5,5,2,22,1,662.0,230.16986068,431.83013932,-0.64612887,0.44819312,-0.61777052,116.62781536,-0.44819312,792.34255863,-117.67405764,-31.57018003,31.57018003
63794,5,5,2,22,1,662.0,195.33138457,466.66861543,-0.42794196,0.8441598,-0.32289304,147.58202664,-0.8441598,833.49499354,-130.64180408,-35.04923138,35.04923138
63827,5,5,2,22,1,662.0,231.62214468,430.37785532,-0.90071947,0.434273,-0.01055471,115.73904272,-0.434273,790.61389329,-117.13945435,-31.42675401,31.42675401
64004,5,5,2,22,1,662.0,186.50278864,475.49721136,-0.17302217,0.96799789,-0.18177847,165.46577162,-0.96799789,843.8333434,-133.96991432,-35.94211331,35.94211331
64080,5,5,2,22,1,662.0,210.4878155,451.5121845,0.69149548,0.65578711,0.30294762,130.97935998,-0.65578711,815.66397555,-124.96706644,-33.52678462,33.52678462
64145,6,6,2,22,1,662.0,172.85016656,489.14983344,-0.65544724,0.67937966,-0.32989725,132.79518671,-0.67937966,789.68327553,-78.31528772,-21.01081396,21.01081396
64216,5,5,2,22,1,662.0,217.86128486,444.13871514,0.78615226,0.5736225,0.23004749,125.00322173,-0.5736225,806.94981066,-122.22459653,-32.79102118,32.79102118
64287,5,5,2,22,1,662.0,198.00924204,463.99075796,-0.47593769,0.80878044,0.34548157,143.97694774,-0.80878044,830.35231475,-129.63558248,-34.77927726,34.77927726
64325,5,5,2,22,1,662.0,260.666143,401.333857,0.30795396,0.18845614,0.93254954,100.86269977,-0.18845614,755.79838034,-106.55486573,-28.58706806,28.58706806
64361,5,5,2,22,1,662.0,193.86682101,468.13317899,-0.31332745,0.86392279,0.39428838,149.75992858,-0.86392279,835.21240512,-131.19276689,-35.19704642,35.19704642
64455,5,5,2,22,1,662.0,187.25963796,474.74036204,0.12863525,0.95692401,-0.26028718,163.1217778,-0.95692401,842.94841267,-133.68396751,-35.86539808,35.86539808
64509,6,6,2,22,1,662.0,183.41990551,478.58009449,0.20157419,0.9794681,0.00317565,168.3695085,-0.9794681,842.46583738,-130.94882949,-35.13160168,35.13160168
64532,5,5,2,22,1,662.0,194.53901747,467.46098253,0.5097252,0.85481515,-0.09732053,148.73931898,-0.85481515,834.42427773,-130.93983298,-35.12918806,35.12918806
64543,5,5,2,22,1,662.0,194.38267882,467.61732118,0.5046983,0.85692777,0.10466337,148.97336353,-0.85692777,834.60759756,-130.99865152,-35.14496819,35.14496819
64568,5,5,2,22,1,662.0,198.518905,463.481095,0.51130035,0.80215499,-0.30841423,143.33638388,-0.80215499,829.75381537,-129.44424663,-34.72794473,34.72794473
64602,5,5,2,22,1,662.0,191.87995575,470.12004425,-0.36039718,0.89121604,-0.27540487,153.02645411,-0.89121604,837.54075504,-131.94094127,-35.39777036,35.39777036
64631,6,6,2,22,1,662.0,210.69334939,451.30665061,0.11685814,0.61333034,-0.78113384,127.83069983,-0.61333034,808.5351504,-119.03854298,-31.93625093,31.93625093
64638,6,6,2,22,1,662.0,255.51918533,406.48081467,0.93014111,0.28090439,-0.23649575,106.31418866,-0.28090439,773.67052855,-118.35961653,-31.75410517,31.75410517
64640,5,5,2,22,1,662.0,190.17557055,471.82442945,-0.06025024,0.91508335,0.39873848,156.21756625,-0.91508335,839.53667612,-132.58340581,-35.57013393,35.57013393
64728,5,5,2,22,1,662.0,205.04205983,456.95794017,0.11185586,0.72026462,0.6846219,136.07633191,-0.72026462,822.08307231,-127.00028133,-34.07226559,34.07226559
64747,6,6,2,22,1,662.0,159.73976544,502.26023456,-0.39836272,0.89665927,-0.19315614,153.72235945,-0.89665927,808.3317065,-86.65389894,-23.24793795,23.24793795
64861,6,6,2,22,1,662.0,171.57479701,490.42520299,-0.87347053,0.25203737,0.41656499,104.59810622,-0.25203737,724.52466392,-16.3703407,-4.39191622,4.39191622
64908,5,5,2,22,1,662.0,200.28610509,461.71389491,-0.62484949,0.77944311,0.04507277,141.20961529,-0.77944311,827.67766359,-128.78124153,-34.55007043,34.55007043
64948,5,5,2,22,1,662.0,201.34054542,460.65945458,0.00621908,0.76608146,-0.6427134,140.0033001,-0.76608146,826.43819577,-128.38596397,-34.44402341,34.44402341
65039,5,5,2,22,1,662.0,215.99440064,446.00559936,0.69639205,0.59389535,0.40289755,126.43392383,-0.59389535,809.15866485,-122.91781019,-32.97699998,32.97699998
65118,5,5,2,22,1,662.0,185.18334844,476.81665156,-0.1528873,0.98751981,-0.03781675,170.93848108,-0.98751981,845.37547731,-134.46869814,-36.07592951,36.07592951
65196,5,5,2,22,1,662.0,252.44758753,409.55241247,-0.39906271,0.25227655,0.88153587,104.61226766,-0.25227655,765.69892991,-109.52887563,-29.38495019,29.38495019
65207,5,5,2,22,1,662.0,185.71389728,476.28610272,0.01802994,0.97963667,-0.19996728,168.41751454,-0.97963667,844.75547368,-134.2680932,-36.02211022,36.02211022
65219,5,5,2,22,1,662.0,248.98971281,413.01028719,0.90780702,0.28038757,-0.31188014,106.28333742,-0.28038757,769.85265504,-110.78522354,-29.72200944,29.72200944
65227,5,5,2,22,1,662.0,228.64510411,433.35489589,0.79630559,0.46299818,-0.38926866,117.58074432,-0.46299818,794.15629738,-118.23586975,-31.72090577,31.72090577
65255,5,5,2,22,1,662.0,190.96593842,471.03406158,-0.4098025,0.90396248,-0.12212183,154.68390723,-0.90396248,838.61127542,-132.28540256,-35.49018414,35.49018414
65261,5,5,2,22,1,662.0,227.31341805,434.68658195,-0.04525547,0.47609105,0.87823075,118.43041184,-0.47609105,795.73938174,-118.72698602,-31.85266488,31.85266488
65282,6,6,2,22,1,662.0,184.44798172,477.55201828,-0.20679623,0.48715675,0.84847724,119.15387351,-0.48715675,768.91688908,-67.09113891,-17.99954362,17.99954362
65296,5,5,2,22,1,662.0,259.97610968,402.02389032,0.96964238,0.19365935,-0.14929736,101.16641739,-0.19365935,756.63118352,-106.80390624,-28.65388188,28.65388188
65346,5,5,2,22,1,662.0,193.96220956,468.03779044,0.50460002,0.86262652,0.03541624,149.61277987,-0.86262652,835.10057765,-131.1568683,-35.18741537,35.18741537
65376,5,5,2,22,1,662.0,186.16408712,475.83591288,0.15605005,0.97298278,-0.17015547,166.65125034,-0.97298278,844.22928261,-134.09791826,-35.97645484,35.97645484
65387,6,6,2,22,1,662.0,161.30615665,500.69384335,0.01626143,0.8769057,0.4803873,151.27132356,-0.8769057,807.18266728,-86.61902449,-23.23858165,23.23858165
65431,5,5,2,22,1,662.0,246.05797597,415.94202403,-0.45196361,0.30484023,-0.83833247,107.74855198,-0.30484023,773.36899935,-111.85272538,-30.00840413,30.00840413
65495,5,5,2,22,1,662.0,247.16248713,414.83751287,-0.81392416,0.29555976,-0.50017187,107.19110588,-0.29555976,772.04481469,-111.45030344,-29.90044037,29.90044037
65553,5,5,2,22,1,662.0,185.4258555,476.5741445,-0.02225077,0.98391093,-0.17726869,169.70829985,-0.98391093,845.09209672,-134.37699699,-36.05132747,36.05132747
65556,5,5,2,22,1,662.0,226.94096853,435.05903147,-0.85349192,0.47978039,0.20337729,118.67106019,-0.47978039,796.18197831,-118.86441642,-31.88953539,31.88953539
65574,5,5,2,22,1,662.0,215.58042264,446.41957736,-0.56637899,0.59843837,0.56664482,126.75813613,-0.59843837,809.64824086,-123.07163519,-33.01826891,33.01826891
65595,5,5,2,22,1,662.0,225.37932512,436.62067488,0.4798973,0.4953822,0.72408222,119.69495619,-0.4953822,798.03696131,-119.44099781,-32.04422351,32.04422351
65629,5,5,2,22,1,662.0,229.90500928,432.09499072,0.79321436,0.45075068,-0.4094323,116.79185681,-0.45075068,792.65769381,-117.77160589,-31.59635076,31.59635076
65800,5,5,2,22,1,662.0,190.71220302,471.28779698,-0.05876699,0.90752262,-0.41587154,155.16520968,-0.90752262,838.90839111,-132.38105765,-35.51584696,35.51584696
65811,5,5,2,22,1,662.0,189.99249554,472.00750446,-0.21948449,0.9176725,-0.33121555,156.58815487,-0.9176725,839.75098978,-132.65245174,-35.58865791,35.58865791
65850,5,5,2,22,1,662.0,238.89512349,423.10487651,0.08985524,0.3671077,-0.92582826,111.53735206,-0.3671077,781.93989408,-114.46967696,-30.71049288,30.71049288
65861,6,6,2,22,1,662.0,172.31188034,489.68811966,-0.71981389,0.65815366,0.22068467,131.15921182,-0.65815366,786.18520175,-74.80801782,-20.06986619,20.06986619
65947,5,5,2,22,1,662.0,201.45533815,460.54466185,0.13901415,0.76463528,-0.62929163,139.87455566,-0.76463528,826.30322883,-128.34294613,-34.43248237,34.43248237
65983,5,5,2,22,1,662.0,215.1159626,446.8840374,0.73170403,0.60355621,0.31674771,127.12501929,-0.60355621,810.19741724,-123.24426394,-33.06458261,33.06458261
66035,5,5,2,22,1,662.0,254.90494981,407.09505019,-0.92618401,0.23276285,0.29665576,103.45978691,-0.23276285,762.7428359,-108.63785579,-29.14590296,29.14590296
66068,5,5,2,22,1,662.0,223.28174889,438.71825111,-0.83653683,0.51668175,-0.18233512,121.10993188,-0.51668175,800.52657675,-120.21633824,-32.25223568,32.25223568
66137,5,5,2,22,1,662.0,200.8050391,461.1949609,-0.20548264,0.77284975,-0.60039999,140.61048829,-0.77284975,827.06773398,-128.58667907,-34.49787225,34.49787225
66149,5,5,2,22,1,662.0,216.36805127,445.63194873,-0.58606811,0.5898098,-0.55556149,126.14351223,-0.5898098,808.71670804,-122.77900301,-32.9397601,32.9397601
66282,5,5,2,22,1,662.0,229.80269757,432.19730243,0.33178306,0.45174024,-0.82816107,116.85539063,-0.45174024,792.77942022,-117.80929302,-31.60646165,31.60646165
66283,5,5,2,22,1,662.0,225.30299647,436.69700353,0.78734634,0.49615032,-0.36595164,119.74563208,-0.49615032,798.12759538,-119.4691939,-32.05178809,32.05178809
66290,6,6,2,22,1,662.0,209.14781218,452.85218782,-0.63608055,0.62647421,-0.4504793,128.79047265,-0.62647421,809.60783616,-118.97730223,-31.91982095,31.91982095
66295,5,5,2,22,1,662.0,220.93441789,441.06558211,0.73502017,0.54099694,-0.4087391,122.75153084,-0.54099694,803.309972,-121.08519313,-32.48533638,32.48533638
66460,6,6,2,22,1,662.0,206.62393085,455.37606915,0.22781439,0.51977529,0.82336763,121.31717989,-0.51977529,789.38737001,-99.91170574,-26.80480813,26.80480813
66625,6,6,2,22,1,662.0,227.06027949,434.93972051,-0.63618164,0.48328882,0.60141903,118.9004212,-0.48328882,796.92561122,-119.57329064,-32.07971568,32.07971568
66703,5,5,2,22,1,662.0,193.47917215,468.52082785,-0.47948576,0.86920385,-0.12073971,150.36625261,-0.86920385,835.66681806,-131.3386747,-35.23619129,35.23619129
66818,5,5,2,22,1,662.0,245.99580636,416.00419364,0.78051812,0.30536508,-0.5454756,107.78012913,-0.30536508,773.44351321,-111.87538539,-30.01448347,30.01448347
66821,6,6,2,22,1,662.0,227.85669725,434.14330275,-0.17032958,0.44967046,-0.87680346,116.72254308,-0.44967046,791.08803483,-115.11097085,-30.88254239,30.88254239
66855,5,5,2,22,1,662.0,212.26941073,449.73058927,0.39017941,0.63541131,0.66634262,129.45049754,-0.63541131,813.56086726,-124.30331316,-33.34870959,33.34870959
66879,5,5,2,22,1,662.0,244.41042936,417.58957064,-0.49235136,0.31883934,-0.80989605,108.59274771,-0.31883934,775.34294371,-112.45355399,-30.16959741,30.16959741
66882,5,5,2,22,1,662.0,247.27312654,414.72687346,-0.6368868,0.2946347,-0.71243638,107.13563344,-0.2946347,771.91213239,-111.41000915,-29.88963002,29.88963002
66886,5,5,2,22,1,662.0,184.85845371,477.14154629,-0.06104197,0.99236958,-0.10712841,172.91747007,-0.99236958,845.75509181,-134.59157221,-36.10889478,36.10889478
66948,5,5,2,22,1,662.0,185.71076675,476.28923325,0.17168274,0.97968305,0.10366365,168.43075818,-0.97968305,844.75913241,-134.26927671,-36.02242774,36.02242774
66980,5,5,2,22,1,662.0,201.04553442,460.95446558,0.58361344,0.76980566,0.2584465,140.33644056,-0.76980566,826.78502543,-128.49653049,-34.47368674,34.47368674
67115,5,5,2,22,1,662.0,196.00646217,465.99353783,-0.50221777,0.83514966,-0.22428186,146.63142546,-0.83514966,832.70304257,-130.38799568,-34.98113841,34.98113841
67153,5,5,2,22,1,662.0,193.00428276,468.99571724,-0.26625146,0.87570232,-0.40280964,151.12820398,-0.87570232,836.2234052,-131.51746233,-35.28415732,35.28415732
67227,5,5,2,22,1,662.0,185.19563774,476.80436226,-0.08685118,0.9873367,0.13275211,170.87210731,-0.9873367,845.36111731,-134.46405079,-36.0746827,36.0746827
67228,5,5,2,22,1,662.0,195.10899133,466.89100867,0.4763379,0.84714169,0.23548495,147.90213178,-0.84714169,833.75584376,-130.72543826,-35.07166918,35.07166918
67271,5,5,2,22,1,662.0,284.35039309,377.64960691,-0.5891008,0.02517307,0.80766736,91.44246291,-0.02517307,727.03253063,-98.08254536,-26.31407191,26.31407191
67292,5,5,2,22,1,662.0,204.71395421,457.28604579,0.65401429,0.72425894,0.21843603,136.40723517,-0.72425894,822.46937304,-127.12298941,-34.10518633,34.10518633
67347,6,6,2,22,1,662.0,188.87713562,473.12286438,0.33237757,0.91095555,0.24430543,155.63773665,-0.91095555,837.68983338,-130.23477238,-34.9400309,34.9400309
67379,6,6,2,22,1,662.0,199.05490994,462.94509006,0.06757123,0.80660934,0.58720992,143.76596577,-0.80660934,830.93182748,-130.76753875,-35.0829641,35.0829641
67387,5,5,2,22,1,662.0,199.84905054,462.15094946,0.30975812,0.7850227,-0.53645993,141.72277824,-0.7850227,828.19125988,-128.94515008,-34.59404463,34.59404463
67402,5,5,2,22,1,662.0,241.45568822,420.54431178,-0.0491746,0.34442415,-0.93752539,110.14664797,-0.34442415,778.87925125,-113.53274664,-30.45912857,30.45912857
67428,5,5,2,22,1,662.0,211.08834788,450.91165212,-0.55541825,0.6488805,-0.52006218,130.45724936,-0.6488805,814.95524018,-124.74325276,-33.46673877,33.46673877
67565,5,5,2,22,1,662.0,207.69694289,454.30305711,0.36148956,0.68840854,0.62882349,133.50426246,-0.68840854,818.95543327,-126.00824717,-33.80611775,33.80611775
67760,5,5,2,22,1,662.0,230.52686039,431.47313961,-0.6764932,0.44475502,-0.58698374,116.4076664,-0.44475502,791.91772191,-117.54259593,-31.53491083,31.53491083
67836,5,5,2,22,1,662.0,206.65953001,455.34046999,0.53844483,0.70075908,-0.46798919,134.48793692,-0.70075908,820.17797538,-126.39570751,-33.91006753,33.91006753
68019,5,5,2,22,1,662.0,208.35308531,453.64691469,-0.62312841,0.68066057,0.38524301,132.89528352,-0.68066057,818.18193641,-125.76330832,-33.74040434,33.74040434
68075,5,5,2,22,1,662.0,194.41274272,467.58725728,0.48164585,0.85652125,0.1854417,148.92820434,-0.85652125,834.57234603,-130.98734032,-35.14193356,35.14193356
68083,5,5,2,22,1,662.0,201.43379596,460.56620404,-0.26889155,0.76490655,0.5853335,139.89867869,-0.76490655,826.32855742,-128.35101871,-34.43464812,34.43464812
68102,5,5,2,22,1,662.0,187.59071142,474.40928858,-0.11141997,0.95210798,-0.28473844,162.19598768,-0.95210798,842.56123327,-133.55892129,-35.83185006,35.83185006
68232,5,5,2,22,1,662.0,192.23031062,469.76968938,-0.43942051,0.8863623,-0.14584749,152.41963545,-0.8863623,837.13031215,-131.80895123,-35.36235941,35.36235941
68300,6,6,2,22,1,662.0,196.99272243,465.00727757,0.41643566,0.77678313,-0.47242915,140.96697853,-0.77678313,824.40853907,-123.97494199,-33.26061255,33.26061255
68312,6,6,2,22,1,662.0,137.35903478,524.64096522,-0.64790423,0.49157446,0.58187169,119.44411912,-0.49157446,739.26374797,-6.98520835,-1.87402635,1.87402635
68371,5,5,2,22,1,662.0,215.99595642,446.00404358,-0.566767,0.59387831,0.57103741,126.43271031,-0.59387831,809.15682482,-122.91723217,-32.97684491,32.97684491
68417,5,5,2,22,1,662.0,260.42528981,401.57471019,0.60424429,0.19026916,0.77374833,100.96849274,-0.19026916,756.0890994,-106.64177843,-28.61038543,28.61038543
68464,5,5,2,22,1,662.0,238.61946035,423.38053965,-0.28884934,0.36957878,0.8831634,111.68964166,-0.36957878,782.26917995,-114.5706382,-30.73757926,30.73757926
68516,5,5,2,22,1,662.0,190.02444288,471.97555712,-0.02719448,0.91722032,0.39745105,156.52303671,-0.91722032,839.71359224,-132.64040244,-35.58542527,35.58542527
68565,5,5,2,22,1,662.0,210.0865367,451.9134633,0.32534043,0.66042415,-0.6767522,131.33222925,-0.66042415,816.1374594,-125.11666435,-33.56691948,33.56691948
68599,5,5,2,22,1,662.0,202.84987074,459.15012926,0.30779257,0.74719734,0.589033,138.3481826,-0.74719734,824.66312659,-127.82058119,-34.29233971,34.29233971
68665,6,6,2,22,1,662.0,165.54348183,496.45651817,-0.12369569,0.88595754,0.446966,152.36958839,-0.88595754,812.30070667,-93.8407878,-25.17607215,25.17607215
68700,5,5,2,22,1,662.0,206.25020999,455.74979001,0.39546089,0.70566627,0.58791649,134.88339644,-0.70566627,820.66019944,-126.54864809,-33.95109919,33.95109919
68704,5,5,2,22,1,662.0,188.83499536,473.16500464,-0.33505586,0.93415876,0.12282093,159.09265903,-0.93415876,841.10565618,-133.08915977,-35.70582011,35.70582011
68705,5,5,2,22,1,662.0,191.66597196,470.33402804,-0.16661205,0.89418926,0.41553098,153.40448147,-0.89418926,837.79141154,-132.02156859,-35.41940145,35.41940145
68847,5,5,2,22,1,662.0,187.9078283,474.0921717,-0.31084749,0.94751089,-0.07481275,161.35379645,-0.94751089,842.19033076,-133.43916781,-35.79972201,35.79972201
68926,5,5,2,22,1,662.0,206.85062508,455.14937492,-0.5600201,0.69847476,0.44554516,134.30476146,-0.69847476,819.9528172,-126.32431825,-33.89091487,33.89091487
68931,5,5,2,22,1,662.0,189.37838894,472.62161106,0.0113321,0.92639412,0.37638481,157.87952344,-0.92639412,840.46977544,-132.88411044,-35.65080846,35.65080846
68948,5,5,2,22,1,662.0,187.059507,474.940493,0.09043412,0.95984352,0.26555995,163.70780602,-0.95984352,843.18243599,-133.75956785,-35.88568052,35.88568052
68954,5,5,2,22,1,662.0,185.96897301,476.03102699,0.19192053,0.97586265,-0.1042046,167.3857954,-0.97586265,844.45734676,-134.17166763,-35.99624069,35.99624069
69007,5,5,2,22,1,662.0,190.81678635,471.18321365,-0.41368699,0.90605407,-0.08904543,154.96562514,-0.90605407,838.78593097,-132.3416294,-35.50526896,35.50526896
69059,5,5,2,22,1,662.0,217.98511002,444.01488998,0.4037843,0.57229014,0.71375223,124.91007873,-0.57229014,806.80324252,-122.17864541,-32.77869319,32.77869319
69089,5,5,2,22,1,662.0,196.60967798,465.39032202,-0.34999479,0.827151,-0.43968724,145.80717957,-0.827151,831.99522017,-130.16128701,-34.92031588,34.92031588
69100,5,5,2,22,1,662.0,243.92962446,418.07037554,0.94592669,0.32296036,0.03031993,108.84204974,-0.32296036,775.91871437,-112.62901917,-30.21667208,30.21667208
69117,5,5,2,22,1,662.0,206.78929687,455.21070313,0.70546957,0.69920741,0.11585201,134.36344873,-0.69920741,820.02507919,-126.34722836,-33.8970613,33.8970613
69221,5,5,2,22,1,662.0,244.34869727,417.65130273,-0.82512634,0.31936755,-0.46601599,108.62468102,-0.31936755,775.416876,-112.47607938,-30.17564063,30.17564063
69244,5,5,2,22,1,662.0,192.52882527,469.47117473,0.4675118,0.88224068,0.05553464,151.9138479,-0.88224068,836.78055727,-131.69651143,-35.33219351,35.33219351
69331,5,5,2,22,1,662.0,194.33884305,467.66115695,0.33133287,0.85752074,0.39354379,149.03934089,-0.85752074,834.65899661,-131.01514457,-35.14939302,35.14939302
69387,6,6,2,22,1,662.0,161.68928049,500.31071951,-0.00561943,0.56411466,0.82567734,124.34083421,-0.56411466,764.95174736,-48.2603123,-12.94751603,12.94751603
69403,6,6,2,22,1,662.0,231.62079037,430.37920963,-0.31072241,0.70914833,0.63289828,135.16566311,-0.70914833,842.237389,-160.0001797,-42.92564206,42.92564206
69408,5,5,2,22,1,662.0,191.95111407,470.04888593,-0.06455758,0.8902288,-0.45091575,152.90201135,-0.8902288,837.45739706,-131.91413154,-35.39057771,35.39057771
69449,5,5,2,22,1,662.0,186.16461313,475.83538687,-0.22322325,0.97297503,-0.05908445,166.64932579,-0.97297503,844.22866775,-134.09771945,-35.97640151,35.97640151
69538,5,5,2,22,1,662.0,189.63073373,472.36926627,-0.10096485,0.92280345,0.37180626,157.33943045,-0.92280345,840.1744367,-132.78890919,-35.6252674,35.6252674
69542,5,5,2,22,1,662.0,189.53864141,472.46135859,-0.20322733,0.92411274,-0.32359588,157.53494199,-0.92411274,840.28222276,-132.823651,-35.6345881,35.6345881
69620,5,5,2,22,1,662.0,235.54629519,426.45370481,0.72832956,0.3975186,0.5581353,113.42314585,-0.3975186,785.93735055,-115.69741058,-31.03987535,31.03987535
69664,5,5,2,22,1,662.0,216.84975478,445.15024522,0.46842288,0.58456357,0.6624692,125.77216392,-0.58456357,808.14684371,-122.60010166,-32.89176356,32.89176356
69793,5,5,2,22,1,662.0,191.35922079,470.64077921,-0.18634976,0.89846303,-0.39753987,153.95676943,-0.89846303,838.15069851,-132.13716665,-35.45041468,35.45041468
69952,5,5,2,22,1,662.0,189.21550662,472.78449338,0.0951212,0.92871689,-0.35838094,158.23567666,-0.92871689,840.66039442,-132.94556755,-35.66729648,35.66729648
70016,5,5,2,22,1,662.0,204.41236847,457.58763153,-0.59317835,0.72794172,0.34386086,136.71411777,-0.72794172,822.82440558,-127.23579999,-34.13545171,34.13545171
70021,5,5,2,22,1,662.0,212.77284755,449.22715245,-0.22515943,0.62971543,-0.74347946,129.02913042,-0.62971543,812.96630004,-124.11587982,-33.29842405,33.29842405
70047,5,5,2,22,1,662.0,227.79285425,434.20714575,-0.06300439,0.47135969,0.87968772,118.12259333,-0.47135969,795.1695428,-118.55012591,-31.80521597,31.80521597
70120,5,5,2,22,1,662.0,210.79578851,451.20421149,0.75786554,0.65224026,-0.01491551,130.71072124,-0.65224026,815.30053415,-124.85227736,-33.49598843,33.49598843
70124,5,5,2,22,1,662.0,198.00640948,463.99359052,-0.57388024,0.80881736,-0.12835866,143.98054454,-0.80881736,830.35564071,-129.63664603,-34.7795626,34.7795626
70170,6,6,2,22,1,662.0,196.58517064,465.41482936,0.02876708,0.94692431,0.32016684,161.2489625,-0.94692431,850.50221624,-145.61988169,-39.06762436,39.06762436
70183,5,5,2,22,1,662.0,206.69611722,455.30388278,0.21630964,0.7003214,-0.68026472,134.45279532,-0.7003214,820.13486776,-126.38203865,-33.90640038,33.90640038
70358,5,5,2,22,1,662.0,184.62751064,477.37248936,-0.09114221,0.99582729,0.00459322,174.76402396,-0.99582729,846.02490333,-134.67892732,-36.13233084,36.13233084
70376,5,5,2,22,1,662.0,215.12654608,446.87345392,-0.42059109,0.60343935,-0.67746888,127.11662183,-0.60343935,810.18490453,-123.24032978,-33.06352714,33.06352714
70484,5,5,2,22,1,662.0,226.76916484,435.23083516,-0.72113845,0.4814863,0.49812677,118.78251981,-0.4814863,796.38611528,-118.92782121,-31.90654594,31.90654594
70487,5,5,2,22,1,662.0,266.41139535,395.58860465,0.4997399,0.14618035,0.85375133,98.4056368,-0.14618035,748.85314695,-104.48609476,-28.03204792,28.03204792
70535,5,5,2,22,1,662.0,187.97201884,474.02798116,-0.21928931,0.94658224,0.23641968,161.18808809,-0.94658224,842.11524763,-133.41492995,-35.79321935,35.79321935
70610,5,5,2,22,1,662.0,208.49444401,453.50555599,-0.44309844,0.67899773,-0.58534251,132.76537202,-0.67899773,818.01526814,-125.71055131,-33.72625043,33.72625043
70612,5,5,2,22,1,662.0,215.73703055,446.26296945,-0.70425554,0.5967177,-0.38464545,126.63517987,-0.5967177,809.46304414,-123.01343866,-33.00265566,33.00265566
70719,7,7,2,22,1,662.0,174.84009078,487.15990922,-0.00692185,0.8629088,-0.50531228,149.64476809,-0.8629088,817.65905511,-104.37657488,-28.00266538,28.00266538
70895,5,5,2,22,1,662.0,214.26003437,447.73996563,-0.70337845,0.61304571,0.35976897,127.81005526,-0.61304571,811.20918734,-123.56251869,-33.14996558,33.14996558
70923,5,5,2,22,1,662.0,185.07631932,476.92368068,-0.14287732,0.98911557,-0.0351633,171.53873799,-0.98911557,845.50053764,-134.50917378,-36.08678852,36.08678852
70980,5,5,2,22,1,662.0,207.80759494,454.19240506,0.69434222,0.68709849,-0.21397324,133.40086557,-0.68709849,818.8250049,-125.96693399,-33.79503404,33.79503404
70992,5,5,2,22,1,662.0,199.87023838,462.12976162,0.5136993,0.78475165,0.34681101,141.69771481,-0.78475165,828.16636342,-128.93720306,-34.59191256,34.59191256
71073,5,5,2,22,1,662.0,198.32127126,463.67872874,0.08741453,0.80472012,0.5871833,143.58323429,-0.80472012,829.98591159,-129.51843499,-34.74784835,34.74784835
71153,5,5,2,22,1,662.0,199.62462247,462.37537753,0.36603334,0.78789733,0.49521449,141.98944546,-0.78789733,828.4549581,-129.02933326,-34.61662971,34.61662971
71216,5,5,2,22,1,662.0,186.15459554,475.84540446,-0.16142239,0.97312274,-0.16424051,166.68602683,-0.97312274,844.24037748,-134.10150571,-35.9774173,35.9774173
71286,5,5,2,22,1,662.0,237.20457834,424.79542166,-0.84193559,0.38235232,0.38072452,112.47946685,-0.38235232,783.95863739,-115.08912307,-30.87668096,30.87668096
71323,5,5,2,22,1,662.0,210.56394693,451.43605307,-0.1193103,0.65490936,-0.74622971,130.91277738,-0.65490936,815.57413649,-124.93868844,-33.51917122,33.51917122
71346,5,5,2,22,1,662.0,222.01541229,439.98458771,-0.0421335,0.52973542,-0.84711578,121.98758028,-0.52973542,802.02850753,-120.6849111,-32.37794673,32.37794673
71446,6,6,2,22,1,662.0,190.19740921,471.80259079,0.03394732,0.98718971,0.15589758,170.81917241,-0.98718971,850.30260459,-141.61562619,-37.99334283,37.99334283
71474,5,5,2,22,1,662.0,198.06030007,463.93969993,0.25555566,0.80811517,-0.53069877,143.91218467,-0.80811517,830.29236243,-129.61641195,-34.7741341,34.7741341
71580,5,5,2,22,1,662.0,193.40020099,468.59979901,-0.04903004,0.87028229,-0.49010692,150.49145987,-0.87028229,835.75938205,-131.36840268,-35.24416686,35.24416686
71593,5,5,2,22,1,662.0,209.15548974,452.84451026,0.09225914,0.67125155,0.73546557,132.1637338,-0.67125155,817.23573879,-125.46389832,-33.66007714,33.66007714
71793,5,5,2,22,1,662.0,186.75648779,475.24351221,-0.07489647,0.96427588,-0.25409162,164.63898666,-0.96427588,843.53673859,-133.87405049,-35.91639449,35.91639449
71811,5,5,2,22,1,662.0,203.44454646,458.55545354,0.29057559,0.73983392,-0.60680441,137.71727031,-0.73983392,823.96345661,-127.59795512,-34.23261248,34.23261248
71825,5,5,2,22,1,662.0,251.6906751,410.3093249,0.54724217,0.25836389,0.79609931,104.97300303,-0.25836389,766.60875137,-109.80363016,-29.4586627,29.4586627
71880,5,5,2,22,1,662.0,201.45556963,460.54443037,0.31017526,0.76463236,0.56491473,139.87429654,-0.76463236,826.30295666,-128.34285939,-34.4324591,34.4324591
71884,5,5,2,22,1,662.0,228.92003342,433.07996658,0.46465821,0.4603141,-0.75644145,117.4073776,-0.4603141,793.82935142,-118.13452917,-31.69371762,31.69371762
72014,5,5,2,22,1,662.0,249.66107909,412.33892091,0.76563051,0.27486874,0.58159875,105.95419187,-0.27486874,769.04672418,-110.54106432,-29.65650519,29.65650519
72017,5,5,2,22,1,662.0,199.87589118,462.12410882,0.44484945,0.78467934,-0.43172595,141.69103127,-0.78467934,828.15972115,-128.93508285,-34.59134375,34.59134375
72077,5,5,2,22,1,662.0,205.56192554,456.43807446,0.56799103,0.71396193,0.4094442,135.55819018,-0.71396193,821.47089594,-126.805905,-34.02011735,34.02011735
72093,5,5,2,22,1,662.0,190.1336236,471.8663764,-0.32053812,0.91567615,0.24247167,156.30193184,-0.91567615,839.58578192,-132.5992253,-35.57437806,35.57437806
72101,5,5,2,22,1,662.0,222.19022502,439.80977498,-0.82474065,0.52792456,0.20272768,121.86533296,-0.52792456,801.82122036,-120.62020465,-32.36058697,32.36058697
72145,5,5,2,22,1,662.0,235.91089388,426.08910612,-0.68071688,0.39416578,-0.61746082,113.21395607,-0.39416578,785.5024277,-115.56361322,-31.00397953,31.00397953
72234,5,5,2,22,1,662.0,207.95125758,454.04874242,-0.70011656,0.68539969,-0.20016009,133.26704882,-0.68539969,818.65565742,-125.91329993,-33.78064483,33.78064483
72335,5,5,2,22,1,662.0,186.96057049,475.03942951,-0.27279052,0.96128912,-0.03884025,164.00570084,-0.96128912,843.29812104,-133.79694462,-35.89570814,35.89570814
72419,5,5,2,22,1,662.0,221.88633768,440.11366232,0.81104813,0.53107432,-0.24527739,122.07807117,-0.53107432,802.18155002,-120.73269218,-32.39076568,32.39076568
72449,5,5,2,22,1,662.0,229.21655116,432.78344884,0.46063024,0.45742647,-0.76064499,117.22116681,-0.45742647,793.47668827,-118.0252507,-31.66439985,31.66439985
72539,5,5,2,22,1,662.0,221.01943715,440.98056285,-0.77975504,0.54010724,-0.31664846,122.6909396,-0.54010724,803.2092073,-121.05370164,-32.47688769,32.47688769
72664,5,5,2,22,1,662.0,196.17427736,465.82572264,-0.33401029,0.83291949,0.44122811,146.39981872,-0.83291949,832.50614226,-130.32491735,-34.96421544,34.96421544
72728,5,5,2,22,1,662.0,219.05607312,442.94392688,0.11829306,0.5608294,-0.81943708,124.11317592,-0.5608294,805.53525684,-121.78135909,-32.67210724,32.67210724
72870,5,5,2,22,1,662.0,200.44375822,461.55624178,-0.47375943,0.77743642,-0.41369627,141.02645244,-0.77743642,827.49237896,-128.72212697,-34.53421088,34.53421088
73027,5,5,2,22,1,662.0,212.60899312,449.39100688,0.48586569,0.63156632,-0.60420073,129.16577728,-0.63156632,813.15982834,-124.17687787,-33.31478891,33.31478891
73034,6,6,2,22,1,662.0,224.16106987,437.83893013,0.36351214,0.86280928,-0.35131051,149.63348693,-0.86280928,862.88163097,-172.15184088,-46.18575001,46.18575001
73155,5,5,2,22,1,662.0,214.85726212,447.14273788,-0.7676441,0.6064164,0.20732024,127.33083383,-0.6064164,810.50325809,-123.34043773,-33.09038459,33.09038459
73363,5,5,2,22,1,662.0,186.46716174,475.53283826,0.17345872,0.96852138,-0.17854524,165.58577389,-0.96852138,843.87499329,-133.98337751,-35.94572529,35.94572529
73446,5,5,2,22,1,662.0,200.0422393,461.9577607,0.01943004,0.78255338,-0.62228023,141.49495877,-0.78255338,827.96424864,-128.87269345,-34.57460561,34.57460561
73531,5,5,2,22,1,662.0,195.56449489,466.43550511,0.21481872,0.84104149,-0.49648981,147.25026204,-0.84104149,833.22154906,-130.55415084,-35.02571534,35.02571534
73672,5,5,2,22,1,662.0,202.65991226,459.34008774,0.46704919,0.74955856,0.46907038,138.5521533,-0.74955856,824.88658888,-127.89171123,-34.31142283,34.31142283
73686,5,5,2,22,1,662.0,244.1402845,417.8597155,0.0868722,0.32115278,-0.94303452,108.73265432,-0.32115278,775.66646192,-112.55213386,-30.19604491,30.19604491
73727,5,5,2,22,1,662.0,215.12441384,446.87558616,-0.64492537,0.60346289,0.46893902,127.11831352,-0.60346289,810.18742546,-123.24112239,-33.06373978,33.06373978
73754,5,5,2,22,1,662.0,205.84604826,456.15395174,-0.69156407,0.71053077,0.12994287,135.27811696,-0.71053077,821.13626881,-126.69969722,-33.9916234,33.9916234
73798,5,5,2,22,1,662.0,253.32118048,408.67881952,-0.81340312,0.24529605,-0.52745163,104.19933017,-0.24529605,764.6484422,-109.21194459,-29.29992236,29.29992236
73804,5,5,2,22,1,662.0,194.50223355,467.49776645,0.17825504,0.85531191,0.486484,148.79420999,-0.85531191,834.46741087,-130.95367155,-35.13290074,35.13290074
73835,5,5,2,22,1,662.0,190.48715697,471.51284303,-0.18634814,0.91068815,0.36867528,155.60062307,-0.91068815,839.17188872,-132.46590849,-35.53861117,35.53861117
73846,5,5,2,22,1,662.0,187.25268697,474.74731303,-0.25977178,0.95702531,-0.12892319,163.14177928,-0.95702531,842.95654111,-133.68659313,-35.8661025,35.8661025
73886,5,5,2,22,1,662.0,187.78450637,474.21549363,-0.06491522,0.94929679,-0.30760629,161.67653147,-0.94929679,842.33457432,-133.48573564,-35.81221545,35.81221545
73947,8,8,2,22,1,662.0,127.97818238,534.02181762,-0.9380763,0.31783088,-0.13782735,108.53179616,-0.31783088,713.07549994,26.14984598,7.01561042,7.01561042
74097,5,5,2,22,1,662.0,187.30518208,474.69481792,0.26026547,0.95626048,0.1335207,162.99132596,-0.95626048,842.89515318,-133.66676418,-35.86078269,35.86078269
74143,5,5,2,22,1,662.0,204.28712052,457.71287948,-0.666653,0.72947437,-0.1531043,136.84234675,-0.72947437,822.97183734,-127.28265581,-34.14802242,34.14802242
74160,5,5,2,22,1,662.0,205.76129805,456.23870195,0.55957431,0.71155325,0.42493359,135.36143319,-0.71155325,821.23608783,-126.73137581,-34.00012229,34.00012229
74163,5,5,2,22,1,662.0,195.79556949,466.20443051,0.07491496,0.83795774,0.54056876,146.92508579,-0.83795774,832.95046833,-130.46727445,-35.00240771,35.00240771
74208,5,5,2,22,1,662.0,191.26900193,470.73099807,-0.41869896,0.89972261,-0.12324939,154.12162889,-0.89972261,838.25636077,-132.17116906,-35.45953701,35.45953701
74235,5,5,2,22,1,662.0,192.27843894,469.72156106,-0.054193,0.88569692,0.4610901,152.33740719,-0.88569692,837.07392525,-131.79082174,-35.35749554,35.35749554
74250,5,5,2,22,1,662.0,212.55408423,449.44591577,-0.50100102,0.6321872,0.59104765,129.2116753,-0.6321872,813.22467826,-124.19732013,-33.32027326,33.32027326
74300,5,5,2,22,1,662.0,200.22616646,461.77383354,-0.62516455,0.78020687,0.02113114,141.27951981,-0.78020687,827.74810453,-128.80371789,-34.5561005,34.5561005
74357,5,5,2,22,1,662.0,197.71124775,464.28875225,-0.07725664,0.8126701,-0.57758006,144.35763339,-0.8126701,830.70219581,-129.74748015,-34.80929772,34.80929772
74461,5,5,2,22,1,662.0,184.75398476,477.24601524,0.08233923,0.99393263,0.0729258,173.68522945,-0.99393263,845.87714607,-134.63108663,-36.1194959,36.1194959
74522,5,5,2,22,1,662.0,211.55329386,450.44670614,0.57943263,0.64356017,-0.50008813,130.05780766,-0.64356017,814.40640148,-124.57002593,-33.42026462,33.42026462
74726,6,6,2,22,1,662.0,195.17329203,466.82670797,0.58603767,0.80896391,0.0462303,143.9948256,-0.80896391,827.87711846,-125.79380627,-33.74858648,33.74858648
74729,5,5,2,22,1,662.0,235.28467178,426.71532822,-0.17548723,0.39993088,-0.89958853,113.57385745,-0.39993088,786.24939208,-115.7934384,-31.06563817,31.06563817
74814,5,5,2,22,1,662.0,190.5695283,471.4304717,-0.32003163,0.90952864,-0.26521202,155.44029368,-0.90952864,839.07544596,-132.43485017,-35.53027869,35.53027869
74851,5,5,2,22,1,662.0,187.38086496,474.61913504,-0.24913644,0.95515858,0.16000974,162.77680674,-0.95515858,842.80664728,-133.63817751,-35.85311332,35.85311332
74986,5,5,2,22,1,662.0,189.5326207,472.4673793,0.17842949,0.92419838,0.33766887,157.54778677,-0.92419838,840.28926934,-132.82592238,-35.63519748,35.63519748
75017,5,5,2,22,1,662.0,271.03146942,390.96853058,-0.87570428,0.11348422,-0.46932223,96.51620489,-0.11348422,743.25323937,-102.82870729,-27.58739578,27.58739578
75040,5,5,2,22,1,662.0,192.64586682,469.35413318,0.42739568,0.88062816,-0.20451643,151.71823127,-0.88062816,836.64341464,-131.65243118,-35.32036744,35.32036744
75054,5,5,2,22,1,662.0,198.03373179,463.96626821,0.10104757,0.8084613,-0.57981007,143.94586772,-0.8084613,830.32355905,-129.62638736,-34.77681035,34.77681035
75291,5,5,2,22,1,662.0,200.93227901,461.06772099,-0.11014428,0.77123829,-0.62694476,140.46521709,-0.77123829,826.91816346,-128.53898221,-34.4850759,34.4850759
75311,5,5,2,22,1,662.0,226.06696985,435.93303015,0.78386499,0.48848563,-0.38332422,119.2410952,-0.48848563,797.2203041,-119.18703994,-31.97609043,31.97609043
75512,5,5,2,22,1,662.0,186.64441575,475.35558425,0.25266122,0.96591884,0.05624153,164.99845256,-0.96591884,843.66776772,-133.91639686,-35.92775538,35.92775538
75538,5,5,2,22,1,662.0,209.04733211,452.95266789,-0.7264072,0.6725156,-0.1416169,132.26151808,-0.6725156,817.36329652,-125.5042481,-33.67090238,33.67090238
75564,5,5,2,22,1,662.0,197.29529534,464.70470466,-0.40101717,0.81811908,0.41214852,144.89694721,-0.81811908,831.19050622,-129.9037031,-34.85120999,34.85120999
75704,5,5,2,22,1,662.0,203.36980229,458.63019771,0.53313969,0.74075706,-0.40870656,137.79594523,-0.74075706,824.05140646,-127.62593255,-34.24011841,34.24011841
75855,5,5,2,22,1,662.0,194.17976212,467.82023788,0.46321435,0.85967488,0.215387,149.28009813,-0.85967488,834.84551758,-131.07500161,-35.16545177,35.16545177
75864,5,5,2,22,1,662.0,184.42528743,477.57471257,-0.04111772,0.99886212,-0.02416184,177.26645231,-0.99886212,846.26114245,-134.75542804,-36.15285483,36.15285483
75909,5,5,2,22,1,662.0,193.14047881,468.85952119,-0.41205219,0.87383532,-0.25811785,150.90743418,-0.87383532,836.06378892,-131.46618201,-35.27039959,35.27039959
75954,5,5,2,22,1,662.0,199.37021551,462.62978449,0.41909384,0.79116377,0.44544387,142.29440076,-0.79116377,828.75385291,-129.12477463,-34.6422352,34.6422352
75976,5,5,2,22,1,662.0,185.42731538,476.57268462,0.16792335,0.98388923,-0.06134923,169.70134413,-0.98388923,845.09039072,-134.37644499,-36.05117938,36.05117938
76010,5,5,2,22,1,662.0,207.11962741,454.88037259,0.16533452,0.69526629,0.69947786,134.04844087,-0.69526629,819.63583531,-126.22383796,-33.86395752,33.86395752
76029,5,5,2,22,1,662.0,210.29259035,451.70740965,0.21035081,0.65804086,-0.72300399,131.15062809,-0.65804086,815.89433867,-125.0398425,-33.54630934,33.54630934
76038,5,5,2,22,1,662.0,195.81443145,466.18556855,0.4848083,0.83770634,-0.25141399,146.89870144,-0.83770634,832.92833971,-130.46018347,-35.00050531,35.00050531
76055,5,5,2,22,1,662.0,240.4579808,421.5420192,-0.18123869,0.35320521,-0.91782276,110.68348563,-0.35320521,780.07223936,-113.8976277,-30.55702067,30.55702067
76123,5,5,2,22,1,662.0,185.60281183,476.39718817,-0.19240924,0.9812835,-0.0078345,168.89727261,-0.9812835,844.88529912,-134.31009072,-36.03337753,36.03337753
76258,5,5,2,22,1,662.0,245.23204416,416.76795584,0.17724524,0.31183461,-0.93345771,108.16982767,-0.31183461,774.35874847,-112.15384394,-30.08918971,30.08918971
76320,5,5,2,22,1,662.0,239.91913544,422.08086456,-0.79645235,0.35797808,0.48735547,110.97607485,-0.35797808,780.71632471,-114.09479375,-30.60991735,30.60991735
76337,5,5,2,22,1,662.0,191.67795553,470.32204447,0.43190367,0.89402257,-0.11909179,153.38315723,-0.89402257,837.77737477,-132.01705303,-35.41819,35.41819
76409,5,5,2,22,1,662.0,201.98217509,460.01782491,0.50748018,0.75801914,0.40972044,139.28987975,-0.75801914,825.68372484,-128.14555382,-34.37952498,34.37952498
76421,6,6,2,22,1,662.0,161.58913773,500.41086227,0.15571688,0.9001162,-0.40686986,154.17334531,-0.9001162,810.51189139,-89.76402838,-24.0823389,24.0823389
76573,6,6,2,22,1,662.0,210.43810348,451.56189652,0.35422035,0.88440896,0.30388934,152.17887531,-0.88440896,853.78115657,-156.62444821,-42.01998407,42.01998407
76701,5,5,2,22,1,662.0,208.11692141,453.88307859,-0.20916867,0.68344365,0.69939492,133.11333148,-0.68344365,818.46036305,-125.85145773,-33.7640535,33.7640535
76712,5,5,2,22,1,662.0,209.90715033,452.09284967,0.50451338,0.66250282,-0.55367523,131.49103232,-0.66250282,816.34909906,-125.18355162,-33.58486433,33.58486433
76713,5,5,2,22,1,662.0,200.00632552,461.99367448,0.17763629,0.78301207,0.59610188,141.53719081,-0.78301207,828.00645132,-128.88616252,-34.57821916,34.57821916
76714,5,5,2,22,1,662.0,195.6453083,466.3546917,-0.27684249,0.83996218,0.46671379,147.13612642,-0.83996218,833.1267471,-130.52376639,-35.01756365,35.01756365
76739,5,5,2,22,1,662.0,233.57667651,428.42332349,0.86976616,0.41581209,0.26572002,114.57046786,-0.41581209,788.2856378,-116.42074988,-31.23393641,31.23393641
76774,5,5,2,22,1,662.0,195.12193779,466.87806221,-0.52939901,0.84696792,-0.04880605,147.883399,-0.84696792,833.74065918,-130.72056927,-35.0703629,35.0703629
76853,5,5,2,22,1,662.0,227.38336775,434.61663225,0.85244471,0.4753995,-0.21756224,118.38536464,-0.4753995,795.65624972,-118.70117882,-31.8457412,31.8457412
76865,5,5,2,22,1,662.0,218.41468645,443.58531355,0.19162088,0.5676796,0.80063807,124.58857489,-0.5676796,806.29470657,-122.01925784,-32.7359319,32.7359319
76895,5,5,2,22,1,662.0,208.8911104,453.1088896,-0.04786298,0.67434369,0.7368648,132.40320433,-0.67434369,817.54752965,-125.56253344,-33.68653946,33.68653946
76904,6,6,2,22,1,662.0,159.50305263,502.49694737,-0.67620787,0.62401001,-0.39160493,128.60956176,-0.62401001,771.66374285,-53.07561265,-14.2393887,14.2393887
76913,5,5,2,22,1,662.0,198.31937165,463.68062835,-0.50491122,0.8047448,0.31217058,143.58561635,-0.8047448,829.98814236,-129.51914811,-34.74803967,34.74803967
76935,5,5,2,22,1,662.0,205.37224488,456.62775512,0.66279316,0.71625786,0.21835728,135.74638054,-0.71625786,821.69427224,-126.87681924,-34.03914257,34.03914257
76947,5,5,2,22,1,662.0,266.42893733,395.57106267,0.25488557,0.14605406,0.95587737,98.39832249,-0.14605406,748.83190992,-104.47979126,-28.03035678,28.03035678
76959,5,5,2,22,1,662.0,187.49267641,474.50732359,-0.28342809,0.9535323,-0.10219921,162.46485057,-0.9535323,842.67588693,-133.59594668,-35.84178342,35.84178342
77145,5,5,2,22,1,662.0,199.2401827,462.7598173,-0.26403298,0.79283654,0.54926934,142.45138593,-0.79283654,828.90661293,-129.1735621,-34.65532414,34.65532414
77220,5,5,2,22,1,662.0,219.00662324,442.99337676,-0.07470987,0.56135611,0.82419521,124.14963406,-0.56135611,805.59381649,-121.79969738,-32.67702713,32.67702713
77271,5,5,2,22,1,662.0,198.92567338,463.07432662,0.56838959,0.79689149,-0.20468812,142.83427822,-0.79689149,829.27606035,-129.29157896,-34.68698629,34.68698629
77275,5,5,2,22,1,662.0,184.88774628,477.11225372,-0.11567703,0.99193162,-0.05186983,172.71678484,-0.99193162,845.72086758,-134.58049297,-36.10592238,36.10592238
77357,5,5,2,22,1,662.0,186.65318574,475.34681426,-0.09862079,0.9657902,0.23984002,164.97000474,-0.9657902,843.65751448,-133.91308303,-35.92686633,35.92686633
77403,5,5,2,22,1,662.0,210.73268581,451.26731419,0.7018202,0.65296615,0.28475186,130.76561204,-0.65296615,815.37500587,-124.87579557,-33.50229801,33.50229801
77420,5,5,2,22,1,662.0,260.53798913,401.46201087,0.53368111,0.1894204,0.82419924,100.91896137,-0.1894204,755.95307135,-106.60110865,-28.59947434,28.59947434
77468,5,5,2,22,1,662.0,211.73962176,450.26037824,0.54951878,0.6414346,0.53534173,129.89887723,-0.6414346,814.18642411,-124.50061843,-33.40164363,33.40164363
77472,5,5,2,22,1,662.0,194.28130522,467.71869478,-0.48966231,0.85829946,0.15346941,149.12617931,-0.85829946,834.72646052,-131.03679359,-35.15520113,35.15520113
77476,5,5,2,22,1,662.0,261.06042359,400.93957641,-0.59641051,0.1854954,-0.78095196,100.69001666,-0.1854954,755.32239275,-106.41262025,-28.54890573,28.54890573
77613,5,5,2,22,1,662.0,228.0753743,433.9246257,-0.42447482,0.46858093,0.77475999,117.94222124,-0.46858093,794.83369474,-118.44593157,-31.7772622,31.7772622
77700,5,5,2,22,1,662.0,187.27820174,474.72179826,-0.28292955,0.95665352,0.0690284,163.06848019,-0.95665352,842.92670421,-133.67695538,-35.86351683,35.86351683
77836,5,5,2,22,1,662.0,191.08111821,470.91888179,0.13731095,0.90234953,-0.40854747,154.4686413,-0.90234953,838.47639431,-132.24198566,-35.47853604,35.47853604
77883,5,5,2,22,1,662.0,188.30635567,473.69364433,0.23894313,0.94175559,-0.23664868,160.34850582,-0.94175559,841.72414752,-133.28870075,-35.75935396,35.75935396
77901,5,5,2,22,1,662.0,188.1761698,473.8238302,0.19236739,0.94363298,0.26935403,160.67090205,-0.94363298,841.876442,-133.33784979,-35.7725399,35.7725399
77915,5,5,2,22,1,662.0,244.63619904,417.36380096,-0.89812057,0.31690984,0.30487308,108.47614767,-0.31690984,775.07253666,-112.37118093,-30.14749796,30.14749796
78323,5,5,2,22,1,662.0,226.94154705,435.05845295,-0.73824526,0.47977465,-0.47414156,118.67068536,-0.47977465,796.18129089,-118.86420293,-31.88947811,31.88947811
78347,5,5,2,22,1,662.0,190.28739655,471.71260345,-0.07927976,0.91350429,-0.39902961,155.99420143,-0.91350429,839.40576163,-132.54123458,-35.55882002,35.55882002
78356,5,5,2,22,1,662.0,192.85882327,469.14117673,0.43186206,0.87769921,0.2076999,151.36605441,-0.87769921,836.3938687,-131.57223481,-35.29885196,35.29885196
78397,5,5,2,22,1,662.0,212.08106406,449.91893594,-0.37941307,0.63754922,0.67050482,129.60931282,-0.63754922,813.7832762,-124.37345053,-33.36752639,33.36752639
78430,5,5,2,22,1,662.0,210.19467122,451.80532878,0.50689308,0.65917285,-0.55547328,131.23681979,-0.65917285,816.00987506,-125.07634798,-33.55610321,33.55610321
78456,5,5,2,22,1,662.0,261.69567118,400.30432882,0.80633051,0.18074396,-0.56317202,100.41309625,-0.18074396,754.55530417,-106.18352433,-28.48744274,28.48744274
78466,5,5,2,22,1,662.0,192.7199512,469.2800488,-0.47504977,0.87960849,0.02483192,151.59517185,-0.87960849,836.55660361,-131.62453098,-35.31288223,35.31288223
78573,5,5,2,22,1,662.0,213.25833996,448.74166004,0.56654753,0.62424804,-0.53790175,128.62701654,-0.62424804,812.39280878,-123.93518075,-33.2499452,33.2499452
78640,5,5,2,22,1,662.0,190.58033786,471.41966214,-0.36591197,0.90937655,-0.19784521,155.41933679,-0.90937655,839.06278958,-132.4307745,-35.52918525,35.52918525
78655,5,5,2,22,1,662.0,203.41632307,458.58367693,0.57984658,0.74018242,-0.34045254,137.74695719,-0.74018242,823.99666677,-127.60851925,-34.23544668,34.23544668
78656,5,5,2,22,1,662.0,229.797949,432.202051,0.39415845,0.45178619,-0.80033016,116.85834165,-0.45178619,792.78506975,-117.81104225,-31.60693094,31.60693094
78707,6,6,2,22,1,662.0,186.2839157,475.7160843,-0.24937977,0.96529927,-0.07750518,164.86191723,-0.96529927,843.22417924,-133.32467441,-35.76900515,35.76900515
78754,6,6,2,22,1,662.0,178.91566708,483.08433292,0.37185442,0.78101064,0.50174362,141.35320232,-0.78101064,809.48379184,-99.78693992,-26.77133534,26.77133534
78893,5,5,2,22,1,662.0,190.92811383,471.07188617,0.07398605,0.90449259,0.42002287,154.75503049,-0.90449259,838.65556856,-132.2996611,-35.49400949,35.49400949
78957,5,5,2,22,1,662.0,198.34117588,463.65882412,-0.1349844,0.80446154,-0.57846421,143.55828532,-0.80446154,829.9625369,-129.51096275,-34.74584366,34.74584366
79046,7,7,2,22,1,662.0,152.26197014,509.73802986,-0.62033584,0.47800463,-0.62184806,118.55516233,-0.47800463,746.85405471,-24.66259123,-6.61660234,6.61660234
79052,5,5,2,22,1,662.0,240.01953406,421.98046594,0.70454821,0.35708717,-0.6132704,110.92141629,-0.35708717,780.59632968,-114.05805213,-30.60006013,30.60006013
79081,5,5,2,22,1,662.0,202.38938338,459.61061662,-0.54951793,0.75292893,-0.3621161,138.84473198,-0.75292893,825.20480315,-127.99302437,-34.33860362,34.33860362
79098,6,6,2,22,1,662.0,211.72507074,450.27492926,0.84834689,0.03687815,-0.52815486,92.1134417,-0.03687815,702.431019,-23.65239991,-6.3455832,6.3455832
79116,5,5,2,22,1,662.0,238.09377942,423.90622058,-0.54837431,0.37430689,0.74778337,111.98148113,-0.37430689,782.89700291,-114.76321857,-30.78924568,30.78924568
79118,5,5,2,22,1,662.0,203.94784204,458.05215796,-0.62263627,0.73363555,0.27221858,137.19204704,-0.73363555,823.37117164,-127.40959854,-34.18207925,34.18207925
79141,5,5,2,22,1,662.0,190.63972644,471.36027356,0.37470841,0.90854127,-0.18478737,155.30453779,-0.90854127,838.99325355,-132.4083829,-35.52317791,35.52317791
79147,5,5,2,22,1,662.0,236.2464987,425.7535013,0.84388547,0.39108873,-0.36729678,113.02226025,-0.39108873,785.10202779,-115.44048372,-30.97094574,30.97094574
79163,6,6,2,22,1,662.0,153.77756606,508.22243394,0.51010811,0.84106906,0.1799793,147.25318285,-0.84106906,795.69746802,-71.46631584,-19.1733378,19.1733378
79221,11,11,2,22,1,662.0,180.31355404,481.68644596,-0.15934388,0.95610714,0.24590379,162.96131519,-0.95610714,836.07018478,-123.63184926,-33.16856593,33.16856593
79240,5,5,2,22,1,662.0,189.811633,472.188367,0.06358619,0.92023527,-0.38616557,156.96050097,-0.92023527,839.96269895,-132.72067012,-35.60695988,35.60695988
79247,5,5,2,22,1,662.0,197.87442504,464.12557496,-0.5632828,0.81053873,-0.16043521,144.1485999,-0.81053873,830.5106111,-129.68620428,-34.79285833,34.79285833
79260,5,5,2,22,1,662.0,189.97391607,472.02608393,-0.32396791,0.91793554,0.22899592,156.62611418,-0.91793554,839.7727387,-132.65945929,-35.59053794,35.59053794
79306,5,5,2,22,1,662.0,185.88623896,476.11376104,-0.19392206,0.97708562,0.0877378,167.7107758,-0.97708562,844.55404759,-134.20294188,-36.0046311,36.0046311
79518,5,5,2,22,1,662.0,231.10580676,430.89419324,0.55058077,0.43920205,-0.70990308,116.0529797,-0.43920205,791.22862177,-117.32946794,-31.47773179,31.47773179
79534,5,5,2,22,1,662.0,185.43622765,476.56377235,-0.12976204,0.98375679,0.12403386,169.65898342,-0.98375679,845.07997583,-134.37307516,-36.0502753,36.0502753
79579,5,5,2,22,1,662.0,188.22961979,473.77038021,0.29967581,0.94286187,-0.14562247,160.53786173,-0.94286187,841.81391585,-133.3176704,-35.76712608,35.76712608
79635,5,5,2,22,1,662.0,206.08149731,455.91850269,0.05003849,0.70769458,0.7047443,135.04764852,-0.70769458,820.85893851,-126.61169748,-33.96801439,33.96801439
79650,6,6,2,22,1,662.0,130.19378921,531.80621079,-0.58408935,0.1916513,-0.78873913,101.04916784,-0.1916513,698.73501249,39.55385716,10.61170505,10.61170505
79778,6,6,2,22,1,662.0,158.05073595,503.94926405,0.42720598,0.81478247,-0.39194972,144.56585859,-0.81478247,796.06830228,-74.54674034,-19.99976937,19.99976937
79814,5,5,2,22,1,662.0,220.13866815,441.86133185,0.30655958,0.54935753,-0.77732074,123.32294794,-0.54935753,804.25291699,-121.38002188,-32.5644345,32.5644345
79905,5,5,2,22,1,662.0,227.75833177,434.24166823,0.12203742,0.47169971,-0.8732733,118.14468535,-0.47169971,795.21057884,-118.56285919,-31.80863212,31.80863212
79940,5,5,2,22,1,662.0,217.50152336,444.49847664,0.37427904,0.57750214,-0.72553874,125.27504785,-0.57750214,807.37560643,-122.35812251,-32.82684419,32.82684419
79942,5,5,2,22,1,662.0,226.21287691,435.78712309,-0.13719241,0.48702769,-0.86254407,119.14540654,-0.48702769,797.04699136,-119.13316824,-31.96163746,31.96163746
79980,5,5,2,22,1,662.0,231.45716116,430.54283884,0.8607528,0.43584557,-0.26295105,115.83911094,-0.43584557,790.81033048,-117.20016188,-31.44304092,31.44304092
80062,5,5,2,22,1,662.0,211.02283886,450.97716114,0.61594442,0.649632,-0.44563521,130.51386169,-0.649632,815.03256096,-124.76766358,-33.47328783,33.47328783
80113,5,5,2,22,1,662.0,202.93202168,459.06797832,-0.44703719,0.74617756,-0.49333234,138.26034225,-0.74617756,824.56648113,-127.78982215,-34.28408752,34.28408752
80185,5,5,2,22,1,662.0,194.92569067,467.07430933,-0.07062965,0.84960454,0.52266966,148.16868306,-0.84960454,833.97082464,-130.79437899,-35.09016494,35.09016494
80199,5,5,2,22,1,662.0,195.85346941,466.14653059,0.51134516,0.83718619,-0.19402427,146.84416985,-0.83718619,832.88254036,-130.44550777,-34.99656804,34.99656804
80219,5,5,2,22,1,662.0,193.96870873,468.03129127,0.38228795,0.86253825,-0.3314871,149.60278281,-0.86253825,835.09295829,-131.15442247,-35.18675919,35.18675919
80242,5,5,2,22,1,662.0,216.85618517,445.14381483,-0.6101845,0.58449369,0.53482894,125.76722959,-0.58449369,808.13923567,-122.59771381,-32.89112294,32.89112294
80393,5,5,2,22,1,662.0,237.64164286,424.35835714,-0.67138146,0.37839027,0.63723444,112.23400764,-0.37839027,783.43687121,-114.92890927,-30.833698,30.833698
80420,5,5,2,22,1,662.0,237.89050884,424.10949116,0.83674442,0.37614077,-0.39796595,112.09483678,-0.37614077,783.13972949,-114.83770339,-30.80922884,30.80922884
80447,5,5,2,22,1,662.0,188.97604655,473.02395345,0.35760271,0.93213896,0.05689687,158.77073367,-0.93213896,840.94061013,-133.03592825,-35.6915389,35.6915389
80491,5,5,2,22,1,662.0,189.18221948,472.81778052,-0.35106878,0.92919207,-0.11555435,158.30922169,-0.92919207,840.69934847,-132.9581278,-35.67066621,35.67066621
80546,5,5,2,22,1,662.0,189.92017152,472.07982848,0.39433079,0.91869673,-0.02235079,156.73628966,-0.91869673,839.83565061,-132.67973035,-35.59597636,35.59597636
80612,5,5,2,22,1,662.0,186.35670485,475.64329515,-0.2126341,0.97014568,-0.11663661,165.96450781,-0.97014568,844.00412022,-134.02512019,-35.95692422,35.95692422
80651,5,5,2,22,1,662.0,222.01282357,439.98717643,-0.53735784,0.52976226,0.65620004,121.98939325,-0.52976226,802.03157704,-120.68586936,-32.37820382,32.37820382
80771,5,5,2,22,1,662.0,205.729963,456.270037,0.3139777,0.71193151,-0.62814929,135.39228654,-0.71193151,821.27299348,-126.74308887,-34.00326473,34.00326473
80813,5,5,2,22,1,662.0,186.77311064,475.22688936,-0.1999952,0.96403236,-0.17505295,164.58640294,-0.96403236,843.5173035,-133.86776978,-35.91470947,35.91470947
80823,5,5,2,22,1,662.0,189.77518052,472.22481948,-0.28911682,0.92075238,0.26196663,157.03632401,-0.92075238,840.00536677,-132.73442022,-35.61064883,35.61064883
80862,6,6,2,22,1,662.0,176.28334083,485.71665917,0.1015274,0.93368261,-0.34340787,159.01634383,-0.93368261,828.99972165,-115.10143359,-30.87998369,30.87998369
80865,5,5,2,22,1,662.0,198.15668281,463.84331719,-0.57684081,0.80686025,-0.12740174,143.79029431,-0.80686025,830.17918661,-129.58022508,-34.7644257,34.7644257
80913,6,6,2,22,1,662.0,176.02385906,485.97614094,0.31097911,0.90591901,0.28740694,154.94734358,-0.90591901,824.8380974,-111.3492887,-29.87333964,29.87333964
80939,6,6,2,22,1,662.0,200.95866883,461.04133117,-0.41217572,0.78514194,0.46223729,141.7338078,-0.78514194,829.17461074,-130.45882727,-35.00014146,35.00014146
80971,5,5,2,22,1,662.0,193.11327552,468.88672448,0.18796138,0.87420802,0.44769506,150.95138263,-0.87420802,836.09567075,-131.47642424,-35.27314742,35.27314742
81031,5,5,2,22,1,662.0,202.46078644,459.53921356,-0.12169937,0.75203848,0.64778652,138.7672676,-0.75203848,825.12081738,-127.96628237,-34.33142915,34.33142915
81032,5,5,2,22,1,662.0,202.19547162,459.80452838,0.07704078,0.75535032,0.65077693,139.05598964,-0.75535032,825.43287428,-128.06565411,-34.35808909,34.35808909
81213,5,5,2,22,1,662.0,191.66240828,470.33759172,-0.22122566,0.89423883,0.38909655,153.41082646,-0.89423883,837.7955858,-132.02291143,-35.41976172,35.41976172
81256,5,5,2,22,1,662.0,197.6990863,464.3009137,-0.04751033,0.81282909,-0.58056149,144.37326888,-0.81282909,830.71647395,-129.75204721,-34.810523,34.810523
81265,6,6,2,22,1,662.0,169.48976174,492.51023826,-0.00674441,0.94181065,0.3360762,160.35788936,-0.94181065,823.60019154,-106.22375626,-28.49823637,28.49823637
81290,5,5,2,22,1,662.0,256.82517457,405.17482543,-0.96353363,0.21777442,-0.15549032,102.57834732,-0.21777442,760.43042251,-107.94265394,-28.95939076,28.95939076
81484,5,5,2,22,1,662.0,184.52453938,477.47546062,-0.07162861,0.99737179,0.01090245,175.84507479,-0.99737179,846.14519756,-134.71788013,-36.14278129,36.14278129
81642,5,5,2,22,1,662.0,198.63265087,463.36734913,-0.40587798,0.80068097,-0.44065072,143.19517915,-0.80068097,829.62022692,-129.40155214,-34.71649044,34.71649044
81733,5,5,2,22,1,662.0,213.58062565,448.41937435,0.06307039,0.62063233,0.78156103,128.36232526,-0.62063233,812.01204322,-123.81525583,-33.21777115,33.21777115
81762,5,5,2,22,1,662.0,187.77115705,474.22884295,0.05937758,0.94949025,-0.30812753,161.71182218,-0.94949025,842.35018796,-133.49077669,-35.81356789,35.81356789
81826,5,5,2,22,1,662.0,204.99306867,457.00693133,0.69170858,0.72086022,0.04358651,136.12554726,-0.72086022,822.14075609,-127.01860202,-34.07718076,34.07718076
81838,5,5,2,22,1,662.0,203.71458157,458.28541843,-0.21981522,0.73650448,0.63972058,137.43449577,-0.73650448,823.6456904,-127.49688861,-34.20549786,34.20549786
81880,5,5,2,22,1,662.0,221.17110362,440.82889638,-0.61419564,0.5385218,0.57685179,122.5830679,-0.5385218,803.02944341,-120.99752784,-32.46181711,32.46181711
81911,5,5,2,22,1,662.0,194.10618344,467.89381656,0.4571731,0.86067242,-0.22413332,149.3921659,-0.86067242,834.9317841,-131.10268871,-35.1728798,35.1728798
81936,5,5,2,22,1,662.0,209.77806362,452.22193638,-0.46955214,0.66400083,0.58191382,131.60571701,-0.66400083,816.50138572,-125.2316882,-33.59777865,33.59777865
81991,5,5,2,22,1,662.0,186.94957035,475.05042965,-0.09555587,0.96144994,-0.25784315,164.03917594,-0.96144994,843.31098309,-133.80110044,-35.89682309,35.89682309
82026,5,5,2,22,1,662.0,186.01063734,475.98936266,0.0994044,0.97524718,0.1975138,167.22532425,-0.97524718,844.40864772,-134.15591865,-35.99201548,35.99201548
82102,5,5,2,22,1,662.0,219.03956503,442.96043497,-0.78506024,0.56100521,-0.26259012,124.12534334,-0.56100521,805.55480622,-121.78748099,-32.67374965,32.67374965
82116,5,5,2,22,1,662.0,218.81960487,443.18039513,-0.49421776,0.56335028,0.66210669,124.28780992,-0.56335028,805.8152768,-121.86905743,-32.69563539,32.69563539
82133,6,6,2,22,1,662.0,169.60289837,492.39710163,0.09163974,0.92863542,0.35949744,158.22309154,-0.92863542,821.911286,-104.82172902,-28.12209354,28.12209354
82208,5,5,2,22,1,662.0,184.73032747,477.26967253,-0.06267058,0.99428684,-0.0864065,173.87250564,-0.99428684,845.90478494,-134.6400351,-36.12189664,36.12189664
82216,5,5,2,22,1,662.0,190.56125155,471.43874845,-0.35789883,0.9096451,0.21084169,155.45635306,-0.9096451,839.08513675,-132.43797087,-35.53111592,35.53111592
82376,5,5,2,22,1,662.0,185.26323577,476.73676423,-0.16325358,0.98632992,-0.0223956,170.51539621,-0.98632992,845.28212812,-134.43848836,-36.06782468,36.06782468
82440,5,5,2,22,1,662.0,190.56822093,471.43177907,-0.09561452,0.90954703,-0.40445279,155.44282962,-0.90954703,839.07697669,-132.4353431,-35.53041093,35.53041093
82464,5,5,2,22,1,662.0,193.16869818,468.83130182,-0.21206779,0.87344881,-0.4383086,150.86192118,-0.87344881,836.03071592,-131.45555739,-35.26754916,35.26754916
82500,5,5,2,22,1,662.0,229.28678958,432.71321042,0.73881839,0.45674355,0.49551257,117.17717378,-0.45674355,793.39314354,-117.99936808,-31.65745593,31.65745593
82528,5,5,2,22,1,662.0,222.4409416,439.5590584,0.79673344,0.52533239,0.29873351,121.69062262,-0.52533239,801.52390186,-120.5274148,-32.33569284,32.33569284
82563,5,5,2,22,1,662.0,221.0117392,440.9882608,0.32582633,0.54018777,-0.77590874,122.69642213,-0.54018777,803.21833105,-121.05655292,-32.47765265,32.47765265
82592,5,5,2,22,1,662.0,197.22503666,464.77496334,-0.54483007,0.81904174,0.17980774,144.9889828,-0.81904174,831.27297915,-129.93009442,-34.85829039,34.85829039
82616,5,5,2,22,1,662.0,190.40531182,471.59468818,0.40298781,0.91184126,0.07839866,155.76105264,-0.91184126,839.26771245,-132.49676983,-35.5468908,35.5468908
82803,5,5,2,22,1,662.0,219.89900316,442.10099684,-0.8229227,0.55188744,0.13497586,123.49659574,-0.55188744,804.53685211,-121.46884702,-32.58826495,32.58826495
82848,5,5,2,22,1,662.0,260.98119913,401.01880087,-0.64623056,0.1860896,0.74010589,100.72466479,-0.1860896,755.41804249,-106.44119903,-28.55657299,28.55657299
82993,6,6,2,22,1,662.0,176.0347326,485.9652674,0.4098762,0.89684158,0.16636311,153.7459632,-0.89684158,823.56486144,-110.2539619,-29.57947993,29.57947993
83027,5,5,2,22,1,662.0,188.74492391,473.25507609,-0.02867849,0.93545013,-0.35229335,159.30098799,-0.93545013,841.21104552,-133.12315413,-35.71494029,35.71494029
83048,5,5,2,22,1,662.0,185.53743279,476.46256721,-0.04136963,0.98225366,-0.18293799,169.18973261,-0.98225366,844.96170502,-134.33480944,-36.04000919,36.04000919
83088,5,5,2,22,1,662.0,238.7401859,423.2598141,0.92543991,0.36849588,-0.08815763,111.62288402,-0.36849588,782.12497565,-114.52642039,-30.72571629,30.72571629
83124,5,5,2,22,1,662.0,224.587045,437.412955,-0.07841955,0.50338054,-0.86049893,120.22390801,-0.50338054,798.97758395,-119.73373439,-32.12276033,32.12276033
83135,5,5,2,22,1,662.0,207.90515833,454.09484167,-0.18448196,0.68594456,0.70387959,133.30993641,-0.68594456,818.70999962,-125.93050982,-33.78526199,33.78526199
83197,5,5,2,22,1,662.0,187.96490038,474.03509962,-0.03018491,0.94668519,-0.32074292,161.20638943,-0.94668519,842.12357412,-133.41761778,-35.79394046,35.79394046
83229,5,5,2,22,1,662.0,211.54380154,450.45619846,0.7192028,0.64366856,0.26160681,130.06592165,-0.64366856,814.4176076,-124.57356204,-33.4212133,33.4212133
83264,6,6,2,22,1,662.0,163.19026603,498.80973397,0.49720451,0.71671983,-0.48897889,135.78432375,-0.71671983,787.23081394,-69.83263635,-18.73504616,18.73504616
83313,5,5,2,22,1,662.0,208.24361635,453.75638365,-0.64950355,0.68194982,0.33628793,132.99619751,-0.68194982,818.3109987,-125.80416665,-33.75136601,33.75136601
83350,5,5,2,22,1,662.0,193.60822823,468.39177177,-0.31872959,0.86744333,0.38203864,150.16288335,-0.86744333,835.51554236,-131.29009554,-35.22315824,35.22315824
83390,5,5,2,22,1,662.0,208.19164116,453.80835884,0.09677704,0.68256243,-0.72439129,133.04420612,-0.68256243,818.3722747,-125.82356687,-33.7565708,33.7565708
83467,5,5,2,22,1,662.0,185.81584808,476.18415192,-0.16867946,0.978127,-0.12171614,167.99432304,-0.978127,844.63631921,-134.22955141,-36.01177004,36.01177004
83486,5,5,2,22,1,662.0,193.0513348,468.9486652,-0.48374401,0.87505702,-0.01633818,151.05172491,-0.87505702,836.16826304,-131.49974593,-35.27940428,35.27940428
83493,5,5,2,22,1,662.0,186.39427811,475.60572189,-0.04972717,0.96959294,0.2396179,165.83451327,-0.96959294,843.96019672,-134.01092063,-35.95311469,35.95311469
83625,5,5,2,22,1,662.0,196.64022063,465.35977937,-0.27035937,0.82674731,-0.49335048,145.76604358,-0.82674731,831.95937659,-130.14981012,-34.9172368,34.9172368
83823,6,6,2,22,1,662.0,177.63388336,484.36611664,-0.02395286,0.93944423,-0.3418637,159.95843119,-0.93944423,831.10956751,-117.74677471,-31.58968893,31.58968893
83839,5,5,2,22,1,662.0,196.76952029,465.23047971,0.28993893,0.82503971,0.48502052,145.59251706,-0.82503971,831.80763119,-130.10122589,-34.90420239,34.90420239
83872,5,5,2,22,1,662.0,210.96266475,451.03733525,-0.71496646,0.6503227,-0.25671646,130.56593679,-0.6503227,815.10358308,-124.79008726,-33.47930376,33.47930376
83913,5,5,2,22,1,662.0,190.072919,471.927081,0.27135258,0.91653449,-0.2938236,156.42459369,-0.91653449,839.65684524,-132.62211953,-35.58052024,35.58052024
83995,5,5,2,22,1,662.0,254.05129229,407.94870771,0.86905632,0.23949888,0.43287574,103.85696557,-0.23949888,763.7701474,-108.94721361,-29.22889901,29.22889901
84013,5,5,2,22,1,662.0,199.85384887,462.14615113,-0.57474966,0.78496132,-0.23129756,141.71710055,-0.78496132,828.1856217,-128.94335034,-34.59356179,34.59356179
84129,5,5,2,22,1,662.0,245.85178203,416.14821797,0.43298968,0.30658198,0.84765997,107.85336473,-0.30658198,773.61612631,-111.92788402,-30.02856806,30.02856806
84216,5,5,2,22,1,662.0,196.8427897,465.1572103,-0.23998968,0.82407306,-0.51313599,145.49462647,-0.82407306,831.72163924,-130.07369656,-34.89681668,34.89681668
84455,5,5,2,22,1,662.0,246.41054695,415.58945305,0.42439977,0.30186877,-0.85367446,107.5698804,-0.30186877,772.9463814,-111.72423577,-29.9739323,29.9739323
84502,5,5,2,22,1,662.0,246.78483109,415.21516891,-0.50302233,0.2987236,0.81100724,107.38095591,-0.2987236,772.49765952,-111.58786645,-29.93734646,29.93734646
84548,6,6,2,22,1,662.0,190.53431082,471.46568918,0.6211493,0.75177993,0.22136054,138.74479678,-0.75177993,814.98276782,-111.87903886,-30.01546364,30.01546364
84555,5,5,2,22,1,662.0,215.64973695,446.35026305,-0.79347969,0.5976765,-0.11477273,126.70366967,-0.5976765,809.56627469,-123.04587685,-33.01135834,33.01135834
84568,5,5,2,22,1,662.0,198.60638411,463.39361589,0.57651028,0.8010212,0.16124804,143.22773114,-0.8010212,829.65107636,-129.41141112,-34.71913546,34.71913546
84574,7,7,2,22,1,662.0,130.32407769,531.67592231,-0.81105681,0.43564564,-0.39038409,115.8263838,-0.43564564,728.28470971,8.9073504,2.38970816,2.38970816
84612,5,5,2,22,1,662.0,203.09709061,458.90290939,0.64205763,0.74413097,0.18447522,138.08450986,-0.74413097,824.3722783,-127.7280213,-34.26750728,34.26750728
84650,6,6,2,22,1,662.0,208.0206503,453.9793497,0.20043557,0.87837756,0.43391064,151.44726429,-0.87837756,850.55203198,-152.53144662,-40.92189329,40.92189329
84654,6,6,2,22,1,662.0,200.96259617,461.03740383,-0.48192739,0.44772894,-0.75318311,116.59806828,-0.44772894,773.14889193,-81.85938291,-21.9616414,21.9616414
84699,5,5,2,22,1,662.0,189.73895488,472.26104512,-0.20536518,0.92126647,0.33029264,157.11193952,-0.92126647,840.04776848,-132.74808504,-35.61431489,35.61431489
84706,5,5,2,22,1,662.0,208.73106959,453.26893041,-0.68591803,0.6762193,0.26878227,132.54890759,-0.6762193,817.73625457,-125.62224923,-33.70256031,33.70256031
84745,5,5,2,22,1,662.0,186.72547916,475.27452084,0.00294167,0.96473026,0.26322399,164.73757517,-0.96473026,843.5729929,-133.88576683,-35.91953781,35.91953781
84814,5,5,2,22,1,662.0,227.9468121,434.0531879,-0.86786801,0.46984457,-0.16140383,118.02420757,-0.46984457,794.98652927,-118.49334344,-31.78998209,31.78998209
85104,5,5,2,22,1,662.0,188.52820023,473.47179977,0.16359644,0.93856238,0.30386982,159.81151132,-0.93856238,841.46461148,-133.20495595,-35.73688649,35.73688649
85136,7,7,2,22,1,662.0,159.37026156,502.62973844,0.06158464,0.16255637,0.98477549,99.35530819,-0.16255637,705.65096607,11.15587417,2.99295327,2.99295327
85313,5,5,2,22,1,662.0,190.91757785,471.08242215,-0.05222076,0.90464029,0.42296446,154.77488015,-0.90464029,838.66790623,-132.30363285,-35.49507505,35.49507505
85438,6,6,2,22,1,662.0,177.93003402,484.06996598,-0.30836186,0.93718553,-0.16308358,159.58414992,-0.93718553,831.07440591,-117.89868725,-31.63044478,31.63044478
85441,5,5,2,22,1,662.0,209.84905964,452.15094036,0.13358646,0.66317671,0.73644505,131.54259928,-0.66317671,816.41763102,-125.20521325,-33.59067582,33.59067582
85490,6,6,2,22,1,662.0,183.04709323,478.95290677,0.26951172,0.93258981,0.24008265,158.84218659,-0.93258981,835.32474948,-124.66861931,-33.44671574,33.44671574
85528,5,5,2,22,1,662.0,207.05089576,454.94910424,-0.3096699,0.69608528,-0.64774211,134.11376316,-0.69608528,819.71682927,-126.24950975,-33.87084487,33.87084487
85584,5,5,2,22,1,662.0,184.47573391,477.52426609,0.02066214,0.99810443,0.05797083,176.471616,-0.99810443,846.20221203,-134.73634343,-36.14773472,36.14773472
85705,5,5,2,22,1,662.0,211.0096837,450.9903163,-0.53784299,0.64978296,0.53712849,130.52524027,-0.64978296,815.04808784,-124.77256574,-33.474603,33.474603
85782,5,5,2,22,1,662.0,245.07065124,416.92934876,0.93073801,0.31320687,0.18875437,108.25259819,-0.31320687,774.55210759,-112.21270412,-30.10498101,30.10498101
85809,5,5,2,22,1,662.0,204.62323108,457.37676892,-0.67043649,0.72536565,0.15607557,136.4992744,-0.72536565,822.57617854,-127.15692304,-34.11429021,34.11429021
85834,5,5,2,22,1,662.0,254.0843164,407.9156836,-0.87298728,0.23923745,0.42503959,103.84153838,-0.23923745,763.73041337,-108.93524257,-29.22568736,29.22568736
85852,5,5,2,22,1,662.0,239.98429972,422.01570028,-0.24231814,0.35739974,0.90196859,110.94059093,-0.35739974,780.6384419,-114.07094612,-30.60351939,30.60351939
85926,5,5,2,22,1,662.0,208.79138711,453.20861289,0.65504633,0.67551207,0.3385229,132.49392764,-0.67551207,817.66512777,-125.59974238,-33.69652206,33.69652206
85951,5,5,2,22,1,662.0,241.90735375,420.09264625,-0.03797453,0.34047276,-0.93948722,109.90567974,-0.34047276,778.33900076,-113.3676428,-30.41483369,30.41483369
86025,5,5,2,22,1,662.0,195.28460952,466.71539048,-0.15228031,0.8447864,-0.51297821,147.64905801,-0.8447864,833.54985894,-130.65939364,-35.0539504,35.0539504
86026,5,5,2,22,1,662.0,196.92764639,465.07235361,-0.55416147,0.82295445,0.12510408,145.3816487,-0.82295445,831.62204494,-130.041815,-34.88826334,34.88826334
86088,5,5,2,22,1,662.0,216.0685496,445.9314504,-0.07426341,0.59308347,0.80170877,126.37612712,-0.59308347,809.07096637,-122.89026216,-32.96960926,32.96960926
86089,6,6,2,22,1,662.0,209.69170494,452.30829506,0.24187973,0.89233252,0.38109955,153.16782992,-0.89233252,854.37375359,-156.66178423,-42.03000076,42.03000076
86099,5,5,2,22,1,662.0,191.7826806,470.2173194,-0.24645636,0.89256682,-0.37760262,153.1975854,-0.89256682,837.65470381,-131.97759255,-35.40760334,35.40760334
86101,5,5,2,22,1,662.0,202.70038033,459.29961967,0.33971707,0.74905516,0.56877823,138.50859927,-0.74905516,824.83898469,-127.87655729,-34.30735726,34.30735726
86114,5,5,2,22,1,662.0,203.02448154,458.97551846,0.49246563,0.74503079,-0.44989634,138.161744,-0.74503079,824.4577041,-127.75520499,-34.27480026,34.27480026
86151,5,5,2,22,1,662.0,203.3124476,458.6875524,-0.21927125,0.74146588,-0.63415177,137.85643634,-0.74146588,824.11889272,-127.64740176,-34.24587827,34.24587827
86439,5,5,2,22,1,662.0,194.05202755,467.94797245,0.32435454,0.86140711,-0.39086048,149.47494257,-0.86140711,834.99527701,-131.12306789,-35.17834723,35.17834723
86453,5,5,2,22,1,662.0,217.93425646,444.06574354,-0.30738994,0.57283714,-0.75984804,124.94830587,-0.57283714,806.86343728,-122.19751659,-32.78375604,32.78375604
86496,5,5,2,22,1,662.0,234.18707602,427.81292398,0.84955995,0.4101099,-0.33174955,114.21173847,-0.4101099,787.55810808,-116.19648342,-31.17376909,31.17376909
86525,6,6,2,22,1,662.0,231.96500281,430.03499719,0.70567262,0.56363085,-0.42935581,124.30726935,-0.56363085,815.57035773,-138.34443536,-37.11573152,37.11573152
86571,5,5,2,22,1,662.0,219.45632018,442.54367982,0.46732375,0.55657494,-0.6869009,123.81926141,-0.55657494,805.06123033,-121.63294941,-32.63229116,32.63229116
86587,5,5,2,22,1,662.0,227.06787382,434.93212618,-0.03633575,0.47852196,-0.87732346,118.58891321,-0.47852196,796.03117979,-118.81758594,-31.87697148,31.87697148
86737,5,5,2,22,1,662.0,203.62597874,458.37402126,-0.35268716,0.73759595,-0.57581593,137.5270279,-0.73759595,823.74995833,-127.5300484,-34.21439413,34.21439413
86747,5,5,2,22,1,662.0,211.40674032,450.59325968,0.63111699,0.64523464,0.43053874,130.18327038,-0.64523464,814.57940974,-124.62462281,-33.43491214,33.43491214
86920,5,5,2,22,1,662.0,226.78364165,435.21635835,-0.66162383,0.48134246,-0.57494638,118.77311671,-0.48134246,796.36891454,-118.92247823,-31.9051125,31.9051125
86997,5,5,2,22,1,662.0,203.68139046,458.31860954,0.55988348,0.73691324,-0.37879991,137.4691303,-0.73691324,823.68475017,-127.50931025,-34.2088304,34.2088304
87044,6,6,2,22,1,662.0,194.14434887,467.85565113,0.20507116,0.87999643,-0.42842982,151.64193256,-0.87999643,837.93590079,-133.65467344,-35.85753893,35.85753893
87131,5,5,2,22,1,662.0,208.41031246,453.58968754,0.71444924,0.67998712,-0.16486298,132.84263647,-0.67998712,818.11446417,-125.74194983,-33.73467418,33.73467418
87134,5,5,2,22,1,662.0,237.06965738,424.93034262,0.38803811,0.38357834,-0.83802988,112.55551044,-0.38357834,784.11968467,-115.13858997,-30.88995218,30.88995218
87144,5,5,2,22,1,662.0,196.95556972,465.04443028,0.35100057,0.82258657,-0.4473812,145.34456347,-0.82258657,831.58927127,-130.03132424,-34.88544883,34.88544883
87150,5,5,2,22,1,662.0,184.98152151,477.01847849,-0.04310391,0.99053052,0.13035088,172.1087808,-0.99053052,845.61130192,-134.54502583,-36.09640708,36.09640708
87287,5,5,2,22,1,662.0,184.95639434,477.04360566,0.1000966,0.9909058,-0.08992418,172.26697432,-0.9909058,845.64066052,-134.55452911,-36.09895667,36.09895667
87342,5,5,2,22,1,662.0,210.47743743,451.52256257,0.20209675,0.65590682,-0.72728478,130.98844532,-0.65590682,815.676222,-124.97093497,-33.52782248,33.52782248
87421,5,5,2,22,1,662.0,236.4494538,425.5505462,-0.89306209,0.38923214,-0.22569546,112.9067292,-0.38923214,784.85985876,-115.36603487,-30.95097223,30.95097223
87482,5,5,2,22,1,662.0,190.72147181,471.27852819,-0.10067001,0.9073924,0.40804973,155.14745188,-0.9073924,838.89753818,-132.3775632,-35.51490945,35.51490945
87561,5,5,2,22,1,662.0,210.01225895,451.98774105,-0.64033555,0.66128443,0.3907343,131.39790418,-0.66128443,816.225094,-125.14435921,-33.5743496,33.5743496
87642,6,6,2,22,1,662.0,169.9241156,492.0758844,0.47873502,0.2617877,0.83802147,105.17616461,-0.2617877,725.26897027,-15.93445076,-4.27497351,4.27497351
87694,6,6,2,22,1,662.0,172.70001217,489.29998783,0.11100614,0.89447149,0.43312629,153.4406253,-0.89447149,820.11859451,-105.18595886,-28.21981093,28.21981093
87696,5,5,2,22,1,662.0,225.1015954,436.8984046,-0.31707376,0.49817957,0.80702004,119.87963413,-0.49817957,798.3667284,-119.54359865,-32.07174977,32.07174977
87710,5,5,2,22,1,662.0,198.18342313,463.81657687,0.41266072,0.80651231,0.42337811,143.75656089,-0.80651231,830.1477865,-129.57018579,-34.76173231,34.76173231
87774,5,5,2,22,1,662.0,211.59431819,450.40568181,0.56767226,0.64309186,-0.51398548,130.02275969,-0.64309186,814.35796989,-124.55474363,-33.41616461,33.41616461
87798,5,5,2,22,1,662.0,191.23945295,470.76054705,0.31045904,0.90013541,-0.30556739,154.17587149,-0.90013541,838.29096708,-132.18230609,-35.46252491,35.46252491
87801,5,5,2,22,1,662.0,244.83072213,417.16927787,-0.55763956,0.31525024,-0.76789023,108.37592097,-0.31525024,774.8395311,-112.30021829,-30.12845975,30.12845975
87826,5,5,2,22,1,662.0,190.06684362,471.93315638,-0.24778652,0.91662043,-0.31370183,156.43690728,-0.91662043,839.66395725,-132.62441085,-35.58113497,35.58113497
87827,5,5,2,22,1,662.0,262.14020177,399.85979823,-0.97760901,0.17743271,-0.11312938,100.22025811,-0.17743271,754.0183687,-106.02327024,-28.44444898,28.44444898
87830,5,5,2,22,1,662.0,206.84778471,455.15221529,0.69053363,0.69850868,-0.18774699,134.30747746,-0.69850868,819.956164,-126.3253793,-33.89119953,33.89119953
87890,5,5,2,22,1,662.0,202.64754474,459.35245526,-0.48411074,0.74971244,-0.45118516,138.56547489,-0.74971244,824.90113713,-127.89634252,-34.31266534,34.31266534
87960,5,5,2,22,1,662.0,205.63059932,456.36940068,-0.57621509,0.71313174,-0.39927346,135.49029664,-0.71313174,821.39001849,-126.78023247,-34.01322979,34.01322979
87987,5,5,2,22,1,662.0,186.15155955,475.84844045,-0.19873906,0.97316751,0.11596458,166.69717005,-0.97316751,844.24392628,-134.1026532,-35.97772516,35.97772516
87994,5,5,2,22,1,662.0,246.52126327,415.47873673,-0.34863746,0.30093741,-0.88763089,107.51391478,-0.30093741,772.81365404,-111.68389302,-29.96310895,29.96310895
88001,5,5,2,22,1,662.0,184.45246089,477.54753911,-0.02766068,0.99845393,0.04821439,176.81354656,-0.99845393,846.22939917,-134.74514787,-36.15009682,36.15009682
88088,5,5,2,22,1,662.0,207.70233962,454.29766038,-0.61567325,0.68834461,-0.38357286,133.49921292,-0.68834461,818.94907215,-126.00623218,-33.80557716,33.80557716
88095,5,5,2,22,1,662.0,222.30800184,439.69199816,-0.80030367,0.52670614,-0.28652169,121.7831707,-0.52670614,801.68155576,-120.57661383,-32.3488922,32.3488922
88101,5,5,2,22,1,662.0,199.63799403,462.36200597,-0.61602484,0.78772588,0.00115625,141.97349602,-0.78772588,828.43924745,-129.02431728,-34.615284,34.615284
88111,5,5,2,22,1,662.0,206.77315492,455.22684508,0.36605067,0.69940032,0.61387792,134.37891113,-0.69940032,820.04409867,-126.35325858,-33.89867912,33.89867912
88229,5,5,2,22,1,662.0,216.15320222,445.84679778,-0.48658406,0.59215726,-0.64232836,126.31024401,-0.59215726,808.97084154,-122.85881328,-32.961172,32.961172
88381,5,5,2,22,1,662.0,225.54157932,436.45842068,0.83054993,0.49375112,-0.25767548,119.58743146,-0.49375112,797.84428772,-119.38106498,-32.02814443,32.02814443
88399,5,5,2,22,1,662.0,191.91924159,470.08075841,-0.09565301,0.8906709,0.44447255,152.95767355,-0.8906709,837.49473415,-131.92613973,-35.39379933,35.39379933
88439,5,5,2,22,1,662.0,188.70617875,473.29382125,0.31346533,0.936006,0.16010078,159.39128364,-0.936006,841.25637874,-133.13777768,-35.71886357,35.71886357
88548,5,5,2,22,1,662.0,223.90210592,438.09789408,0.65988168,0.51034086,0.55146022,120.68653687,-0.51034086,799.79050851,-119.98692639,-32.19068793,32.19068793
88563,5,5,2,22,1,662.0,228.69586849,433.30413151,-0.48221702,0.46250209,-0.74401516,117.54868102,-0.46250209,794.09593135,-118.21715637,-31.71588525,31.71588525
88625,5,5,2,22,1,662.0,190.51967718,471.48032282,-0.28647502,0.91023026,0.29901997,155.53719063,-0.91023026,839.13381346,-132.45364649,-35.53532146,35.53532146
88718,5,5,2,22,1,662.0,190.7741606,471.2258394,-0.41601347,0.90665242,0.0701012,155.04676438,-0.90665242,838.83584348,-132.35769917,-35.50958023,35.50958023
88771,5,5,2,22,1,662.0,187.51711961,474.48288039,0.23505499,0.95317703,0.19027007,162.39741619,-0.95317703,842.64730058,-133.5867149,-35.83930667,35.83930667
88887,5,5,2,22,1,662.0,212.67302247,449.32697753,0.08823529,0.63084271,-0.77087743,129.11232322,-0.63084271,813.08420489,-124.15304097,-33.30839382,33.30839382
89015,5,5,2,22,1,662.0,199.99309624,462.00690376,-0.37627553,0.78318107,-0.49501933,141.5527612,-0.78318107,828.02199705,-128.8911241,-34.57955027,34.57955027
89069,5,5,2,22,1,662.0,234.2404569,427.7595431,-0.84245631,0.40961264,-0.34997837,114.1805037,-0.40961264,787.49447442,-116.17687497,-31.16850844,31.16850844
89192,5,5,2,22,1,662.0,189.9433467,472.0566533,-0.26673656,0.91836844,-0.29232005,156.68871296,-0.91836844,839.80852253,-132.6709892,-35.59363124,35.59363124
89249,5,5,2,22,1,662.0,204.34749404,457.65250596,0.68035578,0.72873535,-0.07785116,136.78047853,-0.72873535,822.90077143,-127.26006938,-34.14196282,34.14196282
89276,5,5,2,22,1,662.0,187.92417368,474.07582632,0.25992673,0.94727436,0.18737497,161.31145553,-0.94727436,842.17121188,-133.43299584,-35.79806616,35.79806616
89302,5,5,2,22,1,662.0,234.00488618,427.99511382,0.56280497,0.41180875,-0.71670365,114.31850844,-0.41180875,787.77527935,-116.26341244,-31.19172514,31.19172514
89319,5,5,2,22,1,662.0,209.34027072,452.65972928,-0.30011995,0.66909502,0.67988224,131.99725664,-0.66909502,817.01780093,-125.39496905,-33.64158445,33.64158445
89428,5,5,2,22,1,662.0,228.62797948,433.37202052,-0.22873539,0.46316558,0.85624633,117.59156574,-0.46316558,794.17666069,-118.24218257,-31.72259941,31.72259941
89441,5,5,2,22,1,662.0,190.73197361,471.26802639,-0.38301975,0.90724488,0.17378895,155.12734819,-0.90724488,838.88524144,-132.3736039,-35.51384723,35.51384723
89447,5,5,2,22,1,662.0,190.40936428,471.59063572,0.28833329,0.91178414,0.29242708,155.75308245,-0.91178414,839.26296793,-132.49524174,-35.54648084,35.54648084
89517,5,5,2,22,1,662.0,245.09886892,416.90113108,0.26226539,0.31296682,0.91283549,108.23811603,-0.31296682,774.51830206,-112.20241264,-30.10221996,30.10221996
89562,5,5,2,22,1,662.0,195.68953065,466.31046935,0.17378205,0.83937195,0.51502867,147.07385817,-0.83937195,833.07486875,-130.50714013,-35.01310307,35.01310307
89814,5,5,2,22,1,662.0,229.61139505,432.38860495,-0.76920756,0.45359288,0.45008136,116.97443418,-0.45359288,793.00700964,-117.87976702,-31.62536876,31.62536876
89831,5,5,2,22,1,662.0,211.48632665,450.51367335,-0.14958961,0.64432503,-0.7499788,130.11508718,-0.64432503,814.48545838,-124.59497322,-33.4269576,33.4269576
90094,5,5,2,22,1,662.0,191.32397285,470.67602715,0.42306708,0.898955,0.11355242,154.02104462,-0.898955,838.19198052,-132.15045098,-35.45397866,35.45397866
90139,5,5,2,22,1,662.0,249.83601757,412.16398243,-0.78704967,0.27343556,-0.55297903,105.86880547,-0.27343556,768.83667963,-110.47746186,-29.63944161,29.63944161
90283,5,5,2,22,1,662.0,200.92639518,461.07360482,0.54605851,0.77131277,-0.32695065,140.47192082,-0.77131277,826.92508007,-128.54118774,-34.48566761,34.48566761
90328,5,5,2,22,1,662.0,200.34620184,461.65379816,0.38965924,0.7786778,0.49175865,141.13967462,-0.7786778,827.60703517,-128.75870666,-34.54402467,34.54402467
90348,5,5,2,22,1,662.0,188.72806528,473.27193472,0.30399125,0.93569197,0.1790806,159.34022614,-0.93569197,841.23077081,-133.12951704,-35.71664736,35.71664736
90394,5,5,2,22,1,662.0,243.97475291,418.02524709,0.8995534,0.32257287,0.29453426,108.81859272,-0.32257287,775.86467792,-112.61254758,-30.212253,30.212253
90409,5,5,2,22,1,662.0,224.65496389,437.34503611,0.32050135,0.50269267,-0.80285675,120.17830584,-0.50269267,798.89696087,-119.70863363,-32.11602617,32.11602617
90434,5,5,2,22,1,662.0,227.34315084,434.65684916,-0.15166229,0.47579705,0.86638082,118.41125837,-0.47579705,795.70404599,-118.71601629,-31.84972187,31.84972187
90476,5,5,2,22,1,662.0,191.33482239,470.66517761,0.23868718,0.89880355,0.36766916,154.00124202,-0.89880355,838.17927371,-132.14636195,-35.45288163,35.45288163
90545,5,5,2,22,1,662.0,261.71772831,400.28227169,-0.98135727,0.18057939,0.06579506,100.40350959,-0.18057939,754.52866485,-106.17557151,-28.48530912,28.48530912
90610,6,6,2,22,1,662.0,181.87969857,480.12030143,-0.25517147,0.77145467,-0.58287668,140.48469691,-0.77145467,810.61534414,-102.64688998,-27.53861693,27.53861693
90679,5,5,2,22,1,662.0,186.14954122,475.85045878,-0.17877487,0.97319727,-0.14466034,166.70458338,-0.97319727,844.24628554,-134.10341606,-35.97792982,35.97792982
90686,6,6,2,22,1,662.0,139.76396995,522.23603005,-0.31220906,0.55592633,-0.77037096,123.77454161,-0.55592633,748.76614652,-17.97992577,-4.82374369,4.82374369
90697,5,5,2,22,1,662.0,210.40145217,451.59854783,0.01799306,0.6567836,-0.75386441,131.05503104,-0.6567836,815.7658854,-124.99925994,-33.53542165,33.53542165
90759,5,5,2,22,1,662.0,195.45227152,466.54772848,0.37943812,0.84254177,0.38229581,147.40950541,-0.84254177,833.35319306,-130.5963472,-35.03703599,35.03703599
90785,5,5,2,22,1,662.0,198.56709559,463.43290441,-0.46950819,0.80153028,-0.37028538,143.27648312,-0.80153028,829.69721881,-129.42615796,-34.72309181,34.72309181
90827,5,5,2,22,1,662.0,186.32010888,475.67989112,-0.18459734,0.97068426,0.1539347,166.09231661,-0.97068426,844.04690069,-134.03895071,-35.96063474,35.96063474
90897,5,5,2,22,1,662.0,188.0790927,473.9209073,0.30689768,0.9450346,0.11279812,160.91500974,-0.9450346,841.99000023,-133.37450158,-35.78237303,35.78237303
90995,5,5,2,22,1,662.0,185.62231789,476.37768211,-0.03642416,0.98099418,-0.19058777,168.81151771,-0.98099418,844.8625028,-134.30271598,-36.03139899,36.03139899
91090,5,5,2,22,1,662.0,201.397143,460.602857,-0.13576867,0.76536823,0.62910917,139.93976241,-0.76536823,826.37165223,-128.36475404,-34.4383331,34.4383331
91211,5,5,2,22,1,662.0,213.62528899,448.37471101,0.28802647,0.62013211,0.72971016,128.32578284,-0.62013211,811.95927155,-123.7986381,-33.21331286,33.21331286
91309,5,5,2,22,1,662.0,217.60243537,444.39756463,-0.78349363,0.57641262,0.23213405,125.19861898,-0.57641262,807.25617849,-122.32066593,-32.81679516,32.81679516
91321,5,5,2,22,1,662.0,204.58992894,457.41007106,0.57981754,0.72577215,0.37022482,136.53311926,-0.72577215,822.61538313,-127.16937966,-34.11763213,34.11763213
91340,5,5,2,22,1,662.0,200.76359827,461.23640173,0.59574848,0.77337503,-0.21673674,140.65793849,-0.77337503,827.11644607,-128.60221423,-34.5020401,34.5020401
91370,5,5,2,22,1,662.0,190.34127851,471.65872149,-0.19533512,0.9127441,0.3588069,155.8873641,-0.9127441,839.34268014,-132.52091583,-35.55336881,35.55336881
91566,5,5,2,22,1,662.0,192.62335952,469.37664048,-0.43571328,0.8809381,0.18466726,151.75573368,-0.8809381,836.66978788,-131.66090767,-35.32264155,35.32264155
91571,5,5,2,22,1,662.0,206.40278133,455.59721867,-0.45637817,0.70383487,-0.54436701,134.73549202,-0.70383487,820.48046287,-126.49163622,-33.93580376,33.93580376
91595,7,7,2,22,1,662.0,139.26831152,522.73168848,-0.18173813,0.84917671,-0.49585297,148.12223656,-0.84917671,783.72215302,-51.0312406,-13.69091442,13.69091442
91654,5,5,2,22,1,662.0,197.2971161,464.7028839,-0.5511867,0.81809518,-0.16405334,144.89456576,-0.81809518,831.1883689,-129.90301918,-34.85102651,34.85102651
91775,5,5,2,22,1,662.0,271.12159166,390.87840834,-0.09583416,0.11285751,0.98897876,96.48006475,-0.11285751,743.14386986,-102.79643296,-27.57873706,27.57873706
91798,5,5,2,22,1,662.0,184.90613224,477.09386776,0.12890379,0.9916568,-0.00077091,172.59361557,-0.9916568,845.69938598,-134.57353899,-36.10405674,36.10405674
91861,5,5,2,22,1,662.0,194.4829792,467.5170208,-0.36996011,0.85557201,-0.36211332,148.82298533,-0.85557201,834.48998844,-130.96091539,-35.13484415,35.13484415
92060,5,5,2,22,1,662.0,198.72406994,463.27593006,0.13516294,0.7994975,-0.58526466,143.08214398,-0.7994975,829.51285581,-129.36724002,-34.70728502,34.70728502
92106,5,5,2,22,1,662.0,226.88084813,435.11915187,0.42688751,0.48037706,0.76616247,118.71003129,-0.48037706,796.25341505,-118.8866033,-31.8954878,31.8954878
92112,6,6,2,22,1,662.0,149.85318355,512.14681645,-0.59655099,0.57538609,-0.55951565,125.12667474,-0.57538609,758.19509858,-33.92646641,-9.10196074,9.10196074
92126,5,5,2,22,1,662.0,184.73962234,477.26037766,-0.0833812,0.99414766,-0.06868772,173.79824791,-0.99414766,845.89392576,-134.63651926,-36.12095339,36.12095339
92127,5,5,2,22,1,662.0,191.52691879,470.47308121,-0.16581922,0.8961249,-0.41166023,153.65328754,-0.8961249,837.95428485,-132.07396782,-35.43345938,35.43345938
92238,5,5,2,22,1,662.0,227.55439098,434.44560902,0.61839316,0.47371049,-0.62704726,118.27542362,-0.47371049,795.45298574,-118.63808641,-31.82881445,31.82881445
92269,5,5,2,22,1,662.0,198.079296,463.920704,0.42990133,0.80786774,-0.40315575,143.88812398,-0.80786774,830.27005712,-129.60927978,-34.77222064,34.77222064
92286,5,5,2,22,1,662.0,187.60108222,474.39891778,0.22985729,0.9519574,0.20234312,162.16779139,-0.9519574,842.5491042,-133.55500462,-35.83079928,35.83079928
92353,5,5,2,22,1,662.0,203.87553767,458.12446233,-0.51071637,0.73452414,-0.44681437,137.26702142,-0.73452414,823.45626768,-127.43665481,-34.18933804,34.18933804
92362,6,6,2,22,1,662.0,156.62654447,505.37345553,0.37293799,0.68441909,0.62648844,133.18993921,-0.68441909,777.62863111,-56.72027292,-15.21719624,15.21719624
92422,5,5,2,22,1,662.0,242.73732184,419.26267816,-0.85811518,0.33325012,-0.39061836,109.46616393,-0.33325012,777.34595669,-113.06438131,-30.33347319,30.33347319
92459,5,5,2,22,1,662.0,186.60088742,475.39911258,0.25251095,0.96655749,-0.04477548,165.14047586,-0.96655749,843.71865744,-133.93284472,-35.9321681,35.9321681
92483,5,5,2,22,1,662.0,186.04695778,475.95304222,-0.03014242,0.97471088,-0.2214275,167.08709301,-0.97471088,844.36619424,-134.14218995,-35.98833227,35.98833227
92485,5,5,2,22,1,662.0,196.8480487,465.1519513,-0.49881003,0.82400371,0.26871256,145.48761243,-0.82400371,831.71546697,-130.07172066,-34.89628658,34.89628658
92535,5,5,2,22,1,662.0,249.24238111,412.75761889,0.69175077,0.27830707,0.6663528,106.15919135,-0.27830707,769.54937375,-110.69332128,-29.69735344,29.69735344
92548,5,5,2,22,1,662.0,232.29282367,429.70717633,0.48438441,0.4279033,0.76306652,115.33457182,-0.4279033,789.81520297,-116.89273639,-31.36056329,31.36056329
92555,5,5,2,22,1,662.0,208.871141,453.128859,0.68427131,0.67457756,0.27697994,132.42135405,-0.67457756,817.57107883,-125.56998429,-33.68853841,33.68853841
92573,5,5,2,22,1,662.0,190.18961261,471.81038739,-0.17575432,0.91488496,-0.36345003,156.18939542,-0.91488496,839.52023741,-132.5781102,-35.5687132,35.5687132
92628,5,5,2,22,1,662.0,190.58487603,471.41512397,0.29115412,0.9093127,-0.29728721,155.41054419,-0.9093127,839.05747606,-132.42906342,-35.52872619,35.52872619
92720,5,5,2,22,1,662.0,209.3246241,452.6753759,0.27762129,0.66927748,-0.68919814,132.01132507,-0.66927748,817.0362558,-125.40080545,-33.64315027,33.64315027
92757,5,5,2,22,1,662.0,190.55612106,471.44387894,-0.39346783,0.9097173,0.13265558,155.46631342,-0.9097173,839.09114375,-132.43990531,-35.5316349,35.5316349
92915,5,5,2,22,1,662.0,186.63230408,475.36769592,-0.12847348,0.96609651,-0.22394665,165.03783136,-0.96609651,843.68192778,-133.92097341,-35.9289832,35.9289832
92964,6,6,2,22,1,662.0,213.97119939,448.02880061,0.72383676,0.62524979,0.29175855,128.70052336,-0.62524979,813.11721494,-124.9968438,-33.53477343,33.53477343
92993,5,5,2,22,1,662.0,273.86638396,388.13361604,0.52022595,0.09396774,-0.84884335,95.39190987,-0.09396774,739.81039014,-101.81450529,-27.31530064,27.31530064
93002,5,5,2,22,1,662.0,204.79656055,457.20343945,-0.42881764,0.72325209,0.54131492,136.3236361,-0.72325209,822.37211982,-127.09209329,-34.09689736,34.09689736
93049,5,5,2,22,1,662.0,250.07705608,411.92294392,-0.66493107,0.27146415,0.69582605,105.75141079,-0.27146415,768.5472415,-110.3898398,-29.61593393,29.61593393
93137,5,5,2,22,1,662.0,191.88921266,470.11078734,0.20220695,0.89108757,0.40629459,153.01023023,-0.89108757,837.52991122,-131.93745356,-35.39683466,35.39683466
93276,5,5,2,22,1,662.0,260.09255903,401.90744097,0.79124345,0.19277933,0.58031881,101.11502718,-0.19277933,756.49066063,-106.76186988,-28.64260416,28.64260416
93287,5,5,2,22,1,662.0,189.38837068,472.61162932,0.37652269,0.9262519,-0.01697286,157.85789452,-0.9262519,840.45809356,-132.88034441,-35.64979809,35.64979809
93340,5,5,2,22,1,662.0,194.48762867,467.51237133,0.43400397,0.8555092,-0.28239081,148.81603406,-0.8555092,834.4845365,-130.95916617,-35.13437486,35.13437486
93390,5,5,2,22,1,662.0,184.9532987,477.0467013,-0.1158026,0.99095205,-0.0678513,172.28668972,-0.99095205,845.64427746,-134.55569991,-36.09927078,36.09927078
93406,5,5,2,22,1,662.0,204.07704974,457.92295026,0.41450852,0.73204921,-0.5406354,137.05846292,-0.73204921,823.21909919,-127.36125189,-34.16910857,34.16910857
93477,5,5,2,22,1,662.0,214.65316435,447.34683565,0.09615049,0.60867776,0.78756997,127.493958,-0.60867776,810.74452338,-123.41632313,-33.11074351,33.11074351
93501,5,5,2,22,1,662.0,232.47055489,429.52944511,-0.48207387,0.42622148,0.7654672,115.22800364,-0.42622148,789.60350857,-116.82737338,-31.34302738,31.34302738
93616,5,5,2,22,1,662.0,194.73170614,467.26829386,0.42373244,0.85221599,0.30688553,148.45351675,-0.85221599,834.19831942,-130.86734576,-35.10974083,35.10974083
93739,5,5,2,22,1,662.0,227.28832424,434.71167576,-0.62324094,0.47633924,-0.62021905,118.44658355,-0.47633924,795.76920397,-118.73624439,-31.85514876,31.85514876
93783,5,5,2,22,1,662.0,200.48666923,461.51333077,-0.42599538,0.77689078,-0.46364712,140.976773,-0.77689078,827.44194505,-128.70603772,-34.52989438,34.52989438
93843,5,5,2,22,1,662.0,198.93350864,463.06649136,-0.6038983,0.79679031,-0.02078558,142.82468367,-0.79679031,829.26685699,-129.28863859,-34.68619743,34.68619743
93855,5,5,2,22,1,662.0,197.22156815,464.77843185,-0.51989594,0.8190873,-0.24249576,144.99353356,-0.8190873,831.2770506,-129.93139733,-34.85863994,34.85863994
93924,5,5,2,22,1,662.0,193.12572674,468.87427326,-0.48427269,0.87403742,-0.03922446,150.93125792,-0.87403742,836.08107816,-131.47173625,-35.27188971,35.27188971
93959,5,5,2,22,1,662.0,187.99980308,474.00019692,0.32339945,0.94618048,-0.01246182,161.11683242,-0.94618048,842.08274808,-133.4044391,-35.79040481,35.79040481
93966,5,5,2,22,1,662.0,198.83995838,463.16004162,0.59448277,0.79799883,-0.09893482,142.93942747,-0.79799883,829.37674009,-129.32374643,-34.69561634,34.69561634
94000,5,5,2,22,1,662.0,238.81002163,423.18997837,0.08507432,0.36786996,0.92597735,111.58431182,-0.36786996,782.0415546,-114.50084345,-30.71885438,30.71885438
94046,5,5,2,22,1,662.0,196.48914946,465.51085054,0.55961304,0.82874529,-0.00380691,145.97006359,-0.82874529,832.1366633,-130.20657947,-34.93246717,34.93246717
94088,5,5,2,22,1,662.0,189.42741759,472.57258241,0.16609566,0.92569573,-0.3398524,157.77349966,-0.92569573,840.41239559,-132.86561253,-35.64584575,35.64584575
94120,5,5,2,22,1,662.0,185.60306771,476.39693229,0.1581194,0.9812797,-0.10994726,168.89614334,-0.9812797,844.88500008,-134.30999398,-36.03335157,36.03335157
94188,5,5,2,22,1,662.0,191.23269498,470.76730502,-0.25316096,0.90022983,0.35425383,154.18829426,-0.90022983,838.29888163,-132.1848532,-35.46320826,35.46320826
94244,5,5,2,22,1,662.0,189.63185515,472.36814485,0.16920981,0.92278751,0.3461665,157.33706069,-0.92278751,840.17312415,-132.78848614,-35.6251539,35.6251539
94253,6,6,2,22,1,662.0,145.37613999,516.62386001,-0.16202648,0.60551816,-0.77916313,127.26613736,-0.60551816,758.89864394,-31.58364244,-8.4734163,8.4734163
94259,5,5,2,22,1,662.0,204.70480725,457.29519275,-0.01354813,0.72437048,0.68927778,136.41650408,-0.72437048,822.48014165,-127.12641061,-34.10610418,34.10610418
94284,5,5,2,22,1,662.0,205.74977987,456.25022013,-0.23707061,0.71169228,-0.66128029,135.37277126,-0.71169228,821.24965371,-126.73568129,-34.00127738,34.00127738
94285,5,5,2,22,1,662.0,195.5019278,466.4980722,0.4921273,0.84187772,0.22147828,147.33893613,-0.84187772,833.29494429,-130.57767594,-35.03202677,35.03202677
94311,5,5,2,22,1,662.0,256.22905469,405.77094531,-0.68473022,0.22240342,0.6940326,102.85023681,-0.22240342,761.14852794,-108.15837477,-29.01726542,29.01726542
94317,5,5,2,22,1,662.0,198.18186049,463.81813951,0.23664683,0.80653264,0.54175952,143.75853119,-0.80653264,830.14962145,-129.57077246,-34.76188971,34.76188971
94360,5,5,2,22,1,662.0,200.48488471,461.51511529,0.60161534,0.77691347,-0.18564604,140.97883752,-0.77691347,827.44404244,-128.70670681,-34.53007389,34.53007389
94417,5,5,2,22,1,662.0,187.48647816,474.51352184,-0.23547142,0.9536224,-0.18750342,162.48199321,-0.9536224,842.68313576,-133.59828767,-35.84241147,35.84241147
94443,5,5,2,22,1,662.0,238.34402611,423.65597389,-0.31554276,0.37205351,-0.87293124,111.84231817,-0.37205351,782.59815101,-114.6715338,-30.76464804,30.76464804
94559,5,5,2,22,1,662.0,184.85742636,477.14257364,0.10663467,0.99238494,0.06165366,172.92461248,-0.99238494,845.75629212,-134.59196079,-36.10899903,36.10899903
94581,6,6,2,22,1,662.0,178.78489906,483.21510094,-0.23113456,0.47976857,-0.84640353,118.67028822,-0.47976857,764.05146276,-58.84996559,-15.78856076,15.78856076
94696,5,5,2,22,1,662.0,199.90838991,462.09161009,0.44625105,0.78426373,-0.43103411,141.65263311,-0.78426373,828.12153351,-128.92289363,-34.58807356,34.58807356
94707,5,5,2,22,1,662.0,189.81272964,472.18727036,0.27202723,0.92021972,0.28141937,156.958224,-0.92021972,839.96141532,-132.72025646,-35.6068489,35.6068489
94738,5,5,2,22,1,662.0,192.79307476,469.20692524,-0.08503057,0.87860281,0.46992223,151.47427803,-0.87860281,836.47091607,-131.59699375,-35.30549441,35.30549441
94791,5,5,2,22,1,662.0,220.43961627,441.56038373,-0.72838921,0.5461885,-0.41367533,123.10591933,-0.5461885,803.89633787,-121.26850235,-32.53451549,32.53451549
94795,5,5,2,22,1,662.0,247.02316276,414.97683724,0.72044323,0.29672583,0.62682958,107.26105476,-0.29672583,772.21188702,-111.50104893,-29.91405462,29.91405462
94825,5,5,2,22,1,662.0,208.31599001,453.68400999,-0.66132021,0.6810973,0.31426429,132.92944943,-0.6810973,818.22567187,-125.77715352,-33.7441188,33.7441188
94914,5,5,2,22,1,662.0,240.11485158,421.88514842,0.13180612,0.35624203,-0.92505068,110.86958467,-0.35624203,780.48240238,-114.02317221,-30.59070237,30.59070237
94917,5,5,2,22,1,662.0,188.32143844,473.67856156,0.03362759,0.94153825,0.33522367,160.31151092,-0.94153825,841.70650288,-133.28300678,-35.75782635,35.75782635
94945,5,5,2,22,1,662.0,199.02392254,462.97607746,0.49522412,0.79562339,0.34890757,142.71417611,-0.79562339,829.16065402,-129.25470955,-34.67709478,34.67709478
94959,5,5,2,22,1,662.0,217.67004833,444.32995167,-0.74507695,0.57568318,0.33682222,125.14749,-0.57568318,807.17615668,-122.2955706,-32.81006246,32.81006246
95095,5,5,2,22,1,662.0,223.8344681,438.1655319,0.67483057,0.5110305,-0.53240165,120.73249539,-0.5110305,799.8707719,-120.01193498,-32.19739736,32.19739736
95110,5,5,2,22,1,662.0,236.93484509,425.06515491,-0.61976554,0.38480478,0.68397073,112.63162124,-0.38480478,784.28059238,-115.18802137,-30.90321389,30.90321389
95120,5,5,2,22,1,662.0,215.05715451,446.94284549,-0.42226736,0.60420579,-0.67574081,127.17171256,-0.60420579,810.26694422,-123.26612496,-33.0704476,33.0704476
95137,5,5,2,22,1,662.0,188.61128824,473.38871176,-0.16339276,0.93736835,0.30764164,159.61420012,-0.93736835,841.36740123,-133.17359343,-35.72847239,35.72847239
95174,5,5,2,22,1,662.0,236.01210763,425.98789237,0.58029921,0.39323686,0.71317431,113.15605699,-0.39323686,785.38167906,-115.52647625,-30.99401624,30.99401624
95283,5,5,2,22,1,662.0,243.82070852,418.17929148,-0.45636869,0.32389615,0.82874538,108.89871173,-0.32389615,776.04912479,-112.66877483,-30.22733792,30.22733792
95309,5,5,2,22,1,662.0,205.40401491,456.59598509,0.342404,0.71587302,0.60851074,135.71479171,-0.71587302,821.65685963,-126.86494111,-34.03595585,34.03595585
95370,5,5,2,22,1,662.0,209.66250464,452.33749536,0.51086844,0.66534341,0.54436346,131.70867652,-0.66534341,816.63770662,-125.27478339,-33.60934045,33.60934045
95373,5,5,2,22,1,662.0,185.71348574,476.28651426,-0.07953554,0.97964277,-0.18432077,168.41925465,-0.97964277,844.75595466,-134.26824878,-36.02215196,36.02215196
95388,5,5,2,22,1,662.0,185.05957926,476.94042074,-0.01880012,0.98936533,0.14423177,171.63655266,-0.98936533,845.52009746,-134.51550465,-36.08848699,36.08848699
95435,5,5,2,22,1,662.0,242.99207477,419.00792523,-0.75585356,0.33104308,0.56488572,109.33209853,-0.33104308,777.04107198,-112.97133079,-30.30850914,30.30850914
95536,5,5,2,22,1,662.0,230.91757969,431.08242031,0.21272732,0.44100438,0.87193017,116.16798191,-0.44100438,791.4526814,-117.3987515,-31.49631953,31.49631953
95597,5,5,2,22,1,662.0,186.88756498,475.11243502,0.19395707,0.96235681,0.19039441,164.22923675,-0.96235681,843.38348262,-133.82452634,-35.9031079,35.9031079
95638,5,5,2,22,1,662.0,205.89137712,456.10862288,0.37722427,0.70998424,-0.59466312,135.23363337,-0.70998424,821.08287897,-126.68275449,-33.98707792,33.98707792
95642,5,5,2,22,1,662.0,204.05048416,457.94951584,0.63811049,0.7323752,0.23757432,137.08588713,-0.7323752,823.25036649,-127.37119184,-34.17177531,34.17177531
95669,5,5,2,22,1,662.0,189.19312052,472.80687948,0.35897292,0.92903644,0.08960882,158.28510785,-0.92903644,840.68659166,-132.95401448,-35.66956266,35.66956266
95721,5,5,2,22,1,662.0,199.16861958,462.83138042,0.51787848,0.79375807,-0.31898277,142.53810909,-0.79375807,828.9906806,-129.20041367,-34.66252802,34.66252802
95762,5,5,2,22,1,662.0,191.38966051,470.61033949,-0.43105634,0.89803832,-0.08784987,153.90139961,-0.89803832,838.11504739,-132.12569467,-35.44733692,35.44733692
95791,5,5,2,22,1,662.0,197.92686786,464.07313214,-0.39228107,0.80985448,0.43617804,144.08171631,-0.80985448,830.44903597,-129.66651231,-34.78757527,34.78757527
95794,5,5,2,22,1,662.0,190.26019178,471.73980822,0.19436728,0.91388827,-0.35641211,156.0483365,-0.91388827,839.43761071,-132.55149366,-35.56157238,35.56157238
95810,5,5,2,22,1,662.0,192.77601305,469.22398695,0.39913119,0.8788374,-0.26141753,151.5024356,-0.8788374,836.4909095,-131.60341883,-35.30721816,35.30721816
95934,6,6,2,22,1,662.0,160.1303607,501.8696393,-0.58448671,0.79824332,-0.14554345,142.96267743,-0.79824332,795.69049988,-75.53979861,-20.26619197,20.26619197
95941,5,5,2,22,1,662.0,214.06516002,447.93483998,0.78815958,0.61521685,-0.01768345,127.96767889,-0.61521685,811.43949302,-123.63500057,-33.16941138,33.16941138
95962,5,5,2,22,1,662.0,191.68205285,470.31794715,-0.25285392,0.89396559,-0.36998706,153.37587046,-0.89396559,837.7725754,-132.01550911,-35.41777579,35.41777579
96019,5,5,2,22,1,662.0,201.46209114,460.53790886,-0.5817868,0.76455025,0.27746536,139.86699719,-0.76455025,826.29528886,-128.34041558,-34.43180346,34.43180346
96062,5,5,2,22,1,662.0,196.36809124,465.63190876,-0.07825714,0.83034855,0.55172194,146.1345592,-0.83034855,832.27872142,-130.25207409,-34.94467269,34.94467269
96110,5,5,2,22,1,662.0,184.57298763,477.42701237,-0.02002174,0.99664488,-0.07936061,175.30524491,-0.99664488,846.08859937,-134.69955246,-36.13786425,36.13786425
96207,5,5,2,22,1,662.0,273.54559268,388.45440732,-0.97687574,0.09615587,0.19096556,95.51785113,-0.09615587,740.20023238,-101.92916263,-27.34606148,27.34606148
96236,5,5,2,22,1,662.0,197.77896445,464.22103555,0.52782627,0.81178518,-0.24980844,144.27071633,-0.81178518,830.62269183,-129.72205068,-34.80247538,34.80247538
96238,6,6,2,22,1,662.0,182.24579028,479.75420972,0.05339813,0.93913233,0.33938047,159.90634946,-0.93913233,835.50223569,-124.32951979,-33.35574044,33.35574044
96335,5,5,2,22,1,662.0,220.27556795,441.72443205,0.8017556,0.54791488,-0.23869904,123.22408243,-0.54791488,804.09071657,-121.32928965,-32.55082381,32.55082381
96399,5,5,2,22,1,662.0,196.93438601,465.06561399,-0.5466377,0.82286565,-0.15517522,145.3726936,-0.82286565,831.61413466,-130.03928292,-34.88758402,34.88758402
96441,5,5,2,22,1,662.0,191.20975739,470.79024261,0.38878887,0.90055038,-0.19455647,154.23050721,-0.90055038,838.32574466,-132.19349854,-35.46552767,35.46552767
96496,5,5,2,22,1,662.0,195.52880999,466.47119001,-0.52448216,0.84151836,0.12948095,147.30080383,-0.84151836,833.26340997,-130.56756819,-35.02931501,35.02931501
96524,5,5,2,22,1,662.0,192.93860139,469.06139861,-0.3868821,0.87660363,-0.28616134,151.2353368,-0.87660363,836.30037815,-131.54219397,-35.29079245,35.29079245
96527,5,5,2,22,1,662.0,193.31372133,468.68627867,0.38271132,0.87146428,-0.30672798,150.62924673,-0.87146428,835.86074371,-131.40095867,-35.25290114,35.25290114
96685,5,5,2,22,1,662.0,214.76158746,447.23841254,0.00307234,0.60747592,-0.79433215,127.40721852,-0.60747592,810.61635826,-123.37600927,-33.0999279,33.0999279
96690,5,5,2,22,1,662.0,226.86652773,435.13347227,-0.44676434,0.48051923,-0.75465415,118.7193192,-0.48051923,796.27043066,-118.89188824,-31.89690566,31.89690566
96723,5,5,2,22,1,662.0,187.40263077,474.59736923,0.25697993,0.95484185,0.14912532,162.71562264,-0.95484185,842.7811932,-133.62995643,-35.85090772,35.85090772
96881,5,5,2,22,1,662.0,199.29796543,462.70203457,-0.00598054,0.79209294,0.61037121,142.38153217,-0.79209294,828.83873186,-129.15188195,-34.64950768,34.64950768
96912,5,5,2,22,1,662.0,189.22323872,472.77676128,-0.14367441,0.92860653,-0.34212215,158.21863079,-0.92860653,840.65134591,-132.94265003,-35.66651375,35.66651375
96921,5,5,2,22,1,662.0,217.60914094,444.39085906,0.72428032,0.57634026,-0.37848373,125.19354537,-0.57634026,807.24824237,-122.31817704,-32.81612742,32.81612742
97026,5,5,2,22,1,662.0,200.99451349,461.00548651,0.50362853,0.77045085,0.39085008,140.39439241,-0.77045085,826.8450041,-128.51565441,-34.4788174,34.4788174
97028,5,5,2,22,1,662.0,201.41889462,460.58110538,-0.36706579,0.76509422,0.52904965,139.91537533,-0.76509422,826.34607778,-128.3566028,-34.43614625,34.43614625
97041,6,6,2,22,1,662.0,198.5689408,463.4310592,-0.82633975,0.40187934,-0.39453216,113.69571759,-0.40187934,763.76031769,-71.81787128,-19.26765484,19.26765484
97066,5,5,2,22,1,662.0,221.81264373,440.18735627,0.84504528,0.53183945,0.05518404,122.12982356,-0.53183945,802.26892443,-120.75997406,-32.398085,32.398085
97154,5,5,2,22,1,662.0,186.02674034,475.97325966,-0.21617786,0.97500938,0.05122342,167.16385089,-0.97500938,844.38982565,-134.14983187,-35.99038249,35.99038249
97249,5,5,2,22,1,662.0,188.87108236,473.12891764,-0.28583987,0.93364172,0.21589049,159.00980201,-0.93364172,841.06343108,-133.07554045,-35.70216625,35.70216625
97292,5,5,2,22,1,662.0,235.12396728,426.87603272,0.14617333,0.4014153,-0.90415658,113.66668565,-0.4014153,786.44104811,-115.8524324,-31.08146537,31.08146537
97299,5,5,2,22,1,662.0,284.67341836,377.32658164,0.74739796,0.02313389,0.66397373,91.32559234,-0.02313389,726.63766285,-97.96803408,-26.28335026,26.28335026
97358,5,5,2,22,1,662.0,188.59708224,473.40291776,0.17213437,0.93757242,0.30220474,159.64779331,-0.93757242,841.384022,-133.17895554,-35.72991097,35.72991097
97362,5,5,2,22,1,662.0,192.07721637,469.92278363,-0.04062006,0.88848106,-0.45711204,152.68299347,-0.88848106,837.30966973,-131.86662362,-35.37783205,35.37783205
97397,5,5,2,22,1,662.0,205.21641871,456.78358129,0.30076445,0.71814719,-0.62753914,135.90171979,-0.71814719,821.87776733,-126.93508247,-34.05477372,34.05477372
97442,5,5,2,22,1,662.0,195.15130911,466.84869089,0.53057263,0.84657376,0.04249171,147.84094571,-0.84657376,833.70620997,-130.70952324,-35.06739942,35.06739942
97562,6,6,2,22,1,662.0,171.64936392,490.35063608,0.90900141,0.40041811,0.11567958,113.60431912,-0.40041811,747.46774405,-38.5098078,-10.33160231,10.33160231
97567,5,5,2,22,1,662.0,197.11877935,464.88122065,-0.48996536,0.82043839,-0.29464349,145.12870257,-0.82043839,831.39770469,-129.97000993,-34.86899912,34.86899912
97576,5,5,2,22,1,662.0,238.16034986,423.83965014,0.59057678,0.37370699,0.71523573,111.94441926,-0.37370699,782.81750587,-114.73882719,-30.78270184,30.78270184
97583,6,6,2,22,1,662.0,290.32775294,371.67224706,0.05798694,0.34604846,0.93642297,110.24581102,-0.34604846,809.66236058,-170.25868749,-45.67784543,45.67784543
97714,5,5,2,22,1,662.0,190.76415178,471.23584822,0.05496729,0.90679296,-0.41797742,155.06585753,-0.90679296,838.84756317,-132.36147251,-35.51059256,35.51059256
97784,5,5,2,22,1,662.0,184.8593741,477.1406259,0.07607224,0.99235582,0.09717483,172.9110775,-0.99235582,845.75401648,-134.59122409,-36.10880138,36.10880138
97786,5,5,2,22,1,662.0,214.68269375,447.31730625,0.65469758,0.60835032,-0.44864347,127.47031555,-0.60835032,810.70961775,-123.40534326,-33.10779777,33.10779777
97798,5,5,2,22,1,662.0,213.63742707,448.36257293,-0.33311388,0.61999621,0.71038007,128.31585759,-0.61999621,811.94492972,-123.794122,-33.21210126,33.21210126
97810,5,5,2,22,1,662.0,191.82313238,470.17686762,0.38758883,0.89200493,-0.23259859,153.12627702,-0.89200493,837.60731883,-131.9623509,-35.40351424,35.40351424
97821,5,5,2,22,1,662.0,219.76336906,442.23663094,0.56105832,0.55332164,-0.61566933,123.59519118,-0.55332164,804.69752733,-121.5191218,-32.60175292,32.60175292
97889,5,5,2,22,1,662.0,206.31777157,455.68222843,0.24081178,0.70485496,-0.66722498,134.81782768,-0.70485496,820.58060992,-126.52340149,-33.9443259,33.9443259
97891,5,5,2,22,1,662.0,234.05691349,427.94308651,0.31046859,0.41132334,-0.85698446,114.2879924,-0.41132334,787.71326433,-116.24429896,-31.18659728,31.18659728
97902,5,5,2,22,1,662.0,240.13368563,421.86631437,-0.88931428,0.35607512,0.28693314,110.8593501,-0.35607512,780.45989058,-114.01628045,-30.58885342,30.58885342
97968,5,5,2,22,1,662.0,196.9860032,465.0139968,0.55946724,0.82218573,-0.10491439,145.30419595,-0.82218573,831.55355103,-130.01989062,-34.88238136,34.88238136
98122,5,5,2,22,1,662.0,218.08436565,443.91563435,0.7309627,0.57122323,-0.37335982,124.83556977,-0.57122323,806.68575108,-122.14181447,-32.768812,32.768812
98260,5,5,2,22,1,662.0,199.55427127,462.44572873,0.56172139,0.78879976,-0.24952757,142.07348865,-0.78879976,828.53761451,-129.05572429,-34.62371003,34.62371003
98276,5,5,2,22,1,662.0,202.73371809,459.26628191,-0.62001512,0.74864061,-0.23477326,138.47276041,-0.74864061,824.79976759,-127.86407368,-34.30400809,34.30400809
98289,5,5,2,22,1,662.0,202.17124045,459.82875955,0.12988737,0.75565323,-0.64196376,139.08247999,-0.75565323,825.46137277,-128.07473048,-34.36052414,34.36052414
98310,5,5,2,22,1,662.0,217.595052,444.404948,-0.66666899,0.5764923,-0.47245009,125.20420616,-0.5764923,807.26491677,-122.32340642,-32.81753039,32.81753039
98312,5,5,2,22,1,662.0,192.80222899,469.19777101,-0.29522995,0.87847697,-0.37565608,151.459183,-0.87847697,836.4601888,-131.59354648,-35.30456956,35.30456956
98397,5,5,2,22,1,662.0,223.9059759,438.0940241,-0.52164085,0.51030141,0.6837275,120.68390879,-0.51030141,799.78591607,-119.98549553,-32.19030405,32.19030405
98408,5,5,2,22,1,662.0,191.78397549,470.21602451,-0.44824213,0.89254883,0.04935164,153.19529958,-0.89254883,837.653187,-131.97710465,-35.40747245,35.40747245
98418,5,5,2,22,1,662.0,196.66040768,465.33959232,-0.55746976,0.82648056,0.0784688,145.7388857,-0.82648056,831.93568567,-130.14222461,-34.91520173,34.91520173
98481,5,5,2,22,1,662.0,184.5230611,477.4769389,0.07214175,0.99739397,-0.00091375,175.86265613,-0.99739397,846.1469245,-134.71843936,-36.14293133,36.14293133
98575,5,5,2,22,1,662.0,197.23879232,464.76120768,-0.24717648,0.81886104,0.51804477,144.97094176,-0.81886104,831.25683229,-129.92492729,-34.85690412,34.85690412
98631,5,5,2,22,1,662.0,186.90203107,475.09796893,0.08829821,0.96214518,0.25783732,164.1846845,-0.96214518,843.36656836,-133.81906092,-35.90164161,35.90164161
98707,5,5,2,22,1,662.0,256.06358403,405.93641597,0.28645855,0.22369216,-0.93161329,102.92598436,-0.22369216,761.34782195,-108.21827036,-29.0333345,29.0333345
98778,5,5,2,22,1,662.0,189.56073347,472.43926653,0.36280452,0.92379854,0.12234845,157.48787657,-0.92379854,840.25636626,-132.81531661,-35.63235211,35.63235211
98788,5,5,2,22,1,662.0,220.166534,441.833466,0.8098539,0.54906373,-0.20655671,123.30280489,-0.54906373,804.21990198,-121.36969503,-32.56166397,32.56166397
98835,7,7,2,22,1,662.0,141.21672404,520.78327596,-0.16501537,0.98161241,-0.09595314,168.99556467,-0.98161241,801.07375485,-68.33244256,-18.33256673,18.33256673
98838,5,5,2,22,1,662.0,242.81698953,419.18301047,0.64703765,0.33255943,0.68610969,109.42419617,-0.33255943,777.25061541,-113.03528036,-30.32566585,30.32566585
98846,5,5,2,22,1,662.0,195.98887018,466.01112982,-0.12480283,0.83538367,0.53531147,146.65581004,-0.83538367,832.72368279,-130.3946085,-34.98291253,34.98291253
98941,5,5,2,22,1,662.0,207.23514814,454.76485186,-0.67223962,0.693891,-0.25808753,133.93890975,-0.693891,819.49969964,-126.18069244,-33.85238222,33.85238222
98949,5,5,2,22,1,662.0,187.0691395,474.9308605,0.1319195,0.95970286,0.24812833,163.67910223,-0.95970286,843.17117262,-133.75592894,-35.88470425,35.88470425
99044,5,5,2,22,1,662.0,193.26088505,468.73911495,0.46159468,0.87218696,0.16192671,150.7137815,-0.87218696,835.92267078,-131.42085011,-35.25823772,35.25823772
99153,6,6,2,22,1,662.0,274.34194323,387.65805677,0.66522383,0.52042968,-0.53537857,121.36107767,-0.52042968,838.1780916,-182.7511255,-49.02937868,49.02937868
99204,5,5,2,22,1,662.0,195.92729902,466.07270098,-0.19333884,0.83620303,0.51321008,146.74131408,-0.83620303,832.79592156,-130.41775358,-34.98912201,34.98912201
99231,5,5,2,22,1,662.0,262.84856603,399.15143397,0.58501438,0.17217935,0.79253545,99.91455528,-0.17217935,753.16250744,-105.76800858,-28.37596611,28.37596611
99241,5,5,2,22,1,662.0,216.11122048,445.88877952,0.00966835,0.5926165,0.80542672,126.34290398,-0.5926165,809.02049686,-122.87440951,-32.96535623,32.96535623
99262,5,5,2,22,1,662.0,201.7997149,460.2002851,-0.50941069,0.76030661,-0.40303177,139.49123527,-0.76030661,825.8982931,-128.2139102,-34.39786397,34.39786397
99309,5,5,2,22,1,662.0,185.94505753,476.05494247,-0.14409358,0.97621606,-0.16198534,167.47885309,-0.97621606,844.48529984,-134.18070776,-35.99866602,35.99866602
99312,5,5,2,22,1,662.0,225.84520028,436.15479972,-0.80855943,0.49070523,-0.32471531,119.38694484,-0.49070523,797.48370756,-119.26893095,-31.99806055,31.99806055
99372,5,5,2,22,1,662.0,187.47218254,474.52781746,0.20202985,0.95383023,0.22224272,162.52159732,-0.95383023,842.69985435,-133.60368696,-35.84386002,35.84386002
99390,5,5,2,22,1,662.0,185.53802641,476.46197359,-0.18724406,0.98224484,-0.01160724,169.18704108,-0.98224484,844.96101128,-134.334585,-36.03994897,36.03994897
99421,5,5,2,22,1,662.0,194.08544672,467.91455328,-0.1026223,0.86095369,-0.49822425,149.42383237,-0.86095369,834.95609619,-131.11049199,-35.1749733,35.1749733
99475,5,5,2,22,1,662.0,200.56216278,461.43783722,0.01310363,0.77593139,-0.6306812,140.88955195,-0.77593139,827.35321437,-128.67773279,-34.52230059,34.52230059
99561,5,5,2,22,1,662.0,220.33214225,441.66785775,-0.20192746,0.54731923,-0.81219885,123.1832944,-0.54731923,804.02368395,-121.30832563,-32.54519948,32.54519948
99696,5,5,2,22,1,662.0,202.19507965,459.80492035,-0.52176949,0.75535522,-0.39647835,139.056418,-0.75535522,825.43333529,-128.06580094,-34.35812848,34.35812848
99705,5,5,2,22,1,662.0,203.60684017,458.39315983,-0.61089419,0.73783183,0.28707572,137.54704723,-0.73783183,823.77248013,-127.53721127,-34.21631582,34.21631582
99811,5,5,2,22,1,662.0,229.4850011,432.5149989,-0.44804329,0.45481862,0.76967346,117.0532646,-0.45481862,793.15736791,-117.92633402,-31.63786199,31.63786199
99818,6,6,2,22,1,662.0,219.56658164,442.43341836,-0.59153407,0.71020578,0.38170039,135.25166052,-0.71020578,832.41496523,-144.60799652,-38.79615079,38.79615079
99955,5,5,2,22,1,662.0,214.65598532,447.34401468,-0.79054992,0.60864648,-0.06767787,127.49169881,-0.60864648,810.74118883,-123.41527421,-33.1104621,33.1104621
99981,5,5,2,22,1,662.0,190.0790597,471.9209403,0.12875568,0.91644764,0.37887425,156.41215467,-0.91644764,839.64965676,-132.61980358,-35.5798989,35.5798989
